solid OpenSCAD_Model
  facet normal 0.997278 0.0737332 0
    outer loop
      vertex 104.874 5.15211 15.01
      vertex 104.494 10.2918 0
      vertex 104.494 10.2918 15.01
    endloop
  endfacet
  facet normal 0.997278 0.0737332 0
    outer loop
      vertex 104.494 10.2918 0
      vertex 104.874 5.15211 15.01
      vertex 104.874 5.15211 0
    endloop
  endfacet
  facet normal 0.999806 0.0197187 -0
    outer loop
      vertex 104.877 5 7
      vertex 104.874 5.15211 15.01
      vertex 104.877 5 15.01
    endloop
  endfacet
  facet normal 0.999806 0.0197187 0
    outer loop
      vertex 104.874 5.15211 15.01
      vertex 104.877 5 7
      vertex 104.874 5.15211 0
    endloop
  endfacet
  facet normal 0.999698 0.0245926 -0
    outer loop
      vertex 105 0 0
      vertex 104.877 5 7
      vertex 105 0 7
    endloop
  endfacet
  facet normal 0.999701 0.0244487 0.000102827
    outer loop
      vertex 104.877 5 7
      vertex 105 0 0
      vertex 104.874 5.15211 0
    endloop
  endfacet
  facet normal 0.9925 0.122246 0
    outer loop
      vertex 104.494 10.2918 15.01
      vertex 103.864 15.4067 0
      vertex 103.864 15.4067 15.01
    endloop
  endfacet
  facet normal 0.9925 0.122246 0
    outer loop
      vertex 103.864 15.4067 0
      vertex 104.494 10.2918 15.01
      vertex 104.494 10.2918 0
    endloop
  endfacet
  facet normal -0.757212 -0.653169 0
    outer loop
      vertex -77.7999 -70.5137 0
      vertex -81.1661 -66.6113 15.01
      vertex -81.1661 -66.6113 0
    endloop
  endfacet
  facet normal -0.757212 -0.653169 0
    outer loop
      vertex -81.1661 -66.6113 15.01
      vertex -77.7999 -70.5137 0
      vertex -77.7999 -70.5137 15.01
    endloop
  endfacet
  facet normal -0.0737332 0.997278 0
    outer loop
      vertex -5.15211 104.874 0
      vertex -10.2918 104.494 15.01
      vertex -5.15211 104.874 15.01
    endloop
  endfacet
  facet normal -0.0737332 0.997278 0
    outer loop
      vertex -10.2918 104.494 15.01
      vertex -5.15211 104.874 0
      vertex -10.2918 104.494 0
    endloop
  endfacet
  facet normal -0.575811 0.817583 0
    outer loop
      vertex -58.3349 87.3043 0
      vertex -62.5484 84.3368 15.01
      vertex -58.3349 87.3043 15.01
    endloop
  endfacet
  facet normal -0.575811 0.817583 0
    outer loop
      vertex -62.5484 84.3368 15.01
      vertex -58.3349 87.3043 0
      vertex -62.5484 84.3368 0
    endloop
  endfacet
  facet normal 0.0737332 -0.997278 0
    outer loop
      vertex 5.15211 -104.874 0
      vertex 10.2918 -104.494 15.01
      vertex 5.15211 -104.874 15.01
    endloop
  endfacet
  facet normal 0.0737332 -0.997278 0
    outer loop
      vertex 10.2918 -104.494 15.01
      vertex 5.15211 -104.874 0
      vertex 10.2918 -104.494 0
    endloop
  endfacet
  facet normal -0.94951 0.313735 0
    outer loop
      vertex -100.479 30.4799 0
      vertex -98.8621 35.3734 15.01
      vertex -98.8621 35.3734 0
    endloop
  endfacet
  facet normal -0.94951 0.313735 0
    outer loop
      vertex -98.8621 35.3734 15.01
      vertex -100.479 30.4799 0
      vertex -100.479 30.4799 15.01
    endloop
  endfacet
  facet normal -0.653169 -0.757212 0
    outer loop
      vertex -70.5137 -77.7999 0
      vertex -66.6113 -81.1661 15.01
      vertex -70.5137 -77.7999 15.01
    endloop
  endfacet
  facet normal -0.653169 -0.757212 -0
    outer loop
      vertex -66.6113 -81.1661 15.01
      vertex -70.5137 -77.7999 0
      vertex -66.6113 -81.1661 0
    endloop
  endfacet
  facet normal 0.449618 0.893221 -0
    outer loop
      vertex 49.4967 92.6017 0
      vertex 44.8933 94.9189 15.01
      vertex 49.4967 92.6017 15.01
    endloop
  endfacet
  facet normal 0.449618 0.893221 0
    outer loop
      vertex 44.8933 94.9189 15.01
      vertex 49.4967 92.6017 0
      vertex 44.8933 94.9189 0
    endloop
  endfacet
  facet normal -0.534997 0.844854 0
    outer loop
      vertex -53.9808 90.0615 0
      vertex -58.3349 87.3043 15.01
      vertex -53.9808 90.0615 15.01
    endloop
  endfacet
  facet normal -0.534997 0.844854 0
    outer loop
      vertex -58.3349 87.3043 15.01
      vertex -53.9808 90.0615 0
      vertex -58.3349 87.3043 0
    endloop
  endfacet
  facet normal 0.0244487 0.999701 -0
    outer loop
      vertex 5.15211 104.874 0
      vertex 0 105 15.01
      vertex 5.15211 104.874 15.01
    endloop
  endfacet
  facet normal 0.0244487 0.999701 0
    outer loop
      vertex 0 105 15.01
      vertex 5.15211 104.874 0
      vertex 0 105 0
    endloop
  endfacet
  facet normal 0.985248 -0.171135 0
    outer loop
      vertex 102.982 -20.4845 15.01
      vertex 103.864 -15.4067 0
      vertex 103.864 -15.4067 15.01
    endloop
  endfacet
  facet normal 0.985248 -0.171135 0
    outer loop
      vertex 103.864 -15.4067 0
      vertex 102.982 -20.4845 15.01
      vertex 102.982 -20.4845 0
    endloop
  endfacet
  facet normal 0.975709 0.219071 0
    outer loop
      vertex 102.982 20.4845 15.01
      vertex 101.853 25.5129 0
      vertex 101.853 25.5129 15.01
    endloop
  endfacet
  facet normal 0.975709 0.219071 0
    outer loop
      vertex 101.853 25.5129 0
      vertex 102.982 20.4845 15.01
      vertex 102.982 20.4845 0
    endloop
  endfacet
  facet normal -0.122246 0.9925 0
    outer loop
      vertex -10.2918 104.494 0
      vertex -15.4067 103.864 15.01
      vertex -10.2918 104.494 15.01
    endloop
  endfacet
  facet normal -0.122246 0.9925 0
    outer loop
      vertex -15.4067 103.864 15.01
      vertex -10.2918 104.494 0
      vertex -15.4067 103.864 0
    endloop
  endfacet
  facet normal -0.9925 -0.122246 0
    outer loop
      vertex -103.864 -15.4067 0
      vertex -104.494 -10.2918 15.01
      vertex -104.494 -10.2918 0
    endloop
  endfacet
  facet normal -0.9925 -0.122246 0
    outer loop
      vertex -104.494 -10.2918 15.01
      vertex -103.864 -15.4067 0
      vertex -103.864 -15.4067 15.01
    endloop
  endfacet
  facet normal -0.932993 0.359894 0
    outer loop
      vertex -98.8621 35.3734 0
      vertex -97.0073 40.1818 15.01
      vertex -97.0073 40.1818 0
    endloop
  endfacet
  facet normal -0.932993 0.359894 0
    outer loop
      vertex -97.0073 40.1818 15.01
      vertex -98.8621 35.3734 0
      vertex -98.8621 35.3734 15.01
    endloop
  endfacet
  facet normal -0.870088 -0.492897 0
    outer loop
      vertex -90.0615 -53.9808 0
      vertex -92.6017 -49.4967 15.01
      vertex -92.6017 -49.4967 0
    endloop
  endfacet
  facet normal -0.870088 -0.492897 0
    outer loop
      vertex -92.6017 -49.4967 15.01
      vertex -90.0615 -53.9808 0
      vertex -90.0615 -53.9808 15.01
    endloop
  endfacet
  facet normal -0.985248 -0.171135 0
    outer loop
      vertex -102.982 -20.4845 0
      vertex -103.864 -15.4067 15.01
      vertex -103.864 -15.4067 0
    endloop
  endfacet
  facet normal -0.985248 -0.171135 0
    outer loop
      vertex -103.864 -15.4067 15.01
      vertex -102.982 -20.4845 0
      vertex -102.982 -20.4845 15.01
    endloop
  endfacet
  facet normal -0.689547 -0.724241 0
    outer loop
      vertex -74.2462 -74.2462 0
      vertex -70.5137 -77.7999 15.01
      vertex -74.2462 -74.2462 15.01
    endloop
  endfacet
  facet normal -0.689547 -0.724241 -0
    outer loop
      vertex -70.5137 -77.7999 15.01
      vertex -74.2462 -74.2462 0
      vertex -70.5137 -77.7999 0
    endloop
  endfacet
  facet normal -0.94951 -0.313735 0
    outer loop
      vertex -98.8621 -35.3734 0
      vertex -100.479 -30.4799 15.01
      vertex -100.479 -30.4799 0
    endloop
  endfacet
  facet normal -0.94951 -0.313735 0
    outer loop
      vertex -100.479 -30.4799 15.01
      vertex -98.8621 -35.3734 0
      vertex -98.8621 -35.3734 15.01
    endloop
  endfacet
  facet normal 0.94951 0.313735 0
    outer loop
      vertex 100.479 30.4799 15.01
      vertex 98.8621 35.3734 0
      vertex 98.8621 35.3734 15.01
    endloop
  endfacet
  facet normal 0.94951 0.313735 0
    outer loop
      vertex 98.8621 35.3734 0
      vertex 100.479 30.4799 15.01
      vertex 100.479 30.4799 0
    endloop
  endfacet
  facet normal 0.788348 -0.615229 0
    outer loop
      vertex 81.1661 -66.6113 15.01
      vertex 84.3368 -62.5484 0
      vertex 84.3368 -62.5484 15.01
    endloop
  endfacet
  facet normal 0.788348 -0.615229 0
    outer loop
      vertex 84.3368 -62.5484 0
      vertex 81.1661 -66.6113 15.01
      vertex 81.1661 -66.6113 0
    endloop
  endfacet
  facet normal -0.999701 -0.0244487 0
    outer loop
      vertex -104.874 -5.15211 0
      vertex -105 0 15.01
      vertex -105 0 0
    endloop
  endfacet
  facet normal -0.999701 -0.0244487 0
    outer loop
      vertex -105 0 15.01
      vertex -104.874 -5.15211 0
      vertex -104.874 -5.15211 15.01
    endloop
  endfacet
  facet normal -0.689547 0.724241 0
    outer loop
      vertex -70.5137 77.7999 0
      vertex -74.2462 74.2462 15.01
      vertex -70.5137 77.7999 15.01
    endloop
  endfacet
  facet normal -0.689547 0.724241 0
    outer loop
      vertex -74.2462 74.2462 15.01
      vertex -70.5137 77.7999 0
      vertex -74.2462 74.2462 0
    endloop
  endfacet
  facet normal 0.94951 -0.313735 0
    outer loop
      vertex 98.8621 -35.3734 15.01
      vertex 100.479 -30.4799 0
      vertex 100.479 -30.4799 15.01
    endloop
  endfacet
  facet normal 0.94951 -0.313735 0
    outer loop
      vertex 100.479 -30.4799 0
      vertex 98.8621 -35.3734 15.01
      vertex 98.8621 -35.3734 0
    endloop
  endfacet
  facet normal -0.757212 0.653169 0
    outer loop
      vertex -81.1661 66.6113 0
      vertex -77.7999 70.5137 15.01
      vertex -77.7999 70.5137 0
    endloop
  endfacet
  facet normal -0.757212 0.653169 0
    outer loop
      vertex -77.7999 70.5137 15.01
      vertex -81.1661 66.6113 0
      vertex -81.1661 66.6113 15.01
    endloop
  endfacet
  facet normal 0.844854 0.534997 0
    outer loop
      vertex 90.0615 53.9808 15.01
      vertex 87.3043 58.3349 0
      vertex 87.3043 58.3349 15.01
    endloop
  endfacet
  facet normal 0.844854 0.534997 0
    outer loop
      vertex 87.3043 58.3349 0
      vertex 90.0615 53.9808 15.01
      vertex 90.0615 53.9808 0
    endloop
  endfacet
  facet normal -0.9925 0.122246 0
    outer loop
      vertex -104.494 10.2918 0
      vertex -103.864 15.4067 15.01
      vertex -103.864 15.4067 0
    endloop
  endfacet
  facet normal -0.9925 0.122246 0
    outer loop
      vertex -103.864 15.4067 15.01
      vertex -104.494 10.2918 0
      vertex -104.494 10.2918 15.01
    endloop
  endfacet
  facet normal 0.171135 -0.985248 0
    outer loop
      vertex 15.4067 -103.864 0
      vertex 20.4845 -102.982 15.01
      vertex 15.4067 -103.864 15.01
    endloop
  endfacet
  facet normal 0.171135 -0.985248 0
    outer loop
      vertex 20.4845 -102.982 15.01
      vertex 15.4067 -103.864 0
      vertex 20.4845 -102.982 0
    endloop
  endfacet
  facet normal 0.653169 -0.757212 0
    outer loop
      vertex 66.6113 -81.1661 0
      vertex 70.5137 -77.7999 15.01
      vertex 66.6113 -81.1661 15.01
    endloop
  endfacet
  facet normal 0.653169 -0.757212 0
    outer loop
      vertex 70.5137 -77.7999 15.01
      vertex 66.6113 -81.1661 0
      vertex 70.5137 -77.7999 0
    endloop
  endfacet
  facet normal 0.870088 0.492897 0
    outer loop
      vertex 92.6017 49.4967 15.01
      vertex 90.0615 53.9808 0
      vertex 90.0615 53.9808 15.01
    endloop
  endfacet
  facet normal 0.870088 0.492897 0
    outer loop
      vertex 90.0615 53.9808 0
      vertex 92.6017 49.4967 15.01
      vertex 92.6017 49.4967 0
    endloop
  endfacet
  facet normal 0.788348 0.615229 0
    outer loop
      vertex 84.3368 62.5484 15.01
      vertex 81.1661 66.6113 0
      vertex 81.1661 66.6113 15.01
    endloop
  endfacet
  facet normal 0.788348 0.615229 0
    outer loop
      vertex 81.1661 66.6113 0
      vertex 84.3368 62.5484 15.01
      vertex 84.3368 62.5484 0
    endloop
  endfacet
  facet normal 0.492897 0.870088 -0
    outer loop
      vertex 53.9808 90.0615 0
      vertex 49.4967 92.6017 15.01
      vertex 53.9808 90.0615 15.01
    endloop
  endfacet
  facet normal 0.492897 0.870088 0
    outer loop
      vertex 49.4967 92.6017 15.01
      vertex 53.9808 90.0615 0
      vertex 49.4967 92.6017 0
    endloop
  endfacet
  facet normal 0 0 1
    outer loop
      vertex 92.3546 5 15.01
      vertex 104.874 5.15211 15.01
      vertex 104.494 10.2918 15.01
    endloop
  endfacet
  facet normal 0 0 1
    outer loop
      vertex 92.0546 9.06658 15.01
      vertex 104.494 10.2918 15.01
      vertex 103.864 15.4067 15.01
    endloop
  endfacet
  facet normal 0 0 1
    outer loop
      vertex 91.4988 13.5726 15.01
      vertex 103.864 15.4067 15.01
      vertex 102.982 20.4845 15.01
    endloop
  endfacet
  facet normal 0 0 1
    outer loop
      vertex 90.7226 18.0459 15.01
      vertex 102.982 20.4845 15.01
      vertex 101.853 25.5129 15.01
    endloop
  endfacet
  facet normal 0 0 1
    outer loop
      vertex 89.7279 22.4757 15.01
      vertex 101.853 25.5129 15.01
      vertex 100.479 30.4799 15.01
    endloop
  endfacet
  facet normal 0 0 1
    outer loop
      vertex 88.517 26.8513 15.01
      vertex 100.479 30.4799 15.01
      vertex 98.8621 35.3734 15.01
    endloop
  endfacet
  facet normal 0 0 1
    outer loop
      vertex 87.0928 31.1623 15.01
      vertex 98.8621 35.3734 15.01
      vertex 97.0073 40.1818 15.01
    endloop
  endfacet
  facet normal 0 0 1
    outer loop
      vertex 85.4589 35.3982 15.01
      vertex 97.0073 40.1818 15.01
      vertex 94.9189 44.8933 15.01
    endloop
  endfacet
  facet normal 0 0 1
    outer loop
      vertex 83.619 39.5488 15.01
      vertex 94.9189 44.8933 15.01
      vertex 92.6017 49.4967 15.01
    endloop
  endfacet
  facet normal 0 0 1
    outer loop
      vertex 101.853 25.5129 15.01
      vertex 89.7279 22.4757 15.01
      vertex 90.7226 18.0459 15.01
    endloop
  endfacet
  facet normal 0 0 1
    outer loop
      vertex 104.874 5.15211 15.01
      vertex 92.3546 5 15.01
      vertex 104.877 5 15.01
    endloop
  endfacet
  facet normal 0 -0 1
    outer loop
      vertex 92.3546 5 15.01
      vertex 104.494 10.2918 15.01
      vertex 92.0546 9.06658 15.01
    endloop
  endfacet
  facet normal 0 -0 1
    outer loop
      vertex 92.0546 9.06658 15.01
      vertex 103.864 15.4067 15.01
      vertex 91.4988 13.5726 15.01
    endloop
  endfacet
  facet normal 0 0 1
    outer loop
      vertex 81.5777 43.6042 15.01
      vertex 92.6017 49.4967 15.01
      vertex 90.0615 53.9808 15.01
    endloop
  endfacet
  facet normal 0 0 1
    outer loop
      vertex 102.982 20.4845 15.01
      vertex 90.7226 18.0459 15.01
      vertex 91.4988 13.5726 15.01
    endloop
  endfacet
  facet normal 0 0 1
    outer loop
      vertex 100.479 30.4799 15.01
      vertex 88.517 26.8513 15.01
      vertex 89.7279 22.4757 15.01
    endloop
  endfacet
  facet normal 0 0 1
    outer loop
      vertex 79.3399 47.5545 15.01
      vertex 90.0615 53.9808 15.01
      vertex 87.3043 58.3349 15.01
    endloop
  endfacet
  facet normal 0 0 1
    outer loop
      vertex 98.8621 35.3734 15.01
      vertex 87.0928 31.1623 15.01
      vertex 88.517 26.8513 15.01
    endloop
  endfacet
  facet normal 0 0 1
    outer loop
      vertex 97.0073 40.1818 15.01
      vertex 85.4589 35.3982 15.01
      vertex 87.0928 31.1623 15.01
    endloop
  endfacet
  facet normal 0 0 1
    outer loop
      vertex 76.9109 51.3902 15.01
      vertex 87.3043 58.3349 15.01
      vertex 84.3368 62.5484 15.01
    endloop
  endfacet
  facet normal 0 0 1
    outer loop
      vertex 94.9189 44.8933 15.01
      vertex 83.619 39.5488 15.01
      vertex 85.4589 35.3982 15.01
    endloop
  endfacet
  facet normal 0 0 1
    outer loop
      vertex 92.6017 49.4967 15.01
      vertex 81.5777 43.6042 15.01
      vertex 83.619 39.5488 15.01
    endloop
  endfacet
  facet normal 0 0 1
    outer loop
      vertex 74.2967 55.1022 15.01
      vertex 84.3368 62.5484 15.01
      vertex 81.1661 66.6113 15.01
    endloop
  endfacet
  facet normal 0 0 1
    outer loop
      vertex 90.0615 53.9808 15.01
      vertex 79.3399 47.5545 15.01
      vertex 81.5777 43.6042 15.01
    endloop
  endfacet
  facet normal 0 0 1
    outer loop
      vertex 71.5035 58.6814 15.01
      vertex 81.1661 66.6113 15.01
      vertex 77.7999 70.5137 15.01
    endloop
  endfacet
  facet normal 0 0 1
    outer loop
      vertex 87.3043 58.3349 15.01
      vertex 76.9109 51.3902 15.01
      vertex 79.3399 47.5545 15.01
    endloop
  endfacet
  facet normal 0 0 1
    outer loop
      vertex 84.3368 62.5484 15.01
      vertex 74.2967 55.1022 15.01
      vertex 76.9109 51.3902 15.01
    endloop
  endfacet
  facet normal 0 0 1
    outer loop
      vertex 68.538 62.1192 15.01
      vertex 77.7999 70.5137 15.01
      vertex 74.2462 74.2462 15.01
    endloop
  endfacet
  facet normal 0 0 1
    outer loop
      vertex 81.1661 66.6113 15.01
      vertex 71.5035 58.6814 15.01
      vertex 74.2967 55.1022 15.01
    endloop
  endfacet
  facet normal 0 0 1
    outer loop
      vertex 65.4074 65.4074 15.01
      vertex 74.2462 74.2462 15.01
      vertex 70.5137 77.7999 15.01
    endloop
  endfacet
  facet normal 0 0 1
    outer loop
      vertex 77.7999 70.5137 15.01
      vertex 68.538 62.1192 15.01
      vertex 71.5035 58.6814 15.01
    endloop
  endfacet
  facet normal 0 0 1
    outer loop
      vertex 62.1192 68.538 15.01
      vertex 70.5137 77.7999 15.01
      vertex 66.6113 81.1661 15.01
    endloop
  endfacet
  facet normal 0 0 1
    outer loop
      vertex 74.2462 74.2462 15.01
      vertex 65.4074 65.4074 15.01
      vertex 68.538 62.1192 15.01
    endloop
  endfacet
  facet normal 0 0 1
    outer loop
      vertex 58.6814 71.5035 15.01
      vertex 66.6113 81.1661 15.01
      vertex 62.5484 84.3368 15.01
    endloop
  endfacet
  facet normal 0 0 1
    outer loop
      vertex 70.5137 77.7999 15.01
      vertex 62.1192 68.538 15.01
      vertex 65.4074 65.4074 15.01
    endloop
  endfacet
  facet normal 0 0 1
    outer loop
      vertex 66.6113 81.1661 15.01
      vertex 58.6814 71.5035 15.01
      vertex 62.1192 68.538 15.01
    endloop
  endfacet
  facet normal 0 0 1
    outer loop
      vertex 55.1022 74.2967 15.01
      vertex 62.5484 84.3368 15.01
      vertex 58.3349 87.3043 15.01
    endloop
  endfacet
  facet normal 0 0 1
    outer loop
      vertex 62.5484 84.3368 15.01
      vertex 55.1022 74.2967 15.01
      vertex 58.6814 71.5035 15.01
    endloop
  endfacet
  facet normal 0 0 1
    outer loop
      vertex 51.3902 76.9109 15.01
      vertex 58.3349 87.3043 15.01
      vertex 53.9808 90.0615 15.01
    endloop
  endfacet
  facet normal 0 0 1
    outer loop
      vertex 58.3349 87.3043 15.01
      vertex 51.3902 76.9109 15.01
      vertex 55.1022 74.2967 15.01
    endloop
  endfacet
  facet normal 0 0 1
    outer loop
      vertex 47.5545 79.3399 15.01
      vertex 53.9808 90.0615 15.01
      vertex 49.4967 92.6017 15.01
    endloop
  endfacet
  facet normal 0 0 1
    outer loop
      vertex 53.9808 90.0615 15.01
      vertex 47.5545 79.3399 15.01
      vertex 51.3902 76.9109 15.01
    endloop
  endfacet
  facet normal 0 0 1
    outer loop
      vertex 43.6042 81.5777 15.01
      vertex 49.4967 92.6017 15.01
      vertex 44.8933 94.9189 15.01
    endloop
  endfacet
  facet normal 0 0 1
    outer loop
      vertex 49.4967 92.6017 15.01
      vertex 43.6042 81.5777 15.01
      vertex 47.5545 79.3399 15.01
    endloop
  endfacet
  facet normal 0 0 1
    outer loop
      vertex 39.5488 83.619 15.01
      vertex 44.8933 94.9189 15.01
      vertex 40.1818 97.0073 15.01
    endloop
  endfacet
  facet normal 0 0 1
    outer loop
      vertex 44.8933 94.9189 15.01
      vertex 39.5488 83.619 15.01
      vertex 43.6042 81.5777 15.01
    endloop
  endfacet
  facet normal 0 0 1
    outer loop
      vertex 40.1818 97.0073 15.01
      vertex 35.3982 85.4589 15.01
      vertex 39.5488 83.619 15.01
    endloop
  endfacet
  facet normal 0 0 1
    outer loop
      vertex 35.3734 98.8621 15.01
      vertex 35.3982 85.4589 15.01
      vertex 40.1818 97.0073 15.01
    endloop
  endfacet
  facet normal 0 0 1
    outer loop
      vertex 35.3734 98.8621 15.01
      vertex 31.1623 87.0928 15.01
      vertex 35.3982 85.4589 15.01
    endloop
  endfacet
  facet normal 0 0 1
    outer loop
      vertex 30.4799 100.479 15.01
      vertex 31.1623 87.0928 15.01
      vertex 35.3734 98.8621 15.01
    endloop
  endfacet
  facet normal 0 0 1
    outer loop
      vertex 30.4799 100.479 15.01
      vertex 26.8513 88.517 15.01
      vertex 31.1623 87.0928 15.01
    endloop
  endfacet
  facet normal 0 0 1
    outer loop
      vertex 25.5129 101.853 15.01
      vertex 26.8513 88.517 15.01
      vertex 30.4799 100.479 15.01
    endloop
  endfacet
  facet normal 0 0 1
    outer loop
      vertex 25.5129 101.853 15.01
      vertex 22.4757 89.7279 15.01
      vertex 26.8513 88.517 15.01
    endloop
  endfacet
  facet normal 0 0 1
    outer loop
      vertex 20.4845 102.982 15.01
      vertex 22.4757 89.7279 15.01
      vertex 25.5129 101.853 15.01
    endloop
  endfacet
  facet normal 0 0 1
    outer loop
      vertex 20.4845 102.982 15.01
      vertex 18.0459 90.7226 15.01
      vertex 22.4757 89.7279 15.01
    endloop
  endfacet
  facet normal 0 0 1
    outer loop
      vertex 15.4067 103.864 15.01
      vertex 18.0459 90.7226 15.01
      vertex 20.4845 102.982 15.01
    endloop
  endfacet
  facet normal 0 0 1
    outer loop
      vertex 15.4067 103.864 15.01
      vertex 13.5726 91.4988 15.01
      vertex 18.0459 90.7226 15.01
    endloop
  endfacet
  facet normal 0 0 1
    outer loop
      vertex 10.2918 104.494 15.01
      vertex 13.5726 91.4988 15.01
      vertex 15.4067 103.864 15.01
    endloop
  endfacet
  facet normal 0 0 1
    outer loop
      vertex 10.2918 104.494 15.01
      vertex 9.06658 92.0546 15.01
      vertex 13.5726 91.4988 15.01
    endloop
  endfacet
  facet normal 0 0 1
    outer loop
      vertex 5.15211 104.874 15.01
      vertex 9.06658 92.0546 15.01
      vertex 10.2918 104.494 15.01
    endloop
  endfacet
  facet normal 0 0 1
    outer loop
      vertex 5.15211 104.874 15.01
      vertex 4.53876 92.3886 15.01
      vertex 9.06658 92.0546 15.01
    endloop
  endfacet
  facet normal 0 0 1
    outer loop
      vertex 0 105 15.01
      vertex 4.53876 92.3886 15.01
      vertex 5.15211 104.874 15.01
    endloop
  endfacet
  facet normal 0 0 1
    outer loop
      vertex 0 105 15.01
      vertex 0 92.5 15.01
      vertex 4.53876 92.3886 15.01
    endloop
  endfacet
  facet normal 0 0 1
    outer loop
      vertex 0 105 15.01
      vertex -4.53876 92.3886 15.01
      vertex 0 92.5 15.01
    endloop
  endfacet
  facet normal -0 0 1
    outer loop
      vertex -5.15211 104.874 15.01
      vertex -4.53876 92.3886 15.01
      vertex 0 105 15.01
    endloop
  endfacet
  facet normal 0 0 1
    outer loop
      vertex -5.15211 104.874 15.01
      vertex -9.06658 92.0546 15.01
      vertex -4.53876 92.3886 15.01
    endloop
  endfacet
  facet normal -0 0 1
    outer loop
      vertex -10.2918 104.494 15.01
      vertex -9.06658 92.0546 15.01
      vertex -5.15211 104.874 15.01
    endloop
  endfacet
  facet normal 0 0 1
    outer loop
      vertex -10.2918 104.494 15.01
      vertex -13.5726 91.4988 15.01
      vertex -9.06658 92.0546 15.01
    endloop
  endfacet
  facet normal -0 0 1
    outer loop
      vertex -15.4067 103.864 15.01
      vertex -13.5726 91.4988 15.01
      vertex -10.2918 104.494 15.01
    endloop
  endfacet
  facet normal 0 0 1
    outer loop
      vertex -15.4067 103.864 15.01
      vertex -18.0459 90.7226 15.01
      vertex -13.5726 91.4988 15.01
    endloop
  endfacet
  facet normal -0 0 1
    outer loop
      vertex -20.4845 102.982 15.01
      vertex -18.0459 90.7226 15.01
      vertex -15.4067 103.864 15.01
    endloop
  endfacet
  facet normal 0 0 1
    outer loop
      vertex -20.4845 102.982 15.01
      vertex -22.4757 89.7279 15.01
      vertex -18.0459 90.7226 15.01
    endloop
  endfacet
  facet normal -0 0 1
    outer loop
      vertex -25.5129 101.853 15.01
      vertex -22.4757 89.7279 15.01
      vertex -20.4845 102.982 15.01
    endloop
  endfacet
  facet normal 0 0 1
    outer loop
      vertex -25.5129 101.853 15.01
      vertex -26.8513 88.517 15.01
      vertex -22.4757 89.7279 15.01
    endloop
  endfacet
  facet normal -0 0 1
    outer loop
      vertex -30.4799 100.479 15.01
      vertex -26.8513 88.517 15.01
      vertex -25.5129 101.853 15.01
    endloop
  endfacet
  facet normal 0 0 1
    outer loop
      vertex -30.4799 100.479 15.01
      vertex -31.1623 87.0928 15.01
      vertex -26.8513 88.517 15.01
    endloop
  endfacet
  facet normal -0 0 1
    outer loop
      vertex -35.3734 98.8621 15.01
      vertex -31.1623 87.0928 15.01
      vertex -30.4799 100.479 15.01
    endloop
  endfacet
  facet normal 0 0 1
    outer loop
      vertex -35.3734 98.8621 15.01
      vertex -35.3982 85.4589 15.01
      vertex -31.1623 87.0928 15.01
    endloop
  endfacet
  facet normal -0 0 1
    outer loop
      vertex -40.1818 97.0073 15.01
      vertex -35.3982 85.4589 15.01
      vertex -35.3734 98.8621 15.01
    endloop
  endfacet
  facet normal 0 0 1
    outer loop
      vertex -35.3982 85.4589 15.01
      vertex -40.1818 97.0073 15.01
      vertex -39.5488 83.619 15.01
    endloop
  endfacet
  facet normal -0 0 1
    outer loop
      vertex -44.8933 94.9189 15.01
      vertex -39.5488 83.619 15.01
      vertex -40.1818 97.0073 15.01
    endloop
  endfacet
  facet normal 0 0 1
    outer loop
      vertex -39.5488 83.619 15.01
      vertex -44.8933 94.9189 15.01
      vertex -43.6042 81.5777 15.01
    endloop
  endfacet
  facet normal -0 0 1
    outer loop
      vertex -49.4967 92.6017 15.01
      vertex -43.6042 81.5777 15.01
      vertex -44.8933 94.9189 15.01
    endloop
  endfacet
  facet normal 0 0 1
    outer loop
      vertex -43.6042 81.5777 15.01
      vertex -49.4967 92.6017 15.01
      vertex -47.5545 79.3399 15.01
    endloop
  endfacet
  facet normal -0 0 1
    outer loop
      vertex -53.9808 90.0615 15.01
      vertex -47.5545 79.3399 15.01
      vertex -49.4967 92.6017 15.01
    endloop
  endfacet
  facet normal 0 0 1
    outer loop
      vertex -47.5545 79.3399 15.01
      vertex -53.9808 90.0615 15.01
      vertex -51.3902 76.9109 15.01
    endloop
  endfacet
  facet normal -0 0 1
    outer loop
      vertex -58.3349 87.3043 15.01
      vertex -51.3902 76.9109 15.01
      vertex -53.9808 90.0615 15.01
    endloop
  endfacet
  facet normal 0 0 1
    outer loop
      vertex -51.3902 76.9109 15.01
      vertex -58.3349 87.3043 15.01
      vertex -55.1022 74.2967 15.01
    endloop
  endfacet
  facet normal -0 0 1
    outer loop
      vertex -62.5484 84.3368 15.01
      vertex -55.1022 74.2967 15.01
      vertex -58.3349 87.3043 15.01
    endloop
  endfacet
  facet normal 0 0 1
    outer loop
      vertex -55.1022 74.2967 15.01
      vertex -62.5484 84.3368 15.01
      vertex -58.6814 71.5035 15.01
    endloop
  endfacet
  facet normal -0 0 1
    outer loop
      vertex -66.6113 81.1661 15.01
      vertex -58.6814 71.5035 15.01
      vertex -62.5484 84.3368 15.01
    endloop
  endfacet
  facet normal 0 0 1
    outer loop
      vertex -58.6814 71.5035 15.01
      vertex -66.6113 81.1661 15.01
      vertex -62.1192 68.538 15.01
    endloop
  endfacet
  facet normal -0 0 1
    outer loop
      vertex -70.5137 77.7999 15.01
      vertex -62.1192 68.538 15.01
      vertex -66.6113 81.1661 15.01
    endloop
  endfacet
  facet normal 0 0 1
    outer loop
      vertex -62.1192 68.538 15.01
      vertex -70.5137 77.7999 15.01
      vertex -65.4074 65.4074 15.01
    endloop
  endfacet
  facet normal -0 0 1
    outer loop
      vertex -74.2462 74.2462 15.01
      vertex -65.4074 65.4074 15.01
      vertex -70.5137 77.7999 15.01
    endloop
  endfacet
  facet normal 0 0 1
    outer loop
      vertex -65.4074 65.4074 15.01
      vertex -74.2462 74.2462 15.01
      vertex -68.538 62.1192 15.01
    endloop
  endfacet
  facet normal -0 0 1
    outer loop
      vertex -77.7999 70.5137 15.01
      vertex -68.538 62.1192 15.01
      vertex -74.2462 74.2462 15.01
    endloop
  endfacet
  facet normal 0 0 1
    outer loop
      vertex -68.538 62.1192 15.01
      vertex -77.7999 70.5137 15.01
      vertex -71.5035 58.6814 15.01
    endloop
  endfacet
  facet normal -0 0 1
    outer loop
      vertex -81.1661 66.6113 15.01
      vertex -71.5035 58.6814 15.01
      vertex -77.7999 70.5137 15.01
    endloop
  endfacet
  facet normal 0 0 1
    outer loop
      vertex -71.5035 58.6814 15.01
      vertex -81.1661 66.6113 15.01
      vertex -74.2967 55.1022 15.01
    endloop
  endfacet
  facet normal -0 0 1
    outer loop
      vertex -84.3368 62.5484 15.01
      vertex -74.2967 55.1022 15.01
      vertex -81.1661 66.6113 15.01
    endloop
  endfacet
  facet normal 0 0 1
    outer loop
      vertex -74.2967 55.1022 15.01
      vertex -84.3368 62.5484 15.01
      vertex -76.9109 51.3902 15.01
    endloop
  endfacet
  facet normal -0 0 1
    outer loop
      vertex -87.3043 58.3349 15.01
      vertex -76.9109 51.3902 15.01
      vertex -84.3368 62.5484 15.01
    endloop
  endfacet
  facet normal 0 0 1
    outer loop
      vertex -76.9109 51.3902 15.01
      vertex -87.3043 58.3349 15.01
      vertex -79.3399 47.5545 15.01
    endloop
  endfacet
  facet normal -0 0 1
    outer loop
      vertex -90.0615 53.9808 15.01
      vertex -79.3399 47.5545 15.01
      vertex -87.3043 58.3349 15.01
    endloop
  endfacet
  facet normal 0 0 1
    outer loop
      vertex -79.3399 47.5545 15.01
      vertex -90.0615 53.9808 15.01
      vertex -81.5777 43.6042 15.01
    endloop
  endfacet
  facet normal -0 0 1
    outer loop
      vertex -92.6017 49.4967 15.01
      vertex -81.5777 43.6042 15.01
      vertex -90.0615 53.9808 15.01
    endloop
  endfacet
  facet normal 0 0 1
    outer loop
      vertex -81.5777 43.6042 15.01
      vertex -92.6017 49.4967 15.01
      vertex -83.619 39.5488 15.01
    endloop
  endfacet
  facet normal -0 0 1
    outer loop
      vertex -94.9189 44.8933 15.01
      vertex -83.619 39.5488 15.01
      vertex -92.6017 49.4967 15.01
    endloop
  endfacet
  facet normal 0 0 1
    outer loop
      vertex -83.619 39.5488 15.01
      vertex -94.9189 44.8933 15.01
      vertex -85.4589 35.3982 15.01
    endloop
  endfacet
  facet normal -0 0 1
    outer loop
      vertex -97.0073 40.1818 15.01
      vertex -85.4589 35.3982 15.01
      vertex -94.9189 44.8933 15.01
    endloop
  endfacet
  facet normal 0 0 1
    outer loop
      vertex -85.4589 35.3982 15.01
      vertex -97.0073 40.1818 15.01
      vertex -87.0928 31.1623 15.01
    endloop
  endfacet
  facet normal -0 0 1
    outer loop
      vertex -98.8621 35.3734 15.01
      vertex -87.0928 31.1623 15.01
      vertex -97.0073 40.1818 15.01
    endloop
  endfacet
  facet normal 0 0 1
    outer loop
      vertex -87.0928 31.1623 15.01
      vertex -98.8621 35.3734 15.01
      vertex -88.517 26.8513 15.01
    endloop
  endfacet
  facet normal -0 0 1
    outer loop
      vertex -100.479 30.4799 15.01
      vertex -88.517 26.8513 15.01
      vertex -98.8621 35.3734 15.01
    endloop
  endfacet
  facet normal -0 0 1
    outer loop
      vertex -101.853 25.5129 15.01
      vertex -89.7279 22.4757 15.01
      vertex -100.479 30.4799 15.01
    endloop
  endfacet
  facet normal 0 0 1
    outer loop
      vertex -88.517 26.8513 15.01
      vertex -100.479 30.4799 15.01
      vertex -89.7279 22.4757 15.01
    endloop
  endfacet
  facet normal -0 0 1
    outer loop
      vertex 92.3546 -5 15.01
      vertex 104.874 -5.15211 15.01
      vertex 104.877 -5 15.01
    endloop
  endfacet
  facet normal 0 0 1
    outer loop
      vertex 104.874 -5.15211 15.01
      vertex 92.3546 -5 15.01
      vertex 104.494 -10.2918 15.01
    endloop
  endfacet
  facet normal 0 0 1
    outer loop
      vertex 104.494 -10.2918 15.01
      vertex 92.0546 -9.06658 15.01
      vertex 103.864 -15.4067 15.01
    endloop
  endfacet
  facet normal 0 0 1
    outer loop
      vertex 103.864 -15.4067 15.01
      vertex 91.4988 -13.5726 15.01
      vertex 102.982 -20.4845 15.01
    endloop
  endfacet
  facet normal -0 0 1
    outer loop
      vertex 90.7226 -18.0459 15.01
      vertex 102.982 -20.4845 15.01
      vertex 91.4988 -13.5726 15.01
    endloop
  endfacet
  facet normal -0 0 1
    outer loop
      vertex 89.7279 -22.4757 15.01
      vertex 101.853 -25.5129 15.01
      vertex 90.7226 -18.0459 15.01
    endloop
  endfacet
  facet normal 0 0 1
    outer loop
      vertex 101.853 -25.5129 15.01
      vertex 89.7279 -22.4757 15.01
      vertex 100.479 -30.4799 15.01
    endloop
  endfacet
  facet normal 0 0 1
    outer loop
      vertex 100.479 -30.4799 15.01
      vertex 88.517 -26.8513 15.01
      vertex 98.8621 -35.3734 15.01
    endloop
  endfacet
  facet normal -0 0 1
    outer loop
      vertex 87.0928 -31.1623 15.01
      vertex 98.8621 -35.3734 15.01
      vertex 88.517 -26.8513 15.01
    endloop
  endfacet
  facet normal 0 0 1
    outer loop
      vertex 104.494 -10.2918 15.01
      vertex 92.3546 -5 15.01
      vertex 92.0546 -9.06658 15.01
    endloop
  endfacet
  facet normal 0 0 1
    outer loop
      vertex 103.864 -15.4067 15.01
      vertex 92.0546 -9.06658 15.01
      vertex 91.4988 -13.5726 15.01
    endloop
  endfacet
  facet normal 0 0 1
    outer loop
      vertex 102.982 -20.4845 15.01
      vertex 90.7226 -18.0459 15.01
      vertex 101.853 -25.5129 15.01
    endloop
  endfacet
  facet normal -0 0 1
    outer loop
      vertex 88.517 -26.8513 15.01
      vertex 100.479 -30.4799 15.01
      vertex 89.7279 -22.4757 15.01
    endloop
  endfacet
  facet normal 0 0 1
    outer loop
      vertex 98.8621 -35.3734 15.01
      vertex 87.0928 -31.1623 15.01
      vertex 97.0073 -40.1818 15.01
    endloop
  endfacet
  facet normal -0 0 1
    outer loop
      vertex 85.4589 -35.3982 15.01
      vertex 97.0073 -40.1818 15.01
      vertex 87.0928 -31.1623 15.01
    endloop
  endfacet
  facet normal 0 0 1
    outer loop
      vertex 97.0073 -40.1818 15.01
      vertex 85.4589 -35.3982 15.01
      vertex 94.9189 -44.8933 15.01
    endloop
  endfacet
  facet normal -0 0 1
    outer loop
      vertex 83.619 -39.5488 15.01
      vertex 94.9189 -44.8933 15.01
      vertex 85.4589 -35.3982 15.01
    endloop
  endfacet
  facet normal 0 0 1
    outer loop
      vertex 94.9189 -44.8933 15.01
      vertex 83.619 -39.5488 15.01
      vertex 92.6017 -49.4967 15.01
    endloop
  endfacet
  facet normal -0 0 1
    outer loop
      vertex 81.5777 -43.6042 15.01
      vertex 92.6017 -49.4967 15.01
      vertex 83.619 -39.5488 15.01
    endloop
  endfacet
  facet normal 0 0 1
    outer loop
      vertex 92.6017 -49.4967 15.01
      vertex 81.5777 -43.6042 15.01
      vertex 90.0615 -53.9808 15.01
    endloop
  endfacet
  facet normal -0 0 1
    outer loop
      vertex 79.3399 -47.5545 15.01
      vertex 90.0615 -53.9808 15.01
      vertex 81.5777 -43.6042 15.01
    endloop
  endfacet
  facet normal 0 0 1
    outer loop
      vertex 90.0615 -53.9808 15.01
      vertex 79.3399 -47.5545 15.01
      vertex 87.3043 -58.3349 15.01
    endloop
  endfacet
  facet normal -0 0 1
    outer loop
      vertex 76.9109 -51.3902 15.01
      vertex 87.3043 -58.3349 15.01
      vertex 79.3399 -47.5545 15.01
    endloop
  endfacet
  facet normal 0 0 1
    outer loop
      vertex 87.3043 -58.3349 15.01
      vertex 76.9109 -51.3902 15.01
      vertex 84.3368 -62.5484 15.01
    endloop
  endfacet
  facet normal -0 0 1
    outer loop
      vertex 74.2967 -55.1022 15.01
      vertex 84.3368 -62.5484 15.01
      vertex 76.9109 -51.3902 15.01
    endloop
  endfacet
  facet normal 0 0 1
    outer loop
      vertex 84.3368 -62.5484 15.01
      vertex 74.2967 -55.1022 15.01
      vertex 81.1661 -66.6113 15.01
    endloop
  endfacet
  facet normal -0 0 1
    outer loop
      vertex 71.5035 -58.6814 15.01
      vertex 81.1661 -66.6113 15.01
      vertex 74.2967 -55.1022 15.01
    endloop
  endfacet
  facet normal 0 0 1
    outer loop
      vertex 81.1661 -66.6113 15.01
      vertex 71.5035 -58.6814 15.01
      vertex 77.7999 -70.5137 15.01
    endloop
  endfacet
  facet normal -0 0 1
    outer loop
      vertex 68.538 -62.1192 15.01
      vertex 77.7999 -70.5137 15.01
      vertex 71.5035 -58.6814 15.01
    endloop
  endfacet
  facet normal 0 0 1
    outer loop
      vertex 77.7999 -70.5137 15.01
      vertex 68.538 -62.1192 15.01
      vertex 74.2462 -74.2462 15.01
    endloop
  endfacet
  facet normal -0 0 1
    outer loop
      vertex 65.4074 -65.4074 15.01
      vertex 74.2462 -74.2462 15.01
      vertex 68.538 -62.1192 15.01
    endloop
  endfacet
  facet normal 0 0 1
    outer loop
      vertex 74.2462 -74.2462 15.01
      vertex 65.4074 -65.4074 15.01
      vertex 70.5137 -77.7999 15.01
    endloop
  endfacet
  facet normal -0 0 1
    outer loop
      vertex 62.1192 -68.538 15.01
      vertex 70.5137 -77.7999 15.01
      vertex 65.4074 -65.4074 15.01
    endloop
  endfacet
  facet normal 0 0 1
    outer loop
      vertex 70.5137 -77.7999 15.01
      vertex 62.1192 -68.538 15.01
      vertex 66.6113 -81.1661 15.01
    endloop
  endfacet
  facet normal -0 0 1
    outer loop
      vertex 58.6814 -71.5035 15.01
      vertex 66.6113 -81.1661 15.01
      vertex 62.1192 -68.538 15.01
    endloop
  endfacet
  facet normal 0 0 1
    outer loop
      vertex 66.6113 -81.1661 15.01
      vertex 58.6814 -71.5035 15.01
      vertex 62.5484 -84.3368 15.01
    endloop
  endfacet
  facet normal -0 0 1
    outer loop
      vertex 55.1022 -74.2967 15.01
      vertex 62.5484 -84.3368 15.01
      vertex 58.6814 -71.5035 15.01
    endloop
  endfacet
  facet normal 0 0 1
    outer loop
      vertex 62.5484 -84.3368 15.01
      vertex 55.1022 -74.2967 15.01
      vertex 58.3349 -87.3043 15.01
    endloop
  endfacet
  facet normal -0 0 1
    outer loop
      vertex 51.3902 -76.9109 15.01
      vertex 58.3349 -87.3043 15.01
      vertex 55.1022 -74.2967 15.01
    endloop
  endfacet
  facet normal 0 0 1
    outer loop
      vertex 58.3349 -87.3043 15.01
      vertex 51.3902 -76.9109 15.01
      vertex 53.9808 -90.0615 15.01
    endloop
  endfacet
  facet normal -0 0 1
    outer loop
      vertex 47.5545 -79.3399 15.01
      vertex 53.9808 -90.0615 15.01
      vertex 51.3902 -76.9109 15.01
    endloop
  endfacet
  facet normal 0 0 1
    outer loop
      vertex 53.9808 -90.0615 15.01
      vertex 47.5545 -79.3399 15.01
      vertex 49.4967 -92.6017 15.01
    endloop
  endfacet
  facet normal -0 0 1
    outer loop
      vertex 43.6042 -81.5777 15.01
      vertex 49.4967 -92.6017 15.01
      vertex 47.5545 -79.3399 15.01
    endloop
  endfacet
  facet normal 0 0 1
    outer loop
      vertex 49.4967 -92.6017 15.01
      vertex 43.6042 -81.5777 15.01
      vertex 44.8933 -94.9189 15.01
    endloop
  endfacet
  facet normal -0 0 1
    outer loop
      vertex 39.5488 -83.619 15.01
      vertex 44.8933 -94.9189 15.01
      vertex 43.6042 -81.5777 15.01
    endloop
  endfacet
  facet normal 0 0 1
    outer loop
      vertex 44.8933 -94.9189 15.01
      vertex 39.5488 -83.619 15.01
      vertex 40.1818 -97.0073 15.01
    endloop
  endfacet
  facet normal -0 0 1
    outer loop
      vertex 35.3982 -85.4589 15.01
      vertex 40.1818 -97.0073 15.01
      vertex 39.5488 -83.619 15.01
    endloop
  endfacet
  facet normal 0 0 1
    outer loop
      vertex 35.3982 -85.4589 15.01
      vertex 35.3734 -98.8621 15.01
      vertex 40.1818 -97.0073 15.01
    endloop
  endfacet
  facet normal -0 0 1
    outer loop
      vertex 31.1623 -87.0928 15.01
      vertex 35.3734 -98.8621 15.01
      vertex 35.3982 -85.4589 15.01
    endloop
  endfacet
  facet normal 0 0 1
    outer loop
      vertex 31.1623 -87.0928 15.01
      vertex 30.4799 -100.479 15.01
      vertex 35.3734 -98.8621 15.01
    endloop
  endfacet
  facet normal -0 0 1
    outer loop
      vertex 26.8513 -88.517 15.01
      vertex 30.4799 -100.479 15.01
      vertex 31.1623 -87.0928 15.01
    endloop
  endfacet
  facet normal 0 0 1
    outer loop
      vertex 26.8513 -88.517 15.01
      vertex 25.5129 -101.853 15.01
      vertex 30.4799 -100.479 15.01
    endloop
  endfacet
  facet normal -0 0 1
    outer loop
      vertex 22.4757 -89.7279 15.01
      vertex 25.5129 -101.853 15.01
      vertex 26.8513 -88.517 15.01
    endloop
  endfacet
  facet normal 0 0 1
    outer loop
      vertex 22.4757 -89.7279 15.01
      vertex 20.4845 -102.982 15.01
      vertex 25.5129 -101.853 15.01
    endloop
  endfacet
  facet normal -0 0 1
    outer loop
      vertex 18.0459 -90.7226 15.01
      vertex 20.4845 -102.982 15.01
      vertex 22.4757 -89.7279 15.01
    endloop
  endfacet
  facet normal 0 0 1
    outer loop
      vertex 18.0459 -90.7226 15.01
      vertex 15.4067 -103.864 15.01
      vertex 20.4845 -102.982 15.01
    endloop
  endfacet
  facet normal -0 0 1
    outer loop
      vertex 13.5726 -91.4988 15.01
      vertex 15.4067 -103.864 15.01
      vertex 18.0459 -90.7226 15.01
    endloop
  endfacet
  facet normal 0 0 1
    outer loop
      vertex 13.5726 -91.4988 15.01
      vertex 10.2918 -104.494 15.01
      vertex 15.4067 -103.864 15.01
    endloop
  endfacet
  facet normal -0 0 1
    outer loop
      vertex 9.06658 -92.0546 15.01
      vertex 10.2918 -104.494 15.01
      vertex 13.5726 -91.4988 15.01
    endloop
  endfacet
  facet normal 0 0 1
    outer loop
      vertex 9.06658 -92.0546 15.01
      vertex 5.15211 -104.874 15.01
      vertex 10.2918 -104.494 15.01
    endloop
  endfacet
  facet normal -0 0 1
    outer loop
      vertex 4.53876 -92.3886 15.01
      vertex 5.15211 -104.874 15.01
      vertex 9.06658 -92.0546 15.01
    endloop
  endfacet
  facet normal -0 0 1
    outer loop
      vertex 0 -92.5 15.01
      vertex 5.15211 -104.874 15.01
      vertex 4.53876 -92.3886 15.01
    endloop
  endfacet
  facet normal 0 0 1
    outer loop
      vertex 0 -92.5 15.01
      vertex 0 -105 15.01
      vertex 5.15211 -104.874 15.01
    endloop
  endfacet
  facet normal 0 0 1
    outer loop
      vertex -4.53876 -92.3886 15.01
      vertex 0 -105 15.01
      vertex 0 -92.5 15.01
    endloop
  endfacet
  facet normal 0 0 1
    outer loop
      vertex -4.53876 -92.3886 15.01
      vertex -5.15211 -104.874 15.01
      vertex 0 -105 15.01
    endloop
  endfacet
  facet normal 0 0 1
    outer loop
      vertex -9.06658 -92.0546 15.01
      vertex -5.15211 -104.874 15.01
      vertex -4.53876 -92.3886 15.01
    endloop
  endfacet
  facet normal 0 0 1
    outer loop
      vertex -9.06658 -92.0546 15.01
      vertex -10.2918 -104.494 15.01
      vertex -5.15211 -104.874 15.01
    endloop
  endfacet
  facet normal 0 0 1
    outer loop
      vertex -13.5726 -91.4988 15.01
      vertex -10.2918 -104.494 15.01
      vertex -9.06658 -92.0546 15.01
    endloop
  endfacet
  facet normal 0 0 1
    outer loop
      vertex -13.5726 -91.4988 15.01
      vertex -15.4067 -103.864 15.01
      vertex -10.2918 -104.494 15.01
    endloop
  endfacet
  facet normal 0 0 1
    outer loop
      vertex -18.0459 -90.7226 15.01
      vertex -15.4067 -103.864 15.01
      vertex -13.5726 -91.4988 15.01
    endloop
  endfacet
  facet normal 0 0 1
    outer loop
      vertex -18.0459 -90.7226 15.01
      vertex -20.4845 -102.982 15.01
      vertex -15.4067 -103.864 15.01
    endloop
  endfacet
  facet normal 0 0 1
    outer loop
      vertex -22.4757 -89.7279 15.01
      vertex -20.4845 -102.982 15.01
      vertex -18.0459 -90.7226 15.01
    endloop
  endfacet
  facet normal 0 0 1
    outer loop
      vertex -22.4757 -89.7279 15.01
      vertex -25.5129 -101.853 15.01
      vertex -20.4845 -102.982 15.01
    endloop
  endfacet
  facet normal 0 0 1
    outer loop
      vertex -26.8513 -88.517 15.01
      vertex -25.5129 -101.853 15.01
      vertex -22.4757 -89.7279 15.01
    endloop
  endfacet
  facet normal 0 0 1
    outer loop
      vertex -26.8513 -88.517 15.01
      vertex -30.4799 -100.479 15.01
      vertex -25.5129 -101.853 15.01
    endloop
  endfacet
  facet normal 0 0 1
    outer loop
      vertex -31.1623 -87.0928 15.01
      vertex -30.4799 -100.479 15.01
      vertex -26.8513 -88.517 15.01
    endloop
  endfacet
  facet normal 0 0 1
    outer loop
      vertex -31.1623 -87.0928 15.01
      vertex -35.3734 -98.8621 15.01
      vertex -30.4799 -100.479 15.01
    endloop
  endfacet
  facet normal 0 0 1
    outer loop
      vertex -35.3982 -85.4589 15.01
      vertex -35.3734 -98.8621 15.01
      vertex -31.1623 -87.0928 15.01
    endloop
  endfacet
  facet normal 0 0 1
    outer loop
      vertex -40.1818 -97.0073 15.01
      vertex -35.3982 -85.4589 15.01
      vertex -39.5488 -83.619 15.01
    endloop
  endfacet
  facet normal 0 0 1
    outer loop
      vertex -35.3982 -85.4589 15.01
      vertex -40.1818 -97.0073 15.01
      vertex -35.3734 -98.8621 15.01
    endloop
  endfacet
  facet normal 0 0 1
    outer loop
      vertex -44.8933 -94.9189 15.01
      vertex -39.5488 -83.619 15.01
      vertex -43.6042 -81.5777 15.01
    endloop
  endfacet
  facet normal 0 0 1
    outer loop
      vertex -39.5488 -83.619 15.01
      vertex -44.8933 -94.9189 15.01
      vertex -40.1818 -97.0073 15.01
    endloop
  endfacet
  facet normal 0 0 1
    outer loop
      vertex -49.4967 -92.6017 15.01
      vertex -43.6042 -81.5777 15.01
      vertex -47.5545 -79.3399 15.01
    endloop
  endfacet
  facet normal 0 0 1
    outer loop
      vertex -43.6042 -81.5777 15.01
      vertex -49.4967 -92.6017 15.01
      vertex -44.8933 -94.9189 15.01
    endloop
  endfacet
  facet normal 0 0 1
    outer loop
      vertex -53.9808 -90.0615 15.01
      vertex -47.5545 -79.3399 15.01
      vertex -51.3902 -76.9109 15.01
    endloop
  endfacet
  facet normal 0 0 1
    outer loop
      vertex -47.5545 -79.3399 15.01
      vertex -53.9808 -90.0615 15.01
      vertex -49.4967 -92.6017 15.01
    endloop
  endfacet
  facet normal 0 0 1
    outer loop
      vertex -58.3349 -87.3043 15.01
      vertex -51.3902 -76.9109 15.01
      vertex -55.1022 -74.2967 15.01
    endloop
  endfacet
  facet normal 0 0 1
    outer loop
      vertex -51.3902 -76.9109 15.01
      vertex -58.3349 -87.3043 15.01
      vertex -53.9808 -90.0615 15.01
    endloop
  endfacet
  facet normal 0 0 1
    outer loop
      vertex -62.5484 -84.3368 15.01
      vertex -55.1022 -74.2967 15.01
      vertex -58.6814 -71.5035 15.01
    endloop
  endfacet
  facet normal 0 0 1
    outer loop
      vertex -66.6113 -81.1661 15.01
      vertex -58.6814 -71.5035 15.01
      vertex -62.1192 -68.538 15.01
    endloop
  endfacet
  facet normal 0 0 1
    outer loop
      vertex -55.1022 -74.2967 15.01
      vertex -62.5484 -84.3368 15.01
      vertex -58.3349 -87.3043 15.01
    endloop
  endfacet
  facet normal 0 0 1
    outer loop
      vertex -70.5137 -77.7999 15.01
      vertex -62.1192 -68.538 15.01
      vertex -65.4074 -65.4074 15.01
    endloop
  endfacet
  facet normal 0 0 1
    outer loop
      vertex -58.6814 -71.5035 15.01
      vertex -66.6113 -81.1661 15.01
      vertex -62.5484 -84.3368 15.01
    endloop
  endfacet
  facet normal 0 0 1
    outer loop
      vertex -74.2462 -74.2462 15.01
      vertex -65.4074 -65.4074 15.01
      vertex -68.538 -62.1192 15.01
    endloop
  endfacet
  facet normal 0 0 1
    outer loop
      vertex -62.1192 -68.538 15.01
      vertex -70.5137 -77.7999 15.01
      vertex -66.6113 -81.1661 15.01
    endloop
  endfacet
  facet normal 0 0 1
    outer loop
      vertex -77.7999 -70.5137 15.01
      vertex -68.538 -62.1192 15.01
      vertex -71.5035 -58.6814 15.01
    endloop
  endfacet
  facet normal 0 0 1
    outer loop
      vertex -65.4074 -65.4074 15.01
      vertex -74.2462 -74.2462 15.01
      vertex -70.5137 -77.7999 15.01
    endloop
  endfacet
  facet normal 0 0 1
    outer loop
      vertex -81.1661 -66.6113 15.01
      vertex -71.5035 -58.6814 15.01
      vertex -74.2967 -55.1022 15.01
    endloop
  endfacet
  facet normal 0 0 1
    outer loop
      vertex -84.3368 -62.5484 15.01
      vertex -74.2967 -55.1022 15.01
      vertex -76.9109 -51.3902 15.01
    endloop
  endfacet
  facet normal 0 0 1
    outer loop
      vertex -68.538 -62.1192 15.01
      vertex -77.7999 -70.5137 15.01
      vertex -74.2462 -74.2462 15.01
    endloop
  endfacet
  facet normal 0 0 1
    outer loop
      vertex -87.3043 -58.3349 15.01
      vertex -76.9109 -51.3902 15.01
      vertex -79.3399 -47.5545 15.01
    endloop
  endfacet
  facet normal 0 0 1
    outer loop
      vertex -71.5035 -58.6814 15.01
      vertex -81.1661 -66.6113 15.01
      vertex -77.7999 -70.5137 15.01
    endloop
  endfacet
  facet normal 0 0 1
    outer loop
      vertex -90.0615 -53.9808 15.01
      vertex -79.3399 -47.5545 15.01
      vertex -81.5777 -43.6042 15.01
    endloop
  endfacet
  facet normal 0 0 1
    outer loop
      vertex -92.6017 -49.4967 15.01
      vertex -81.5777 -43.6042 15.01
      vertex -83.619 -39.5488 15.01
    endloop
  endfacet
  facet normal 0 0 1
    outer loop
      vertex -74.2967 -55.1022 15.01
      vertex -84.3368 -62.5484 15.01
      vertex -81.1661 -66.6113 15.01
    endloop
  endfacet
  facet normal 0 0 1
    outer loop
      vertex -94.9189 -44.8933 15.01
      vertex -83.619 -39.5488 15.01
      vertex -85.4589 -35.3982 15.01
    endloop
  endfacet
  facet normal 0 0 1
    outer loop
      vertex -97.0073 -40.1818 15.01
      vertex -85.4589 -35.3982 15.01
      vertex -87.0928 -31.1623 15.01
    endloop
  endfacet
  facet normal 0 0 1
    outer loop
      vertex -76.9109 -51.3902 15.01
      vertex -87.3043 -58.3349 15.01
      vertex -84.3368 -62.5484 15.01
    endloop
  endfacet
  facet normal 0 0 1
    outer loop
      vertex -98.8621 -35.3734 15.01
      vertex -87.0928 -31.1623 15.01
      vertex -88.517 -26.8513 15.01
    endloop
  endfacet
  facet normal 0 0 1
    outer loop
      vertex -100.479 -30.4799 15.01
      vertex -88.517 -26.8513 15.01
      vertex -89.7279 -22.4757 15.01
    endloop
  endfacet
  facet normal 0 0 1
    outer loop
      vertex -79.3399 -47.5545 15.01
      vertex -90.0615 -53.9808 15.01
      vertex -87.3043 -58.3349 15.01
    endloop
  endfacet
  facet normal 0 0 1
    outer loop
      vertex -101.853 -25.5129 15.01
      vertex -89.7279 -22.4757 15.01
      vertex -90.7226 -18.0459 15.01
    endloop
  endfacet
  facet normal 0 0 1
    outer loop
      vertex -102.982 -20.4845 15.01
      vertex -90.7226 -18.0459 15.01
      vertex -91.4988 -13.5726 15.01
    endloop
  endfacet
  facet normal 0 0 1
    outer loop
      vertex -103.864 -15.4067 15.01
      vertex -91.4988 -13.5726 15.01
      vertex -92.0546 -9.06658 15.01
    endloop
  endfacet
  facet normal 0 0 1
    outer loop
      vertex -104.494 -10.2918 15.01
      vertex -92.0546 -9.06658 15.01
      vertex -92.3886 -4.53876 15.01
    endloop
  endfacet
  facet normal 0 0 1
    outer loop
      vertex -81.5777 -43.6042 15.01
      vertex -92.6017 -49.4967 15.01
      vertex -90.0615 -53.9808 15.01
    endloop
  endfacet
  facet normal 0 0 1
    outer loop
      vertex -104.874 -5.15211 15.01
      vertex -92.3886 -4.53876 15.01
      vertex -92.5 0 15.01
    endloop
  endfacet
  facet normal 0 0 1
    outer loop
      vertex -89.7279 22.4757 15.01
      vertex -101.853 25.5129 15.01
      vertex -90.7226 18.0459 15.01
    endloop
  endfacet
  facet normal -0 0 1
    outer loop
      vertex -102.982 20.4845 15.01
      vertex -90.7226 18.0459 15.01
      vertex -101.853 25.5129 15.01
    endloop
  endfacet
  facet normal 0 0 1
    outer loop
      vertex -83.619 -39.5488 15.01
      vertex -94.9189 -44.8933 15.01
      vertex -92.6017 -49.4967 15.01
    endloop
  endfacet
  facet normal 0 0 1
    outer loop
      vertex -90.7226 18.0459 15.01
      vertex -102.982 20.4845 15.01
      vertex -91.4988 13.5726 15.01
    endloop
  endfacet
  facet normal 0 0 1
    outer loop
      vertex -85.4589 -35.3982 15.01
      vertex -97.0073 -40.1818 15.01
      vertex -94.9189 -44.8933 15.01
    endloop
  endfacet
  facet normal -0 0 1
    outer loop
      vertex -103.864 15.4067 15.01
      vertex -91.4988 13.5726 15.01
      vertex -102.982 20.4845 15.01
    endloop
  endfacet
  facet normal 0 0 1
    outer loop
      vertex -87.0928 -31.1623 15.01
      vertex -98.8621 -35.3734 15.01
      vertex -97.0073 -40.1818 15.01
    endloop
  endfacet
  facet normal 0 0 1
    outer loop
      vertex -91.4988 13.5726 15.01
      vertex -103.864 15.4067 15.01
      vertex -92.0546 9.06658 15.01
    endloop
  endfacet
  facet normal 0 0 1
    outer loop
      vertex -88.517 -26.8513 15.01
      vertex -100.479 -30.4799 15.01
      vertex -98.8621 -35.3734 15.01
    endloop
  endfacet
  facet normal -0 0 1
    outer loop
      vertex -104.494 10.2918 15.01
      vertex -92.0546 9.06658 15.01
      vertex -103.864 15.4067 15.01
    endloop
  endfacet
  facet normal 0 0 1
    outer loop
      vertex -89.7279 -22.4757 15.01
      vertex -101.853 -25.5129 15.01
      vertex -100.479 -30.4799 15.01
    endloop
  endfacet
  facet normal 0 0 1
    outer loop
      vertex -92.0546 9.06658 15.01
      vertex -104.494 10.2918 15.01
      vertex -92.3886 4.53876 15.01
    endloop
  endfacet
  facet normal 0 0 1
    outer loop
      vertex -90.7226 -18.0459 15.01
      vertex -102.982 -20.4845 15.01
      vertex -101.853 -25.5129 15.01
    endloop
  endfacet
  facet normal -0 0 1
    outer loop
      vertex -104.874 5.15211 15.01
      vertex -92.3886 4.53876 15.01
      vertex -104.494 10.2918 15.01
    endloop
  endfacet
  facet normal 0 0 1
    outer loop
      vertex -91.4988 -13.5726 15.01
      vertex -103.864 -15.4067 15.01
      vertex -102.982 -20.4845 15.01
    endloop
  endfacet
  facet normal 0 0 1
    outer loop
      vertex -92.3886 4.53876 15.01
      vertex -104.874 5.15211 15.01
      vertex -92.5 0 15.01
    endloop
  endfacet
  facet normal 0 0 1
    outer loop
      vertex -92.0546 -9.06658 15.01
      vertex -104.494 -10.2918 15.01
      vertex -103.864 -15.4067 15.01
    endloop
  endfacet
  facet normal 0 0 1
    outer loop
      vertex -105 0 15.01
      vertex -92.5 0 15.01
      vertex -104.874 5.15211 15.01
    endloop
  endfacet
  facet normal 0 0 1
    outer loop
      vertex -92.3886 -4.53876 15.01
      vertex -104.874 -5.15211 15.01
      vertex -104.494 -10.2918 15.01
    endloop
  endfacet
  facet normal 0 0 1
    outer loop
      vertex -92.5 0 15.01
      vertex -105 0 15.01
      vertex -104.874 -5.15211 15.01
    endloop
  endfacet
  facet normal 0.171135 0.985248 -0
    outer loop
      vertex 20.4845 102.982 0
      vertex 15.4067 103.864 15.01
      vertex 20.4845 102.982 15.01
    endloop
  endfacet
  facet normal 0.171135 0.985248 0
    outer loop
      vertex 15.4067 103.864 15.01
      vertex 20.4845 102.982 0
      vertex 15.4067 103.864 0
    endloop
  endfacet
  facet normal -0.219071 0.975709 0
    outer loop
      vertex -20.4845 102.982 0
      vertex -25.5129 101.853 15.01
      vertex -20.4845 102.982 15.01
    endloop
  endfacet
  facet normal -0.219071 0.975709 0
    outer loop
      vertex -25.5129 101.853 15.01
      vertex -20.4845 102.982 0
      vertex -25.5129 101.853 0
    endloop
  endfacet
  facet normal -0.999701 0.0244487 0
    outer loop
      vertex -105 0 0
      vertex -104.874 5.15211 15.01
      vertex -104.874 5.15211 0
    endloop
  endfacet
  facet normal -0.999701 0.0244487 0
    outer loop
      vertex -104.874 5.15211 15.01
      vertex -105 0 0
      vertex -105 0 15.01
    endloop
  endfacet
  facet normal 0.653169 0.757212 -0
    outer loop
      vertex 70.5137 77.7999 0
      vertex 66.6113 81.1661 15.01
      vertex 70.5137 77.7999 15.01
    endloop
  endfacet
  facet normal 0.653169 0.757212 0
    outer loop
      vertex 66.6113 81.1661 15.01
      vertex 70.5137 77.7999 0
      vertex 66.6113 81.1661 0
    endloop
  endfacet
  facet normal -0.997278 -0.0737332 0
    outer loop
      vertex -104.494 -10.2918 0
      vertex -104.874 -5.15211 15.01
      vertex -104.874 -5.15211 0
    endloop
  endfacet
  facet normal -0.997278 -0.0737332 0
    outer loop
      vertex -104.874 -5.15211 15.01
      vertex -104.494 -10.2918 0
      vertex -104.494 -10.2918 15.01
    endloop
  endfacet
  facet normal -0.359894 -0.932993 0
    outer loop
      vertex -40.1818 -97.0073 0
      vertex -35.3734 -98.8621 15.01
      vertex -40.1818 -97.0073 15.01
    endloop
  endfacet
  facet normal -0.359894 -0.932993 -0
    outer loop
      vertex -35.3734 -98.8621 15.01
      vertex -40.1818 -97.0073 0
      vertex -35.3734 -98.8621 0
    endloop
  endfacet
  facet normal -0.122246 -0.9925 0
    outer loop
      vertex -15.4067 -103.864 0
      vertex -10.2918 -104.494 15.01
      vertex -15.4067 -103.864 15.01
    endloop
  endfacet
  facet normal -0.122246 -0.9925 -0
    outer loop
      vertex -10.2918 -104.494 15.01
      vertex -15.4067 -103.864 0
      vertex -10.2918 -104.494 0
    endloop
  endfacet
  facet normal -0.844854 -0.534997 0
    outer loop
      vertex -87.3043 -58.3349 0
      vertex -90.0615 -53.9808 15.01
      vertex -90.0615 -53.9808 0
    endloop
  endfacet
  facet normal -0.844854 -0.534997 0
    outer loop
      vertex -90.0615 -53.9808 15.01
      vertex -87.3043 -58.3349 0
      vertex -87.3043 -58.3349 15.01
    endloop
  endfacet
  facet normal 0.359894 0.932993 -0
    outer loop
      vertex 40.1818 97.0073 0
      vertex 35.3734 98.8621 15.01
      vertex 40.1818 97.0073 15.01
    endloop
  endfacet
  facet normal 0.359894 0.932993 0
    outer loop
      vertex 35.3734 98.8621 15.01
      vertex 40.1818 97.0073 0
      vertex 35.3734 98.8621 0
    endloop
  endfacet
  facet normal -0.615229 0.788348 0
    outer loop
      vertex -62.5484 84.3368 0
      vertex -66.6113 81.1661 15.01
      vertex -62.5484 84.3368 15.01
    endloop
  endfacet
  facet normal -0.615229 0.788348 0
    outer loop
      vertex -66.6113 81.1661 15.01
      vertex -62.5484 84.3368 0
      vertex -66.6113 81.1661 0
    endloop
  endfacet
  facet normal -0.724241 -0.689547 0
    outer loop
      vertex -74.2462 -74.2462 0
      vertex -77.7999 -70.5137 15.01
      vertex -77.7999 -70.5137 0
    endloop
  endfacet
  facet normal -0.724241 -0.689547 0
    outer loop
      vertex -77.7999 -70.5137 15.01
      vertex -74.2462 -74.2462 0
      vertex -74.2462 -74.2462 15.01
    endloop
  endfacet
  facet normal 0.689547 0.724241 -0
    outer loop
      vertex 74.2462 74.2462 0
      vertex 70.5137 77.7999 15.01
      vertex 74.2462 74.2462 15.01
    endloop
  endfacet
  facet normal 0.689547 0.724241 0
    outer loop
      vertex 70.5137 77.7999 15.01
      vertex 74.2462 74.2462 0
      vertex 70.5137 77.7999 0
    endloop
  endfacet
  facet normal 0.914214 0.405231 0
    outer loop
      vertex 97.0073 40.1818 15.01
      vertex 94.9189 44.8933 0
      vertex 94.9189 44.8933 15.01
    endloop
  endfacet
  facet normal 0.914214 0.405231 0
    outer loop
      vertex 94.9189 44.8933 0
      vertex 97.0073 40.1818 15.01
      vertex 97.0073 40.1818 0
    endloop
  endfacet
  facet normal -0.914214 0.405231 0
    outer loop
      vertex -97.0073 40.1818 0
      vertex -94.9189 44.8933 15.01
      vertex -94.9189 44.8933 0
    endloop
  endfacet
  facet normal -0.914214 0.405231 0
    outer loop
      vertex -94.9189 44.8933 15.01
      vertex -97.0073 40.1818 0
      vertex -97.0073 40.1818 15.01
    endloop
  endfacet
  facet normal 0.997278 -0.0737332 0
    outer loop
      vertex 104.494 -10.2918 15.01
      vertex 104.874 -5.15211 0
      vertex 104.874 -5.15211 15.01
    endloop
  endfacet
  facet normal 0.997278 -0.0737332 0
    outer loop
      vertex 104.874 -5.15211 0
      vertex 104.494 -10.2918 15.01
      vertex 104.494 -10.2918 0
    endloop
  endfacet
  facet normal 0.932993 -0.359894 0
    outer loop
      vertex 97.0073 -40.1818 15.01
      vertex 98.8621 -35.3734 0
      vertex 98.8621 -35.3734 15.01
    endloop
  endfacet
  facet normal 0.932993 -0.359894 0
    outer loop
      vertex 98.8621 -35.3734 0
      vertex 97.0073 -40.1818 15.01
      vertex 97.0073 -40.1818 0
    endloop
  endfacet
  facet normal -0.893221 0.449618 0
    outer loop
      vertex -94.9189 44.8933 0
      vertex -92.6017 49.4967 15.01
      vertex -92.6017 49.4967 0
    endloop
  endfacet
  facet normal -0.893221 0.449618 0
    outer loop
      vertex -92.6017 49.4967 15.01
      vertex -94.9189 44.8933 0
      vertex -94.9189 44.8933 15.01
    endloop
  endfacet
  facet normal 0.963804 -0.266613 0
    outer loop
      vertex 100.479 -30.4799 15.01
      vertex 101.853 -25.5129 0
      vertex 101.853 -25.5129 15.01
    endloop
  endfacet
  facet normal 0.963804 -0.266613 0
    outer loop
      vertex 101.853 -25.5129 0
      vertex 100.479 -30.4799 15.01
      vertex 100.479 -30.4799 0
    endloop
  endfacet
  facet normal 0.0244487 -0.999701 0
    outer loop
      vertex 0 -105 0
      vertex 5.15211 -104.874 15.01
      vertex 0 -105 15.01
    endloop
  endfacet
  facet normal 0.0244487 -0.999701 0
    outer loop
      vertex 5.15211 -104.874 15.01
      vertex 0 -105 0
      vertex 5.15211 -104.874 0
    endloop
  endfacet
  facet normal -0.817583 0.575811 0
    outer loop
      vertex -87.3043 58.3349 0
      vertex -84.3368 62.5484 15.01
      vertex -84.3368 62.5484 0
    endloop
  endfacet
  facet normal -0.817583 0.575811 0
    outer loop
      vertex -84.3368 62.5484 15.01
      vertex -87.3043 58.3349 0
      vertex -87.3043 58.3349 15.01
    endloop
  endfacet
  facet normal -0.963804 0.266613 0
    outer loop
      vertex -101.853 25.5129 0
      vertex -100.479 30.4799 15.01
      vertex -100.479 30.4799 0
    endloop
  endfacet
  facet normal -0.963804 0.266613 0
    outer loop
      vertex -100.479 30.4799 15.01
      vertex -101.853 25.5129 0
      vertex -101.853 25.5129 15.01
    endloop
  endfacet
  facet normal 0.724241 -0.689547 0
    outer loop
      vertex 74.2462 -74.2462 15.01
      vertex 77.7999 -70.5137 0
      vertex 77.7999 -70.5137 15.01
    endloop
  endfacet
  facet normal 0.724241 -0.689547 0
    outer loop
      vertex 77.7999 -70.5137 0
      vertex 74.2462 -74.2462 15.01
      vertex 74.2462 -74.2462 0
    endloop
  endfacet
  facet normal -0.313735 0.94951 0
    outer loop
      vertex -30.4799 100.479 0
      vertex -35.3734 98.8621 15.01
      vertex -30.4799 100.479 15.01
    endloop
  endfacet
  facet normal -0.313735 0.94951 0
    outer loop
      vertex -35.3734 98.8621 15.01
      vertex -30.4799 100.479 0
      vertex -35.3734 98.8621 0
    endloop
  endfacet
  facet normal 0.9925 -0.122246 0
    outer loop
      vertex 103.864 -15.4067 15.01
      vertex 104.494 -10.2918 0
      vertex 104.494 -10.2918 15.01
    endloop
  endfacet
  facet normal 0.9925 -0.122246 0
    outer loop
      vertex 104.494 -10.2918 0
      vertex 103.864 -15.4067 15.01
      vertex 103.864 -15.4067 0
    endloop
  endfacet
  facet normal 0.893221 0.449618 0
    outer loop
      vertex 94.9189 44.8933 15.01
      vertex 92.6017 49.4967 0
      vertex 92.6017 49.4967 15.01
    endloop
  endfacet
  facet normal 0.893221 0.449618 0
    outer loop
      vertex 92.6017 49.4967 0
      vertex 94.9189 44.8933 15.01
      vertex 94.9189 44.8933 0
    endloop
  endfacet
  facet normal -0 0 -1
    outer loop
      vertex -30.4788 -12.6247 0
      vertex -98.8621 -35.3734 0
      vertex -31.5662 -9.58573 0
    endloop
  endfacet
  facet normal 0 0 -1
    outer loop
      vertex -32.99 0 0
      vertex -59.8762 64.5904 0
      vertex -59.7609 65.7609 0
    endloop
  endfacet
  facet normal -0 0 -1
    outer loop
      vertex -31.5662 -9.58573 0
      vertex -98.8621 -35.3734 0
      vertex -31.5695 -9.57649 0
    endloop
  endfacet
  facet normal 0 0 -1
    outer loop
      vertex -32.99 0 0
      vertex -60.2177 63.4648 0
      vertex -59.8762 64.5904 0
    endloop
  endfacet
  facet normal 0 0 -1
    outer loop
      vertex -100.479 -30.4799 0
      vertex -31.5695 -9.57649 0
      vertex -98.8621 -35.3734 0
    endloop
  endfacet
  facet normal 0 0 -1
    outer loop
      vertex -32.99 0 0
      vertex -60.7721 62.4275 0
      vertex -60.2177 63.4648 0
    endloop
  endfacet
  facet normal -0 0 -1
    outer loop
      vertex -31.5695 -9.57649 0
      vertex -100.479 -30.4799 0
      vertex -31.5718 -9.56697 0
    endloop
  endfacet
  facet normal 0 0 -1
    outer loop
      vertex -32.99 0 0
      vertex -61.5183 61.5183 0
      vertex -60.7721 62.4275 0
    endloop
  endfacet
  facet normal 0 0 -1
    outer loop
      vertex -101.853 -25.5129 0
      vertex -31.5718 -9.56697 0
      vertex -100.479 -30.4799 0
    endloop
  endfacet
  facet normal 0 0 -1
    outer loop
      vertex -32.99 0 0
      vertex -62.4275 60.7721 0
      vertex -61.5183 61.5183 0
    endloop
  endfacet
  facet normal -0 0 -1
    outer loop
      vertex -31.5718 -9.56697 0
      vertex -101.853 -25.5129 0
      vertex -32.3561 -6.43603 0
    endloop
  endfacet
  facet normal 0 0 -1
    outer loop
      vertex -32.99 0 0
      vertex -63.4648 60.2177 0
      vertex -62.4275 60.7721 0
    endloop
  endfacet
  facet normal 0 0 -1
    outer loop
      vertex -102.982 -20.4845 0
      vertex -32.3561 -6.43603 0
      vertex -101.853 -25.5129 0
    endloop
  endfacet
  facet normal 0 -0 -1
    outer loop
      vertex -104.874 5.15211 0
      vertex -32.99 0 0
      vertex -105 0 0
    endloop
  endfacet
  facet normal 0 0 -1
    outer loop
      vertex -103.864 -15.4067 0
      vertex -32.3561 -6.43603 0
      vertex -102.982 -20.4845 0
    endloop
  endfacet
  facet normal 0 -0 -1
    outer loop
      vertex -104.494 10.2918 0
      vertex -32.99 0 0
      vertex -104.874 5.15211 0
    endloop
  endfacet
  facet normal 0 0 -1
    outer loop
      vertex -97.0073 -40.1818 0
      vertex -65.7609 -59.7609 0
      vertex -66.9315 -59.8762 0
    endloop
  endfacet
  facet normal 0 -0 -1
    outer loop
      vertex -103.864 15.4067 0
      vertex -32.99 0 0
      vertex -104.494 10.2918 0
    endloop
  endfacet
  facet normal 0 0 -1
    outer loop
      vertex -92.6017 -49.4967 0
      vertex -66.9315 -59.8762 0
      vertex -68.057 -60.2177 0
    endloop
  endfacet
  facet normal 0 0 -1
    outer loop
      vertex -32.99 0 0
      vertex -64.5904 59.8762 0
      vertex -63.4648 60.2177 0
    endloop
  endfacet
  facet normal 0 0 -1
    outer loop
      vertex -90.0615 -53.9808 0
      vertex -68.057 -60.2177 0
      vertex -69.0944 -60.7721 0
    endloop
  endfacet
  facet normal 0 -0 -1
    outer loop
      vertex -102.982 20.4845 0
      vertex -32.99 0 0
      vertex -103.864 15.4067 0
    endloop
  endfacet
  facet normal 0 0 -1
    outer loop
      vertex -87.3043 -58.3349 0
      vertex -69.0944 -60.7721 0
      vertex -70.0036 -61.5183 0
    endloop
  endfacet
  facet normal 0 -0 -1
    outer loop
      vertex -101.853 25.5129 0
      vertex -32.99 0 0
      vertex -102.982 20.4845 0
    endloop
  endfacet
  facet normal 0 0 -1
    outer loop
      vertex -84.3368 -62.5484 0
      vertex -70.0036 -61.5183 0
      vertex -70.7497 -62.4275 0
    endloop
  endfacet
  facet normal 0 -0 -1
    outer loop
      vertex -100.479 30.4799 0
      vertex -32.99 0 0
      vertex -101.853 25.5129 0
    endloop
  endfacet
  facet normal 0 0 -1
    outer loop
      vertex -84.3368 -62.5484 0
      vertex -70.7497 -62.4275 0
      vertex -71.3042 -63.4648 0
    endloop
  endfacet
  facet normal -0 0 -1
    outer loop
      vertex -32.99 0 0
      vertex -104.874 -5.15211 0
      vertex -105 0 0
    endloop
  endfacet
  facet normal 0 0 -1
    outer loop
      vertex -81.1661 -66.6113 0
      vertex -71.3042 -63.4648 0
      vertex -71.6456 -64.5904 0
    endloop
  endfacet
  facet normal 0 -0 -1
    outer loop
      vertex -98.8621 35.3734 0
      vertex -32.99 0 0
      vertex -100.479 30.4799 0
    endloop
  endfacet
  facet normal 0 0 -1
    outer loop
      vertex -81.1661 -66.6113 0
      vertex -71.6456 -64.5904 0
      vertex -71.7609 -65.7609 0
    endloop
  endfacet
  facet normal 0 0 -1
    outer loop
      vertex -32.99 0 0
      vertex -65.7609 59.7609 0
      vertex -64.5904 59.8762 0
    endloop
  endfacet
  facet normal -0 0 -1
    outer loop
      vertex -45.974 76.6729 0
      vertex -60.2177 68.057 0
      vertex -46.3856 77.1423 0
    endloop
  endfacet
  facet normal 0 0 -1
    outer loop
      vertex -60.7721 69.0944 0
      vertex -46.3856 77.1423 0
      vertex -60.2177 68.057 0
    endloop
  endfacet
  facet normal -0 0 -1
    outer loop
      vertex -46.3856 77.1423 0
      vertex -60.7721 69.0944 0
      vertex -46.5863 77.7334 0
    endloop
  endfacet
  facet normal 0 0 -1
    outer loop
      vertex -61.5183 70.0036 0
      vertex -46.5863 77.7334 0
      vertex -60.7721 69.0944 0
    endloop
  endfacet
  facet normal 0 0 -1
    outer loop
      vertex -62.5484 84.3368 0
      vertex -46.5863 77.7334 0
      vertex -61.5183 70.0036 0
    endloop
  endfacet
  facet normal 0 0 -1
    outer loop
      vertex -62.5484 84.3368 0
      vertex -61.5183 70.0036 0
      vertex -62.4275 70.7497 0
    endloop
  endfacet
  facet normal 0 0 -1
    outer loop
      vertex -46.5863 77.7334 0
      vertex -62.5484 84.3368 0
      vertex -58.3349 87.3043 0
    endloop
  endfacet
  facet normal 0 0 -1
    outer loop
      vertex -63.4648 71.3042 0
      vertex -62.5484 84.3368 0
      vertex -62.4275 70.7497 0
    endloop
  endfacet
  facet normal 0 0 -1
    outer loop
      vertex -66.6113 81.1661 0
      vertex -63.4648 71.3042 0
      vertex -64.5904 71.6456 0
    endloop
  endfacet
  facet normal 0 0 -1
    outer loop
      vertex -66.6113 81.1661 0
      vertex -64.5904 71.6456 0
      vertex -65.7609 71.7609 0
    endloop
  endfacet
  facet normal 0 0 -1
    outer loop
      vertex -63.4648 71.3042 0
      vertex -66.6113 81.1661 0
      vertex -62.5484 84.3368 0
    endloop
  endfacet
  facet normal 0 0 -1
    outer loop
      vertex -70.5137 77.7999 0
      vertex -65.7609 71.7609 0
      vertex -66.9315 71.6456 0
    endloop
  endfacet
  facet normal 0 0 -1
    outer loop
      vertex -70.5137 77.7999 0
      vertex -66.9315 71.6456 0
      vertex -68.057 71.3042 0
    endloop
  endfacet
  facet normal 0 0 -1
    outer loop
      vertex -70.5137 77.7999 0
      vertex -68.057 71.3042 0
      vertex -69.0944 70.7497 0
    endloop
  endfacet
  facet normal 0 0 -1
    outer loop
      vertex -74.2462 74.2462 0
      vertex -69.0944 70.7497 0
      vertex -70.0036 70.0036 0
    endloop
  endfacet
  facet normal 0 0 -1
    outer loop
      vertex -65.7609 71.7609 0
      vertex -70.5137 77.7999 0
      vertex -66.6113 81.1661 0
    endloop
  endfacet
  facet normal 0 0 -1
    outer loop
      vertex -74.2462 74.2462 0
      vertex -70.0036 70.0036 0
      vertex -70.7497 69.0944 0
    endloop
  endfacet
  facet normal 0 0 -1
    outer loop
      vertex -77.7999 70.5137 0
      vertex -70.7497 69.0944 0
      vertex -71.3042 68.057 0
    endloop
  endfacet
  facet normal 0 0 -1
    outer loop
      vertex -77.7999 70.5137 0
      vertex -71.3042 68.057 0
      vertex -71.6456 66.9315 0
    endloop
  endfacet
  facet normal 0 0 -1
    outer loop
      vertex -69.0944 70.7497 0
      vertex -74.2462 74.2462 0
      vertex -70.5137 77.7999 0
    endloop
  endfacet
  facet normal 0 0 -1
    outer loop
      vertex -77.7999 70.5137 0
      vertex -71.6456 66.9315 0
      vertex -71.7609 65.7609 0
    endloop
  endfacet
  facet normal 0 0 -1
    outer loop
      vertex -81.1661 -66.6113 0
      vertex -71.7609 -65.7609 0
      vertex -77.7999 -70.5137 0
    endloop
  endfacet
  facet normal -0 0 -1
    outer loop
      vertex -71.3042 -63.4648 0
      vertex -81.1661 -66.6113 0
      vertex -84.3368 -62.5484 0
    endloop
  endfacet
  facet normal 0 0 -1
    outer loop
      vertex -70.7497 69.0944 0
      vertex -77.7999 70.5137 0
      vertex -74.2462 74.2462 0
    endloop
  endfacet
  facet normal -0 0 -1
    outer loop
      vertex -70.0036 -61.5183 0
      vertex -84.3368 -62.5484 0
      vertex -87.3043 -58.3349 0
    endloop
  endfacet
  facet normal 0 0 -1
    outer loop
      vertex -71.7609 65.7609 0
      vertex -81.1661 66.6113 0
      vertex -77.7999 70.5137 0
    endloop
  endfacet
  facet normal 0 0 -1
    outer loop
      vertex -69.0944 -60.7721 0
      vertex -87.3043 -58.3349 0
      vertex -90.0615 -53.9808 0
    endloop
  endfacet
  facet normal 0 0 -1
    outer loop
      vertex -71.6456 64.5904 0
      vertex -81.1661 66.6113 0
      vertex -71.7609 65.7609 0
    endloop
  endfacet
  facet normal 0 0 -1
    outer loop
      vertex -68.057 -60.2177 0
      vertex -90.0615 -53.9808 0
      vertex -92.6017 -49.4967 0
    endloop
  endfacet
  facet normal 0 0 -1
    outer loop
      vertex -71.3042 63.4648 0
      vertex -81.1661 66.6113 0
      vertex -71.6456 64.5904 0
    endloop
  endfacet
  facet normal 0 0 -1
    outer loop
      vertex -66.9315 -59.8762 0
      vertex -92.6017 -49.4967 0
      vertex -94.9189 -44.8933 0
    endloop
  endfacet
  facet normal 0 -0 -1
    outer loop
      vertex -81.1661 66.6113 0
      vertex -71.3042 63.4648 0
      vertex -84.3368 62.5484 0
    endloop
  endfacet
  facet normal 0 0 -1
    outer loop
      vertex -66.9315 -59.8762 0
      vertex -94.9189 -44.8933 0
      vertex -97.0073 -40.1818 0
    endloop
  endfacet
  facet normal 0 0 -1
    outer loop
      vertex -70.7497 62.4275 0
      vertex -84.3368 62.5484 0
      vertex -71.3042 63.4648 0
    endloop
  endfacet
  facet normal 0 0 -1
    outer loop
      vertex -65.7609 -59.7609 0
      vertex -97.0073 -40.1818 0
      vertex -98.8621 -35.3734 0
    endloop
  endfacet
  facet normal 0 0 -1
    outer loop
      vertex -70.0036 61.5183 0
      vertex -84.3368 62.5484 0
      vertex -70.7497 62.4275 0
    endloop
  endfacet
  facet normal -0 0 -1
    outer loop
      vertex -32.3561 -6.43603 0
      vertex -103.864 -15.4067 0
      vertex -32.8297 -3.24329 0
    endloop
  endfacet
  facet normal 0 -0 -1
    outer loop
      vertex -84.3368 62.5484 0
      vertex -70.0036 61.5183 0
      vertex -87.3043 58.3349 0
    endloop
  endfacet
  facet normal -0 0 -1
    outer loop
      vertex -32.8297 -3.24329 0
      vertex -103.864 -15.4067 0
      vertex -32.8311 -3.23358 0
    endloop
  endfacet
  facet normal -0 0 -1
    outer loop
      vertex -69.0944 60.7721 0
      vertex -87.3043 58.3349 0
      vertex -70.0036 61.5183 0
    endloop
  endfacet
  facet normal 0 0 -1
    outer loop
      vertex -104.494 -10.2918 0
      vertex -32.8311 -3.23358 0
      vertex -103.864 -15.4067 0
    endloop
  endfacet
  facet normal 0 -0 -1
    outer loop
      vertex -87.3043 58.3349 0
      vertex -69.0944 60.7721 0
      vertex -90.0615 53.9808 0
    endloop
  endfacet
  facet normal -0 0 -1
    outer loop
      vertex -32.8311 -3.23358 0
      vertex -104.494 -10.2918 0
      vertex -32.8316 -3.22378 0
    endloop
  endfacet
  facet normal -0 0 -1
    outer loop
      vertex -68.057 60.2177 0
      vertex -90.0615 53.9808 0
      vertex -69.0944 60.7721 0
    endloop
  endfacet
  facet normal 0 0 -1
    outer loop
      vertex -104.874 -5.15211 0
      vertex -32.8316 -3.22378 0
      vertex -104.494 -10.2918 0
    endloop
  endfacet
  facet normal 0 -0 -1
    outer loop
      vertex -90.0615 53.9808 0
      vertex -68.057 60.2177 0
      vertex -92.6017 49.4967 0
    endloop
  endfacet
  facet normal -0 0 -1
    outer loop
      vertex -32.8316 -3.22378 0
      vertex -104.874 -5.15211 0
      vertex -32.99 0 0
    endloop
  endfacet
  facet normal -0 0 -1
    outer loop
      vertex -66.9315 59.8762 0
      vertex -92.6017 49.4967 0
      vertex -68.057 60.2177 0
    endloop
  endfacet
  facet normal 0 0 -1
    outer loop
      vertex -32.99 0 0
      vertex -98.8621 35.3734 0
      vertex -65.7609 59.7609 0
    endloop
  endfacet
  facet normal 0 -0 -1
    outer loop
      vertex -92.6017 49.4967 0
      vertex -66.9315 59.8762 0
      vertex -94.9189 44.8933 0
    endloop
  endfacet
  facet normal 0 -0 -1
    outer loop
      vertex -97.0073 40.1818 0
      vertex -65.7609 59.7609 0
      vertex -98.8621 35.3734 0
    endloop
  endfacet
  facet normal 0 -0 -1
    outer loop
      vertex -94.9189 44.8933 0
      vertex -66.9315 59.8762 0
      vertex -97.0073 40.1818 0
    endloop
  endfacet
  facet normal -0 0 -1
    outer loop
      vertex -65.7609 59.7609 0
      vertex -97.0073 40.1818 0
      vertex -66.9315 59.8762 0
    endloop
  endfacet
  facet normal -0 0 -1
    outer loop
      vertex -29.0946 -15.5514 0
      vertex -64.5904 -59.8762 0
      vertex -29.0988 -15.5425 0
    endloop
  endfacet
  facet normal 0 0 -1
    outer loop
      vertex -32.99 0 0
      vertex -43.4545 77.5282 0
      vertex -43.4137 78.1511 0
    endloop
  endfacet
  facet normal -0 0 -1
    outer loop
      vertex -29.0988 -15.5425 0
      vertex -64.5904 -59.8762 0
      vertex -30.4788 -12.6247 0
    endloop
  endfacet
  facet normal 0 0 -1
    outer loop
      vertex -32.99 0 0
      vertex -43.7306 76.9683 0
      vertex -43.4545 77.5282 0
    endloop
  endfacet
  facet normal 0 0 -1
    outer loop
      vertex -65.7609 -59.7609 0
      vertex -30.4788 -12.6247 0
      vertex -64.5904 -59.8762 0
    endloop
  endfacet
  facet normal 0 0 -1
    outer loop
      vertex -32.99 0 0
      vertex -44.2 76.5566 0
      vertex -43.7306 76.9683 0
    endloop
  endfacet
  facet normal 0 0 -1
    outer loop
      vertex -45.4141 -76.3968 0
      vertex -59.8762 -64.5904 0
      vertex -44.7912 -76.356 0
    endloop
  endfacet
  facet normal 0 0 -1
    outer loop
      vertex -98.8621 -35.3734 0
      vertex -30.4788 -12.6247 0
      vertex -65.7609 -59.7609 0
    endloop
  endfacet
  facet normal 0 0 -1
    outer loop
      vertex -59.8762 -64.5904 0
      vertex -45.4141 -76.3968 0
      vertex -59.7609 -65.7609 0
    endloop
  endfacet
  facet normal 0 0 -1
    outer loop
      vertex -59.7609 65.7609 0
      vertex -44.2 76.5566 0
      vertex -32.99 0 0
    endloop
  endfacet
  facet normal 0 0 -1
    outer loop
      vertex -59.7609 -65.7609 0
      vertex -45.4141 -76.3968 0
      vertex -45.974 -76.6729 0
    endloop
  endfacet
  facet normal 0 0 -1
    outer loop
      vertex -44.2 76.5566 0
      vertex -59.7609 65.7609 0
      vertex -44.7912 76.356 0
    endloop
  endfacet
  facet normal 0 0 -1
    outer loop
      vertex -59.7609 -65.7609 0
      vertex -45.974 -76.6729 0
      vertex -46.3856 -77.1423 0
    endloop
  endfacet
  facet normal -0 0 -1
    outer loop
      vertex -44.7912 76.356 0
      vertex -59.7609 65.7609 0
      vertex -45.4141 76.3968 0
    endloop
  endfacet
  facet normal 0 0 -1
    outer loop
      vertex -59.7609 -65.7609 0
      vertex -46.3856 -77.1423 0
      vertex -46.5863 -77.7334 0
    endloop
  endfacet
  facet normal 0 0 -1
    outer loop
      vertex -59.8762 66.9315 0
      vertex -45.4141 76.3968 0
      vertex -59.7609 65.7609 0
    endloop
  endfacet
  facet normal 0 0 -1
    outer loop
      vertex -30.4799 100.479 0
      vertex -43.6144 78.7423 0
      vertex -35.3734 98.8621 0
    endloop
  endfacet
  facet normal 0 0 -1
    outer loop
      vertex -35.3734 98.8621 0
      vertex -43.6144 78.7423 0
      vertex -40.1818 97.0073 0
    endloop
  endfacet
  facet normal 0 0 -1
    outer loop
      vertex -44.026 79.2117 0
      vertex -40.1818 97.0073 0
      vertex -43.6144 78.7423 0
    endloop
  endfacet
  facet normal 0 0 -1
    outer loop
      vertex -44.8933 94.9189 0
      vertex -44.026 79.2117 0
      vertex -44.5859 79.4878 0
    endloop
  endfacet
  facet normal 0 0 -1
    outer loop
      vertex -44.026 79.2117 0
      vertex -44.8933 94.9189 0
      vertex -40.1818 97.0073 0
    endloop
  endfacet
  facet normal 0 0 -1
    outer loop
      vertex -49.4967 92.6017 0
      vertex -44.5859 79.4878 0
      vertex -45.2088 79.5286 0
    endloop
  endfacet
  facet normal 0 0 -1
    outer loop
      vertex -49.4967 92.6017 0
      vertex -45.2088 79.5286 0
      vertex -45.8 79.3279 0
    endloop
  endfacet
  facet normal 0 0 -1
    outer loop
      vertex -53.9808 90.0615 0
      vertex -45.8 79.3279 0
      vertex -46.2694 78.9163 0
    endloop
  endfacet
  facet normal 0 0 -1
    outer loop
      vertex -58.3349 87.3043 0
      vertex -46.2694 78.9163 0
      vertex -46.5455 78.3564 0
    endloop
  endfacet
  facet normal 0 0 -1
    outer loop
      vertex -44.5859 79.4878 0
      vertex -49.4967 92.6017 0
      vertex -44.8933 94.9189 0
    endloop
  endfacet
  facet normal 0 0 -1
    outer loop
      vertex -58.3349 87.3043 0
      vertex -46.5455 78.3564 0
      vertex -46.5863 77.7334 0
    endloop
  endfacet
  facet normal -0 0 -1
    outer loop
      vertex -45.4141 76.3968 0
      vertex -59.8762 66.9315 0
      vertex -45.974 76.6729 0
    endloop
  endfacet
  facet normal 0 0 -1
    outer loop
      vertex -60.2177 -68.057 0
      vertex -49.4967 -92.6017 0
      vertex -53.9808 -90.0615 0
    endloop
  endfacet
  facet normal 0 0 -1
    outer loop
      vertex -60.2177 68.057 0
      vertex -45.974 76.6729 0
      vertex -59.8762 66.9315 0
    endloop
  endfacet
  facet normal 0 0 -1
    outer loop
      vertex -60.7721 -69.0944 0
      vertex -53.9808 -90.0615 0
      vertex -58.3349 -87.3043 0
    endloop
  endfacet
  facet normal 0 0 -1
    outer loop
      vertex -45.8 79.3279 0
      vertex -53.9808 90.0615 0
      vertex -49.4967 92.6017 0
    endloop
  endfacet
  facet normal 0 0 -1
    outer loop
      vertex -46.2694 78.9163 0
      vertex -58.3349 87.3043 0
      vertex -53.9808 90.0615 0
    endloop
  endfacet
  facet normal 0 0 -1
    outer loop
      vertex -49.4967 -92.6017 0
      vertex -59.8762 -66.9315 0
      vertex -59.7609 -65.7609 0
    endloop
  endfacet
  facet normal 0 0 -1
    outer loop
      vertex -49.4967 -92.6017 0
      vertex -60.2177 -68.057 0
      vertex -59.8762 -66.9315 0
    endloop
  endfacet
  facet normal 0 0 -1
    outer loop
      vertex -53.9808 -90.0615 0
      vertex -60.7721 -69.0944 0
      vertex -60.2177 -68.057 0
    endloop
  endfacet
  facet normal 0 0 -1
    outer loop
      vertex -58.3349 -87.3043 0
      vertex -61.5183 -70.0036 0
      vertex -60.7721 -69.0944 0
    endloop
  endfacet
  facet normal 0 0 -1
    outer loop
      vertex -62.5484 -84.3368 0
      vertex -61.5183 -70.0036 0
      vertex -58.3349 -87.3043 0
    endloop
  endfacet
  facet normal 0 0 -1
    outer loop
      vertex -61.5183 -70.0036 0
      vertex -62.5484 -84.3368 0
      vertex -62.4275 -70.7497 0
    endloop
  endfacet
  facet normal 0 0 -1
    outer loop
      vertex -62.5484 -84.3368 0
      vertex -63.4648 -71.3042 0
      vertex -62.4275 -70.7497 0
    endloop
  endfacet
  facet normal 0 0 -1
    outer loop
      vertex -66.6113 -81.1661 0
      vertex -63.4648 -71.3042 0
      vertex -62.5484 -84.3368 0
    endloop
  endfacet
  facet normal 0 0 -1
    outer loop
      vertex -63.4648 -71.3042 0
      vertex -66.6113 -81.1661 0
      vertex -64.5904 -71.6456 0
    endloop
  endfacet
  facet normal 0 0 -1
    outer loop
      vertex -64.5904 -71.6456 0
      vertex -66.6113 -81.1661 0
      vertex -65.7609 -71.7609 0
    endloop
  endfacet
  facet normal 0 0 -1
    outer loop
      vertex -70.5137 -77.7999 0
      vertex -65.7609 -71.7609 0
      vertex -66.6113 -81.1661 0
    endloop
  endfacet
  facet normal -0 0 -1
    outer loop
      vertex -65.7609 -71.7609 0
      vertex -70.5137 -77.7999 0
      vertex -66.9315 -71.6456 0
    endloop
  endfacet
  facet normal -0 0 -1
    outer loop
      vertex -66.9315 -71.6456 0
      vertex -70.5137 -77.7999 0
      vertex -68.057 -71.3042 0
    endloop
  endfacet
  facet normal -0 0 -1
    outer loop
      vertex -68.057 -71.3042 0
      vertex -70.5137 -77.7999 0
      vertex -69.0944 -70.7497 0
    endloop
  endfacet
  facet normal 0 0 -1
    outer loop
      vertex -74.2462 -74.2462 0
      vertex -69.0944 -70.7497 0
      vertex -70.5137 -77.7999 0
    endloop
  endfacet
  facet normal -0 0 -1
    outer loop
      vertex -69.0944 -70.7497 0
      vertex -74.2462 -74.2462 0
      vertex -70.0036 -70.0036 0
    endloop
  endfacet
  facet normal -0 0 -1
    outer loop
      vertex -70.0036 -70.0036 0
      vertex -74.2462 -74.2462 0
      vertex -70.7497 -69.0944 0
    endloop
  endfacet
  facet normal 0 0 -1
    outer loop
      vertex -77.7999 -70.5137 0
      vertex -70.7497 -69.0944 0
      vertex -74.2462 -74.2462 0
    endloop
  endfacet
  facet normal -0 0 -1
    outer loop
      vertex -71.6456 -66.9315 0
      vertex -77.7999 -70.5137 0
      vertex -71.7609 -65.7609 0
    endloop
  endfacet
  facet normal -0 0 -1
    outer loop
      vertex -71.3042 -68.057 0
      vertex -77.7999 -70.5137 0
      vertex -71.6456 -66.9315 0
    endloop
  endfacet
  facet normal -0 0 -1
    outer loop
      vertex -70.7497 -69.0944 0
      vertex -77.7999 -70.5137 0
      vertex -71.3042 -68.057 0
    endloop
  endfacet
  facet normal -0 0 -1
    outer loop
      vertex 65.7609 59.7609 0
      vertex 30.4788 12.6247 0
      vertex 64.5904 59.8762 0
    endloop
  endfacet
  facet normal 0 0 -1
    outer loop
      vertex 29.0988 15.5425 0
      vertex 64.5904 59.8762 0
      vertex 30.4788 12.6247 0
    endloop
  endfacet
  facet normal 0 0 -1
    outer loop
      vertex 29.0946 15.5514 0
      vertex 64.5904 59.8762 0
      vertex 29.0988 15.5425 0
    endloop
  endfacet
  facet normal -0 0 -1
    outer loop
      vertex 64.5904 59.8762 0
      vertex 29.0946 15.5514 0
      vertex 63.4648 60.2177 0
    endloop
  endfacet
  facet normal 0 0 -1
    outer loop
      vertex 27.4352 18.3198 0
      vertex 63.4648 60.2177 0
      vertex 29.0946 15.5514 0
    endloop
  endfacet
  facet normal 0 0 -1
    outer loop
      vertex 27.4302 18.3283 0
      vertex 63.4648 60.2177 0
      vertex 27.4352 18.3198 0
    endloop
  endfacet
  facet normal 0 0 -1
    outer loop
      vertex 27.4243 18.3361 0
      vertex 63.4648 60.2177 0
      vertex 27.4302 18.3283 0
    endloop
  endfacet
  facet normal -0 0 -1
    outer loop
      vertex 63.4648 60.2177 0
      vertex 27.4243 18.3361 0
      vertex 62.4275 60.7721 0
    endloop
  endfacet
  facet normal 0 0 -1
    outer loop
      vertex 25.5016 20.9286 0
      vertex 62.4275 60.7721 0
      vertex 27.4243 18.3361 0
    endloop
  endfacet
  facet normal -0 0 -1
    outer loop
      vertex 62.4275 60.7721 0
      vertex 25.5016 20.9286 0
      vertex 61.5183 61.5183 0
    endloop
  endfacet
  facet normal 0 0 -1
    outer loop
      vertex 23.334 23.3202 0
      vertex 61.5183 61.5183 0
      vertex 25.5016 20.9286 0
    endloop
  endfacet
  facet normal 0 0 -1
    outer loop
      vertex 23.3275 23.3275 0
      vertex 61.5183 61.5183 0
      vertex 23.334 23.3202 0
    endloop
  endfacet
  facet normal 0 0 -1
    outer loop
      vertex 23.3202 23.334 0
      vertex 61.5183 61.5183 0
      vertex 23.3275 23.3275 0
    endloop
  endfacet
  facet normal 0 0 -1
    outer loop
      vertex 20.9286 25.5016 0
      vertex 61.5183 61.5183 0
      vertex 23.3202 23.334 0
    endloop
  endfacet
  facet normal -0 0 -1
    outer loop
      vertex 61.5183 61.5183 0
      vertex 20.9286 25.5016 0
      vertex 60.7721 62.4275 0
    endloop
  endfacet
  facet normal 0 0 -1
    outer loop
      vertex 18.3361 27.4243 0
      vertex 60.7721 62.4275 0
      vertex 20.9286 25.5016 0
    endloop
  endfacet
  facet normal -0 0 -1
    outer loop
      vertex 60.7721 62.4275 0
      vertex 18.3361 27.4243 0
      vertex 60.2177 63.4648 0
    endloop
  endfacet
  facet normal 0 0 -1
    outer loop
      vertex 18.3283 27.4302 0
      vertex 60.2177 63.4648 0
      vertex 18.3361 27.4243 0
    endloop
  endfacet
  facet normal 0 0 -1
    outer loop
      vertex 18.3198 27.4352 0
      vertex 60.2177 63.4648 0
      vertex 18.3283 27.4302 0
    endloop
  endfacet
  facet normal 0 0 -1
    outer loop
      vertex 15.5514 29.0946 0
      vertex 60.2177 63.4648 0
      vertex 18.3198 27.4352 0
    endloop
  endfacet
  facet normal -0 0 -1
    outer loop
      vertex 60.2177 63.4648 0
      vertex 15.5514 29.0946 0
      vertex 59.8762 64.5904 0
    endloop
  endfacet
  facet normal 0 0 -1
    outer loop
      vertex 15.5425 29.0988 0
      vertex 59.8762 64.5904 0
      vertex 15.5514 29.0946 0
    endloop
  endfacet
  facet normal 0 0 -1
    outer loop
      vertex 12.6247 30.4788 0
      vertex 59.8762 64.5904 0
      vertex 15.5425 29.0988 0
    endloop
  endfacet
  facet normal -0 0 -1
    outer loop
      vertex 59.8762 64.5904 0
      vertex 12.6247 30.4788 0
      vertex 35.3734 98.8621 0
    endloop
  endfacet
  facet normal 0 0 -1
    outer loop
      vertex 9.58573 31.5662 0
      vertex 35.3734 98.8621 0
      vertex 12.6247 30.4788 0
    endloop
  endfacet
  facet normal -0 0 -1
    outer loop
      vertex 35.3734 98.8621 0
      vertex 9.58573 31.5662 0
      vertex 30.4799 100.479 0
    endloop
  endfacet
  facet normal 0 0 -1
    outer loop
      vertex 9.57649 31.5695 0
      vertex 30.4799 100.479 0
      vertex 9.58573 31.5662 0
    endloop
  endfacet
  facet normal -0 0 -1
    outer loop
      vertex 30.4799 100.479 0
      vertex 9.57649 31.5695 0
      vertex 25.5129 101.853 0
    endloop
  endfacet
  facet normal 0 0 -1
    outer loop
      vertex 9.56697 31.5718 0
      vertex 25.5129 101.853 0
      vertex 9.57649 31.5695 0
    endloop
  endfacet
  facet normal 0 0 -1
    outer loop
      vertex 6.43603 32.3561 0
      vertex 25.5129 101.853 0
      vertex 9.56697 31.5718 0
    endloop
  endfacet
  facet normal -0 0 -1
    outer loop
      vertex 25.5129 101.853 0
      vertex 6.43603 32.3561 0
      vertex 20.4845 102.982 0
    endloop
  endfacet
  facet normal -0 0 -1
    outer loop
      vertex 20.4845 102.982 0
      vertex 6.43603 32.3561 0
      vertex 15.4067 103.864 0
    endloop
  endfacet
  facet normal 0 0 -1
    outer loop
      vertex 3.24329 32.8297 0
      vertex 15.4067 103.864 0
      vertex 6.43603 32.3561 0
    endloop
  endfacet
  facet normal -0 0 -1
    outer loop
      vertex 15.4067 103.864 0
      vertex 3.24329 32.8297 0
      vertex 10.2918 104.494 0
    endloop
  endfacet
  facet normal 0 0 -1
    outer loop
      vertex 3.23358 32.8311 0
      vertex 10.2918 104.494 0
      vertex 3.24329 32.8297 0
    endloop
  endfacet
  facet normal -0 0 -1
    outer loop
      vertex 10.2918 104.494 0
      vertex 3.23358 32.8311 0
      vertex 5.15211 104.874 0
    endloop
  endfacet
  facet normal 0 0 -1
    outer loop
      vertex 3.22378 32.8316 0
      vertex 5.15211 104.874 0
      vertex 3.23358 32.8311 0
    endloop
  endfacet
  facet normal 0 0 -1
    outer loop
      vertex 0 32.99 0
      vertex 5.15211 104.874 0
      vertex 3.22378 32.8316 0
    endloop
  endfacet
  facet normal 0 0 -1
    outer loop
      vertex 0 32.99 0
      vertex 0 105 0
      vertex 5.15211 104.874 0
    endloop
  endfacet
  facet normal 0 0 -1
    outer loop
      vertex -5.15211 104.874 0
      vertex 0 32.99 0
      vertex -3.22378 32.8316 0
    endloop
  endfacet
  facet normal 0 0 -1
    outer loop
      vertex -5.15211 104.874 0
      vertex -3.22378 32.8316 0
      vertex -3.23358 32.8311 0
    endloop
  endfacet
  facet normal 0 0 -1
    outer loop
      vertex -10.2918 104.494 0
      vertex -3.23358 32.8311 0
      vertex -3.24329 32.8297 0
    endloop
  endfacet
  facet normal 0 0 -1
    outer loop
      vertex 0 32.99 0
      vertex -5.15211 104.874 0
      vertex 0 105 0
    endloop
  endfacet
  facet normal 0 0 -1
    outer loop
      vertex -43.4137 78.1511 0
      vertex -3.24329 32.8297 0
      vertex -6.43603 32.3561 0
    endloop
  endfacet
  facet normal 0 0 -1
    outer loop
      vertex -43.4137 78.1511 0
      vertex -6.43603 32.3561 0
      vertex -9.56697 31.5718 0
    endloop
  endfacet
  facet normal 0 0 -1
    outer loop
      vertex -43.4137 78.1511 0
      vertex -9.56697 31.5718 0
      vertex -9.57649 31.5695 0
    endloop
  endfacet
  facet normal 0 0 -1
    outer loop
      vertex -43.4137 78.1511 0
      vertex -9.57649 31.5695 0
      vertex -9.58573 31.5662 0
    endloop
  endfacet
  facet normal 0 0 -1
    outer loop
      vertex -3.23358 32.8311 0
      vertex -10.2918 104.494 0
      vertex -5.15211 104.874 0
    endloop
  endfacet
  facet normal 0 0 -1
    outer loop
      vertex -43.4137 78.1511 0
      vertex -9.58573 31.5662 0
      vertex -12.6247 30.4788 0
    endloop
  endfacet
  facet normal 0 0 -1
    outer loop
      vertex -3.24329 32.8297 0
      vertex -15.4067 103.864 0
      vertex -10.2918 104.494 0
    endloop
  endfacet
  facet normal 0 0 -1
    outer loop
      vertex -43.4137 78.1511 0
      vertex -12.6247 30.4788 0
      vertex -15.5425 29.0988 0
    endloop
  endfacet
  facet normal 0 0 -1
    outer loop
      vertex -43.4137 78.1511 0
      vertex -15.5425 29.0988 0
      vertex -15.5514 29.0946 0
    endloop
  endfacet
  facet normal 0 0 -1
    outer loop
      vertex -43.4137 78.1511 0
      vertex -15.5514 29.0946 0
      vertex -18.3198 27.4352 0
    endloop
  endfacet
  facet normal 0 0 -1
    outer loop
      vertex -43.4137 78.1511 0
      vertex -18.3198 27.4352 0
      vertex -18.3283 27.4302 0
    endloop
  endfacet
  facet normal 0 0 -1
    outer loop
      vertex -43.4137 78.1511 0
      vertex -18.3283 27.4302 0
      vertex -18.3361 27.4243 0
    endloop
  endfacet
  facet normal 0 0 -1
    outer loop
      vertex -3.24329 32.8297 0
      vertex -43.4137 78.1511 0
      vertex -15.4067 103.864 0
    endloop
  endfacet
  facet normal 0 0 -1
    outer loop
      vertex -43.4137 78.1511 0
      vertex -18.3361 27.4243 0
      vertex -20.9286 25.5016 0
    endloop
  endfacet
  facet normal 0 0 -1
    outer loop
      vertex -43.4137 78.1511 0
      vertex -20.9286 25.5016 0
      vertex -23.3202 23.334 0
    endloop
  endfacet
  facet normal 0 0 -1
    outer loop
      vertex -43.4137 78.1511 0
      vertex -23.3202 23.334 0
      vertex -23.3275 23.3275 0
    endloop
  endfacet
  facet normal 0 0 -1
    outer loop
      vertex -43.4137 78.1511 0
      vertex -23.3275 23.3275 0
      vertex -23.334 23.3202 0
    endloop
  endfacet
  facet normal 0 0 -1
    outer loop
      vertex -43.4137 78.1511 0
      vertex -23.334 23.3202 0
      vertex -25.5016 20.9286 0
    endloop
  endfacet
  facet normal 0 0 -1
    outer loop
      vertex -15.4067 103.864 0
      vertex -43.4137 78.1511 0
      vertex -20.4845 102.982 0
    endloop
  endfacet
  facet normal 0 0 -1
    outer loop
      vertex -43.4137 78.1511 0
      vertex -25.5016 20.9286 0
      vertex -27.4243 18.3361 0
    endloop
  endfacet
  facet normal 0 0 -1
    outer loop
      vertex -43.4137 78.1511 0
      vertex -27.4243 18.3361 0
      vertex -27.4302 18.3283 0
    endloop
  endfacet
  facet normal 0 0 -1
    outer loop
      vertex -43.4137 78.1511 0
      vertex -27.4302 18.3283 0
      vertex -27.4352 18.3198 0
    endloop
  endfacet
  facet normal 0 0 -1
    outer loop
      vertex -43.4137 78.1511 0
      vertex -27.4352 18.3198 0
      vertex -29.0946 15.5514 0
    endloop
  endfacet
  facet normal 0 0 -1
    outer loop
      vertex -43.4137 78.1511 0
      vertex -29.0946 15.5514 0
      vertex -29.0988 15.5425 0
    endloop
  endfacet
  facet normal 0 0 -1
    outer loop
      vertex -43.4137 78.1511 0
      vertex -29.0988 15.5425 0
      vertex -30.4788 12.6247 0
    endloop
  endfacet
  facet normal 0 0 -1
    outer loop
      vertex -20.4845 102.982 0
      vertex -43.4137 78.1511 0
      vertex -25.5129 101.853 0
    endloop
  endfacet
  facet normal 0 0 -1
    outer loop
      vertex -43.4137 78.1511 0
      vertex -30.4788 12.6247 0
      vertex -31.5662 9.58573 0
    endloop
  endfacet
  facet normal 0 0 -1
    outer loop
      vertex -43.4137 78.1511 0
      vertex -31.5662 9.58573 0
      vertex -31.5695 9.57649 0
    endloop
  endfacet
  facet normal 0 0 -1
    outer loop
      vertex -43.4137 78.1511 0
      vertex -31.5695 9.57649 0
      vertex -31.5718 9.56697 0
    endloop
  endfacet
  facet normal 0 0 -1
    outer loop
      vertex -43.4137 78.1511 0
      vertex -31.5718 9.56697 0
      vertex -32.3561 6.43603 0
    endloop
  endfacet
  facet normal 0 0 -1
    outer loop
      vertex -43.4137 78.1511 0
      vertex -32.3561 6.43603 0
      vertex -32.8297 3.24329 0
    endloop
  endfacet
  facet normal 0 0 -1
    outer loop
      vertex -43.4137 78.1511 0
      vertex -32.8297 3.24329 0
      vertex -32.8311 3.23358 0
    endloop
  endfacet
  facet normal 0 0 -1
    outer loop
      vertex -43.4137 78.1511 0
      vertex -32.8311 3.23358 0
      vertex -32.8316 3.22378 0
    endloop
  endfacet
  facet normal 0 0 -1
    outer loop
      vertex -43.4137 78.1511 0
      vertex -32.8316 3.22378 0
      vertex -32.99 0 0
    endloop
  endfacet
  facet normal 0 0 -1
    outer loop
      vertex -25.5129 101.853 0
      vertex -43.4137 78.1511 0
      vertex -30.4799 100.479 0
    endloop
  endfacet
  facet normal -0 0 -1
    outer loop
      vertex -27.4352 -18.3198 0
      vertex -63.4648 -60.2177 0
      vertex -29.0946 -15.5514 0
    endloop
  endfacet
  facet normal 0 0 -1
    outer loop
      vertex -43.6144 -78.7423 0
      vertex -35.3734 -98.8621 0
      vertex -40.1818 -97.0073 0
    endloop
  endfacet
  facet normal 0 0 -1
    outer loop
      vertex -64.5904 -59.8762 0
      vertex -29.0946 -15.5514 0
      vertex -63.4648 -60.2177 0
    endloop
  endfacet
  facet normal 0 0 -1
    outer loop
      vertex -43.6144 78.7423 0
      vertex -30.4799 100.479 0
      vertex -43.4137 78.1511 0
    endloop
  endfacet
  facet normal 0 0 -1
    outer loop
      vertex -35.3734 -98.8621 0
      vertex -43.6144 -78.7423 0
      vertex -43.4137 -78.1511 0
    endloop
  endfacet
  facet normal 0 0 -1
    outer loop
      vertex -40.1818 -97.0073 0
      vertex -44.026 -79.2117 0
      vertex -43.6144 -78.7423 0
    endloop
  endfacet
  facet normal 0 0 -1
    outer loop
      vertex -44.8933 -94.9189 0
      vertex -44.026 -79.2117 0
      vertex -40.1818 -97.0073 0
    endloop
  endfacet
  facet normal 0 0 -1
    outer loop
      vertex -44.026 -79.2117 0
      vertex -44.8933 -94.9189 0
      vertex -44.5859 -79.4878 0
    endloop
  endfacet
  facet normal 0 0 -1
    outer loop
      vertex -49.4967 -92.6017 0
      vertex -44.5859 -79.4878 0
      vertex -44.8933 -94.9189 0
    endloop
  endfacet
  facet normal 0 0 -1
    outer loop
      vertex -44.5859 -79.4878 0
      vertex -49.4967 -92.6017 0
      vertex -45.2088 -79.5286 0
    endloop
  endfacet
  facet normal -0 0 -1
    outer loop
      vertex -45.2088 -79.5286 0
      vertex -49.4967 -92.6017 0
      vertex -45.8 -79.3279 0
    endloop
  endfacet
  facet normal -0 0 -1
    outer loop
      vertex -45.8 -79.3279 0
      vertex -49.4967 -92.6017 0
      vertex -46.2694 -78.9163 0
    endloop
  endfacet
  facet normal 0 0 -1
    outer loop
      vertex -46.5455 -78.3564 0
      vertex -59.7609 -65.7609 0
      vertex -46.5863 -77.7334 0
    endloop
  endfacet
  facet normal 0 0 -1
    outer loop
      vertex -59.7609 -65.7609 0
      vertex -46.5455 -78.3564 0
      vertex -49.4967 -92.6017 0
    endloop
  endfacet
  facet normal -0 0 -1
    outer loop
      vertex -46.2694 -78.9163 0
      vertex -49.4967 -92.6017 0
      vertex -46.5455 -78.3564 0
    endloop
  endfacet
  facet normal 0 0 -1
    outer loop
      vertex 66.9315 -59.8762 0
      vertex 92.6017 -49.4967 0
      vertex 68.057 -60.2177 0
    endloop
  endfacet
  facet normal 0 0 -1
    outer loop
      vertex 88.4 0 0
      vertex 71.6456 64.5904 0
      vertex 71.7609 65.7609 0
    endloop
  endfacet
  facet normal -0 0 -1
    outer loop
      vertex 92.6017 -49.4967 0
      vertex 66.9315 -59.8762 0
      vertex 94.9189 -44.8933 0
    endloop
  endfacet
  facet normal 0 0 -1
    outer loop
      vertex 88.4 0 0
      vertex 71.3042 63.4648 0
      vertex 71.6456 64.5904 0
    endloop
  endfacet
  facet normal -0 0 -1
    outer loop
      vertex 94.9189 -44.8933 0
      vertex 66.9315 -59.8762 0
      vertex 97.0073 -40.1818 0
    endloop
  endfacet
  facet normal 0 0 -1
    outer loop
      vertex 88.4 0 0
      vertex 70.7497 62.4275 0
      vertex 71.3042 63.4648 0
    endloop
  endfacet
  facet normal 0 0 -1
    outer loop
      vertex 65.7609 -59.7609 0
      vertex 97.0073 -40.1818 0
      vertex 66.9315 -59.8762 0
    endloop
  endfacet
  facet normal 0 0 -1
    outer loop
      vertex 88.4 0 0
      vertex 70.0036 61.5183 0
      vertex 70.7497 62.4275 0
    endloop
  endfacet
  facet normal -0 0 -1
    outer loop
      vertex 97.0073 -40.1818 0
      vertex 65.7609 -59.7609 0
      vertex 88.8686 -1.13137 0
    endloop
  endfacet
  facet normal 0 0 -1
    outer loop
      vertex 88.4 0 0
      vertex 69.0944 60.7721 0
      vertex 70.0036 61.5183 0
    endloop
  endfacet
  facet normal 0 0 -1
    outer loop
      vertex 32.8311 -3.23358 0
      vertex 88.8686 -1.13137 0
      vertex 65.7609 -59.7609 0
    endloop
  endfacet
  facet normal 0 0 -1
    outer loop
      vertex 32.8316 3.22378 0
      vertex 88.4 0 0
      vertex 32.99 0 0
    endloop
  endfacet
  facet normal -0 0 -1
    outer loop
      vertex 88.8686 -1.13137 0
      vertex 32.8311 -3.23358 0
      vertex 88.5218 -0.612293 0
    endloop
  endfacet
  facet normal 0 0 -1
    outer loop
      vertex 88.4 0 0
      vertex 68.057 60.2177 0
      vertex 69.0944 60.7721 0
    endloop
  endfacet
  facet normal -0 0 -1
    outer loop
      vertex 88.5218 -0.612293 0
      vertex 32.8311 -3.23358 0
      vertex 88.4 0 0
    endloop
  endfacet
  facet normal 0 0 -1
    outer loop
      vertex 88.4 0 0
      vertex 66.9315 59.8762 0
      vertex 68.057 60.2177 0
    endloop
  endfacet
  facet normal 0 0 -1
    outer loop
      vertex 32.8311 -3.23358 0
      vertex 65.7609 -59.7609 0
      vertex 64.5904 -59.8762 0
    endloop
  endfacet
  facet normal 0 0 -1
    outer loop
      vertex 88.4 0 0
      vertex 65.7609 59.7609 0
      vertex 66.9315 59.8762 0
    endloop
  endfacet
  facet normal 0 0 -1
    outer loop
      vertex 32.8311 -3.23358 0
      vertex 64.5904 -59.8762 0
      vertex 63.4648 -60.2177 0
    endloop
  endfacet
  facet normal 0 0 -1
    outer loop
      vertex 31.5718 9.56697 0
      vertex 88.4 0 0
      vertex 32.3561 6.43603 0
    endloop
  endfacet
  facet normal 0 0 -1
    outer loop
      vertex 32.8311 -3.23358 0
      vertex 63.4648 -60.2177 0
      vertex 62.4275 -60.7721 0
    endloop
  endfacet
  facet normal 0 0 -1
    outer loop
      vertex 32.8311 3.23358 0
      vertex 88.4 0 0
      vertex 32.8316 3.22378 0
    endloop
  endfacet
  facet normal 0 0 -1
    outer loop
      vertex 32.8311 -3.23358 0
      vertex 62.4275 -60.7721 0
      vertex 61.5183 -61.5183 0
    endloop
  endfacet
  facet normal 0 0 -1
    outer loop
      vertex 32.8297 3.24329 0
      vertex 88.4 0 0
      vertex 32.8311 3.23358 0
    endloop
  endfacet
  facet normal 0 0 -1
    outer loop
      vertex 32.8311 -3.23358 0
      vertex 61.5183 -61.5183 0
      vertex 60.7721 -62.4275 0
    endloop
  endfacet
  facet normal 0 0 -1
    outer loop
      vertex 32.3561 6.43603 0
      vertex 88.4 0 0
      vertex 32.8297 3.24329 0
    endloop
  endfacet
  facet normal 0 0 -1
    outer loop
      vertex 32.8311 -3.23358 0
      vertex 60.7721 -62.4275 0
      vertex 60.2177 -63.4648 0
    endloop
  endfacet
  facet normal 0 0 -1
    outer loop
      vertex 31.5695 9.57649 0
      vertex 88.4 0 0
      vertex 31.5718 9.56697 0
    endloop
  endfacet
  facet normal 0 0 -1
    outer loop
      vertex 32.8311 -3.23358 0
      vertex 60.2177 -63.4648 0
      vertex 59.8762 -64.5904 0
    endloop
  endfacet
  facet normal 0 0 -1
    outer loop
      vertex 31.5662 9.58573 0
      vertex 88.4 0 0
      vertex 31.5695 9.57649 0
    endloop
  endfacet
  facet normal 0 0 -1
    outer loop
      vertex 32.8311 -3.23358 0
      vertex 59.8762 -64.5904 0
      vertex 59.7609 -65.7609 0
    endloop
  endfacet
  facet normal 0 0 -1
    outer loop
      vertex 30.4788 12.6247 0
      vertex 88.4 0 0
      vertex 31.5662 9.58573 0
    endloop
  endfacet
  facet normal 0 0 -1
    outer loop
      vertex 71.6456 66.9315 0
      vertex 77.7999 70.5137 0
      vertex 71.7609 65.7609 0
    endloop
  endfacet
  facet normal 0 0 -1
    outer loop
      vertex 71.3042 68.057 0
      vertex 77.7999 70.5137 0
      vertex 71.6456 66.9315 0
    endloop
  endfacet
  facet normal 0 0 -1
    outer loop
      vertex 70.7497 69.0944 0
      vertex 77.7999 70.5137 0
      vertex 71.3042 68.057 0
    endloop
  endfacet
  facet normal -0 0 -1
    outer loop
      vertex 77.7999 70.5137 0
      vertex 70.7497 69.0944 0
      vertex 74.2462 74.2462 0
    endloop
  endfacet
  facet normal 0 0 -1
    outer loop
      vertex 70.0036 70.0036 0
      vertex 74.2462 74.2462 0
      vertex 70.7497 69.0944 0
    endloop
  endfacet
  facet normal 0 0 -1
    outer loop
      vertex 69.0944 70.7497 0
      vertex 74.2462 74.2462 0
      vertex 70.0036 70.0036 0
    endloop
  endfacet
  facet normal -0 0 -1
    outer loop
      vertex 74.2462 74.2462 0
      vertex 69.0944 70.7497 0
      vertex 70.5137 77.7999 0
    endloop
  endfacet
  facet normal 0 0 -1
    outer loop
      vertex 68.057 71.3042 0
      vertex 70.5137 77.7999 0
      vertex 69.0944 70.7497 0
    endloop
  endfacet
  facet normal 0 0 -1
    outer loop
      vertex 66.9315 71.6456 0
      vertex 70.5137 77.7999 0
      vertex 68.057 71.3042 0
    endloop
  endfacet
  facet normal 0 0 -1
    outer loop
      vertex 65.7609 71.7609 0
      vertex 70.5137 77.7999 0
      vertex 66.9315 71.6456 0
    endloop
  endfacet
  facet normal -0 0 -1
    outer loop
      vertex 70.5137 77.7999 0
      vertex 65.7609 71.7609 0
      vertex 66.6113 81.1661 0
    endloop
  endfacet
  facet normal 0 0 -1
    outer loop
      vertex 64.5904 71.6456 0
      vertex 66.6113 81.1661 0
      vertex 65.7609 71.7609 0
    endloop
  endfacet
  facet normal 0 0 -1
    outer loop
      vertex 63.4648 71.3042 0
      vertex 66.6113 81.1661 0
      vertex 64.5904 71.6456 0
    endloop
  endfacet
  facet normal 0 0 -1
    outer loop
      vertex 63.4648 71.3042 0
      vertex 62.5484 84.3368 0
      vertex 66.6113 81.1661 0
    endloop
  endfacet
  facet normal 0 0 -1
    outer loop
      vertex 62.4275 70.7497 0
      vertex 62.5484 84.3368 0
      vertex 63.4648 71.3042 0
    endloop
  endfacet
  facet normal 0 0 -1
    outer loop
      vertex 61.5183 70.0036 0
      vertex 62.5484 84.3368 0
      vertex 62.4275 70.7497 0
    endloop
  endfacet
  facet normal 0 0 -1
    outer loop
      vertex 58.3349 87.3043 0
      vertex 61.5183 70.0036 0
      vertex 60.7721 69.0944 0
    endloop
  endfacet
  facet normal 0 0 -1
    outer loop
      vertex 53.9808 90.0615 0
      vertex 60.7721 69.0944 0
      vertex 60.2177 68.057 0
    endloop
  endfacet
  facet normal 0 0 -1
    outer loop
      vertex 49.4967 92.6017 0
      vertex 60.2177 68.057 0
      vertex 59.8762 66.9315 0
    endloop
  endfacet
  facet normal 0 0 -1
    outer loop
      vertex 61.5183 70.0036 0
      vertex 58.3349 87.3043 0
      vertex 62.5484 84.3368 0
    endloop
  endfacet
  facet normal 0 0 -1
    outer loop
      vertex 44.8933 94.9189 0
      vertex 59.8762 66.9315 0
      vertex 59.7609 65.7609 0
    endloop
  endfacet
  facet normal 0 0 -1
    outer loop
      vertex 88.4 0 0
      vertex 32.8311 -3.23358 0
      vertex 32.8316 -3.22378 0
    endloop
  endfacet
  facet normal 0 0 -1
    outer loop
      vertex 18.3283 -27.4302 0
      vertex 58.3349 -87.3043 0
      vertex 53.9808 -90.0615 0
    endloop
  endfacet
  facet normal 0 0 -1
    outer loop
      vertex 59.8762 64.5904 0
      vertex 35.3734 98.8621 0
      vertex 59.7609 65.7609 0
    endloop
  endfacet
  facet normal 0 0 -1
    outer loop
      vertex 15.5514 -29.0946 0
      vertex 53.9808 -90.0615 0
      vertex 49.4967 -92.6017 0
    endloop
  endfacet
  facet normal 0 0 -1
    outer loop
      vertex 60.7721 69.0944 0
      vertex 53.9808 90.0615 0
      vertex 58.3349 87.3043 0
    endloop
  endfacet
  facet normal 0 0 -1
    outer loop
      vertex 15.5514 -29.0946 0
      vertex 49.4967 -92.6017 0
      vertex 44.8933 -94.9189 0
    endloop
  endfacet
  facet normal 0 0 -1
    outer loop
      vertex 60.2177 68.057 0
      vertex 49.4967 92.6017 0
      vertex 53.9808 90.0615 0
    endloop
  endfacet
  facet normal 0 0 -1
    outer loop
      vertex 12.6247 -30.4788 0
      vertex 44.8933 -94.9189 0
      vertex 40.1818 -97.0073 0
    endloop
  endfacet
  facet normal 0 0 -1
    outer loop
      vertex 59.8762 66.9315 0
      vertex 44.8933 94.9189 0
      vertex 49.4967 92.6017 0
    endloop
  endfacet
  facet normal 0 0 -1
    outer loop
      vertex 12.6247 -30.4788 0
      vertex 40.1818 -97.0073 0
      vertex 35.3734 -98.8621 0
    endloop
  endfacet
  facet normal 0 0 -1
    outer loop
      vertex 59.7609 65.7609 0
      vertex 40.1818 97.0073 0
      vertex 44.8933 94.9189 0
    endloop
  endfacet
  facet normal 0 0 -1
    outer loop
      vertex 59.7609 65.7609 0
      vertex 35.3734 98.8621 0
      vertex 40.1818 97.0073 0
    endloop
  endfacet
  facet normal 0 0 -1
    outer loop
      vertex 88.4 0 0
      vertex 30.4788 12.6247 0
      vertex 65.7609 59.7609 0
    endloop
  endfacet
  facet normal -0 0 -1
    outer loop
      vertex 88.4 0 0
      vertex 32.8316 -3.22378 0
      vertex 32.99 0 0
    endloop
  endfacet
  facet normal 0 0 -1
    outer loop
      vertex 58.3349 -87.3043 0
      vertex 32.8297 -3.24329 0
      vertex 32.8311 -3.23358 0
    endloop
  endfacet
  facet normal 0 0 -1
    outer loop
      vertex 58.3349 -87.3043 0
      vertex 32.3561 -6.43603 0
      vertex 32.8297 -3.24329 0
    endloop
  endfacet
  facet normal 0 0 -1
    outer loop
      vertex 58.3349 -87.3043 0
      vertex 31.5718 -9.56697 0
      vertex 32.3561 -6.43603 0
    endloop
  endfacet
  facet normal 0 0 -1
    outer loop
      vertex 58.3349 -87.3043 0
      vertex 31.5695 -9.57649 0
      vertex 31.5718 -9.56697 0
    endloop
  endfacet
  facet normal 0 0 -1
    outer loop
      vertex 58.3349 -87.3043 0
      vertex 31.5662 -9.58573 0
      vertex 31.5695 -9.57649 0
    endloop
  endfacet
  facet normal 0 0 -1
    outer loop
      vertex 9.58573 -31.5662 0
      vertex 35.3734 -98.8621 0
      vertex 30.4799 -100.479 0
    endloop
  endfacet
  facet normal 0 0 -1
    outer loop
      vertex 58.3349 -87.3043 0
      vertex 30.4788 -12.6247 0
      vertex 31.5662 -9.58573 0
    endloop
  endfacet
  facet normal 0 0 -1
    outer loop
      vertex 58.3349 -87.3043 0
      vertex 29.0988 -15.5425 0
      vertex 30.4788 -12.6247 0
    endloop
  endfacet
  facet normal 0 0 -1
    outer loop
      vertex 58.3349 -87.3043 0
      vertex 29.0946 -15.5514 0
      vertex 29.0988 -15.5425 0
    endloop
  endfacet
  facet normal 0 0 -1
    outer loop
      vertex 58.3349 -87.3043 0
      vertex 27.4352 -18.3198 0
      vertex 29.0946 -15.5514 0
    endloop
  endfacet
  facet normal 0 0 -1
    outer loop
      vertex 58.3349 -87.3043 0
      vertex 27.4302 -18.3283 0
      vertex 27.4352 -18.3198 0
    endloop
  endfacet
  facet normal 0 0 -1
    outer loop
      vertex 58.3349 -87.3043 0
      vertex 27.4243 -18.3361 0
      vertex 27.4302 -18.3283 0
    endloop
  endfacet
  facet normal 0 0 -1
    outer loop
      vertex 9.57649 -31.5695 0
      vertex 30.4799 -100.479 0
      vertex 25.5129 -101.853 0
    endloop
  endfacet
  facet normal 0 0 -1
    outer loop
      vertex 58.3349 -87.3043 0
      vertex 25.5016 -20.9286 0
      vertex 27.4243 -18.3361 0
    endloop
  endfacet
  facet normal 0 0 -1
    outer loop
      vertex 58.3349 -87.3043 0
      vertex 23.334 -23.3202 0
      vertex 25.5016 -20.9286 0
    endloop
  endfacet
  facet normal 0 0 -1
    outer loop
      vertex 58.3349 -87.3043 0
      vertex 23.3275 -23.3275 0
      vertex 23.334 -23.3202 0
    endloop
  endfacet
  facet normal 0 0 -1
    outer loop
      vertex 58.3349 -87.3043 0
      vertex 23.3202 -23.334 0
      vertex 23.3275 -23.3275 0
    endloop
  endfacet
  facet normal 0 0 -1
    outer loop
      vertex 58.3349 -87.3043 0
      vertex 20.9286 -25.5016 0
      vertex 23.3202 -23.334 0
    endloop
  endfacet
  facet normal 0 0 -1
    outer loop
      vertex 6.43603 -32.3561 0
      vertex 25.5129 -101.853 0
      vertex 20.4845 -102.982 0
    endloop
  endfacet
  facet normal 0 0 -1
    outer loop
      vertex 58.3349 -87.3043 0
      vertex 18.3361 -27.4243 0
      vertex 20.9286 -25.5016 0
    endloop
  endfacet
  facet normal 0 0 -1
    outer loop
      vertex 58.3349 -87.3043 0
      vertex 18.3283 -27.4302 0
      vertex 18.3361 -27.4243 0
    endloop
  endfacet
  facet normal 0 0 -1
    outer loop
      vertex 53.9808 -90.0615 0
      vertex 18.3198 -27.4352 0
      vertex 18.3283 -27.4302 0
    endloop
  endfacet
  facet normal 0 0 -1
    outer loop
      vertex 53.9808 -90.0615 0
      vertex 15.5514 -29.0946 0
      vertex 18.3198 -27.4352 0
    endloop
  endfacet
  facet normal 0 0 -1
    outer loop
      vertex 44.8933 -94.9189 0
      vertex 15.5425 -29.0988 0
      vertex 15.5514 -29.0946 0
    endloop
  endfacet
  facet normal 0 0 -1
    outer loop
      vertex 6.43603 -32.3561 0
      vertex 20.4845 -102.982 0
      vertex 15.4067 -103.864 0
    endloop
  endfacet
  facet normal 0 0 -1
    outer loop
      vertex 44.8933 -94.9189 0
      vertex 12.6247 -30.4788 0
      vertex 15.5425 -29.0988 0
    endloop
  endfacet
  facet normal 0 0 -1
    outer loop
      vertex 3.24329 -32.8297 0
      vertex 15.4067 -103.864 0
      vertex 10.2918 -104.494 0
    endloop
  endfacet
  facet normal 0 0 -1
    outer loop
      vertex 35.3734 -98.8621 0
      vertex 9.58573 -31.5662 0
      vertex 12.6247 -30.4788 0
    endloop
  endfacet
  facet normal 0 0 -1
    outer loop
      vertex 30.4799 -100.479 0
      vertex 9.57649 -31.5695 0
      vertex 9.58573 -31.5662 0
    endloop
  endfacet
  facet normal 0 0 -1
    outer loop
      vertex 25.5129 -101.853 0
      vertex 9.56697 -31.5718 0
      vertex 9.57649 -31.5695 0
    endloop
  endfacet
  facet normal 0 0 -1
    outer loop
      vertex 25.5129 -101.853 0
      vertex 6.43603 -32.3561 0
      vertex 9.56697 -31.5718 0
    endloop
  endfacet
  facet normal 0 0 -1
    outer loop
      vertex 3.23358 -32.8311 0
      vertex 10.2918 -104.494 0
      vertex 5.15211 -104.874 0
    endloop
  endfacet
  facet normal 0 0 -1
    outer loop
      vertex 15.4067 -103.864 0
      vertex 3.24329 -32.8297 0
      vertex 6.43603 -32.3561 0
    endloop
  endfacet
  facet normal 0 0 -1
    outer loop
      vertex 10.2918 -104.494 0
      vertex 3.23358 -32.8311 0
      vertex 3.24329 -32.8297 0
    endloop
  endfacet
  facet normal 0 0 -1
    outer loop
      vertex 5.15211 -104.874 0
      vertex 3.22378 -32.8316 0
      vertex 3.23358 -32.8311 0
    endloop
  endfacet
  facet normal 0 0 -1
    outer loop
      vertex 0 -32.99 0
      vertex 5.15211 -104.874 0
      vertex 0 -105 0
    endloop
  endfacet
  facet normal 0 0 -1
    outer loop
      vertex 5.15211 -104.874 0
      vertex 0 -32.99 0
      vertex 3.22378 -32.8316 0
    endloop
  endfacet
  facet normal 0 0 -1
    outer loop
      vertex -5.15211 -104.874 0
      vertex 0 -32.99 0
      vertex 0 -105 0
    endloop
  endfacet
  facet normal -0 0 -1
    outer loop
      vertex 0 -32.99 0
      vertex -5.15211 -104.874 0
      vertex -3.22378 -32.8316 0
    endloop
  endfacet
  facet normal -0 0 -1
    outer loop
      vertex -3.22378 -32.8316 0
      vertex -5.15211 -104.874 0
      vertex -3.23358 -32.8311 0
    endloop
  endfacet
  facet normal 0 0 -1
    outer loop
      vertex -10.2918 -104.494 0
      vertex -3.23358 -32.8311 0
      vertex -5.15211 -104.874 0
    endloop
  endfacet
  facet normal -0 0 -1
    outer loop
      vertex -3.23358 -32.8311 0
      vertex -10.2918 -104.494 0
      vertex -3.24329 -32.8297 0
    endloop
  endfacet
  facet normal 0 0 -1
    outer loop
      vertex -15.4067 -103.864 0
      vertex -3.24329 -32.8297 0
      vertex -10.2918 -104.494 0
    endloop
  endfacet
  facet normal 0 0 -1
    outer loop
      vertex -20.4845 -102.982 0
      vertex -43.4545 -77.5282 0
      vertex -15.4067 -103.864 0
    endloop
  endfacet
  facet normal 0 0 -1
    outer loop
      vertex -43.4545 -77.5282 0
      vertex -20.4845 -102.982 0
      vertex -43.4137 -78.1511 0
    endloop
  endfacet
  facet normal 0 0 -1
    outer loop
      vertex -43.4137 -78.1511 0
      vertex -20.4845 -102.982 0
      vertex -25.5129 -101.853 0
    endloop
  endfacet
  facet normal 0 0 -1
    outer loop
      vertex -15.4067 -103.864 0
      vertex -43.4545 -77.5282 0
      vertex -3.24329 -32.8297 0
    endloop
  endfacet
  facet normal -0 0 -1
    outer loop
      vertex -3.24329 -32.8297 0
      vertex -43.4545 -77.5282 0
      vertex -6.43603 -32.3561 0
    endloop
  endfacet
  facet normal 0 0 -1
    outer loop
      vertex -43.4137 -78.1511 0
      vertex -25.5129 -101.853 0
      vertex -30.4799 -100.479 0
    endloop
  endfacet
  facet normal 0 0 -1
    outer loop
      vertex -43.7306 -76.9683 0
      vertex -6.43603 -32.3561 0
      vertex -43.4545 -77.5282 0
    endloop
  endfacet
  facet normal 0 0 -1
    outer loop
      vertex -43.4137 -78.1511 0
      vertex -30.4799 -100.479 0
      vertex -35.3734 -98.8621 0
    endloop
  endfacet
  facet normal -0 0 -1
    outer loop
      vertex -6.43603 -32.3561 0
      vertex -43.7306 -76.9683 0
      vertex -9.56697 -31.5718 0
    endloop
  endfacet
  facet normal -0 0 -1
    outer loop
      vertex -9.56697 -31.5718 0
      vertex -43.7306 -76.9683 0
      vertex -9.57649 -31.5695 0
    endloop
  endfacet
  facet normal -0 0 -1
    outer loop
      vertex -9.57649 -31.5695 0
      vertex -43.7306 -76.9683 0
      vertex -9.58573 -31.5662 0
    endloop
  endfacet
  facet normal -0 0 -1
    outer loop
      vertex -9.58573 -31.5662 0
      vertex -43.7306 -76.9683 0
      vertex -12.6247 -30.4788 0
    endloop
  endfacet
  facet normal 0 0 -1
    outer loop
      vertex -44.2 -76.5566 0
      vertex -12.6247 -30.4788 0
      vertex -43.7306 -76.9683 0
    endloop
  endfacet
  facet normal -0 0 -1
    outer loop
      vertex -12.6247 -30.4788 0
      vertex -44.2 -76.5566 0
      vertex -15.5425 -29.0988 0
    endloop
  endfacet
  facet normal -0 0 -1
    outer loop
      vertex -15.5425 -29.0988 0
      vertex -44.2 -76.5566 0
      vertex -15.5514 -29.0946 0
    endloop
  endfacet
  facet normal -0 0 -1
    outer loop
      vertex -15.5514 -29.0946 0
      vertex -44.2 -76.5566 0
      vertex -18.3198 -27.4352 0
    endloop
  endfacet
  facet normal -0 0 -1
    outer loop
      vertex -18.3198 -27.4352 0
      vertex -44.2 -76.5566 0
      vertex -18.3283 -27.4302 0
    endloop
  endfacet
  facet normal -0 0 -1
    outer loop
      vertex -18.3283 -27.4302 0
      vertex -44.2 -76.5566 0
      vertex -18.3361 -27.4243 0
    endloop
  endfacet
  facet normal 0 0 -1
    outer loop
      vertex -44.7912 -76.356 0
      vertex -18.3361 -27.4243 0
      vertex -44.2 -76.5566 0
    endloop
  endfacet
  facet normal 0 0 -1
    outer loop
      vertex -44.7912 -76.356 0
      vertex -60.2177 -63.4648 0
      vertex -18.3361 -27.4243 0
    endloop
  endfacet
  facet normal 0 0 -1
    outer loop
      vertex -60.2177 -63.4648 0
      vertex -44.7912 -76.356 0
      vertex -59.8762 -64.5904 0
    endloop
  endfacet
  facet normal 0 0 -1
    outer loop
      vertex -60.7721 -62.4275 0
      vertex -18.3361 -27.4243 0
      vertex -60.2177 -63.4648 0
    endloop
  endfacet
  facet normal -0 0 -1
    outer loop
      vertex -18.3361 -27.4243 0
      vertex -60.7721 -62.4275 0
      vertex -20.9286 -25.5016 0
    endloop
  endfacet
  facet normal 0 0 -1
    outer loop
      vertex -61.5183 -61.5183 0
      vertex -20.9286 -25.5016 0
      vertex -60.7721 -62.4275 0
    endloop
  endfacet
  facet normal -0 0 -1
    outer loop
      vertex -20.9286 -25.5016 0
      vertex -61.5183 -61.5183 0
      vertex -23.3202 -23.334 0
    endloop
  endfacet
  facet normal -0 0 -1
    outer loop
      vertex -23.3202 -23.334 0
      vertex -61.5183 -61.5183 0
      vertex -23.3275 -23.3275 0
    endloop
  endfacet
  facet normal -0 0 -1
    outer loop
      vertex -23.3275 -23.3275 0
      vertex -61.5183 -61.5183 0
      vertex -23.334 -23.3202 0
    endloop
  endfacet
  facet normal -0 0 -1
    outer loop
      vertex -23.334 -23.3202 0
      vertex -61.5183 -61.5183 0
      vertex -25.5016 -20.9286 0
    endloop
  endfacet
  facet normal 0 0 -1
    outer loop
      vertex -62.4275 -60.7721 0
      vertex -25.5016 -20.9286 0
      vertex -61.5183 -61.5183 0
    endloop
  endfacet
  facet normal -0 0 -1
    outer loop
      vertex -25.5016 -20.9286 0
      vertex -62.4275 -60.7721 0
      vertex -27.4243 -18.3361 0
    endloop
  endfacet
  facet normal 0 0 -1
    outer loop
      vertex -63.4648 -60.2177 0
      vertex -27.4243 -18.3361 0
      vertex -62.4275 -60.7721 0
    endloop
  endfacet
  facet normal -0 0 -1
    outer loop
      vertex -27.4243 -18.3361 0
      vertex -63.4648 -60.2177 0
      vertex -27.4302 -18.3283 0
    endloop
  endfacet
  facet normal -0 0 -1
    outer loop
      vertex -27.4302 -18.3283 0
      vertex -63.4648 -60.2177 0
      vertex -27.4352 -18.3198 0
    endloop
  endfacet
  facet normal 0 0 -1
    outer loop
      vertex 91.4782 -0.612293 0
      vertex 105 0 0
      vertex 104.874 -5.15211 0
    endloop
  endfacet
  facet normal 0 0 -1
    outer loop
      vertex 91.1314 -1.13137 0
      vertex 104.874 -5.15211 0
      vertex 104.494 -10.2918 0
    endloop
  endfacet
  facet normal -0 0 -1
    outer loop
      vertex 105 0 0
      vertex 91.4782 -0.612293 0
      vertex 91.6 0 0
    endloop
  endfacet
  facet normal 0 0 -1
    outer loop
      vertex 90.6123 -1.47821 0
      vertex 104.494 -10.2918 0
      vertex 103.864 -15.4067 0
    endloop
  endfacet
  facet normal 0 0 -1
    outer loop
      vertex 105 0 0
      vertex 91.4782 0.612293 0
      vertex 104.874 5.15211 0
    endloop
  endfacet
  facet normal 0 0 -1
    outer loop
      vertex 90 -1.6 0
      vertex 103.864 -15.4067 0
      vertex 102.982 -20.4845 0
    endloop
  endfacet
  facet normal 0 0 -1
    outer loop
      vertex 91.1314 1.13137 0
      vertex 104.874 5.15211 0
      vertex 91.4782 0.612293 0
    endloop
  endfacet
  facet normal 0 0 -1
    outer loop
      vertex 89.3877 -1.47821 0
      vertex 102.982 -20.4845 0
      vertex 101.853 -25.5129 0
    endloop
  endfacet
  facet normal -0 0 -1
    outer loop
      vertex 104.874 5.15211 0
      vertex 91.1314 1.13137 0
      vertex 104.494 10.2918 0
    endloop
  endfacet
  facet normal 0 0 -1
    outer loop
      vertex 89.3877 -1.47821 0
      vertex 101.853 -25.5129 0
      vertex 100.479 -30.4799 0
    endloop
  endfacet
  facet normal 0 0 -1
    outer loop
      vertex 90.6123 1.47821 0
      vertex 104.494 10.2918 0
      vertex 91.1314 1.13137 0
    endloop
  endfacet
  facet normal 0 0 -1
    outer loop
      vertex 88.8686 -1.13137 0
      vertex 100.479 -30.4799 0
      vertex 98.8621 -35.3734 0
    endloop
  endfacet
  facet normal -0 0 -1
    outer loop
      vertex 104.494 10.2918 0
      vertex 90.6123 1.47821 0
      vertex 103.864 15.4067 0
    endloop
  endfacet
  facet normal 0 0 -1
    outer loop
      vertex 88.8686 -1.13137 0
      vertex 98.8621 -35.3734 0
      vertex 97.0073 -40.1818 0
    endloop
  endfacet
  facet normal 0 0 -1
    outer loop
      vertex 90 1.6 0
      vertex 103.864 15.4067 0
      vertex 90.6123 1.47821 0
    endloop
  endfacet
  facet normal 0 0 -1
    outer loop
      vertex 68.057 -60.2177 0
      vertex 90.0615 -53.9808 0
      vertex 69.0944 -60.7721 0
    endloop
  endfacet
  facet normal -0 0 -1
    outer loop
      vertex 103.864 15.4067 0
      vertex 90 1.6 0
      vertex 102.982 20.4845 0
    endloop
  endfacet
  facet normal 0 0 -1
    outer loop
      vertex 70.0036 -61.5183 0
      vertex 84.3368 -62.5484 0
      vertex 70.7497 -62.4275 0
    endloop
  endfacet
  facet normal 0 0 -1
    outer loop
      vertex 89.3877 1.47821 0
      vertex 102.982 20.4845 0
      vertex 90 1.6 0
    endloop
  endfacet
  facet normal -0 0 -1
    outer loop
      vertex 102.982 20.4845 0
      vertex 89.3877 1.47821 0
      vertex 101.853 25.5129 0
    endloop
  endfacet
  facet normal 0 0 -1
    outer loop
      vertex 91.4782 0.612293 0
      vertex 105 0 0
      vertex 91.6 0 0
    endloop
  endfacet
  facet normal 0 0 -1
    outer loop
      vertex 104.874 -5.15211 0
      vertex 91.1314 -1.13137 0
      vertex 91.4782 -0.612293 0
    endloop
  endfacet
  facet normal 0 0 -1
    outer loop
      vertex 104.494 -10.2918 0
      vertex 90.6123 -1.47821 0
      vertex 91.1314 -1.13137 0
    endloop
  endfacet
  facet normal 0 0 -1
    outer loop
      vertex 70.7497 -62.4275 0
      vertex 84.3368 -62.5484 0
      vertex 71.3042 -63.4648 0
    endloop
  endfacet
  facet normal 0 0 -1
    outer loop
      vertex 103.864 -15.4067 0
      vertex 90 -1.6 0
      vertex 90.6123 -1.47821 0
    endloop
  endfacet
  facet normal 0 0 -1
    outer loop
      vertex 102.982 -20.4845 0
      vertex 89.3877 -1.47821 0
      vertex 90 -1.6 0
    endloop
  endfacet
  facet normal 0 0 -1
    outer loop
      vertex 100.479 -30.4799 0
      vertex 88.8686 -1.13137 0
      vertex 89.3877 -1.47821 0
    endloop
  endfacet
  facet normal 0 0 -1
    outer loop
      vertex 84.3368 -62.5484 0
      vertex 70.0036 -61.5183 0
      vertex 87.3043 -58.3349 0
    endloop
  endfacet
  facet normal 0 0 -1
    outer loop
      vertex 69.0944 -60.7721 0
      vertex 87.3043 -58.3349 0
      vertex 70.0036 -61.5183 0
    endloop
  endfacet
  facet normal 0 0 -1
    outer loop
      vertex 81.1661 -66.6113 0
      vertex 71.3042 -63.4648 0
      vertex 84.3368 -62.5484 0
    endloop
  endfacet
  facet normal -0 0 -1
    outer loop
      vertex 101.853 25.5129 0
      vertex 89.3877 1.47821 0
      vertex 100.479 30.4799 0
    endloop
  endfacet
  facet normal 0 0 -1
    outer loop
      vertex 88.8686 1.13137 0
      vertex 100.479 30.4799 0
      vertex 89.3877 1.47821 0
    endloop
  endfacet
  facet normal -0 0 -1
    outer loop
      vertex 100.479 30.4799 0
      vertex 88.8686 1.13137 0
      vertex 98.8621 35.3734 0
    endloop
  endfacet
  facet normal -0 0 -1
    outer loop
      vertex 98.8621 35.3734 0
      vertex 88.8686 1.13137 0
      vertex 97.0073 40.1818 0
    endloop
  endfacet
  facet normal -0 0 -1
    outer loop
      vertex 97.0073 40.1818 0
      vertex 88.8686 1.13137 0
      vertex 94.9189 44.8933 0
    endloop
  endfacet
  facet normal 0 0 -1
    outer loop
      vertex 71.7609 65.7609 0
      vertex 94.9189 44.8933 0
      vertex 88.8686 1.13137 0
    endloop
  endfacet
  facet normal 0 0 -1
    outer loop
      vertex 94.9189 44.8933 0
      vertex 71.7609 65.7609 0
      vertex 92.6017 49.4967 0
    endloop
  endfacet
  facet normal 0 0 -1
    outer loop
      vertex 71.7609 65.7609 0
      vertex 88.8686 1.13137 0
      vertex 88.5218 0.612293 0
    endloop
  endfacet
  facet normal 0 0 -1
    outer loop
      vertex 71.7609 65.7609 0
      vertex 88.5218 0.612293 0
      vertex 88.4 0 0
    endloop
  endfacet
  facet normal 0 0 -1
    outer loop
      vertex 92.6017 49.4967 0
      vertex 71.7609 65.7609 0
      vertex 90.0615 53.9808 0
    endloop
  endfacet
  facet normal -0 0 -1
    outer loop
      vertex 87.3043 -58.3349 0
      vertex 69.0944 -60.7721 0
      vertex 90.0615 -53.9808 0
    endloop
  endfacet
  facet normal 0 0 -1
    outer loop
      vertex 71.3042 -63.4648 0
      vertex 81.1661 -66.6113 0
      vertex 71.6456 -64.5904 0
    endloop
  endfacet
  facet normal -0 0 -1
    outer loop
      vertex 90.0615 -53.9808 0
      vertex 68.057 -60.2177 0
      vertex 92.6017 -49.4967 0
    endloop
  endfacet
  facet normal 0 0 -1
    outer loop
      vertex 71.6456 -64.5904 0
      vertex 81.1661 -66.6113 0
      vertex 71.7609 -65.7609 0
    endloop
  endfacet
  facet normal 0 0 -1
    outer loop
      vertex 90.0615 53.9808 0
      vertex 71.7609 65.7609 0
      vertex 87.3043 58.3349 0
    endloop
  endfacet
  facet normal 0 0 -1
    outer loop
      vertex 71.7609 -65.7609 0
      vertex 81.1661 -66.6113 0
      vertex 77.7999 -70.5137 0
    endloop
  endfacet
  facet normal 0 0 -1
    outer loop
      vertex 87.3043 58.3349 0
      vertex 71.7609 65.7609 0
      vertex 84.3368 62.5484 0
    endloop
  endfacet
  facet normal 0 0 -1
    outer loop
      vertex 70.7497 -69.0944 0
      vertex 77.7999 -70.5137 0
      vertex 74.2462 -74.2462 0
    endloop
  endfacet
  facet normal 0 0 -1
    outer loop
      vertex 84.3368 62.5484 0
      vertex 71.7609 65.7609 0
      vertex 81.1661 66.6113 0
    endloop
  endfacet
  facet normal -0 0 -1
    outer loop
      vertex 81.1661 66.6113 0
      vertex 71.7609 65.7609 0
      vertex 77.7999 70.5137 0
    endloop
  endfacet
  facet normal 0 0 -1
    outer loop
      vertex 77.7999 -70.5137 0
      vertex 71.6456 -66.9315 0
      vertex 71.7609 -65.7609 0
    endloop
  endfacet
  facet normal 0 0 -1
    outer loop
      vertex 77.7999 -70.5137 0
      vertex 71.3042 -68.057 0
      vertex 71.6456 -66.9315 0
    endloop
  endfacet
  facet normal 0 0 -1
    outer loop
      vertex 77.7999 -70.5137 0
      vertex 70.7497 -69.0944 0
      vertex 71.3042 -68.057 0
    endloop
  endfacet
  facet normal 0 0 -1
    outer loop
      vertex 69.0944 -70.7497 0
      vertex 74.2462 -74.2462 0
      vertex 70.5137 -77.7999 0
    endloop
  endfacet
  facet normal 0 0 -1
    outer loop
      vertex 74.2462 -74.2462 0
      vertex 70.0036 -70.0036 0
      vertex 70.7497 -69.0944 0
    endloop
  endfacet
  facet normal 0 0 -1
    outer loop
      vertex 74.2462 -74.2462 0
      vertex 69.0944 -70.7497 0
      vertex 70.0036 -70.0036 0
    endloop
  endfacet
  facet normal 0 0 -1
    outer loop
      vertex 70.5137 -77.7999 0
      vertex 68.057 -71.3042 0
      vertex 69.0944 -70.7497 0
    endloop
  endfacet
  facet normal 0 0 -1
    outer loop
      vertex 70.5137 -77.7999 0
      vertex 66.9315 -71.6456 0
      vertex 68.057 -71.3042 0
    endloop
  endfacet
  facet normal 0 0 -1
    outer loop
      vertex 65.7609 -71.7609 0
      vertex 70.5137 -77.7999 0
      vertex 66.6113 -81.1661 0
    endloop
  endfacet
  facet normal 0 0 -1
    outer loop
      vertex 70.5137 -77.7999 0
      vertex 65.7609 -71.7609 0
      vertex 66.9315 -71.6456 0
    endloop
  endfacet
  facet normal 0 0 -1
    outer loop
      vertex 66.6113 -81.1661 0
      vertex 64.5904 -71.6456 0
      vertex 65.7609 -71.7609 0
    endloop
  endfacet
  facet normal 0 0 -1
    outer loop
      vertex 66.6113 -81.1661 0
      vertex 63.4648 -71.3042 0
      vertex 64.5904 -71.6456 0
    endloop
  endfacet
  facet normal 0 0 -1
    outer loop
      vertex 62.5484 -84.3368 0
      vertex 63.4648 -71.3042 0
      vertex 66.6113 -81.1661 0
    endloop
  endfacet
  facet normal 0 0 -1
    outer loop
      vertex 62.5484 -84.3368 0
      vertex 62.4275 -70.7497 0
      vertex 63.4648 -71.3042 0
    endloop
  endfacet
  facet normal 0 0 -1
    outer loop
      vertex 62.5484 -84.3368 0
      vertex 61.5183 -70.0036 0
      vertex 62.4275 -70.7497 0
    endloop
  endfacet
  facet normal 0 0 -1
    outer loop
      vertex 58.3349 -87.3043 0
      vertex 61.5183 -70.0036 0
      vertex 62.5484 -84.3368 0
    endloop
  endfacet
  facet normal -0 0 -1
    outer loop
      vertex 61.5183 -70.0036 0
      vertex 58.3349 -87.3043 0
      vertex 60.7721 -69.0944 0
    endloop
  endfacet
  facet normal -0 0 -1
    outer loop
      vertex 60.7721 -69.0944 0
      vertex 58.3349 -87.3043 0
      vertex 60.2177 -68.057 0
    endloop
  endfacet
  facet normal 0 0 -1
    outer loop
      vertex 32.8311 -3.23358 0
      vertex 59.7609 -65.7609 0
      vertex 58.3349 -87.3043 0
    endloop
  endfacet
  facet normal -0 0 -1
    outer loop
      vertex 59.8762 -66.9315 0
      vertex 58.3349 -87.3043 0
      vertex 59.7609 -65.7609 0
    endloop
  endfacet
  facet normal -0 0 -1
    outer loop
      vertex 60.2177 -68.057 0
      vertex 58.3349 -87.3043 0
      vertex 59.8762 -66.9315 0
    endloop
  endfacet
  facet normal -0.405231 -0.914214 0
    outer loop
      vertex -44.8933 -94.9189 0
      vertex -40.1818 -97.0073 15.01
      vertex -44.8933 -94.9189 15.01
    endloop
  endfacet
  facet normal -0.405231 -0.914214 -0
    outer loop
      vertex -40.1818 -97.0073 15.01
      vertex -44.8933 -94.9189 0
      vertex -40.1818 -97.0073 0
    endloop
  endfacet
  facet normal 0.534997 -0.844854 0
    outer loop
      vertex 53.9808 -90.0615 0
      vertex 58.3349 -87.3043 15.01
      vertex 53.9808 -90.0615 15.01
    endloop
  endfacet
  facet normal 0.534997 -0.844854 0
    outer loop
      vertex 58.3349 -87.3043 15.01
      vertex 53.9808 -90.0615 0
      vertex 58.3349 -87.3043 0
    endloop
  endfacet
  facet normal 0.844854 -0.534997 0
    outer loop
      vertex 87.3043 -58.3349 15.01
      vertex 90.0615 -53.9808 0
      vertex 90.0615 -53.9808 15.01
    endloop
  endfacet
  facet normal 0.844854 -0.534997 0
    outer loop
      vertex 90.0615 -53.9808 0
      vertex 87.3043 -58.3349 15.01
      vertex 87.3043 -58.3349 0
    endloop
  endfacet
  facet normal 0.405231 0.914214 -0
    outer loop
      vertex 44.8933 94.9189 0
      vertex 40.1818 97.0073 15.01
      vertex 44.8933 94.9189 15.01
    endloop
  endfacet
  facet normal 0.405231 0.914214 0
    outer loop
      vertex 40.1818 97.0073 15.01
      vertex 44.8933 94.9189 0
      vertex 40.1818 97.0073 0
    endloop
  endfacet
  facet normal 0.219071 -0.975709 0
    outer loop
      vertex 20.4845 -102.982 0
      vertex 25.5129 -101.853 15.01
      vertex 20.4845 -102.982 15.01
    endloop
  endfacet
  facet normal 0.219071 -0.975709 0
    outer loop
      vertex 25.5129 -101.853 15.01
      vertex 20.4845 -102.982 0
      vertex 25.5129 -101.853 0
    endloop
  endfacet
  facet normal 0.122246 0.9925 -0
    outer loop
      vertex 15.4067 103.864 0
      vertex 10.2918 104.494 15.01
      vertex 15.4067 103.864 15.01
    endloop
  endfacet
  facet normal 0.122246 0.9925 0
    outer loop
      vertex 10.2918 104.494 15.01
      vertex 15.4067 103.864 0
      vertex 10.2918 104.494 0
    endloop
  endfacet
  facet normal -0.975709 0.219071 0
    outer loop
      vertex -102.982 20.4845 0
      vertex -101.853 25.5129 15.01
      vertex -101.853 25.5129 0
    endloop
  endfacet
  facet normal -0.975709 0.219071 0
    outer loop
      vertex -101.853 25.5129 15.01
      vertex -102.982 20.4845 0
      vertex -102.982 20.4845 15.01
    endloop
  endfacet
  facet normal -0.171135 -0.985248 0
    outer loop
      vertex -20.4845 -102.982 0
      vertex -15.4067 -103.864 15.01
      vertex -20.4845 -102.982 15.01
    endloop
  endfacet
  facet normal -0.171135 -0.985248 -0
    outer loop
      vertex -15.4067 -103.864 15.01
      vertex -20.4845 -102.982 0
      vertex -15.4067 -103.864 0
    endloop
  endfacet
  facet normal 0.985248 0.171135 0
    outer loop
      vertex 103.864 15.4067 15.01
      vertex 102.982 20.4845 0
      vertex 102.982 20.4845 15.01
    endloop
  endfacet
  facet normal 0.985248 0.171135 0
    outer loop
      vertex 102.982 20.4845 0
      vertex 103.864 15.4067 15.01
      vertex 103.864 15.4067 0
    endloop
  endfacet
  facet normal 0.975709 -0.219071 0
    outer loop
      vertex 101.853 -25.5129 15.01
      vertex 102.982 -20.4845 0
      vertex 102.982 -20.4845 15.01
    endloop
  endfacet
  facet normal 0.975709 -0.219071 0
    outer loop
      vertex 102.982 -20.4845 0
      vertex 101.853 -25.5129 15.01
      vertex 101.853 -25.5129 0
    endloop
  endfacet
  facet normal 0.999806 -0.0197187 0
    outer loop
      vertex 104.877 -5 15.01
      vertex 104.874 -5.15211 15.01
      vertex 104.877 -5 7
    endloop
  endfacet
  facet normal 0.999698 -0.0245926 0
    outer loop
      vertex 104.877 -5 7
      vertex 105 0 0
      vertex 105 0 7
    endloop
  endfacet
  facet normal 0.999701 -0.0244487 0.000102827
    outer loop
      vertex 104.877 -5 7
      vertex 104.874 -5.15211 0
      vertex 105 0 0
    endloop
  endfacet
  facet normal 0.999806 -0.0197187 0
    outer loop
      vertex 104.874 -5.15211 0
      vertex 104.877 -5 7
      vertex 104.874 -5.15211 15.01
    endloop
  endfacet
  facet normal -0.492897 0.870088 0
    outer loop
      vertex -49.4967 92.6017 0
      vertex -53.9808 90.0615 15.01
      vertex -49.4967 92.6017 15.01
    endloop
  endfacet
  facet normal -0.492897 0.870088 0
    outer loop
      vertex -53.9808 90.0615 15.01
      vertex -49.4967 92.6017 0
      vertex -53.9808 90.0615 0
    endloop
  endfacet
  facet normal 0.757212 -0.653169 0
    outer loop
      vertex 77.7999 -70.5137 15.01
      vertex 81.1661 -66.6113 0
      vertex 81.1661 -66.6113 15.01
    endloop
  endfacet
  facet normal 0.757212 -0.653169 0
    outer loop
      vertex 81.1661 -66.6113 0
      vertex 77.7999 -70.5137 15.01
      vertex 77.7999 -70.5137 0
    endloop
  endfacet
  facet normal 0.359894 -0.932993 0
    outer loop
      vertex 35.3734 -98.8621 0
      vertex 40.1818 -97.0073 15.01
      vertex 35.3734 -98.8621 15.01
    endloop
  endfacet
  facet normal 0.359894 -0.932993 0
    outer loop
      vertex 40.1818 -97.0073 15.01
      vertex 35.3734 -98.8621 0
      vertex 40.1818 -97.0073 0
    endloop
  endfacet
  facet normal 0.689547 -0.724241 0
    outer loop
      vertex 70.5137 -77.7999 0
      vertex 74.2462 -74.2462 15.01
      vertex 70.5137 -77.7999 15.01
    endloop
  endfacet
  facet normal 0.689547 -0.724241 0
    outer loop
      vertex 74.2462 -74.2462 15.01
      vertex 70.5137 -77.7999 0
      vertex 74.2462 -74.2462 0
    endloop
  endfacet
  facet normal 0.914214 -0.405231 0
    outer loop
      vertex 94.9189 -44.8933 15.01
      vertex 97.0073 -40.1818 0
      vertex 97.0073 -40.1818 15.01
    endloop
  endfacet
  facet normal 0.914214 -0.405231 0
    outer loop
      vertex 97.0073 -40.1818 0
      vertex 94.9189 -44.8933 15.01
      vertex 94.9189 -44.8933 0
    endloop
  endfacet
  facet normal -0.975709 -0.219071 0
    outer loop
      vertex -101.853 -25.5129 0
      vertex -102.982 -20.4845 15.01
      vertex -102.982 -20.4845 0
    endloop
  endfacet
  facet normal -0.975709 -0.219071 0
    outer loop
      vertex -102.982 -20.4845 15.01
      vertex -101.853 -25.5129 0
      vertex -101.853 -25.5129 15.01
    endloop
  endfacet
  facet normal 0.724241 0.689547 0
    outer loop
      vertex 77.7999 70.5137 15.01
      vertex 74.2462 74.2462 0
      vertex 74.2462 74.2462 15.01
    endloop
  endfacet
  facet normal 0.724241 0.689547 0
    outer loop
      vertex 74.2462 74.2462 0
      vertex 77.7999 70.5137 15.01
      vertex 77.7999 70.5137 0
    endloop
  endfacet
  facet normal 0.757212 0.653169 0
    outer loop
      vertex 81.1661 66.6113 15.01
      vertex 77.7999 70.5137 0
      vertex 77.7999 70.5137 15.01
    endloop
  endfacet
  facet normal 0.757212 0.653169 0
    outer loop
      vertex 77.7999 70.5137 0
      vertex 81.1661 66.6113 15.01
      vertex 81.1661 66.6113 0
    endloop
  endfacet
  facet normal -0.0244487 -0.999701 0
    outer loop
      vertex -5.15211 -104.874 0
      vertex 0 -105 15.01
      vertex -5.15211 -104.874 15.01
    endloop
  endfacet
  facet normal -0.0244487 -0.999701 -0
    outer loop
      vertex 0 -105 15.01
      vertex -5.15211 -104.874 0
      vertex 0 -105 0
    endloop
  endfacet
  facet normal 0.963804 0.266613 0
    outer loop
      vertex 101.853 25.5129 15.01
      vertex 100.479 30.4799 0
      vertex 100.479 30.4799 15.01
    endloop
  endfacet
  facet normal 0.963804 0.266613 0
    outer loop
      vertex 100.479 30.4799 0
      vertex 101.853 25.5129 15.01
      vertex 101.853 25.5129 0
    endloop
  endfacet
  facet normal 0.492897 -0.870088 0
    outer loop
      vertex 49.4967 -92.6017 0
      vertex 53.9808 -90.0615 15.01
      vertex 49.4967 -92.6017 15.01
    endloop
  endfacet
  facet normal 0.492897 -0.870088 0
    outer loop
      vertex 53.9808 -90.0615 15.01
      vertex 49.4967 -92.6017 0
      vertex 53.9808 -90.0615 0
    endloop
  endfacet
  facet normal 0.575811 0.817583 -0
    outer loop
      vertex 62.5484 84.3368 0
      vertex 58.3349 87.3043 15.01
      vertex 62.5484 84.3368 15.01
    endloop
  endfacet
  facet normal 0.575811 0.817583 0
    outer loop
      vertex 58.3349 87.3043 15.01
      vertex 62.5484 84.3368 0
      vertex 58.3349 87.3043 0
    endloop
  endfacet
  facet normal -0.492897 -0.870088 0
    outer loop
      vertex -53.9808 -90.0615 0
      vertex -49.4967 -92.6017 15.01
      vertex -53.9808 -90.0615 15.01
    endloop
  endfacet
  facet normal -0.492897 -0.870088 -0
    outer loop
      vertex -49.4967 -92.6017 15.01
      vertex -53.9808 -90.0615 0
      vertex -49.4967 -92.6017 0
    endloop
  endfacet
  facet normal -0.359894 0.932993 0
    outer loop
      vertex -35.3734 98.8621 0
      vertex -40.1818 97.0073 15.01
      vertex -35.3734 98.8621 15.01
    endloop
  endfacet
  facet normal -0.359894 0.932993 0
    outer loop
      vertex -40.1818 97.0073 15.01
      vertex -35.3734 98.8621 0
      vertex -40.1818 97.0073 0
    endloop
  endfacet
  facet normal -0.0244487 0.999701 0
    outer loop
      vertex 0 105 0
      vertex -5.15211 104.874 15.01
      vertex 0 105 15.01
    endloop
  endfacet
  facet normal -0.0244487 0.999701 0
    outer loop
      vertex -5.15211 104.874 15.01
      vertex 0 105 0
      vertex -5.15211 104.874 0
    endloop
  endfacet
  facet normal 0.615229 0.788348 -0
    outer loop
      vertex 66.6113 81.1661 0
      vertex 62.5484 84.3368 15.01
      vertex 66.6113 81.1661 15.01
    endloop
  endfacet
  facet normal 0.615229 0.788348 0
    outer loop
      vertex 62.5484 84.3368 15.01
      vertex 66.6113 81.1661 0
      vertex 62.5484 84.3368 0
    endloop
  endfacet
  facet normal -0.653169 0.757212 0
    outer loop
      vertex -66.6113 81.1661 0
      vertex -70.5137 77.7999 15.01
      vertex -66.6113 81.1661 15.01
    endloop
  endfacet
  facet normal -0.653169 0.757212 0
    outer loop
      vertex -70.5137 77.7999 15.01
      vertex -66.6113 81.1661 0
      vertex -70.5137 77.7999 0
    endloop
  endfacet
  facet normal -0.171135 0.985248 0
    outer loop
      vertex -15.4067 103.864 0
      vertex -20.4845 102.982 15.01
      vertex -15.4067 103.864 15.01
    endloop
  endfacet
  facet normal -0.171135 0.985248 0
    outer loop
      vertex -20.4845 102.982 15.01
      vertex -15.4067 103.864 0
      vertex -20.4845 102.982 0
    endloop
  endfacet
  facet normal 0.870088 -0.492897 0
    outer loop
      vertex 90.0615 -53.9808 15.01
      vertex 92.6017 -49.4967 0
      vertex 92.6017 -49.4967 15.01
    endloop
  endfacet
  facet normal 0.870088 -0.492897 0
    outer loop
      vertex 92.6017 -49.4967 0
      vertex 90.0615 -53.9808 15.01
      vertex 90.0615 -53.9808 0
    endloop
  endfacet
  facet normal -0.615229 -0.788348 0
    outer loop
      vertex -66.6113 -81.1661 0
      vertex -62.5484 -84.3368 15.01
      vertex -66.6113 -81.1661 15.01
    endloop
  endfacet
  facet normal -0.615229 -0.788348 -0
    outer loop
      vertex -62.5484 -84.3368 15.01
      vertex -66.6113 -81.1661 0
      vertex -62.5484 -84.3368 0
    endloop
  endfacet
  facet normal 0.817583 0.575811 0
    outer loop
      vertex 87.3043 58.3349 15.01
      vertex 84.3368 62.5484 0
      vertex 84.3368 62.5484 15.01
    endloop
  endfacet
  facet normal 0.817583 0.575811 0
    outer loop
      vertex 84.3368 62.5484 0
      vertex 87.3043 58.3349 15.01
      vertex 87.3043 58.3349 0
    endloop
  endfacet
  facet normal -0.932993 -0.359894 0
    outer loop
      vertex -97.0073 -40.1818 0
      vertex -98.8621 -35.3734 15.01
      vertex -98.8621 -35.3734 0
    endloop
  endfacet
  facet normal -0.932993 -0.359894 0
    outer loop
      vertex -98.8621 -35.3734 15.01
      vertex -97.0073 -40.1818 0
      vertex -97.0073 -40.1818 15.01
    endloop
  endfacet
  facet normal -0.817583 -0.575811 0
    outer loop
      vertex -84.3368 -62.5484 0
      vertex -87.3043 -58.3349 15.01
      vertex -87.3043 -58.3349 0
    endloop
  endfacet
  facet normal -0.817583 -0.575811 0
    outer loop
      vertex -87.3043 -58.3349 15.01
      vertex -84.3368 -62.5484 0
      vertex -84.3368 -62.5484 15.01
    endloop
  endfacet
  facet normal 0.615229 -0.788348 0
    outer loop
      vertex 62.5484 -84.3368 0
      vertex 66.6113 -81.1661 15.01
      vertex 62.5484 -84.3368 15.01
    endloop
  endfacet
  facet normal 0.615229 -0.788348 0
    outer loop
      vertex 66.6113 -81.1661 15.01
      vertex 62.5484 -84.3368 0
      vertex 66.6113 -81.1661 0
    endloop
  endfacet
  facet normal 0.313735 0.94951 -0
    outer loop
      vertex 35.3734 98.8621 0
      vertex 30.4799 100.479 15.01
      vertex 35.3734 98.8621 15.01
    endloop
  endfacet
  facet normal 0.313735 0.94951 0
    outer loop
      vertex 30.4799 100.479 15.01
      vertex 35.3734 98.8621 0
      vertex 30.4799 100.479 0
    endloop
  endfacet
  facet normal 0.266613 0.963804 -0
    outer loop
      vertex 30.4799 100.479 0
      vertex 25.5129 101.853 15.01
      vertex 30.4799 100.479 15.01
    endloop
  endfacet
  facet normal 0.266613 0.963804 0
    outer loop
      vertex 25.5129 101.853 15.01
      vertex 30.4799 100.479 0
      vertex 25.5129 101.853 0
    endloop
  endfacet
  facet normal 0.893221 -0.449618 0
    outer loop
      vertex 92.6017 -49.4967 15.01
      vertex 94.9189 -44.8933 0
      vertex 94.9189 -44.8933 15.01
    endloop
  endfacet
  facet normal 0.893221 -0.449618 0
    outer loop
      vertex 94.9189 -44.8933 0
      vertex 92.6017 -49.4967 15.01
      vertex 92.6017 -49.4967 0
    endloop
  endfacet
  facet normal 0.219071 0.975709 -0
    outer loop
      vertex 25.5129 101.853 0
      vertex 20.4845 102.982 15.01
      vertex 25.5129 101.853 15.01
    endloop
  endfacet
  facet normal 0.219071 0.975709 0
    outer loop
      vertex 20.4845 102.982 15.01
      vertex 25.5129 101.853 0
      vertex 20.4845 102.982 0
    endloop
  endfacet
  facet normal 0.449618 -0.893221 0
    outer loop
      vertex 44.8933 -94.9189 0
      vertex 49.4967 -92.6017 15.01
      vertex 44.8933 -94.9189 15.01
    endloop
  endfacet
  facet normal 0.449618 -0.893221 0
    outer loop
      vertex 49.4967 -92.6017 15.01
      vertex 44.8933 -94.9189 0
      vertex 49.4967 -92.6017 0
    endloop
  endfacet
  facet normal -0.788348 0.615229 0
    outer loop
      vertex -84.3368 62.5484 0
      vertex -81.1661 66.6113 15.01
      vertex -81.1661 66.6113 0
    endloop
  endfacet
  facet normal -0.788348 0.615229 0
    outer loop
      vertex -81.1661 66.6113 15.01
      vertex -84.3368 62.5484 0
      vertex -84.3368 62.5484 15.01
    endloop
  endfacet
  facet normal -0.219071 -0.975709 0
    outer loop
      vertex -25.5129 -101.853 0
      vertex -20.4845 -102.982 15.01
      vertex -25.5129 -101.853 15.01
    endloop
  endfacet
  facet normal -0.219071 -0.975709 -0
    outer loop
      vertex -20.4845 -102.982 15.01
      vertex -25.5129 -101.853 0
      vertex -20.4845 -102.982 0
    endloop
  endfacet
  facet normal 0.817583 -0.575811 0
    outer loop
      vertex 84.3368 -62.5484 15.01
      vertex 87.3043 -58.3349 0
      vertex 87.3043 -58.3349 15.01
    endloop
  endfacet
  facet normal 0.817583 -0.575811 0
    outer loop
      vertex 87.3043 -58.3349 0
      vertex 84.3368 -62.5484 15.01
      vertex 84.3368 -62.5484 0
    endloop
  endfacet
  facet normal 0.122246 -0.9925 0
    outer loop
      vertex 10.2918 -104.494 0
      vertex 15.4067 -103.864 15.01
      vertex 10.2918 -104.494 15.01
    endloop
  endfacet
  facet normal 0.122246 -0.9925 0
    outer loop
      vertex 15.4067 -103.864 15.01
      vertex 10.2918 -104.494 0
      vertex 15.4067 -103.864 0
    endloop
  endfacet
  facet normal -0.914214 -0.405231 0
    outer loop
      vertex -94.9189 -44.8933 0
      vertex -97.0073 -40.1818 15.01
      vertex -97.0073 -40.1818 0
    endloop
  endfacet
  facet normal -0.914214 -0.405231 0
    outer loop
      vertex -97.0073 -40.1818 15.01
      vertex -94.9189 -44.8933 0
      vertex -94.9189 -44.8933 15.01
    endloop
  endfacet
  facet normal -0.844854 0.534997 0
    outer loop
      vertex -90.0615 53.9808 0
      vertex -87.3043 58.3349 15.01
      vertex -87.3043 58.3349 0
    endloop
  endfacet
  facet normal -0.844854 0.534997 0
    outer loop
      vertex -87.3043 58.3349 15.01
      vertex -90.0615 53.9808 0
      vertex -90.0615 53.9808 15.01
    endloop
  endfacet
  facet normal -0.724241 0.689547 0
    outer loop
      vertex -77.7999 70.5137 0
      vertex -74.2462 74.2462 15.01
      vertex -74.2462 74.2462 0
    endloop
  endfacet
  facet normal -0.724241 0.689547 0
    outer loop
      vertex -74.2462 74.2462 15.01
      vertex -77.7999 70.5137 0
      vertex -77.7999 70.5137 15.01
    endloop
  endfacet
  facet normal 0.266613 -0.963804 0
    outer loop
      vertex 25.5129 -101.853 0
      vertex 30.4799 -100.479 15.01
      vertex 25.5129 -101.853 15.01
    endloop
  endfacet
  facet normal 0.266613 -0.963804 0
    outer loop
      vertex 30.4799 -100.479 15.01
      vertex 25.5129 -101.853 0
      vertex 30.4799 -100.479 0
    endloop
  endfacet
  facet normal 0.405231 -0.914214 0
    outer loop
      vertex 40.1818 -97.0073 0
      vertex 44.8933 -94.9189 15.01
      vertex 40.1818 -97.0073 15.01
    endloop
  endfacet
  facet normal 0.405231 -0.914214 0
    outer loop
      vertex 44.8933 -94.9189 15.01
      vertex 40.1818 -97.0073 0
      vertex 44.8933 -94.9189 0
    endloop
  endfacet
  facet normal -0.893221 -0.449618 0
    outer loop
      vertex -92.6017 -49.4967 0
      vertex -94.9189 -44.8933 15.01
      vertex -94.9189 -44.8933 0
    endloop
  endfacet
  facet normal -0.893221 -0.449618 0
    outer loop
      vertex -94.9189 -44.8933 15.01
      vertex -92.6017 -49.4967 0
      vertex -92.6017 -49.4967 15.01
    endloop
  endfacet
  facet normal -0.0737332 -0.997278 0
    outer loop
      vertex -10.2918 -104.494 0
      vertex -5.15211 -104.874 15.01
      vertex -10.2918 -104.494 15.01
    endloop
  endfacet
  facet normal -0.0737332 -0.997278 -0
    outer loop
      vertex -5.15211 -104.874 15.01
      vertex -10.2918 -104.494 0
      vertex -5.15211 -104.874 0
    endloop
  endfacet
  facet normal -0.449618 0.893221 0
    outer loop
      vertex -44.8933 94.9189 0
      vertex -49.4967 92.6017 15.01
      vertex -44.8933 94.9189 15.01
    endloop
  endfacet
  facet normal -0.449618 0.893221 0
    outer loop
      vertex -49.4967 92.6017 15.01
      vertex -44.8933 94.9189 0
      vertex -49.4967 92.6017 0
    endloop
  endfacet
  facet normal -0.266613 -0.963804 0
    outer loop
      vertex -30.4799 -100.479 0
      vertex -25.5129 -101.853 15.01
      vertex -30.4799 -100.479 15.01
    endloop
  endfacet
  facet normal -0.266613 -0.963804 -0
    outer loop
      vertex -25.5129 -101.853 15.01
      vertex -30.4799 -100.479 0
      vertex -25.5129 -101.853 0
    endloop
  endfacet
  facet normal 0.932993 0.359894 0
    outer loop
      vertex 98.8621 35.3734 15.01
      vertex 97.0073 40.1818 0
      vertex 97.0073 40.1818 15.01
    endloop
  endfacet
  facet normal 0.932993 0.359894 0
    outer loop
      vertex 97.0073 40.1818 0
      vertex 98.8621 35.3734 15.01
      vertex 98.8621 35.3734 0
    endloop
  endfacet
  facet normal 0.0737332 0.997278 -0
    outer loop
      vertex 10.2918 104.494 0
      vertex 5.15211 104.874 15.01
      vertex 10.2918 104.494 15.01
    endloop
  endfacet
  facet normal 0.0737332 0.997278 0
    outer loop
      vertex 5.15211 104.874 15.01
      vertex 10.2918 104.494 0
      vertex 5.15211 104.874 0
    endloop
  endfacet
  facet normal 0.534997 0.844854 -0
    outer loop
      vertex 58.3349 87.3043 0
      vertex 53.9808 90.0615 15.01
      vertex 58.3349 87.3043 15.01
    endloop
  endfacet
  facet normal 0.534997 0.844854 0
    outer loop
      vertex 53.9808 90.0615 15.01
      vertex 58.3349 87.3043 0
      vertex 53.9808 90.0615 0
    endloop
  endfacet
  facet normal -0.313735 -0.94951 0
    outer loop
      vertex -35.3734 -98.8621 0
      vertex -30.4799 -100.479 15.01
      vertex -35.3734 -98.8621 15.01
    endloop
  endfacet
  facet normal -0.313735 -0.94951 -0
    outer loop
      vertex -30.4799 -100.479 15.01
      vertex -35.3734 -98.8621 0
      vertex -30.4799 -100.479 0
    endloop
  endfacet
  facet normal -0.997278 0.0737332 0
    outer loop
      vertex -104.874 5.15211 0
      vertex -104.494 10.2918 15.01
      vertex -104.494 10.2918 0
    endloop
  endfacet
  facet normal -0.997278 0.0737332 0
    outer loop
      vertex -104.494 10.2918 15.01
      vertex -104.874 5.15211 0
      vertex -104.874 5.15211 15.01
    endloop
  endfacet
  facet normal -0.985248 0.171135 0
    outer loop
      vertex -103.864 15.4067 0
      vertex -102.982 20.4845 15.01
      vertex -102.982 20.4845 0
    endloop
  endfacet
  facet normal -0.985248 0.171135 0
    outer loop
      vertex -102.982 20.4845 15.01
      vertex -103.864 15.4067 0
      vertex -103.864 15.4067 15.01
    endloop
  endfacet
  facet normal 0.313735 -0.94951 0
    outer loop
      vertex 30.4799 -100.479 0
      vertex 35.3734 -98.8621 15.01
      vertex 30.4799 -100.479 15.01
    endloop
  endfacet
  facet normal 0.313735 -0.94951 0
    outer loop
      vertex 35.3734 -98.8621 15.01
      vertex 30.4799 -100.479 0
      vertex 35.3734 -98.8621 0
    endloop
  endfacet
  facet normal -0.266613 0.963804 0
    outer loop
      vertex -25.5129 101.853 0
      vertex -30.4799 100.479 15.01
      vertex -25.5129 101.853 15.01
    endloop
  endfacet
  facet normal -0.266613 0.963804 0
    outer loop
      vertex -30.4799 100.479 15.01
      vertex -25.5129 101.853 0
      vertex -30.4799 100.479 0
    endloop
  endfacet
  facet normal -0.788348 -0.615229 0
    outer loop
      vertex -81.1661 -66.6113 0
      vertex -84.3368 -62.5484 15.01
      vertex -84.3368 -62.5484 0
    endloop
  endfacet
  facet normal -0.788348 -0.615229 0
    outer loop
      vertex -84.3368 -62.5484 15.01
      vertex -81.1661 -66.6113 0
      vertex -81.1661 -66.6113 15.01
    endloop
  endfacet
  facet normal 0.575811 -0.817583 0
    outer loop
      vertex 58.3349 -87.3043 0
      vertex 62.5484 -84.3368 15.01
      vertex 58.3349 -87.3043 15.01
    endloop
  endfacet
  facet normal 0.575811 -0.817583 0
    outer loop
      vertex 62.5484 -84.3368 15.01
      vertex 58.3349 -87.3043 0
      vertex 62.5484 -84.3368 0
    endloop
  endfacet
  facet normal -0.963804 -0.266613 0
    outer loop
      vertex -100.479 -30.4799 0
      vertex -101.853 -25.5129 15.01
      vertex -101.853 -25.5129 0
    endloop
  endfacet
  facet normal -0.963804 -0.266613 0
    outer loop
      vertex -101.853 -25.5129 15.01
      vertex -100.479 -30.4799 0
      vertex -100.479 -30.4799 15.01
    endloop
  endfacet
  facet normal -0.449618 -0.893221 0
    outer loop
      vertex -49.4967 -92.6017 0
      vertex -44.8933 -94.9189 15.01
      vertex -49.4967 -92.6017 15.01
    endloop
  endfacet
  facet normal -0.449618 -0.893221 -0
    outer loop
      vertex -44.8933 -94.9189 15.01
      vertex -49.4967 -92.6017 0
      vertex -44.8933 -94.9189 0
    endloop
  endfacet
  facet normal -0.870088 0.492897 0
    outer loop
      vertex -92.6017 49.4967 0
      vertex -90.0615 53.9808 15.01
      vertex -90.0615 53.9808 0
    endloop
  endfacet
  facet normal -0.870088 0.492897 0
    outer loop
      vertex -90.0615 53.9808 15.01
      vertex -92.6017 49.4967 0
      vertex -92.6017 49.4967 15.01
    endloop
  endfacet
  facet normal -0.405231 0.914214 0
    outer loop
      vertex -40.1818 97.0073 0
      vertex -44.8933 94.9189 15.01
      vertex -40.1818 97.0073 15.01
    endloop
  endfacet
  facet normal -0.405231 0.914214 0
    outer loop
      vertex -44.8933 94.9189 15.01
      vertex -40.1818 97.0073 0
      vertex -44.8933 94.9189 0
    endloop
  endfacet
  facet normal -0.575811 -0.817583 0
    outer loop
      vertex -62.5484 -84.3368 0
      vertex -58.3349 -87.3043 15.01
      vertex -62.5484 -84.3368 15.01
    endloop
  endfacet
  facet normal -0.575811 -0.817583 -0
    outer loop
      vertex -58.3349 -87.3043 15.01
      vertex -62.5484 -84.3368 0
      vertex -58.3349 -87.3043 0
    endloop
  endfacet
  facet normal -0.534997 -0.844854 0
    outer loop
      vertex -58.3349 -87.3043 0
      vertex -53.9808 -90.0615 15.01
      vertex -58.3349 -87.3043 15.01
    endloop
  endfacet
  facet normal -0.534997 -0.844854 -0
    outer loop
      vertex -53.9808 -90.0615 15.01
      vertex -58.3349 -87.3043 0
      vertex -53.9808 -90.0615 0
    endloop
  endfacet
  facet normal -0.689537 0.72425 0
    outer loop
      vertex -62.1192 68.538 15.01
      vertex -65.4074 65.4074 30.01
      vertex -62.1192 68.538 30.01
    endloop
  endfacet
  facet normal -0.689537 0.72425 0
    outer loop
      vertex -65.4074 65.4074 30.01
      vertex -62.1192 68.538 15.01
      vertex -65.4074 65.4074 15.01
    endloop
  endfacet
  facet normal 0.170964 -0.985277 0
    outer loop
      vertex 13.5726 -91.4988 15.01
      vertex 18.0459 -90.7226 30.01
      vertex 13.5726 -91.4988 30.01
    endloop
  endfacet
  facet normal 0.170964 -0.985277 0
    outer loop
      vertex 18.0459 -90.7226 30.01
      vertex 13.5726 -91.4988 15.01
      vertex 18.0459 -90.7226 15.01
    endloop
  endfacet
  facet normal -0.870089 0.492895 0
    outer loop
      vertex -81.5777 43.6042 15.01
      vertex -79.3399 47.5545 30.01
      vertex -79.3399 47.5545 15.01
    endloop
  endfacet
  facet normal -0.870089 0.492895 0
    outer loop
      vertex -79.3399 47.5545 30.01
      vertex -81.5777 43.6042 15.01
      vertex -81.5777 43.6042 30.01
    endloop
  endfacet
  facet normal -0.78835 -0.615227 0
    outer loop
      vertex -71.5035 -58.6814 15.01
      vertex -74.2967 -55.1022 30.01
      vertex -74.2967 -55.1022 15.01
    endloop
  endfacet
  facet normal -0.78835 -0.615227 0
    outer loop
      vertex -74.2967 -55.1022 30.01
      vertex -71.5035 -58.6814 15.01
      vertex -71.5035 -58.6814 30.01
    endloop
  endfacet
  facet normal 0.99729 0.0735721 0
    outer loop
      vertex 92.0546 9.06658 30.01
      vertex 92.3546 5 17
      vertex 92.0546 9.06658 15.01
    endloop
  endfacet
  facet normal 0.99729 0.0735663 1.83317e-06
    outer loop
      vertex 92.3886 4.53876 30.01
      vertex 92.3546 5 17
      vertex 92.0546 9.06658 30.01
    endloop
  endfacet
  facet normal 0.997294 0.0735149 0
    outer loop
      vertex 92.3546 5 17
      vertex 92.3886 4.53876 30.01
      vertex 92.3886 4.53876 17
    endloop
  endfacet
  facet normal 0.99729 0.0735721 0
    outer loop
      vertex 92.0546 9.06658 15.01
      vertex 92.3546 5 17
      vertex 92.3546 5 15.01
    endloop
  endfacet
  facet normal 0.999699 -0.0245368 0
    outer loop
      vertex 92.3886 -4.53876 30.01
      vertex 92.5 0 17
      vertex 92.5 0 30.01
    endloop
  endfacet
  facet normal 0.999699 -0.0245368 0
    outer loop
      vertex 92.5 0 17
      vertex 92.3886 -4.53876 30.01
      vertex 92.3886 -4.53876 17
    endloop
  endfacet
  facet normal 0.492895 -0.870089 0
    outer loop
      vertex 43.6042 -81.5777 15.01
      vertex 47.5545 -79.3399 30.01
      vertex 43.6042 -81.5777 30.01
    endloop
  endfacet
  facet normal 0.492895 -0.870089 0
    outer loop
      vertex 47.5545 -79.3399 30.01
      vertex 43.6042 -81.5777 15.01
      vertex 47.5545 -79.3399 15.01
    endloop
  endfacet
  facet normal -0.535009 -0.844847 0
    outer loop
      vertex -51.3902 -76.9109 15.01
      vertex -47.5545 -79.3399 30.01
      vertex -51.3902 -76.9109 30.01
    endloop
  endfacet
  facet normal -0.535009 -0.844847 -0
    outer loop
      vertex -47.5545 -79.3399 30.01
      vertex -51.3902 -76.9109 15.01
      vertex -47.5545 -79.3399 15.01
    endloop
  endfacet
  facet normal -0.975704 0.219092 0
    outer loop
      vertex -90.7226 18.0459 15.01
      vertex -89.7279 22.4757 30.01
      vertex -89.7279 22.4757 15.01
    endloop
  endfacet
  facet normal -0.975704 0.219092 0
    outer loop
      vertex -89.7279 22.4757 30.01
      vertex -90.7226 18.0459 15.01
      vertex -90.7226 18.0459 30.01
    endloop
  endfacet
  facet normal 0.0735663 -0.99729 0
    outer loop
      vertex 4.53876 -92.3886 15.01
      vertex 9.06658 -92.0546 30.01
      vertex 4.53876 -92.3886 30.01
    endloop
  endfacet
  facet normal 0.0735663 -0.99729 0
    outer loop
      vertex 9.06658 -92.0546 30.01
      vertex 4.53876 -92.3886 15.01
      vertex 9.06658 -92.0546 15.01
    endloop
  endfacet
  facet normal 0.963776 0.266714 0
    outer loop
      vertex 89.7279 22.4757 30.01
      vertex 88.517 26.8513 15.01
      vertex 88.517 26.8513 30.01
    endloop
  endfacet
  facet normal 0.963776 0.266714 0
    outer loop
      vertex 88.517 26.8513 15.01
      vertex 89.7279 22.4757 30.01
      vertex 89.7279 22.4757 15.01
    endloop
  endfacet
  facet normal -0.449608 0.893226 0
    outer loop
      vertex -39.5488 83.619 15.01
      vertex -43.6042 81.5777 30.01
      vertex -39.5488 83.619 30.01
    endloop
  endfacet
  facet normal -0.449608 0.893226 0
    outer loop
      vertex -43.6042 81.5777 30.01
      vertex -39.5488 83.619 15.01
      vertex -43.6042 81.5777 15.01
    endloop
  endfacet
  facet normal 0.893226 -0.449608 0
    outer loop
      vertex 81.5777 -43.6042 30.01
      vertex 83.619 -39.5488 15.01
      vertex 83.619 -39.5488 30.01
    endloop
  endfacet
  facet normal 0.893226 -0.449608 0
    outer loop
      vertex 83.619 -39.5488 15.01
      vertex 81.5777 -43.6042 30.01
      vertex 81.5777 -43.6042 15.01
    endloop
  endfacet
  facet normal 0.992479 0.122418 0
    outer loop
      vertex 92.0546 9.06658 30.01
      vertex 91.4988 13.5726 15.01
      vertex 91.4988 13.5726 30.01
    endloop
  endfacet
  facet normal 0.992479 0.122418 0
    outer loop
      vertex 91.4988 13.5726 15.01
      vertex 92.0546 9.06658 30.01
      vertex 92.0546 9.06658 15.01
    endloop
  endfacet
  facet normal -0.492895 0.870089 0
    outer loop
      vertex -43.6042 81.5777 15.01
      vertex -47.5545 79.3399 30.01
      vertex -43.6042 81.5777 30.01
    endloop
  endfacet
  facet normal -0.492895 0.870089 0
    outer loop
      vertex -47.5545 79.3399 30.01
      vertex -43.6042 81.5777 15.01
      vertex -47.5545 79.3399 15.01
    endloop
  endfacet
  facet normal 0.313689 -0.949526 0
    outer loop
      vertex 26.8513 -88.517 15.01
      vertex 31.1623 -87.0928 30.01
      vertex 26.8513 -88.517 30.01
    endloop
  endfacet
  facet normal 0.313689 -0.949526 0
    outer loop
      vertex 31.1623 -87.0928 30.01
      vertex 26.8513 -88.517 15.01
      vertex 31.1623 -87.0928 15.01
    endloop
  endfacet
  facet normal 0.492895 0.870089 -0
    outer loop
      vertex 47.5545 79.3399 15.01
      vertex 43.6042 81.5777 30.01
      vertex 47.5545 79.3399 30.01
    endloop
  endfacet
  facet normal 0.492895 0.870089 0
    outer loop
      vertex 43.6042 81.5777 30.01
      vertex 47.5545 79.3399 15.01
      vertex 43.6042 81.5777 15.01
    endloop
  endfacet
  facet normal 0.870089 0.492895 0
    outer loop
      vertex 81.5777 43.6042 30.01
      vertex 79.3399 47.5545 15.01
      vertex 79.3399 47.5545 30.01
    endloop
  endfacet
  facet normal 0.870089 0.492895 0
    outer loop
      vertex 79.3399 47.5545 15.01
      vertex 81.5777 43.6042 30.01
      vertex 81.5777 43.6042 15.01
    endloop
  endfacet
  facet normal -0.817594 -0.575796 0
    outer loop
      vertex -74.2967 -55.1022 15.01
      vertex -76.9109 -51.3902 30.01
      vertex -76.9109 -51.3902 15.01
    endloop
  endfacet
  facet normal -0.817594 -0.575796 0
    outer loop
      vertex -76.9109 -51.3902 30.01
      vertex -74.2967 -55.1022 15.01
      vertex -74.2967 -55.1022 30.01
    endloop
  endfacet
  facet normal -0.72425 0.689537 0
    outer loop
      vertex -68.538 62.1192 15.01
      vertex -65.4074 65.4074 30.01
      vertex -65.4074 65.4074 15.01
    endloop
  endfacet
  facet normal -0.72425 0.689537 0
    outer loop
      vertex -65.4074 65.4074 30.01
      vertex -68.538 62.1192 15.01
      vertex -68.538 62.1192 30.01
    endloop
  endfacet
  facet normal 0.985277 0.170964 0
    outer loop
      vertex 91.4988 13.5726 30.01
      vertex 90.7226 18.0459 15.01
      vertex 90.7226 18.0459 30.01
    endloop
  endfacet
  facet normal 0.985277 0.170964 0
    outer loop
      vertex 90.7226 18.0459 15.01
      vertex 91.4988 13.5726 30.01
      vertex 91.4988 13.5726 15.01
    endloop
  endfacet
  facet normal 0.817594 -0.575796 0
    outer loop
      vertex 74.2967 -55.1022 30.01
      vertex 76.9109 -51.3902 15.01
      vertex 76.9109 -51.3902 30.01
    endloop
  endfacet
  facet normal 0.817594 -0.575796 0
    outer loop
      vertex 76.9109 -51.3902 15.01
      vertex 74.2967 -55.1022 30.01
      vertex 74.2967 -55.1022 15.01
    endloop
  endfacet
  facet normal 0.999699 0.0245368 0
    outer loop
      vertex 92.5 0 30.01
      vertex 92.3886 4.53876 17
      vertex 92.3886 4.53876 30.01
    endloop
  endfacet
  facet normal 0.999699 0.0245368 0
    outer loop
      vertex 92.3886 4.53876 17
      vertex 92.5 0 30.01
      vertex 92.5 0 17
    endloop
  endfacet
  facet normal -0.999699 -0.0245368 0
    outer loop
      vertex -92.3886 -4.53876 15.01
      vertex -92.5 0 30.01
      vertex -92.5 0 15.01
    endloop
  endfacet
  facet normal -0.999699 -0.0245368 0
    outer loop
      vertex -92.5 0 30.01
      vertex -92.3886 -4.53876 15.01
      vertex -92.3886 -4.53876 30.01
    endloop
  endfacet
  facet normal 0.949526 -0.313689 0
    outer loop
      vertex 87.0928 -31.1623 30.01
      vertex 88.517 -26.8513 15.01
      vertex 88.517 -26.8513 30.01
    endloop
  endfacet
  facet normal 0.949526 -0.313689 0
    outer loop
      vertex 88.517 -26.8513 15.01
      vertex 87.0928 -31.1623 30.01
      vertex 87.0928 -31.1623 15.01
    endloop
  endfacet
  facet normal 0.449608 0.893226 -0
    outer loop
      vertex 43.6042 81.5777 15.01
      vertex 39.5488 83.619 30.01
      vertex 43.6042 81.5777 30.01
    endloop
  endfacet
  facet normal 0.449608 0.893226 0
    outer loop
      vertex 39.5488 83.619 30.01
      vertex 43.6042 81.5777 15.01
      vertex 39.5488 83.619 15.01
    endloop
  endfacet
  facet normal -0.219092 0.975704 0
    outer loop
      vertex -18.0459 90.7226 15.01
      vertex -22.4757 89.7279 30.01
      vertex -18.0459 90.7226 30.01
    endloop
  endfacet
  facet normal -0.219092 0.975704 0
    outer loop
      vertex -22.4757 89.7279 30.01
      vertex -18.0459 90.7226 15.01
      vertex -22.4757 89.7279 15.01
    endloop
  endfacet
  facet normal 0.449608 -0.893226 0
    outer loop
      vertex 39.5488 -83.619 15.01
      vertex 43.6042 -81.5777 30.01
      vertex 39.5488 -83.619 30.01
    endloop
  endfacet
  facet normal 0.449608 -0.893226 0
    outer loop
      vertex 43.6042 -81.5777 30.01
      vertex 39.5488 -83.619 15.01
      vertex 43.6042 -81.5777 15.01
    endloop
  endfacet
  facet normal 0.313689 0.949526 -0
    outer loop
      vertex 31.1623 87.0928 15.01
      vertex 26.8513 88.517 30.01
      vertex 31.1623 87.0928 30.01
    endloop
  endfacet
  facet normal 0.313689 0.949526 0
    outer loop
      vertex 26.8513 88.517 30.01
      vertex 31.1623 87.0928 15.01
      vertex 26.8513 88.517 15.01
    endloop
  endfacet
  facet normal -0.492895 -0.870089 0
    outer loop
      vertex -47.5545 -79.3399 15.01
      vertex -43.6042 -81.5777 30.01
      vertex -47.5545 -79.3399 30.01
    endloop
  endfacet
  facet normal -0.492895 -0.870089 -0
    outer loop
      vertex -43.6042 -81.5777 30.01
      vertex -47.5545 -79.3399 15.01
      vertex -43.6042 -81.5777 15.01
    endloop
  endfacet
  facet normal -0.985277 -0.170964 0
    outer loop
      vertex -90.7226 -18.0459 15.01
      vertex -91.4988 -13.5726 30.01
      vertex -91.4988 -13.5726 15.01
    endloop
  endfacet
  facet normal -0.985277 -0.170964 0
    outer loop
      vertex -91.4988 -13.5726 30.01
      vertex -90.7226 -18.0459 15.01
      vertex -90.7226 -18.0459 30.01
    endloop
  endfacet
  facet normal -0.949526 -0.313689 0
    outer loop
      vertex -87.0928 -31.1623 15.01
      vertex -88.517 -26.8513 30.01
      vertex -88.517 -26.8513 15.01
    endloop
  endfacet
  facet normal -0.949526 -0.313689 0
    outer loop
      vertex -88.517 -26.8513 30.01
      vertex -87.0928 -31.1623 15.01
      vertex -87.0928 -31.1623 30.01
    endloop
  endfacet
  facet normal -0.985277 0.170964 0
    outer loop
      vertex -91.4988 13.5726 15.01
      vertex -90.7226 18.0459 30.01
      vertex -90.7226 18.0459 15.01
    endloop
  endfacet
  facet normal -0.985277 0.170964 0
    outer loop
      vertex -90.7226 18.0459 30.01
      vertex -91.4988 13.5726 15.01
      vertex -91.4988 13.5726 30.01
    endloop
  endfacet
  facet normal -0.359882 0.932998 0
    outer loop
      vertex -31.1623 87.0928 15.01
      vertex -35.3982 85.4589 30.01
      vertex -31.1623 87.0928 30.01
    endloop
  endfacet
  facet normal -0.359882 0.932998 0
    outer loop
      vertex -35.3982 85.4589 30.01
      vertex -31.1623 87.0928 15.01
      vertex -35.3982 85.4589 15.01
    endloop
  endfacet
  facet normal -0.757205 0.653177 0
    outer loop
      vertex -71.5035 58.6814 15.01
      vertex -68.538 62.1192 30.01
      vertex -68.538 62.1192 15.01
    endloop
  endfacet
  facet normal -0.757205 0.653177 0
    outer loop
      vertex -68.538 62.1192 30.01
      vertex -71.5035 58.6814 15.01
      vertex -71.5035 58.6814 30.01
    endloop
  endfacet
  facet normal 0.893226 0.449608 0
    outer loop
      vertex 83.619 39.5488 30.01
      vertex 81.5777 43.6042 15.01
      vertex 81.5777 43.6042 30.01
    endloop
  endfacet
  facet normal 0.893226 0.449608 0
    outer loop
      vertex 81.5777 43.6042 15.01
      vertex 83.619 39.5488 30.01
      vertex 83.619 39.5488 15.01
    endloop
  endfacet
  facet normal 0.689537 0.72425 -0
    outer loop
      vertex 65.4074 65.4074 15.01
      vertex 62.1192 68.538 30.01
      vertex 65.4074 65.4074 30.01
    endloop
  endfacet
  facet normal 0.689537 0.72425 0
    outer loop
      vertex 62.1192 68.538 30.01
      vertex 65.4074 65.4074 15.01
      vertex 62.1192 68.538 15.01
    endloop
  endfacet
  facet normal -0.932998 0.359882 0
    outer loop
      vertex -87.0928 31.1623 15.01
      vertex -85.4589 35.3982 30.01
      vertex -85.4589 35.3982 15.01
    endloop
  endfacet
  facet normal -0.932998 0.359882 0
    outer loop
      vertex -85.4589 35.3982 30.01
      vertex -87.0928 31.1623 15.01
      vertex -87.0928 31.1623 30.01
    endloop
  endfacet
  facet normal -0.844847 0.535009 0
    outer loop
      vertex -79.3399 47.5545 15.01
      vertex -76.9109 51.3902 30.01
      vertex -76.9109 51.3902 15.01
    endloop
  endfacet
  facet normal -0.844847 0.535009 0
    outer loop
      vertex -76.9109 51.3902 30.01
      vertex -79.3399 47.5545 15.01
      vertex -79.3399 47.5545 30.01
    endloop
  endfacet
  facet normal 0.914204 -0.405253 0
    outer loop
      vertex 83.619 -39.5488 30.01
      vertex 85.4589 -35.3982 15.01
      vertex 85.4589 -35.3982 30.01
    endloop
  endfacet
  facet normal 0.914204 -0.405253 0
    outer loop
      vertex 85.4589 -35.3982 15.01
      vertex 83.619 -39.5488 30.01
      vertex 83.619 -39.5488 15.01
    endloop
  endfacet
  facet normal 0.170964 0.985277 -0
    outer loop
      vertex 18.0459 90.7226 15.01
      vertex 13.5726 91.4988 30.01
      vertex 18.0459 90.7226 30.01
    endloop
  endfacet
  facet normal 0.170964 0.985277 0
    outer loop
      vertex 13.5726 91.4988 30.01
      vertex 18.0459 90.7226 15.01
      vertex 13.5726 91.4988 15.01
    endloop
  endfacet
  facet normal 0.0245368 -0.999699 0
    outer loop
      vertex 0 -92.5 15.01
      vertex 4.53876 -92.3886 30.01
      vertex 0 -92.5 30.01
    endloop
  endfacet
  facet normal 0.0245368 -0.999699 0
    outer loop
      vertex 4.53876 -92.3886 30.01
      vertex 0 -92.5 15.01
      vertex 4.53876 -92.3886 15.01
    endloop
  endfacet
  facet normal 0.575796 0.817594 -0
    outer loop
      vertex 55.1022 74.2967 15.01
      vertex 51.3902 76.9109 30.01
      vertex 55.1022 74.2967 30.01
    endloop
  endfacet
  facet normal 0.575796 0.817594 0
    outer loop
      vertex 51.3902 76.9109 30.01
      vertex 55.1022 74.2967 15.01
      vertex 51.3902 76.9109 15.01
    endloop
  endfacet
  facet normal 0.975704 -0.219092 0
    outer loop
      vertex 89.7279 -22.4757 30.01
      vertex 90.7226 -18.0459 15.01
      vertex 90.7226 -18.0459 30.01
    endloop
  endfacet
  facet normal 0.975704 -0.219092 0
    outer loop
      vertex 90.7226 -18.0459 15.01
      vertex 89.7279 -22.4757 30.01
      vertex 89.7279 -22.4757 15.01
    endloop
  endfacet
  facet normal 0.78835 0.615227 0
    outer loop
      vertex 74.2967 55.1022 30.01
      vertex 71.5035 58.6814 15.01
      vertex 71.5035 58.6814 30.01
    endloop
  endfacet
  facet normal 0.78835 0.615227 0
    outer loop
      vertex 71.5035 58.6814 15.01
      vertex 74.2967 55.1022 30.01
      vertex 74.2967 55.1022 15.01
    endloop
  endfacet
  facet normal -0.575796 -0.817594 0
    outer loop
      vertex -55.1022 -74.2967 15.01
      vertex -51.3902 -76.9109 30.01
      vertex -55.1022 -74.2967 30.01
    endloop
  endfacet
  facet normal -0.575796 -0.817594 -0
    outer loop
      vertex -51.3902 -76.9109 30.01
      vertex -55.1022 -74.2967 15.01
      vertex -51.3902 -76.9109 15.01
    endloop
  endfacet
  facet normal -0.932998 -0.359882 0
    outer loop
      vertex -85.4589 -35.3982 15.01
      vertex -87.0928 -31.1623 30.01
      vertex -87.0928 -31.1623 15.01
    endloop
  endfacet
  facet normal -0.932998 -0.359882 0
    outer loop
      vertex -87.0928 -31.1623 30.01
      vertex -85.4589 -35.3982 15.01
      vertex -85.4589 -35.3982 30.01
    endloop
  endfacet
  facet normal -0.449608 -0.893226 0
    outer loop
      vertex -43.6042 -81.5777 15.01
      vertex -39.5488 -83.619 30.01
      vertex -43.6042 -81.5777 30.01
    endloop
  endfacet
  facet normal -0.449608 -0.893226 -0
    outer loop
      vertex -39.5488 -83.619 30.01
      vertex -43.6042 -81.5777 15.01
      vertex -39.5488 -83.619 15.01
    endloop
  endfacet
  facet normal -0.122418 -0.992479 0
    outer loop
      vertex -13.5726 -91.4988 15.01
      vertex -9.06658 -92.0546 30.01
      vertex -13.5726 -91.4988 30.01
    endloop
  endfacet
  facet normal -0.122418 -0.992479 -0
    outer loop
      vertex -9.06658 -92.0546 30.01
      vertex -13.5726 -91.4988 15.01
      vertex -9.06658 -92.0546 15.01
    endloop
  endfacet
  facet normal 0.535009 0.844847 -0
    outer loop
      vertex 51.3902 76.9109 15.01
      vertex 47.5545 79.3399 30.01
      vertex 51.3902 76.9109 30.01
    endloop
  endfacet
  facet normal 0.535009 0.844847 0
    outer loop
      vertex 47.5545 79.3399 30.01
      vertex 51.3902 76.9109 15.01
      vertex 47.5545 79.3399 15.01
    endloop
  endfacet
  facet normal 0.689537 -0.72425 0
    outer loop
      vertex 62.1192 -68.538 15.01
      vertex 65.4074 -65.4074 30.01
      vertex 62.1192 -68.538 30.01
    endloop
  endfacet
  facet normal 0.689537 -0.72425 0
    outer loop
      vertex 65.4074 -65.4074 30.01
      vertex 62.1192 -68.538 15.01
      vertex 65.4074 -65.4074 15.01
    endloop
  endfacet
  facet normal -0.170964 -0.985277 0
    outer loop
      vertex -18.0459 -90.7226 15.01
      vertex -13.5726 -91.4988 30.01
      vertex -18.0459 -90.7226 30.01
    endloop
  endfacet
  facet normal -0.170964 -0.985277 -0
    outer loop
      vertex -13.5726 -91.4988 30.01
      vertex -18.0459 -90.7226 15.01
      vertex -13.5726 -91.4988 15.01
    endloop
  endfacet
  facet normal 0.985277 -0.170964 0
    outer loop
      vertex 90.7226 -18.0459 30.01
      vertex 91.4988 -13.5726 15.01
      vertex 91.4988 -13.5726 30.01
    endloop
  endfacet
  facet normal 0.985277 -0.170964 0
    outer loop
      vertex 91.4988 -13.5726 15.01
      vertex 90.7226 -18.0459 30.01
      vertex 90.7226 -18.0459 15.01
    endloop
  endfacet
  facet normal 0.535009 -0.844847 0
    outer loop
      vertex 47.5545 -79.3399 15.01
      vertex 51.3902 -76.9109 30.01
      vertex 47.5545 -79.3399 30.01
    endloop
  endfacet
  facet normal 0.535009 -0.844847 0
    outer loop
      vertex 51.3902 -76.9109 30.01
      vertex 47.5545 -79.3399 15.01
      vertex 51.3902 -76.9109 15.01
    endloop
  endfacet
  facet normal -0.963776 0.266714 0
    outer loop
      vertex -89.7279 22.4757 15.01
      vertex -88.517 26.8513 30.01
      vertex -88.517 26.8513 15.01
    endloop
  endfacet
  facet normal -0.963776 0.266714 0
    outer loop
      vertex -88.517 26.8513 30.01
      vertex -89.7279 22.4757 15.01
      vertex -89.7279 22.4757 30.01
    endloop
  endfacet
  facet normal -0.99729 0.0735663 0
    outer loop
      vertex -92.3886 4.53876 15.01
      vertex -92.0546 9.06658 30.01
      vertex -92.0546 9.06658 15.01
    endloop
  endfacet
  facet normal -0.99729 0.0735663 0
    outer loop
      vertex -92.0546 9.06658 30.01
      vertex -92.3886 4.53876 15.01
      vertex -92.3886 4.53876 30.01
    endloop
  endfacet
  facet normal 0.963776 -0.266714 0
    outer loop
      vertex 88.517 -26.8513 30.01
      vertex 89.7279 -22.4757 15.01
      vertex 89.7279 -22.4757 30.01
    endloop
  endfacet
  facet normal 0.963776 -0.266714 0
    outer loop
      vertex 89.7279 -22.4757 15.01
      vertex 88.517 -26.8513 30.01
      vertex 88.517 -26.8513 15.01
    endloop
  endfacet
  facet normal 0.975704 0.219092 0
    outer loop
      vertex 90.7226 18.0459 30.01
      vertex 89.7279 22.4757 15.01
      vertex 89.7279 22.4757 30.01
    endloop
  endfacet
  facet normal 0.975704 0.219092 0
    outer loop
      vertex 89.7279 22.4757 15.01
      vertex 90.7226 18.0459 30.01
      vertex 90.7226 18.0459 15.01
    endloop
  endfacet
  facet normal 0.219092 -0.975704 0
    outer loop
      vertex 18.0459 -90.7226 15.01
      vertex 22.4757 -89.7279 30.01
      vertex 18.0459 -90.7226 30.01
    endloop
  endfacet
  facet normal 0.219092 -0.975704 0
    outer loop
      vertex 22.4757 -89.7279 30.01
      vertex 18.0459 -90.7226 15.01
      vertex 22.4757 -89.7279 15.01
    endloop
  endfacet
  facet normal 0.757205 -0.653177 0
    outer loop
      vertex 68.538 -62.1192 30.01
      vertex 71.5035 -58.6814 15.01
      vertex 71.5035 -58.6814 30.01
    endloop
  endfacet
  facet normal 0.757205 -0.653177 0
    outer loop
      vertex 71.5035 -58.6814 15.01
      vertex 68.538 -62.1192 30.01
      vertex 68.538 -62.1192 15.01
    endloop
  endfacet
  facet normal 0.72425 0.689537 0
    outer loop
      vertex 68.538 62.1192 30.01
      vertex 65.4074 65.4074 15.01
      vertex 65.4074 65.4074 30.01
    endloop
  endfacet
  facet normal 0.72425 0.689537 0
    outer loop
      vertex 65.4074 65.4074 15.01
      vertex 68.538 62.1192 30.01
      vertex 68.538 62.1192 15.01
    endloop
  endfacet
  facet normal 0.653177 -0.757205 0
    outer loop
      vertex 58.6814 -71.5035 15.01
      vertex 62.1192 -68.538 30.01
      vertex 58.6814 -71.5035 30.01
    endloop
  endfacet
  facet normal 0.653177 -0.757205 0
    outer loop
      vertex 62.1192 -68.538 30.01
      vertex 58.6814 -71.5035 15.01
      vertex 62.1192 -68.538 15.01
    endloop
  endfacet
  facet normal 0.914204 0.405253 0
    outer loop
      vertex 85.4589 35.3982 30.01
      vertex 83.619 39.5488 15.01
      vertex 83.619 39.5488 30.01
    endloop
  endfacet
  facet normal 0.914204 0.405253 0
    outer loop
      vertex 83.619 39.5488 15.01
      vertex 85.4589 35.3982 30.01
      vertex 85.4589 35.3982 15.01
    endloop
  endfacet
  facet normal -0.0245368 0.999699 0
    outer loop
      vertex 0 92.5 15.01
      vertex -4.53876 92.3886 30.01
      vertex 0 92.5 30.01
    endloop
  endfacet
  facet normal -0.0245368 0.999699 0
    outer loop
      vertex -4.53876 92.3886 30.01
      vertex 0 92.5 15.01
      vertex -4.53876 92.3886 15.01
    endloop
  endfacet
  facet normal 0.0735663 0.99729 -0
    outer loop
      vertex 9.06658 92.0546 15.01
      vertex 4.53876 92.3886 30.01
      vertex 9.06658 92.0546 30.01
    endloop
  endfacet
  facet normal 0.0735663 0.99729 0
    outer loop
      vertex 4.53876 92.3886 30.01
      vertex 9.06658 92.0546 15.01
      vertex 4.53876 92.3886 15.01
    endloop
  endfacet
  facet normal 0.359882 0.932998 -0
    outer loop
      vertex 35.3982 85.4589 15.01
      vertex 31.1623 87.0928 30.01
      vertex 35.3982 85.4589 30.01
    endloop
  endfacet
  facet normal 0.359882 0.932998 0
    outer loop
      vertex 31.1623 87.0928 30.01
      vertex 35.3982 85.4589 15.01
      vertex 31.1623 87.0928 15.01
    endloop
  endfacet
  facet normal 0.932998 -0.359882 0
    outer loop
      vertex 85.4589 -35.3982 30.01
      vertex 87.0928 -31.1623 15.01
      vertex 87.0928 -31.1623 30.01
    endloop
  endfacet
  facet normal 0.932998 -0.359882 0
    outer loop
      vertex 87.0928 -31.1623 15.01
      vertex 85.4589 -35.3982 30.01
      vertex 85.4589 -35.3982 15.01
    endloop
  endfacet
  facet normal 0.932998 0.359882 0
    outer loop
      vertex 87.0928 31.1623 30.01
      vertex 85.4589 35.3982 15.01
      vertex 85.4589 35.3982 30.01
    endloop
  endfacet
  facet normal 0.932998 0.359882 0
    outer loop
      vertex 85.4589 35.3982 15.01
      vertex 87.0928 31.1623 30.01
      vertex 87.0928 31.1623 15.01
    endloop
  endfacet
  facet normal -0.870089 -0.492895 0
    outer loop
      vertex -79.3399 -47.5545 15.01
      vertex -81.5777 -43.6042 30.01
      vertex -81.5777 -43.6042 15.01
    endloop
  endfacet
  facet normal -0.870089 -0.492895 0
    outer loop
      vertex -81.5777 -43.6042 30.01
      vertex -79.3399 -47.5545 15.01
      vertex -79.3399 -47.5545 30.01
    endloop
  endfacet
  facet normal 0.615227 -0.78835 0
    outer loop
      vertex 55.1022 -74.2967 15.01
      vertex 58.6814 -71.5035 30.01
      vertex 55.1022 -74.2967 30.01
    endloop
  endfacet
  facet normal 0.615227 -0.78835 0
    outer loop
      vertex 58.6814 -71.5035 30.01
      vertex 55.1022 -74.2967 15.01
      vertex 58.6814 -71.5035 15.01
    endloop
  endfacet
  facet normal -0.170964 0.985277 0
    outer loop
      vertex -13.5726 91.4988 15.01
      vertex -18.0459 90.7226 30.01
      vertex -13.5726 91.4988 30.01
    endloop
  endfacet
  facet normal -0.170964 0.985277 0
    outer loop
      vertex -18.0459 90.7226 30.01
      vertex -13.5726 91.4988 15.01
      vertex -18.0459 90.7226 15.01
    endloop
  endfacet
  facet normal 0.844847 0.535009 0
    outer loop
      vertex 79.3399 47.5545 30.01
      vertex 76.9109 51.3902 15.01
      vertex 76.9109 51.3902 30.01
    endloop
  endfacet
  facet normal 0.844847 0.535009 0
    outer loop
      vertex 76.9109 51.3902 15.01
      vertex 79.3399 47.5545 30.01
      vertex 79.3399 47.5545 15.01
    endloop
  endfacet
  facet normal 0.405253 0.914204 -0
    outer loop
      vertex 39.5488 83.619 15.01
      vertex 35.3982 85.4589 30.01
      vertex 39.5488 83.619 30.01
    endloop
  endfacet
  facet normal 0.405253 0.914204 0
    outer loop
      vertex 35.3982 85.4589 30.01
      vertex 39.5488 83.619 15.01
      vertex 35.3982 85.4589 15.01
    endloop
  endfacet
  facet normal 0.949526 0.313689 0
    outer loop
      vertex 88.517 26.8513 30.01
      vertex 87.0928 31.1623 15.01
      vertex 87.0928 31.1623 30.01
    endloop
  endfacet
  facet normal 0.949526 0.313689 0
    outer loop
      vertex 87.0928 31.1623 15.01
      vertex 88.517 26.8513 30.01
      vertex 88.517 26.8513 15.01
    endloop
  endfacet
  facet normal -0.653177 0.757205 0
    outer loop
      vertex -58.6814 71.5035 15.01
      vertex -62.1192 68.538 30.01
      vertex -58.6814 71.5035 30.01
    endloop
  endfacet
  facet normal -0.653177 0.757205 0
    outer loop
      vertex -62.1192 68.538 30.01
      vertex -58.6814 71.5035 15.01
      vertex -62.1192 68.538 15.01
    endloop
  endfacet
  facet normal -0.219092 -0.975704 0
    outer loop
      vertex -22.4757 -89.7279 15.01
      vertex -18.0459 -90.7226 30.01
      vertex -22.4757 -89.7279 30.01
    endloop
  endfacet
  facet normal -0.219092 -0.975704 -0
    outer loop
      vertex -18.0459 -90.7226 30.01
      vertex -22.4757 -89.7279 15.01
      vertex -18.0459 -90.7226 15.01
    endloop
  endfacet
  facet normal 0.405253 -0.914204 0
    outer loop
      vertex 35.3982 -85.4589 15.01
      vertex 39.5488 -83.619 30.01
      vertex 35.3982 -85.4589 30.01
    endloop
  endfacet
  facet normal 0.405253 -0.914204 0
    outer loop
      vertex 39.5488 -83.619 30.01
      vertex 35.3982 -85.4589 15.01
      vertex 39.5488 -83.619 15.01
    endloop
  endfacet
  facet normal -0.122418 0.992479 0
    outer loop
      vertex -9.06658 92.0546 15.01
      vertex -13.5726 91.4988 30.01
      vertex -9.06658 92.0546 30.01
    endloop
  endfacet
  facet normal -0.122418 0.992479 0
    outer loop
      vertex -13.5726 91.4988 30.01
      vertex -9.06658 92.0546 15.01
      vertex -13.5726 91.4988 15.01
    endloop
  endfacet
  facet normal -0.0735663 -0.99729 0
    outer loop
      vertex -9.06658 -92.0546 15.01
      vertex -4.53876 -92.3886 30.01
      vertex -9.06658 -92.0546 30.01
    endloop
  endfacet
  facet normal -0.0735663 -0.99729 -0
    outer loop
      vertex -4.53876 -92.3886 30.01
      vertex -9.06658 -92.0546 15.01
      vertex -4.53876 -92.3886 15.01
    endloop
  endfacet
  facet normal 0.122418 -0.992479 0
    outer loop
      vertex 9.06658 -92.0546 15.01
      vertex 13.5726 -91.4988 30.01
      vertex 9.06658 -92.0546 30.01
    endloop
  endfacet
  facet normal 0.122418 -0.992479 0
    outer loop
      vertex 13.5726 -91.4988 30.01
      vertex 9.06658 -92.0546 15.01
      vertex 13.5726 -91.4988 15.01
    endloop
  endfacet
  facet normal -0.535009 0.844847 0
    outer loop
      vertex -47.5545 79.3399 15.01
      vertex -51.3902 76.9109 30.01
      vertex -47.5545 79.3399 30.01
    endloop
  endfacet
  facet normal -0.535009 0.844847 0
    outer loop
      vertex -51.3902 76.9109 30.01
      vertex -47.5545 79.3399 15.01
      vertex -51.3902 76.9109 15.01
    endloop
  endfacet
  facet normal 0.615227 0.78835 -0
    outer loop
      vertex 58.6814 71.5035 15.01
      vertex 55.1022 74.2967 30.01
      vertex 58.6814 71.5035 30.01
    endloop
  endfacet
  facet normal 0.615227 0.78835 0
    outer loop
      vertex 55.1022 74.2967 30.01
      vertex 58.6814 71.5035 15.01
      vertex 55.1022 74.2967 15.01
    endloop
  endfacet
  facet normal 0.653177 0.757205 -0
    outer loop
      vertex 62.1192 68.538 15.01
      vertex 58.6814 71.5035 30.01
      vertex 62.1192 68.538 30.01
    endloop
  endfacet
  facet normal 0.653177 0.757205 0
    outer loop
      vertex 58.6814 71.5035 30.01
      vertex 62.1192 68.538 15.01
      vertex 58.6814 71.5035 15.01
    endloop
  endfacet
  facet normal -0.992479 -0.122418 0
    outer loop
      vertex -91.4988 -13.5726 15.01
      vertex -92.0546 -9.06658 30.01
      vertex -92.0546 -9.06658 15.01
    endloop
  endfacet
  facet normal -0.992479 -0.122418 0
    outer loop
      vertex -92.0546 -9.06658 30.01
      vertex -91.4988 -13.5726 15.01
      vertex -91.4988 -13.5726 30.01
    endloop
  endfacet
  facet normal -0.78835 0.615227 0
    outer loop
      vertex -74.2967 55.1022 15.01
      vertex -71.5035 58.6814 30.01
      vertex -71.5035 58.6814 15.01
    endloop
  endfacet
  facet normal -0.78835 0.615227 0
    outer loop
      vertex -71.5035 58.6814 30.01
      vertex -74.2967 55.1022 15.01
      vertex -74.2967 55.1022 30.01
    endloop
  endfacet
  facet normal -0.0735663 0.99729 0
    outer loop
      vertex -4.53876 92.3886 15.01
      vertex -9.06658 92.0546 30.01
      vertex -4.53876 92.3886 30.01
    endloop
  endfacet
  facet normal -0.0735663 0.99729 0
    outer loop
      vertex -9.06658 92.0546 30.01
      vertex -4.53876 92.3886 15.01
      vertex -9.06658 92.0546 15.01
    endloop
  endfacet
  facet normal -0.893226 0.449608 0
    outer loop
      vertex -83.619 39.5488 15.01
      vertex -81.5777 43.6042 30.01
      vertex -81.5777 43.6042 15.01
    endloop
  endfacet
  facet normal -0.893226 0.449608 0
    outer loop
      vertex -81.5777 43.6042 30.01
      vertex -83.619 39.5488 15.01
      vertex -83.619 39.5488 30.01
    endloop
  endfacet
  facet normal -0.313689 0.949526 0
    outer loop
      vertex -26.8513 88.517 15.01
      vertex -31.1623 87.0928 30.01
      vertex -26.8513 88.517 30.01
    endloop
  endfacet
  facet normal -0.313689 0.949526 0
    outer loop
      vertex -31.1623 87.0928 30.01
      vertex -26.8513 88.517 15.01
      vertex -31.1623 87.0928 15.01
    endloop
  endfacet
  facet normal -0.757205 -0.653177 0
    outer loop
      vertex -68.538 -62.1192 15.01
      vertex -71.5035 -58.6814 30.01
      vertex -71.5035 -58.6814 15.01
    endloop
  endfacet
  facet normal -0.757205 -0.653177 0
    outer loop
      vertex -71.5035 -58.6814 30.01
      vertex -68.538 -62.1192 15.01
      vertex -68.538 -62.1192 30.01
    endloop
  endfacet
  facet normal -0.72425 -0.689537 0
    outer loop
      vertex -65.4074 -65.4074 15.01
      vertex -68.538 -62.1192 30.01
      vertex -68.538 -62.1192 15.01
    endloop
  endfacet
  facet normal -0.72425 -0.689537 0
    outer loop
      vertex -68.538 -62.1192 30.01
      vertex -65.4074 -65.4074 15.01
      vertex -65.4074 -65.4074 30.01
    endloop
  endfacet
  facet normal 0.757205 0.653177 0
    outer loop
      vertex 71.5035 58.6814 30.01
      vertex 68.538 62.1192 15.01
      vertex 68.538 62.1192 30.01
    endloop
  endfacet
  facet normal 0.757205 0.653177 0
    outer loop
      vertex 68.538 62.1192 15.01
      vertex 71.5035 58.6814 30.01
      vertex 71.5035 58.6814 15.01
    endloop
  endfacet
  facet normal -0.653177 -0.757205 0
    outer loop
      vertex -62.1192 -68.538 15.01
      vertex -58.6814 -71.5035 30.01
      vertex -62.1192 -68.538 30.01
    endloop
  endfacet
  facet normal -0.653177 -0.757205 -0
    outer loop
      vertex -58.6814 -71.5035 30.01
      vertex -62.1192 -68.538 15.01
      vertex -58.6814 -71.5035 15.01
    endloop
  endfacet
  facet normal 0.817594 0.575796 0
    outer loop
      vertex 76.9109 51.3902 30.01
      vertex 74.2967 55.1022 15.01
      vertex 74.2967 55.1022 30.01
    endloop
  endfacet
  facet normal 0.817594 0.575796 0
    outer loop
      vertex 74.2967 55.1022 15.01
      vertex 76.9109 51.3902 30.01
      vertex 76.9109 51.3902 15.01
    endloop
  endfacet
  facet normal -0.999699 0.0245368 0
    outer loop
      vertex -92.5 0 15.01
      vertex -92.3886 4.53876 30.01
      vertex -92.3886 4.53876 15.01
    endloop
  endfacet
  facet normal -0.999699 0.0245368 0
    outer loop
      vertex -92.3886 4.53876 30.01
      vertex -92.5 0 15.01
      vertex -92.5 0 30.01
    endloop
  endfacet
  facet normal 0.72425 -0.689537 0
    outer loop
      vertex 65.4074 -65.4074 30.01
      vertex 68.538 -62.1192 15.01
      vertex 68.538 -62.1192 30.01
    endloop
  endfacet
  facet normal 0.72425 -0.689537 0
    outer loop
      vertex 68.538 -62.1192 15.01
      vertex 65.4074 -65.4074 30.01
      vertex 65.4074 -65.4074 15.01
    endloop
  endfacet
  facet normal 0.870089 -0.492895 0
    outer loop
      vertex 79.3399 -47.5545 30.01
      vertex 81.5777 -43.6042 15.01
      vertex 81.5777 -43.6042 30.01
    endloop
  endfacet
  facet normal 0.870089 -0.492895 0
    outer loop
      vertex 81.5777 -43.6042 15.01
      vertex 79.3399 -47.5545 30.01
      vertex 79.3399 -47.5545 15.01
    endloop
  endfacet
  facet normal -0.992479 0.122418 0
    outer loop
      vertex -92.0546 9.06658 15.01
      vertex -91.4988 13.5726 30.01
      vertex -91.4988 13.5726 15.01
    endloop
  endfacet
  facet normal -0.992479 0.122418 0
    outer loop
      vertex -91.4988 13.5726 30.01
      vertex -92.0546 9.06658 15.01
      vertex -92.0546 9.06658 30.01
    endloop
  endfacet
  facet normal -0.99729 -0.0735663 0
    outer loop
      vertex -92.0546 -9.06658 15.01
      vertex -92.3886 -4.53876 30.01
      vertex -92.3886 -4.53876 15.01
    endloop
  endfacet
  facet normal -0.99729 -0.0735663 0
    outer loop
      vertex -92.3886 -4.53876 30.01
      vertex -92.0546 -9.06658 15.01
      vertex -92.0546 -9.06658 30.01
    endloop
  endfacet
  facet normal -0.914204 0.405253 0
    outer loop
      vertex -85.4589 35.3982 15.01
      vertex -83.619 39.5488 30.01
      vertex -83.619 39.5488 15.01
    endloop
  endfacet
  facet normal -0.914204 0.405253 0
    outer loop
      vertex -83.619 39.5488 30.01
      vertex -85.4589 35.3982 15.01
      vertex -85.4589 35.3982 30.01
    endloop
  endfacet
  facet normal -0.949526 0.313689 0
    outer loop
      vertex -88.517 26.8513 15.01
      vertex -87.0928 31.1623 30.01
      vertex -87.0928 31.1623 15.01
    endloop
  endfacet
  facet normal -0.949526 0.313689 0
    outer loop
      vertex -87.0928 31.1623 30.01
      vertex -88.517 26.8513 15.01
      vertex -88.517 26.8513 30.01
    endloop
  endfacet
  facet normal 0.78835 -0.615227 0
    outer loop
      vertex 71.5035 -58.6814 30.01
      vertex 74.2967 -55.1022 15.01
      vertex 74.2967 -55.1022 30.01
    endloop
  endfacet
  facet normal 0.78835 -0.615227 0
    outer loop
      vertex 74.2967 -55.1022 15.01
      vertex 71.5035 -58.6814 30.01
      vertex 71.5035 -58.6814 15.01
    endloop
  endfacet
  facet normal 0.266714 -0.963776 0
    outer loop
      vertex 22.4757 -89.7279 15.01
      vertex 26.8513 -88.517 30.01
      vertex 22.4757 -89.7279 30.01
    endloop
  endfacet
  facet normal 0.266714 -0.963776 0
    outer loop
      vertex 26.8513 -88.517 30.01
      vertex 22.4757 -89.7279 15.01
      vertex 26.8513 -88.517 15.01
    endloop
  endfacet
  facet normal -0.405253 0.914204 0
    outer loop
      vertex -35.3982 85.4589 15.01
      vertex -39.5488 83.619 30.01
      vertex -35.3982 85.4589 30.01
    endloop
  endfacet
  facet normal -0.405253 0.914204 0
    outer loop
      vertex -39.5488 83.619 30.01
      vertex -35.3982 85.4589 15.01
      vertex -39.5488 83.619 15.01
    endloop
  endfacet
  facet normal 0.992479 -0.122418 0
    outer loop
      vertex 91.4988 -13.5726 30.01
      vertex 92.0546 -9.06658 15.01
      vertex 92.0546 -9.06658 30.01
    endloop
  endfacet
  facet normal 0.992479 -0.122418 0
    outer loop
      vertex 92.0546 -9.06658 15.01
      vertex 91.4988 -13.5726 30.01
      vertex 91.4988 -13.5726 15.01
    endloop
  endfacet
  facet normal 0.122418 0.992479 -0
    outer loop
      vertex 13.5726 91.4988 15.01
      vertex 9.06658 92.0546 30.01
      vertex 13.5726 91.4988 30.01
    endloop
  endfacet
  facet normal 0.122418 0.992479 0
    outer loop
      vertex 9.06658 92.0546 30.01
      vertex 13.5726 91.4988 15.01
      vertex 9.06658 92.0546 15.01
    endloop
  endfacet
  facet normal -0.689537 -0.72425 0
    outer loop
      vertex -65.4074 -65.4074 15.01
      vertex -62.1192 -68.538 30.01
      vertex -65.4074 -65.4074 30.01
    endloop
  endfacet
  facet normal -0.689537 -0.72425 -0
    outer loop
      vertex -62.1192 -68.538 30.01
      vertex -65.4074 -65.4074 15.01
      vertex -62.1192 -68.538 15.01
    endloop
  endfacet
  facet normal 0.997294 -0.0735149 0
    outer loop
      vertex 92.3886 -4.53876 30.01
      vertex 92.3546 -5 17
      vertex 92.3886 -4.53876 17
    endloop
  endfacet
  facet normal 0.99729 -0.0735663 1.83317e-06
    outer loop
      vertex 92.0546 -9.06658 30.01
      vertex 92.3546 -5 17
      vertex 92.3886 -4.53876 30.01
    endloop
  endfacet
  facet normal 0.99729 -0.0735721 0
    outer loop
      vertex 92.0546 -9.06658 15.01
      vertex 92.3546 -5 17
      vertex 92.0546 -9.06658 30.01
    endloop
  endfacet
  facet normal 0.99729 -0.0735721 0
    outer loop
      vertex 92.3546 -5 17
      vertex 92.0546 -9.06658 15.01
      vertex 92.3546 -5 15.01
    endloop
  endfacet
  facet normal -0.914204 -0.405253 0
    outer loop
      vertex -83.619 -39.5488 15.01
      vertex -85.4589 -35.3982 30.01
      vertex -85.4589 -35.3982 15.01
    endloop
  endfacet
  facet normal -0.914204 -0.405253 0
    outer loop
      vertex -85.4589 -35.3982 30.01
      vertex -83.619 -39.5488 15.01
      vertex -83.619 -39.5488 30.01
    endloop
  endfacet
  facet normal 0.0245368 0.999699 -0
    outer loop
      vertex 4.53876 92.3886 15.01
      vertex 0 92.5 30.01
      vertex 4.53876 92.3886 30.01
    endloop
  endfacet
  facet normal 0.0245368 0.999699 0
    outer loop
      vertex 0 92.5 30.01
      vertex 4.53876 92.3886 15.01
      vertex 0 92.5 15.01
    endloop
  endfacet
  facet normal -0.0245368 -0.999699 0
    outer loop
      vertex -4.53876 -92.3886 15.01
      vertex 0 -92.5 30.01
      vertex -4.53876 -92.3886 30.01
    endloop
  endfacet
  facet normal -0.0245368 -0.999699 -0
    outer loop
      vertex 0 -92.5 30.01
      vertex -4.53876 -92.3886 15.01
      vertex 0 -92.5 15.01
    endloop
  endfacet
  facet normal 0.266714 0.963776 -0
    outer loop
      vertex 26.8513 88.517 15.01
      vertex 22.4757 89.7279 30.01
      vertex 26.8513 88.517 30.01
    endloop
  endfacet
  facet normal 0.266714 0.963776 0
    outer loop
      vertex 22.4757 89.7279 30.01
      vertex 26.8513 88.517 15.01
      vertex 22.4757 89.7279 15.01
    endloop
  endfacet
  facet normal 0 0 1
    outer loop
      vertex 80 0 30.01
      vertex 92.5 0 30.01
      vertex 92.3886 4.53876 30.01
    endloop
  endfacet
  facet normal 0 0 1
    outer loop
      vertex 79.9036 3.92541 30.01
      vertex 92.3886 4.53876 30.01
      vertex 92.0546 9.06658 30.01
    endloop
  endfacet
  facet normal 0 0 1
    outer loop
      vertex 92.5 0 30.01
      vertex 80 0 30.01
      vertex 92.3886 -4.53876 30.01
    endloop
  endfacet
  facet normal 0 0 1
    outer loop
      vertex 79.6148 7.84137 30.01
      vertex 92.0546 9.06658 30.01
      vertex 91.4988 13.5726 30.01
    endloop
  endfacet
  facet normal -0 0 1
    outer loop
      vertex 79.9036 -3.92541 30.01
      vertex 92.3886 -4.53876 30.01
      vertex 80 0 30.01
    endloop
  endfacet
  facet normal 0 0 1
    outer loop
      vertex 79.1341 11.7384 30.01
      vertex 91.4988 13.5726 30.01
      vertex 90.7226 18.0459 30.01
    endloop
  endfacet
  facet normal 0 0 1
    outer loop
      vertex 92.3886 -4.53876 30.01
      vertex 79.9036 -3.92541 30.01
      vertex 92.0546 -9.06658 30.01
    endloop
  endfacet
  facet normal 0 0 1
    outer loop
      vertex 78.4628 15.6072 30.01
      vertex 90.7226 18.0459 30.01
      vertex 89.7279 22.4757 30.01
    endloop
  endfacet
  facet normal -0 0 1
    outer loop
      vertex 79.6148 -7.84137 30.01
      vertex 92.0546 -9.06658 30.01
      vertex 79.9036 -3.92541 30.01
    endloop
  endfacet
  facet normal 0 0 1
    outer loop
      vertex 77.6025 19.4384 30.01
      vertex 89.7279 22.4757 30.01
      vertex 88.517 26.8513 30.01
    endloop
  endfacet
  facet normal 0 0 1
    outer loop
      vertex 92.0546 -9.06658 30.01
      vertex 79.6148 -7.84137 30.01
      vertex 91.4988 -13.5726 30.01
    endloop
  endfacet
  facet normal 0 0 1
    outer loop
      vertex 76.5552 23.2228 30.01
      vertex 88.517 26.8513 30.01
      vertex 87.0928 31.1623 30.01
    endloop
  endfacet
  facet normal -0 0 1
    outer loop
      vertex 79.1341 -11.7384 30.01
      vertex 91.4988 -13.5726 30.01
      vertex 79.6148 -7.84137 30.01
    endloop
  endfacet
  facet normal 0 0 1
    outer loop
      vertex 75.3235 26.9512 30.01
      vertex 87.0928 31.1623 30.01
      vertex 85.4589 35.3982 30.01
    endloop
  endfacet
  facet normal 0 0 1
    outer loop
      vertex 91.4988 -13.5726 30.01
      vertex 79.1341 -11.7384 30.01
      vertex 90.7226 -18.0459 30.01
    endloop
  endfacet
  facet normal 0 0 1
    outer loop
      vertex 73.9104 30.6147 30.01
      vertex 85.4589 35.3982 30.01
      vertex 83.619 39.5488 30.01
    endloop
  endfacet
  facet normal -0 0 1
    outer loop
      vertex 78.4628 -15.6072 30.01
      vertex 90.7226 -18.0459 30.01
      vertex 79.1341 -11.7384 30.01
    endloop
  endfacet
  facet normal 0 0 1
    outer loop
      vertex 72.3191 34.2044 30.01
      vertex 83.619 39.5488 30.01
      vertex 81.5777 43.6042 30.01
    endloop
  endfacet
  facet normal 0 0 1
    outer loop
      vertex 90.7226 -18.0459 30.01
      vertex 78.4628 -15.6072 30.01
      vertex 89.7279 -22.4757 30.01
    endloop
  endfacet
  facet normal -0 0 1
    outer loop
      vertex 77.6025 -19.4384 30.01
      vertex 89.7279 -22.4757 30.01
      vertex 78.4628 -15.6072 30.01
    endloop
  endfacet
  facet normal 0 0 1
    outer loop
      vertex 92.3886 4.53876 30.01
      vertex 79.9036 3.92541 30.01
      vertex 80 0 30.01
    endloop
  endfacet
  facet normal 0 0 1
    outer loop
      vertex 92.0546 9.06658 30.01
      vertex 79.6148 7.84137 30.01
      vertex 79.9036 3.92541 30.01
    endloop
  endfacet
  facet normal 0 0 1
    outer loop
      vertex 70.5537 37.7117 30.01
      vertex 81.5777 43.6042 30.01
      vertex 79.3399 47.5545 30.01
    endloop
  endfacet
  facet normal 0 0 1
    outer loop
      vertex 91.4988 13.5726 30.01
      vertex 79.1341 11.7384 30.01
      vertex 79.6148 7.84137 30.01
    endloop
  endfacet
  facet normal 0 0 1
    outer loop
      vertex 90.7226 18.0459 30.01
      vertex 78.4628 15.6072 30.01
      vertex 79.1341 11.7384 30.01
    endloop
  endfacet
  facet normal 0 0 1
    outer loop
      vertex 89.7279 22.4757 30.01
      vertex 77.6025 19.4384 30.01
      vertex 78.4628 15.6072 30.01
    endloop
  endfacet
  facet normal 0 0 1
    outer loop
      vertex 68.6183 41.1282 30.01
      vertex 79.3399 47.5545 30.01
      vertex 76.9109 51.3902 30.01
    endloop
  endfacet
  facet normal 0 0 1
    outer loop
      vertex 88.517 26.8513 30.01
      vertex 76.5552 23.2228 30.01
      vertex 77.6025 19.4384 30.01
    endloop
  endfacet
  facet normal 0 0 1
    outer loop
      vertex 87.0928 31.1623 30.01
      vertex 75.3235 26.9512 30.01
      vertex 76.5552 23.2228 30.01
    endloop
  endfacet
  facet normal 0 0 1
    outer loop
      vertex 66.5176 44.4456 30.01
      vertex 76.9109 51.3902 30.01
      vertex 74.2967 55.1022 30.01
    endloop
  endfacet
  facet normal 0 0 1
    outer loop
      vertex 85.4589 35.3982 30.01
      vertex 73.9104 30.6147 30.01
      vertex 75.3235 26.9512 30.01
    endloop
  endfacet
  facet normal 0 0 1
    outer loop
      vertex 83.619 39.5488 30.01
      vertex 72.3191 34.2044 30.01
      vertex 73.9104 30.6147 30.01
    endloop
  endfacet
  facet normal 0 0 1
    outer loop
      vertex 64.2566 47.6559 30.01
      vertex 74.2967 55.1022 30.01
      vertex 71.5035 58.6814 30.01
    endloop
  endfacet
  facet normal 0 0 1
    outer loop
      vertex 81.5777 43.6042 30.01
      vertex 70.5537 37.7117 30.01
      vertex 72.3191 34.2044 30.01
    endloop
  endfacet
  facet normal 0 0 1
    outer loop
      vertex 79.3399 47.5545 30.01
      vertex 68.6183 41.1282 30.01
      vertex 70.5537 37.7117 30.01
    endloop
  endfacet
  facet normal 0 0 1
    outer loop
      vertex 61.8408 50.7515 30.01
      vertex 71.5035 58.6814 30.01
      vertex 68.538 62.1192 30.01
    endloop
  endfacet
  facet normal 0 0 1
    outer loop
      vertex 76.9109 51.3902 30.01
      vertex 66.5176 44.4456 30.01
      vertex 68.6183 41.1282 30.01
    endloop
  endfacet
  facet normal 0 0 1
    outer loop
      vertex 59.2761 53.7247 30.01
      vertex 68.538 62.1192 30.01
      vertex 65.4074 65.4074 30.01
    endloop
  endfacet
  facet normal 0 0 1
    outer loop
      vertex 74.2967 55.1022 30.01
      vertex 64.2566 47.6559 30.01
      vertex 66.5176 44.4456 30.01
    endloop
  endfacet
  facet normal 0 0 1
    outer loop
      vertex 56.5685 56.5685 30.01
      vertex 65.4074 65.4074 30.01
      vertex 62.1192 68.538 30.01
    endloop
  endfacet
  facet normal 0 0 1
    outer loop
      vertex 71.5035 58.6814 30.01
      vertex 61.8408 50.7515 30.01
      vertex 64.2566 47.6559 30.01
    endloop
  endfacet
  facet normal 0 0 1
    outer loop
      vertex 68.538 62.1192 30.01
      vertex 59.2761 53.7247 30.01
      vertex 61.8408 50.7515 30.01
    endloop
  endfacet
  facet normal 0 0 1
    outer loop
      vertex 53.7247 59.2761 30.01
      vertex 62.1192 68.538 30.01
      vertex 58.6814 71.5035 30.01
    endloop
  endfacet
  facet normal 0 0 1
    outer loop
      vertex 65.4074 65.4074 30.01
      vertex 56.5685 56.5685 30.01
      vertex 59.2761 53.7247 30.01
    endloop
  endfacet
  facet normal 0 0 1
    outer loop
      vertex 50.7515 61.8408 30.01
      vertex 58.6814 71.5035 30.01
      vertex 55.1022 74.2967 30.01
    endloop
  endfacet
  facet normal 0 0 1
    outer loop
      vertex 62.1192 68.538 30.01
      vertex 53.7247 59.2761 30.01
      vertex 56.5685 56.5685 30.01
    endloop
  endfacet
  facet normal 0 0 1
    outer loop
      vertex 47.6559 64.2566 30.01
      vertex 55.1022 74.2967 30.01
      vertex 51.3902 76.9109 30.01
    endloop
  endfacet
  facet normal 0 0 1
    outer loop
      vertex 58.6814 71.5035 30.01
      vertex 50.7515 61.8408 30.01
      vertex 53.7247 59.2761 30.01
    endloop
  endfacet
  facet normal 0 0 1
    outer loop
      vertex 55.1022 74.2967 30.01
      vertex 47.6559 64.2566 30.01
      vertex 50.7515 61.8408 30.01
    endloop
  endfacet
  facet normal 0 0 1
    outer loop
      vertex 44.4456 66.5176 30.01
      vertex 51.3902 76.9109 30.01
      vertex 47.5545 79.3399 30.01
    endloop
  endfacet
  facet normal 0 0 1
    outer loop
      vertex 51.3902 76.9109 30.01
      vertex 44.4456 66.5176 30.01
      vertex 47.6559 64.2566 30.01
    endloop
  endfacet
  facet normal 0 0 1
    outer loop
      vertex 41.1282 68.6183 30.01
      vertex 47.5545 79.3399 30.01
      vertex 43.6042 81.5777 30.01
    endloop
  endfacet
  facet normal 0 0 1
    outer loop
      vertex 47.5545 79.3399 30.01
      vertex 41.1282 68.6183 30.01
      vertex 44.4456 66.5176 30.01
    endloop
  endfacet
  facet normal 0 0 1
    outer loop
      vertex 37.7117 70.5537 30.01
      vertex 43.6042 81.5777 30.01
      vertex 39.5488 83.619 30.01
    endloop
  endfacet
  facet normal 0 0 1
    outer loop
      vertex 43.6042 81.5777 30.01
      vertex 37.7117 70.5537 30.01
      vertex 41.1282 68.6183 30.01
    endloop
  endfacet
  facet normal 0 0 1
    outer loop
      vertex 34.2044 72.3191 30.01
      vertex 39.5488 83.619 30.01
      vertex 35.3982 85.4589 30.01
    endloop
  endfacet
  facet normal 0 0 1
    outer loop
      vertex 39.5488 83.619 30.01
      vertex 34.2044 72.3191 30.01
      vertex 37.7117 70.5537 30.01
    endloop
  endfacet
  facet normal 0 0 1
    outer loop
      vertex 30.6147 73.9104 30.01
      vertex 35.3982 85.4589 30.01
      vertex 31.1623 87.0928 30.01
    endloop
  endfacet
  facet normal 0 0 1
    outer loop
      vertex 35.3982 85.4589 30.01
      vertex 30.6147 73.9104 30.01
      vertex 34.2044 72.3191 30.01
    endloop
  endfacet
  facet normal 0 0 1
    outer loop
      vertex 31.1623 87.0928 30.01
      vertex 26.9512 75.3235 30.01
      vertex 30.6147 73.9104 30.01
    endloop
  endfacet
  facet normal 0 0 1
    outer loop
      vertex 26.8513 88.517 30.01
      vertex 26.9512 75.3235 30.01
      vertex 31.1623 87.0928 30.01
    endloop
  endfacet
  facet normal 0 0 1
    outer loop
      vertex 26.8513 88.517 30.01
      vertex 23.2228 76.5552 30.01
      vertex 26.9512 75.3235 30.01
    endloop
  endfacet
  facet normal 0 0 1
    outer loop
      vertex 22.4757 89.7279 30.01
      vertex 23.2228 76.5552 30.01
      vertex 26.8513 88.517 30.01
    endloop
  endfacet
  facet normal 0 0 1
    outer loop
      vertex 22.4757 89.7279 30.01
      vertex 19.4384 77.6025 30.01
      vertex 23.2228 76.5552 30.01
    endloop
  endfacet
  facet normal 0 0 1
    outer loop
      vertex 18.0459 90.7226 30.01
      vertex 19.4384 77.6025 30.01
      vertex 22.4757 89.7279 30.01
    endloop
  endfacet
  facet normal 0 0 1
    outer loop
      vertex 18.0459 90.7226 30.01
      vertex 15.6072 78.4628 30.01
      vertex 19.4384 77.6025 30.01
    endloop
  endfacet
  facet normal 0 0 1
    outer loop
      vertex 13.5726 91.4988 30.01
      vertex 15.6072 78.4628 30.01
      vertex 18.0459 90.7226 30.01
    endloop
  endfacet
  facet normal 0 0 1
    outer loop
      vertex 13.5726 91.4988 30.01
      vertex 11.7384 79.1341 30.01
      vertex 15.6072 78.4628 30.01
    endloop
  endfacet
  facet normal 0 0 1
    outer loop
      vertex 9.06658 92.0546 30.01
      vertex 11.7384 79.1341 30.01
      vertex 13.5726 91.4988 30.01
    endloop
  endfacet
  facet normal 0 0 1
    outer loop
      vertex 9.06658 92.0546 30.01
      vertex 7.84137 79.6148 30.01
      vertex 11.7384 79.1341 30.01
    endloop
  endfacet
  facet normal 0 0 1
    outer loop
      vertex 4.53876 92.3886 30.01
      vertex 7.84137 79.6148 30.01
      vertex 9.06658 92.0546 30.01
    endloop
  endfacet
  facet normal 0 0 1
    outer loop
      vertex 4.53876 92.3886 30.01
      vertex 3.92541 79.9036 30.01
      vertex 7.84137 79.6148 30.01
    endloop
  endfacet
  facet normal 0 0 1
    outer loop
      vertex 0 92.5 30.01
      vertex 3.92541 79.9036 30.01
      vertex 4.53876 92.3886 30.01
    endloop
  endfacet
  facet normal 0 0 1
    outer loop
      vertex 0 92.5 30.01
      vertex 0 80 30.01
      vertex 3.92541 79.9036 30.01
    endloop
  endfacet
  facet normal 0 0 1
    outer loop
      vertex 0 92.5 30.01
      vertex -3.92541 79.9036 30.01
      vertex 0 80 30.01
    endloop
  endfacet
  facet normal -0 0 1
    outer loop
      vertex -4.53876 92.3886 30.01
      vertex -3.92541 79.9036 30.01
      vertex 0 92.5 30.01
    endloop
  endfacet
  facet normal 0 0 1
    outer loop
      vertex -4.53876 92.3886 30.01
      vertex -7.84137 79.6148 30.01
      vertex -3.92541 79.9036 30.01
    endloop
  endfacet
  facet normal -0 0 1
    outer loop
      vertex -9.06658 92.0546 30.01
      vertex -7.84137 79.6148 30.01
      vertex -4.53876 92.3886 30.01
    endloop
  endfacet
  facet normal 0 0 1
    outer loop
      vertex -9.06658 92.0546 30.01
      vertex -11.7384 79.1341 30.01
      vertex -7.84137 79.6148 30.01
    endloop
  endfacet
  facet normal -0 0 1
    outer loop
      vertex -13.5726 91.4988 30.01
      vertex -11.7384 79.1341 30.01
      vertex -9.06658 92.0546 30.01
    endloop
  endfacet
  facet normal 0 0 1
    outer loop
      vertex -13.5726 91.4988 30.01
      vertex -15.6072 78.4628 30.01
      vertex -11.7384 79.1341 30.01
    endloop
  endfacet
  facet normal -0 0 1
    outer loop
      vertex -18.0459 90.7226 30.01
      vertex -15.6072 78.4628 30.01
      vertex -13.5726 91.4988 30.01
    endloop
  endfacet
  facet normal 0 0 1
    outer loop
      vertex -18.0459 90.7226 30.01
      vertex -19.4384 77.6025 30.01
      vertex -15.6072 78.4628 30.01
    endloop
  endfacet
  facet normal -0 0 1
    outer loop
      vertex -22.4757 89.7279 30.01
      vertex -19.4384 77.6025 30.01
      vertex -18.0459 90.7226 30.01
    endloop
  endfacet
  facet normal 0 0 1
    outer loop
      vertex -22.4757 89.7279 30.01
      vertex -23.2228 76.5552 30.01
      vertex -19.4384 77.6025 30.01
    endloop
  endfacet
  facet normal -0 0 1
    outer loop
      vertex -26.8513 88.517 30.01
      vertex -23.2228 76.5552 30.01
      vertex -22.4757 89.7279 30.01
    endloop
  endfacet
  facet normal 0 0 1
    outer loop
      vertex -26.8513 88.517 30.01
      vertex -26.9512 75.3235 30.01
      vertex -23.2228 76.5552 30.01
    endloop
  endfacet
  facet normal -0 0 1
    outer loop
      vertex -31.1623 87.0928 30.01
      vertex -26.9512 75.3235 30.01
      vertex -26.8513 88.517 30.01
    endloop
  endfacet
  facet normal 0 0 1
    outer loop
      vertex -26.9512 75.3235 30.01
      vertex -31.1623 87.0928 30.01
      vertex -30.6147 73.9104 30.01
    endloop
  endfacet
  facet normal -0 0 1
    outer loop
      vertex -35.3982 85.4589 30.01
      vertex -30.6147 73.9104 30.01
      vertex -31.1623 87.0928 30.01
    endloop
  endfacet
  facet normal 0 0 1
    outer loop
      vertex -30.6147 73.9104 30.01
      vertex -35.3982 85.4589 30.01
      vertex -34.2044 72.3191 30.01
    endloop
  endfacet
  facet normal -0 0 1
    outer loop
      vertex -39.5488 83.619 30.01
      vertex -34.2044 72.3191 30.01
      vertex -35.3982 85.4589 30.01
    endloop
  endfacet
  facet normal 0 0 1
    outer loop
      vertex -34.2044 72.3191 30.01
      vertex -39.5488 83.619 30.01
      vertex -37.7117 70.5537 30.01
    endloop
  endfacet
  facet normal -0 0 1
    outer loop
      vertex -43.6042 81.5777 30.01
      vertex -37.7117 70.5537 30.01
      vertex -39.5488 83.619 30.01
    endloop
  endfacet
  facet normal 0 0 1
    outer loop
      vertex -37.7117 70.5537 30.01
      vertex -43.6042 81.5777 30.01
      vertex -41.1282 68.6183 30.01
    endloop
  endfacet
  facet normal -0 0 1
    outer loop
      vertex -47.5545 79.3399 30.01
      vertex -41.1282 68.6183 30.01
      vertex -43.6042 81.5777 30.01
    endloop
  endfacet
  facet normal 0 0 1
    outer loop
      vertex -41.1282 68.6183 30.01
      vertex -47.5545 79.3399 30.01
      vertex -44.4456 66.5176 30.01
    endloop
  endfacet
  facet normal -0 0 1
    outer loop
      vertex -51.3902 76.9109 30.01
      vertex -44.4456 66.5176 30.01
      vertex -47.5545 79.3399 30.01
    endloop
  endfacet
  facet normal 0 0 1
    outer loop
      vertex -44.4456 66.5176 30.01
      vertex -51.3902 76.9109 30.01
      vertex -47.6559 64.2566 30.01
    endloop
  endfacet
  facet normal -0 0 1
    outer loop
      vertex -55.1022 74.2967 30.01
      vertex -47.6559 64.2566 30.01
      vertex -51.3902 76.9109 30.01
    endloop
  endfacet
  facet normal 0 0 1
    outer loop
      vertex -47.6559 64.2566 30.01
      vertex -55.1022 74.2967 30.01
      vertex -50.7515 61.8408 30.01
    endloop
  endfacet
  facet normal -0 0 1
    outer loop
      vertex -58.6814 71.5035 30.01
      vertex -50.7515 61.8408 30.01
      vertex -55.1022 74.2967 30.01
    endloop
  endfacet
  facet normal 0 0 1
    outer loop
      vertex -50.7515 61.8408 30.01
      vertex -58.6814 71.5035 30.01
      vertex -53.7247 59.2761 30.01
    endloop
  endfacet
  facet normal -0 0 1
    outer loop
      vertex -62.1192 68.538 30.01
      vertex -53.7247 59.2761 30.01
      vertex -58.6814 71.5035 30.01
    endloop
  endfacet
  facet normal 0 0 1
    outer loop
      vertex -53.7247 59.2761 30.01
      vertex -62.1192 68.538 30.01
      vertex -56.5685 56.5685 30.01
    endloop
  endfacet
  facet normal -0 0 1
    outer loop
      vertex -65.4074 65.4074 30.01
      vertex -56.5685 56.5685 30.01
      vertex -62.1192 68.538 30.01
    endloop
  endfacet
  facet normal 0 0 1
    outer loop
      vertex -56.5685 56.5685 30.01
      vertex -65.4074 65.4074 30.01
      vertex -59.2761 53.7247 30.01
    endloop
  endfacet
  facet normal -0 0 1
    outer loop
      vertex -68.538 62.1192 30.01
      vertex -59.2761 53.7247 30.01
      vertex -65.4074 65.4074 30.01
    endloop
  endfacet
  facet normal 0 0 1
    outer loop
      vertex -59.2761 53.7247 30.01
      vertex -68.538 62.1192 30.01
      vertex -61.8408 50.7515 30.01
    endloop
  endfacet
  facet normal -0 0 1
    outer loop
      vertex -71.5035 58.6814 30.01
      vertex -61.8408 50.7515 30.01
      vertex -68.538 62.1192 30.01
    endloop
  endfacet
  facet normal 0 0 1
    outer loop
      vertex -61.8408 50.7515 30.01
      vertex -71.5035 58.6814 30.01
      vertex -64.2566 47.6559 30.01
    endloop
  endfacet
  facet normal -0 0 1
    outer loop
      vertex -74.2967 55.1022 30.01
      vertex -64.2566 47.6559 30.01
      vertex -71.5035 58.6814 30.01
    endloop
  endfacet
  facet normal 0 0 1
    outer loop
      vertex -64.2566 47.6559 30.01
      vertex -74.2967 55.1022 30.01
      vertex -66.5176 44.4456 30.01
    endloop
  endfacet
  facet normal -0 0 1
    outer loop
      vertex -76.9109 51.3902 30.01
      vertex -66.5176 44.4456 30.01
      vertex -74.2967 55.1022 30.01
    endloop
  endfacet
  facet normal 0 0 1
    outer loop
      vertex -66.5176 44.4456 30.01
      vertex -76.9109 51.3902 30.01
      vertex -68.6183 41.1282 30.01
    endloop
  endfacet
  facet normal -0 0 1
    outer loop
      vertex -79.3399 47.5545 30.01
      vertex -68.6183 41.1282 30.01
      vertex -76.9109 51.3902 30.01
    endloop
  endfacet
  facet normal 0 0 1
    outer loop
      vertex -68.6183 41.1282 30.01
      vertex -79.3399 47.5545 30.01
      vertex -70.5537 37.7117 30.01
    endloop
  endfacet
  facet normal -0 0 1
    outer loop
      vertex -81.5777 43.6042 30.01
      vertex -70.5537 37.7117 30.01
      vertex -79.3399 47.5545 30.01
    endloop
  endfacet
  facet normal 0 0 1
    outer loop
      vertex -70.5537 37.7117 30.01
      vertex -81.5777 43.6042 30.01
      vertex -72.3191 34.2044 30.01
    endloop
  endfacet
  facet normal -0 0 1
    outer loop
      vertex -83.619 39.5488 30.01
      vertex -72.3191 34.2044 30.01
      vertex -81.5777 43.6042 30.01
    endloop
  endfacet
  facet normal 0 0 1
    outer loop
      vertex -72.3191 34.2044 30.01
      vertex -83.619 39.5488 30.01
      vertex -73.9104 30.6147 30.01
    endloop
  endfacet
  facet normal -0 0 1
    outer loop
      vertex -85.4589 35.3982 30.01
      vertex -73.9104 30.6147 30.01
      vertex -83.619 39.5488 30.01
    endloop
  endfacet
  facet normal 0 0 1
    outer loop
      vertex -73.9104 30.6147 30.01
      vertex -85.4589 35.3982 30.01
      vertex -75.3235 26.9512 30.01
    endloop
  endfacet
  facet normal -0 0 1
    outer loop
      vertex -87.0928 31.1623 30.01
      vertex -75.3235 26.9512 30.01
      vertex -85.4589 35.3982 30.01
    endloop
  endfacet
  facet normal 0 0 1
    outer loop
      vertex -75.3235 26.9512 30.01
      vertex -87.0928 31.1623 30.01
      vertex -76.5552 23.2228 30.01
    endloop
  endfacet
  facet normal -0 0 1
    outer loop
      vertex -88.517 26.8513 30.01
      vertex -76.5552 23.2228 30.01
      vertex -87.0928 31.1623 30.01
    endloop
  endfacet
  facet normal 0 0 1
    outer loop
      vertex -76.5552 23.2228 30.01
      vertex -88.517 26.8513 30.01
      vertex -77.6025 19.4384 30.01
    endloop
  endfacet
  facet normal -0 0 1
    outer loop
      vertex -89.7279 22.4757 30.01
      vertex -77.6025 19.4384 30.01
      vertex -88.517 26.8513 30.01
    endloop
  endfacet
  facet normal 0 0 1
    outer loop
      vertex 89.7279 -22.4757 30.01
      vertex 77.6025 -19.4384 30.01
      vertex 88.517 -26.8513 30.01
    endloop
  endfacet
  facet normal -0 0 1
    outer loop
      vertex 76.5552 -23.2228 30.01
      vertex 88.517 -26.8513 30.01
      vertex 77.6025 -19.4384 30.01
    endloop
  endfacet
  facet normal 0 0 1
    outer loop
      vertex 88.517 -26.8513 30.01
      vertex 76.5552 -23.2228 30.01
      vertex 87.0928 -31.1623 30.01
    endloop
  endfacet
  facet normal -0 0 1
    outer loop
      vertex 75.3235 -26.9512 30.01
      vertex 87.0928 -31.1623 30.01
      vertex 76.5552 -23.2228 30.01
    endloop
  endfacet
  facet normal 0 0 1
    outer loop
      vertex 87.0928 -31.1623 30.01
      vertex 75.3235 -26.9512 30.01
      vertex 85.4589 -35.3982 30.01
    endloop
  endfacet
  facet normal -0 0 1
    outer loop
      vertex 73.9104 -30.6147 30.01
      vertex 85.4589 -35.3982 30.01
      vertex 75.3235 -26.9512 30.01
    endloop
  endfacet
  facet normal 0 0 1
    outer loop
      vertex 85.4589 -35.3982 30.01
      vertex 73.9104 -30.6147 30.01
      vertex 83.619 -39.5488 30.01
    endloop
  endfacet
  facet normal -0 0 1
    outer loop
      vertex 72.3191 -34.2044 30.01
      vertex 83.619 -39.5488 30.01
      vertex 73.9104 -30.6147 30.01
    endloop
  endfacet
  facet normal 0 0 1
    outer loop
      vertex 83.619 -39.5488 30.01
      vertex 72.3191 -34.2044 30.01
      vertex 81.5777 -43.6042 30.01
    endloop
  endfacet
  facet normal -0 0 1
    outer loop
      vertex 70.5537 -37.7117 30.01
      vertex 81.5777 -43.6042 30.01
      vertex 72.3191 -34.2044 30.01
    endloop
  endfacet
  facet normal 0 0 1
    outer loop
      vertex 81.5777 -43.6042 30.01
      vertex 70.5537 -37.7117 30.01
      vertex 79.3399 -47.5545 30.01
    endloop
  endfacet
  facet normal -0 0 1
    outer loop
      vertex 68.6183 -41.1282 30.01
      vertex 79.3399 -47.5545 30.01
      vertex 70.5537 -37.7117 30.01
    endloop
  endfacet
  facet normal 0 0 1
    outer loop
      vertex 79.3399 -47.5545 30.01
      vertex 68.6183 -41.1282 30.01
      vertex 76.9109 -51.3902 30.01
    endloop
  endfacet
  facet normal -0 0 1
    outer loop
      vertex 66.5176 -44.4456 30.01
      vertex 76.9109 -51.3902 30.01
      vertex 68.6183 -41.1282 30.01
    endloop
  endfacet
  facet normal 0 0 1
    outer loop
      vertex 76.9109 -51.3902 30.01
      vertex 66.5176 -44.4456 30.01
      vertex 74.2967 -55.1022 30.01
    endloop
  endfacet
  facet normal -0 0 1
    outer loop
      vertex 64.2566 -47.6559 30.01
      vertex 74.2967 -55.1022 30.01
      vertex 66.5176 -44.4456 30.01
    endloop
  endfacet
  facet normal 0 0 1
    outer loop
      vertex 74.2967 -55.1022 30.01
      vertex 64.2566 -47.6559 30.01
      vertex 71.5035 -58.6814 30.01
    endloop
  endfacet
  facet normal -0 0 1
    outer loop
      vertex 61.8408 -50.7515 30.01
      vertex 71.5035 -58.6814 30.01
      vertex 64.2566 -47.6559 30.01
    endloop
  endfacet
  facet normal 0 0 1
    outer loop
      vertex 71.5035 -58.6814 30.01
      vertex 61.8408 -50.7515 30.01
      vertex 68.538 -62.1192 30.01
    endloop
  endfacet
  facet normal -0 0 1
    outer loop
      vertex 59.2761 -53.7247 30.01
      vertex 68.538 -62.1192 30.01
      vertex 61.8408 -50.7515 30.01
    endloop
  endfacet
  facet normal 0 0 1
    outer loop
      vertex 68.538 -62.1192 30.01
      vertex 59.2761 -53.7247 30.01
      vertex 65.4074 -65.4074 30.01
    endloop
  endfacet
  facet normal -0 0 1
    outer loop
      vertex 56.5685 -56.5685 30.01
      vertex 65.4074 -65.4074 30.01
      vertex 59.2761 -53.7247 30.01
    endloop
  endfacet
  facet normal 0 0 1
    outer loop
      vertex 65.4074 -65.4074 30.01
      vertex 56.5685 -56.5685 30.01
      vertex 62.1192 -68.538 30.01
    endloop
  endfacet
  facet normal -0 0 1
    outer loop
      vertex 53.7247 -59.2761 30.01
      vertex 62.1192 -68.538 30.01
      vertex 56.5685 -56.5685 30.01
    endloop
  endfacet
  facet normal 0 0 1
    outer loop
      vertex 62.1192 -68.538 30.01
      vertex 53.7247 -59.2761 30.01
      vertex 58.6814 -71.5035 30.01
    endloop
  endfacet
  facet normal -0 0 1
    outer loop
      vertex 50.7515 -61.8408 30.01
      vertex 58.6814 -71.5035 30.01
      vertex 53.7247 -59.2761 30.01
    endloop
  endfacet
  facet normal 0 0 1
    outer loop
      vertex 58.6814 -71.5035 30.01
      vertex 50.7515 -61.8408 30.01
      vertex 55.1022 -74.2967 30.01
    endloop
  endfacet
  facet normal -0 0 1
    outer loop
      vertex 47.6559 -64.2566 30.01
      vertex 55.1022 -74.2967 30.01
      vertex 50.7515 -61.8408 30.01
    endloop
  endfacet
  facet normal 0 0 1
    outer loop
      vertex 55.1022 -74.2967 30.01
      vertex 47.6559 -64.2566 30.01
      vertex 51.3902 -76.9109 30.01
    endloop
  endfacet
  facet normal -0 0 1
    outer loop
      vertex 44.4456 -66.5176 30.01
      vertex 51.3902 -76.9109 30.01
      vertex 47.6559 -64.2566 30.01
    endloop
  endfacet
  facet normal 0 0 1
    outer loop
      vertex 51.3902 -76.9109 30.01
      vertex 44.4456 -66.5176 30.01
      vertex 47.5545 -79.3399 30.01
    endloop
  endfacet
  facet normal -0 0 1
    outer loop
      vertex 41.1282 -68.6183 30.01
      vertex 47.5545 -79.3399 30.01
      vertex 44.4456 -66.5176 30.01
    endloop
  endfacet
  facet normal 0 0 1
    outer loop
      vertex 47.5545 -79.3399 30.01
      vertex 41.1282 -68.6183 30.01
      vertex 43.6042 -81.5777 30.01
    endloop
  endfacet
  facet normal -0 0 1
    outer loop
      vertex 37.7117 -70.5537 30.01
      vertex 43.6042 -81.5777 30.01
      vertex 41.1282 -68.6183 30.01
    endloop
  endfacet
  facet normal 0 0 1
    outer loop
      vertex 43.6042 -81.5777 30.01
      vertex 37.7117 -70.5537 30.01
      vertex 39.5488 -83.619 30.01
    endloop
  endfacet
  facet normal -0 0 1
    outer loop
      vertex 34.2044 -72.3191 30.01
      vertex 39.5488 -83.619 30.01
      vertex 37.7117 -70.5537 30.01
    endloop
  endfacet
  facet normal 0 0 1
    outer loop
      vertex 39.5488 -83.619 30.01
      vertex 34.2044 -72.3191 30.01
      vertex 35.3982 -85.4589 30.01
    endloop
  endfacet
  facet normal -0 0 1
    outer loop
      vertex 30.6147 -73.9104 30.01
      vertex 35.3982 -85.4589 30.01
      vertex 34.2044 -72.3191 30.01
    endloop
  endfacet
  facet normal 0 0 1
    outer loop
      vertex 35.3982 -85.4589 30.01
      vertex 30.6147 -73.9104 30.01
      vertex 31.1623 -87.0928 30.01
    endloop
  endfacet
  facet normal -0 0 1
    outer loop
      vertex 26.9512 -75.3235 30.01
      vertex 31.1623 -87.0928 30.01
      vertex 30.6147 -73.9104 30.01
    endloop
  endfacet
  facet normal 0 0 1
    outer loop
      vertex 26.9512 -75.3235 30.01
      vertex 26.8513 -88.517 30.01
      vertex 31.1623 -87.0928 30.01
    endloop
  endfacet
  facet normal -0 0 1
    outer loop
      vertex 23.2228 -76.5552 30.01
      vertex 26.8513 -88.517 30.01
      vertex 26.9512 -75.3235 30.01
    endloop
  endfacet
  facet normal 0 0 1
    outer loop
      vertex 23.2228 -76.5552 30.01
      vertex 22.4757 -89.7279 30.01
      vertex 26.8513 -88.517 30.01
    endloop
  endfacet
  facet normal -0 0 1
    outer loop
      vertex 19.4384 -77.6025 30.01
      vertex 22.4757 -89.7279 30.01
      vertex 23.2228 -76.5552 30.01
    endloop
  endfacet
  facet normal 0 0 1
    outer loop
      vertex 19.4384 -77.6025 30.01
      vertex 18.0459 -90.7226 30.01
      vertex 22.4757 -89.7279 30.01
    endloop
  endfacet
  facet normal -0 0 1
    outer loop
      vertex 15.6072 -78.4628 30.01
      vertex 18.0459 -90.7226 30.01
      vertex 19.4384 -77.6025 30.01
    endloop
  endfacet
  facet normal 0 0 1
    outer loop
      vertex 15.6072 -78.4628 30.01
      vertex 13.5726 -91.4988 30.01
      vertex 18.0459 -90.7226 30.01
    endloop
  endfacet
  facet normal -0 0 1
    outer loop
      vertex 11.7384 -79.1341 30.01
      vertex 13.5726 -91.4988 30.01
      vertex 15.6072 -78.4628 30.01
    endloop
  endfacet
  facet normal 0 0 1
    outer loop
      vertex 11.7384 -79.1341 30.01
      vertex 9.06658 -92.0546 30.01
      vertex 13.5726 -91.4988 30.01
    endloop
  endfacet
  facet normal -0 0 1
    outer loop
      vertex 7.84137 -79.6148 30.01
      vertex 9.06658 -92.0546 30.01
      vertex 11.7384 -79.1341 30.01
    endloop
  endfacet
  facet normal 0 0 1
    outer loop
      vertex 7.84137 -79.6148 30.01
      vertex 4.53876 -92.3886 30.01
      vertex 9.06658 -92.0546 30.01
    endloop
  endfacet
  facet normal -0 0 1
    outer loop
      vertex 3.92541 -79.9036 30.01
      vertex 4.53876 -92.3886 30.01
      vertex 7.84137 -79.6148 30.01
    endloop
  endfacet
  facet normal -0 0 1
    outer loop
      vertex 0 -80 30.01
      vertex 4.53876 -92.3886 30.01
      vertex 3.92541 -79.9036 30.01
    endloop
  endfacet
  facet normal 0 0 1
    outer loop
      vertex 0 -80 30.01
      vertex 0 -92.5 30.01
      vertex 4.53876 -92.3886 30.01
    endloop
  endfacet
  facet normal 0 0 1
    outer loop
      vertex -3.92541 -79.9036 30.01
      vertex 0 -92.5 30.01
      vertex 0 -80 30.01
    endloop
  endfacet
  facet normal 0 0 1
    outer loop
      vertex -3.92541 -79.9036 30.01
      vertex -4.53876 -92.3886 30.01
      vertex 0 -92.5 30.01
    endloop
  endfacet
  facet normal 0 0 1
    outer loop
      vertex -7.84137 -79.6148 30.01
      vertex -4.53876 -92.3886 30.01
      vertex -3.92541 -79.9036 30.01
    endloop
  endfacet
  facet normal 0 0 1
    outer loop
      vertex -7.84137 -79.6148 30.01
      vertex -9.06658 -92.0546 30.01
      vertex -4.53876 -92.3886 30.01
    endloop
  endfacet
  facet normal 0 0 1
    outer loop
      vertex -11.7384 -79.1341 30.01
      vertex -9.06658 -92.0546 30.01
      vertex -7.84137 -79.6148 30.01
    endloop
  endfacet
  facet normal 0 0 1
    outer loop
      vertex -11.7384 -79.1341 30.01
      vertex -13.5726 -91.4988 30.01
      vertex -9.06658 -92.0546 30.01
    endloop
  endfacet
  facet normal 0 0 1
    outer loop
      vertex -15.6072 -78.4628 30.01
      vertex -13.5726 -91.4988 30.01
      vertex -11.7384 -79.1341 30.01
    endloop
  endfacet
  facet normal 0 0 1
    outer loop
      vertex -15.6072 -78.4628 30.01
      vertex -18.0459 -90.7226 30.01
      vertex -13.5726 -91.4988 30.01
    endloop
  endfacet
  facet normal 0 0 1
    outer loop
      vertex -19.4384 -77.6025 30.01
      vertex -18.0459 -90.7226 30.01
      vertex -15.6072 -78.4628 30.01
    endloop
  endfacet
  facet normal 0 0 1
    outer loop
      vertex -19.4384 -77.6025 30.01
      vertex -22.4757 -89.7279 30.01
      vertex -18.0459 -90.7226 30.01
    endloop
  endfacet
  facet normal 0 0 1
    outer loop
      vertex -23.2228 -76.5552 30.01
      vertex -22.4757 -89.7279 30.01
      vertex -19.4384 -77.6025 30.01
    endloop
  endfacet
  facet normal 0 0 1
    outer loop
      vertex -23.2228 -76.5552 30.01
      vertex -26.8513 -88.517 30.01
      vertex -22.4757 -89.7279 30.01
    endloop
  endfacet
  facet normal 0 0 1
    outer loop
      vertex -26.9512 -75.3235 30.01
      vertex -26.8513 -88.517 30.01
      vertex -23.2228 -76.5552 30.01
    endloop
  endfacet
  facet normal 0 0 1
    outer loop
      vertex -31.1623 -87.0928 30.01
      vertex -26.9512 -75.3235 30.01
      vertex -30.6147 -73.9104 30.01
    endloop
  endfacet
  facet normal 0 0 1
    outer loop
      vertex -26.9512 -75.3235 30.01
      vertex -31.1623 -87.0928 30.01
      vertex -26.8513 -88.517 30.01
    endloop
  endfacet
  facet normal 0 0 1
    outer loop
      vertex -35.3982 -85.4589 30.01
      vertex -30.6147 -73.9104 30.01
      vertex -34.2044 -72.3191 30.01
    endloop
  endfacet
  facet normal 0 0 1
    outer loop
      vertex -30.6147 -73.9104 30.01
      vertex -35.3982 -85.4589 30.01
      vertex -31.1623 -87.0928 30.01
    endloop
  endfacet
  facet normal 0 0 1
    outer loop
      vertex -39.5488 -83.619 30.01
      vertex -34.2044 -72.3191 30.01
      vertex -37.7117 -70.5537 30.01
    endloop
  endfacet
  facet normal 0 0 1
    outer loop
      vertex -34.2044 -72.3191 30.01
      vertex -39.5488 -83.619 30.01
      vertex -35.3982 -85.4589 30.01
    endloop
  endfacet
  facet normal 0 0 1
    outer loop
      vertex -43.6042 -81.5777 30.01
      vertex -37.7117 -70.5537 30.01
      vertex -41.1282 -68.6183 30.01
    endloop
  endfacet
  facet normal 0 0 1
    outer loop
      vertex -37.7117 -70.5537 30.01
      vertex -43.6042 -81.5777 30.01
      vertex -39.5488 -83.619 30.01
    endloop
  endfacet
  facet normal 0 0 1
    outer loop
      vertex -47.5545 -79.3399 30.01
      vertex -41.1282 -68.6183 30.01
      vertex -44.4456 -66.5176 30.01
    endloop
  endfacet
  facet normal 0 0 1
    outer loop
      vertex -41.1282 -68.6183 30.01
      vertex -47.5545 -79.3399 30.01
      vertex -43.6042 -81.5777 30.01
    endloop
  endfacet
  facet normal 0 0 1
    outer loop
      vertex -51.3902 -76.9109 30.01
      vertex -44.4456 -66.5176 30.01
      vertex -47.6559 -64.2566 30.01
    endloop
  endfacet
  facet normal 0 0 1
    outer loop
      vertex -55.1022 -74.2967 30.01
      vertex -47.6559 -64.2566 30.01
      vertex -50.7515 -61.8408 30.01
    endloop
  endfacet
  facet normal 0 0 1
    outer loop
      vertex -44.4456 -66.5176 30.01
      vertex -51.3902 -76.9109 30.01
      vertex -47.5545 -79.3399 30.01
    endloop
  endfacet
  facet normal 0 0 1
    outer loop
      vertex -58.6814 -71.5035 30.01
      vertex -50.7515 -61.8408 30.01
      vertex -53.7247 -59.2761 30.01
    endloop
  endfacet
  facet normal 0 0 1
    outer loop
      vertex -47.6559 -64.2566 30.01
      vertex -55.1022 -74.2967 30.01
      vertex -51.3902 -76.9109 30.01
    endloop
  endfacet
  facet normal 0 0 1
    outer loop
      vertex -62.1192 -68.538 30.01
      vertex -53.7247 -59.2761 30.01
      vertex -56.5685 -56.5685 30.01
    endloop
  endfacet
  facet normal 0 0 1
    outer loop
      vertex -50.7515 -61.8408 30.01
      vertex -58.6814 -71.5035 30.01
      vertex -55.1022 -74.2967 30.01
    endloop
  endfacet
  facet normal 0 0 1
    outer loop
      vertex -65.4074 -65.4074 30.01
      vertex -56.5685 -56.5685 30.01
      vertex -59.2761 -53.7247 30.01
    endloop
  endfacet
  facet normal 0 0 1
    outer loop
      vertex -68.538 -62.1192 30.01
      vertex -59.2761 -53.7247 30.01
      vertex -61.8408 -50.7515 30.01
    endloop
  endfacet
  facet normal 0 0 1
    outer loop
      vertex -53.7247 -59.2761 30.01
      vertex -62.1192 -68.538 30.01
      vertex -58.6814 -71.5035 30.01
    endloop
  endfacet
  facet normal 0 0 1
    outer loop
      vertex -71.5035 -58.6814 30.01
      vertex -61.8408 -50.7515 30.01
      vertex -64.2566 -47.6559 30.01
    endloop
  endfacet
  facet normal 0 0 1
    outer loop
      vertex -56.5685 -56.5685 30.01
      vertex -65.4074 -65.4074 30.01
      vertex -62.1192 -68.538 30.01
    endloop
  endfacet
  facet normal 0 0 1
    outer loop
      vertex -74.2967 -55.1022 30.01
      vertex -64.2566 -47.6559 30.01
      vertex -66.5176 -44.4456 30.01
    endloop
  endfacet
  facet normal 0 0 1
    outer loop
      vertex -59.2761 -53.7247 30.01
      vertex -68.538 -62.1192 30.01
      vertex -65.4074 -65.4074 30.01
    endloop
  endfacet
  facet normal 0 0 1
    outer loop
      vertex -76.9109 -51.3902 30.01
      vertex -66.5176 -44.4456 30.01
      vertex -68.6183 -41.1282 30.01
    endloop
  endfacet
  facet normal 0 0 1
    outer loop
      vertex -79.3399 -47.5545 30.01
      vertex -68.6183 -41.1282 30.01
      vertex -70.5537 -37.7117 30.01
    endloop
  endfacet
  facet normal 0 0 1
    outer loop
      vertex -61.8408 -50.7515 30.01
      vertex -71.5035 -58.6814 30.01
      vertex -68.538 -62.1192 30.01
    endloop
  endfacet
  facet normal 0 0 1
    outer loop
      vertex -81.5777 -43.6042 30.01
      vertex -70.5537 -37.7117 30.01
      vertex -72.3191 -34.2044 30.01
    endloop
  endfacet
  facet normal 0 0 1
    outer loop
      vertex -83.619 -39.5488 30.01
      vertex -72.3191 -34.2044 30.01
      vertex -73.9104 -30.6147 30.01
    endloop
  endfacet
  facet normal 0 0 1
    outer loop
      vertex -64.2566 -47.6559 30.01
      vertex -74.2967 -55.1022 30.01
      vertex -71.5035 -58.6814 30.01
    endloop
  endfacet
  facet normal 0 0 1
    outer loop
      vertex -85.4589 -35.3982 30.01
      vertex -73.9104 -30.6147 30.01
      vertex -75.3235 -26.9512 30.01
    endloop
  endfacet
  facet normal 0 0 1
    outer loop
      vertex -87.0928 -31.1623 30.01
      vertex -75.3235 -26.9512 30.01
      vertex -76.5552 -23.2228 30.01
    endloop
  endfacet
  facet normal 0 0 1
    outer loop
      vertex -66.5176 -44.4456 30.01
      vertex -76.9109 -51.3902 30.01
      vertex -74.2967 -55.1022 30.01
    endloop
  endfacet
  facet normal 0 0 1
    outer loop
      vertex -88.517 -26.8513 30.01
      vertex -76.5552 -23.2228 30.01
      vertex -77.6025 -19.4384 30.01
    endloop
  endfacet
  facet normal 0 0 1
    outer loop
      vertex -89.7279 -22.4757 30.01
      vertex -77.6025 -19.4384 30.01
      vertex -78.4628 -15.6072 30.01
    endloop
  endfacet
  facet normal 0 0 1
    outer loop
      vertex -90.7226 -18.0459 30.01
      vertex -78.4628 -15.6072 30.01
      vertex -79.1341 -11.7384 30.01
    endloop
  endfacet
  facet normal 0 0 1
    outer loop
      vertex -68.6183 -41.1282 30.01
      vertex -79.3399 -47.5545 30.01
      vertex -76.9109 -51.3902 30.01
    endloop
  endfacet
  facet normal 0 0 1
    outer loop
      vertex -91.4988 -13.5726 30.01
      vertex -79.1341 -11.7384 30.01
      vertex -79.6148 -7.84137 30.01
    endloop
  endfacet
  facet normal 0 0 1
    outer loop
      vertex -92.0546 -9.06658 30.01
      vertex -79.6148 -7.84137 30.01
      vertex -79.9036 -3.92541 30.01
    endloop
  endfacet
  facet normal 0 0 1
    outer loop
      vertex -92.3886 -4.53876 30.01
      vertex -79.9036 -3.92541 30.01
      vertex -80 0 30.01
    endloop
  endfacet
  facet normal 0 0 1
    outer loop
      vertex -77.6025 19.4384 30.01
      vertex -89.7279 22.4757 30.01
      vertex -78.4628 15.6072 30.01
    endloop
  endfacet
  facet normal 0 0 1
    outer loop
      vertex -70.5537 -37.7117 30.01
      vertex -81.5777 -43.6042 30.01
      vertex -79.3399 -47.5545 30.01
    endloop
  endfacet
  facet normal -0 0 1
    outer loop
      vertex -90.7226 18.0459 30.01
      vertex -78.4628 15.6072 30.01
      vertex -89.7279 22.4757 30.01
    endloop
  endfacet
  facet normal 0 0 1
    outer loop
      vertex -72.3191 -34.2044 30.01
      vertex -83.619 -39.5488 30.01
      vertex -81.5777 -43.6042 30.01
    endloop
  endfacet
  facet normal 0 0 1
    outer loop
      vertex -78.4628 15.6072 30.01
      vertex -90.7226 18.0459 30.01
      vertex -79.1341 11.7384 30.01
    endloop
  endfacet
  facet normal 0 0 1
    outer loop
      vertex -73.9104 -30.6147 30.01
      vertex -85.4589 -35.3982 30.01
      vertex -83.619 -39.5488 30.01
    endloop
  endfacet
  facet normal -0 0 1
    outer loop
      vertex -91.4988 13.5726 30.01
      vertex -79.1341 11.7384 30.01
      vertex -90.7226 18.0459 30.01
    endloop
  endfacet
  facet normal 0 0 1
    outer loop
      vertex -75.3235 -26.9512 30.01
      vertex -87.0928 -31.1623 30.01
      vertex -85.4589 -35.3982 30.01
    endloop
  endfacet
  facet normal 0 0 1
    outer loop
      vertex -79.1341 11.7384 30.01
      vertex -91.4988 13.5726 30.01
      vertex -79.6148 7.84137 30.01
    endloop
  endfacet
  facet normal 0 0 1
    outer loop
      vertex -76.5552 -23.2228 30.01
      vertex -88.517 -26.8513 30.01
      vertex -87.0928 -31.1623 30.01
    endloop
  endfacet
  facet normal -0 0 1
    outer loop
      vertex -92.0546 9.06658 30.01
      vertex -79.6148 7.84137 30.01
      vertex -91.4988 13.5726 30.01
    endloop
  endfacet
  facet normal 0 0 1
    outer loop
      vertex -77.6025 -19.4384 30.01
      vertex -89.7279 -22.4757 30.01
      vertex -88.517 -26.8513 30.01
    endloop
  endfacet
  facet normal 0 0 1
    outer loop
      vertex -79.6148 7.84137 30.01
      vertex -92.0546 9.06658 30.01
      vertex -79.9036 3.92541 30.01
    endloop
  endfacet
  facet normal 0 0 1
    outer loop
      vertex -78.4628 -15.6072 30.01
      vertex -90.7226 -18.0459 30.01
      vertex -89.7279 -22.4757 30.01
    endloop
  endfacet
  facet normal -0 0 1
    outer loop
      vertex -92.3886 4.53876 30.01
      vertex -79.9036 3.92541 30.01
      vertex -92.0546 9.06658 30.01
    endloop
  endfacet
  facet normal 0 0 1
    outer loop
      vertex -79.1341 -11.7384 30.01
      vertex -91.4988 -13.5726 30.01
      vertex -90.7226 -18.0459 30.01
    endloop
  endfacet
  facet normal 0 0 1
    outer loop
      vertex -79.9036 3.92541 30.01
      vertex -92.3886 4.53876 30.01
      vertex -80 0 30.01
    endloop
  endfacet
  facet normal 0 0 1
    outer loop
      vertex -79.6148 -7.84137 30.01
      vertex -92.0546 -9.06658 30.01
      vertex -91.4988 -13.5726 30.01
    endloop
  endfacet
  facet normal 0 0 1
    outer loop
      vertex -92.5 0 30.01
      vertex -80 0 30.01
      vertex -92.3886 4.53876 30.01
    endloop
  endfacet
  facet normal 0 0 1
    outer loop
      vertex -79.9036 -3.92541 30.01
      vertex -92.3886 -4.53876 30.01
      vertex -92.0546 -9.06658 30.01
    endloop
  endfacet
  facet normal 0 0 1
    outer loop
      vertex -80 0 30.01
      vertex -92.5 0 30.01
      vertex -92.3886 -4.53876 30.01
    endloop
  endfacet
  facet normal -0.313689 -0.949526 0
    outer loop
      vertex -31.1623 -87.0928 15.01
      vertex -26.8513 -88.517 30.01
      vertex -31.1623 -87.0928 30.01
    endloop
  endfacet
  facet normal -0.313689 -0.949526 -0
    outer loop
      vertex -26.8513 -88.517 30.01
      vertex -31.1623 -87.0928 15.01
      vertex -26.8513 -88.517 15.01
    endloop
  endfacet
  facet normal -0.844847 -0.535009 0
    outer loop
      vertex -76.9109 -51.3902 15.01
      vertex -79.3399 -47.5545 30.01
      vertex -79.3399 -47.5545 15.01
    endloop
  endfacet
  facet normal -0.844847 -0.535009 0
    outer loop
      vertex -79.3399 -47.5545 30.01
      vertex -76.9109 -51.3902 15.01
      vertex -76.9109 -51.3902 30.01
    endloop
  endfacet
  facet normal -0.615227 0.78835 0
    outer loop
      vertex -55.1022 74.2967 15.01
      vertex -58.6814 71.5035 30.01
      vertex -55.1022 74.2967 30.01
    endloop
  endfacet
  facet normal -0.615227 0.78835 0
    outer loop
      vertex -58.6814 71.5035 30.01
      vertex -55.1022 74.2967 15.01
      vertex -58.6814 71.5035 15.01
    endloop
  endfacet
  facet normal -0.575796 0.817594 0
    outer loop
      vertex -51.3902 76.9109 15.01
      vertex -55.1022 74.2967 30.01
      vertex -51.3902 76.9109 30.01
    endloop
  endfacet
  facet normal -0.575796 0.817594 0
    outer loop
      vertex -55.1022 74.2967 30.01
      vertex -51.3902 76.9109 15.01
      vertex -55.1022 74.2967 15.01
    endloop
  endfacet
  facet normal -0.266714 0.963776 0
    outer loop
      vertex -22.4757 89.7279 15.01
      vertex -26.8513 88.517 30.01
      vertex -22.4757 89.7279 30.01
    endloop
  endfacet
  facet normal -0.266714 0.963776 0
    outer loop
      vertex -26.8513 88.517 30.01
      vertex -22.4757 89.7279 15.01
      vertex -26.8513 88.517 15.01
    endloop
  endfacet
  facet normal -0.359882 -0.932998 0
    outer loop
      vertex -35.3982 -85.4589 15.01
      vertex -31.1623 -87.0928 30.01
      vertex -35.3982 -85.4589 30.01
    endloop
  endfacet
  facet normal -0.359882 -0.932998 -0
    outer loop
      vertex -31.1623 -87.0928 30.01
      vertex -35.3982 -85.4589 15.01
      vertex -31.1623 -87.0928 15.01
    endloop
  endfacet
  facet normal 0.359882 -0.932998 0
    outer loop
      vertex 31.1623 -87.0928 15.01
      vertex 35.3982 -85.4589 30.01
      vertex 31.1623 -87.0928 30.01
    endloop
  endfacet
  facet normal 0.359882 -0.932998 0
    outer loop
      vertex 35.3982 -85.4589 30.01
      vertex 31.1623 -87.0928 15.01
      vertex 35.3982 -85.4589 15.01
    endloop
  endfacet
  facet normal 0.844847 -0.535009 0
    outer loop
      vertex 76.9109 -51.3902 30.01
      vertex 79.3399 -47.5545 15.01
      vertex 79.3399 -47.5545 30.01
    endloop
  endfacet
  facet normal 0.844847 -0.535009 0
    outer loop
      vertex 79.3399 -47.5545 15.01
      vertex 76.9109 -51.3902 30.01
      vertex 76.9109 -51.3902 15.01
    endloop
  endfacet
  facet normal -0.963776 -0.266714 0
    outer loop
      vertex -88.517 -26.8513 15.01
      vertex -89.7279 -22.4757 30.01
      vertex -89.7279 -22.4757 15.01
    endloop
  endfacet
  facet normal -0.963776 -0.266714 0
    outer loop
      vertex -89.7279 -22.4757 30.01
      vertex -88.517 -26.8513 15.01
      vertex -88.517 -26.8513 30.01
    endloop
  endfacet
  facet normal -0.975704 -0.219092 0
    outer loop
      vertex -89.7279 -22.4757 15.01
      vertex -90.7226 -18.0459 30.01
      vertex -90.7226 -18.0459 15.01
    endloop
  endfacet
  facet normal -0.975704 -0.219092 0
    outer loop
      vertex -90.7226 -18.0459 30.01
      vertex -89.7279 -22.4757 15.01
      vertex -89.7279 -22.4757 30.01
    endloop
  endfacet
  facet normal 0.219092 0.975704 -0
    outer loop
      vertex 22.4757 89.7279 15.01
      vertex 18.0459 90.7226 30.01
      vertex 22.4757 89.7279 30.01
    endloop
  endfacet
  facet normal 0.219092 0.975704 0
    outer loop
      vertex 18.0459 90.7226 30.01
      vertex 22.4757 89.7279 15.01
      vertex 18.0459 90.7226 15.01
    endloop
  endfacet
  facet normal 0.575796 -0.817594 0
    outer loop
      vertex 51.3902 -76.9109 15.01
      vertex 55.1022 -74.2967 30.01
      vertex 51.3902 -76.9109 30.01
    endloop
  endfacet
  facet normal 0.575796 -0.817594 0
    outer loop
      vertex 55.1022 -74.2967 30.01
      vertex 51.3902 -76.9109 15.01
      vertex 55.1022 -74.2967 15.01
    endloop
  endfacet
  facet normal -0.817594 0.575796 0
    outer loop
      vertex -76.9109 51.3902 15.01
      vertex -74.2967 55.1022 30.01
      vertex -74.2967 55.1022 15.01
    endloop
  endfacet
  facet normal -0.817594 0.575796 0
    outer loop
      vertex -74.2967 55.1022 30.01
      vertex -76.9109 51.3902 15.01
      vertex -76.9109 51.3902 30.01
    endloop
  endfacet
  facet normal -0.266714 -0.963776 0
    outer loop
      vertex -26.8513 -88.517 15.01
      vertex -22.4757 -89.7279 30.01
      vertex -26.8513 -88.517 30.01
    endloop
  endfacet
  facet normal -0.266714 -0.963776 -0
    outer loop
      vertex -22.4757 -89.7279 30.01
      vertex -26.8513 -88.517 15.01
      vertex -22.4757 -89.7279 15.01
    endloop
  endfacet
  facet normal -0.615227 -0.78835 0
    outer loop
      vertex -58.6814 -71.5035 15.01
      vertex -55.1022 -74.2967 30.01
      vertex -58.6814 -71.5035 30.01
    endloop
  endfacet
  facet normal -0.615227 -0.78835 -0
    outer loop
      vertex -55.1022 -74.2967 30.01
      vertex -58.6814 -71.5035 15.01
      vertex -55.1022 -74.2967 15.01
    endloop
  endfacet
  facet normal -0.893226 -0.449608 0
    outer loop
      vertex -81.5777 -43.6042 15.01
      vertex -83.619 -39.5488 30.01
      vertex -83.619 -39.5488 15.01
    endloop
  endfacet
  facet normal -0.893226 -0.449608 0
    outer loop
      vertex -83.619 -39.5488 30.01
      vertex -81.5777 -43.6042 15.01
      vertex -81.5777 -43.6042 30.01
    endloop
  endfacet
  facet normal -0.405253 -0.914204 0
    outer loop
      vertex -39.5488 -83.619 15.01
      vertex -35.3982 -85.4589 30.01
      vertex -39.5488 -83.619 30.01
    endloop
  endfacet
  facet normal -0.405253 -0.914204 -0
    outer loop
      vertex -35.3982 -85.4589 30.01
      vertex -39.5488 -83.619 15.01
      vertex -35.3982 -85.4589 15.01
    endloop
  endfacet
  facet normal -0.219095 0.975703 0
    outer loop
      vertex -15.6072 78.4628 30.01
      vertex -19.4384 77.6025 45
      vertex -15.6072 78.4628 45
    endloop
  endfacet
  facet normal -0.219095 0.975703 0
    outer loop
      vertex -19.4384 77.6025 45
      vertex -15.6072 78.4628 30.01
      vertex -19.4384 77.6025 30.01
    endloop
  endfacet
  facet normal 0.997292 0.0735497 0
    outer loop
      vertex 79.9036 3.92541 45
      vertex 79.6148 7.84137 30.01
      vertex 79.6148 7.84137 45
    endloop
  endfacet
  facet normal 0.997292 0.0735497 0
    outer loop
      vertex 79.6148 7.84137 30.01
      vertex 79.9036 3.92541 45
      vertex 79.9036 3.92541 30.01
    endloop
  endfacet
  facet normal 0.999699 0.0245505 0
    outer loop
      vertex 80 0 45
      vertex 79.9036 3.92541 30.01
      vertex 79.9036 3.92541 45
    endloop
  endfacet
  facet normal 0.999699 0.0245505 0
    outer loop
      vertex 79.9036 3.92541 30.01
      vertex 80 0 45
      vertex 80 0 30.01
    endloop
  endfacet
  facet normal 0.992478 0.122423 0
    outer loop
      vertex 79.6148 7.84137 45
      vertex 79.1341 11.7384 30.01
      vertex 79.1341 11.7384 45
    endloop
  endfacet
  facet normal 0.992478 0.122423 0
    outer loop
      vertex 79.1341 11.7384 30.01
      vertex 79.6148 7.84137 45
      vertex 79.6148 7.84137 30.01
    endloop
  endfacet
  facet normal 0.449606 0.893227 -0
    outer loop
      vertex 37.7117 70.5537 30.01
      vertex 34.2044 72.3191 45
      vertex 37.7117 70.5537 45
    endloop
  endfacet
  facet normal 0.449606 0.893227 0
    outer loop
      vertex 34.2044 72.3191 45
      vertex 37.7117 70.5537 30.01
      vertex 34.2044 72.3191 30.01
    endloop
  endfacet
  facet normal 0.87009 0.492894 0
    outer loop
      vertex 70.5537 37.7117 45
      vertex 68.6183 41.1282 30.01
      vertex 68.6183 41.1282 45
    endloop
  endfacet
  facet normal 0.87009 0.492894 0
    outer loop
      vertex 68.6183 41.1282 30.01
      vertex 70.5537 37.7117 45
      vertex 70.5537 37.7117 30.01
    endloop
  endfacet
  facet normal -0.405262 -0.914201 0
    outer loop
      vertex -34.2044 -72.3191 30.01
      vertex -30.6147 -73.9104 45
      vertex -34.2044 -72.3191 45
    endloop
  endfacet
  facet normal -0.405262 -0.914201 -0
    outer loop
      vertex -30.6147 -73.9104 45
      vertex -34.2044 -72.3191 30.01
      vertex -30.6147 -73.9104 30.01
    endloop
  endfacet
  facet normal 0.0735497 -0.997292 0
    outer loop
      vertex 3.92541 -79.9036 30.01
      vertex 7.84137 -79.6148 45
      vertex 3.92541 -79.9036 45
    endloop
  endfacet
  facet normal 0.0735497 -0.997292 0
    outer loop
      vertex 7.84137 -79.6148 45
      vertex 3.92541 -79.9036 30.01
      vertex 7.84137 -79.6148 30.01
    endloop
  endfacet
  facet normal 0.653173 0.757209 -0
    outer loop
      vertex 53.7247 59.2761 30.01
      vertex 50.7515 61.8408 45
      vertex 53.7247 59.2761 45
    endloop
  endfacet
  facet normal 0.653173 0.757209 0
    outer loop
      vertex 50.7515 61.8408 45
      vertex 53.7247 59.2761 30.01
      vertex 50.7515 61.8408 30.01
    endloop
  endfacet
  facet normal -0.534994 0.844856 0
    outer loop
      vertex -41.1282 68.6183 30.01
      vertex -44.4456 66.5176 45
      vertex -41.1282 68.6183 45
    endloop
  endfacet
  facet normal -0.534994 0.844856 0
    outer loop
      vertex -44.4456 66.5176 45
      vertex -41.1282 68.6183 30.01
      vertex -44.4456 66.5176 30.01
    endloop
  endfacet
  facet normal 0.844856 0.534994 0
    outer loop
      vertex 68.6183 41.1282 45
      vertex 66.5176 44.4456 30.01
      vertex 66.5176 44.4456 45
    endloop
  endfacet
  facet normal 0.844856 0.534994 0
    outer loop
      vertex 66.5176 44.4456 30.01
      vertex 68.6183 41.1282 45
      vertex 68.6183 41.1282 30.01
    endloop
  endfacet
  facet normal 0.975703 -0.219095 0
    outer loop
      vertex 77.6025 -19.4384 45
      vertex 78.4628 -15.6072 30.01
      vertex 78.4628 -15.6072 45
    endloop
  endfacet
  facet normal 0.975703 -0.219095 0
    outer loop
      vertex 78.4628 -15.6072 30.01
      vertex 77.6025 -19.4384 45
      vertex 77.6025 -19.4384 30.01
    endloop
  endfacet
  facet normal -0.757209 -0.653173 0
    outer loop
      vertex -59.2761 -53.7247 30.01
      vertex -61.8408 -50.7515 45
      vertex -61.8408 -50.7515 30.01
    endloop
  endfacet
  facet normal -0.757209 -0.653173 0
    outer loop
      vertex -61.8408 -50.7515 45
      vertex -59.2761 -53.7247 30.01
      vertex -59.2761 -53.7247 45
    endloop
  endfacet
  facet normal -0.0245505 -0.999699 0
    outer loop
      vertex -3.92541 -79.9036 30.01
      vertex 0 -80 45
      vertex -3.92541 -79.9036 45
    endloop
  endfacet
  facet normal -0.0245505 -0.999699 -0
    outer loop
      vertex 0 -80 45
      vertex -3.92541 -79.9036 30.01
      vertex 0 -80 30.01
    endloop
  endfacet
  facet normal 0.975703 0.219095 0
    outer loop
      vertex 78.4628 15.6072 45
      vertex 77.6025 19.4384 30.01
      vertex 77.6025 19.4384 45
    endloop
  endfacet
  facet normal 0.975703 0.219095 0
    outer loop
      vertex 77.6025 19.4384 30.01
      vertex 78.4628 15.6072 45
      vertex 78.4628 15.6072 30.01
    endloop
  endfacet
  facet normal -0.122423 0.992478 0
    outer loop
      vertex -7.84137 79.6148 30.01
      vertex -11.7384 79.1341 45
      vertex -7.84137 79.6148 45
    endloop
  endfacet
  facet normal -0.122423 0.992478 0
    outer loop
      vertex -11.7384 79.1341 45
      vertex -7.84137 79.6148 30.01
      vertex -11.7384 79.1341 30.01
    endloop
  endfacet
  facet normal -0.999699 -0.0245505 0
    outer loop
      vertex -79.9036 -3.92541 30.01
      vertex -80 0 45
      vertex -80 0 30.01
    endloop
  endfacet
  facet normal -0.999699 -0.0245505 0
    outer loop
      vertex -80 0 45
      vertex -79.9036 -3.92541 30.01
      vertex -79.9036 -3.92541 45
    endloop
  endfacet
  facet normal -0.975703 -0.219095 0
    outer loop
      vertex -77.6025 -19.4384 30.01
      vertex -78.4628 -15.6072 45
      vertex -78.4628 -15.6072 30.01
    endloop
  endfacet
  facet normal -0.975703 -0.219095 0
    outer loop
      vertex -78.4628 -15.6072 45
      vertex -77.6025 -19.4384 30.01
      vertex -77.6025 -19.4384 45
    endloop
  endfacet
  facet normal 0.653173 -0.757209 0
    outer loop
      vertex 50.7515 -61.8408 30.01
      vertex 53.7247 -59.2761 45
      vertex 50.7515 -61.8408 45
    endloop
  endfacet
  facet normal 0.653173 -0.757209 0
    outer loop
      vertex 53.7247 -59.2761 45
      vertex 50.7515 -61.8408 30.01
      vertex 53.7247 -59.2761 30.01
    endloop
  endfacet
  facet normal 0.170962 0.985278 -0
    outer loop
      vertex 15.6072 78.4628 30.01
      vertex 11.7384 79.1341 45
      vertex 15.6072 78.4628 45
    endloop
  endfacet
  facet normal 0.170962 0.985278 0
    outer loop
      vertex 11.7384 79.1341 45
      vertex 15.6072 78.4628 30.01
      vertex 11.7384 79.1341 30.01
    endloop
  endfacet
  facet normal -0.985278 -0.170962 0
    outer loop
      vertex -78.4628 -15.6072 30.01
      vertex -79.1341 -11.7384 45
      vertex -79.1341 -11.7384 30.01
    endloop
  endfacet
  facet normal -0.985278 -0.170962 0
    outer loop
      vertex -79.1341 -11.7384 45
      vertex -78.4628 -15.6072 30.01
      vertex -78.4628 -15.6072 45
    endloop
  endfacet
  facet normal 0.87009 -0.492894 0
    outer loop
      vertex 68.6183 -41.1282 45
      vertex 70.5537 -37.7117 30.01
      vertex 70.5537 -37.7117 45
    endloop
  endfacet
  facet normal 0.87009 -0.492894 0
    outer loop
      vertex 70.5537 -37.7117 30.01
      vertex 68.6183 -41.1282 45
      vertex 68.6183 -41.1282 30.01
    endloop
  endfacet
  facet normal -0.949528 -0.313682 0
    outer loop
      vertex -75.3235 -26.9512 30.01
      vertex -76.5552 -23.2228 45
      vertex -76.5552 -23.2228 30.01
    endloop
  endfacet
  facet normal -0.949528 -0.313682 0
    outer loop
      vertex -76.5552 -23.2228 45
      vertex -75.3235 -26.9512 30.01
      vertex -75.3235 -26.9512 45
    endloop
  endfacet
  facet normal 0.78835 0.615227 0
    outer loop
      vertex 64.2566 47.6559 45
      vertex 61.8408 50.7515 30.01
      vertex 61.8408 50.7515 45
    endloop
  endfacet
  facet normal 0.78835 0.615227 0
    outer loop
      vertex 61.8408 50.7515 30.01
      vertex 64.2566 47.6559 45
      vertex 64.2566 47.6559 30.01
    endloop
  endfacet
  facet normal -0.949528 0.313682 0
    outer loop
      vertex -76.5552 23.2228 30.01
      vertex -75.3235 26.9512 45
      vertex -75.3235 26.9512 30.01
    endloop
  endfacet
  facet normal -0.949528 0.313682 0
    outer loop
      vertex -75.3235 26.9512 45
      vertex -76.5552 23.2228 30.01
      vertex -76.5552 23.2228 45
    endloop
  endfacet
  facet normal 0.689551 0.724237 -0
    outer loop
      vertex 56.5685 56.5685 30.01
      vertex 53.7247 59.2761 45
      vertex 56.5685 56.5685 45
    endloop
  endfacet
  facet normal 0.689551 0.724237 0
    outer loop
      vertex 53.7247 59.2761 45
      vertex 56.5685 56.5685 30.01
      vertex 53.7247 59.2761 30.01
    endloop
  endfacet
  facet normal 0.78835 -0.615227 0
    outer loop
      vertex 61.8408 -50.7515 45
      vertex 64.2566 -47.6559 30.01
      vertex 64.2566 -47.6559 45
    endloop
  endfacet
  facet normal 0.78835 -0.615227 0
    outer loop
      vertex 64.2566 -47.6559 30.01
      vertex 61.8408 -50.7515 45
      vertex 61.8408 -50.7515 30.01
    endloop
  endfacet
  facet normal 0.997292 -0.0735497 0
    outer loop
      vertex 79.6148 -7.84137 45
      vertex 79.9036 -3.92541 30.01
      vertex 79.9036 -3.92541 45
    endloop
  endfacet
  facet normal 0.997292 -0.0735497 0
    outer loop
      vertex 79.9036 -3.92541 30.01
      vertex 79.6148 -7.84137 45
      vertex 79.6148 -7.84137 30.01
    endloop
  endfacet
  facet normal -0.689551 0.724237 0
    outer loop
      vertex -53.7247 59.2761 30.01
      vertex -56.5685 56.5685 45
      vertex -53.7247 59.2761 45
    endloop
  endfacet
  facet normal -0.689551 0.724237 0
    outer loop
      vertex -56.5685 56.5685 45
      vertex -53.7247 59.2761 30.01
      vertex -56.5685 56.5685 30.01
    endloop
  endfacet
  facet normal -0.893227 0.449606 0
    outer loop
      vertex -72.3191 34.2044 30.01
      vertex -70.5537 37.7117 45
      vertex -70.5537 37.7117 30.01
    endloop
  endfacet
  facet normal -0.893227 0.449606 0
    outer loop
      vertex -70.5537 37.7117 45
      vertex -72.3191 34.2044 30.01
      vertex -72.3191 34.2044 45
    endloop
  endfacet
  facet normal -0.757209 0.653173 0
    outer loop
      vertex -61.8408 50.7515 30.01
      vertex -59.2761 53.7247 45
      vertex -59.2761 53.7247 30.01
    endloop
  endfacet
  facet normal -0.757209 0.653173 0
    outer loop
      vertex -59.2761 53.7247 45
      vertex -61.8408 50.7515 30.01
      vertex -61.8408 50.7515 45
    endloop
  endfacet
  facet normal -0.992478 0.122423 0
    outer loop
      vertex -79.6148 7.84137 30.01
      vertex -79.1341 11.7384 45
      vertex -79.1341 11.7384 30.01
    endloop
  endfacet
  facet normal -0.992478 0.122423 0
    outer loop
      vertex -79.1341 11.7384 45
      vertex -79.6148 7.84137 30.01
      vertex -79.6148 7.84137 45
    endloop
  endfacet
  facet normal 0.170962 -0.985278 0
    outer loop
      vertex 11.7384 -79.1341 30.01
      vertex 15.6072 -78.4628 45
      vertex 11.7384 -79.1341 45
    endloop
  endfacet
  facet normal 0.170962 -0.985278 0
    outer loop
      vertex 15.6072 -78.4628 45
      vertex 11.7384 -79.1341 30.01
      vertex 15.6072 -78.4628 30.01
    endloop
  endfacet
  facet normal 0.0245505 -0.999699 0
    outer loop
      vertex 0 -80 30.01
      vertex 3.92541 -79.9036 45
      vertex 0 -80 45
    endloop
  endfacet
  facet normal 0.0245505 -0.999699 0
    outer loop
      vertex 3.92541 -79.9036 45
      vertex 0 -80 30.01
      vertex 3.92541 -79.9036 30.01
    endloop
  endfacet
  facet normal 0.999699 -0.0245505 0
    outer loop
      vertex 79.9036 -3.92541 45
      vertex 80 0 30.01
      vertex 80 0 45
    endloop
  endfacet
  facet normal 0.999699 -0.0245505 0
    outer loop
      vertex 80 0 30.01
      vertex 79.9036 -3.92541 45
      vertex 79.9036 -3.92541 30.01
    endloop
  endfacet
  facet normal 0.575817 0.817579 -0
    outer loop
      vertex 47.6559 64.2566 30.01
      vertex 44.4456 66.5176 45
      vertex 47.6559 64.2566 45
    endloop
  endfacet
  facet normal 0.575817 0.817579 0
    outer loop
      vertex 44.4456 66.5176 45
      vertex 47.6559 64.2566 30.01
      vertex 44.4456 66.5176 30.01
    endloop
  endfacet
  facet normal -0.724237 -0.689551 0
    outer loop
      vertex -56.5685 -56.5685 30.01
      vertex -59.2761 -53.7247 45
      vertex -59.2761 -53.7247 30.01
    endloop
  endfacet
  facet normal -0.724237 -0.689551 0
    outer loop
      vertex -59.2761 -53.7247 45
      vertex -56.5685 -56.5685 30.01
      vertex -56.5685 -56.5685 45
    endloop
  endfacet
  facet normal -0.844856 -0.534994 0
    outer loop
      vertex -66.5176 -44.4456 30.01
      vertex -68.6183 -41.1282 45
      vertex -68.6183 -41.1282 30.01
    endloop
  endfacet
  facet normal -0.844856 -0.534994 0
    outer loop
      vertex -68.6183 -41.1282 45
      vertex -66.5176 -44.4456 30.01
      vertex -66.5176 -44.4456 45
    endloop
  endfacet
  facet normal -0.999699 0.0245505 0
    outer loop
      vertex -80 0 30.01
      vertex -79.9036 3.92541 45
      vertex -79.9036 3.92541 30.01
    endloop
  endfacet
  facet normal -0.999699 0.0245505 0
    outer loop
      vertex -79.9036 3.92541 45
      vertex -80 0 30.01
      vertex -80 0 45
    endloop
  endfacet
  facet normal 0.405262 0.914201 -0
    outer loop
      vertex 34.2044 72.3191 30.01
      vertex 30.6147 73.9104 45
      vertex 34.2044 72.3191 45
    endloop
  endfacet
  facet normal 0.405262 0.914201 0
    outer loop
      vertex 30.6147 73.9104 45
      vertex 34.2044 72.3191 30.01
      vertex 30.6147 73.9104 30.01
    endloop
  endfacet
  facet normal -0.997292 -0.0735497 0
    outer loop
      vertex -79.6148 -7.84137 30.01
      vertex -79.9036 -3.92541 45
      vertex -79.9036 -3.92541 30.01
    endloop
  endfacet
  facet normal -0.997292 -0.0735497 0
    outer loop
      vertex -79.9036 -3.92541 45
      vertex -79.6148 -7.84137 30.01
      vertex -79.6148 -7.84137 45
    endloop
  endfacet
  facet normal -0.35988 -0.932999 0
    outer loop
      vertex -30.6147 -73.9104 30.01
      vertex -26.9512 -75.3235 45
      vertex -30.6147 -73.9104 45
    endloop
  endfacet
  facet normal -0.35988 -0.932999 -0
    outer loop
      vertex -26.9512 -75.3235 45
      vertex -30.6147 -73.9104 30.01
      vertex -26.9512 -75.3235 30.01
    endloop
  endfacet
  facet normal 0.0245505 0.999699 -0
    outer loop
      vertex 3.92541 79.9036 30.01
      vertex 0 80 45
      vertex 3.92541 79.9036 45
    endloop
  endfacet
  facet normal 0.0245505 0.999699 0
    outer loop
      vertex 0 80 45
      vertex 3.92541 79.9036 30.01
      vertex 0 80 30.01
    endloop
  endfacet
  facet normal 0.122423 0.992478 -0
    outer loop
      vertex 11.7384 79.1341 30.01
      vertex 7.84137 79.6148 45
      vertex 11.7384 79.1341 45
    endloop
  endfacet
  facet normal 0.122423 0.992478 0
    outer loop
      vertex 7.84137 79.6148 45
      vertex 11.7384 79.1341 30.01
      vertex 7.84137 79.6148 30.01
    endloop
  endfacet
  facet normal -0.653173 -0.757209 0
    outer loop
      vertex -53.7247 -59.2761 30.01
      vertex -50.7515 -61.8408 45
      vertex -53.7247 -59.2761 45
    endloop
  endfacet
  facet normal -0.653173 -0.757209 -0
    outer loop
      vertex -50.7515 -61.8408 45
      vertex -53.7247 -59.2761 30.01
      vertex -50.7515 -61.8408 30.01
    endloop
  endfacet
  facet normal -0.313682 0.949528 0
    outer loop
      vertex -23.2228 76.5552 30.01
      vertex -26.9512 75.3235 45
      vertex -23.2228 76.5552 45
    endloop
  endfacet
  facet normal -0.313682 0.949528 0
    outer loop
      vertex -26.9512 75.3235 45
      vertex -23.2228 76.5552 30.01
      vertex -26.9512 75.3235 30.01
    endloop
  endfacet
  facet normal -0.914201 -0.405262 0
    outer loop
      vertex -72.3191 -34.2044 30.01
      vertex -73.9104 -30.6147 45
      vertex -73.9104 -30.6147 30.01
    endloop
  endfacet
  facet normal -0.914201 -0.405262 0
    outer loop
      vertex -73.9104 -30.6147 45
      vertex -72.3191 -34.2044 30.01
      vertex -72.3191 -34.2044 45
    endloop
  endfacet
  facet normal 0.963775 0.266716 0
    outer loop
      vertex 77.6025 19.4384 45
      vertex 76.5552 23.2228 30.01
      vertex 76.5552 23.2228 45
    endloop
  endfacet
  facet normal 0.963775 0.266716 0
    outer loop
      vertex 76.5552 23.2228 30.01
      vertex 77.6025 19.4384 45
      vertex 77.6025 19.4384 30.01
    endloop
  endfacet
  facet normal -0.975703 0.219095 0
    outer loop
      vertex -78.4628 15.6072 30.01
      vertex -77.6025 19.4384 45
      vertex -77.6025 19.4384 30.01
    endloop
  endfacet
  facet normal -0.975703 0.219095 0
    outer loop
      vertex -77.6025 19.4384 45
      vertex -78.4628 15.6072 30.01
      vertex -78.4628 15.6072 45
    endloop
  endfacet
  facet normal 0.0735497 0.997292 -0
    outer loop
      vertex 7.84137 79.6148 30.01
      vertex 3.92541 79.9036 45
      vertex 7.84137 79.6148 45
    endloop
  endfacet
  facet normal 0.0735497 0.997292 0
    outer loop
      vertex 3.92541 79.9036 45
      vertex 7.84137 79.6148 30.01
      vertex 3.92541 79.9036 30.01
    endloop
  endfacet
  facet normal -0.724237 0.689551 0
    outer loop
      vertex -59.2761 53.7247 30.01
      vertex -56.5685 56.5685 45
      vertex -56.5685 56.5685 30.01
    endloop
  endfacet
  facet normal -0.724237 0.689551 0
    outer loop
      vertex -56.5685 56.5685 45
      vertex -59.2761 53.7247 30.01
      vertex -59.2761 53.7247 45
    endloop
  endfacet
  facet normal 0.689551 -0.724237 0
    outer loop
      vertex 53.7247 -59.2761 30.01
      vertex 56.5685 -56.5685 45
      vertex 53.7247 -59.2761 45
    endloop
  endfacet
  facet normal 0.689551 -0.724237 0
    outer loop
      vertex 56.5685 -56.5685 45
      vertex 53.7247 -59.2761 30.01
      vertex 56.5685 -56.5685 30.01
    endloop
  endfacet
  facet normal -0.87009 -0.492894 0
    outer loop
      vertex -68.6183 -41.1282 30.01
      vertex -70.5537 -37.7117 45
      vertex -70.5537 -37.7117 30.01
    endloop
  endfacet
  facet normal -0.87009 -0.492894 0
    outer loop
      vertex -70.5537 -37.7117 45
      vertex -68.6183 -41.1282 30.01
      vertex -68.6183 -41.1282 45
    endloop
  endfacet
  facet normal 0.932999 -0.35988 0
    outer loop
      vertex 73.9104 -30.6147 45
      vertex 75.3235 -26.9512 30.01
      vertex 75.3235 -26.9512 45
    endloop
  endfacet
  facet normal 0.932999 -0.35988 0
    outer loop
      vertex 75.3235 -26.9512 30.01
      vertex 73.9104 -30.6147 45
      vertex 73.9104 -30.6147 30.01
    endloop
  endfacet
  facet normal 0.949528 -0.313682 0
    outer loop
      vertex 75.3235 -26.9512 45
      vertex 76.5552 -23.2228 30.01
      vertex 76.5552 -23.2228 45
    endloop
  endfacet
  facet normal 0.949528 -0.313682 0
    outer loop
      vertex 76.5552 -23.2228 30.01
      vertex 75.3235 -26.9512 45
      vertex 75.3235 -26.9512 30.01
    endloop
  endfacet
  facet normal -0.266716 -0.963775 0
    outer loop
      vertex -23.2228 -76.5552 30.01
      vertex -19.4384 -77.6025 45
      vertex -23.2228 -76.5552 45
    endloop
  endfacet
  facet normal -0.266716 -0.963775 -0
    outer loop
      vertex -19.4384 -77.6025 45
      vertex -23.2228 -76.5552 30.01
      vertex -19.4384 -77.6025 30.01
    endloop
  endfacet
  facet normal 0.724237 -0.689551 0
    outer loop
      vertex 56.5685 -56.5685 45
      vertex 59.2761 -53.7247 30.01
      vertex 59.2761 -53.7247 45
    endloop
  endfacet
  facet normal 0.724237 -0.689551 0
    outer loop
      vertex 59.2761 -53.7247 30.01
      vertex 56.5685 -56.5685 45
      vertex 56.5685 -56.5685 30.01
    endloop
  endfacet
  facet normal -0.575817 0.817579 0
    outer loop
      vertex -44.4456 66.5176 30.01
      vertex -47.6559 64.2566 45
      vertex -44.4456 66.5176 45
    endloop
  endfacet
  facet normal -0.575817 0.817579 0
    outer loop
      vertex -47.6559 64.2566 45
      vertex -44.4456 66.5176 30.01
      vertex -47.6559 64.2566 30.01
    endloop
  endfacet
  facet normal -0.0735497 -0.997292 0
    outer loop
      vertex -7.84137 -79.6148 30.01
      vertex -3.92541 -79.9036 45
      vertex -7.84137 -79.6148 45
    endloop
  endfacet
  facet normal -0.0735497 -0.997292 -0
    outer loop
      vertex -3.92541 -79.9036 45
      vertex -7.84137 -79.6148 30.01
      vertex -3.92541 -79.9036 30.01
    endloop
  endfacet
  facet normal -0.615227 0.78835 0
    outer loop
      vertex -47.6559 64.2566 30.01
      vertex -50.7515 61.8408 45
      vertex -47.6559 64.2566 45
    endloop
  endfacet
  facet normal -0.615227 0.78835 0
    outer loop
      vertex -50.7515 61.8408 45
      vertex -47.6559 64.2566 30.01
      vertex -50.7515 61.8408 30.01
    endloop
  endfacet
  facet normal 0.844856 -0.534994 0
    outer loop
      vertex 66.5176 -44.4456 45
      vertex 68.6183 -41.1282 30.01
      vertex 68.6183 -41.1282 45
    endloop
  endfacet
  facet normal 0.844856 -0.534994 0
    outer loop
      vertex 68.6183 -41.1282 30.01
      vertex 66.5176 -44.4456 45
      vertex 66.5176 -44.4456 30.01
    endloop
  endfacet
  facet normal -0.0735497 0.997292 0
    outer loop
      vertex -3.92541 79.9036 30.01
      vertex -7.84137 79.6148 45
      vertex -3.92541 79.9036 45
    endloop
  endfacet
  facet normal -0.0735497 0.997292 0
    outer loop
      vertex -7.84137 79.6148 45
      vertex -3.92541 79.9036 30.01
      vertex -7.84137 79.6148 30.01
    endloop
  endfacet
  facet normal 0.893227 0.449606 0
    outer loop
      vertex 72.3191 34.2044 45
      vertex 70.5537 37.7117 30.01
      vertex 70.5537 37.7117 45
    endloop
  endfacet
  facet normal 0.893227 0.449606 0
    outer loop
      vertex 70.5537 37.7117 30.01
      vertex 72.3191 34.2044 45
      vertex 72.3191 34.2044 30.01
    endloop
  endfacet
  facet normal 0.817579 0.575817 0
    outer loop
      vertex 66.5176 44.4456 45
      vertex 64.2566 47.6559 30.01
      vertex 64.2566 47.6559 45
    endloop
  endfacet
  facet normal 0.817579 0.575817 0
    outer loop
      vertex 64.2566 47.6559 30.01
      vertex 66.5176 44.4456 45
      vertex 66.5176 44.4456 30.01
    endloop
  endfacet
  facet normal 0.219095 -0.975703 0
    outer loop
      vertex 15.6072 -78.4628 30.01
      vertex 19.4384 -77.6025 45
      vertex 15.6072 -78.4628 45
    endloop
  endfacet
  facet normal 0.219095 -0.975703 0
    outer loop
      vertex 19.4384 -77.6025 45
      vertex 15.6072 -78.4628 30.01
      vertex 19.4384 -77.6025 30.01
    endloop
  endfacet
  facet normal -0.492894 0.87009 0
    outer loop
      vertex -37.7117 70.5537 30.01
      vertex -41.1282 68.6183 45
      vertex -37.7117 70.5537 45
    endloop
  endfacet
  facet normal -0.492894 0.87009 0
    outer loop
      vertex -41.1282 68.6183 45
      vertex -37.7117 70.5537 30.01
      vertex -41.1282 68.6183 30.01
    endloop
  endfacet
  facet normal -0.963775 0.266716 0
    outer loop
      vertex -77.6025 19.4384 30.01
      vertex -76.5552 23.2228 45
      vertex -76.5552 23.2228 30.01
    endloop
  endfacet
  facet normal -0.963775 0.266716 0
    outer loop
      vertex -76.5552 23.2228 45
      vertex -77.6025 19.4384 30.01
      vertex -77.6025 19.4384 45
    endloop
  endfacet
  facet normal -0.817579 0.575817 0
    outer loop
      vertex -66.5176 44.4456 30.01
      vertex -64.2566 47.6559 45
      vertex -64.2566 47.6559 30.01
    endloop
  endfacet
  facet normal -0.817579 0.575817 0
    outer loop
      vertex -64.2566 47.6559 45
      vertex -66.5176 44.4456 30.01
      vertex -66.5176 44.4456 45
    endloop
  endfacet
  facet normal 0.985278 0.170962 0
    outer loop
      vertex 79.1341 11.7384 45
      vertex 78.4628 15.6072 30.01
      vertex 78.4628 15.6072 45
    endloop
  endfacet
  facet normal 0.985278 0.170962 0
    outer loop
      vertex 78.4628 15.6072 30.01
      vertex 79.1341 11.7384 45
      vertex 79.1341 11.7384 30.01
    endloop
  endfacet
  facet normal 0.492894 0.87009 -0
    outer loop
      vertex 41.1282 68.6183 30.01
      vertex 37.7117 70.5537 45
      vertex 41.1282 68.6183 45
    endloop
  endfacet
  facet normal 0.492894 0.87009 0
    outer loop
      vertex 37.7117 70.5537 45
      vertex 41.1282 68.6183 30.01
      vertex 37.7117 70.5537 30.01
    endloop
  endfacet
  facet normal 0.914201 0.405262 0
    outer loop
      vertex 73.9104 30.6147 45
      vertex 72.3191 34.2044 30.01
      vertex 72.3191 34.2044 45
    endloop
  endfacet
  facet normal 0.914201 0.405262 0
    outer loop
      vertex 72.3191 34.2044 30.01
      vertex 73.9104 30.6147 45
      vertex 73.9104 30.6147 30.01
    endloop
  endfacet
  facet normal -0.992478 -0.122423 0
    outer loop
      vertex -79.1341 -11.7384 30.01
      vertex -79.6148 -7.84137 45
      vertex -79.6148 -7.84137 30.01
    endloop
  endfacet
  facet normal -0.992478 -0.122423 0
    outer loop
      vertex -79.6148 -7.84137 45
      vertex -79.1341 -11.7384 30.01
      vertex -79.1341 -11.7384 45
    endloop
  endfacet
  facet normal 0.757209 -0.653173 0
    outer loop
      vertex 59.2761 -53.7247 45
      vertex 61.8408 -50.7515 30.01
      vertex 61.8408 -50.7515 45
    endloop
  endfacet
  facet normal 0.757209 -0.653173 0
    outer loop
      vertex 61.8408 -50.7515 30.01
      vertex 59.2761 -53.7247 45
      vertex 59.2761 -53.7247 30.01
    endloop
  endfacet
  facet normal 0.35988 -0.932999 0
    outer loop
      vertex 26.9512 -75.3235 30.01
      vertex 30.6147 -73.9104 45
      vertex 26.9512 -75.3235 45
    endloop
  endfacet
  facet normal 0.35988 -0.932999 0
    outer loop
      vertex 30.6147 -73.9104 45
      vertex 26.9512 -75.3235 30.01
      vertex 30.6147 -73.9104 30.01
    endloop
  endfacet
  facet normal 0.963775 -0.266716 0
    outer loop
      vertex 76.5552 -23.2228 45
      vertex 77.6025 -19.4384 30.01
      vertex 77.6025 -19.4384 45
    endloop
  endfacet
  facet normal 0.963775 -0.266716 0
    outer loop
      vertex 77.6025 -19.4384 30.01
      vertex 76.5552 -23.2228 45
      vertex 76.5552 -23.2228 30.01
    endloop
  endfacet
  facet normal -0.914201 0.405262 0
    outer loop
      vertex -73.9104 30.6147 30.01
      vertex -72.3191 34.2044 45
      vertex -72.3191 34.2044 30.01
    endloop
  endfacet
  facet normal -0.914201 0.405262 0
    outer loop
      vertex -72.3191 34.2044 45
      vertex -73.9104 30.6147 30.01
      vertex -73.9104 30.6147 45
    endloop
  endfacet
  facet normal 0.949528 0.313682 0
    outer loop
      vertex 76.5552 23.2228 45
      vertex 75.3235 26.9512 30.01
      vertex 75.3235 26.9512 45
    endloop
  endfacet
  facet normal 0.949528 0.313682 0
    outer loop
      vertex 75.3235 26.9512 30.01
      vertex 76.5552 23.2228 45
      vertex 76.5552 23.2228 30.01
    endloop
  endfacet
  facet normal 0.757209 0.653173 0
    outer loop
      vertex 61.8408 50.7515 45
      vertex 59.2761 53.7247 30.01
      vertex 59.2761 53.7247 45
    endloop
  endfacet
  facet normal 0.757209 0.653173 0
    outer loop
      vertex 59.2761 53.7247 30.01
      vertex 61.8408 50.7515 45
      vertex 61.8408 50.7515 30.01
    endloop
  endfacet
  facet normal 0.893227 -0.449606 0
    outer loop
      vertex 70.5537 -37.7117 45
      vertex 72.3191 -34.2044 30.01
      vertex 72.3191 -34.2044 45
    endloop
  endfacet
  facet normal 0.893227 -0.449606 0
    outer loop
      vertex 72.3191 -34.2044 30.01
      vertex 70.5537 -37.7117 45
      vertex 70.5537 -37.7117 30.01
    endloop
  endfacet
  facet normal 0.534994 -0.844856 0
    outer loop
      vertex 41.1282 -68.6183 30.01
      vertex 44.4456 -66.5176 45
      vertex 41.1282 -68.6183 45
    endloop
  endfacet
  facet normal 0.534994 -0.844856 0
    outer loop
      vertex 44.4456 -66.5176 45
      vertex 41.1282 -68.6183 30.01
      vertex 44.4456 -66.5176 30.01
    endloop
  endfacet
  facet normal 0.534994 0.844856 -0
    outer loop
      vertex 44.4456 66.5176 30.01
      vertex 41.1282 68.6183 45
      vertex 44.4456 66.5176 45
    endloop
  endfacet
  facet normal 0.534994 0.844856 0
    outer loop
      vertex 41.1282 68.6183 45
      vertex 44.4456 66.5176 30.01
      vertex 41.1282 68.6183 30.01
    endloop
  endfacet
  facet normal 0.492894 -0.87009 0
    outer loop
      vertex 37.7117 -70.5537 30.01
      vertex 41.1282 -68.6183 45
      vertex 37.7117 -70.5537 45
    endloop
  endfacet
  facet normal 0.492894 -0.87009 0
    outer loop
      vertex 41.1282 -68.6183 45
      vertex 37.7117 -70.5537 30.01
      vertex 41.1282 -68.6183 30.01
    endloop
  endfacet
  facet normal -0.35988 0.932999 0
    outer loop
      vertex -26.9512 75.3235 30.01
      vertex -30.6147 73.9104 45
      vertex -26.9512 75.3235 45
    endloop
  endfacet
  facet normal -0.35988 0.932999 0
    outer loop
      vertex -30.6147 73.9104 45
      vertex -26.9512 75.3235 30.01
      vertex -30.6147 73.9104 30.01
    endloop
  endfacet
  facet normal -0.0245505 0.999699 0
    outer loop
      vertex 0 80 30.01
      vertex -3.92541 79.9036 45
      vertex 0 80 45
    endloop
  endfacet
  facet normal -0.0245505 0.999699 0
    outer loop
      vertex -3.92541 79.9036 45
      vertex 0 80 30.01
      vertex -3.92541 79.9036 30.01
    endloop
  endfacet
  facet normal 0.615227 0.78835 -0
    outer loop
      vertex 50.7515 61.8408 30.01
      vertex 47.6559 64.2566 45
      vertex 50.7515 61.8408 45
    endloop
  endfacet
  facet normal 0.615227 0.78835 0
    outer loop
      vertex 47.6559 64.2566 45
      vertex 50.7515 61.8408 30.01
      vertex 47.6559 64.2566 30.01
    endloop
  endfacet
  facet normal -0.653173 0.757209 0
    outer loop
      vertex -50.7515 61.8408 30.01
      vertex -53.7247 59.2761 45
      vertex -50.7515 61.8408 45
    endloop
  endfacet
  facet normal -0.653173 0.757209 0
    outer loop
      vertex -53.7247 59.2761 45
      vertex -50.7515 61.8408 30.01
      vertex -53.7247 59.2761 30.01
    endloop
  endfacet
  facet normal -0.170962 0.985278 0
    outer loop
      vertex -11.7384 79.1341 30.01
      vertex -15.6072 78.4628 45
      vertex -11.7384 79.1341 45
    endloop
  endfacet
  facet normal -0.170962 0.985278 0
    outer loop
      vertex -15.6072 78.4628 45
      vertex -11.7384 79.1341 30.01
      vertex -15.6072 78.4628 30.01
    endloop
  endfacet
  facet normal 0.985278 -0.170962 0
    outer loop
      vertex 78.4628 -15.6072 45
      vertex 79.1341 -11.7384 30.01
      vertex 79.1341 -11.7384 45
    endloop
  endfacet
  facet normal 0.985278 -0.170962 0
    outer loop
      vertex 79.1341 -11.7384 30.01
      vertex 78.4628 -15.6072 45
      vertex 78.4628 -15.6072 30.01
    endloop
  endfacet
  facet normal 0.615227 -0.78835 0
    outer loop
      vertex 47.6559 -64.2566 30.01
      vertex 50.7515 -61.8408 45
      vertex 47.6559 -64.2566 45
    endloop
  endfacet
  facet normal 0.615227 -0.78835 0
    outer loop
      vertex 50.7515 -61.8408 45
      vertex 47.6559 -64.2566 30.01
      vertex 50.7515 -61.8408 30.01
    endloop
  endfacet
  facet normal -0.932999 -0.35988 0
    outer loop
      vertex -73.9104 -30.6147 30.01
      vertex -75.3235 -26.9512 45
      vertex -75.3235 -26.9512 30.01
    endloop
  endfacet
  facet normal -0.932999 -0.35988 0
    outer loop
      vertex -75.3235 -26.9512 45
      vertex -73.9104 -30.6147 30.01
      vertex -73.9104 -30.6147 45
    endloop
  endfacet
  facet normal -0.78835 0.615227 0
    outer loop
      vertex -64.2566 47.6559 30.01
      vertex -61.8408 50.7515 45
      vertex -61.8408 50.7515 30.01
    endloop
  endfacet
  facet normal -0.78835 0.615227 0
    outer loop
      vertex -61.8408 50.7515 45
      vertex -64.2566 47.6559 30.01
      vertex -64.2566 47.6559 45
    endloop
  endfacet
  facet normal -0.817579 -0.575817 0
    outer loop
      vertex -64.2566 -47.6559 30.01
      vertex -66.5176 -44.4456 45
      vertex -66.5176 -44.4456 30.01
    endloop
  endfacet
  facet normal -0.817579 -0.575817 0
    outer loop
      vertex -66.5176 -44.4456 45
      vertex -64.2566 -47.6559 30.01
      vertex -64.2566 -47.6559 45
    endloop
  endfacet
  facet normal 0.575817 -0.817579 0
    outer loop
      vertex 44.4456 -66.5176 30.01
      vertex 47.6559 -64.2566 45
      vertex 44.4456 -66.5176 45
    endloop
  endfacet
  facet normal 0.575817 -0.817579 0
    outer loop
      vertex 47.6559 -64.2566 45
      vertex 44.4456 -66.5176 30.01
      vertex 47.6559 -64.2566 30.01
    endloop
  endfacet
  facet normal 0.266716 0.963775 -0
    outer loop
      vertex 23.2228 76.5552 30.01
      vertex 19.4384 77.6025 45
      vertex 23.2228 76.5552 45
    endloop
  endfacet
  facet normal 0.266716 0.963775 0
    outer loop
      vertex 19.4384 77.6025 45
      vertex 23.2228 76.5552 30.01
      vertex 19.4384 77.6025 30.01
    endloop
  endfacet
  facet normal 0.724237 0.689551 0
    outer loop
      vertex 59.2761 53.7247 45
      vertex 56.5685 56.5685 30.01
      vertex 56.5685 56.5685 45
    endloop
  endfacet
  facet normal 0.724237 0.689551 0
    outer loop
      vertex 56.5685 56.5685 30.01
      vertex 59.2761 53.7247 45
      vertex 59.2761 53.7247 30.01
    endloop
  endfacet
  facet normal 0.992478 -0.122423 0
    outer loop
      vertex 79.1341 -11.7384 45
      vertex 79.6148 -7.84137 30.01
      vertex 79.6148 -7.84137 45
    endloop
  endfacet
  facet normal 0.992478 -0.122423 0
    outer loop
      vertex 79.6148 -7.84137 30.01
      vertex 79.1341 -11.7384 45
      vertex 79.1341 -11.7384 30.01
    endloop
  endfacet
  facet normal -0.615227 -0.78835 0
    outer loop
      vertex -50.7515 -61.8408 30.01
      vertex -47.6559 -64.2566 45
      vertex -50.7515 -61.8408 45
    endloop
  endfacet
  facet normal -0.615227 -0.78835 -0
    outer loop
      vertex -47.6559 -64.2566 45
      vertex -50.7515 -61.8408 30.01
      vertex -47.6559 -64.2566 30.01
    endloop
  endfacet
  facet normal 0.313682 0.949528 -0
    outer loop
      vertex 26.9512 75.3235 30.01
      vertex 23.2228 76.5552 45
      vertex 26.9512 75.3235 45
    endloop
  endfacet
  facet normal 0.313682 0.949528 0
    outer loop
      vertex 23.2228 76.5552 45
      vertex 26.9512 75.3235 30.01
      vertex 23.2228 76.5552 30.01
    endloop
  endfacet
  facet normal 0.817579 -0.575817 0
    outer loop
      vertex 64.2566 -47.6559 45
      vertex 66.5176 -44.4456 30.01
      vertex 66.5176 -44.4456 45
    endloop
  endfacet
  facet normal 0.817579 -0.575817 0
    outer loop
      vertex 66.5176 -44.4456 30.01
      vertex 64.2566 -47.6559 45
      vertex 64.2566 -47.6559 30.01
    endloop
  endfacet
  facet normal 0.122423 -0.992478 0
    outer loop
      vertex 7.84137 -79.6148 30.01
      vertex 11.7384 -79.1341 45
      vertex 7.84137 -79.6148 45
    endloop
  endfacet
  facet normal 0.122423 -0.992478 0
    outer loop
      vertex 11.7384 -79.1341 45
      vertex 7.84137 -79.6148 30.01
      vertex 11.7384 -79.1341 30.01
    endloop
  endfacet
  facet normal 0.449606 -0.893227 0
    outer loop
      vertex 34.2044 -72.3191 30.01
      vertex 37.7117 -70.5537 45
      vertex 34.2044 -72.3191 45
    endloop
  endfacet
  facet normal 0.449606 -0.893227 0
    outer loop
      vertex 37.7117 -70.5537 45
      vertex 34.2044 -72.3191 30.01
      vertex 37.7117 -70.5537 30.01
    endloop
  endfacet
  facet normal -0.689551 -0.724237 0
    outer loop
      vertex -56.5685 -56.5685 30.01
      vertex -53.7247 -59.2761 45
      vertex -56.5685 -56.5685 45
    endloop
  endfacet
  facet normal -0.689551 -0.724237 -0
    outer loop
      vertex -53.7247 -59.2761 45
      vertex -56.5685 -56.5685 30.01
      vertex -53.7247 -59.2761 30.01
    endloop
  endfacet
  facet normal -0.844856 0.534994 0
    outer loop
      vertex -68.6183 41.1282 30.01
      vertex -66.5176 44.4456 45
      vertex -66.5176 44.4456 30.01
    endloop
  endfacet
  facet normal -0.844856 0.534994 0
    outer loop
      vertex -66.5176 44.4456 45
      vertex -68.6183 41.1282 30.01
      vertex -68.6183 41.1282 45
    endloop
  endfacet
  facet normal -0.932999 0.35988 0
    outer loop
      vertex -75.3235 26.9512 30.01
      vertex -73.9104 30.6147 45
      vertex -73.9104 30.6147 30.01
    endloop
  endfacet
  facet normal -0.932999 0.35988 0
    outer loop
      vertex -73.9104 30.6147 45
      vertex -75.3235 26.9512 30.01
      vertex -75.3235 26.9512 45
    endloop
  endfacet
  facet normal 0.266716 -0.963775 0
    outer loop
      vertex 19.4384 -77.6025 30.01
      vertex 23.2228 -76.5552 45
      vertex 19.4384 -77.6025 45
    endloop
  endfacet
  facet normal 0.266716 -0.963775 0
    outer loop
      vertex 23.2228 -76.5552 45
      vertex 19.4384 -77.6025 30.01
      vertex 23.2228 -76.5552 30.01
    endloop
  endfacet
  facet normal 0.405262 -0.914201 0
    outer loop
      vertex 30.6147 -73.9104 30.01
      vertex 34.2044 -72.3191 45
      vertex 30.6147 -73.9104 45
    endloop
  endfacet
  facet normal 0.405262 -0.914201 0
    outer loop
      vertex 34.2044 -72.3191 45
      vertex 30.6147 -73.9104 30.01
      vertex 34.2044 -72.3191 30.01
    endloop
  endfacet
  facet normal -0.122423 -0.992478 0
    outer loop
      vertex -11.7384 -79.1341 30.01
      vertex -7.84137 -79.6148 45
      vertex -11.7384 -79.1341 45
    endloop
  endfacet
  facet normal -0.122423 -0.992478 -0
    outer loop
      vertex -7.84137 -79.6148 45
      vertex -11.7384 -79.1341 30.01
      vertex -7.84137 -79.6148 30.01
    endloop
  endfacet
  facet normal -0.893227 -0.449606 0
    outer loop
      vertex -70.5537 -37.7117 30.01
      vertex -72.3191 -34.2044 45
      vertex -72.3191 -34.2044 30.01
    endloop
  endfacet
  facet normal -0.893227 -0.449606 0
    outer loop
      vertex -72.3191 -34.2044 45
      vertex -70.5537 -37.7117 30.01
      vertex -70.5537 -37.7117 45
    endloop
  endfacet
  facet normal -0.219095 -0.975703 0
    outer loop
      vertex -19.4384 -77.6025 30.01
      vertex -15.6072 -78.4628 45
      vertex -19.4384 -77.6025 45
    endloop
  endfacet
  facet normal -0.219095 -0.975703 -0
    outer loop
      vertex -15.6072 -78.4628 45
      vertex -19.4384 -77.6025 30.01
      vertex -15.6072 -78.4628 30.01
    endloop
  endfacet
  facet normal -0.492894 -0.87009 0
    outer loop
      vertex -41.1282 -68.6183 30.01
      vertex -37.7117 -70.5537 45
      vertex -41.1282 -68.6183 45
    endloop
  endfacet
  facet normal -0.492894 -0.87009 -0
    outer loop
      vertex -37.7117 -70.5537 45
      vertex -41.1282 -68.6183 30.01
      vertex -37.7117 -70.5537 30.01
    endloop
  endfacet
  facet normal 0.932999 0.35988 0
    outer loop
      vertex 75.3235 26.9512 45
      vertex 73.9104 30.6147 30.01
      vertex 73.9104 30.6147 45
    endloop
  endfacet
  facet normal 0.932999 0.35988 0
    outer loop
      vertex 73.9104 30.6147 30.01
      vertex 75.3235 26.9512 45
      vertex 75.3235 26.9512 30.01
    endloop
  endfacet
  facet normal -0.449606 0.893227 0
    outer loop
      vertex -34.2044 72.3191 30.01
      vertex -37.7117 70.5537 45
      vertex -34.2044 72.3191 45
    endloop
  endfacet
  facet normal -0.449606 0.893227 0
    outer loop
      vertex -37.7117 70.5537 45
      vertex -34.2044 72.3191 30.01
      vertex -37.7117 70.5537 30.01
    endloop
  endfacet
  facet normal 0.914201 -0.405262 0
    outer loop
      vertex 72.3191 -34.2044 45
      vertex 73.9104 -30.6147 30.01
      vertex 73.9104 -30.6147 45
    endloop
  endfacet
  facet normal 0.914201 -0.405262 0
    outer loop
      vertex 73.9104 -30.6147 30.01
      vertex 72.3191 -34.2044 45
      vertex 72.3191 -34.2044 30.01
    endloop
  endfacet
  facet normal -0.313682 -0.949528 0
    outer loop
      vertex -26.9512 -75.3235 30.01
      vertex -23.2228 -76.5552 45
      vertex -26.9512 -75.3235 45
    endloop
  endfacet
  facet normal -0.313682 -0.949528 -0
    outer loop
      vertex -23.2228 -76.5552 45
      vertex -26.9512 -75.3235 30.01
      vertex -23.2228 -76.5552 30.01
    endloop
  endfacet
  facet normal 0 0 1
    outer loop
      vertex 41.72 0 45
      vertex 80 0 45
      vertex 79.9036 3.92541 45
    endloop
  endfacet
  facet normal -0 0 1
    outer loop
      vertex 41.5191 4.08927 45
      vertex 79.9036 3.92541 45
      vertex 79.6148 7.84137 45
    endloop
  endfacet
  facet normal 0 0 1
    outer loop
      vertex 80 0 45
      vertex 41.72 0 45
      vertex 79.9036 -3.92541 45
    endloop
  endfacet
  facet normal 0 0 1
    outer loop
      vertex 41.5191 4.08927 45
      vertex 79.6148 7.84137 45
      vertex 79.1341 11.7384 45
    endloop
  endfacet
  facet normal 0 0 1
    outer loop
      vertex 41.5191 -4.08927 45
      vertex 79.9036 -3.92541 45
      vertex 41.72 0 45
    endloop
  endfacet
  facet normal 0 0 1
    outer loop
      vertex 40.9184 8.13917 45
      vertex 79.1341 11.7384 45
      vertex 78.4628 15.6072 45
    endloop
  endfacet
  facet normal 0 0 1
    outer loop
      vertex 79.9036 -3.92541 45
      vertex 41.5191 -4.08927 45
      vertex 79.6148 -7.84137 45
    endloop
  endfacet
  facet normal 0 0 1
    outer loop
      vertex 40.9184 8.13917 45
      vertex 78.4628 15.6072 45
      vertex 77.6025 19.4384 45
    endloop
  endfacet
  facet normal 0 0 1
    outer loop
      vertex 79.6148 -7.84137 45
      vertex 41.5191 -4.08927 45
      vertex 79.1341 -11.7384 45
    endloop
  endfacet
  facet normal 0 0 1
    outer loop
      vertex 39.9235 12.1107 45
      vertex 77.6025 19.4384 45
      vertex 76.5552 23.2228 45
    endloop
  endfacet
  facet normal -0 0 1
    outer loop
      vertex 40.9184 -8.13917 45
      vertex 79.1341 -11.7384 45
      vertex 41.5191 -4.08927 45
    endloop
  endfacet
  facet normal 0 0 1
    outer loop
      vertex 39.9235 12.1107 45
      vertex 76.5552 23.2228 45
      vertex 75.3235 26.9512 45
    endloop
  endfacet
  facet normal 0 0 1
    outer loop
      vertex 79.1341 -11.7384 45
      vertex 40.9184 -8.13917 45
      vertex 78.4628 -15.6072 45
    endloop
  endfacet
  facet normal 0 0 1
    outer loop
      vertex 38.5443 15.9656 45
      vertex 75.3235 26.9512 45
      vertex 73.9104 30.6147 45
    endloop
  endfacet
  facet normal 0 0 1
    outer loop
      vertex 78.4628 -15.6072 45
      vertex 40.9184 -8.13917 45
      vertex 77.6025 -19.4384 45
    endloop
  endfacet
  facet normal 0 0 1
    outer loop
      vertex 38.5443 15.9656 45
      vertex 73.9104 30.6147 45
      vertex 72.3191 34.2044 45
    endloop
  endfacet
  facet normal -0 0 1
    outer loop
      vertex 39.9235 -12.1107 45
      vertex 77.6025 -19.4384 45
      vertex 40.9184 -8.13917 45
    endloop
  endfacet
  facet normal 0 0 1
    outer loop
      vertex 36.7938 19.6667 45
      vertex 72.3191 34.2044 45
      vertex 70.5537 37.7117 45
    endloop
  endfacet
  facet normal 0 0 1
    outer loop
      vertex 77.6025 -19.4384 45
      vertex 39.9235 -12.1107 45
      vertex 76.5552 -23.2228 45
    endloop
  endfacet
  facet normal 0 0 1
    outer loop
      vertex 36.7938 19.6667 45
      vertex 70.5537 37.7117 45
      vertex 68.6183 41.1282 45
    endloop
  endfacet
  facet normal 0 0 1
    outer loop
      vertex 76.5552 -23.2228 45
      vertex 39.9235 -12.1107 45
      vertex 75.3235 -26.9512 45
    endloop
  endfacet
  facet normal 0 0 1
    outer loop
      vertex 34.6889 23.1784 45
      vertex 68.6183 41.1282 45
      vertex 66.5176 44.4456 45
    endloop
  endfacet
  facet normal -0 0 1
    outer loop
      vertex 38.5443 -15.9656 45
      vertex 75.3235 -26.9512 45
      vertex 39.9235 -12.1107 45
    endloop
  endfacet
  facet normal 0 0 1
    outer loop
      vertex 34.6889 23.1784 45
      vertex 66.5176 44.4456 45
      vertex 64.2566 47.6559 45
    endloop
  endfacet
  facet normal 0 0 1
    outer loop
      vertex 75.3235 -26.9512 45
      vertex 38.5443 -15.9656 45
      vertex 73.9104 -30.6147 45
    endloop
  endfacet
  facet normal 0 0 1
    outer loop
      vertex 32.25 26.4669 45
      vertex 64.2566 47.6559 45
      vertex 61.8408 50.7515 45
    endloop
  endfacet
  facet normal 0 0 1
    outer loop
      vertex 73.9104 -30.6147 45
      vertex 38.5443 -15.9656 45
      vertex 72.3191 -34.2044 45
    endloop
  endfacet
  facet normal 0 0 1
    outer loop
      vertex 32.25 26.4669 45
      vertex 61.8408 50.7515 45
      vertex 59.2761 53.7247 45
    endloop
  endfacet
  facet normal -0 0 1
    outer loop
      vertex 36.7938 -19.6667 45
      vertex 72.3191 -34.2044 45
      vertex 38.5443 -15.9656 45
    endloop
  endfacet
  facet normal 0 0 1
    outer loop
      vertex 29.5005 29.5005 45
      vertex 59.2761 53.7247 45
      vertex 56.5685 56.5685 45
    endloop
  endfacet
  facet normal 0 0 1
    outer loop
      vertex 72.3191 -34.2044 45
      vertex 36.7938 -19.6667 45
      vertex 70.5537 -37.7117 45
    endloop
  endfacet
  facet normal 0 0 1
    outer loop
      vertex 29.5005 29.5005 45
      vertex 56.5685 56.5685 45
      vertex 53.7247 59.2761 45
    endloop
  endfacet
  facet normal 0 0 1
    outer loop
      vertex 70.5537 -37.7117 45
      vertex 36.7938 -19.6667 45
      vertex 68.6183 -41.1282 45
    endloop
  endfacet
  facet normal 0 0 1
    outer loop
      vertex 26.4669 32.25 45
      vertex 53.7247 59.2761 45
      vertex 50.7515 61.8408 45
    endloop
  endfacet
  facet normal -0 0 1
    outer loop
      vertex 34.6889 -23.1784 45
      vertex 68.6183 -41.1282 45
      vertex 36.7938 -19.6667 45
    endloop
  endfacet
  facet normal 0 0 1
    outer loop
      vertex 26.4669 32.25 45
      vertex 50.7515 61.8408 45
      vertex 47.6559 64.2566 45
    endloop
  endfacet
  facet normal 0 0 1
    outer loop
      vertex 68.6183 -41.1282 45
      vertex 34.6889 -23.1784 45
      vertex 66.5176 -44.4456 45
    endloop
  endfacet
  facet normal 0 0 1
    outer loop
      vertex 23.1784 34.6889 45
      vertex 47.6559 64.2566 45
      vertex 44.4456 66.5176 45
    endloop
  endfacet
  facet normal 0 0 1
    outer loop
      vertex 66.5176 -44.4456 45
      vertex 34.6889 -23.1784 45
      vertex 64.2566 -47.6559 45
    endloop
  endfacet
  facet normal -0 0 1
    outer loop
      vertex 32.25 -26.4669 45
      vertex 64.2566 -47.6559 45
      vertex 34.6889 -23.1784 45
    endloop
  endfacet
  facet normal 0 0 1
    outer loop
      vertex 79.9036 3.92541 45
      vertex 41.5191 4.08927 45
      vertex 41.72 0 45
    endloop
  endfacet
  facet normal 0 0 1
    outer loop
      vertex 23.1784 34.6889 45
      vertex 44.4456 66.5176 45
      vertex 41.1282 68.6183 45
    endloop
  endfacet
  facet normal 0 0 1
    outer loop
      vertex 79.1341 11.7384 45
      vertex 40.9184 8.13917 45
      vertex 41.5191 4.08927 45
    endloop
  endfacet
  facet normal 0 0 1
    outer loop
      vertex 77.6025 19.4384 45
      vertex 39.9235 12.1107 45
      vertex 40.9184 8.13917 45
    endloop
  endfacet
  facet normal 0 0 1
    outer loop
      vertex 75.3235 26.9512 45
      vertex 38.5443 15.9656 45
      vertex 39.9235 12.1107 45
    endloop
  endfacet
  facet normal 0 0 1
    outer loop
      vertex 19.6667 36.7938 45
      vertex 41.1282 68.6183 45
      vertex 37.7117 70.5537 45
    endloop
  endfacet
  facet normal 0 0 1
    outer loop
      vertex 72.3191 34.2044 45
      vertex 36.7938 19.6667 45
      vertex 38.5443 15.9656 45
    endloop
  endfacet
  facet normal 0 0 1
    outer loop
      vertex 68.6183 41.1282 45
      vertex 34.6889 23.1784 45
      vertex 36.7938 19.6667 45
    endloop
  endfacet
  facet normal 0 0 1
    outer loop
      vertex 19.6667 36.7938 45
      vertex 37.7117 70.5537 45
      vertex 34.2044 72.3191 45
    endloop
  endfacet
  facet normal 0 0 1
    outer loop
      vertex 64.2566 47.6559 45
      vertex 32.25 26.4669 45
      vertex 34.6889 23.1784 45
    endloop
  endfacet
  facet normal 0 0 1
    outer loop
      vertex 15.9656 38.5443 45
      vertex 34.2044 72.3191 45
      vertex 30.6147 73.9104 45
    endloop
  endfacet
  facet normal 0 0 1
    outer loop
      vertex 59.2761 53.7247 45
      vertex 29.5005 29.5005 45
      vertex 32.25 26.4669 45
    endloop
  endfacet
  facet normal 0 0 1
    outer loop
      vertex 15.9656 38.5443 45
      vertex 30.6147 73.9104 45
      vertex 26.9512 75.3235 45
    endloop
  endfacet
  facet normal 0 0 1
    outer loop
      vertex 53.7247 59.2761 45
      vertex 26.4669 32.25 45
      vertex 29.5005 29.5005 45
    endloop
  endfacet
  facet normal 0 0 1
    outer loop
      vertex 12.1107 39.9235 45
      vertex 26.9512 75.3235 45
      vertex 23.2228 76.5552 45
    endloop
  endfacet
  facet normal 0 0 1
    outer loop
      vertex 47.6559 64.2566 45
      vertex 23.1784 34.6889 45
      vertex 26.4669 32.25 45
    endloop
  endfacet
  facet normal 0 0 1
    outer loop
      vertex 41.1282 68.6183 45
      vertex 19.6667 36.7938 45
      vertex 23.1784 34.6889 45
    endloop
  endfacet
  facet normal 0 0 1
    outer loop
      vertex 12.1107 39.9235 45
      vertex 23.2228 76.5552 45
      vertex 19.4384 77.6025 45
    endloop
  endfacet
  facet normal 0 0 1
    outer loop
      vertex 34.2044 72.3191 45
      vertex 15.9656 38.5443 45
      vertex 19.6667 36.7938 45
    endloop
  endfacet
  facet normal 0 0 1
    outer loop
      vertex 8.13917 40.9184 45
      vertex 19.4384 77.6025 45
      vertex 15.6072 78.4628 45
    endloop
  endfacet
  facet normal 0 0 1
    outer loop
      vertex 26.9512 75.3235 45
      vertex 12.1107 39.9235 45
      vertex 15.9656 38.5443 45
    endloop
  endfacet
  facet normal 0 0 1
    outer loop
      vertex 8.13917 40.9184 45
      vertex 15.6072 78.4628 45
      vertex 11.7384 79.1341 45
    endloop
  endfacet
  facet normal 0 0 1
    outer loop
      vertex 19.4384 77.6025 45
      vertex 8.13917 40.9184 45
      vertex 12.1107 39.9235 45
    endloop
  endfacet
  facet normal 0 0 1
    outer loop
      vertex 4.08927 41.5191 45
      vertex 11.7384 79.1341 45
      vertex 7.84137 79.6148 45
    endloop
  endfacet
  facet normal 0 0 1
    outer loop
      vertex 11.7384 79.1341 45
      vertex 4.08927 41.5191 45
      vertex 8.13917 40.9184 45
    endloop
  endfacet
  facet normal 0 0 1
    outer loop
      vertex 3.92541 79.9036 45
      vertex 4.08927 41.5191 45
      vertex 7.84137 79.6148 45
    endloop
  endfacet
  facet normal 0 0 1
    outer loop
      vertex 0 41.72 45
      vertex 3.92541 79.9036 45
      vertex 0 80 45
    endloop
  endfacet
  facet normal 0 0 1
    outer loop
      vertex 3.92541 79.9036 45
      vertex 0 41.72 45
      vertex 4.08927 41.5191 45
    endloop
  endfacet
  facet normal -0 0 1
    outer loop
      vertex -3.92541 79.9036 45
      vertex 0 41.72 45
      vertex 0 80 45
    endloop
  endfacet
  facet normal 0 0 1
    outer loop
      vertex -3.92541 79.9036 45
      vertex -4.08927 41.5191 45
      vertex 0 41.72 45
    endloop
  endfacet
  facet normal -0 0 1
    outer loop
      vertex -7.84137 79.6148 45
      vertex -4.08927 41.5191 45
      vertex -3.92541 79.9036 45
    endloop
  endfacet
  facet normal -0 0 1
    outer loop
      vertex -11.7384 79.1341 45
      vertex -4.08927 41.5191 45
      vertex -7.84137 79.6148 45
    endloop
  endfacet
  facet normal 0 0 1
    outer loop
      vertex -4.08927 41.5191 45
      vertex -11.7384 79.1341 45
      vertex -8.13917 40.9184 45
    endloop
  endfacet
  facet normal -0 0 1
    outer loop
      vertex -15.6072 78.4628 45
      vertex -8.13917 40.9184 45
      vertex -11.7384 79.1341 45
    endloop
  endfacet
  facet normal -0 0 1
    outer loop
      vertex -19.4384 77.6025 45
      vertex -8.13917 40.9184 45
      vertex -15.6072 78.4628 45
    endloop
  endfacet
  facet normal 0 0 1
    outer loop
      vertex -8.13917 40.9184 45
      vertex -19.4384 77.6025 45
      vertex -12.1107 39.9235 45
    endloop
  endfacet
  facet normal -0 0 1
    outer loop
      vertex -23.2228 76.5552 45
      vertex -12.1107 39.9235 45
      vertex -19.4384 77.6025 45
    endloop
  endfacet
  facet normal -0 0 1
    outer loop
      vertex -26.9512 75.3235 45
      vertex -12.1107 39.9235 45
      vertex -23.2228 76.5552 45
    endloop
  endfacet
  facet normal 0 0 1
    outer loop
      vertex -12.1107 39.9235 45
      vertex -26.9512 75.3235 45
      vertex -15.9656 38.5443 45
    endloop
  endfacet
  facet normal -0 0 1
    outer loop
      vertex -30.6147 73.9104 45
      vertex -15.9656 38.5443 45
      vertex -26.9512 75.3235 45
    endloop
  endfacet
  facet normal -0 0 1
    outer loop
      vertex -34.2044 72.3191 45
      vertex -15.9656 38.5443 45
      vertex -30.6147 73.9104 45
    endloop
  endfacet
  facet normal 0 0 1
    outer loop
      vertex -15.9656 38.5443 45
      vertex -34.2044 72.3191 45
      vertex -19.6667 36.7938 45
    endloop
  endfacet
  facet normal -0 0 1
    outer loop
      vertex -37.7117 70.5537 45
      vertex -19.6667 36.7938 45
      vertex -34.2044 72.3191 45
    endloop
  endfacet
  facet normal -0 0 1
    outer loop
      vertex -41.1282 68.6183 45
      vertex -19.6667 36.7938 45
      vertex -37.7117 70.5537 45
    endloop
  endfacet
  facet normal 0 0 1
    outer loop
      vertex -19.6667 36.7938 45
      vertex -41.1282 68.6183 45
      vertex -23.1784 34.6889 45
    endloop
  endfacet
  facet normal -0 0 1
    outer loop
      vertex -44.4456 66.5176 45
      vertex -23.1784 34.6889 45
      vertex -41.1282 68.6183 45
    endloop
  endfacet
  facet normal -0 0 1
    outer loop
      vertex -47.6559 64.2566 45
      vertex -23.1784 34.6889 45
      vertex -44.4456 66.5176 45
    endloop
  endfacet
  facet normal 0 0 1
    outer loop
      vertex -23.1784 34.6889 45
      vertex -47.6559 64.2566 45
      vertex -26.4669 32.25 45
    endloop
  endfacet
  facet normal -0 0 1
    outer loop
      vertex -50.7515 61.8408 45
      vertex -26.4669 32.25 45
      vertex -47.6559 64.2566 45
    endloop
  endfacet
  facet normal -0 0 1
    outer loop
      vertex -53.7247 59.2761 45
      vertex -26.4669 32.25 45
      vertex -50.7515 61.8408 45
    endloop
  endfacet
  facet normal 0 0 1
    outer loop
      vertex -26.4669 32.25 45
      vertex -53.7247 59.2761 45
      vertex -29.5005 29.5005 45
    endloop
  endfacet
  facet normal -0 0 1
    outer loop
      vertex -56.5685 56.5685 45
      vertex -29.5005 29.5005 45
      vertex -53.7247 59.2761 45
    endloop
  endfacet
  facet normal -0 0 1
    outer loop
      vertex -59.2761 53.7247 45
      vertex -29.5005 29.5005 45
      vertex -56.5685 56.5685 45
    endloop
  endfacet
  facet normal 0 0 1
    outer loop
      vertex -29.5005 29.5005 45
      vertex -59.2761 53.7247 45
      vertex -32.25 26.4669 45
    endloop
  endfacet
  facet normal -0 0 1
    outer loop
      vertex -61.8408 50.7515 45
      vertex -32.25 26.4669 45
      vertex -59.2761 53.7247 45
    endloop
  endfacet
  facet normal -0 0 1
    outer loop
      vertex -64.2566 47.6559 45
      vertex -32.25 26.4669 45
      vertex -61.8408 50.7515 45
    endloop
  endfacet
  facet normal 0 0 1
    outer loop
      vertex 64.2566 -47.6559 45
      vertex 32.25 -26.4669 45
      vertex 61.8408 -50.7515 45
    endloop
  endfacet
  facet normal 0 0 1
    outer loop
      vertex 61.8408 -50.7515 45
      vertex 32.25 -26.4669 45
      vertex 59.2761 -53.7247 45
    endloop
  endfacet
  facet normal -0 0 1
    outer loop
      vertex 29.5005 -29.5005 45
      vertex 59.2761 -53.7247 45
      vertex 32.25 -26.4669 45
    endloop
  endfacet
  facet normal 0 0 1
    outer loop
      vertex 59.2761 -53.7247 45
      vertex 29.5005 -29.5005 45
      vertex 56.5685 -56.5685 45
    endloop
  endfacet
  facet normal 0 0 1
    outer loop
      vertex 56.5685 -56.5685 45
      vertex 29.5005 -29.5005 45
      vertex 53.7247 -59.2761 45
    endloop
  endfacet
  facet normal -0 0 1
    outer loop
      vertex 26.4669 -32.25 45
      vertex 53.7247 -59.2761 45
      vertex 29.5005 -29.5005 45
    endloop
  endfacet
  facet normal 0 0 1
    outer loop
      vertex 53.7247 -59.2761 45
      vertex 26.4669 -32.25 45
      vertex 50.7515 -61.8408 45
    endloop
  endfacet
  facet normal 0 0 1
    outer loop
      vertex 50.7515 -61.8408 45
      vertex 26.4669 -32.25 45
      vertex 47.6559 -64.2566 45
    endloop
  endfacet
  facet normal -0 0 1
    outer loop
      vertex 23.1784 -34.6889 45
      vertex 47.6559 -64.2566 45
      vertex 26.4669 -32.25 45
    endloop
  endfacet
  facet normal 0 0 1
    outer loop
      vertex 47.6559 -64.2566 45
      vertex 23.1784 -34.6889 45
      vertex 44.4456 -66.5176 45
    endloop
  endfacet
  facet normal 0 0 1
    outer loop
      vertex 44.4456 -66.5176 45
      vertex 23.1784 -34.6889 45
      vertex 41.1282 -68.6183 45
    endloop
  endfacet
  facet normal -0 0 1
    outer loop
      vertex 19.6667 -36.7938 45
      vertex 41.1282 -68.6183 45
      vertex 23.1784 -34.6889 45
    endloop
  endfacet
  facet normal 0 0 1
    outer loop
      vertex 41.1282 -68.6183 45
      vertex 19.6667 -36.7938 45
      vertex 37.7117 -70.5537 45
    endloop
  endfacet
  facet normal 0 0 1
    outer loop
      vertex 37.7117 -70.5537 45
      vertex 19.6667 -36.7938 45
      vertex 34.2044 -72.3191 45
    endloop
  endfacet
  facet normal -0 0 1
    outer loop
      vertex 15.9656 -38.5443 45
      vertex 34.2044 -72.3191 45
      vertex 19.6667 -36.7938 45
    endloop
  endfacet
  facet normal 0 0 1
    outer loop
      vertex 34.2044 -72.3191 45
      vertex 15.9656 -38.5443 45
      vertex 30.6147 -73.9104 45
    endloop
  endfacet
  facet normal 0 0 1
    outer loop
      vertex 30.6147 -73.9104 45
      vertex 15.9656 -38.5443 45
      vertex 26.9512 -75.3235 45
    endloop
  endfacet
  facet normal -0 0 1
    outer loop
      vertex 12.1107 -39.9235 45
      vertex 26.9512 -75.3235 45
      vertex 15.9656 -38.5443 45
    endloop
  endfacet
  facet normal 0 0 1
    outer loop
      vertex 26.9512 -75.3235 45
      vertex 12.1107 -39.9235 45
      vertex 23.2228 -76.5552 45
    endloop
  endfacet
  facet normal 0 0 1
    outer loop
      vertex 23.2228 -76.5552 45
      vertex 12.1107 -39.9235 45
      vertex 19.4384 -77.6025 45
    endloop
  endfacet
  facet normal -0 0 1
    outer loop
      vertex 8.13917 -40.9184 45
      vertex 19.4384 -77.6025 45
      vertex 12.1107 -39.9235 45
    endloop
  endfacet
  facet normal 0 0 1
    outer loop
      vertex 19.4384 -77.6025 45
      vertex 8.13917 -40.9184 45
      vertex 15.6072 -78.4628 45
    endloop
  endfacet
  facet normal 0 0 1
    outer loop
      vertex 15.6072 -78.4628 45
      vertex 8.13917 -40.9184 45
      vertex 11.7384 -79.1341 45
    endloop
  endfacet
  facet normal -0 0 1
    outer loop
      vertex 4.08927 -41.5191 45
      vertex 11.7384 -79.1341 45
      vertex 8.13917 -40.9184 45
    endloop
  endfacet
  facet normal 0 0 1
    outer loop
      vertex 11.7384 -79.1341 45
      vertex 4.08927 -41.5191 45
      vertex 7.84137 -79.6148 45
    endloop
  endfacet
  facet normal 0 0 1
    outer loop
      vertex 4.08927 -41.5191 45
      vertex 3.92541 -79.9036 45
      vertex 7.84137 -79.6148 45
    endloop
  endfacet
  facet normal -0 0 1
    outer loop
      vertex 0 -41.72 45
      vertex 3.92541 -79.9036 45
      vertex 4.08927 -41.5191 45
    endloop
  endfacet
  facet normal 0 0 1
    outer loop
      vertex 0 -41.72 45
      vertex 0 -80 45
      vertex 3.92541 -79.9036 45
    endloop
  endfacet
  facet normal 0 0 1
    outer loop
      vertex 0 -41.72 45
      vertex -3.92541 -79.9036 45
      vertex 0 -80 45
    endloop
  endfacet
  facet normal 0 0 1
    outer loop
      vertex -4.08927 -41.5191 45
      vertex -3.92541 -79.9036 45
      vertex 0 -41.72 45
    endloop
  endfacet
  facet normal 0 0 1
    outer loop
      vertex -4.08927 -41.5191 45
      vertex -7.84137 -79.6148 45
      vertex -3.92541 -79.9036 45
    endloop
  endfacet
  facet normal 0 0 1
    outer loop
      vertex -11.7384 -79.1341 45
      vertex -4.08927 -41.5191 45
      vertex -8.13917 -40.9184 45
    endloop
  endfacet
  facet normal 0 0 1
    outer loop
      vertex -4.08927 -41.5191 45
      vertex -11.7384 -79.1341 45
      vertex -7.84137 -79.6148 45
    endloop
  endfacet
  facet normal 0 0 1
    outer loop
      vertex -19.4384 -77.6025 45
      vertex -8.13917 -40.9184 45
      vertex -12.1107 -39.9235 45
    endloop
  endfacet
  facet normal 0 0 1
    outer loop
      vertex -8.13917 -40.9184 45
      vertex -15.6072 -78.4628 45
      vertex -11.7384 -79.1341 45
    endloop
  endfacet
  facet normal 0 0 1
    outer loop
      vertex -26.9512 -75.3235 45
      vertex -12.1107 -39.9235 45
      vertex -15.9656 -38.5443 45
    endloop
  endfacet
  facet normal 0 0 1
    outer loop
      vertex -8.13917 -40.9184 45
      vertex -19.4384 -77.6025 45
      vertex -15.6072 -78.4628 45
    endloop
  endfacet
  facet normal 0 0 1
    outer loop
      vertex -34.2044 -72.3191 45
      vertex -15.9656 -38.5443 45
      vertex -19.6667 -36.7938 45
    endloop
  endfacet
  facet normal 0 0 1
    outer loop
      vertex -41.1282 -68.6183 45
      vertex -19.6667 -36.7938 45
      vertex -23.1784 -34.6889 45
    endloop
  endfacet
  facet normal 0 0 1
    outer loop
      vertex -12.1107 -39.9235 45
      vertex -23.2228 -76.5552 45
      vertex -19.4384 -77.6025 45
    endloop
  endfacet
  facet normal 0 0 1
    outer loop
      vertex -47.6559 -64.2566 45
      vertex -23.1784 -34.6889 45
      vertex -26.4669 -32.25 45
    endloop
  endfacet
  facet normal 0 0 1
    outer loop
      vertex -12.1107 -39.9235 45
      vertex -26.9512 -75.3235 45
      vertex -23.2228 -76.5552 45
    endloop
  endfacet
  facet normal 0 0 1
    outer loop
      vertex -53.7247 -59.2761 45
      vertex -26.4669 -32.25 45
      vertex -29.5005 -29.5005 45
    endloop
  endfacet
  facet normal 0 0 1
    outer loop
      vertex -15.9656 -38.5443 45
      vertex -30.6147 -73.9104 45
      vertex -26.9512 -75.3235 45
    endloop
  endfacet
  facet normal 0 0 1
    outer loop
      vertex -59.2761 -53.7247 45
      vertex -29.5005 -29.5005 45
      vertex -32.25 -26.4669 45
    endloop
  endfacet
  facet normal 0 0 1
    outer loop
      vertex -15.9656 -38.5443 45
      vertex -34.2044 -72.3191 45
      vertex -30.6147 -73.9104 45
    endloop
  endfacet
  facet normal 0 0 1
    outer loop
      vertex -64.2566 -47.6559 45
      vertex -32.25 -26.4669 45
      vertex -34.6889 -23.1784 45
    endloop
  endfacet
  facet normal 0 0 1
    outer loop
      vertex -68.6183 -41.1282 45
      vertex -34.6889 -23.1784 45
      vertex -36.7938 -19.6667 45
    endloop
  endfacet
  facet normal 0 0 1
    outer loop
      vertex -19.6667 -36.7938 45
      vertex -37.7117 -70.5537 45
      vertex -34.2044 -72.3191 45
    endloop
  endfacet
  facet normal 0 0 1
    outer loop
      vertex -72.3191 -34.2044 45
      vertex -36.7938 -19.6667 45
      vertex -38.5443 -15.9656 45
    endloop
  endfacet
  facet normal 0 0 1
    outer loop
      vertex -75.3235 -26.9512 45
      vertex -38.5443 -15.9656 45
      vertex -39.9235 -12.1107 45
    endloop
  endfacet
  facet normal 0 0 1
    outer loop
      vertex -77.6025 -19.4384 45
      vertex -39.9235 -12.1107 45
      vertex -40.9184 -8.13917 45
    endloop
  endfacet
  facet normal 0 0 1
    outer loop
      vertex -19.6667 -36.7938 45
      vertex -41.1282 -68.6183 45
      vertex -37.7117 -70.5537 45
    endloop
  endfacet
  facet normal 0 0 1
    outer loop
      vertex -79.1341 -11.7384 45
      vertex -40.9184 -8.13917 45
      vertex -41.5191 -4.08927 45
    endloop
  endfacet
  facet normal -0 0 1
    outer loop
      vertex -79.9036 -3.92541 45
      vertex -41.5191 -4.08927 45
      vertex -41.72 0 45
    endloop
  endfacet
  facet normal 0 0 1
    outer loop
      vertex -32.25 26.4669 45
      vertex -64.2566 47.6559 45
      vertex -34.6889 23.1784 45
    endloop
  endfacet
  facet normal 0 0 1
    outer loop
      vertex -23.1784 -34.6889 45
      vertex -44.4456 -66.5176 45
      vertex -41.1282 -68.6183 45
    endloop
  endfacet
  facet normal -0 0 1
    outer loop
      vertex -66.5176 44.4456 45
      vertex -34.6889 23.1784 45
      vertex -64.2566 47.6559 45
    endloop
  endfacet
  facet normal 0 0 1
    outer loop
      vertex -23.1784 -34.6889 45
      vertex -47.6559 -64.2566 45
      vertex -44.4456 -66.5176 45
    endloop
  endfacet
  facet normal -0 0 1
    outer loop
      vertex -68.6183 41.1282 45
      vertex -34.6889 23.1784 45
      vertex -66.5176 44.4456 45
    endloop
  endfacet
  facet normal 0 0 1
    outer loop
      vertex -26.4669 -32.25 45
      vertex -50.7515 -61.8408 45
      vertex -47.6559 -64.2566 45
    endloop
  endfacet
  facet normal 0 0 1
    outer loop
      vertex -34.6889 23.1784 45
      vertex -68.6183 41.1282 45
      vertex -36.7938 19.6667 45
    endloop
  endfacet
  facet normal 0 0 1
    outer loop
      vertex -26.4669 -32.25 45
      vertex -53.7247 -59.2761 45
      vertex -50.7515 -61.8408 45
    endloop
  endfacet
  facet normal -0 0 1
    outer loop
      vertex -70.5537 37.7117 45
      vertex -36.7938 19.6667 45
      vertex -68.6183 41.1282 45
    endloop
  endfacet
  facet normal 0 0 1
    outer loop
      vertex -29.5005 -29.5005 45
      vertex -56.5685 -56.5685 45
      vertex -53.7247 -59.2761 45
    endloop
  endfacet
  facet normal -0 0 1
    outer loop
      vertex -72.3191 34.2044 45
      vertex -36.7938 19.6667 45
      vertex -70.5537 37.7117 45
    endloop
  endfacet
  facet normal 0 0 1
    outer loop
      vertex -29.5005 -29.5005 45
      vertex -59.2761 -53.7247 45
      vertex -56.5685 -56.5685 45
    endloop
  endfacet
  facet normal 0 0 1
    outer loop
      vertex -36.7938 19.6667 45
      vertex -72.3191 34.2044 45
      vertex -38.5443 15.9656 45
    endloop
  endfacet
  facet normal 0 0 1
    outer loop
      vertex -32.25 -26.4669 45
      vertex -61.8408 -50.7515 45
      vertex -59.2761 -53.7247 45
    endloop
  endfacet
  facet normal -0 0 1
    outer loop
      vertex -73.9104 30.6147 45
      vertex -38.5443 15.9656 45
      vertex -72.3191 34.2044 45
    endloop
  endfacet
  facet normal 0 0 1
    outer loop
      vertex -32.25 -26.4669 45
      vertex -64.2566 -47.6559 45
      vertex -61.8408 -50.7515 45
    endloop
  endfacet
  facet normal -0 0 1
    outer loop
      vertex -75.3235 26.9512 45
      vertex -38.5443 15.9656 45
      vertex -73.9104 30.6147 45
    endloop
  endfacet
  facet normal 0 0 1
    outer loop
      vertex -34.6889 -23.1784 45
      vertex -66.5176 -44.4456 45
      vertex -64.2566 -47.6559 45
    endloop
  endfacet
  facet normal 0 0 1
    outer loop
      vertex -38.5443 15.9656 45
      vertex -75.3235 26.9512 45
      vertex -39.9235 12.1107 45
    endloop
  endfacet
  facet normal 0 0 1
    outer loop
      vertex -34.6889 -23.1784 45
      vertex -68.6183 -41.1282 45
      vertex -66.5176 -44.4456 45
    endloop
  endfacet
  facet normal -0 0 1
    outer loop
      vertex -76.5552 23.2228 45
      vertex -39.9235 12.1107 45
      vertex -75.3235 26.9512 45
    endloop
  endfacet
  facet normal 0 0 1
    outer loop
      vertex -36.7938 -19.6667 45
      vertex -70.5537 -37.7117 45
      vertex -68.6183 -41.1282 45
    endloop
  endfacet
  facet normal -0 0 1
    outer loop
      vertex -77.6025 19.4384 45
      vertex -39.9235 12.1107 45
      vertex -76.5552 23.2228 45
    endloop
  endfacet
  facet normal 0 0 1
    outer loop
      vertex -36.7938 -19.6667 45
      vertex -72.3191 -34.2044 45
      vertex -70.5537 -37.7117 45
    endloop
  endfacet
  facet normal 0 0 1
    outer loop
      vertex -39.9235 12.1107 45
      vertex -77.6025 19.4384 45
      vertex -40.9184 8.13917 45
    endloop
  endfacet
  facet normal 0 0 1
    outer loop
      vertex -38.5443 -15.9656 45
      vertex -73.9104 -30.6147 45
      vertex -72.3191 -34.2044 45
    endloop
  endfacet
  facet normal -0 0 1
    outer loop
      vertex -78.4628 15.6072 45
      vertex -40.9184 8.13917 45
      vertex -77.6025 19.4384 45
    endloop
  endfacet
  facet normal 0 0 1
    outer loop
      vertex -38.5443 -15.9656 45
      vertex -75.3235 -26.9512 45
      vertex -73.9104 -30.6147 45
    endloop
  endfacet
  facet normal -0 0 1
    outer loop
      vertex -79.1341 11.7384 45
      vertex -40.9184 8.13917 45
      vertex -78.4628 15.6072 45
    endloop
  endfacet
  facet normal 0 0 1
    outer loop
      vertex -39.9235 -12.1107 45
      vertex -76.5552 -23.2228 45
      vertex -75.3235 -26.9512 45
    endloop
  endfacet
  facet normal 0 0 1
    outer loop
      vertex -40.9184 8.13917 45
      vertex -79.1341 11.7384 45
      vertex -41.5191 4.08927 45
    endloop
  endfacet
  facet normal 0 0 1
    outer loop
      vertex -39.9235 -12.1107 45
      vertex -77.6025 -19.4384 45
      vertex -76.5552 -23.2228 45
    endloop
  endfacet
  facet normal -0 0 1
    outer loop
      vertex -79.6148 7.84137 45
      vertex -41.5191 4.08927 45
      vertex -79.1341 11.7384 45
    endloop
  endfacet
  facet normal 0 0 1
    outer loop
      vertex -40.9184 -8.13917 45
      vertex -78.4628 -15.6072 45
      vertex -77.6025 -19.4384 45
    endloop
  endfacet
  facet normal 0 0 1
    outer loop
      vertex -79.9036 3.92541 45
      vertex -41.5191 4.08927 45
      vertex -79.6148 7.84137 45
    endloop
  endfacet
  facet normal 0 0 1
    outer loop
      vertex -40.9184 -8.13917 45
      vertex -79.1341 -11.7384 45
      vertex -78.4628 -15.6072 45
    endloop
  endfacet
  facet normal 0 0 1
    outer loop
      vertex -41.5191 4.08927 45
      vertex -79.9036 3.92541 45
      vertex -41.72 0 45
    endloop
  endfacet
  facet normal 0 0 1
    outer loop
      vertex -41.5191 -4.08927 45
      vertex -79.6148 -7.84137 45
      vertex -79.1341 -11.7384 45
    endloop
  endfacet
  facet normal 0 0 1
    outer loop
      vertex -80 0 45
      vertex -41.72 0 45
      vertex -79.9036 3.92541 45
    endloop
  endfacet
  facet normal 0 0 1
    outer loop
      vertex -41.5191 -4.08927 45
      vertex -79.9036 -3.92541 45
      vertex -79.6148 -7.84137 45
    endloop
  endfacet
  facet normal 0 0 1
    outer loop
      vertex -41.72 0 45
      vertex -80 0 45
      vertex -79.9036 -3.92541 45
    endloop
  endfacet
  facet normal -0.997292 0.0735497 0
    outer loop
      vertex -79.9036 3.92541 30.01
      vertex -79.6148 7.84137 45
      vertex -79.6148 7.84137 30.01
    endloop
  endfacet
  facet normal -0.997292 0.0735497 0
    outer loop
      vertex -79.6148 7.84137 45
      vertex -79.9036 3.92541 30.01
      vertex -79.9036 3.92541 45
    endloop
  endfacet
  facet normal -0.985278 0.170962 0
    outer loop
      vertex -79.1341 11.7384 30.01
      vertex -78.4628 15.6072 45
      vertex -78.4628 15.6072 30.01
    endloop
  endfacet
  facet normal -0.985278 0.170962 0
    outer loop
      vertex -78.4628 15.6072 45
      vertex -79.1341 11.7384 30.01
      vertex -79.1341 11.7384 45
    endloop
  endfacet
  facet normal -0.170962 -0.985278 0
    outer loop
      vertex -15.6072 -78.4628 30.01
      vertex -11.7384 -79.1341 45
      vertex -15.6072 -78.4628 45
    endloop
  endfacet
  facet normal -0.170962 -0.985278 -0
    outer loop
      vertex -11.7384 -79.1341 45
      vertex -15.6072 -78.4628 30.01
      vertex -11.7384 -79.1341 30.01
    endloop
  endfacet
  facet normal 0.313682 -0.949528 0
    outer loop
      vertex 23.2228 -76.5552 30.01
      vertex 26.9512 -75.3235 45
      vertex 23.2228 -76.5552 45
    endloop
  endfacet
  facet normal 0.313682 -0.949528 0
    outer loop
      vertex 26.9512 -75.3235 45
      vertex 23.2228 -76.5552 30.01
      vertex 26.9512 -75.3235 30.01
    endloop
  endfacet
  facet normal -0.266716 0.963775 0
    outer loop
      vertex -19.4384 77.6025 30.01
      vertex -23.2228 76.5552 45
      vertex -19.4384 77.6025 45
    endloop
  endfacet
  facet normal -0.266716 0.963775 0
    outer loop
      vertex -23.2228 76.5552 45
      vertex -19.4384 77.6025 30.01
      vertex -23.2228 76.5552 30.01
    endloop
  endfacet
  facet normal -0.78835 -0.615227 0
    outer loop
      vertex -61.8408 -50.7515 30.01
      vertex -64.2566 -47.6559 45
      vertex -64.2566 -47.6559 30.01
    endloop
  endfacet
  facet normal -0.78835 -0.615227 0
    outer loop
      vertex -64.2566 -47.6559 45
      vertex -61.8408 -50.7515 30.01
      vertex -61.8408 -50.7515 45
    endloop
  endfacet
  facet normal 0.35988 0.932999 -0
    outer loop
      vertex 30.6147 73.9104 30.01
      vertex 26.9512 75.3235 45
      vertex 30.6147 73.9104 45
    endloop
  endfacet
  facet normal 0.35988 0.932999 0
    outer loop
      vertex 26.9512 75.3235 45
      vertex 30.6147 73.9104 30.01
      vertex 26.9512 75.3235 30.01
    endloop
  endfacet
  facet normal 0.219095 0.975703 -0
    outer loop
      vertex 19.4384 77.6025 30.01
      vertex 15.6072 78.4628 45
      vertex 19.4384 77.6025 45
    endloop
  endfacet
  facet normal 0.219095 0.975703 0
    outer loop
      vertex 15.6072 78.4628 45
      vertex 19.4384 77.6025 30.01
      vertex 15.6072 78.4628 30.01
    endloop
  endfacet
  facet normal -0.963775 -0.266716 0
    outer loop
      vertex -76.5552 -23.2228 30.01
      vertex -77.6025 -19.4384 45
      vertex -77.6025 -19.4384 30.01
    endloop
  endfacet
  facet normal -0.963775 -0.266716 0
    outer loop
      vertex -77.6025 -19.4384 45
      vertex -76.5552 -23.2228 30.01
      vertex -76.5552 -23.2228 45
    endloop
  endfacet
  facet normal -0.449606 -0.893227 0
    outer loop
      vertex -37.7117 -70.5537 30.01
      vertex -34.2044 -72.3191 45
      vertex -37.7117 -70.5537 45
    endloop
  endfacet
  facet normal -0.449606 -0.893227 -0
    outer loop
      vertex -34.2044 -72.3191 45
      vertex -37.7117 -70.5537 30.01
      vertex -34.2044 -72.3191 30.01
    endloop
  endfacet
  facet normal -0.87009 0.492894 0
    outer loop
      vertex -70.5537 37.7117 30.01
      vertex -68.6183 41.1282 45
      vertex -68.6183 41.1282 30.01
    endloop
  endfacet
  facet normal -0.87009 0.492894 0
    outer loop
      vertex -68.6183 41.1282 45
      vertex -70.5537 37.7117 30.01
      vertex -70.5537 37.7117 45
    endloop
  endfacet
  facet normal -0.405262 0.914201 0
    outer loop
      vertex -30.6147 73.9104 30.01
      vertex -34.2044 72.3191 45
      vertex -30.6147 73.9104 45
    endloop
  endfacet
  facet normal -0.405262 0.914201 0
    outer loop
      vertex -34.2044 72.3191 45
      vertex -30.6147 73.9104 30.01
      vertex -34.2044 72.3191 30.01
    endloop
  endfacet
  facet normal -0.575817 -0.817579 0
    outer loop
      vertex -47.6559 -64.2566 30.01
      vertex -44.4456 -66.5176 45
      vertex -47.6559 -64.2566 45
    endloop
  endfacet
  facet normal -0.575817 -0.817579 -0
    outer loop
      vertex -44.4456 -66.5176 45
      vertex -47.6559 -64.2566 30.01
      vertex -44.4456 -66.5176 30.01
    endloop
  endfacet
  facet normal -0.534994 -0.844856 0
    outer loop
      vertex -44.4456 -66.5176 30.01
      vertex -41.1282 -68.6183 45
      vertex -44.4456 -66.5176 45
    endloop
  endfacet
  facet normal -0.534994 -0.844856 -0
    outer loop
      vertex -41.1282 -68.6183 45
      vertex -44.4456 -66.5176 30.01
      vertex -41.1282 -68.6183 30.01
    endloop
  endfacet
  facet normal 0.989178 0.14672 0
    outer loop
      vertex 41.5191 4.08927 50
      vertex 40.9184 8.13917 45
      vertex 40.9184 8.13917 50
    endloop
  endfacet
  facet normal 0.989178 0.14672 0
    outer loop
      vertex 40.9184 8.13917 45
      vertex 41.5191 4.08927 50
      vertex 41.5191 4.08927 45
    endloop
  endfacet
  facet normal 0.998795 0.0490694 0
    outer loop
      vertex 41.72 0 50
      vertex 41.5191 4.08927 45
      vertex 41.5191 4.08927 50
    endloop
  endfacet
  facet normal 0.998795 0.0490694 0
    outer loop
      vertex 41.5191 4.08927 45
      vertex 41.72 0 50
      vertex 41.72 0 45
    endloop
  endfacet
  facet normal 0.970026 0.242999 0
    outer loop
      vertex 40.9184 8.13917 50
      vertex 39.9235 12.1107 45
      vertex 39.9235 12.1107 50
    endloop
  endfacet
  facet normal 0.970026 0.242999 0
    outer loop
      vertex 39.9235 12.1107 45
      vertex 40.9184 8.13917 50
      vertex 40.9184 8.13917 45
    endloop
  endfacet
  facet normal -0.14672 0.989178 0
    outer loop
      vertex -4.08927 41.5191 45
      vertex -8.13917 40.9184 50
      vertex -4.08927 41.5191 50
    endloop
  endfacet
  facet normal -0.14672 0.989178 0
    outer loop
      vertex -8.13917 40.9184 50
      vertex -4.08927 41.5191 45
      vertex -8.13917 40.9184 45
    endloop
  endfacet
  facet normal -0.941552 -0.336867 0
    outer loop
      vertex -38.5443 -15.9656 45
      vertex -39.9235 -12.1107 50
      vertex -39.9235 -12.1107 45
    endloop
  endfacet
  facet normal -0.941552 -0.336867 0
    outer loop
      vertex -39.9235 -12.1107 50
      vertex -38.5443 -15.9656 45
      vertex -38.5443 -15.9656 50
    endloop
  endfacet
  facet normal 0.514115 0.857721 -0
    outer loop
      vertex 23.1784 34.6889 45
      vertex 19.6667 36.7938 50
      vertex 23.1784 34.6889 50
    endloop
  endfacet
  facet normal 0.514115 0.857721 0
    outer loop
      vertex 19.6667 36.7938 50
      vertex 23.1784 34.6889 45
      vertex 19.6667 36.7938 45
    endloop
  endfacet
  facet normal 0.514115 -0.857721 0
    outer loop
      vertex 19.6667 -36.7938 45
      vertex 23.1784 -34.6889 50
      vertex 19.6667 -36.7938 50
    endloop
  endfacet
  facet normal 0.514115 -0.857721 0
    outer loop
      vertex 23.1784 -34.6889 50
      vertex 19.6667 -36.7938 45
      vertex 23.1784 -34.6889 45
    endloop
  endfacet
  facet normal 0.242999 -0.970026 0
    outer loop
      vertex 8.13917 -40.9184 45
      vertex 12.1107 -39.9235 50
      vertex 8.13917 -40.9184 50
    endloop
  endfacet
  facet normal 0.242999 -0.970026 0
    outer loop
      vertex 12.1107 -39.9235 50
      vertex 8.13917 -40.9184 45
      vertex 12.1107 -39.9235 45
    endloop
  endfacet
  facet normal -0.857721 -0.514115 0
    outer loop
      vertex -34.6889 -23.1784 45
      vertex -36.7938 -19.6667 50
      vertex -36.7938 -19.6667 45
    endloop
  endfacet
  facet normal -0.857721 -0.514115 0
    outer loop
      vertex -36.7938 -19.6667 50
      vertex -34.6889 -23.1784 45
      vertex -34.6889 -23.1784 50
    endloop
  endfacet
  facet normal -0.595696 0.80321 0
    outer loop
      vertex -23.1784 34.6889 45
      vertex -26.4669 32.25 50
      vertex -23.1784 34.6889 50
    endloop
  endfacet
  facet normal -0.595696 0.80321 0
    outer loop
      vertex -26.4669 32.25 50
      vertex -23.1784 34.6889 45
      vertex -26.4669 32.25 45
    endloop
  endfacet
  facet normal 0.0490694 -0.998795 0
    outer loop
      vertex 0 -41.72 45
      vertex 4.08927 -41.5191 50
      vertex 0 -41.72 50
    endloop
  endfacet
  facet normal 0.0490694 -0.998795 0
    outer loop
      vertex 4.08927 -41.5191 50
      vertex 0 -41.72 45
      vertex 4.08927 -41.5191 45
    endloop
  endfacet
  facet normal -0.514115 -0.857721 0
    outer loop
      vertex -23.1784 -34.6889 45
      vertex -19.6667 -36.7938 50
      vertex -23.1784 -34.6889 50
    endloop
  endfacet
  facet normal -0.514115 -0.857721 -0
    outer loop
      vertex -19.6667 -36.7938 50
      vertex -23.1784 -34.6889 45
      vertex -19.6667 -36.7938 45
    endloop
  endfacet
  facet normal 0.903988 0.427557 0
    outer loop
      vertex 38.5443 15.9656 50
      vertex 36.7938 19.6667 45
      vertex 36.7938 19.6667 50
    endloop
  endfacet
  facet normal 0.903988 0.427557 0
    outer loop
      vertex 36.7938 19.6667 45
      vertex 38.5443 15.9656 50
      vertex 38.5443 15.9656 45
    endloop
  endfacet
  facet normal 0.595696 0.80321 -0
    outer loop
      vertex 26.4669 32.25 45
      vertex 23.1784 34.6889 50
      vertex 26.4669 32.25 50
    endloop
  endfacet
  facet normal 0.595696 0.80321 0
    outer loop
      vertex 23.1784 34.6889 50
      vertex 26.4669 32.25 45
      vertex 23.1784 34.6889 45
    endloop
  endfacet
  facet normal 0.80321 -0.595696 0
    outer loop
      vertex 32.25 -26.4669 50
      vertex 34.6889 -23.1784 45
      vertex 34.6889 -23.1784 50
    endloop
  endfacet
  facet normal 0.80321 -0.595696 0
    outer loop
      vertex 34.6889 -23.1784 45
      vertex 32.25 -26.4669 50
      vertex 32.25 -26.4669 45
    endloop
  endfacet
  facet normal -0.970026 0.242999 0
    outer loop
      vertex -40.9184 8.13917 45
      vertex -39.9235 12.1107 50
      vertex -39.9235 12.1107 45
    endloop
  endfacet
  facet normal -0.970026 0.242999 0
    outer loop
      vertex -39.9235 12.1107 50
      vertex -40.9184 8.13917 45
      vertex -40.9184 8.13917 50
    endloop
  endfacet
  facet normal -0.514115 0.857721 0
    outer loop
      vertex -19.6667 36.7938 45
      vertex -23.1784 34.6889 50
      vertex -19.6667 36.7938 50
    endloop
  endfacet
  facet normal -0.514115 0.857721 0
    outer loop
      vertex -23.1784 34.6889 50
      vertex -19.6667 36.7938 45
      vertex -23.1784 34.6889 45
    endloop
  endfacet
  facet normal 0.80321 0.595696 0
    outer loop
      vertex 34.6889 23.1784 50
      vertex 32.25 26.4669 45
      vertex 32.25 26.4669 50
    endloop
  endfacet
  facet normal 0.80321 0.595696 0
    outer loop
      vertex 32.25 26.4669 45
      vertex 34.6889 23.1784 50
      vertex 34.6889 23.1784 45
    endloop
  endfacet
  facet normal -0.903988 -0.427557 0
    outer loop
      vertex -36.7938 -19.6667 45
      vertex -38.5443 -15.9656 50
      vertex -38.5443 -15.9656 45
    endloop
  endfacet
  facet normal -0.903988 -0.427557 0
    outer loop
      vertex -38.5443 -15.9656 50
      vertex -36.7938 -19.6667 45
      vertex -36.7938 -19.6667 50
    endloop
  endfacet
  facet normal -0.0490694 0.998795 0
    outer loop
      vertex 0 41.72 45
      vertex -4.08927 41.5191 50
      vertex 0 41.72 50
    endloop
  endfacet
  facet normal -0.0490694 0.998795 0
    outer loop
      vertex -4.08927 41.5191 50
      vertex 0 41.72 45
      vertex -4.08927 41.5191 45
    endloop
  endfacet
  facet normal 0.427557 -0.903988 0
    outer loop
      vertex 15.9656 -38.5443 45
      vertex 19.6667 -36.7938 50
      vertex 15.9656 -38.5443 50
    endloop
  endfacet
  facet normal 0.427557 -0.903988 0
    outer loop
      vertex 19.6667 -36.7938 50
      vertex 15.9656 -38.5443 45
      vertex 19.6667 -36.7938 45
    endloop
  endfacet
  facet normal -0.970026 -0.242999 0
    outer loop
      vertex -39.9235 -12.1107 45
      vertex -40.9184 -8.13917 50
      vertex -40.9184 -8.13917 45
    endloop
  endfacet
  facet normal -0.970026 -0.242999 0
    outer loop
      vertex -40.9184 -8.13917 50
      vertex -39.9235 -12.1107 45
      vertex -39.9235 -12.1107 50
    endloop
  endfacet
  facet normal -0.336867 0.941552 0
    outer loop
      vertex -12.1107 39.9235 45
      vertex -15.9656 38.5443 50
      vertex -12.1107 39.9235 50
    endloop
  endfacet
  facet normal -0.336867 0.941552 0
    outer loop
      vertex -15.9656 38.5443 50
      vertex -12.1107 39.9235 45
      vertex -15.9656 38.5443 45
    endloop
  endfacet
  facet normal 0.903988 -0.427557 0
    outer loop
      vertex 36.7938 -19.6667 50
      vertex 38.5443 -15.9656 45
      vertex 38.5443 -15.9656 50
    endloop
  endfacet
  facet normal 0.903988 -0.427557 0
    outer loop
      vertex 38.5443 -15.9656 45
      vertex 36.7938 -19.6667 50
      vertex 36.7938 -19.6667 45
    endloop
  endfacet
  facet normal -0.74095 0.67156 0
    outer loop
      vertex -32.25 26.4669 45
      vertex -29.5005 29.5005 50
      vertex -29.5005 29.5005 45
    endloop
  endfacet
  facet normal -0.74095 0.67156 0
    outer loop
      vertex -29.5005 29.5005 50
      vertex -32.25 26.4669 45
      vertex -32.25 26.4669 50
    endloop
  endfacet
  facet normal 0.998795 -0.0490694 0
    outer loop
      vertex 41.5191 -4.08927 50
      vertex 41.72 0 45
      vertex 41.72 0 50
    endloop
  endfacet
  facet normal 0.998795 -0.0490694 0
    outer loop
      vertex 41.72 0 45
      vertex 41.5191 -4.08927 50
      vertex 41.5191 -4.08927 45
    endloop
  endfacet
  facet normal 0.941552 -0.336867 0
    outer loop
      vertex 38.5443 -15.9656 50
      vertex 39.9235 -12.1107 45
      vertex 39.9235 -12.1107 50
    endloop
  endfacet
  facet normal 0.941552 -0.336867 0
    outer loop
      vertex 39.9235 -12.1107 45
      vertex 38.5443 -15.9656 50
      vertex 38.5443 -15.9656 45
    endloop
  endfacet
  facet normal 0.14672 -0.989178 0
    outer loop
      vertex 4.08927 -41.5191 45
      vertex 8.13917 -40.9184 50
      vertex 4.08927 -41.5191 50
    endloop
  endfacet
  facet normal 0.14672 -0.989178 0
    outer loop
      vertex 8.13917 -40.9184 50
      vertex 4.08927 -41.5191 45
      vertex 8.13917 -40.9184 45
    endloop
  endfacet
  facet normal -0.903988 0.427557 0
    outer loop
      vertex -38.5443 15.9656 45
      vertex -36.7938 19.6667 50
      vertex -36.7938 19.6667 45
    endloop
  endfacet
  facet normal -0.903988 0.427557 0
    outer loop
      vertex -36.7938 19.6667 50
      vertex -38.5443 15.9656 45
      vertex -38.5443 15.9656 50
    endloop
  endfacet
  facet normal 0.941552 0.336867 0
    outer loop
      vertex 39.9235 12.1107 50
      vertex 38.5443 15.9656 45
      vertex 38.5443 15.9656 50
    endloop
  endfacet
  facet normal 0.941552 0.336867 0
    outer loop
      vertex 38.5443 15.9656 45
      vertex 39.9235 12.1107 50
      vertex 39.9235 12.1107 45
    endloop
  endfacet
  facet normal -0.998795 0.0490694 0
    outer loop
      vertex -41.72 0 45
      vertex -41.5191 4.08927 50
      vertex -41.5191 4.08927 45
    endloop
  endfacet
  facet normal -0.998795 0.0490694 0
    outer loop
      vertex -41.5191 4.08927 50
      vertex -41.72 0 45
      vertex -41.72 0 50
    endloop
  endfacet
  facet normal 0.970026 -0.242999 0
    outer loop
      vertex 39.9235 -12.1107 50
      vertex 40.9184 -8.13917 45
      vertex 40.9184 -8.13917 50
    endloop
  endfacet
  facet normal 0.970026 -0.242999 0
    outer loop
      vertex 40.9184 -8.13917 45
      vertex 39.9235 -12.1107 50
      vertex 39.9235 -12.1107 45
    endloop
  endfacet
  facet normal 0.67156 0.74095 -0
    outer loop
      vertex 29.5005 29.5005 45
      vertex 26.4669 32.25 50
      vertex 29.5005 29.5005 50
    endloop
  endfacet
  facet normal 0.67156 0.74095 0
    outer loop
      vertex 26.4669 32.25 50
      vertex 29.5005 29.5005 45
      vertex 26.4669 32.25 45
    endloop
  endfacet
  facet normal 0.336867 0.941552 -0
    outer loop
      vertex 15.9656 38.5443 45
      vertex 12.1107 39.9235 50
      vertex 15.9656 38.5443 50
    endloop
  endfacet
  facet normal 0.336867 0.941552 0
    outer loop
      vertex 12.1107 39.9235 50
      vertex 15.9656 38.5443 45
      vertex 12.1107 39.9235 45
    endloop
  endfacet
  facet normal -0.242999 0.970026 0
    outer loop
      vertex -8.13917 40.9184 45
      vertex -12.1107 39.9235 50
      vertex -8.13917 40.9184 50
    endloop
  endfacet
  facet normal -0.242999 0.970026 0
    outer loop
      vertex -12.1107 39.9235 50
      vertex -8.13917 40.9184 45
      vertex -12.1107 39.9235 45
    endloop
  endfacet
  facet normal 0.857721 -0.514115 0
    outer loop
      vertex 34.6889 -23.1784 50
      vertex 36.7938 -19.6667 45
      vertex 36.7938 -19.6667 50
    endloop
  endfacet
  facet normal 0.857721 -0.514115 0
    outer loop
      vertex 36.7938 -19.6667 45
      vertex 34.6889 -23.1784 50
      vertex 34.6889 -23.1784 45
    endloop
  endfacet
  facet normal 0.427557 0.903988 -0
    outer loop
      vertex 19.6667 36.7938 45
      vertex 15.9656 38.5443 50
      vertex 19.6667 36.7938 50
    endloop
  endfacet
  facet normal 0.427557 0.903988 0
    outer loop
      vertex 15.9656 38.5443 50
      vertex 19.6667 36.7938 45
      vertex 15.9656 38.5443 45
    endloop
  endfacet
  facet normal 0.242999 0.970026 -0
    outer loop
      vertex 12.1107 39.9235 45
      vertex 8.13917 40.9184 50
      vertex 12.1107 39.9235 50
    endloop
  endfacet
  facet normal 0.242999 0.970026 0
    outer loop
      vertex 8.13917 40.9184 50
      vertex 12.1107 39.9235 45
      vertex 8.13917 40.9184 45
    endloop
  endfacet
  facet normal 0.857721 0.514115 0
    outer loop
      vertex 36.7938 19.6667 50
      vertex 34.6889 23.1784 45
      vertex 34.6889 23.1784 50
    endloop
  endfacet
  facet normal 0.857721 0.514115 0
    outer loop
      vertex 34.6889 23.1784 45
      vertex 36.7938 19.6667 50
      vertex 36.7938 19.6667 45
    endloop
  endfacet
  facet normal -0 0 1
    outer loop
      vertex 29.9639 1.47203 50
      vertex 41.72 0 50
      vertex 41.5191 4.08927 50
    endloop
  endfacet
  facet normal -0 0 1
    outer loop
      vertex 29.6753 4.40191 50
      vertex 41.5191 4.08927 50
      vertex 40.9184 8.13917 50
    endloop
  endfacet
  facet normal 0 0 1
    outer loop
      vertex 41.72 0 50
      vertex 29.9639 1.47203 50
      vertex 30 0 50
    endloop
  endfacet
  facet normal 0 0 1
    outer loop
      vertex 29.1009 7.2894 50
      vertex 40.9184 8.13917 50
      vertex 39.9235 12.1107 50
    endloop
  endfacet
  facet normal 0 0 1
    outer loop
      vertex 29.9639 -1.47203 50
      vertex 41.72 0 50
      vertex 30 0 50
    endloop
  endfacet
  facet normal 0 0 1
    outer loop
      vertex 28.2463 10.1067 50
      vertex 39.9235 12.1107 50
      vertex 38.5443 15.9656 50
    endloop
  endfacet
  facet normal 0 0 1
    outer loop
      vertex 41.72 0 50
      vertex 29.9639 -1.47203 50
      vertex 41.5191 -4.08927 50
    endloop
  endfacet
  facet normal 0 0 1
    outer loop
      vertex 27.1197 12.8267 50
      vertex 38.5443 15.9656 50
      vertex 36.7938 19.6667 50
    endloop
  endfacet
  facet normal -0 0 1
    outer loop
      vertex 29.8555 -2.94051 50
      vertex 41.5191 -4.08927 50
      vertex 29.9639 -1.47203 50
    endloop
  endfacet
  facet normal 0 0 1
    outer loop
      vertex 25.7319 15.4231 50
      vertex 36.7938 19.6667 50
      vertex 34.6889 23.1784 50
    endloop
  endfacet
  facet normal 0 0 1
    outer loop
      vertex 29.6753 -4.40191 50
      vertex 41.5191 -4.08927 50
      vertex 29.8555 -2.94051 50
    endloop
  endfacet
  facet normal 0 0 1
    outer loop
      vertex 24.0962 17.871 50
      vertex 34.6889 23.1784 50
      vertex 32.25 26.4669 50
    endloop
  endfacet
  facet normal 0 0 1
    outer loop
      vertex 41.5191 -4.08927 50
      vertex 29.6753 -4.40191 50
      vertex 40.9184 -8.13917 50
    endloop
  endfacet
  facet normal -0 0 1
    outer loop
      vertex 29.1009 -7.2894 50
      vertex 40.9184 -8.13917 50
      vertex 29.4236 -5.85271 50
    endloop
  endfacet
  facet normal -0 0 1
    outer loop
      vertex 29.4236 -5.85271 50
      vertex 40.9184 -8.13917 50
      vertex 29.6753 -4.40191 50
    endloop
  endfacet
  facet normal 0 0 1
    outer loop
      vertex 41.5191 4.08927 50
      vertex 29.8555 2.94051 50
      vertex 29.9639 1.47203 50
    endloop
  endfacet
  facet normal 0 0 1
    outer loop
      vertex 41.5191 4.08927 50
      vertex 29.6753 4.40191 50
      vertex 29.8555 2.94051 50
    endloop
  endfacet
  facet normal 0 0 1
    outer loop
      vertex 22.2285 20.1468 50
      vertex 32.25 26.4669 50
      vertex 29.5005 29.5005 50
    endloop
  endfacet
  facet normal 0 0 1
    outer loop
      vertex 40.9184 8.13917 50
      vertex 29.4236 5.85271 50
      vertex 29.6753 4.40191 50
    endloop
  endfacet
  facet normal 0 0 1
    outer loop
      vertex 40.9184 8.13917 50
      vertex 29.1009 7.2894 50
      vertex 29.4236 5.85271 50
    endloop
  endfacet
  facet normal 0 0 1
    outer loop
      vertex 39.9235 12.1107 50
      vertex 28.7082 8.70854 50
      vertex 29.1009 7.2894 50
    endloop
  endfacet
  facet normal 0 0 1
    outer loop
      vertex 39.9235 12.1107 50
      vertex 28.2463 10.1067 50
      vertex 28.7082 8.70854 50
    endloop
  endfacet
  facet normal 0 0 1
    outer loop
      vertex 38.5443 15.9656 50
      vertex 27.7164 11.4805 50
      vertex 28.2463 10.1067 50
    endloop
  endfacet
  facet normal 0 0 1
    outer loop
      vertex 38.5443 15.9656 50
      vertex 27.1197 12.8267 50
      vertex 27.7164 11.4805 50
    endloop
  endfacet
  facet normal 0 0 1
    outer loop
      vertex 20.1468 22.2285 50
      vertex 29.5005 29.5005 50
      vertex 26.4669 32.25 50
    endloop
  endfacet
  facet normal 0 0 1
    outer loop
      vertex 36.7938 19.6667 50
      vertex 26.4576 14.1419 50
      vertex 27.1197 12.8267 50
    endloop
  endfacet
  facet normal 0 0 1
    outer loop
      vertex 36.7938 19.6667 50
      vertex 25.7319 15.4231 50
      vertex 26.4576 14.1419 50
    endloop
  endfacet
  facet normal 0 0 1
    outer loop
      vertex 34.6889 23.1784 50
      vertex 24.9441 16.6671 50
      vertex 25.7319 15.4231 50
    endloop
  endfacet
  facet normal 0 0 1
    outer loop
      vertex 34.6889 23.1784 50
      vertex 24.0962 17.871 50
      vertex 24.9441 16.6671 50
    endloop
  endfacet
  facet normal 0 0 1
    outer loop
      vertex 32.25 26.4669 50
      vertex 23.1903 19.0318 50
      vertex 24.0962 17.871 50
    endloop
  endfacet
  facet normal 0 0 1
    outer loop
      vertex 17.871 24.0962 50
      vertex 26.4669 32.25 50
      vertex 23.1784 34.6889 50
    endloop
  endfacet
  facet normal 0 0 1
    outer loop
      vertex 32.25 26.4669 50
      vertex 22.2285 20.1468 50
      vertex 23.1903 19.0318 50
    endloop
  endfacet
  facet normal 0 0 1
    outer loop
      vertex 29.5005 29.5005 50
      vertex 21.2132 21.2132 50
      vertex 22.2285 20.1468 50
    endloop
  endfacet
  facet normal 0 0 1
    outer loop
      vertex 29.5005 29.5005 50
      vertex 20.1468 22.2285 50
      vertex 21.2132 21.2132 50
    endloop
  endfacet
  facet normal 0 0 1
    outer loop
      vertex 15.4231 25.7319 50
      vertex 23.1784 34.6889 50
      vertex 19.6667 36.7938 50
    endloop
  endfacet
  facet normal 0 0 1
    outer loop
      vertex 26.4669 32.25 50
      vertex 19.0318 23.1903 50
      vertex 20.1468 22.2285 50
    endloop
  endfacet
  facet normal 0 0 1
    outer loop
      vertex 26.4669 32.25 50
      vertex 17.871 24.0962 50
      vertex 19.0318 23.1903 50
    endloop
  endfacet
  facet normal 0 0 1
    outer loop
      vertex 23.1784 34.6889 50
      vertex 16.6671 24.9441 50
      vertex 17.871 24.0962 50
    endloop
  endfacet
  facet normal 0 0 1
    outer loop
      vertex 12.8267 27.1197 50
      vertex 19.6667 36.7938 50
      vertex 15.9656 38.5443 50
    endloop
  endfacet
  facet normal 0 0 1
    outer loop
      vertex 23.1784 34.6889 50
      vertex 15.4231 25.7319 50
      vertex 16.6671 24.9441 50
    endloop
  endfacet
  facet normal 0 0 1
    outer loop
      vertex 19.6667 36.7938 50
      vertex 14.1419 26.4576 50
      vertex 15.4231 25.7319 50
    endloop
  endfacet
  facet normal 0 0 1
    outer loop
      vertex 19.6667 36.7938 50
      vertex 12.8267 27.1197 50
      vertex 14.1419 26.4576 50
    endloop
  endfacet
  facet normal 0 0 1
    outer loop
      vertex 10.1067 28.2463 50
      vertex 15.9656 38.5443 50
      vertex 12.1107 39.9235 50
    endloop
  endfacet
  facet normal 0 0 1
    outer loop
      vertex 15.9656 38.5443 50
      vertex 11.4805 27.7164 50
      vertex 12.8267 27.1197 50
    endloop
  endfacet
  facet normal 0 0 1
    outer loop
      vertex 15.9656 38.5443 50
      vertex 10.1067 28.2463 50
      vertex 11.4805 27.7164 50
    endloop
  endfacet
  facet normal 0 0 1
    outer loop
      vertex 12.1107 39.9235 50
      vertex 8.70854 28.7082 50
      vertex 10.1067 28.2463 50
    endloop
  endfacet
  facet normal 0 0 1
    outer loop
      vertex 7.2894 29.1009 50
      vertex 12.1107 39.9235 50
      vertex 8.13917 40.9184 50
    endloop
  endfacet
  facet normal 0 0 1
    outer loop
      vertex 12.1107 39.9235 50
      vertex 7.2894 29.1009 50
      vertex 8.70854 28.7082 50
    endloop
  endfacet
  facet normal 0 0 1
    outer loop
      vertex 8.13917 40.9184 50
      vertex 5.85271 29.4236 50
      vertex 7.2894 29.1009 50
    endloop
  endfacet
  facet normal 0 0 1
    outer loop
      vertex 8.13917 40.9184 50
      vertex 4.40191 29.6753 50
      vertex 5.85271 29.4236 50
    endloop
  endfacet
  facet normal 0 0 1
    outer loop
      vertex 4.08927 41.5191 50
      vertex 4.40191 29.6753 50
      vertex 8.13917 40.9184 50
    endloop
  endfacet
  facet normal 0 0 1
    outer loop
      vertex 4.08927 41.5191 50
      vertex 2.94051 29.8555 50
      vertex 4.40191 29.6753 50
    endloop
  endfacet
  facet normal 0 0 1
    outer loop
      vertex 4.08927 41.5191 50
      vertex 1.47203 29.9639 50
      vertex 2.94051 29.8555 50
    endloop
  endfacet
  facet normal 0 0 1
    outer loop
      vertex 0 41.72 50
      vertex 1.47203 29.9639 50
      vertex 4.08927 41.5191 50
    endloop
  endfacet
  facet normal 0 0 1
    outer loop
      vertex 0 41.72 50
      vertex 0 30 50
      vertex 1.47203 29.9639 50
    endloop
  endfacet
  facet normal 0 0 1
    outer loop
      vertex 0 41.72 50
      vertex -1.47203 29.9639 50
      vertex 0 30 50
    endloop
  endfacet
  facet normal -0 0 1
    outer loop
      vertex -4.08927 41.5191 50
      vertex -1.47203 29.9639 50
      vertex 0 41.72 50
    endloop
  endfacet
  facet normal 0 0 1
    outer loop
      vertex -1.47203 29.9639 50
      vertex -4.08927 41.5191 50
      vertex -2.94051 29.8555 50
    endloop
  endfacet
  facet normal 0 0 1
    outer loop
      vertex -4.08927 41.5191 50
      vertex -4.40191 29.6753 50
      vertex -2.94051 29.8555 50
    endloop
  endfacet
  facet normal -0 0 1
    outer loop
      vertex -8.13917 40.9184 50
      vertex -4.40191 29.6753 50
      vertex -4.08927 41.5191 50
    endloop
  endfacet
  facet normal 0 0 1
    outer loop
      vertex -4.40191 29.6753 50
      vertex -8.13917 40.9184 50
      vertex -5.85271 29.4236 50
    endloop
  endfacet
  facet normal 0 0 1
    outer loop
      vertex -5.85271 29.4236 50
      vertex -8.13917 40.9184 50
      vertex -7.2894 29.1009 50
    endloop
  endfacet
  facet normal -0 0 1
    outer loop
      vertex -12.1107 39.9235 50
      vertex -7.2894 29.1009 50
      vertex -8.13917 40.9184 50
    endloop
  endfacet
  facet normal 0 0 1
    outer loop
      vertex -7.2894 29.1009 50
      vertex -12.1107 39.9235 50
      vertex -8.70854 28.7082 50
    endloop
  endfacet
  facet normal 0 0 1
    outer loop
      vertex -8.70854 28.7082 50
      vertex -12.1107 39.9235 50
      vertex -10.1067 28.2463 50
    endloop
  endfacet
  facet normal -0 0 1
    outer loop
      vertex -15.9656 38.5443 50
      vertex -10.1067 28.2463 50
      vertex -12.1107 39.9235 50
    endloop
  endfacet
  facet normal 0 0 1
    outer loop
      vertex -10.1067 28.2463 50
      vertex -15.9656 38.5443 50
      vertex -11.4805 27.7164 50
    endloop
  endfacet
  facet normal 0 0 1
    outer loop
      vertex -11.4805 27.7164 50
      vertex -15.9656 38.5443 50
      vertex -12.8267 27.1197 50
    endloop
  endfacet
  facet normal -0 0 1
    outer loop
      vertex -19.6667 36.7938 50
      vertex -12.8267 27.1197 50
      vertex -15.9656 38.5443 50
    endloop
  endfacet
  facet normal 0 0 1
    outer loop
      vertex -12.8267 27.1197 50
      vertex -19.6667 36.7938 50
      vertex -14.1419 26.4576 50
    endloop
  endfacet
  facet normal 0 0 1
    outer loop
      vertex -14.1419 26.4576 50
      vertex -19.6667 36.7938 50
      vertex -15.4231 25.7319 50
    endloop
  endfacet
  facet normal -0 0 1
    outer loop
      vertex -23.1784 34.6889 50
      vertex -15.4231 25.7319 50
      vertex -19.6667 36.7938 50
    endloop
  endfacet
  facet normal 0 0 1
    outer loop
      vertex -15.4231 25.7319 50
      vertex -23.1784 34.6889 50
      vertex -16.6671 24.9441 50
    endloop
  endfacet
  facet normal 0 0 1
    outer loop
      vertex -16.6671 24.9441 50
      vertex -23.1784 34.6889 50
      vertex -17.871 24.0962 50
    endloop
  endfacet
  facet normal -0 0 1
    outer loop
      vertex -26.4669 32.25 50
      vertex -17.871 24.0962 50
      vertex -23.1784 34.6889 50
    endloop
  endfacet
  facet normal 0 0 1
    outer loop
      vertex -17.871 24.0962 50
      vertex -26.4669 32.25 50
      vertex -19.0318 23.1903 50
    endloop
  endfacet
  facet normal 0 0 1
    outer loop
      vertex -19.0318 23.1903 50
      vertex -26.4669 32.25 50
      vertex -20.1468 22.2285 50
    endloop
  endfacet
  facet normal -0 0 1
    outer loop
      vertex -29.5005 29.5005 50
      vertex -20.1468 22.2285 50
      vertex -26.4669 32.25 50
    endloop
  endfacet
  facet normal 0 0 1
    outer loop
      vertex -20.1468 22.2285 50
      vertex -29.5005 29.5005 50
      vertex -21.2132 21.2132 50
    endloop
  endfacet
  facet normal 0 0 1
    outer loop
      vertex -21.2132 21.2132 50
      vertex -29.5005 29.5005 50
      vertex -22.2285 20.1468 50
    endloop
  endfacet
  facet normal -0 0 1
    outer loop
      vertex -32.25 26.4669 50
      vertex -22.2285 20.1468 50
      vertex -29.5005 29.5005 50
    endloop
  endfacet
  facet normal 0 0 1
    outer loop
      vertex -22.2285 20.1468 50
      vertex -32.25 26.4669 50
      vertex -23.1903 19.0318 50
    endloop
  endfacet
  facet normal 0 0 1
    outer loop
      vertex -23.1903 19.0318 50
      vertex -32.25 26.4669 50
      vertex -24.0962 17.871 50
    endloop
  endfacet
  facet normal -0 0 1
    outer loop
      vertex -34.6889 23.1784 50
      vertex -24.0962 17.871 50
      vertex -32.25 26.4669 50
    endloop
  endfacet
  facet normal 0 0 1
    outer loop
      vertex -24.0962 17.871 50
      vertex -34.6889 23.1784 50
      vertex -24.9441 16.6671 50
    endloop
  endfacet
  facet normal 0 0 1
    outer loop
      vertex -24.9441 16.6671 50
      vertex -34.6889 23.1784 50
      vertex -25.7319 15.4231 50
    endloop
  endfacet
  facet normal -0 0 1
    outer loop
      vertex -36.7938 19.6667 50
      vertex -25.7319 15.4231 50
      vertex -34.6889 23.1784 50
    endloop
  endfacet
  facet normal 0 0 1
    outer loop
      vertex -25.7319 15.4231 50
      vertex -36.7938 19.6667 50
      vertex -26.4576 14.1419 50
    endloop
  endfacet
  facet normal 0 0 1
    outer loop
      vertex -26.4576 14.1419 50
      vertex -36.7938 19.6667 50
      vertex -27.1197 12.8267 50
    endloop
  endfacet
  facet normal -0 0 1
    outer loop
      vertex -38.5443 15.9656 50
      vertex -27.1197 12.8267 50
      vertex -36.7938 19.6667 50
    endloop
  endfacet
  facet normal 0 0 1
    outer loop
      vertex -27.1197 12.8267 50
      vertex -38.5443 15.9656 50
      vertex -27.7164 11.4805 50
    endloop
  endfacet
  facet normal 0 0 1
    outer loop
      vertex -27.7164 11.4805 50
      vertex -38.5443 15.9656 50
      vertex -28.2463 10.1067 50
    endloop
  endfacet
  facet normal -0 0 1
    outer loop
      vertex -39.9235 12.1107 50
      vertex -28.2463 10.1067 50
      vertex -38.5443 15.9656 50
    endloop
  endfacet
  facet normal 0 0 1
    outer loop
      vertex -28.2463 10.1067 50
      vertex -39.9235 12.1107 50
      vertex -28.7082 8.70854 50
    endloop
  endfacet
  facet normal 0 0 1
    outer loop
      vertex -28.7082 8.70854 50
      vertex -39.9235 12.1107 50
      vertex -29.1009 7.2894 50
    endloop
  endfacet
  facet normal -0 0 1
    outer loop
      vertex -40.9184 8.13917 50
      vertex -29.1009 7.2894 50
      vertex -39.9235 12.1107 50
    endloop
  endfacet
  facet normal 0 0 1
    outer loop
      vertex 40.9184 -8.13917 50
      vertex 29.1009 -7.2894 50
      vertex 39.9235 -12.1107 50
    endloop
  endfacet
  facet normal -0 0 1
    outer loop
      vertex 28.7082 -8.70854 50
      vertex 39.9235 -12.1107 50
      vertex 29.1009 -7.2894 50
    endloop
  endfacet
  facet normal -0 0 1
    outer loop
      vertex 28.2463 -10.1067 50
      vertex 39.9235 -12.1107 50
      vertex 28.7082 -8.70854 50
    endloop
  endfacet
  facet normal 0 0 1
    outer loop
      vertex 39.9235 -12.1107 50
      vertex 28.2463 -10.1067 50
      vertex 38.5443 -15.9656 50
    endloop
  endfacet
  facet normal -0 0 1
    outer loop
      vertex 27.7164 -11.4805 50
      vertex 38.5443 -15.9656 50
      vertex 28.2463 -10.1067 50
    endloop
  endfacet
  facet normal -0 0 1
    outer loop
      vertex 27.1197 -12.8267 50
      vertex 38.5443 -15.9656 50
      vertex 27.7164 -11.4805 50
    endloop
  endfacet
  facet normal 0 0 1
    outer loop
      vertex 38.5443 -15.9656 50
      vertex 27.1197 -12.8267 50
      vertex 36.7938 -19.6667 50
    endloop
  endfacet
  facet normal -0 0 1
    outer loop
      vertex 26.4576 -14.1419 50
      vertex 36.7938 -19.6667 50
      vertex 27.1197 -12.8267 50
    endloop
  endfacet
  facet normal -0 0 1
    outer loop
      vertex 25.7319 -15.4231 50
      vertex 36.7938 -19.6667 50
      vertex 26.4576 -14.1419 50
    endloop
  endfacet
  facet normal 0 0 1
    outer loop
      vertex 36.7938 -19.6667 50
      vertex 25.7319 -15.4231 50
      vertex 34.6889 -23.1784 50
    endloop
  endfacet
  facet normal -0 0 1
    outer loop
      vertex 24.9441 -16.6671 50
      vertex 34.6889 -23.1784 50
      vertex 25.7319 -15.4231 50
    endloop
  endfacet
  facet normal -0 0 1
    outer loop
      vertex 24.0962 -17.871 50
      vertex 34.6889 -23.1784 50
      vertex 24.9441 -16.6671 50
    endloop
  endfacet
  facet normal 0 0 1
    outer loop
      vertex 34.6889 -23.1784 50
      vertex 24.0962 -17.871 50
      vertex 32.25 -26.4669 50
    endloop
  endfacet
  facet normal -0 0 1
    outer loop
      vertex 23.1903 -19.0318 50
      vertex 32.25 -26.4669 50
      vertex 24.0962 -17.871 50
    endloop
  endfacet
  facet normal -0 0 1
    outer loop
      vertex 22.2285 -20.1468 50
      vertex 32.25 -26.4669 50
      vertex 23.1903 -19.0318 50
    endloop
  endfacet
  facet normal 0 0 1
    outer loop
      vertex 32.25 -26.4669 50
      vertex 22.2285 -20.1468 50
      vertex 29.5005 -29.5005 50
    endloop
  endfacet
  facet normal -0 0 1
    outer loop
      vertex 21.2132 -21.2132 50
      vertex 29.5005 -29.5005 50
      vertex 22.2285 -20.1468 50
    endloop
  endfacet
  facet normal -0 0 1
    outer loop
      vertex 20.1468 -22.2285 50
      vertex 29.5005 -29.5005 50
      vertex 21.2132 -21.2132 50
    endloop
  endfacet
  facet normal 0 0 1
    outer loop
      vertex 29.5005 -29.5005 50
      vertex 20.1468 -22.2285 50
      vertex 26.4669 -32.25 50
    endloop
  endfacet
  facet normal -0 0 1
    outer loop
      vertex 19.0318 -23.1903 50
      vertex 26.4669 -32.25 50
      vertex 20.1468 -22.2285 50
    endloop
  endfacet
  facet normal -0 0 1
    outer loop
      vertex 17.871 -24.0962 50
      vertex 26.4669 -32.25 50
      vertex 19.0318 -23.1903 50
    endloop
  endfacet
  facet normal 0 0 1
    outer loop
      vertex 26.4669 -32.25 50
      vertex 17.871 -24.0962 50
      vertex 23.1784 -34.6889 50
    endloop
  endfacet
  facet normal -0 0 1
    outer loop
      vertex 16.6671 -24.9441 50
      vertex 23.1784 -34.6889 50
      vertex 17.871 -24.0962 50
    endloop
  endfacet
  facet normal -0 0 1
    outer loop
      vertex 15.4231 -25.7319 50
      vertex 23.1784 -34.6889 50
      vertex 16.6671 -24.9441 50
    endloop
  endfacet
  facet normal 0 0 1
    outer loop
      vertex 23.1784 -34.6889 50
      vertex 15.4231 -25.7319 50
      vertex 19.6667 -36.7938 50
    endloop
  endfacet
  facet normal -0 0 1
    outer loop
      vertex 14.1419 -26.4576 50
      vertex 19.6667 -36.7938 50
      vertex 15.4231 -25.7319 50
    endloop
  endfacet
  facet normal -0 0 1
    outer loop
      vertex 12.8267 -27.1197 50
      vertex 19.6667 -36.7938 50
      vertex 14.1419 -26.4576 50
    endloop
  endfacet
  facet normal 0 0 1
    outer loop
      vertex 19.6667 -36.7938 50
      vertex 12.8267 -27.1197 50
      vertex 15.9656 -38.5443 50
    endloop
  endfacet
  facet normal -0 0 1
    outer loop
      vertex 11.4805 -27.7164 50
      vertex 15.9656 -38.5443 50
      vertex 12.8267 -27.1197 50
    endloop
  endfacet
  facet normal -0 0 1
    outer loop
      vertex 10.1067 -28.2463 50
      vertex 15.9656 -38.5443 50
      vertex 11.4805 -27.7164 50
    endloop
  endfacet
  facet normal 0 0 1
    outer loop
      vertex 15.9656 -38.5443 50
      vertex 10.1067 -28.2463 50
      vertex 12.1107 -39.9235 50
    endloop
  endfacet
  facet normal -0 0 1
    outer loop
      vertex 8.70854 -28.7082 50
      vertex 12.1107 -39.9235 50
      vertex 10.1067 -28.2463 50
    endloop
  endfacet
  facet normal -0 0 1
    outer loop
      vertex 7.2894 -29.1009 50
      vertex 12.1107 -39.9235 50
      vertex 8.70854 -28.7082 50
    endloop
  endfacet
  facet normal 0 0 1
    outer loop
      vertex 12.1107 -39.9235 50
      vertex 7.2894 -29.1009 50
      vertex 8.13917 -40.9184 50
    endloop
  endfacet
  facet normal -0 0 1
    outer loop
      vertex 5.85271 -29.4236 50
      vertex 8.13917 -40.9184 50
      vertex 7.2894 -29.1009 50
    endloop
  endfacet
  facet normal -0 0 1
    outer loop
      vertex 4.40191 -29.6753 50
      vertex 8.13917 -40.9184 50
      vertex 5.85271 -29.4236 50
    endloop
  endfacet
  facet normal 0 0 1
    outer loop
      vertex 4.40191 -29.6753 50
      vertex 4.08927 -41.5191 50
      vertex 8.13917 -40.9184 50
    endloop
  endfacet
  facet normal -0 0 1
    outer loop
      vertex 2.94051 -29.8555 50
      vertex 4.08927 -41.5191 50
      vertex 4.40191 -29.6753 50
    endloop
  endfacet
  facet normal -0 0 1
    outer loop
      vertex 1.47203 -29.9639 50
      vertex 4.08927 -41.5191 50
      vertex 2.94051 -29.8555 50
    endloop
  endfacet
  facet normal 0 0 1
    outer loop
      vertex 0 -41.72 50
      vertex 1.47203 -29.9639 50
      vertex 0 -30 50
    endloop
  endfacet
  facet normal 0 0 1
    outer loop
      vertex 1.47203 -29.9639 50
      vertex 0 -41.72 50
      vertex 4.08927 -41.5191 50
    endloop
  endfacet
  facet normal 0 0 1
    outer loop
      vertex -1.47203 -29.9639 50
      vertex 0 -41.72 50
      vertex 0 -30 50
    endloop
  endfacet
  facet normal 0 0 1
    outer loop
      vertex -4.08927 -41.5191 50
      vertex -1.47203 -29.9639 50
      vertex -2.94051 -29.8555 50
    endloop
  endfacet
  facet normal 0 0 1
    outer loop
      vertex -1.47203 -29.9639 50
      vertex -4.08927 -41.5191 50
      vertex 0 -41.72 50
    endloop
  endfacet
  facet normal 0 0 1
    outer loop
      vertex -4.40191 -29.6753 50
      vertex -4.08927 -41.5191 50
      vertex -2.94051 -29.8555 50
    endloop
  endfacet
  facet normal 0 0 1
    outer loop
      vertex -8.13917 -40.9184 50
      vertex -4.40191 -29.6753 50
      vertex -5.85271 -29.4236 50
    endloop
  endfacet
  facet normal 0 0 1
    outer loop
      vertex -8.13917 -40.9184 50
      vertex -5.85271 -29.4236 50
      vertex -7.2894 -29.1009 50
    endloop
  endfacet
  facet normal 0 0 1
    outer loop
      vertex -4.40191 -29.6753 50
      vertex -8.13917 -40.9184 50
      vertex -4.08927 -41.5191 50
    endloop
  endfacet
  facet normal 0 0 1
    outer loop
      vertex -12.1107 -39.9235 50
      vertex -7.2894 -29.1009 50
      vertex -8.70854 -28.7082 50
    endloop
  endfacet
  facet normal 0 0 1
    outer loop
      vertex -12.1107 -39.9235 50
      vertex -8.70854 -28.7082 50
      vertex -10.1067 -28.2463 50
    endloop
  endfacet
  facet normal 0 0 1
    outer loop
      vertex -15.9656 -38.5443 50
      vertex -10.1067 -28.2463 50
      vertex -11.4805 -27.7164 50
    endloop
  endfacet
  facet normal 0 0 1
    outer loop
      vertex -7.2894 -29.1009 50
      vertex -12.1107 -39.9235 50
      vertex -8.13917 -40.9184 50
    endloop
  endfacet
  facet normal 0 0 1
    outer loop
      vertex -15.9656 -38.5443 50
      vertex -11.4805 -27.7164 50
      vertex -12.8267 -27.1197 50
    endloop
  endfacet
  facet normal 0 0 1
    outer loop
      vertex -19.6667 -36.7938 50
      vertex -12.8267 -27.1197 50
      vertex -14.1419 -26.4576 50
    endloop
  endfacet
  facet normal 0 0 1
    outer loop
      vertex -19.6667 -36.7938 50
      vertex -14.1419 -26.4576 50
      vertex -15.4231 -25.7319 50
    endloop
  endfacet
  facet normal 0 0 1
    outer loop
      vertex -10.1067 -28.2463 50
      vertex -15.9656 -38.5443 50
      vertex -12.1107 -39.9235 50
    endloop
  endfacet
  facet normal 0 0 1
    outer loop
      vertex -23.1784 -34.6889 50
      vertex -15.4231 -25.7319 50
      vertex -16.6671 -24.9441 50
    endloop
  endfacet
  facet normal 0 0 1
    outer loop
      vertex -23.1784 -34.6889 50
      vertex -16.6671 -24.9441 50
      vertex -17.871 -24.0962 50
    endloop
  endfacet
  facet normal 0 0 1
    outer loop
      vertex -26.4669 -32.25 50
      vertex -17.871 -24.0962 50
      vertex -19.0318 -23.1903 50
    endloop
  endfacet
  facet normal 0 0 1
    outer loop
      vertex -12.8267 -27.1197 50
      vertex -19.6667 -36.7938 50
      vertex -15.9656 -38.5443 50
    endloop
  endfacet
  facet normal 0 0 1
    outer loop
      vertex -26.4669 -32.25 50
      vertex -19.0318 -23.1903 50
      vertex -20.1468 -22.2285 50
    endloop
  endfacet
  facet normal 0 0 1
    outer loop
      vertex -29.5005 -29.5005 50
      vertex -20.1468 -22.2285 50
      vertex -21.2132 -21.2132 50
    endloop
  endfacet
  facet normal 0 0 1
    outer loop
      vertex -29.5005 -29.5005 50
      vertex -21.2132 -21.2132 50
      vertex -22.2285 -20.1468 50
    endloop
  endfacet
  facet normal 0 0 1
    outer loop
      vertex -15.4231 -25.7319 50
      vertex -23.1784 -34.6889 50
      vertex -19.6667 -36.7938 50
    endloop
  endfacet
  facet normal 0 0 1
    outer loop
      vertex -32.25 -26.4669 50
      vertex -22.2285 -20.1468 50
      vertex -23.1903 -19.0318 50
    endloop
  endfacet
  facet normal 0 0 1
    outer loop
      vertex -32.25 -26.4669 50
      vertex -23.1903 -19.0318 50
      vertex -24.0962 -17.871 50
    endloop
  endfacet
  facet normal 0 0 1
    outer loop
      vertex -34.6889 -23.1784 50
      vertex -24.0962 -17.871 50
      vertex -24.9441 -16.6671 50
    endloop
  endfacet
  facet normal 0 0 1
    outer loop
      vertex -34.6889 -23.1784 50
      vertex -24.9441 -16.6671 50
      vertex -25.7319 -15.4231 50
    endloop
  endfacet
  facet normal 0 0 1
    outer loop
      vertex -36.7938 -19.6667 50
      vertex -25.7319 -15.4231 50
      vertex -26.4576 -14.1419 50
    endloop
  endfacet
  facet normal 0 0 1
    outer loop
      vertex -17.871 -24.0962 50
      vertex -26.4669 -32.25 50
      vertex -23.1784 -34.6889 50
    endloop
  endfacet
  facet normal 0 0 1
    outer loop
      vertex -36.7938 -19.6667 50
      vertex -26.4576 -14.1419 50
      vertex -27.1197 -12.8267 50
    endloop
  endfacet
  facet normal 0 0 1
    outer loop
      vertex -38.5443 -15.9656 50
      vertex -27.1197 -12.8267 50
      vertex -27.7164 -11.4805 50
    endloop
  endfacet
  facet normal 0 0 1
    outer loop
      vertex -38.5443 -15.9656 50
      vertex -27.7164 -11.4805 50
      vertex -28.2463 -10.1067 50
    endloop
  endfacet
  facet normal 0 0 1
    outer loop
      vertex -39.9235 -12.1107 50
      vertex -28.2463 -10.1067 50
      vertex -28.7082 -8.70854 50
    endloop
  endfacet
  facet normal 0 0 1
    outer loop
      vertex -39.9235 -12.1107 50
      vertex -28.7082 -8.70854 50
      vertex -29.1009 -7.2894 50
    endloop
  endfacet
  facet normal 0 0 1
    outer loop
      vertex -40.9184 -8.13917 50
      vertex -29.1009 -7.2894 50
      vertex -29.4236 -5.85271 50
    endloop
  endfacet
  facet normal 0 0 1
    outer loop
      vertex -20.1468 -22.2285 50
      vertex -29.5005 -29.5005 50
      vertex -26.4669 -32.25 50
    endloop
  endfacet
  facet normal 0 0 1
    outer loop
      vertex -40.9184 -8.13917 50
      vertex -29.4236 -5.85271 50
      vertex -29.6753 -4.40191 50
    endloop
  endfacet
  facet normal -0 0 1
    outer loop
      vertex -41.5191 -4.08927 50
      vertex -29.6753 -4.40191 50
      vertex -29.8555 -2.94051 50
    endloop
  endfacet
  facet normal 0 0 1
    outer loop
      vertex -41.5191 -4.08927 50
      vertex -29.8555 -2.94051 50
      vertex -29.9639 -1.47203 50
    endloop
  endfacet
  facet normal -0 0 1
    outer loop
      vertex -41.72 0 50
      vertex -29.9639 -1.47203 50
      vertex -30 0 50
    endloop
  endfacet
  facet normal 0 0 1
    outer loop
      vertex -29.1009 7.2894 50
      vertex -40.9184 8.13917 50
      vertex -29.4236 5.85271 50
    endloop
  endfacet
  facet normal 0 0 1
    outer loop
      vertex -22.2285 -20.1468 50
      vertex -32.25 -26.4669 50
      vertex -29.5005 -29.5005 50
    endloop
  endfacet
  facet normal 0 0 1
    outer loop
      vertex -29.4236 5.85271 50
      vertex -40.9184 8.13917 50
      vertex -29.6753 4.40191 50
    endloop
  endfacet
  facet normal 0 0 1
    outer loop
      vertex -24.0962 -17.871 50
      vertex -34.6889 -23.1784 50
      vertex -32.25 -26.4669 50
    endloop
  endfacet
  facet normal 0 0 1
    outer loop
      vertex -41.5191 4.08927 50
      vertex -29.6753 4.40191 50
      vertex -40.9184 8.13917 50
    endloop
  endfacet
  facet normal 0 0 1
    outer loop
      vertex -25.7319 -15.4231 50
      vertex -36.7938 -19.6667 50
      vertex -34.6889 -23.1784 50
    endloop
  endfacet
  facet normal 0 0 1
    outer loop
      vertex -29.6753 4.40191 50
      vertex -41.5191 4.08927 50
      vertex -29.8555 2.94051 50
    endloop
  endfacet
  facet normal 0 0 1
    outer loop
      vertex -27.1197 -12.8267 50
      vertex -38.5443 -15.9656 50
      vertex -36.7938 -19.6667 50
    endloop
  endfacet
  facet normal 0 0 1
    outer loop
      vertex -29.8555 2.94051 50
      vertex -41.5191 4.08927 50
      vertex -29.9639 1.47203 50
    endloop
  endfacet
  facet normal 0 0 1
    outer loop
      vertex -28.2463 -10.1067 50
      vertex -39.9235 -12.1107 50
      vertex -38.5443 -15.9656 50
    endloop
  endfacet
  facet normal 0 0 1
    outer loop
      vertex -41.72 0 50
      vertex -29.9639 1.47203 50
      vertex -41.5191 4.08927 50
    endloop
  endfacet
  facet normal 0 0 1
    outer loop
      vertex -29.1009 -7.2894 50
      vertex -40.9184 -8.13917 50
      vertex -39.9235 -12.1107 50
    endloop
  endfacet
  facet normal 0 0 1
    outer loop
      vertex -29.9639 1.47203 50
      vertex -41.72 0 50
      vertex -30 0 50
    endloop
  endfacet
  facet normal 0 0 1
    outer loop
      vertex -29.6753 -4.40191 50
      vertex -41.5191 -4.08927 50
      vertex -40.9184 -8.13917 50
    endloop
  endfacet
  facet normal 0 0 1
    outer loop
      vertex -29.9639 -1.47203 50
      vertex -41.72 0 50
      vertex -41.5191 -4.08927 50
    endloop
  endfacet
  facet normal 0.989178 -0.14672 0
    outer loop
      vertex 40.9184 -8.13917 50
      vertex 41.5191 -4.08927 45
      vertex 41.5191 -4.08927 50
    endloop
  endfacet
  facet normal 0.989178 -0.14672 0
    outer loop
      vertex 41.5191 -4.08927 45
      vertex 40.9184 -8.13917 50
      vertex 40.9184 -8.13917 45
    endloop
  endfacet
  facet normal -0.427557 0.903988 0
    outer loop
      vertex -15.9656 38.5443 45
      vertex -19.6667 36.7938 50
      vertex -15.9656 38.5443 50
    endloop
  endfacet
  facet normal -0.427557 0.903988 0
    outer loop
      vertex -19.6667 36.7938 50
      vertex -15.9656 38.5443 45
      vertex -19.6667 36.7938 45
    endloop
  endfacet
  facet normal -0.67156 0.74095 0
    outer loop
      vertex -26.4669 32.25 45
      vertex -29.5005 29.5005 50
      vertex -26.4669 32.25 50
    endloop
  endfacet
  facet normal -0.67156 0.74095 0
    outer loop
      vertex -29.5005 29.5005 50
      vertex -26.4669 32.25 45
      vertex -29.5005 29.5005 45
    endloop
  endfacet
  facet normal 0.0490694 0.998795 -0
    outer loop
      vertex 4.08927 41.5191 45
      vertex 0 41.72 50
      vertex 4.08927 41.5191 50
    endloop
  endfacet
  facet normal 0.0490694 0.998795 0
    outer loop
      vertex 0 41.72 50
      vertex 4.08927 41.5191 45
      vertex 0 41.72 45
    endloop
  endfacet
  facet normal -0.941552 0.336867 0
    outer loop
      vertex -39.9235 12.1107 45
      vertex -38.5443 15.9656 50
      vertex -38.5443 15.9656 45
    endloop
  endfacet
  facet normal -0.941552 0.336867 0
    outer loop
      vertex -38.5443 15.9656 50
      vertex -39.9235 12.1107 45
      vertex -39.9235 12.1107 50
    endloop
  endfacet
  facet normal -0.242999 -0.970026 0
    outer loop
      vertex -12.1107 -39.9235 45
      vertex -8.13917 -40.9184 50
      vertex -12.1107 -39.9235 50
    endloop
  endfacet
  facet normal -0.242999 -0.970026 -0
    outer loop
      vertex -8.13917 -40.9184 50
      vertex -12.1107 -39.9235 45
      vertex -8.13917 -40.9184 45
    endloop
  endfacet
  facet normal 0.67156 -0.74095 0
    outer loop
      vertex 26.4669 -32.25 45
      vertex 29.5005 -29.5005 50
      vertex 26.4669 -32.25 50
    endloop
  endfacet
  facet normal 0.67156 -0.74095 0
    outer loop
      vertex 29.5005 -29.5005 50
      vertex 26.4669 -32.25 45
      vertex 29.5005 -29.5005 45
    endloop
  endfacet
  facet normal -0.74095 -0.67156 0
    outer loop
      vertex -29.5005 -29.5005 45
      vertex -32.25 -26.4669 50
      vertex -32.25 -26.4669 45
    endloop
  endfacet
  facet normal -0.74095 -0.67156 0
    outer loop
      vertex -32.25 -26.4669 50
      vertex -29.5005 -29.5005 45
      vertex -29.5005 -29.5005 50
    endloop
  endfacet
  facet normal 0.14672 0.989178 -0
    outer loop
      vertex 8.13917 40.9184 45
      vertex 4.08927 41.5191 50
      vertex 8.13917 40.9184 50
    endloop
  endfacet
  facet normal 0.14672 0.989178 0
    outer loop
      vertex 4.08927 41.5191 50
      vertex 8.13917 40.9184 45
      vertex 4.08927 41.5191 45
    endloop
  endfacet
  facet normal -0.989178 -0.14672 0
    outer loop
      vertex -40.9184 -8.13917 45
      vertex -41.5191 -4.08927 50
      vertex -41.5191 -4.08927 45
    endloop
  endfacet
  facet normal -0.989178 -0.14672 0
    outer loop
      vertex -41.5191 -4.08927 50
      vertex -40.9184 -8.13917 45
      vertex -40.9184 -8.13917 50
    endloop
  endfacet
  facet normal -0.427557 -0.903988 0
    outer loop
      vertex -19.6667 -36.7938 45
      vertex -15.9656 -38.5443 50
      vertex -19.6667 -36.7938 50
    endloop
  endfacet
  facet normal -0.427557 -0.903988 -0
    outer loop
      vertex -15.9656 -38.5443 50
      vertex -19.6667 -36.7938 45
      vertex -15.9656 -38.5443 45
    endloop
  endfacet
  facet normal -0.80321 -0.595696 0
    outer loop
      vertex -32.25 -26.4669 45
      vertex -34.6889 -23.1784 50
      vertex -34.6889 -23.1784 45
    endloop
  endfacet
  facet normal -0.80321 -0.595696 0
    outer loop
      vertex -34.6889 -23.1784 50
      vertex -32.25 -26.4669 45
      vertex -32.25 -26.4669 50
    endloop
  endfacet
  facet normal -0.998795 -0.0490694 0
    outer loop
      vertex -41.5191 -4.08927 45
      vertex -41.72 0 50
      vertex -41.72 0 45
    endloop
  endfacet
  facet normal -0.998795 -0.0490694 0
    outer loop
      vertex -41.72 0 50
      vertex -41.5191 -4.08927 45
      vertex -41.5191 -4.08927 50
    endloop
  endfacet
  facet normal 0.74095 0.67156 0
    outer loop
      vertex 32.25 26.4669 50
      vertex 29.5005 29.5005 45
      vertex 29.5005 29.5005 50
    endloop
  endfacet
  facet normal 0.74095 0.67156 0
    outer loop
      vertex 29.5005 29.5005 45
      vertex 32.25 26.4669 50
      vertex 32.25 26.4669 45
    endloop
  endfacet
  facet normal -0.80321 0.595696 0
    outer loop
      vertex -34.6889 23.1784 45
      vertex -32.25 26.4669 50
      vertex -32.25 26.4669 45
    endloop
  endfacet
  facet normal -0.80321 0.595696 0
    outer loop
      vertex -32.25 26.4669 50
      vertex -34.6889 23.1784 45
      vertex -34.6889 23.1784 50
    endloop
  endfacet
  facet normal 0.595696 -0.80321 0
    outer loop
      vertex 23.1784 -34.6889 45
      vertex 26.4669 -32.25 50
      vertex 23.1784 -34.6889 50
    endloop
  endfacet
  facet normal 0.595696 -0.80321 0
    outer loop
      vertex 26.4669 -32.25 50
      vertex 23.1784 -34.6889 45
      vertex 26.4669 -32.25 45
    endloop
  endfacet
  facet normal 0.336867 -0.941552 0
    outer loop
      vertex 12.1107 -39.9235 45
      vertex 15.9656 -38.5443 50
      vertex 12.1107 -39.9235 50
    endloop
  endfacet
  facet normal 0.336867 -0.941552 0
    outer loop
      vertex 15.9656 -38.5443 50
      vertex 12.1107 -39.9235 45
      vertex 15.9656 -38.5443 45
    endloop
  endfacet
  facet normal -0.336867 -0.941552 0
    outer loop
      vertex -15.9656 -38.5443 45
      vertex -12.1107 -39.9235 50
      vertex -15.9656 -38.5443 50
    endloop
  endfacet
  facet normal -0.336867 -0.941552 -0
    outer loop
      vertex -12.1107 -39.9235 50
      vertex -15.9656 -38.5443 45
      vertex -12.1107 -39.9235 45
    endloop
  endfacet
  facet normal -0.0490694 -0.998795 0
    outer loop
      vertex -4.08927 -41.5191 45
      vertex 0 -41.72 50
      vertex -4.08927 -41.5191 50
    endloop
  endfacet
  facet normal -0.0490694 -0.998795 -0
    outer loop
      vertex 0 -41.72 50
      vertex -4.08927 -41.5191 45
      vertex 0 -41.72 45
    endloop
  endfacet
  facet normal -0.14672 -0.989178 0
    outer loop
      vertex -8.13917 -40.9184 45
      vertex -4.08927 -41.5191 50
      vertex -8.13917 -40.9184 50
    endloop
  endfacet
  facet normal -0.14672 -0.989178 -0
    outer loop
      vertex -4.08927 -41.5191 50
      vertex -8.13917 -40.9184 45
      vertex -4.08927 -41.5191 45
    endloop
  endfacet
  facet normal -0.989178 0.14672 0
    outer loop
      vertex -41.5191 4.08927 45
      vertex -40.9184 8.13917 50
      vertex -40.9184 8.13917 45
    endloop
  endfacet
  facet normal -0.989178 0.14672 0
    outer loop
      vertex -40.9184 8.13917 50
      vertex -41.5191 4.08927 45
      vertex -41.5191 4.08927 50
    endloop
  endfacet
  facet normal -0.67156 -0.74095 0
    outer loop
      vertex -29.5005 -29.5005 45
      vertex -26.4669 -32.25 50
      vertex -29.5005 -29.5005 50
    endloop
  endfacet
  facet normal -0.67156 -0.74095 -0
    outer loop
      vertex -26.4669 -32.25 50
      vertex -29.5005 -29.5005 45
      vertex -26.4669 -32.25 45
    endloop
  endfacet
  facet normal -0.595696 -0.80321 0
    outer loop
      vertex -26.4669 -32.25 45
      vertex -23.1784 -34.6889 50
      vertex -26.4669 -32.25 50
    endloop
  endfacet
  facet normal -0.595696 -0.80321 -0
    outer loop
      vertex -23.1784 -34.6889 50
      vertex -26.4669 -32.25 45
      vertex -23.1784 -34.6889 45
    endloop
  endfacet
  facet normal 0.74095 -0.67156 0
    outer loop
      vertex 29.5005 -29.5005 50
      vertex 32.25 -26.4669 45
      vertex 32.25 -26.4669 50
    endloop
  endfacet
  facet normal 0.74095 -0.67156 0
    outer loop
      vertex 32.25 -26.4669 45
      vertex 29.5005 -29.5005 50
      vertex 29.5005 -29.5005 45
    endloop
  endfacet
  facet normal -0.857721 0.514115 0
    outer loop
      vertex -36.7938 19.6667 45
      vertex -34.6889 23.1784 50
      vertex -34.6889 23.1784 45
    endloop
  endfacet
  facet normal -0.857721 0.514115 0
    outer loop
      vertex -34.6889 23.1784 50
      vertex -36.7938 19.6667 45
      vertex -36.7938 19.6667 50
    endloop
  endfacet
  facet normal 0 0 -1
    outer loop
      vertex 30 0 41
      vertex 76.64 0 41
      vertex 76.5477 -3.76055 41
    endloop
  endfacet
  facet normal 0 0 -1
    outer loop
      vertex 29.9639 -1.47203 41
      vertex 76.5477 -3.76055 41
      vertex 76.271 -7.51203 41
    endloop
  endfacet
  facet normal 0 0 -1
    outer loop
      vertex 76.64 0 41
      vertex 30 0 41
      vertex 76.5477 3.76055 41
    endloop
  endfacet
  facet normal 0 0 -1
    outer loop
      vertex 29.8555 -2.94051 41
      vertex 76.271 -7.51203 41
      vertex 75.8105 -11.2454 41
    endloop
  endfacet
  facet normal 0 0 -1
    outer loop
      vertex 29.9639 1.47203 41
      vertex 76.5477 3.76055 41
      vertex 30 0 41
    endloop
  endfacet
  facet normal 0 0 -1
    outer loop
      vertex 29.6753 -4.40191 41
      vertex 75.8105 -11.2454 41
      vertex 75.1674 -14.9517 41
    endloop
  endfacet
  facet normal -0 0 -1
    outer loop
      vertex 76.5477 3.76055 41
      vertex 29.9639 1.47203 41
      vertex 76.271 7.51203 41
    endloop
  endfacet
  facet normal 0 0 -1
    outer loop
      vertex 29.4236 -5.85271 41
      vertex 75.1674 -14.9517 41
      vertex 74.3432 -18.622 41
    endloop
  endfacet
  facet normal 0 0 -1
    outer loop
      vertex 29.8555 2.94051 41
      vertex 76.271 7.51203 41
      vertex 29.9639 1.47203 41
    endloop
  endfacet
  facet normal 0 0 -1
    outer loop
      vertex 29.1009 -7.2894 41
      vertex 74.3432 -18.622 41
      vertex 73.3399 -22.2474 41
    endloop
  endfacet
  facet normal -0 0 -1
    outer loop
      vertex 76.271 7.51203 41
      vertex 29.8555 2.94051 41
      vertex 75.8105 11.2454 41
    endloop
  endfacet
  facet normal 0 0 -1
    outer loop
      vertex 28.7082 -8.70854 41
      vertex 73.3399 -22.2474 41
      vertex 72.1599 -25.8192 41
    endloop
  endfacet
  facet normal 0 0 -1
    outer loop
      vertex 29.6753 4.40191 41
      vertex 75.8105 11.2454 41
      vertex 29.8555 2.94051 41
    endloop
  endfacet
  facet normal 0 0 -1
    outer loop
      vertex 28.2463 -10.1067 41
      vertex 72.1599 -25.8192 41
      vertex 70.8061 -29.3289 41
    endloop
  endfacet
  facet normal -0 0 -1
    outer loop
      vertex 75.8105 11.2454 41
      vertex 29.6753 4.40191 41
      vertex 75.1674 14.9517 41
    endloop
  endfacet
  facet normal 0 0 -1
    outer loop
      vertex 27.7164 -11.4805 41
      vertex 70.8061 -29.3289 41
      vertex 69.2817 -32.7678 41
    endloop
  endfacet
  facet normal 0 0 -1
    outer loop
      vertex 29.4236 5.85271 41
      vertex 75.1674 14.9517 41
      vertex 29.6753 4.40191 41
    endloop
  endfacet
  facet normal 0 0 -1
    outer loop
      vertex 27.1197 -12.8267 41
      vertex 69.2817 -32.7678 41
      vertex 67.5904 -36.1278 41
    endloop
  endfacet
  facet normal -0 0 -1
    outer loop
      vertex 75.1674 14.9517 41
      vertex 29.4236 5.85271 41
      vertex 74.3432 18.622 41
    endloop
  endfacet
  facet normal 0 0 -1
    outer loop
      vertex 26.4576 -14.1419 41
      vertex 67.5904 -36.1278 41
      vertex 65.7363 -39.4008 41
    endloop
  endfacet
  facet normal 0 0 -1
    outer loop
      vertex 29.1009 7.2894 41
      vertex 74.3432 18.622 41
      vertex 29.4236 5.85271 41
    endloop
  endfacet
  facet normal 0 0 -1
    outer loop
      vertex 25.7319 -15.4231 41
      vertex 65.7363 -39.4008 41
      vertex 63.7238 -42.5789 41
    endloop
  endfacet
  facet normal -0 0 -1
    outer loop
      vertex 74.3432 18.622 41
      vertex 29.1009 7.2894 41
      vertex 73.3399 22.2474 41
    endloop
  endfacet
  facet normal 0 0 -1
    outer loop
      vertex 24.9441 -16.6671 41
      vertex 63.7238 -42.5789 41
      vertex 61.5578 -45.6544 41
    endloop
  endfacet
  facet normal 0 0 -1
    outer loop
      vertex 28.7082 8.70854 41
      vertex 73.3399 22.2474 41
      vertex 29.1009 7.2894 41
    endloop
  endfacet
  facet normal 0 0 -1
    outer loop
      vertex 24.0962 -17.871 41
      vertex 61.5578 -45.6544 41
      vertex 59.2435 -48.6199 41
    endloop
  endfacet
  facet normal -0 0 -1
    outer loop
      vertex 73.3399 22.2474 41
      vertex 28.7082 8.70854 41
      vertex 72.1599 25.8192 41
    endloop
  endfacet
  facet normal 0 0 -1
    outer loop
      vertex 23.1903 -19.0318 41
      vertex 59.2435 -48.6199 41
      vertex 56.7865 -51.4683 41
    endloop
  endfacet
  facet normal 0 0 -1
    outer loop
      vertex 28.2463 10.1067 41
      vertex 72.1599 25.8192 41
      vertex 28.7082 8.70854 41
    endloop
  endfacet
  facet normal 0 0 -1
    outer loop
      vertex 22.2285 -20.1468 41
      vertex 56.7865 -51.4683 41
      vertex 54.1927 -54.1927 41
    endloop
  endfacet
  facet normal -0 0 -1
    outer loop
      vertex 72.1599 25.8192 41
      vertex 28.2463 10.1067 41
      vertex 70.8061 29.3289 41
    endloop
  endfacet
  facet normal 0 0 -1
    outer loop
      vertex 21.2132 -21.2132 41
      vertex 54.1927 -54.1927 41
      vertex 51.4683 -56.7865 41
    endloop
  endfacet
  facet normal 0 0 -1
    outer loop
      vertex 27.7164 11.4805 41
      vertex 70.8061 29.3289 41
      vertex 28.2463 10.1067 41
    endloop
  endfacet
  facet normal 0 0 -1
    outer loop
      vertex 20.1468 -22.2285 41
      vertex 51.4683 -56.7865 41
      vertex 48.6199 -59.2435 41
    endloop
  endfacet
  facet normal -0 0 -1
    outer loop
      vertex 70.8061 29.3289 41
      vertex 27.7164 11.4805 41
      vertex 69.2817 32.7678 41
    endloop
  endfacet
  facet normal 0 0 -1
    outer loop
      vertex 19.0318 -23.1903 41
      vertex 48.6199 -59.2435 41
      vertex 45.6544 -61.5578 41
    endloop
  endfacet
  facet normal 0 0 -1
    outer loop
      vertex 27.1197 12.8267 41
      vertex 69.2817 32.7678 41
      vertex 27.7164 11.4805 41
    endloop
  endfacet
  facet normal 0 0 -1
    outer loop
      vertex 17.871 -24.0962 41
      vertex 45.6544 -61.5578 41
      vertex 42.5789 -63.7238 41
    endloop
  endfacet
  facet normal -0 0 -1
    outer loop
      vertex 69.2817 32.7678 41
      vertex 27.1197 12.8267 41
      vertex 67.5904 36.1278 41
    endloop
  endfacet
  facet normal 0 0 -1
    outer loop
      vertex 16.6671 -24.9441 41
      vertex 42.5789 -63.7238 41
      vertex 39.4008 -65.7363 41
    endloop
  endfacet
  facet normal 0 0 -1
    outer loop
      vertex 26.4576 14.1419 41
      vertex 67.5904 36.1278 41
      vertex 27.1197 12.8267 41
    endloop
  endfacet
  facet normal 0 0 -1
    outer loop
      vertex 15.4231 -25.7319 41
      vertex 39.4008 -65.7363 41
      vertex 36.1278 -67.5904 41
    endloop
  endfacet
  facet normal -0 0 -1
    outer loop
      vertex 67.5904 36.1278 41
      vertex 26.4576 14.1419 41
      vertex 65.7363 39.4008 41
    endloop
  endfacet
  facet normal 0 0 -1
    outer loop
      vertex 14.1419 -26.4576 41
      vertex 36.1278 -67.5904 41
      vertex 32.7678 -69.2817 41
    endloop
  endfacet
  facet normal 0 0 -1
    outer loop
      vertex 25.7319 15.4231 41
      vertex 65.7363 39.4008 41
      vertex 26.4576 14.1419 41
    endloop
  endfacet
  facet normal -0 0 -1
    outer loop
      vertex 65.7363 39.4008 41
      vertex 25.7319 15.4231 41
      vertex 63.7238 42.5789 41
    endloop
  endfacet
  facet normal 0 0 -1
    outer loop
      vertex 76.5477 -3.76055 41
      vertex 29.9639 -1.47203 41
      vertex 30 0 41
    endloop
  endfacet
  facet normal 0 0 -1
    outer loop
      vertex 76.271 -7.51203 41
      vertex 29.8555 -2.94051 41
      vertex 29.9639 -1.47203 41
    endloop
  endfacet
  facet normal 0 0 -1
    outer loop
      vertex 75.8105 -11.2454 41
      vertex 29.6753 -4.40191 41
      vertex 29.8555 -2.94051 41
    endloop
  endfacet
  facet normal 0 0 -1
    outer loop
      vertex 75.1674 -14.9517 41
      vertex 29.4236 -5.85271 41
      vertex 29.6753 -4.40191 41
    endloop
  endfacet
  facet normal 0 0 -1
    outer loop
      vertex 12.8267 -27.1197 41
      vertex 32.7678 -69.2817 41
      vertex 29.3289 -70.8061 41
    endloop
  endfacet
  facet normal 0 0 -1
    outer loop
      vertex 74.3432 -18.622 41
      vertex 29.1009 -7.2894 41
      vertex 29.4236 -5.85271 41
    endloop
  endfacet
  facet normal 0 0 -1
    outer loop
      vertex 73.3399 -22.2474 41
      vertex 28.7082 -8.70854 41
      vertex 29.1009 -7.2894 41
    endloop
  endfacet
  facet normal 0 0 -1
    outer loop
      vertex 72.1599 -25.8192 41
      vertex 28.2463 -10.1067 41
      vertex 28.7082 -8.70854 41
    endloop
  endfacet
  facet normal 0 0 -1
    outer loop
      vertex 70.8061 -29.3289 41
      vertex 27.7164 -11.4805 41
      vertex 28.2463 -10.1067 41
    endloop
  endfacet
  facet normal 0 0 -1
    outer loop
      vertex 69.2817 -32.7678 41
      vertex 27.1197 -12.8267 41
      vertex 27.7164 -11.4805 41
    endloop
  endfacet
  facet normal 0 0 -1
    outer loop
      vertex 67.5904 -36.1278 41
      vertex 26.4576 -14.1419 41
      vertex 27.1197 -12.8267 41
    endloop
  endfacet
  facet normal 0 0 -1
    outer loop
      vertex 11.4805 -27.7164 41
      vertex 29.3289 -70.8061 41
      vertex 25.8192 -72.1599 41
    endloop
  endfacet
  facet normal 0 0 -1
    outer loop
      vertex 65.7363 -39.4008 41
      vertex 25.7319 -15.4231 41
      vertex 26.4576 -14.1419 41
    endloop
  endfacet
  facet normal 0 0 -1
    outer loop
      vertex 63.7238 -42.5789 41
      vertex 24.9441 -16.6671 41
      vertex 25.7319 -15.4231 41
    endloop
  endfacet
  facet normal 0 0 -1
    outer loop
      vertex 61.5578 -45.6544 41
      vertex 24.0962 -17.871 41
      vertex 24.9441 -16.6671 41
    endloop
  endfacet
  facet normal 0 0 -1
    outer loop
      vertex 59.2435 -48.6199 41
      vertex 23.1903 -19.0318 41
      vertex 24.0962 -17.871 41
    endloop
  endfacet
  facet normal 0 0 -1
    outer loop
      vertex 10.1067 -28.2463 41
      vertex 25.8192 -72.1599 41
      vertex 22.2474 -73.3399 41
    endloop
  endfacet
  facet normal 0 0 -1
    outer loop
      vertex 56.7865 -51.4683 41
      vertex 22.2285 -20.1468 41
      vertex 23.1903 -19.0318 41
    endloop
  endfacet
  facet normal 0 0 -1
    outer loop
      vertex 54.1927 -54.1927 41
      vertex 21.2132 -21.2132 41
      vertex 22.2285 -20.1468 41
    endloop
  endfacet
  facet normal 0 0 -1
    outer loop
      vertex 51.4683 -56.7865 41
      vertex 20.1468 -22.2285 41
      vertex 21.2132 -21.2132 41
    endloop
  endfacet
  facet normal 0 0 -1
    outer loop
      vertex 48.6199 -59.2435 41
      vertex 19.0318 -23.1903 41
      vertex 20.1468 -22.2285 41
    endloop
  endfacet
  facet normal 0 0 -1
    outer loop
      vertex 8.70854 -28.7082 41
      vertex 22.2474 -73.3399 41
      vertex 18.622 -74.3432 41
    endloop
  endfacet
  facet normal 0 0 -1
    outer loop
      vertex 45.6544 -61.5578 41
      vertex 17.871 -24.0962 41
      vertex 19.0318 -23.1903 41
    endloop
  endfacet
  facet normal 0 0 -1
    outer loop
      vertex 42.5789 -63.7238 41
      vertex 16.6671 -24.9441 41
      vertex 17.871 -24.0962 41
    endloop
  endfacet
  facet normal 0 0 -1
    outer loop
      vertex 39.4008 -65.7363 41
      vertex 15.4231 -25.7319 41
      vertex 16.6671 -24.9441 41
    endloop
  endfacet
  facet normal 0 0 -1
    outer loop
      vertex 7.2894 -29.1009 41
      vertex 18.622 -74.3432 41
      vertex 14.9517 -75.1674 41
    endloop
  endfacet
  facet normal 0 0 -1
    outer loop
      vertex 36.1278 -67.5904 41
      vertex 14.1419 -26.4576 41
      vertex 15.4231 -25.7319 41
    endloop
  endfacet
  facet normal 0 0 -1
    outer loop
      vertex 32.7678 -69.2817 41
      vertex 12.8267 -27.1197 41
      vertex 14.1419 -26.4576 41
    endloop
  endfacet
  facet normal 0 0 -1
    outer loop
      vertex 29.3289 -70.8061 41
      vertex 11.4805 -27.7164 41
      vertex 12.8267 -27.1197 41
    endloop
  endfacet
  facet normal 0 0 -1
    outer loop
      vertex 5.85271 -29.4236 41
      vertex 14.9517 -75.1674 41
      vertex 11.2454 -75.8105 41
    endloop
  endfacet
  facet normal 0 0 -1
    outer loop
      vertex 25.8192 -72.1599 41
      vertex 10.1067 -28.2463 41
      vertex 11.4805 -27.7164 41
    endloop
  endfacet
  facet normal 0 0 -1
    outer loop
      vertex 22.2474 -73.3399 41
      vertex 8.70854 -28.7082 41
      vertex 10.1067 -28.2463 41
    endloop
  endfacet
  facet normal 0 0 -1
    outer loop
      vertex 4.40191 -29.6753 41
      vertex 11.2454 -75.8105 41
      vertex 7.51203 -76.271 41
    endloop
  endfacet
  facet normal 0 0 -1
    outer loop
      vertex 18.622 -74.3432 41
      vertex 7.2894 -29.1009 41
      vertex 8.70854 -28.7082 41
    endloop
  endfacet
  facet normal 0 0 -1
    outer loop
      vertex 14.9517 -75.1674 41
      vertex 5.85271 -29.4236 41
      vertex 7.2894 -29.1009 41
    endloop
  endfacet
  facet normal 0 0 -1
    outer loop
      vertex 11.2454 -75.8105 41
      vertex 4.40191 -29.6753 41
      vertex 5.85271 -29.4236 41
    endloop
  endfacet
  facet normal 0 0 -1
    outer loop
      vertex 2.94051 -29.8555 41
      vertex 7.51203 -76.271 41
      vertex 3.76055 -76.5477 41
    endloop
  endfacet
  facet normal 0 0 -1
    outer loop
      vertex 7.51203 -76.271 41
      vertex 2.94051 -29.8555 41
      vertex 4.40191 -29.6753 41
    endloop
  endfacet
  facet normal 0 0 -1
    outer loop
      vertex 3.76055 -76.5477 41
      vertex 1.47203 -29.9639 41
      vertex 2.94051 -29.8555 41
    endloop
  endfacet
  facet normal 0 0 -1
    outer loop
      vertex 0 -76.64 41
      vertex 1.47203 -29.9639 41
      vertex 3.76055 -76.5477 41
    endloop
  endfacet
  facet normal 0 0 -1
    outer loop
      vertex 0 -76.64 41
      vertex 0 -30 41
      vertex 1.47203 -29.9639 41
    endloop
  endfacet
  facet normal 0 0 -1
    outer loop
      vertex 0 -76.64 41
      vertex -1.47203 -29.9639 41
      vertex 0 -30 41
    endloop
  endfacet
  facet normal 0 0 -1
    outer loop
      vertex -3.76055 -76.5477 41
      vertex -1.47203 -29.9639 41
      vertex 0 -76.64 41
    endloop
  endfacet
  facet normal -0 0 -1
    outer loop
      vertex -1.47203 -29.9639 41
      vertex -3.76055 -76.5477 41
      vertex -2.94051 -29.8555 41
    endloop
  endfacet
  facet normal 0 0 -1
    outer loop
      vertex -7.51203 -76.271 41
      vertex -2.94051 -29.8555 41
      vertex -3.76055 -76.5477 41
    endloop
  endfacet
  facet normal -0 0 -1
    outer loop
      vertex -2.94051 -29.8555 41
      vertex -7.51203 -76.271 41
      vertex -4.40191 -29.6753 41
    endloop
  endfacet
  facet normal 0 0 -1
    outer loop
      vertex -11.2454 -75.8105 41
      vertex -4.40191 -29.6753 41
      vertex -7.51203 -76.271 41
    endloop
  endfacet
  facet normal -0 0 -1
    outer loop
      vertex -4.40191 -29.6753 41
      vertex -11.2454 -75.8105 41
      vertex -5.85271 -29.4236 41
    endloop
  endfacet
  facet normal 0 0 -1
    outer loop
      vertex -14.9517 -75.1674 41
      vertex -5.85271 -29.4236 41
      vertex -11.2454 -75.8105 41
    endloop
  endfacet
  facet normal -0 0 -1
    outer loop
      vertex -5.85271 -29.4236 41
      vertex -14.9517 -75.1674 41
      vertex -7.2894 -29.1009 41
    endloop
  endfacet
  facet normal 0 0 -1
    outer loop
      vertex -18.622 -74.3432 41
      vertex -7.2894 -29.1009 41
      vertex -14.9517 -75.1674 41
    endloop
  endfacet
  facet normal -0 0 -1
    outer loop
      vertex -7.2894 -29.1009 41
      vertex -18.622 -74.3432 41
      vertex -8.70854 -28.7082 41
    endloop
  endfacet
  facet normal 0 0 -1
    outer loop
      vertex -22.2474 -73.3399 41
      vertex -8.70854 -28.7082 41
      vertex -18.622 -74.3432 41
    endloop
  endfacet
  facet normal -0 0 -1
    outer loop
      vertex -8.70854 -28.7082 41
      vertex -22.2474 -73.3399 41
      vertex -10.1067 -28.2463 41
    endloop
  endfacet
  facet normal 0 0 -1
    outer loop
      vertex -25.8192 -72.1599 41
      vertex -10.1067 -28.2463 41
      vertex -22.2474 -73.3399 41
    endloop
  endfacet
  facet normal -0 0 -1
    outer loop
      vertex -10.1067 -28.2463 41
      vertex -25.8192 -72.1599 41
      vertex -11.4805 -27.7164 41
    endloop
  endfacet
  facet normal 0 0 -1
    outer loop
      vertex -29.3289 -70.8061 41
      vertex -11.4805 -27.7164 41
      vertex -25.8192 -72.1599 41
    endloop
  endfacet
  facet normal -0 0 -1
    outer loop
      vertex -11.4805 -27.7164 41
      vertex -29.3289 -70.8061 41
      vertex -12.8267 -27.1197 41
    endloop
  endfacet
  facet normal 0 0 -1
    outer loop
      vertex -32.7678 -69.2817 41
      vertex -12.8267 -27.1197 41
      vertex -29.3289 -70.8061 41
    endloop
  endfacet
  facet normal -0 0 -1
    outer loop
      vertex -12.8267 -27.1197 41
      vertex -32.7678 -69.2817 41
      vertex -14.1419 -26.4576 41
    endloop
  endfacet
  facet normal 0 0 -1
    outer loop
      vertex -36.1278 -67.5904 41
      vertex -14.1419 -26.4576 41
      vertex -32.7678 -69.2817 41
    endloop
  endfacet
  facet normal -0 0 -1
    outer loop
      vertex -14.1419 -26.4576 41
      vertex -36.1278 -67.5904 41
      vertex -15.4231 -25.7319 41
    endloop
  endfacet
  facet normal 0 0 -1
    outer loop
      vertex -39.4008 -65.7363 41
      vertex -15.4231 -25.7319 41
      vertex -36.1278 -67.5904 41
    endloop
  endfacet
  facet normal -0 0 -1
    outer loop
      vertex -15.4231 -25.7319 41
      vertex -39.4008 -65.7363 41
      vertex -16.6671 -24.9441 41
    endloop
  endfacet
  facet normal 0 0 -1
    outer loop
      vertex -42.5789 -63.7238 41
      vertex -16.6671 -24.9441 41
      vertex -39.4008 -65.7363 41
    endloop
  endfacet
  facet normal -0 0 -1
    outer loop
      vertex -16.6671 -24.9441 41
      vertex -42.5789 -63.7238 41
      vertex -17.871 -24.0962 41
    endloop
  endfacet
  facet normal 0 0 -1
    outer loop
      vertex -45.6544 -61.5578 41
      vertex -17.871 -24.0962 41
      vertex -42.5789 -63.7238 41
    endloop
  endfacet
  facet normal -0 0 -1
    outer loop
      vertex -17.871 -24.0962 41
      vertex -45.6544 -61.5578 41
      vertex -19.0318 -23.1903 41
    endloop
  endfacet
  facet normal 0 0 -1
    outer loop
      vertex -48.6199 -59.2435 41
      vertex -19.0318 -23.1903 41
      vertex -45.6544 -61.5578 41
    endloop
  endfacet
  facet normal -0 0 -1
    outer loop
      vertex -19.0318 -23.1903 41
      vertex -48.6199 -59.2435 41
      vertex -20.1468 -22.2285 41
    endloop
  endfacet
  facet normal 0 0 -1
    outer loop
      vertex -51.4683 -56.7865 41
      vertex -20.1468 -22.2285 41
      vertex -48.6199 -59.2435 41
    endloop
  endfacet
  facet normal -0 0 -1
    outer loop
      vertex -20.1468 -22.2285 41
      vertex -51.4683 -56.7865 41
      vertex -21.2132 -21.2132 41
    endloop
  endfacet
  facet normal 0 0 -1
    outer loop
      vertex -54.1927 -54.1927 41
      vertex -21.2132 -21.2132 41
      vertex -51.4683 -56.7865 41
    endloop
  endfacet
  facet normal -0 0 -1
    outer loop
      vertex -21.2132 -21.2132 41
      vertex -54.1927 -54.1927 41
      vertex -22.2285 -20.1468 41
    endloop
  endfacet
  facet normal 0 0 -1
    outer loop
      vertex -56.7865 -51.4683 41
      vertex -22.2285 -20.1468 41
      vertex -54.1927 -54.1927 41
    endloop
  endfacet
  facet normal -0 0 -1
    outer loop
      vertex -22.2285 -20.1468 41
      vertex -56.7865 -51.4683 41
      vertex -23.1903 -19.0318 41
    endloop
  endfacet
  facet normal 0 0 -1
    outer loop
      vertex -59.2435 -48.6199 41
      vertex -23.1903 -19.0318 41
      vertex -56.7865 -51.4683 41
    endloop
  endfacet
  facet normal -0 0 -1
    outer loop
      vertex -23.1903 -19.0318 41
      vertex -59.2435 -48.6199 41
      vertex -24.0962 -17.871 41
    endloop
  endfacet
  facet normal 0 0 -1
    outer loop
      vertex -61.5578 -45.6544 41
      vertex -24.0962 -17.871 41
      vertex -59.2435 -48.6199 41
    endloop
  endfacet
  facet normal -0 0 -1
    outer loop
      vertex -24.0962 -17.871 41
      vertex -61.5578 -45.6544 41
      vertex -24.9441 -16.6671 41
    endloop
  endfacet
  facet normal 0 0 -1
    outer loop
      vertex -63.7238 -42.5789 41
      vertex -24.9441 -16.6671 41
      vertex -61.5578 -45.6544 41
    endloop
  endfacet
  facet normal -0 0 -1
    outer loop
      vertex -24.9441 -16.6671 41
      vertex -63.7238 -42.5789 41
      vertex -25.7319 -15.4231 41
    endloop
  endfacet
  facet normal 0 0 -1
    outer loop
      vertex 24.9441 16.6671 41
      vertex 63.7238 42.5789 41
      vertex 25.7319 15.4231 41
    endloop
  endfacet
  facet normal -0 0 -1
    outer loop
      vertex 63.7238 42.5789 41
      vertex 24.9441 16.6671 41
      vertex 61.5578 45.6544 41
    endloop
  endfacet
  facet normal 0 0 -1
    outer loop
      vertex 24.0962 17.871 41
      vertex 61.5578 45.6544 41
      vertex 24.9441 16.6671 41
    endloop
  endfacet
  facet normal -0 0 -1
    outer loop
      vertex 61.5578 45.6544 41
      vertex 24.0962 17.871 41
      vertex 59.2435 48.6199 41
    endloop
  endfacet
  facet normal 0 0 -1
    outer loop
      vertex 23.1903 19.0318 41
      vertex 59.2435 48.6199 41
      vertex 24.0962 17.871 41
    endloop
  endfacet
  facet normal -0 0 -1
    outer loop
      vertex 59.2435 48.6199 41
      vertex 23.1903 19.0318 41
      vertex 56.7865 51.4683 41
    endloop
  endfacet
  facet normal 0 0 -1
    outer loop
      vertex 22.2285 20.1468 41
      vertex 56.7865 51.4683 41
      vertex 23.1903 19.0318 41
    endloop
  endfacet
  facet normal -0 0 -1
    outer loop
      vertex 56.7865 51.4683 41
      vertex 22.2285 20.1468 41
      vertex 54.1927 54.1927 41
    endloop
  endfacet
  facet normal 0 0 -1
    outer loop
      vertex 21.2132 21.2132 41
      vertex 54.1927 54.1927 41
      vertex 22.2285 20.1468 41
    endloop
  endfacet
  facet normal -0 0 -1
    outer loop
      vertex 54.1927 54.1927 41
      vertex 21.2132 21.2132 41
      vertex 51.4683 56.7865 41
    endloop
  endfacet
  facet normal 0 0 -1
    outer loop
      vertex 20.1468 22.2285 41
      vertex 51.4683 56.7865 41
      vertex 21.2132 21.2132 41
    endloop
  endfacet
  facet normal -0 0 -1
    outer loop
      vertex 51.4683 56.7865 41
      vertex 20.1468 22.2285 41
      vertex 48.6199 59.2435 41
    endloop
  endfacet
  facet normal 0 0 -1
    outer loop
      vertex 19.0318 23.1903 41
      vertex 48.6199 59.2435 41
      vertex 20.1468 22.2285 41
    endloop
  endfacet
  facet normal -0 0 -1
    outer loop
      vertex 48.6199 59.2435 41
      vertex 19.0318 23.1903 41
      vertex 45.6544 61.5578 41
    endloop
  endfacet
  facet normal 0 0 -1
    outer loop
      vertex 17.871 24.0962 41
      vertex 45.6544 61.5578 41
      vertex 19.0318 23.1903 41
    endloop
  endfacet
  facet normal -0 0 -1
    outer loop
      vertex 45.6544 61.5578 41
      vertex 17.871 24.0962 41
      vertex 42.5789 63.7238 41
    endloop
  endfacet
  facet normal 0 0 -1
    outer loop
      vertex 16.6671 24.9441 41
      vertex 42.5789 63.7238 41
      vertex 17.871 24.0962 41
    endloop
  endfacet
  facet normal -0 0 -1
    outer loop
      vertex 42.5789 63.7238 41
      vertex 16.6671 24.9441 41
      vertex 39.4008 65.7363 41
    endloop
  endfacet
  facet normal 0 0 -1
    outer loop
      vertex 15.4231 25.7319 41
      vertex 39.4008 65.7363 41
      vertex 16.6671 24.9441 41
    endloop
  endfacet
  facet normal -0 0 -1
    outer loop
      vertex 39.4008 65.7363 41
      vertex 15.4231 25.7319 41
      vertex 36.1278 67.5904 41
    endloop
  endfacet
  facet normal 0 0 -1
    outer loop
      vertex 14.1419 26.4576 41
      vertex 36.1278 67.5904 41
      vertex 15.4231 25.7319 41
    endloop
  endfacet
  facet normal -0 0 -1
    outer loop
      vertex 36.1278 67.5904 41
      vertex 14.1419 26.4576 41
      vertex 32.7678 69.2817 41
    endloop
  endfacet
  facet normal 0 0 -1
    outer loop
      vertex 12.8267 27.1197 41
      vertex 32.7678 69.2817 41
      vertex 14.1419 26.4576 41
    endloop
  endfacet
  facet normal -0 0 -1
    outer loop
      vertex 32.7678 69.2817 41
      vertex 12.8267 27.1197 41
      vertex 29.3289 70.8061 41
    endloop
  endfacet
  facet normal 0 0 -1
    outer loop
      vertex 11.4805 27.7164 41
      vertex 29.3289 70.8061 41
      vertex 12.8267 27.1197 41
    endloop
  endfacet
  facet normal -0 0 -1
    outer loop
      vertex 29.3289 70.8061 41
      vertex 11.4805 27.7164 41
      vertex 25.8192 72.1599 41
    endloop
  endfacet
  facet normal 0 0 -1
    outer loop
      vertex 10.1067 28.2463 41
      vertex 25.8192 72.1599 41
      vertex 11.4805 27.7164 41
    endloop
  endfacet
  facet normal -0 0 -1
    outer loop
      vertex 25.8192 72.1599 41
      vertex 10.1067 28.2463 41
      vertex 22.2474 73.3399 41
    endloop
  endfacet
  facet normal 0 0 -1
    outer loop
      vertex 8.70854 28.7082 41
      vertex 22.2474 73.3399 41
      vertex 10.1067 28.2463 41
    endloop
  endfacet
  facet normal -0 0 -1
    outer loop
      vertex 22.2474 73.3399 41
      vertex 8.70854 28.7082 41
      vertex 18.622 74.3432 41
    endloop
  endfacet
  facet normal 0 0 -1
    outer loop
      vertex 7.2894 29.1009 41
      vertex 18.622 74.3432 41
      vertex 8.70854 28.7082 41
    endloop
  endfacet
  facet normal -0 0 -1
    outer loop
      vertex 18.622 74.3432 41
      vertex 7.2894 29.1009 41
      vertex 14.9517 75.1674 41
    endloop
  endfacet
  facet normal 0 0 -1
    outer loop
      vertex 5.85271 29.4236 41
      vertex 14.9517 75.1674 41
      vertex 7.2894 29.1009 41
    endloop
  endfacet
  facet normal -0 0 -1
    outer loop
      vertex 14.9517 75.1674 41
      vertex 5.85271 29.4236 41
      vertex 11.2454 75.8105 41
    endloop
  endfacet
  facet normal 0 0 -1
    outer loop
      vertex 4.40191 29.6753 41
      vertex 11.2454 75.8105 41
      vertex 5.85271 29.4236 41
    endloop
  endfacet
  facet normal -0 0 -1
    outer loop
      vertex 11.2454 75.8105 41
      vertex 4.40191 29.6753 41
      vertex 7.51203 76.271 41
    endloop
  endfacet
  facet normal 0 0 -1
    outer loop
      vertex 2.94051 29.8555 41
      vertex 7.51203 76.271 41
      vertex 4.40191 29.6753 41
    endloop
  endfacet
  facet normal -0 0 -1
    outer loop
      vertex 7.51203 76.271 41
      vertex 2.94051 29.8555 41
      vertex 3.76055 76.5477 41
    endloop
  endfacet
  facet normal 0 0 -1
    outer loop
      vertex 1.47203 29.9639 41
      vertex 3.76055 76.5477 41
      vertex 2.94051 29.8555 41
    endloop
  endfacet
  facet normal 0 0 -1
    outer loop
      vertex 0 30 41
      vertex 3.76055 76.5477 41
      vertex 1.47203 29.9639 41
    endloop
  endfacet
  facet normal 0 0 -1
    outer loop
      vertex 0 30 41
      vertex 0 76.64 41
      vertex 3.76055 76.5477 41
    endloop
  endfacet
  facet normal 0 0 -1
    outer loop
      vertex -1.47203 29.9639 41
      vertex 0 76.64 41
      vertex 0 30 41
    endloop
  endfacet
  facet normal 0 0 -1
    outer loop
      vertex -3.76055 76.5477 41
      vertex -1.47203 29.9639 41
      vertex -2.94051 29.8555 41
    endloop
  endfacet
  facet normal 0 0 -1
    outer loop
      vertex -1.47203 29.9639 41
      vertex -3.76055 76.5477 41
      vertex 0 76.64 41
    endloop
  endfacet
  facet normal 0 0 -1
    outer loop
      vertex -7.51203 76.271 41
      vertex -2.94051 29.8555 41
      vertex -4.40191 29.6753 41
    endloop
  endfacet
  facet normal 0 0 -1
    outer loop
      vertex -11.2454 75.8105 41
      vertex -4.40191 29.6753 41
      vertex -5.85271 29.4236 41
    endloop
  endfacet
  facet normal 0 0 -1
    outer loop
      vertex -14.9517 75.1674 41
      vertex -5.85271 29.4236 41
      vertex -7.2894 29.1009 41
    endloop
  endfacet
  facet normal 0 0 -1
    outer loop
      vertex -2.94051 29.8555 41
      vertex -7.51203 76.271 41
      vertex -3.76055 76.5477 41
    endloop
  endfacet
  facet normal 0 0 -1
    outer loop
      vertex -18.622 74.3432 41
      vertex -7.2894 29.1009 41
      vertex -8.70854 28.7082 41
    endloop
  endfacet
  facet normal 0 0 -1
    outer loop
      vertex -22.2474 73.3399 41
      vertex -8.70854 28.7082 41
      vertex -10.1067 28.2463 41
    endloop
  endfacet
  facet normal 0 0 -1
    outer loop
      vertex -4.40191 29.6753 41
      vertex -11.2454 75.8105 41
      vertex -7.51203 76.271 41
    endloop
  endfacet
  facet normal 0 0 -1
    outer loop
      vertex -25.8192 72.1599 41
      vertex -10.1067 28.2463 41
      vertex -11.4805 27.7164 41
    endloop
  endfacet
  facet normal 0 0 -1
    outer loop
      vertex -29.3289 70.8061 41
      vertex -11.4805 27.7164 41
      vertex -12.8267 27.1197 41
    endloop
  endfacet
  facet normal 0 0 -1
    outer loop
      vertex -32.7678 69.2817 41
      vertex -12.8267 27.1197 41
      vertex -14.1419 26.4576 41
    endloop
  endfacet
  facet normal 0 0 -1
    outer loop
      vertex -5.85271 29.4236 41
      vertex -14.9517 75.1674 41
      vertex -11.2454 75.8105 41
    endloop
  endfacet
  facet normal 0 0 -1
    outer loop
      vertex -36.1278 67.5904 41
      vertex -14.1419 26.4576 41
      vertex -15.4231 25.7319 41
    endloop
  endfacet
  facet normal 0 0 -1
    outer loop
      vertex -39.4008 65.7363 41
      vertex -15.4231 25.7319 41
      vertex -16.6671 24.9441 41
    endloop
  endfacet
  facet normal 0 0 -1
    outer loop
      vertex -42.5789 63.7238 41
      vertex -16.6671 24.9441 41
      vertex -17.871 24.0962 41
    endloop
  endfacet
  facet normal 0 0 -1
    outer loop
      vertex -7.2894 29.1009 41
      vertex -18.622 74.3432 41
      vertex -14.9517 75.1674 41
    endloop
  endfacet
  facet normal 0 0 -1
    outer loop
      vertex -45.6544 61.5578 41
      vertex -17.871 24.0962 41
      vertex -19.0318 23.1903 41
    endloop
  endfacet
  facet normal 0 0 -1
    outer loop
      vertex -48.6199 59.2435 41
      vertex -19.0318 23.1903 41
      vertex -20.1468 22.2285 41
    endloop
  endfacet
  facet normal 0 0 -1
    outer loop
      vertex -51.4683 56.7865 41
      vertex -20.1468 22.2285 41
      vertex -21.2132 21.2132 41
    endloop
  endfacet
  facet normal 0 0 -1
    outer loop
      vertex -54.1927 54.1927 41
      vertex -21.2132 21.2132 41
      vertex -22.2285 20.1468 41
    endloop
  endfacet
  facet normal 0 0 -1
    outer loop
      vertex -8.70854 28.7082 41
      vertex -22.2474 73.3399 41
      vertex -18.622 74.3432 41
    endloop
  endfacet
  facet normal 0 0 -1
    outer loop
      vertex -56.7865 51.4683 41
      vertex -22.2285 20.1468 41
      vertex -23.1903 19.0318 41
    endloop
  endfacet
  facet normal 0 0 -1
    outer loop
      vertex -59.2435 48.6199 41
      vertex -23.1903 19.0318 41
      vertex -24.0962 17.871 41
    endloop
  endfacet
  facet normal 0 0 -1
    outer loop
      vertex -61.5578 45.6544 41
      vertex -24.0962 17.871 41
      vertex -24.9441 16.6671 41
    endloop
  endfacet
  facet normal 0 0 -1
    outer loop
      vertex -63.7238 42.5789 41
      vertex -24.9441 16.6671 41
      vertex -25.7319 15.4231 41
    endloop
  endfacet
  facet normal 0 0 -1
    outer loop
      vertex -10.1067 28.2463 41
      vertex -25.8192 72.1599 41
      vertex -22.2474 73.3399 41
    endloop
  endfacet
  facet normal 0 0 -1
    outer loop
      vertex -65.7363 39.4008 41
      vertex -25.7319 15.4231 41
      vertex -26.4576 14.1419 41
    endloop
  endfacet
  facet normal 0 0 -1
    outer loop
      vertex -67.5904 36.1278 41
      vertex -26.4576 14.1419 41
      vertex -27.1197 12.8267 41
    endloop
  endfacet
  facet normal 0 0 -1
    outer loop
      vertex -69.2817 32.7678 41
      vertex -27.1197 12.8267 41
      vertex -27.7164 11.4805 41
    endloop
  endfacet
  facet normal 0 0 -1
    outer loop
      vertex -70.8061 29.3289 41
      vertex -27.7164 11.4805 41
      vertex -28.2463 10.1067 41
    endloop
  endfacet
  facet normal 0 0 -1
    outer loop
      vertex -72.1599 25.8192 41
      vertex -28.2463 10.1067 41
      vertex -28.7082 8.70854 41
    endloop
  endfacet
  facet normal 0 0 -1
    outer loop
      vertex -73.3399 22.2474 41
      vertex -28.7082 8.70854 41
      vertex -29.1009 7.2894 41
    endloop
  endfacet
  facet normal 0 0 -1
    outer loop
      vertex -11.4805 27.7164 41
      vertex -29.3289 70.8061 41
      vertex -25.8192 72.1599 41
    endloop
  endfacet
  facet normal 0 0 -1
    outer loop
      vertex -74.3432 18.622 41
      vertex -29.1009 7.2894 41
      vertex -29.4236 5.85271 41
    endloop
  endfacet
  facet normal 0 0 -1
    outer loop
      vertex -75.1674 14.9517 41
      vertex -29.4236 5.85271 41
      vertex -29.6753 4.40191 41
    endloop
  endfacet
  facet normal 0 0 -1
    outer loop
      vertex -75.8105 11.2454 41
      vertex -29.6753 4.40191 41
      vertex -29.8555 2.94051 41
    endloop
  endfacet
  facet normal 0 0 -1
    outer loop
      vertex -76.271 7.51203 41
      vertex -29.8555 2.94051 41
      vertex -29.9639 1.47203 41
    endloop
  endfacet
  facet normal 0 0 -1
    outer loop
      vertex -76.5477 3.76055 41
      vertex -29.9639 1.47203 41
      vertex -30 0 41
    endloop
  endfacet
  facet normal 0 0 -1
    outer loop
      vertex -65.7363 -39.4008 41
      vertex -25.7319 -15.4231 41
      vertex -63.7238 -42.5789 41
    endloop
  endfacet
  facet normal 0 0 -1
    outer loop
      vertex -12.8267 27.1197 41
      vertex -32.7678 69.2817 41
      vertex -29.3289 70.8061 41
    endloop
  endfacet
  facet normal -0 0 -1
    outer loop
      vertex -25.7319 -15.4231 41
      vertex -65.7363 -39.4008 41
      vertex -26.4576 -14.1419 41
    endloop
  endfacet
  facet normal 0 0 -1
    outer loop
      vertex -14.1419 26.4576 41
      vertex -36.1278 67.5904 41
      vertex -32.7678 69.2817 41
    endloop
  endfacet
  facet normal 0 0 -1
    outer loop
      vertex -67.5904 -36.1278 41
      vertex -26.4576 -14.1419 41
      vertex -65.7363 -39.4008 41
    endloop
  endfacet
  facet normal 0 0 -1
    outer loop
      vertex -15.4231 25.7319 41
      vertex -39.4008 65.7363 41
      vertex -36.1278 67.5904 41
    endloop
  endfacet
  facet normal -0 0 -1
    outer loop
      vertex -26.4576 -14.1419 41
      vertex -67.5904 -36.1278 41
      vertex -27.1197 -12.8267 41
    endloop
  endfacet
  facet normal 0 0 -1
    outer loop
      vertex -16.6671 24.9441 41
      vertex -42.5789 63.7238 41
      vertex -39.4008 65.7363 41
    endloop
  endfacet
  facet normal 0 0 -1
    outer loop
      vertex -69.2817 -32.7678 41
      vertex -27.1197 -12.8267 41
      vertex -67.5904 -36.1278 41
    endloop
  endfacet
  facet normal 0 0 -1
    outer loop
      vertex -17.871 24.0962 41
      vertex -45.6544 61.5578 41
      vertex -42.5789 63.7238 41
    endloop
  endfacet
  facet normal -0 0 -1
    outer loop
      vertex -27.1197 -12.8267 41
      vertex -69.2817 -32.7678 41
      vertex -27.7164 -11.4805 41
    endloop
  endfacet
  facet normal 0 0 -1
    outer loop
      vertex -19.0318 23.1903 41
      vertex -48.6199 59.2435 41
      vertex -45.6544 61.5578 41
    endloop
  endfacet
  facet normal 0 0 -1
    outer loop
      vertex -70.8061 -29.3289 41
      vertex -27.7164 -11.4805 41
      vertex -69.2817 -32.7678 41
    endloop
  endfacet
  facet normal 0 0 -1
    outer loop
      vertex -20.1468 22.2285 41
      vertex -51.4683 56.7865 41
      vertex -48.6199 59.2435 41
    endloop
  endfacet
  facet normal -0 0 -1
    outer loop
      vertex -27.7164 -11.4805 41
      vertex -70.8061 -29.3289 41
      vertex -28.2463 -10.1067 41
    endloop
  endfacet
  facet normal 0 0 -1
    outer loop
      vertex -21.2132 21.2132 41
      vertex -54.1927 54.1927 41
      vertex -51.4683 56.7865 41
    endloop
  endfacet
  facet normal 0 0 -1
    outer loop
      vertex -72.1599 -25.8192 41
      vertex -28.2463 -10.1067 41
      vertex -70.8061 -29.3289 41
    endloop
  endfacet
  facet normal 0 0 -1
    outer loop
      vertex -22.2285 20.1468 41
      vertex -56.7865 51.4683 41
      vertex -54.1927 54.1927 41
    endloop
  endfacet
  facet normal -0 0 -1
    outer loop
      vertex -28.2463 -10.1067 41
      vertex -72.1599 -25.8192 41
      vertex -28.7082 -8.70854 41
    endloop
  endfacet
  facet normal 0 0 -1
    outer loop
      vertex -23.1903 19.0318 41
      vertex -59.2435 48.6199 41
      vertex -56.7865 51.4683 41
    endloop
  endfacet
  facet normal 0 0 -1
    outer loop
      vertex -73.3399 -22.2474 41
      vertex -28.7082 -8.70854 41
      vertex -72.1599 -25.8192 41
    endloop
  endfacet
  facet normal 0 0 -1
    outer loop
      vertex -24.0962 17.871 41
      vertex -61.5578 45.6544 41
      vertex -59.2435 48.6199 41
    endloop
  endfacet
  facet normal -0 0 -1
    outer loop
      vertex -28.7082 -8.70854 41
      vertex -73.3399 -22.2474 41
      vertex -29.1009 -7.2894 41
    endloop
  endfacet
  facet normal 0 0 -1
    outer loop
      vertex -24.9441 16.6671 41
      vertex -63.7238 42.5789 41
      vertex -61.5578 45.6544 41
    endloop
  endfacet
  facet normal 0 0 -1
    outer loop
      vertex -74.3432 -18.622 41
      vertex -29.1009 -7.2894 41
      vertex -73.3399 -22.2474 41
    endloop
  endfacet
  facet normal 0 0 -1
    outer loop
      vertex -25.7319 15.4231 41
      vertex -65.7363 39.4008 41
      vertex -63.7238 42.5789 41
    endloop
  endfacet
  facet normal -0 0 -1
    outer loop
      vertex -29.1009 -7.2894 41
      vertex -74.3432 -18.622 41
      vertex -29.4236 -5.85271 41
    endloop
  endfacet
  facet normal 0 0 -1
    outer loop
      vertex -26.4576 14.1419 41
      vertex -67.5904 36.1278 41
      vertex -65.7363 39.4008 41
    endloop
  endfacet
  facet normal 0 0 -1
    outer loop
      vertex -75.1674 -14.9517 41
      vertex -29.4236 -5.85271 41
      vertex -74.3432 -18.622 41
    endloop
  endfacet
  facet normal 0 0 -1
    outer loop
      vertex -27.1197 12.8267 41
      vertex -69.2817 32.7678 41
      vertex -67.5904 36.1278 41
    endloop
  endfacet
  facet normal -0 0 -1
    outer loop
      vertex -29.4236 -5.85271 41
      vertex -75.1674 -14.9517 41
      vertex -29.6753 -4.40191 41
    endloop
  endfacet
  facet normal 0 0 -1
    outer loop
      vertex -27.7164 11.4805 41
      vertex -70.8061 29.3289 41
      vertex -69.2817 32.7678 41
    endloop
  endfacet
  facet normal 0 0 -1
    outer loop
      vertex -75.8105 -11.2454 41
      vertex -29.6753 -4.40191 41
      vertex -75.1674 -14.9517 41
    endloop
  endfacet
  facet normal 0 0 -1
    outer loop
      vertex -28.2463 10.1067 41
      vertex -72.1599 25.8192 41
      vertex -70.8061 29.3289 41
    endloop
  endfacet
  facet normal -0 0 -1
    outer loop
      vertex -29.6753 -4.40191 41
      vertex -75.8105 -11.2454 41
      vertex -29.8555 -2.94051 41
    endloop
  endfacet
  facet normal 0 0 -1
    outer loop
      vertex -28.7082 8.70854 41
      vertex -73.3399 22.2474 41
      vertex -72.1599 25.8192 41
    endloop
  endfacet
  facet normal 0 0 -1
    outer loop
      vertex -76.271 -7.51203 41
      vertex -29.8555 -2.94051 41
      vertex -75.8105 -11.2454 41
    endloop
  endfacet
  facet normal 0 0 -1
    outer loop
      vertex -29.1009 7.2894 41
      vertex -74.3432 18.622 41
      vertex -73.3399 22.2474 41
    endloop
  endfacet
  facet normal -0 0 -1
    outer loop
      vertex -29.8555 -2.94051 41
      vertex -76.271 -7.51203 41
      vertex -29.9639 -1.47203 41
    endloop
  endfacet
  facet normal 0 0 -1
    outer loop
      vertex -29.4236 5.85271 41
      vertex -75.1674 14.9517 41
      vertex -74.3432 18.622 41
    endloop
  endfacet
  facet normal 0 0 -1
    outer loop
      vertex -76.5477 -3.76055 41
      vertex -29.9639 -1.47203 41
      vertex -76.271 -7.51203 41
    endloop
  endfacet
  facet normal 0 0 -1
    outer loop
      vertex -29.6753 4.40191 41
      vertex -75.8105 11.2454 41
      vertex -75.1674 14.9517 41
    endloop
  endfacet
  facet normal -0 0 -1
    outer loop
      vertex -29.9639 -1.47203 41
      vertex -76.5477 -3.76055 41
      vertex -30 0 41
    endloop
  endfacet
  facet normal 0 0 -1
    outer loop
      vertex -29.8555 2.94051 41
      vertex -76.271 7.51203 41
      vertex -75.8105 11.2454 41
    endloop
  endfacet
  facet normal 0 0 -1
    outer loop
      vertex -76.64 0 41
      vertex -30 0 41
      vertex -76.5477 -3.76055 41
    endloop
  endfacet
  facet normal 0 0 -1
    outer loop
      vertex -29.9639 1.47203 41
      vertex -76.5477 3.76055 41
      vertex -76.271 7.51203 41
    endloop
  endfacet
  facet normal 0 0 -1
    outer loop
      vertex -30 0 41
      vertex -76.64 0 41
      vertex -76.5477 3.76055 41
    endloop
  endfacet
  facet normal -0.471396 -0.881922 0
    outer loop
      vertex 68.057 71.3042 0
      vertex 69.0944 70.7497 5
      vertex 68.057 71.3042 5
    endloop
  endfacet
  facet normal -0.471396 -0.881922 -0
    outer loop
      vertex 69.0944 70.7497 5
      vertex 68.057 71.3042 0
      vertex 69.0944 70.7497 0
    endloop
  endfacet
  facet normal -0.634362 -0.773036 0
    outer loop
      vertex 69.0944 70.7497 0
      vertex 70.0036 70.0036 5
      vertex 69.0944 70.7497 5
    endloop
  endfacet
  facet normal -0.634362 -0.773036 -0
    outer loop
      vertex 70.0036 70.0036 5
      vertex 69.0944 70.7497 0
      vertex 70.0036 70.0036 0
    endloop
  endfacet
  facet normal -0.290272 -0.956944 0
    outer loop
      vertex 66.9315 71.6456 0
      vertex 68.057 71.3042 5
      vertex 66.9315 71.6456 5
    endloop
  endfacet
  facet normal -0.290272 -0.956944 -0
    outer loop
      vertex 68.057 71.3042 5
      vertex 66.9315 71.6456 0
      vertex 68.057 71.3042 0
    endloop
  endfacet
  facet normal -0.773036 -0.634362 0
    outer loop
      vertex 70.7497 69.0944 0
      vertex 70.0036 70.0036 5
      vertex 70.0036 70.0036 0
    endloop
  endfacet
  facet normal -0.773036 -0.634362 0
    outer loop
      vertex 70.0036 70.0036 5
      vertex 70.7497 69.0944 0
      vertex 70.7497 69.0944 5
    endloop
  endfacet
  facet normal 0.0980305 0.995183 -0
    outer loop
      vertex 65.7609 59.7609 0
      vertex 64.5904 59.8762 5
      vertex 65.7609 59.7609 5
    endloop
  endfacet
  facet normal 0.0980305 0.995183 0
    outer loop
      vertex 64.5904 59.8762 5
      vertex 65.7609 59.7609 0
      vertex 64.5904 59.8762 0
    endloop
  endfacet
  facet normal 0.471365 0.881938 -0
    outer loop
      vertex 63.4648 60.2177 0
      vertex 62.4275 60.7721 5
      vertex 63.4648 60.2177 5
    endloop
  endfacet
  facet normal 0.471365 0.881938 0
    outer loop
      vertex 62.4275 60.7721 5
      vertex 63.4648 60.2177 0
      vertex 62.4275 60.7721 0
    endloop
  endfacet
  facet normal -0.0980222 0.995184 0
    outer loop
      vertex 66.9315 59.8762 0
      vertex 65.7609 59.7609 5
      vertex 66.9315 59.8762 5
    endloop
  endfacet
  facet normal -0.0980222 0.995184 0
    outer loop
      vertex 65.7609 59.7609 5
      vertex 66.9315 59.8762 0
      vertex 65.7609 59.7609 0
    endloop
  endfacet
  facet normal -0.0980222 -0.995184 0
    outer loop
      vertex 65.7609 71.7609 0
      vertex 66.9315 71.6456 5
      vertex 65.7609 71.7609 5
    endloop
  endfacet
  facet normal -0.0980222 -0.995184 -0
    outer loop
      vertex 66.9315 71.6456 5
      vertex 65.7609 71.7609 0
      vertex 66.9315 71.6456 0
    endloop
  endfacet
  facet normal -0.995184 -0.0980222 0
    outer loop
      vertex 71.7609 65.7609 0
      vertex 71.6456 66.9315 5
      vertex 71.6456 66.9315 0
    endloop
  endfacet
  facet normal -0.995184 -0.0980222 0
    outer loop
      vertex 71.6456 66.9315 5
      vertex 71.7609 65.7609 0
      vertex 71.7609 65.7609 5
    endloop
  endfacet
  facet normal 0.995184 -0.0980222 0
    outer loop
      vertex 59.7609 65.7609 5
      vertex 59.8762 66.9315 0
      vertex 59.8762 66.9315 5
    endloop
  endfacet
  facet normal 0.995184 -0.0980222 0
    outer loop
      vertex 59.8762 66.9315 0
      vertex 59.7609 65.7609 5
      vertex 59.7609 65.7609 0
    endloop
  endfacet
  facet normal -0.881922 -0.471396 0
    outer loop
      vertex 71.3042 68.057 0
      vertex 70.7497 69.0944 5
      vertex 70.7497 69.0944 0
    endloop
  endfacet
  facet normal -0.881922 -0.471396 0
    outer loop
      vertex 70.7497 69.0944 5
      vertex 71.3042 68.057 0
      vertex 71.3042 68.057 5
    endloop
  endfacet
  facet normal -0.956944 -0.290272 0
    outer loop
      vertex 71.6456 66.9315 0
      vertex 71.3042 68.057 5
      vertex 71.3042 68.057 0
    endloop
  endfacet
  facet normal -0.956944 -0.290272 0
    outer loop
      vertex 71.3042 68.057 5
      vertex 71.6456 66.9315 0
      vertex 71.6456 66.9315 5
    endloop
  endfacet
  facet normal 0.956921 -0.29035 0
    outer loop
      vertex 59.8762 66.9315 5
      vertex 60.2177 68.057 0
      vertex 60.2177 68.057 5
    endloop
  endfacet
  facet normal 0.956921 -0.29035 0
    outer loop
      vertex 60.2177 68.057 0
      vertex 59.8762 66.9315 5
      vertex 59.8762 66.9315 0
    endloop
  endfacet
  facet normal 0.772994 0.634413 0
    outer loop
      vertex 61.5183 61.5183 5
      vertex 60.7721 62.4275 0
      vertex 60.7721 62.4275 5
    endloop
  endfacet
  facet normal 0.772994 0.634413 0
    outer loop
      vertex 60.7721 62.4275 0
      vertex 61.5183 61.5183 5
      vertex 61.5183 61.5183 0
    endloop
  endfacet
  facet normal -0.956951 0.290248 0
    outer loop
      vertex 71.3042 63.4648 0
      vertex 71.6456 64.5904 5
      vertex 71.6456 64.5904 0
    endloop
  endfacet
  facet normal -0.956951 0.290248 0
    outer loop
      vertex 71.6456 64.5904 5
      vertex 71.3042 63.4648 0
      vertex 71.3042 63.4648 5
    endloop
  endfacet
  facet normal 0.881957 -0.471329 0
    outer loop
      vertex 60.2177 68.057 5
      vertex 60.7721 69.0944 0
      vertex 60.7721 69.0944 5
    endloop
  endfacet
  facet normal 0.881957 -0.471329 0
    outer loop
      vertex 60.7721 69.0944 0
      vertex 60.2177 68.057 5
      vertex 60.2177 68.057 0
    endloop
  endfacet
  facet normal -0.995183 0.0980305 0
    outer loop
      vertex 71.6456 64.5904 0
      vertex 71.7609 65.7609 5
      vertex 71.7609 65.7609 0
    endloop
  endfacet
  facet normal -0.995183 0.0980305 0
    outer loop
      vertex 71.7609 65.7609 5
      vertex 71.6456 64.5904 0
      vertex 71.6456 64.5904 5
    endloop
  endfacet
  facet normal 0.471431 -0.881903 0
    outer loop
      vertex 62.4275 70.7497 0
      vertex 63.4648 71.3042 5
      vertex 62.4275 70.7497 5
    endloop
  endfacet
  facet normal 0.471431 -0.881903 0
    outer loop
      vertex 63.4648 71.3042 5
      vertex 62.4275 70.7497 0
      vertex 63.4648 71.3042 0
    endloop
  endfacet
  facet normal 0.290326 0.956928 -0
    outer loop
      vertex 64.5904 59.8762 0
      vertex 63.4648 60.2177 5
      vertex 64.5904 59.8762 5
    endloop
  endfacet
  facet normal 0.290326 0.956928 0
    outer loop
      vertex 63.4648 60.2177 5
      vertex 64.5904 59.8762 0
      vertex 63.4648 60.2177 0
    endloop
  endfacet
  facet normal -0.29035 0.956921 0
    outer loop
      vertex 68.057 60.2177 0
      vertex 66.9315 59.8762 5
      vertex 68.057 60.2177 5
    endloop
  endfacet
  facet normal -0.29035 0.956921 0
    outer loop
      vertex 66.9315 59.8762 5
      vertex 68.057 60.2177 0
      vertex 66.9315 59.8762 0
    endloop
  endfacet
  facet normal 0.881938 0.471365 0
    outer loop
      vertex 60.7721 62.4275 5
      vertex 60.2177 63.4648 0
      vertex 60.2177 63.4648 5
    endloop
  endfacet
  facet normal 0.881938 0.471365 0
    outer loop
      vertex 60.2177 63.4648 0
      vertex 60.7721 62.4275 5
      vertex 60.7721 62.4275 0
    endloop
  endfacet
  facet normal -0.881903 0.471431 0
    outer loop
      vertex 70.7497 62.4275 0
      vertex 71.3042 63.4648 5
      vertex 71.3042 63.4648 0
    endloop
  endfacet
  facet normal -0.881903 0.471431 0
    outer loop
      vertex 71.3042 63.4648 5
      vertex 70.7497 62.4275 0
      vertex 70.7497 62.4275 5
    endloop
  endfacet
  facet normal 0.0980305 -0.995183 0
    outer loop
      vertex 64.5904 71.6456 0
      vertex 65.7609 71.7609 5
      vertex 64.5904 71.6456 5
    endloop
  endfacet
  facet normal 0.0980305 -0.995183 0
    outer loop
      vertex 65.7609 71.7609 5
      vertex 64.5904 71.6456 0
      vertex 65.7609 71.7609 0
    endloop
  endfacet
  facet normal 0.634413 0.772994 -0
    outer loop
      vertex 62.4275 60.7721 0
      vertex 61.5183 61.5183 5
      vertex 62.4275 60.7721 5
    endloop
  endfacet
  facet normal 0.634413 0.772994 0
    outer loop
      vertex 61.5183 61.5183 5
      vertex 62.4275 60.7721 0
      vertex 61.5183 61.5183 0
    endloop
  endfacet
  facet normal 0.290248 -0.956951 0
    outer loop
      vertex 63.4648 71.3042 0
      vertex 64.5904 71.6456 5
      vertex 63.4648 71.3042 5
    endloop
  endfacet
  facet normal 0.290248 -0.956951 0
    outer loop
      vertex 64.5904 71.6456 5
      vertex 63.4648 71.3042 0
      vertex 64.5904 71.6456 0
    endloop
  endfacet
  facet normal 0.956928 0.290326 0
    outer loop
      vertex 60.2177 63.4648 5
      vertex 59.8762 64.5904 0
      vertex 59.8762 64.5904 5
    endloop
  endfacet
  facet normal 0.956928 0.290326 0
    outer loop
      vertex 59.8762 64.5904 0
      vertex 60.2177 63.4648 5
      vertex 60.2177 63.4648 0
    endloop
  endfacet
  facet normal 0.634362 -0.773036 0
    outer loop
      vertex 61.5183 70.0036 0
      vertex 62.4275 70.7497 5
      vertex 61.5183 70.0036 5
    endloop
  endfacet
  facet normal 0.634362 -0.773036 0
    outer loop
      vertex 62.4275 70.7497 5
      vertex 61.5183 70.0036 0
      vertex 62.4275 70.7497 0
    endloop
  endfacet
  facet normal 0.772994 -0.634413 0
    outer loop
      vertex 60.7721 69.0944 5
      vertex 61.5183 70.0036 0
      vertex 61.5183 70.0036 5
    endloop
  endfacet
  facet normal 0.772994 -0.634413 0
    outer loop
      vertex 61.5183 70.0036 0
      vertex 60.7721 69.0944 5
      vertex 60.7721 69.0944 0
    endloop
  endfacet
  facet normal -0.773036 0.634362 0
    outer loop
      vertex 70.0036 61.5183 0
      vertex 70.7497 62.4275 5
      vertex 70.7497 62.4275 0
    endloop
  endfacet
  facet normal -0.773036 0.634362 0
    outer loop
      vertex 70.7497 62.4275 5
      vertex 70.0036 61.5183 0
      vertex 70.0036 61.5183 5
    endloop
  endfacet
  facet normal -0.634413 0.772994 0
    outer loop
      vertex 70.0036 61.5183 0
      vertex 69.0944 60.7721 5
      vertex 70.0036 61.5183 5
    endloop
  endfacet
  facet normal -0.634413 0.772994 0
    outer loop
      vertex 69.0944 60.7721 5
      vertex 70.0036 61.5183 0
      vertex 69.0944 60.7721 0
    endloop
  endfacet
  facet normal -0.471329 0.881957 0
    outer loop
      vertex 69.0944 60.7721 0
      vertex 68.057 60.2177 5
      vertex 69.0944 60.7721 5
    endloop
  endfacet
  facet normal -0.471329 0.881957 0
    outer loop
      vertex 68.057 60.2177 5
      vertex 69.0944 60.7721 0
      vertex 68.057 60.2177 0
    endloop
  endfacet
  facet normal 0.995183 0.0980305 0
    outer loop
      vertex 59.8762 64.5904 5
      vertex 59.7609 65.7609 0
      vertex 59.7609 65.7609 5
    endloop
  endfacet
  facet normal 0.995183 0.0980305 0
    outer loop
      vertex 59.7609 65.7609 0
      vertex 59.8762 64.5904 5
      vertex 59.8762 64.5904 0
    endloop
  endfacet
  facet normal 0 0 -1
    outer loop
      vertex 71.6456 64.5904 5
      vertex 71.6456 66.9315 5
      vertex 71.7609 65.7609 5
    endloop
  endfacet
  facet normal 0 0 -1
    outer loop
      vertex 71.3042 63.4648 5
      vertex 71.6456 66.9315 5
      vertex 71.6456 64.5904 5
    endloop
  endfacet
  facet normal 0 0 -1
    outer loop
      vertex 71.3042 63.4648 5
      vertex 71.3042 68.057 5
      vertex 71.6456 66.9315 5
    endloop
  endfacet
  facet normal 0 0 -1
    outer loop
      vertex 70.7497 62.4275 5
      vertex 71.3042 68.057 5
      vertex 71.3042 63.4648 5
    endloop
  endfacet
  facet normal 0 0 -1
    outer loop
      vertex 70.7497 62.4275 5
      vertex 70.7497 69.0944 5
      vertex 71.3042 68.057 5
    endloop
  endfacet
  facet normal 0 0 -1
    outer loop
      vertex 70.0036 61.5183 5
      vertex 70.7497 69.0944 5
      vertex 70.7497 62.4275 5
    endloop
  endfacet
  facet normal 0 0 -1
    outer loop
      vertex 70.0036 61.5183 5
      vertex 70.0036 70.0036 5
      vertex 70.7497 69.0944 5
    endloop
  endfacet
  facet normal 0 0 -1
    outer loop
      vertex 69.0944 60.7721 5
      vertex 70.0036 70.0036 5
      vertex 70.0036 61.5183 5
    endloop
  endfacet
  facet normal 0 0 -1
    outer loop
      vertex 69.0944 60.7721 5
      vertex 69.0944 70.7497 5
      vertex 70.0036 70.0036 5
    endloop
  endfacet
  facet normal 0 0 -1
    outer loop
      vertex 68.057 60.2177 5
      vertex 69.0944 70.7497 5
      vertex 69.0944 60.7721 5
    endloop
  endfacet
  facet normal 0 0 -1
    outer loop
      vertex 68.057 60.2177 5
      vertex 68.057 71.3042 5
      vertex 69.0944 70.7497 5
    endloop
  endfacet
  facet normal 0 0 -1
    outer loop
      vertex 66.9315 59.8762 5
      vertex 68.057 71.3042 5
      vertex 68.057 60.2177 5
    endloop
  endfacet
  facet normal 0 0 -1
    outer loop
      vertex 66.9315 59.8762 5
      vertex 66.9315 71.6456 5
      vertex 68.057 71.3042 5
    endloop
  endfacet
  facet normal 0 0 -1
    outer loop
      vertex 65.7609 59.7609 5
      vertex 66.9315 71.6456 5
      vertex 66.9315 59.8762 5
    endloop
  endfacet
  facet normal 0 0 -1
    outer loop
      vertex 65.7609 59.7609 5
      vertex 65.7609 71.7609 5
      vertex 66.9315 71.6456 5
    endloop
  endfacet
  facet normal 0 0 -1
    outer loop
      vertex 64.5904 59.8762 5
      vertex 65.7609 71.7609 5
      vertex 65.7609 59.7609 5
    endloop
  endfacet
  facet normal 0 0 -1
    outer loop
      vertex 64.5904 59.8762 5
      vertex 64.5904 71.6456 5
      vertex 65.7609 71.7609 5
    endloop
  endfacet
  facet normal 0 0 -1
    outer loop
      vertex 63.4648 60.2177 5
      vertex 64.5904 71.6456 5
      vertex 64.5904 59.8762 5
    endloop
  endfacet
  facet normal 0 0 -1
    outer loop
      vertex 63.4648 60.2177 5
      vertex 63.4648 71.3042 5
      vertex 64.5904 71.6456 5
    endloop
  endfacet
  facet normal 0 0 -1
    outer loop
      vertex 62.4275 60.7721 5
      vertex 63.4648 71.3042 5
      vertex 63.4648 60.2177 5
    endloop
  endfacet
  facet normal 0 0 -1
    outer loop
      vertex 62.4275 60.7721 5
      vertex 62.4275 70.7497 5
      vertex 63.4648 71.3042 5
    endloop
  endfacet
  facet normal 0 0 -1
    outer loop
      vertex 61.5183 61.5183 5
      vertex 62.4275 70.7497 5
      vertex 62.4275 60.7721 5
    endloop
  endfacet
  facet normal 0 0 -1
    outer loop
      vertex 61.5183 61.5183 5
      vertex 61.5183 70.0036 5
      vertex 62.4275 70.7497 5
    endloop
  endfacet
  facet normal 0 0 -1
    outer loop
      vertex 60.7721 62.4275 5
      vertex 61.5183 70.0036 5
      vertex 61.5183 61.5183 5
    endloop
  endfacet
  facet normal 0 0 -1
    outer loop
      vertex 60.7721 62.4275 5
      vertex 60.7721 69.0944 5
      vertex 61.5183 70.0036 5
    endloop
  endfacet
  facet normal 0 0 -1
    outer loop
      vertex 60.2177 63.4648 5
      vertex 60.7721 69.0944 5
      vertex 60.7721 62.4275 5
    endloop
  endfacet
  facet normal 0 0 -1
    outer loop
      vertex 60.2177 63.4648 5
      vertex 60.2177 68.057 5
      vertex 60.7721 69.0944 5
    endloop
  endfacet
  facet normal 0 0 -1
    outer loop
      vertex 59.8762 64.5904 5
      vertex 60.2177 68.057 5
      vertex 60.2177 63.4648 5
    endloop
  endfacet
  facet normal 0 0 -1
    outer loop
      vertex 59.8762 64.5904 5
      vertex 59.8762 66.9315 5
      vertex 60.2177 68.057 5
    endloop
  endfacet
  facet normal 0 -0 -1
    outer loop
      vertex 59.8762 66.9315 5
      vertex 59.8762 64.5904 5
      vertex 59.7609 65.7609 5
    endloop
  endfacet
  facet normal -0.634362 -0.773036 0
    outer loop
      vertex -62.4275 70.7497 0
      vertex -61.5183 70.0036 5
      vertex -62.4275 70.7497 5
    endloop
  endfacet
  facet normal -0.634362 -0.773036 -0
    outer loop
      vertex -61.5183 70.0036 5
      vertex -62.4275 70.7497 0
      vertex -61.5183 70.0036 0
    endloop
  endfacet
  facet normal 0.881922 -0.471396 0
    outer loop
      vertex -71.3042 68.057 5
      vertex -70.7497 69.0944 0
      vertex -70.7497 69.0944 5
    endloop
  endfacet
  facet normal 0.881922 -0.471396 0
    outer loop
      vertex -70.7497 69.0944 0
      vertex -71.3042 68.057 5
      vertex -71.3042 68.057 0
    endloop
  endfacet
  facet normal 0.773036 -0.634362 0
    outer loop
      vertex -70.7497 69.0944 5
      vertex -70.0036 70.0036 0
      vertex -70.0036 70.0036 5
    endloop
  endfacet
  facet normal 0.773036 -0.634362 0
    outer loop
      vertex -70.0036 70.0036 0
      vertex -70.7497 69.0944 5
      vertex -70.7497 69.0944 0
    endloop
  endfacet
  facet normal 0.956944 -0.290272 0
    outer loop
      vertex -71.6456 66.9315 5
      vertex -71.3042 68.057 0
      vertex -71.3042 68.057 5
    endloop
  endfacet
  facet normal 0.956944 -0.290272 0
    outer loop
      vertex -71.3042 68.057 0
      vertex -71.6456 66.9315 5
      vertex -71.6456 66.9315 0
    endloop
  endfacet
  facet normal 0.634362 -0.773036 0
    outer loop
      vertex -70.0036 70.0036 0
      vertex -69.0944 70.7497 5
      vertex -70.0036 70.0036 5
    endloop
  endfacet
  facet normal 0.634362 -0.773036 0
    outer loop
      vertex -69.0944 70.7497 5
      vertex -70.0036 70.0036 0
      vertex -69.0944 70.7497 0
    endloop
  endfacet
  facet normal -0.995183 0.0980305 0
    outer loop
      vertex -59.8762 64.5904 0
      vertex -59.7609 65.7609 5
      vertex -59.7609 65.7609 0
    endloop
  endfacet
  facet normal -0.995183 0.0980305 0
    outer loop
      vertex -59.7609 65.7609 5
      vertex -59.8762 64.5904 0
      vertex -59.8762 64.5904 5
    endloop
  endfacet
  facet normal 0.881903 0.471431 0
    outer loop
      vertex -70.7497 62.4275 5
      vertex -71.3042 63.4648 0
      vertex -71.3042 63.4648 5
    endloop
  endfacet
  facet normal 0.881903 0.471431 0
    outer loop
      vertex -71.3042 63.4648 0
      vertex -70.7497 62.4275 5
      vertex -70.7497 62.4275 0
    endloop
  endfacet
  facet normal -0.881938 0.471365 0
    outer loop
      vertex -60.7721 62.4275 0
      vertex -60.2177 63.4648 5
      vertex -60.2177 63.4648 0
    endloop
  endfacet
  facet normal -0.881938 0.471365 0
    outer loop
      vertex -60.2177 63.4648 5
      vertex -60.7721 62.4275 0
      vertex -60.7721 62.4275 5
    endloop
  endfacet
  facet normal -0.995184 -0.0980222 0
    outer loop
      vertex -59.7609 65.7609 0
      vertex -59.8762 66.9315 5
      vertex -59.8762 66.9315 0
    endloop
  endfacet
  facet normal -0.995184 -0.0980222 0
    outer loop
      vertex -59.8762 66.9315 5
      vertex -59.7609 65.7609 0
      vertex -59.7609 65.7609 5
    endloop
  endfacet
  facet normal -0.956921 -0.29035 0
    outer loop
      vertex -59.8762 66.9315 0
      vertex -60.2177 68.057 5
      vertex -60.2177 68.057 0
    endloop
  endfacet
  facet normal -0.956921 -0.29035 0
    outer loop
      vertex -60.2177 68.057 5
      vertex -59.8762 66.9315 0
      vertex -59.8762 66.9315 5
    endloop
  endfacet
  facet normal 0.995184 -0.0980222 0
    outer loop
      vertex -71.7609 65.7609 5
      vertex -71.6456 66.9315 0
      vertex -71.6456 66.9315 5
    endloop
  endfacet
  facet normal 0.995184 -0.0980222 0
    outer loop
      vertex -71.6456 66.9315 0
      vertex -71.7609 65.7609 5
      vertex -71.7609 65.7609 0
    endloop
  endfacet
  facet normal 0.0980222 -0.995184 0
    outer loop
      vertex -66.9315 71.6456 0
      vertex -65.7609 71.7609 5
      vertex -66.9315 71.6456 5
    endloop
  endfacet
  facet normal 0.0980222 -0.995184 0
    outer loop
      vertex -65.7609 71.7609 5
      vertex -66.9315 71.6456 0
      vertex -65.7609 71.7609 0
    endloop
  endfacet
  facet normal 0 0 -1
    outer loop
      vertex -59.8762 64.5904 5
      vertex -59.8762 66.9315 5
      vertex -59.7609 65.7609 5
    endloop
  endfacet
  facet normal 0 0 -1
    outer loop
      vertex -60.2177 63.4648 5
      vertex -59.8762 66.9315 5
      vertex -59.8762 64.5904 5
    endloop
  endfacet
  facet normal 0 0 -1
    outer loop
      vertex -60.2177 63.4648 5
      vertex -60.2177 68.057 5
      vertex -59.8762 66.9315 5
    endloop
  endfacet
  facet normal 0 0 -1
    outer loop
      vertex -60.7721 62.4275 5
      vertex -60.2177 68.057 5
      vertex -60.2177 63.4648 5
    endloop
  endfacet
  facet normal 0 0 -1
    outer loop
      vertex -60.7721 62.4275 5
      vertex -60.7721 69.0944 5
      vertex -60.2177 68.057 5
    endloop
  endfacet
  facet normal 0 0 -1
    outer loop
      vertex -61.5183 61.5183 5
      vertex -60.7721 69.0944 5
      vertex -60.7721 62.4275 5
    endloop
  endfacet
  facet normal 0 0 -1
    outer loop
      vertex -61.5183 61.5183 5
      vertex -61.5183 70.0036 5
      vertex -60.7721 69.0944 5
    endloop
  endfacet
  facet normal 0 0 -1
    outer loop
      vertex -62.4275 60.7721 5
      vertex -61.5183 70.0036 5
      vertex -61.5183 61.5183 5
    endloop
  endfacet
  facet normal 0 0 -1
    outer loop
      vertex -62.4275 60.7721 5
      vertex -62.4275 70.7497 5
      vertex -61.5183 70.0036 5
    endloop
  endfacet
  facet normal 0 0 -1
    outer loop
      vertex -63.4648 60.2177 5
      vertex -62.4275 70.7497 5
      vertex -62.4275 60.7721 5
    endloop
  endfacet
  facet normal 0 0 -1
    outer loop
      vertex -63.4648 60.2177 5
      vertex -63.4648 71.3042 5
      vertex -62.4275 70.7497 5
    endloop
  endfacet
  facet normal 0 0 -1
    outer loop
      vertex -64.5904 59.8762 5
      vertex -63.4648 71.3042 5
      vertex -63.4648 60.2177 5
    endloop
  endfacet
  facet normal 0 0 -1
    outer loop
      vertex -64.5904 59.8762 5
      vertex -64.5904 71.6456 5
      vertex -63.4648 71.3042 5
    endloop
  endfacet
  facet normal 0 0 -1
    outer loop
      vertex -65.7609 59.7609 5
      vertex -64.5904 71.6456 5
      vertex -64.5904 59.8762 5
    endloop
  endfacet
  facet normal 0 0 -1
    outer loop
      vertex -65.7609 59.7609 5
      vertex -65.7609 71.7609 5
      vertex -64.5904 71.6456 5
    endloop
  endfacet
  facet normal 0 0 -1
    outer loop
      vertex -66.9315 59.8762 5
      vertex -65.7609 71.7609 5
      vertex -65.7609 59.7609 5
    endloop
  endfacet
  facet normal 0 0 -1
    outer loop
      vertex -66.9315 59.8762 5
      vertex -66.9315 71.6456 5
      vertex -65.7609 71.7609 5
    endloop
  endfacet
  facet normal 0 0 -1
    outer loop
      vertex -68.057 60.2177 5
      vertex -66.9315 71.6456 5
      vertex -66.9315 59.8762 5
    endloop
  endfacet
  facet normal 0 0 -1
    outer loop
      vertex -68.057 60.2177 5
      vertex -68.057 71.3042 5
      vertex -66.9315 71.6456 5
    endloop
  endfacet
  facet normal 0 0 -1
    outer loop
      vertex -69.0944 60.7721 5
      vertex -68.057 71.3042 5
      vertex -68.057 60.2177 5
    endloop
  endfacet
  facet normal 0 0 -1
    outer loop
      vertex -69.0944 60.7721 5
      vertex -69.0944 70.7497 5
      vertex -68.057 71.3042 5
    endloop
  endfacet
  facet normal 0 0 -1
    outer loop
      vertex -70.0036 61.5183 5
      vertex -69.0944 70.7497 5
      vertex -69.0944 60.7721 5
    endloop
  endfacet
  facet normal 0 0 -1
    outer loop
      vertex -70.0036 61.5183 5
      vertex -70.0036 70.0036 5
      vertex -69.0944 70.7497 5
    endloop
  endfacet
  facet normal 0 0 -1
    outer loop
      vertex -70.7497 62.4275 5
      vertex -70.0036 70.0036 5
      vertex -70.0036 61.5183 5
    endloop
  endfacet
  facet normal 0 0 -1
    outer loop
      vertex -70.7497 62.4275 5
      vertex -70.7497 69.0944 5
      vertex -70.0036 70.0036 5
    endloop
  endfacet
  facet normal 0 0 -1
    outer loop
      vertex -71.3042 63.4648 5
      vertex -70.7497 69.0944 5
      vertex -70.7497 62.4275 5
    endloop
  endfacet
  facet normal 0 0 -1
    outer loop
      vertex -71.3042 63.4648 5
      vertex -71.3042 68.057 5
      vertex -70.7497 69.0944 5
    endloop
  endfacet
  facet normal 0 0 -1
    outer loop
      vertex -71.6456 64.5904 5
      vertex -71.3042 68.057 5
      vertex -71.3042 63.4648 5
    endloop
  endfacet
  facet normal 0 0 -1
    outer loop
      vertex -71.6456 64.5904 5
      vertex -71.6456 66.9315 5
      vertex -71.3042 68.057 5
    endloop
  endfacet
  facet normal 0 -0 -1
    outer loop
      vertex -71.6456 66.9315 5
      vertex -71.6456 64.5904 5
      vertex -71.7609 65.7609 5
    endloop
  endfacet
  facet normal 0.290272 -0.956944 0
    outer loop
      vertex -68.057 71.3042 0
      vertex -66.9315 71.6456 5
      vertex -68.057 71.3042 5
    endloop
  endfacet
  facet normal 0.290272 -0.956944 0
    outer loop
      vertex -66.9315 71.6456 5
      vertex -68.057 71.3042 0
      vertex -66.9315 71.6456 0
    endloop
  endfacet
  facet normal 0.471396 -0.881922 0
    outer loop
      vertex -69.0944 70.7497 0
      vertex -68.057 71.3042 5
      vertex -69.0944 70.7497 5
    endloop
  endfacet
  facet normal 0.471396 -0.881922 0
    outer loop
      vertex -68.057 71.3042 5
      vertex -69.0944 70.7497 0
      vertex -68.057 71.3042 0
    endloop
  endfacet
  facet normal 0.29035 0.956921 -0
    outer loop
      vertex -66.9315 59.8762 0
      vertex -68.057 60.2177 5
      vertex -66.9315 59.8762 5
    endloop
  endfacet
  facet normal 0.29035 0.956921 0
    outer loop
      vertex -68.057 60.2177 5
      vertex -66.9315 59.8762 0
      vertex -68.057 60.2177 0
    endloop
  endfacet
  facet normal -0.634413 0.772994 0
    outer loop
      vertex -61.5183 61.5183 0
      vertex -62.4275 60.7721 5
      vertex -61.5183 61.5183 5
    endloop
  endfacet
  facet normal -0.634413 0.772994 0
    outer loop
      vertex -62.4275 60.7721 5
      vertex -61.5183 61.5183 0
      vertex -62.4275 60.7721 0
    endloop
  endfacet
  facet normal -0.290248 -0.956951 0
    outer loop
      vertex -64.5904 71.6456 0
      vertex -63.4648 71.3042 5
      vertex -64.5904 71.6456 5
    endloop
  endfacet
  facet normal -0.290248 -0.956951 -0
    outer loop
      vertex -63.4648 71.3042 5
      vertex -64.5904 71.6456 0
      vertex -63.4648 71.3042 0
    endloop
  endfacet
  facet normal 0.471329 0.881957 -0
    outer loop
      vertex -68.057 60.2177 0
      vertex -69.0944 60.7721 5
      vertex -68.057 60.2177 5
    endloop
  endfacet
  facet normal 0.471329 0.881957 0
    outer loop
      vertex -69.0944 60.7721 5
      vertex -68.057 60.2177 0
      vertex -69.0944 60.7721 0
    endloop
  endfacet
  facet normal -0.0980305 -0.995183 0
    outer loop
      vertex -65.7609 71.7609 0
      vertex -64.5904 71.6456 5
      vertex -65.7609 71.7609 5
    endloop
  endfacet
  facet normal -0.0980305 -0.995183 -0
    outer loop
      vertex -64.5904 71.6456 5
      vertex -65.7609 71.7609 0
      vertex -64.5904 71.6456 0
    endloop
  endfacet
  facet normal 0.0980222 0.995184 -0
    outer loop
      vertex -65.7609 59.7609 0
      vertex -66.9315 59.8762 5
      vertex -65.7609 59.7609 5
    endloop
  endfacet
  facet normal 0.0980222 0.995184 0
    outer loop
      vertex -66.9315 59.8762 5
      vertex -65.7609 59.7609 0
      vertex -66.9315 59.8762 0
    endloop
  endfacet
  facet normal -0.956928 0.290326 0
    outer loop
      vertex -60.2177 63.4648 0
      vertex -59.8762 64.5904 5
      vertex -59.8762 64.5904 0
    endloop
  endfacet
  facet normal -0.956928 0.290326 0
    outer loop
      vertex -59.8762 64.5904 5
      vertex -60.2177 63.4648 0
      vertex -60.2177 63.4648 5
    endloop
  endfacet
  facet normal -0.881957 -0.471329 0
    outer loop
      vertex -60.2177 68.057 0
      vertex -60.7721 69.0944 5
      vertex -60.7721 69.0944 0
    endloop
  endfacet
  facet normal -0.881957 -0.471329 0
    outer loop
      vertex -60.7721 69.0944 5
      vertex -60.2177 68.057 0
      vertex -60.2177 68.057 5
    endloop
  endfacet
  facet normal -0.471365 0.881938 0
    outer loop
      vertex -62.4275 60.7721 0
      vertex -63.4648 60.2177 5
      vertex -62.4275 60.7721 5
    endloop
  endfacet
  facet normal -0.471365 0.881938 0
    outer loop
      vertex -63.4648 60.2177 5
      vertex -62.4275 60.7721 0
      vertex -63.4648 60.2177 0
    endloop
  endfacet
  facet normal -0.471431 -0.881903 0
    outer loop
      vertex -63.4648 71.3042 0
      vertex -62.4275 70.7497 5
      vertex -63.4648 71.3042 5
    endloop
  endfacet
  facet normal -0.471431 -0.881903 -0
    outer loop
      vertex -62.4275 70.7497 5
      vertex -63.4648 71.3042 0
      vertex -62.4275 70.7497 0
    endloop
  endfacet
  facet normal 0.995183 0.0980305 0
    outer loop
      vertex -71.6456 64.5904 5
      vertex -71.7609 65.7609 0
      vertex -71.7609 65.7609 5
    endloop
  endfacet
  facet normal 0.995183 0.0980305 0
    outer loop
      vertex -71.7609 65.7609 0
      vertex -71.6456 64.5904 5
      vertex -71.6456 64.5904 0
    endloop
  endfacet
  facet normal -0.772994 0.634413 0
    outer loop
      vertex -61.5183 61.5183 0
      vertex -60.7721 62.4275 5
      vertex -60.7721 62.4275 0
    endloop
  endfacet
  facet normal -0.772994 0.634413 0
    outer loop
      vertex -60.7721 62.4275 5
      vertex -61.5183 61.5183 0
      vertex -61.5183 61.5183 5
    endloop
  endfacet
  facet normal 0.956951 0.290248 0
    outer loop
      vertex -71.3042 63.4648 5
      vertex -71.6456 64.5904 0
      vertex -71.6456 64.5904 5
    endloop
  endfacet
  facet normal 0.956951 0.290248 0
    outer loop
      vertex -71.6456 64.5904 0
      vertex -71.3042 63.4648 5
      vertex -71.3042 63.4648 0
    endloop
  endfacet
  facet normal -0.290326 0.956928 0
    outer loop
      vertex -63.4648 60.2177 0
      vertex -64.5904 59.8762 5
      vertex -63.4648 60.2177 5
    endloop
  endfacet
  facet normal -0.290326 0.956928 0
    outer loop
      vertex -64.5904 59.8762 5
      vertex -63.4648 60.2177 0
      vertex -64.5904 59.8762 0
    endloop
  endfacet
  facet normal 0.773036 0.634362 0
    outer loop
      vertex -70.0036 61.5183 5
      vertex -70.7497 62.4275 0
      vertex -70.7497 62.4275 5
    endloop
  endfacet
  facet normal 0.773036 0.634362 0
    outer loop
      vertex -70.7497 62.4275 0
      vertex -70.0036 61.5183 5
      vertex -70.0036 61.5183 0
    endloop
  endfacet
  facet normal 0.634413 0.772994 -0
    outer loop
      vertex -69.0944 60.7721 0
      vertex -70.0036 61.5183 5
      vertex -69.0944 60.7721 5
    endloop
  endfacet
  facet normal 0.634413 0.772994 0
    outer loop
      vertex -70.0036 61.5183 5
      vertex -69.0944 60.7721 0
      vertex -70.0036 61.5183 0
    endloop
  endfacet
  facet normal -0.772994 -0.634413 0
    outer loop
      vertex -60.7721 69.0944 0
      vertex -61.5183 70.0036 5
      vertex -61.5183 70.0036 0
    endloop
  endfacet
  facet normal -0.772994 -0.634413 0
    outer loop
      vertex -61.5183 70.0036 5
      vertex -60.7721 69.0944 0
      vertex -60.7721 69.0944 5
    endloop
  endfacet
  facet normal -0.0980305 0.995183 0
    outer loop
      vertex -64.5904 59.8762 0
      vertex -65.7609 59.7609 5
      vertex -64.5904 59.8762 5
    endloop
  endfacet
  facet normal -0.0980305 0.995183 0
    outer loop
      vertex -65.7609 59.7609 5
      vertex -64.5904 59.8762 0
      vertex -65.7609 59.7609 0
    endloop
  endfacet
  facet normal 0.773036 -0.634362 0
    outer loop
      vertex -70.7497 -62.4275 5
      vertex -70.0036 -61.5183 0
      vertex -70.0036 -61.5183 5
    endloop
  endfacet
  facet normal 0.773036 -0.634362 0
    outer loop
      vertex -70.0036 -61.5183 0
      vertex -70.7497 -62.4275 5
      vertex -70.7497 -62.4275 0
    endloop
  endfacet
  facet normal 0.290272 0.956944 -0
    outer loop
      vertex -66.9315 -71.6456 0
      vertex -68.057 -71.3042 5
      vertex -66.9315 -71.6456 5
    endloop
  endfacet
  facet normal 0.290272 0.956944 0
    outer loop
      vertex -68.057 -71.3042 5
      vertex -66.9315 -71.6456 0
      vertex -68.057 -71.3042 0
    endloop
  endfacet
  facet normal 0.773036 0.634362 0
    outer loop
      vertex -70.0036 -70.0036 5
      vertex -70.7497 -69.0944 0
      vertex -70.7497 -69.0944 5
    endloop
  endfacet
  facet normal 0.773036 0.634362 0
    outer loop
      vertex -70.7497 -69.0944 0
      vertex -70.0036 -70.0036 5
      vertex -70.0036 -70.0036 0
    endloop
  endfacet
  facet normal -0.471431 0.881903 0
    outer loop
      vertex -62.4275 -70.7497 0
      vertex -63.4648 -71.3042 5
      vertex -62.4275 -70.7497 5
    endloop
  endfacet
  facet normal -0.471431 0.881903 0
    outer loop
      vertex -63.4648 -71.3042 5
      vertex -62.4275 -70.7497 0
      vertex -63.4648 -71.3042 0
    endloop
  endfacet
  facet normal -0.471365 -0.881938 0
    outer loop
      vertex -63.4648 -60.2177 0
      vertex -62.4275 -60.7721 5
      vertex -63.4648 -60.2177 5
    endloop
  endfacet
  facet normal -0.471365 -0.881938 -0
    outer loop
      vertex -62.4275 -60.7721 5
      vertex -63.4648 -60.2177 0
      vertex -62.4275 -60.7721 0
    endloop
  endfacet
  facet normal 0.0980222 -0.995184 0
    outer loop
      vertex -66.9315 -59.8762 0
      vertex -65.7609 -59.7609 5
      vertex -66.9315 -59.8762 5
    endloop
  endfacet
  facet normal 0.0980222 -0.995184 0
    outer loop
      vertex -65.7609 -59.7609 5
      vertex -66.9315 -59.8762 0
      vertex -65.7609 -59.7609 0
    endloop
  endfacet
  facet normal 0.29035 -0.956921 0
    outer loop
      vertex -68.057 -60.2177 0
      vertex -66.9315 -59.8762 5
      vertex -68.057 -60.2177 5
    endloop
  endfacet
  facet normal 0.29035 -0.956921 0
    outer loop
      vertex -66.9315 -59.8762 5
      vertex -68.057 -60.2177 0
      vertex -66.9315 -59.8762 0
    endloop
  endfacet
  facet normal 0.634362 0.773036 -0
    outer loop
      vertex -69.0944 -70.7497 0
      vertex -70.0036 -70.0036 5
      vertex -69.0944 -70.7497 5
    endloop
  endfacet
  facet normal 0.634362 0.773036 0
    outer loop
      vertex -70.0036 -70.0036 5
      vertex -69.0944 -70.7497 0
      vertex -70.0036 -70.0036 0
    endloop
  endfacet
  facet normal 0.0980222 0.995184 -0
    outer loop
      vertex -65.7609 -71.7609 0
      vertex -66.9315 -71.6456 5
      vertex -65.7609 -71.7609 5
    endloop
  endfacet
  facet normal 0.0980222 0.995184 0
    outer loop
      vertex -66.9315 -71.6456 5
      vertex -65.7609 -71.7609 0
      vertex -66.9315 -71.6456 0
    endloop
  endfacet
  facet normal 0.881922 0.471396 0
    outer loop
      vertex -70.7497 -69.0944 5
      vertex -71.3042 -68.057 0
      vertex -71.3042 -68.057 5
    endloop
  endfacet
  facet normal 0.881922 0.471396 0
    outer loop
      vertex -71.3042 -68.057 0
      vertex -70.7497 -69.0944 5
      vertex -70.7497 -69.0944 0
    endloop
  endfacet
  facet normal 0.995184 0.0980222 0
    outer loop
      vertex -71.6456 -66.9315 5
      vertex -71.7609 -65.7609 0
      vertex -71.7609 -65.7609 5
    endloop
  endfacet
  facet normal 0.995184 0.0980222 0
    outer loop
      vertex -71.7609 -65.7609 0
      vertex -71.6456 -66.9315 5
      vertex -71.6456 -66.9315 0
    endloop
  endfacet
  facet normal 0.956944 0.290272 0
    outer loop
      vertex -71.3042 -68.057 5
      vertex -71.6456 -66.9315 0
      vertex -71.6456 -66.9315 5
    endloop
  endfacet
  facet normal 0.956944 0.290272 0
    outer loop
      vertex -71.6456 -66.9315 0
      vertex -71.3042 -68.057 5
      vertex -71.3042 -68.057 0
    endloop
  endfacet
  facet normal -0.956921 0.29035 0
    outer loop
      vertex -60.2177 -68.057 0
      vertex -59.8762 -66.9315 5
      vertex -59.8762 -66.9315 0
    endloop
  endfacet
  facet normal -0.956921 0.29035 0
    outer loop
      vertex -59.8762 -66.9315 5
      vertex -60.2177 -68.057 0
      vertex -60.2177 -68.057 5
    endloop
  endfacet
  facet normal -0.772994 -0.634413 0
    outer loop
      vertex -60.7721 -62.4275 0
      vertex -61.5183 -61.5183 5
      vertex -61.5183 -61.5183 0
    endloop
  endfacet
  facet normal -0.772994 -0.634413 0
    outer loop
      vertex -61.5183 -61.5183 5
      vertex -60.7721 -62.4275 0
      vertex -60.7721 -62.4275 5
    endloop
  endfacet
  facet normal 0.956951 -0.290248 0
    outer loop
      vertex -71.6456 -64.5904 5
      vertex -71.3042 -63.4648 0
      vertex -71.3042 -63.4648 5
    endloop
  endfacet
  facet normal 0.956951 -0.290248 0
    outer loop
      vertex -71.3042 -63.4648 0
      vertex -71.6456 -64.5904 5
      vertex -71.6456 -64.5904 0
    endloop
  endfacet
  facet normal -0.881957 0.471329 0
    outer loop
      vertex -60.7721 -69.0944 0
      vertex -60.2177 -68.057 5
      vertex -60.2177 -68.057 0
    endloop
  endfacet
  facet normal -0.881957 0.471329 0
    outer loop
      vertex -60.2177 -68.057 5
      vertex -60.7721 -69.0944 0
      vertex -60.7721 -69.0944 5
    endloop
  endfacet
  facet normal 0.471396 0.881922 -0
    outer loop
      vertex -68.057 -71.3042 0
      vertex -69.0944 -70.7497 5
      vertex -68.057 -71.3042 5
    endloop
  endfacet
  facet normal 0.471396 0.881922 0
    outer loop
      vertex -69.0944 -70.7497 5
      vertex -68.057 -71.3042 0
      vertex -69.0944 -70.7497 0
    endloop
  endfacet
  facet normal 0.995183 -0.0980305 0
    outer loop
      vertex -71.7609 -65.7609 5
      vertex -71.6456 -64.5904 0
      vertex -71.6456 -64.5904 5
    endloop
  endfacet
  facet normal 0.995183 -0.0980305 0
    outer loop
      vertex -71.6456 -64.5904 0
      vertex -71.7609 -65.7609 5
      vertex -71.7609 -65.7609 0
    endloop
  endfacet
  facet normal -0.995184 0.0980222 0
    outer loop
      vertex -59.8762 -66.9315 0
      vertex -59.7609 -65.7609 5
      vertex -59.7609 -65.7609 0
    endloop
  endfacet
  facet normal -0.995184 0.0980222 0
    outer loop
      vertex -59.7609 -65.7609 5
      vertex -59.8762 -66.9315 0
      vertex -59.8762 -66.9315 5
    endloop
  endfacet
  facet normal -0.290326 -0.956928 0
    outer loop
      vertex -64.5904 -59.8762 0
      vertex -63.4648 -60.2177 5
      vertex -64.5904 -59.8762 5
    endloop
  endfacet
  facet normal -0.290326 -0.956928 -0
    outer loop
      vertex -63.4648 -60.2177 5
      vertex -64.5904 -59.8762 0
      vertex -63.4648 -60.2177 0
    endloop
  endfacet
  facet normal 0.471329 -0.881957 0
    outer loop
      vertex -69.0944 -60.7721 0
      vertex -68.057 -60.2177 5
      vertex -69.0944 -60.7721 5
    endloop
  endfacet
  facet normal 0.471329 -0.881957 0
    outer loop
      vertex -68.057 -60.2177 5
      vertex -69.0944 -60.7721 0
      vertex -68.057 -60.2177 0
    endloop
  endfacet
  facet normal -0.956928 -0.290326 0
    outer loop
      vertex -59.8762 -64.5904 0
      vertex -60.2177 -63.4648 5
      vertex -60.2177 -63.4648 0
    endloop
  endfacet
  facet normal -0.956928 -0.290326 0
    outer loop
      vertex -60.2177 -63.4648 5
      vertex -59.8762 -64.5904 0
      vertex -59.8762 -64.5904 5
    endloop
  endfacet
  facet normal 0.881903 -0.471431 0
    outer loop
      vertex -71.3042 -63.4648 5
      vertex -70.7497 -62.4275 0
      vertex -70.7497 -62.4275 5
    endloop
  endfacet
  facet normal 0.881903 -0.471431 0
    outer loop
      vertex -70.7497 -62.4275 0
      vertex -71.3042 -63.4648 5
      vertex -71.3042 -63.4648 0
    endloop
  endfacet
  facet normal -0.0980305 0.995183 0
    outer loop
      vertex -64.5904 -71.6456 0
      vertex -65.7609 -71.7609 5
      vertex -64.5904 -71.6456 5
    endloop
  endfacet
  facet normal -0.0980305 0.995183 0
    outer loop
      vertex -65.7609 -71.7609 5
      vertex -64.5904 -71.6456 0
      vertex -65.7609 -71.7609 0
    endloop
  endfacet
  facet normal -0.634413 -0.772994 0
    outer loop
      vertex -62.4275 -60.7721 0
      vertex -61.5183 -61.5183 5
      vertex -62.4275 -60.7721 5
    endloop
  endfacet
  facet normal -0.634413 -0.772994 -0
    outer loop
      vertex -61.5183 -61.5183 5
      vertex -62.4275 -60.7721 0
      vertex -61.5183 -61.5183 0
    endloop
  endfacet
  facet normal -0.290248 0.956951 0
    outer loop
      vertex -63.4648 -71.3042 0
      vertex -64.5904 -71.6456 5
      vertex -63.4648 -71.3042 5
    endloop
  endfacet
  facet normal -0.290248 0.956951 0
    outer loop
      vertex -64.5904 -71.6456 5
      vertex -63.4648 -71.3042 0
      vertex -64.5904 -71.6456 0
    endloop
  endfacet
  facet normal -0.0980305 -0.995183 0
    outer loop
      vertex -65.7609 -59.7609 0
      vertex -64.5904 -59.8762 5
      vertex -65.7609 -59.7609 5
    endloop
  endfacet
  facet normal -0.0980305 -0.995183 -0
    outer loop
      vertex -64.5904 -59.8762 5
      vertex -65.7609 -59.7609 0
      vertex -64.5904 -59.8762 0
    endloop
  endfacet
  facet normal -0.881938 -0.471365 0
    outer loop
      vertex -60.2177 -63.4648 0
      vertex -60.7721 -62.4275 5
      vertex -60.7721 -62.4275 0
    endloop
  endfacet
  facet normal -0.881938 -0.471365 0
    outer loop
      vertex -60.7721 -62.4275 5
      vertex -60.2177 -63.4648 0
      vertex -60.2177 -63.4648 5
    endloop
  endfacet
  facet normal -0.634362 0.773036 0
    outer loop
      vertex -61.5183 -70.0036 0
      vertex -62.4275 -70.7497 5
      vertex -61.5183 -70.0036 5
    endloop
  endfacet
  facet normal -0.634362 0.773036 0
    outer loop
      vertex -62.4275 -70.7497 5
      vertex -61.5183 -70.0036 0
      vertex -62.4275 -70.7497 0
    endloop
  endfacet
  facet normal -0.772994 0.634413 0
    outer loop
      vertex -61.5183 -70.0036 0
      vertex -60.7721 -69.0944 5
      vertex -60.7721 -69.0944 0
    endloop
  endfacet
  facet normal -0.772994 0.634413 0
    outer loop
      vertex -60.7721 -69.0944 5
      vertex -61.5183 -70.0036 0
      vertex -61.5183 -70.0036 5
    endloop
  endfacet
  facet normal 0.634413 -0.772994 0
    outer loop
      vertex -70.0036 -61.5183 0
      vertex -69.0944 -60.7721 5
      vertex -70.0036 -61.5183 5
    endloop
  endfacet
  facet normal 0.634413 -0.772994 0
    outer loop
      vertex -69.0944 -60.7721 5
      vertex -70.0036 -61.5183 0
      vertex -69.0944 -60.7721 0
    endloop
  endfacet
  facet normal 0 0 -1
    outer loop
      vertex -59.8762 -66.9315 5
      vertex -59.8762 -64.5904 5
      vertex -59.7609 -65.7609 5
    endloop
  endfacet
  facet normal 0 0 -1
    outer loop
      vertex -60.2177 -68.057 5
      vertex -59.8762 -64.5904 5
      vertex -59.8762 -66.9315 5
    endloop
  endfacet
  facet normal 0 0 -1
    outer loop
      vertex -60.2177 -68.057 5
      vertex -60.2177 -63.4648 5
      vertex -59.8762 -64.5904 5
    endloop
  endfacet
  facet normal 0 0 -1
    outer loop
      vertex -60.7721 -69.0944 5
      vertex -60.2177 -63.4648 5
      vertex -60.2177 -68.057 5
    endloop
  endfacet
  facet normal 0 0 -1
    outer loop
      vertex -60.7721 -69.0944 5
      vertex -60.7721 -62.4275 5
      vertex -60.2177 -63.4648 5
    endloop
  endfacet
  facet normal 0 0 -1
    outer loop
      vertex -61.5183 -70.0036 5
      vertex -60.7721 -62.4275 5
      vertex -60.7721 -69.0944 5
    endloop
  endfacet
  facet normal 0 0 -1
    outer loop
      vertex -61.5183 -70.0036 5
      vertex -61.5183 -61.5183 5
      vertex -60.7721 -62.4275 5
    endloop
  endfacet
  facet normal 0 0 -1
    outer loop
      vertex -62.4275 -70.7497 5
      vertex -61.5183 -61.5183 5
      vertex -61.5183 -70.0036 5
    endloop
  endfacet
  facet normal 0 0 -1
    outer loop
      vertex -62.4275 -70.7497 5
      vertex -62.4275 -60.7721 5
      vertex -61.5183 -61.5183 5
    endloop
  endfacet
  facet normal 0 0 -1
    outer loop
      vertex -63.4648 -71.3042 5
      vertex -62.4275 -60.7721 5
      vertex -62.4275 -70.7497 5
    endloop
  endfacet
  facet normal 0 0 -1
    outer loop
      vertex -63.4648 -71.3042 5
      vertex -63.4648 -60.2177 5
      vertex -62.4275 -60.7721 5
    endloop
  endfacet
  facet normal 0 0 -1
    outer loop
      vertex -64.5904 -71.6456 5
      vertex -63.4648 -60.2177 5
      vertex -63.4648 -71.3042 5
    endloop
  endfacet
  facet normal 0 0 -1
    outer loop
      vertex -64.5904 -71.6456 5
      vertex -64.5904 -59.8762 5
      vertex -63.4648 -60.2177 5
    endloop
  endfacet
  facet normal 0 0 -1
    outer loop
      vertex -65.7609 -71.7609 5
      vertex -64.5904 -59.8762 5
      vertex -64.5904 -71.6456 5
    endloop
  endfacet
  facet normal 0 0 -1
    outer loop
      vertex -65.7609 -71.7609 5
      vertex -65.7609 -59.7609 5
      vertex -64.5904 -59.8762 5
    endloop
  endfacet
  facet normal 0 0 -1
    outer loop
      vertex -66.9315 -71.6456 5
      vertex -65.7609 -59.7609 5
      vertex -65.7609 -71.7609 5
    endloop
  endfacet
  facet normal 0 0 -1
    outer loop
      vertex -66.9315 -71.6456 5
      vertex -66.9315 -59.8762 5
      vertex -65.7609 -59.7609 5
    endloop
  endfacet
  facet normal 0 0 -1
    outer loop
      vertex -68.057 -71.3042 5
      vertex -66.9315 -59.8762 5
      vertex -66.9315 -71.6456 5
    endloop
  endfacet
  facet normal 0 0 -1
    outer loop
      vertex -68.057 -71.3042 5
      vertex -68.057 -60.2177 5
      vertex -66.9315 -59.8762 5
    endloop
  endfacet
  facet normal 0 0 -1
    outer loop
      vertex -69.0944 -70.7497 5
      vertex -68.057 -60.2177 5
      vertex -68.057 -71.3042 5
    endloop
  endfacet
  facet normal 0 0 -1
    outer loop
      vertex -69.0944 -70.7497 5
      vertex -69.0944 -60.7721 5
      vertex -68.057 -60.2177 5
    endloop
  endfacet
  facet normal 0 0 -1
    outer loop
      vertex -70.0036 -70.0036 5
      vertex -69.0944 -60.7721 5
      vertex -69.0944 -70.7497 5
    endloop
  endfacet
  facet normal 0 0 -1
    outer loop
      vertex -70.0036 -70.0036 5
      vertex -70.0036 -61.5183 5
      vertex -69.0944 -60.7721 5
    endloop
  endfacet
  facet normal 0 0 -1
    outer loop
      vertex -70.7497 -69.0944 5
      vertex -70.0036 -61.5183 5
      vertex -70.0036 -70.0036 5
    endloop
  endfacet
  facet normal 0 0 -1
    outer loop
      vertex -70.7497 -69.0944 5
      vertex -70.7497 -62.4275 5
      vertex -70.0036 -61.5183 5
    endloop
  endfacet
  facet normal 0 0 -1
    outer loop
      vertex -71.3042 -68.057 5
      vertex -70.7497 -62.4275 5
      vertex -70.7497 -69.0944 5
    endloop
  endfacet
  facet normal 0 0 -1
    outer loop
      vertex -71.3042 -68.057 5
      vertex -71.3042 -63.4648 5
      vertex -70.7497 -62.4275 5
    endloop
  endfacet
  facet normal 0 0 -1
    outer loop
      vertex -71.6456 -66.9315 5
      vertex -71.3042 -63.4648 5
      vertex -71.3042 -68.057 5
    endloop
  endfacet
  facet normal 0 0 -1
    outer loop
      vertex -71.6456 -66.9315 5
      vertex -71.6456 -64.5904 5
      vertex -71.3042 -63.4648 5
    endloop
  endfacet
  facet normal 0 -0 -1
    outer loop
      vertex -71.6456 -64.5904 5
      vertex -71.6456 -66.9315 5
      vertex -71.7609 -65.7609 5
    endloop
  endfacet
  facet normal -0.995183 -0.0980305 0
    outer loop
      vertex -59.7609 -65.7609 0
      vertex -59.8762 -64.5904 5
      vertex -59.8762 -64.5904 0
    endloop
  endfacet
  facet normal -0.995183 -0.0980305 0
    outer loop
      vertex -59.8762 -64.5904 5
      vertex -59.7609 -65.7609 0
      vertex -59.7609 -65.7609 5
    endloop
  endfacet
  facet normal -0.956944 0.290272 0
    outer loop
      vertex 71.3042 -68.057 0
      vertex 71.6456 -66.9315 5
      vertex 71.6456 -66.9315 0
    endloop
  endfacet
  facet normal -0.956944 0.290272 0
    outer loop
      vertex 71.6456 -66.9315 5
      vertex 71.3042 -68.057 0
      vertex 71.3042 -68.057 5
    endloop
  endfacet
  facet normal -0.634362 0.773036 0
    outer loop
      vertex 70.0036 -70.0036 0
      vertex 69.0944 -70.7497 5
      vertex 70.0036 -70.0036 5
    endloop
  endfacet
  facet normal -0.634362 0.773036 0
    outer loop
      vertex 69.0944 -70.7497 5
      vertex 70.0036 -70.0036 0
      vertex 69.0944 -70.7497 0
    endloop
  endfacet
  facet normal 0.881938 -0.471365 0
    outer loop
      vertex 60.2177 -63.4648 5
      vertex 60.7721 -62.4275 0
      vertex 60.7721 -62.4275 5
    endloop
  endfacet
  facet normal 0.881938 -0.471365 0
    outer loop
      vertex 60.7721 -62.4275 0
      vertex 60.2177 -63.4648 5
      vertex 60.2177 -63.4648 0
    endloop
  endfacet
  facet normal 0.995184 0.0980222 0
    outer loop
      vertex 59.8762 -66.9315 5
      vertex 59.7609 -65.7609 0
      vertex 59.7609 -65.7609 5
    endloop
  endfacet
  facet normal 0.995184 0.0980222 0
    outer loop
      vertex 59.7609 -65.7609 0
      vertex 59.8762 -66.9315 5
      vertex 59.8762 -66.9315 0
    endloop
  endfacet
  facet normal -0.773036 0.634362 0
    outer loop
      vertex 70.0036 -70.0036 0
      vertex 70.7497 -69.0944 5
      vertex 70.7497 -69.0944 0
    endloop
  endfacet
  facet normal -0.773036 0.634362 0
    outer loop
      vertex 70.7497 -69.0944 5
      vertex 70.0036 -70.0036 0
      vertex 70.0036 -70.0036 5
    endloop
  endfacet
  facet normal -0.995184 0.0980222 0
    outer loop
      vertex 71.6456 -66.9315 0
      vertex 71.7609 -65.7609 5
      vertex 71.7609 -65.7609 0
    endloop
  endfacet
  facet normal -0.995184 0.0980222 0
    outer loop
      vertex 71.7609 -65.7609 5
      vertex 71.6456 -66.9315 0
      vertex 71.6456 -66.9315 5
    endloop
  endfacet
  facet normal -0.471396 0.881922 0
    outer loop
      vertex 69.0944 -70.7497 0
      vertex 68.057 -71.3042 5
      vertex 69.0944 -70.7497 5
    endloop
  endfacet
  facet normal -0.471396 0.881922 0
    outer loop
      vertex 68.057 -71.3042 5
      vertex 69.0944 -70.7497 0
      vertex 68.057 -71.3042 0
    endloop
  endfacet
  facet normal -0.0980222 -0.995184 0
    outer loop
      vertex 65.7609 -59.7609 0
      vertex 66.9315 -59.8762 5
      vertex 65.7609 -59.7609 5
    endloop
  endfacet
  facet normal -0.0980222 -0.995184 -0
    outer loop
      vertex 66.9315 -59.8762 5
      vertex 65.7609 -59.7609 0
      vertex 66.9315 -59.8762 0
    endloop
  endfacet
  facet normal -0.0980222 0.995184 0
    outer loop
      vertex 66.9315 -71.6456 0
      vertex 65.7609 -71.7609 5
      vertex 66.9315 -71.6456 5
    endloop
  endfacet
  facet normal -0.0980222 0.995184 0
    outer loop
      vertex 65.7609 -71.7609 5
      vertex 66.9315 -71.6456 0
      vertex 65.7609 -71.7609 0
    endloop
  endfacet
  facet normal -0.290272 0.956944 0
    outer loop
      vertex 68.057 -71.3042 0
      vertex 66.9315 -71.6456 5
      vertex 68.057 -71.3042 5
    endloop
  endfacet
  facet normal -0.290272 0.956944 0
    outer loop
      vertex 66.9315 -71.6456 5
      vertex 68.057 -71.3042 0
      vertex 66.9315 -71.6456 0
    endloop
  endfacet
  facet normal -0.29035 -0.956921 0
    outer loop
      vertex 66.9315 -59.8762 0
      vertex 68.057 -60.2177 5
      vertex 66.9315 -59.8762 5
    endloop
  endfacet
  facet normal -0.29035 -0.956921 -0
    outer loop
      vertex 68.057 -60.2177 5
      vertex 66.9315 -59.8762 0
      vertex 68.057 -60.2177 0
    endloop
  endfacet
  facet normal 0.634413 -0.772994 0
    outer loop
      vertex 61.5183 -61.5183 0
      vertex 62.4275 -60.7721 5
      vertex 61.5183 -61.5183 5
    endloop
  endfacet
  facet normal 0.634413 -0.772994 0
    outer loop
      vertex 62.4275 -60.7721 5
      vertex 61.5183 -61.5183 0
      vertex 62.4275 -60.7721 0
    endloop
  endfacet
  facet normal 0.290248 0.956951 -0
    outer loop
      vertex 64.5904 -71.6456 0
      vertex 63.4648 -71.3042 5
      vertex 64.5904 -71.6456 5
    endloop
  endfacet
  facet normal 0.290248 0.956951 0
    outer loop
      vertex 63.4648 -71.3042 5
      vertex 64.5904 -71.6456 0
      vertex 63.4648 -71.3042 0
    endloop
  endfacet
  facet normal -0.471329 -0.881957 0
    outer loop
      vertex 68.057 -60.2177 0
      vertex 69.0944 -60.7721 5
      vertex 68.057 -60.2177 5
    endloop
  endfacet
  facet normal -0.471329 -0.881957 -0
    outer loop
      vertex 69.0944 -60.7721 5
      vertex 68.057 -60.2177 0
      vertex 69.0944 -60.7721 0
    endloop
  endfacet
  facet normal -0.881922 0.471396 0
    outer loop
      vertex 70.7497 -69.0944 0
      vertex 71.3042 -68.057 5
      vertex 71.3042 -68.057 0
    endloop
  endfacet
  facet normal -0.881922 0.471396 0
    outer loop
      vertex 71.3042 -68.057 5
      vertex 70.7497 -69.0944 0
      vertex 70.7497 -69.0944 5
    endloop
  endfacet
  facet normal 0.0980305 0.995183 -0
    outer loop
      vertex 65.7609 -71.7609 0
      vertex 64.5904 -71.6456 5
      vertex 65.7609 -71.7609 5
    endloop
  endfacet
  facet normal 0.0980305 0.995183 0
    outer loop
      vertex 64.5904 -71.6456 5
      vertex 65.7609 -71.7609 0
      vertex 64.5904 -71.6456 0
    endloop
  endfacet
  facet normal -0.881903 -0.471431 0
    outer loop
      vertex 71.3042 -63.4648 0
      vertex 70.7497 -62.4275 5
      vertex 70.7497 -62.4275 0
    endloop
  endfacet
  facet normal -0.881903 -0.471431 0
    outer loop
      vertex 70.7497 -62.4275 5
      vertex 71.3042 -63.4648 0
      vertex 71.3042 -63.4648 5
    endloop
  endfacet
  facet normal 0 0 -1
    outer loop
      vertex 71.6456 -66.9315 5
      vertex 71.6456 -64.5904 5
      vertex 71.7609 -65.7609 5
    endloop
  endfacet
  facet normal 0 0 -1
    outer loop
      vertex 71.3042 -68.057 5
      vertex 71.6456 -64.5904 5
      vertex 71.6456 -66.9315 5
    endloop
  endfacet
  facet normal 0 0 -1
    outer loop
      vertex 71.3042 -68.057 5
      vertex 71.3042 -63.4648 5
      vertex 71.6456 -64.5904 5
    endloop
  endfacet
  facet normal 0 0 -1
    outer loop
      vertex 70.7497 -69.0944 5
      vertex 71.3042 -63.4648 5
      vertex 71.3042 -68.057 5
    endloop
  endfacet
  facet normal 0 0 -1
    outer loop
      vertex 70.7497 -69.0944 5
      vertex 70.7497 -62.4275 5
      vertex 71.3042 -63.4648 5
    endloop
  endfacet
  facet normal 0 0 -1
    outer loop
      vertex 70.0036 -70.0036 5
      vertex 70.7497 -62.4275 5
      vertex 70.7497 -69.0944 5
    endloop
  endfacet
  facet normal 0 0 -1
    outer loop
      vertex 70.0036 -70.0036 5
      vertex 70.0036 -61.5183 5
      vertex 70.7497 -62.4275 5
    endloop
  endfacet
  facet normal 0 0 -1
    outer loop
      vertex 69.0944 -70.7497 5
      vertex 70.0036 -61.5183 5
      vertex 70.0036 -70.0036 5
    endloop
  endfacet
  facet normal 0 0 -1
    outer loop
      vertex 69.0944 -70.7497 5
      vertex 69.0944 -60.7721 5
      vertex 70.0036 -61.5183 5
    endloop
  endfacet
  facet normal 0 0 -1
    outer loop
      vertex 68.057 -71.3042 5
      vertex 69.0944 -60.7721 5
      vertex 69.0944 -70.7497 5
    endloop
  endfacet
  facet normal 0 0 -1
    outer loop
      vertex 68.057 -71.3042 5
      vertex 68.057 -60.2177 5
      vertex 69.0944 -60.7721 5
    endloop
  endfacet
  facet normal 0 0 -1
    outer loop
      vertex 66.9315 -71.6456 5
      vertex 68.057 -60.2177 5
      vertex 68.057 -71.3042 5
    endloop
  endfacet
  facet normal 0 0 -1
    outer loop
      vertex 66.9315 -71.6456 5
      vertex 66.9315 -59.8762 5
      vertex 68.057 -60.2177 5
    endloop
  endfacet
  facet normal 0 0 -1
    outer loop
      vertex 65.7609 -71.7609 5
      vertex 66.9315 -59.8762 5
      vertex 66.9315 -71.6456 5
    endloop
  endfacet
  facet normal 0 0 -1
    outer loop
      vertex 65.7609 -71.7609 5
      vertex 65.7609 -59.7609 5
      vertex 66.9315 -59.8762 5
    endloop
  endfacet
  facet normal 0 0 -1
    outer loop
      vertex 64.5904 -71.6456 5
      vertex 65.7609 -59.7609 5
      vertex 65.7609 -71.7609 5
    endloop
  endfacet
  facet normal 0 0 -1
    outer loop
      vertex 64.5904 -71.6456 5
      vertex 64.5904 -59.8762 5
      vertex 65.7609 -59.7609 5
    endloop
  endfacet
  facet normal 0 0 -1
    outer loop
      vertex 63.4648 -71.3042 5
      vertex 64.5904 -59.8762 5
      vertex 64.5904 -71.6456 5
    endloop
  endfacet
  facet normal 0 0 -1
    outer loop
      vertex 63.4648 -71.3042 5
      vertex 63.4648 -60.2177 5
      vertex 64.5904 -59.8762 5
    endloop
  endfacet
  facet normal 0 0 -1
    outer loop
      vertex 62.4275 -70.7497 5
      vertex 63.4648 -60.2177 5
      vertex 63.4648 -71.3042 5
    endloop
  endfacet
  facet normal 0 0 -1
    outer loop
      vertex 62.4275 -70.7497 5
      vertex 62.4275 -60.7721 5
      vertex 63.4648 -60.2177 5
    endloop
  endfacet
  facet normal 0 0 -1
    outer loop
      vertex 61.5183 -70.0036 5
      vertex 62.4275 -60.7721 5
      vertex 62.4275 -70.7497 5
    endloop
  endfacet
  facet normal 0 0 -1
    outer loop
      vertex 61.5183 -70.0036 5
      vertex 61.5183 -61.5183 5
      vertex 62.4275 -60.7721 5
    endloop
  endfacet
  facet normal 0 0 -1
    outer loop
      vertex 60.7721 -69.0944 5
      vertex 61.5183 -61.5183 5
      vertex 61.5183 -70.0036 5
    endloop
  endfacet
  facet normal 0 0 -1
    outer loop
      vertex 60.7721 -69.0944 5
      vertex 60.7721 -62.4275 5
      vertex 61.5183 -61.5183 5
    endloop
  endfacet
  facet normal 0 0 -1
    outer loop
      vertex 60.2177 -68.057 5
      vertex 60.7721 -62.4275 5
      vertex 60.7721 -69.0944 5
    endloop
  endfacet
  facet normal 0 0 -1
    outer loop
      vertex 60.2177 -68.057 5
      vertex 60.2177 -63.4648 5
      vertex 60.7721 -62.4275 5
    endloop
  endfacet
  facet normal 0 0 -1
    outer loop
      vertex 59.8762 -66.9315 5
      vertex 60.2177 -63.4648 5
      vertex 60.2177 -68.057 5
    endloop
  endfacet
  facet normal 0 0 -1
    outer loop
      vertex 59.8762 -66.9315 5
      vertex 59.8762 -64.5904 5
      vertex 60.2177 -63.4648 5
    endloop
  endfacet
  facet normal 0 -0 -1
    outer loop
      vertex 59.8762 -64.5904 5
      vertex 59.8762 -66.9315 5
      vertex 59.7609 -65.7609 5
    endloop
  endfacet
  facet normal 0.956928 -0.290326 0
    outer loop
      vertex 59.8762 -64.5904 5
      vertex 60.2177 -63.4648 0
      vertex 60.2177 -63.4648 5
    endloop
  endfacet
  facet normal 0.956928 -0.290326 0
    outer loop
      vertex 60.2177 -63.4648 0
      vertex 59.8762 -64.5904 5
      vertex 59.8762 -64.5904 0
    endloop
  endfacet
  facet normal 0.956921 0.29035 0
    outer loop
      vertex 60.2177 -68.057 5
      vertex 59.8762 -66.9315 0
      vertex 59.8762 -66.9315 5
    endloop
  endfacet
  facet normal 0.956921 0.29035 0
    outer loop
      vertex 59.8762 -66.9315 0
      vertex 60.2177 -68.057 5
      vertex 60.2177 -68.057 0
    endloop
  endfacet
  facet normal 0.290326 -0.956928 0
    outer loop
      vertex 63.4648 -60.2177 0
      vertex 64.5904 -59.8762 5
      vertex 63.4648 -60.2177 5
    endloop
  endfacet
  facet normal 0.290326 -0.956928 0
    outer loop
      vertex 64.5904 -59.8762 5
      vertex 63.4648 -60.2177 0
      vertex 64.5904 -59.8762 0
    endloop
  endfacet
  facet normal 0.471431 0.881903 -0
    outer loop
      vertex 63.4648 -71.3042 0
      vertex 62.4275 -70.7497 5
      vertex 63.4648 -71.3042 5
    endloop
  endfacet
  facet normal 0.471431 0.881903 0
    outer loop
      vertex 62.4275 -70.7497 5
      vertex 63.4648 -71.3042 0
      vertex 62.4275 -70.7497 0
    endloop
  endfacet
  facet normal -0.995183 -0.0980305 0
    outer loop
      vertex 71.7609 -65.7609 0
      vertex 71.6456 -64.5904 5
      vertex 71.6456 -64.5904 0
    endloop
  endfacet
  facet normal -0.995183 -0.0980305 0
    outer loop
      vertex 71.6456 -64.5904 5
      vertex 71.7609 -65.7609 0
      vertex 71.7609 -65.7609 5
    endloop
  endfacet
  facet normal 0.772994 -0.634413 0
    outer loop
      vertex 60.7721 -62.4275 5
      vertex 61.5183 -61.5183 0
      vertex 61.5183 -61.5183 5
    endloop
  endfacet
  facet normal 0.772994 -0.634413 0
    outer loop
      vertex 61.5183 -61.5183 0
      vertex 60.7721 -62.4275 5
      vertex 60.7721 -62.4275 0
    endloop
  endfacet
  facet normal -0.956951 -0.290248 0
    outer loop
      vertex 71.6456 -64.5904 0
      vertex 71.3042 -63.4648 5
      vertex 71.3042 -63.4648 0
    endloop
  endfacet
  facet normal -0.956951 -0.290248 0
    outer loop
      vertex 71.3042 -63.4648 5
      vertex 71.6456 -64.5904 0
      vertex 71.6456 -64.5904 5
    endloop
  endfacet
  facet normal 0.995183 -0.0980305 0
    outer loop
      vertex 59.7609 -65.7609 5
      vertex 59.8762 -64.5904 0
      vertex 59.8762 -64.5904 5
    endloop
  endfacet
  facet normal 0.995183 -0.0980305 0
    outer loop
      vertex 59.8762 -64.5904 0
      vertex 59.7609 -65.7609 5
      vertex 59.7609 -65.7609 0
    endloop
  endfacet
  facet normal 0.471365 -0.881938 0
    outer loop
      vertex 62.4275 -60.7721 0
      vertex 63.4648 -60.2177 5
      vertex 62.4275 -60.7721 5
    endloop
  endfacet
  facet normal 0.471365 -0.881938 0
    outer loop
      vertex 63.4648 -60.2177 5
      vertex 62.4275 -60.7721 0
      vertex 63.4648 -60.2177 0
    endloop
  endfacet
  facet normal -0.773036 -0.634362 0
    outer loop
      vertex 70.7497 -62.4275 0
      vertex 70.0036 -61.5183 5
      vertex 70.0036 -61.5183 0
    endloop
  endfacet
  facet normal -0.773036 -0.634362 0
    outer loop
      vertex 70.0036 -61.5183 5
      vertex 70.7497 -62.4275 0
      vertex 70.7497 -62.4275 5
    endloop
  endfacet
  facet normal -0.634413 -0.772994 0
    outer loop
      vertex 69.0944 -60.7721 0
      vertex 70.0036 -61.5183 5
      vertex 69.0944 -60.7721 5
    endloop
  endfacet
  facet normal -0.634413 -0.772994 -0
    outer loop
      vertex 70.0036 -61.5183 5
      vertex 69.0944 -60.7721 0
      vertex 70.0036 -61.5183 0
    endloop
  endfacet
  facet normal 0.634362 0.773036 -0
    outer loop
      vertex 62.4275 -70.7497 0
      vertex 61.5183 -70.0036 5
      vertex 62.4275 -70.7497 5
    endloop
  endfacet
  facet normal 0.634362 0.773036 0
    outer loop
      vertex 61.5183 -70.0036 5
      vertex 62.4275 -70.7497 0
      vertex 61.5183 -70.0036 0
    endloop
  endfacet
  facet normal 0.772994 0.634413 0
    outer loop
      vertex 61.5183 -70.0036 5
      vertex 60.7721 -69.0944 0
      vertex 60.7721 -69.0944 5
    endloop
  endfacet
  facet normal 0.772994 0.634413 0
    outer loop
      vertex 60.7721 -69.0944 0
      vertex 61.5183 -70.0036 5
      vertex 61.5183 -70.0036 0
    endloop
  endfacet
  facet normal 0.881957 0.471329 0
    outer loop
      vertex 60.7721 -69.0944 5
      vertex 60.2177 -68.057 0
      vertex 60.2177 -68.057 5
    endloop
  endfacet
  facet normal 0.881957 0.471329 0
    outer loop
      vertex 60.2177 -68.057 0
      vertex 60.7721 -69.0944 5
      vertex 60.7721 -69.0944 0
    endloop
  endfacet
  facet normal 0.0980305 -0.995183 0
    outer loop
      vertex 64.5904 -59.8762 0
      vertex 65.7609 -59.7609 5
      vertex 64.5904 -59.8762 5
    endloop
  endfacet
  facet normal 0.0980305 -0.995183 0
    outer loop
      vertex 65.7609 -59.7609 5
      vertex 64.5904 -59.8762 0
      vertex 65.7609 -59.7609 0
    endloop
  endfacet
  facet normal 0.831496 -0.55553 0
    outer loop
      vertex 88.5218 0.612293 5.01
      vertex 88.8686 1.13137 0
      vertex 88.8686 1.13137 5.01
    endloop
  endfacet
  facet normal 0.831496 -0.55553 0
    outer loop
      vertex 88.8686 1.13137 0
      vertex 88.5218 0.612293 5.01
      vertex 88.5218 0.612293 0
    endloop
  endfacet
  facet normal -0.831496 -0.55553 0
    outer loop
      vertex 91.4782 0.612293 0
      vertex 91.1314 1.13137 5.01
      vertex 91.1314 1.13137 0
    endloop
  endfacet
  facet normal -0.831496 -0.55553 0
    outer loop
      vertex 91.1314 1.13137 5.01
      vertex 91.4782 0.612293 0
      vertex 91.4782 0.612293 5.01
    endloop
  endfacet
  facet normal -0.980783 -0.195102 0
    outer loop
      vertex 91.6 0 0
      vertex 91.4782 0.612293 5.01
      vertex 91.4782 0.612293 0
    endloop
  endfacet
  facet normal -0.980783 -0.195102 0
    outer loop
      vertex 91.4782 0.612293 5.01
      vertex 91.6 0 0
      vertex 91.6 0 5.01
    endloop
  endfacet
  facet normal -0.555557 -0.831478 0
    outer loop
      vertex 90.6123 1.47821 0
      vertex 91.1314 1.13137 5.01
      vertex 90.6123 1.47821 5.01
    endloop
  endfacet
  facet normal -0.555557 -0.831478 -0
    outer loop
      vertex 91.1314 1.13137 5.01
      vertex 90.6123 1.47821 0
      vertex 91.1314 1.13137 0
    endloop
  endfacet
  facet normal -0.831496 0.55553 0
    outer loop
      vertex 91.1314 -1.13137 0
      vertex 91.4782 -0.612293 5.01
      vertex 91.4782 -0.612293 0
    endloop
  endfacet
  facet normal -0.831496 0.55553 0
    outer loop
      vertex 91.4782 -0.612293 5.01
      vertex 91.1314 -1.13137 0
      vertex 91.1314 -1.13137 5.01
    endloop
  endfacet
  facet normal -0.195084 0.980787 0
    outer loop
      vertex 90.6123 -1.47821 0
      vertex 90 -1.6 5.01
      vertex 90.6123 -1.47821 5.01
    endloop
  endfacet
  facet normal -0.195084 0.980787 0
    outer loop
      vertex 90 -1.6 5.01
      vertex 90.6123 -1.47821 0
      vertex 90 -1.6 0
    endloop
  endfacet
  facet normal -0.195084 -0.980787 0
    outer loop
      vertex 90 1.6 0
      vertex 90.6123 1.47821 5.01
      vertex 90 1.6 5.01
    endloop
  endfacet
  facet normal -0.195084 -0.980787 -0
    outer loop
      vertex 90.6123 1.47821 5.01
      vertex 90 1.6 0
      vertex 90.6123 1.47821 0
    endloop
  endfacet
  facet normal -0.980783 0.195102 0
    outer loop
      vertex 91.4782 -0.612293 0
      vertex 91.6 0 5.01
      vertex 91.6 0 0
    endloop
  endfacet
  facet normal -0.980783 0.195102 0
    outer loop
      vertex 91.6 0 5.01
      vertex 91.4782 -0.612293 0
      vertex 91.4782 -0.612293 5.01
    endloop
  endfacet
  facet normal 0.555557 -0.831478 0
    outer loop
      vertex 88.8686 1.13137 0
      vertex 89.3877 1.47821 5.01
      vertex 88.8686 1.13137 5.01
    endloop
  endfacet
  facet normal 0.555557 -0.831478 0
    outer loop
      vertex 89.3877 1.47821 5.01
      vertex 88.8686 1.13137 0
      vertex 89.3877 1.47821 0
    endloop
  endfacet
  facet normal 0.831496 0.55553 0
    outer loop
      vertex 88.8686 -1.13137 5.01
      vertex 88.5218 -0.612293 0
      vertex 88.5218 -0.612293 5.01
    endloop
  endfacet
  facet normal 0.831496 0.55553 0
    outer loop
      vertex 88.5218 -0.612293 0
      vertex 88.8686 -1.13137 5.01
      vertex 88.8686 -1.13137 0
    endloop
  endfacet
  facet normal 0.195084 0.980787 -0
    outer loop
      vertex 90 -1.6 0
      vertex 89.3877 -1.47821 5.01
      vertex 90 -1.6 5.01
    endloop
  endfacet
  facet normal 0.195084 0.980787 0
    outer loop
      vertex 89.3877 -1.47821 5.01
      vertex 90 -1.6 0
      vertex 89.3877 -1.47821 0
    endloop
  endfacet
  facet normal 0.980783 -0.195102 0
    outer loop
      vertex 88.4 0 5.01
      vertex 88.5218 0.612293 0
      vertex 88.5218 0.612293 5.01
    endloop
  endfacet
  facet normal 0.980783 -0.195102 0
    outer loop
      vertex 88.5218 0.612293 0
      vertex 88.4 0 5.01
      vertex 88.4 0 0
    endloop
  endfacet
  facet normal -0.555557 0.831478 0
    outer loop
      vertex 91.1314 -1.13137 0
      vertex 90.6123 -1.47821 5.01
      vertex 91.1314 -1.13137 5.01
    endloop
  endfacet
  facet normal -0.555557 0.831478 0
    outer loop
      vertex 90.6123 -1.47821 5.01
      vertex 91.1314 -1.13137 0
      vertex 90.6123 -1.47821 0
    endloop
  endfacet
  facet normal 0.195084 -0.980787 0
    outer loop
      vertex 89.3877 1.47821 0
      vertex 90 1.6 5.01
      vertex 89.3877 1.47821 5.01
    endloop
  endfacet
  facet normal 0.195084 -0.980787 0
    outer loop
      vertex 90 1.6 5.01
      vertex 89.3877 1.47821 0
      vertex 90 1.6 0
    endloop
  endfacet
  facet normal 0 0 -1
    outer loop
      vertex 91.4782 -0.612293 5.01
      vertex 91.4782 0.612293 5.01
      vertex 91.6 0 5.01
    endloop
  endfacet
  facet normal 0 0 -1
    outer loop
      vertex 91.1314 -1.13137 5.01
      vertex 91.4782 0.612293 5.01
      vertex 91.4782 -0.612293 5.01
    endloop
  endfacet
  facet normal 0 0 -1
    outer loop
      vertex 91.1314 -1.13137 5.01
      vertex 91.1314 1.13137 5.01
      vertex 91.4782 0.612293 5.01
    endloop
  endfacet
  facet normal 0 0 -1
    outer loop
      vertex 90.6123 -1.47821 5.01
      vertex 91.1314 1.13137 5.01
      vertex 91.1314 -1.13137 5.01
    endloop
  endfacet
  facet normal 0 0 -1
    outer loop
      vertex 90.6123 -1.47821 5.01
      vertex 90.6123 1.47821 5.01
      vertex 91.1314 1.13137 5.01
    endloop
  endfacet
  facet normal 0 0 -1
    outer loop
      vertex 90 -1.6 5.01
      vertex 90.6123 1.47821 5.01
      vertex 90.6123 -1.47821 5.01
    endloop
  endfacet
  facet normal 0 0 -1
    outer loop
      vertex 90 -1.6 5.01
      vertex 90 1.6 5.01
      vertex 90.6123 1.47821 5.01
    endloop
  endfacet
  facet normal 0 0 -1
    outer loop
      vertex 89.3877 -1.47821 5.01
      vertex 90 1.6 5.01
      vertex 90 -1.6 5.01
    endloop
  endfacet
  facet normal 0 0 -1
    outer loop
      vertex 89.3877 -1.47821 5.01
      vertex 89.3877 1.47821 5.01
      vertex 90 1.6 5.01
    endloop
  endfacet
  facet normal 0 0 -1
    outer loop
      vertex 88.8686 -1.13137 5.01
      vertex 89.3877 1.47821 5.01
      vertex 89.3877 -1.47821 5.01
    endloop
  endfacet
  facet normal 0 0 -1
    outer loop
      vertex 88.8686 -1.13137 5.01
      vertex 88.8686 1.13137 5.01
      vertex 89.3877 1.47821 5.01
    endloop
  endfacet
  facet normal 0 0 -1
    outer loop
      vertex 88.5218 -0.612293 5.01
      vertex 88.8686 1.13137 5.01
      vertex 88.8686 -1.13137 5.01
    endloop
  endfacet
  facet normal 0 0 -1
    outer loop
      vertex 88.5218 -0.612293 5.01
      vertex 88.5218 0.612293 5.01
      vertex 88.8686 1.13137 5.01
    endloop
  endfacet
  facet normal 0 -0 -1
    outer loop
      vertex 88.5218 0.612293 5.01
      vertex 88.5218 -0.612293 5.01
      vertex 88.4 0 5.01
    endloop
  endfacet
  facet normal 0.980783 0.195102 0
    outer loop
      vertex 88.5218 -0.612293 5.01
      vertex 88.4 0 0
      vertex 88.4 0 5.01
    endloop
  endfacet
  facet normal 0.980783 0.195102 0
    outer loop
      vertex 88.4 0 0
      vertex 88.5218 -0.612293 5.01
      vertex 88.5218 -0.612293 0
    endloop
  endfacet
  facet normal 0.555557 0.831478 -0
    outer loop
      vertex 89.3877 -1.47821 0
      vertex 88.8686 -1.13137 5.01
      vertex 89.3877 -1.47821 5.01
    endloop
  endfacet
  facet normal 0.555557 0.831478 0
    outer loop
      vertex 88.8686 -1.13137 5.01
      vertex 89.3877 -1.47821 0
      vertex 88.8686 -1.13137 0
    endloop
  endfacet
  facet normal -0.946923 -0.32146 0
    outer loop
      vertex -43.4137 78.1511 0
      vertex -43.6144 78.7423 5.01
      vertex -43.6144 78.7423 0
    endloop
  endfacet
  facet normal -0.946923 -0.32146 0
    outer loop
      vertex -43.6144 78.7423 5.01
      vertex -43.4137 78.1511 0
      vertex -43.4137 78.1511 5.01
    endloop
  endfacet
  facet normal 0.89688 -0.442273 0
    outer loop
      vertex -46.5455 78.3564 5.01
      vertex -46.2694 78.9163 0
      vertex -46.2694 78.9163 5.01
    endloop
  endfacet
  facet normal 0.89688 -0.442273 0
    outer loop
      vertex -46.2694 78.9163 0
      vertex -46.5455 78.3564 5.01
      vertex -46.5455 78.3564 0
    endloop
  endfacet
  facet normal 0.659298 -0.751882 0
    outer loop
      vertex -46.2694 78.9163 0
      vertex -45.8 79.3279 5.01
      vertex -46.2694 78.9163 5.01
    endloop
  endfacet
  facet normal 0.659298 -0.751882 0
    outer loop
      vertex -45.8 79.3279 5.01
      vertex -46.2694 78.9163 0
      vertex -45.8 79.3279 0
    endloop
  endfacet
  facet normal 0.997862 -0.0653496 0
    outer loop
      vertex -46.5863 77.7334 5.01
      vertex -46.5455 78.3564 0
      vertex -46.5455 78.3564 5.01
    endloop
  endfacet
  facet normal 0.997862 -0.0653496 0
    outer loop
      vertex -46.5455 78.3564 0
      vertex -46.5863 77.7334 5.01
      vertex -46.5863 77.7334 0
    endloop
  endfacet
  facet normal -0.442273 -0.89688 0
    outer loop
      vertex -44.5859 79.4878 0
      vertex -44.026 79.2117 5.01
      vertex -44.5859 79.4878 5.01
    endloop
  endfacet
  facet normal -0.442273 -0.89688 -0
    outer loop
      vertex -44.026 79.2117 5.01
      vertex -44.5859 79.4878 0
      vertex -44.026 79.2117 0
    endloop
  endfacet
  facet normal -0.751882 -0.659298 0
    outer loop
      vertex -43.6144 78.7423 0
      vertex -44.026 79.2117 5.01
      vertex -44.026 79.2117 0
    endloop
  endfacet
  facet normal -0.751882 -0.659298 0
    outer loop
      vertex -44.026 79.2117 5.01
      vertex -43.6144 78.7423 0
      vertex -43.6144 78.7423 5.01
    endloop
  endfacet
  facet normal -0.321317 0.946972 0
    outer loop
      vertex -44.2 76.5566 0
      vertex -44.7912 76.356 5.01
      vertex -44.2 76.5566 5.01
    endloop
  endfacet
  facet normal -0.321317 0.946972 0
    outer loop
      vertex -44.7912 76.356 5.01
      vertex -44.2 76.5566 0
      vertex -44.7912 76.356 0
    endloop
  endfacet
  facet normal 0.442273 0.89688 -0
    outer loop
      vertex -45.4141 76.3968 0
      vertex -45.974 76.6729 5.01
      vertex -45.4141 76.3968 5.01
    endloop
  endfacet
  facet normal 0.442273 0.89688 0
    outer loop
      vertex -45.974 76.6729 5.01
      vertex -45.4141 76.3968 0
      vertex -45.974 76.6729 0
    endloop
  endfacet
  facet normal 0.32146 -0.946923 0
    outer loop
      vertex -45.8 79.3279 0
      vertex -45.2088 79.5286 5.01
      vertex -45.8 79.3279 5.01
    endloop
  endfacet
  facet normal 0.32146 -0.946923 0
    outer loop
      vertex -45.2088 79.5286 5.01
      vertex -45.8 79.3279 0
      vertex -45.2088 79.5286 0
    endloop
  endfacet
  facet normal 0.06536 0.997862 -0
    outer loop
      vertex -44.7912 76.356 0
      vertex -45.4141 76.3968 5.01
      vertex -44.7912 76.356 5.01
    endloop
  endfacet
  facet normal 0.06536 0.997862 0
    outer loop
      vertex -45.4141 76.3968 5.01
      vertex -44.7912 76.356 0
      vertex -45.4141 76.3968 0
    endloop
  endfacet
  facet normal -0.659389 0.751802 0
    outer loop
      vertex -43.7306 76.9683 0
      vertex -44.2 76.5566 5.01
      vertex -43.7306 76.9683 5.01
    endloop
  endfacet
  facet normal -0.659389 0.751802 0
    outer loop
      vertex -44.2 76.5566 5.01
      vertex -43.7306 76.9683 0
      vertex -44.2 76.5566 0
    endloop
  endfacet
  facet normal 0 0 -1
    outer loop
      vertex -43.4545 77.5282 5.01
      vertex -43.6144 78.7423 5.01
      vertex -43.4137 78.1511 5.01
    endloop
  endfacet
  facet normal 0 0 -1
    outer loop
      vertex -43.7306 76.9683 5.01
      vertex -43.6144 78.7423 5.01
      vertex -43.4545 77.5282 5.01
    endloop
  endfacet
  facet normal 0 0 -1
    outer loop
      vertex -43.7306 76.9683 5.01
      vertex -44.026 79.2117 5.01
      vertex -43.6144 78.7423 5.01
    endloop
  endfacet
  facet normal 0 0 -1
    outer loop
      vertex -44.2 76.5566 5.01
      vertex -44.026 79.2117 5.01
      vertex -43.7306 76.9683 5.01
    endloop
  endfacet
  facet normal 0 0 -1
    outer loop
      vertex -44.2 76.5566 5.01
      vertex -44.5859 79.4878 5.01
      vertex -44.026 79.2117 5.01
    endloop
  endfacet
  facet normal 0 0 -1
    outer loop
      vertex -44.7912 76.356 5.01
      vertex -44.5859 79.4878 5.01
      vertex -44.2 76.5566 5.01
    endloop
  endfacet
  facet normal 0 0 -1
    outer loop
      vertex -44.7912 76.356 5.01
      vertex -45.2088 79.5286 5.01
      vertex -44.5859 79.4878 5.01
    endloop
  endfacet
  facet normal 0 0 -1
    outer loop
      vertex -45.4141 76.3968 5.01
      vertex -45.2088 79.5286 5.01
      vertex -44.7912 76.356 5.01
    endloop
  endfacet
  facet normal 0 0 -1
    outer loop
      vertex -45.4141 76.3968 5.01
      vertex -45.8 79.3279 5.01
      vertex -45.2088 79.5286 5.01
    endloop
  endfacet
  facet normal 0 0 -1
    outer loop
      vertex -45.974 76.6729 5.01
      vertex -45.8 79.3279 5.01
      vertex -45.4141 76.3968 5.01
    endloop
  endfacet
  facet normal 0 0 -1
    outer loop
      vertex -45.974 76.6729 5.01
      vertex -46.2694 78.9163 5.01
      vertex -45.8 79.3279 5.01
    endloop
  endfacet
  facet normal 0 0 -1
    outer loop
      vertex -46.3856 77.1423 5.01
      vertex -46.2694 78.9163 5.01
      vertex -45.974 76.6729 5.01
    endloop
  endfacet
  facet normal 0 0 -1
    outer loop
      vertex -46.3856 77.1423 5.01
      vertex -46.5455 78.3564 5.01
      vertex -46.2694 78.9163 5.01
    endloop
  endfacet
  facet normal 0 -0 -1
    outer loop
      vertex -46.5455 78.3564 5.01
      vertex -46.3856 77.1423 5.01
      vertex -46.5863 77.7334 5.01
    endloop
  endfacet
  facet normal -0.06536 -0.997862 0
    outer loop
      vertex -45.2088 79.5286 0
      vertex -44.5859 79.4878 5.01
      vertex -45.2088 79.5286 5.01
    endloop
  endfacet
  facet normal -0.06536 -0.997862 -0
    outer loop
      vertex -44.5859 79.4878 5.01
      vertex -45.2088 79.5286 0
      vertex -44.5859 79.4878 0
    endloop
  endfacet
  facet normal -0.89688 0.442273 0
    outer loop
      vertex -43.7306 76.9683 0
      vertex -43.4545 77.5282 5.01
      vertex -43.4545 77.5282 0
    endloop
  endfacet
  facet normal -0.89688 0.442273 0
    outer loop
      vertex -43.4545 77.5282 5.01
      vertex -43.7306 76.9683 0
      vertex -43.7306 76.9683 5.01
    endloop
  endfacet
  facet normal 0.751882 0.659298 0
    outer loop
      vertex -45.974 76.6729 5.01
      vertex -46.3856 77.1423 0
      vertex -46.3856 77.1423 5.01
    endloop
  endfacet
  facet normal 0.751882 0.659298 0
    outer loop
      vertex -46.3856 77.1423 0
      vertex -45.974 76.6729 5.01
      vertex -45.974 76.6729 0
    endloop
  endfacet
  facet normal 0.946906 0.321509 0
    outer loop
      vertex -46.3856 77.1423 5.01
      vertex -46.5863 77.7334 0
      vertex -46.5863 77.7334 5.01
    endloop
  endfacet
  facet normal 0.946906 0.321509 0
    outer loop
      vertex -46.5863 77.7334 0
      vertex -46.3856 77.1423 5.01
      vertex -46.3856 77.1423 0
    endloop
  endfacet
  facet normal -0.997862 0.06536 0
    outer loop
      vertex -43.4545 77.5282 0
      vertex -43.4137 78.1511 5.01
      vertex -43.4137 78.1511 0
    endloop
  endfacet
  facet normal -0.997862 0.06536 0
    outer loop
      vertex -43.4137 78.1511 5.01
      vertex -43.4545 77.5282 0
      vertex -43.4545 77.5282 5.01
    endloop
  endfacet
  facet normal 0.751882 -0.659298 0
    outer loop
      vertex -46.3856 -77.1423 5.01
      vertex -45.974 -76.6729 0
      vertex -45.974 -76.6729 5.01
    endloop
  endfacet
  facet normal 0.751882 -0.659298 0
    outer loop
      vertex -45.974 -76.6729 0
      vertex -46.3856 -77.1423 5.01
      vertex -46.3856 -77.1423 0
    endloop
  endfacet
  facet normal -0.442273 0.89688 0
    outer loop
      vertex -44.026 -79.2117 0
      vertex -44.5859 -79.4878 5.01
      vertex -44.026 -79.2117 5.01
    endloop
  endfacet
  facet normal -0.442273 0.89688 0
    outer loop
      vertex -44.5859 -79.4878 5.01
      vertex -44.026 -79.2117 0
      vertex -44.5859 -79.4878 0
    endloop
  endfacet
  facet normal 0.89688 0.442273 0
    outer loop
      vertex -46.2694 -78.9163 5.01
      vertex -46.5455 -78.3564 0
      vertex -46.5455 -78.3564 5.01
    endloop
  endfacet
  facet normal 0.89688 0.442273 0
    outer loop
      vertex -46.5455 -78.3564 0
      vertex -46.2694 -78.9163 5.01
      vertex -46.2694 -78.9163 0
    endloop
  endfacet
  facet normal 0.997862 0.0653496 0
    outer loop
      vertex -46.5455 -78.3564 5.01
      vertex -46.5863 -77.7334 0
      vertex -46.5863 -77.7334 5.01
    endloop
  endfacet
  facet normal 0.997862 0.0653496 0
    outer loop
      vertex -46.5863 -77.7334 0
      vertex -46.5455 -78.3564 5.01
      vertex -46.5455 -78.3564 0
    endloop
  endfacet
  facet normal -0.659389 -0.751802 0
    outer loop
      vertex -44.2 -76.5566 0
      vertex -43.7306 -76.9683 5.01
      vertex -44.2 -76.5566 5.01
    endloop
  endfacet
  facet normal -0.659389 -0.751802 -0
    outer loop
      vertex -43.7306 -76.9683 5.01
      vertex -44.2 -76.5566 0
      vertex -43.7306 -76.9683 0
    endloop
  endfacet
  facet normal 0.32146 0.946923 -0
    outer loop
      vertex -45.2088 -79.5286 0
      vertex -45.8 -79.3279 5.01
      vertex -45.2088 -79.5286 5.01
    endloop
  endfacet
  facet normal 0.32146 0.946923 0
    outer loop
      vertex -45.8 -79.3279 5.01
      vertex -45.2088 -79.5286 0
      vertex -45.8 -79.3279 0
    endloop
  endfacet
  facet normal 0.946906 -0.321509 0
    outer loop
      vertex -46.5863 -77.7334 5.01
      vertex -46.3856 -77.1423 0
      vertex -46.3856 -77.1423 5.01
    endloop
  endfacet
  facet normal 0.946906 -0.321509 0
    outer loop
      vertex -46.3856 -77.1423 0
      vertex -46.5863 -77.7334 5.01
      vertex -46.5863 -77.7334 0
    endloop
  endfacet
  facet normal -0.997862 -0.06536 0
    outer loop
      vertex -43.4137 -78.1511 0
      vertex -43.4545 -77.5282 5.01
      vertex -43.4545 -77.5282 0
    endloop
  endfacet
  facet normal -0.997862 -0.06536 0
    outer loop
      vertex -43.4545 -77.5282 5.01
      vertex -43.4137 -78.1511 0
      vertex -43.4137 -78.1511 5.01
    endloop
  endfacet
  facet normal 0.659298 0.751882 -0
    outer loop
      vertex -45.8 -79.3279 0
      vertex -46.2694 -78.9163 5.01
      vertex -45.8 -79.3279 5.01
    endloop
  endfacet
  facet normal 0.659298 0.751882 0
    outer loop
      vertex -46.2694 -78.9163 5.01
      vertex -45.8 -79.3279 0
      vertex -46.2694 -78.9163 0
    endloop
  endfacet
  facet normal -0.321317 -0.946972 0
    outer loop
      vertex -44.7912 -76.356 0
      vertex -44.2 -76.5566 5.01
      vertex -44.7912 -76.356 5.01
    endloop
  endfacet
  facet normal -0.321317 -0.946972 -0
    outer loop
      vertex -44.2 -76.5566 5.01
      vertex -44.7912 -76.356 0
      vertex -44.2 -76.5566 0
    endloop
  endfacet
  facet normal -0.06536 0.997862 0
    outer loop
      vertex -44.5859 -79.4878 0
      vertex -45.2088 -79.5286 5.01
      vertex -44.5859 -79.4878 5.01
    endloop
  endfacet
  facet normal -0.06536 0.997862 0
    outer loop
      vertex -45.2088 -79.5286 5.01
      vertex -44.5859 -79.4878 0
      vertex -45.2088 -79.5286 0
    endloop
  endfacet
  facet normal 0.06536 -0.997862 0
    outer loop
      vertex -45.4141 -76.3968 0
      vertex -44.7912 -76.356 5.01
      vertex -45.4141 -76.3968 5.01
    endloop
  endfacet
  facet normal 0.06536 -0.997862 0
    outer loop
      vertex -44.7912 -76.356 5.01
      vertex -45.4141 -76.3968 0
      vertex -44.7912 -76.356 0
    endloop
  endfacet
  facet normal -0.89688 -0.442273 0
    outer loop
      vertex -43.4545 -77.5282 0
      vertex -43.7306 -76.9683 5.01
      vertex -43.7306 -76.9683 0
    endloop
  endfacet
  facet normal -0.89688 -0.442273 0
    outer loop
      vertex -43.7306 -76.9683 5.01
      vertex -43.4545 -77.5282 0
      vertex -43.4545 -77.5282 5.01
    endloop
  endfacet
  facet normal -0.946923 0.32146 0
    outer loop
      vertex -43.6144 -78.7423 0
      vertex -43.4137 -78.1511 5.01
      vertex -43.4137 -78.1511 0
    endloop
  endfacet
  facet normal -0.946923 0.32146 0
    outer loop
      vertex -43.4137 -78.1511 5.01
      vertex -43.6144 -78.7423 0
      vertex -43.6144 -78.7423 5.01
    endloop
  endfacet
  facet normal -0.751882 0.659298 0
    outer loop
      vertex -44.026 -79.2117 0
      vertex -43.6144 -78.7423 5.01
      vertex -43.6144 -78.7423 0
    endloop
  endfacet
  facet normal -0.751882 0.659298 0
    outer loop
      vertex -43.6144 -78.7423 5.01
      vertex -44.026 -79.2117 0
      vertex -44.026 -79.2117 5.01
    endloop
  endfacet
  facet normal 0 0 -1
    outer loop
      vertex -43.6144 -78.7423 5.01
      vertex -43.4545 -77.5282 5.01
      vertex -43.4137 -78.1511 5.01
    endloop
  endfacet
  facet normal 0 0 -1
    outer loop
      vertex -43.6144 -78.7423 5.01
      vertex -43.7306 -76.9683 5.01
      vertex -43.4545 -77.5282 5.01
    endloop
  endfacet
  facet normal 0 0 -1
    outer loop
      vertex -44.026 -79.2117 5.01
      vertex -43.7306 -76.9683 5.01
      vertex -43.6144 -78.7423 5.01
    endloop
  endfacet
  facet normal 0 0 -1
    outer loop
      vertex -44.026 -79.2117 5.01
      vertex -44.2 -76.5566 5.01
      vertex -43.7306 -76.9683 5.01
    endloop
  endfacet
  facet normal 0 0 -1
    outer loop
      vertex -44.5859 -79.4878 5.01
      vertex -44.2 -76.5566 5.01
      vertex -44.026 -79.2117 5.01
    endloop
  endfacet
  facet normal 0 0 -1
    outer loop
      vertex -44.5859 -79.4878 5.01
      vertex -44.7912 -76.356 5.01
      vertex -44.2 -76.5566 5.01
    endloop
  endfacet
  facet normal 0 0 -1
    outer loop
      vertex -45.2088 -79.5286 5.01
      vertex -44.7912 -76.356 5.01
      vertex -44.5859 -79.4878 5.01
    endloop
  endfacet
  facet normal 0 0 -1
    outer loop
      vertex -45.2088 -79.5286 5.01
      vertex -45.4141 -76.3968 5.01
      vertex -44.7912 -76.356 5.01
    endloop
  endfacet
  facet normal 0 0 -1
    outer loop
      vertex -45.8 -79.3279 5.01
      vertex -45.4141 -76.3968 5.01
      vertex -45.2088 -79.5286 5.01
    endloop
  endfacet
  facet normal 0 0 -1
    outer loop
      vertex -45.8 -79.3279 5.01
      vertex -45.974 -76.6729 5.01
      vertex -45.4141 -76.3968 5.01
    endloop
  endfacet
  facet normal 0 0 -1
    outer loop
      vertex -46.2694 -78.9163 5.01
      vertex -45.974 -76.6729 5.01
      vertex -45.8 -79.3279 5.01
    endloop
  endfacet
  facet normal 0 0 -1
    outer loop
      vertex -46.2694 -78.9163 5.01
      vertex -46.3856 -77.1423 5.01
      vertex -45.974 -76.6729 5.01
    endloop
  endfacet
  facet normal 0 0 -1
    outer loop
      vertex -46.5455 -78.3564 5.01
      vertex -46.3856 -77.1423 5.01
      vertex -46.2694 -78.9163 5.01
    endloop
  endfacet
  facet normal 0 0 -1
    outer loop
      vertex -46.3856 -77.1423 5.01
      vertex -46.5455 -78.3564 5.01
      vertex -46.5863 -77.7334 5.01
    endloop
  endfacet
  facet normal 0.442273 -0.89688 0
    outer loop
      vertex -45.974 -76.6729 0
      vertex -45.4141 -76.3968 5.01
      vertex -45.974 -76.6729 5.01
    endloop
  endfacet
  facet normal 0.442273 -0.89688 0
    outer loop
      vertex -45.4141 -76.3968 5.01
      vertex -45.974 -76.6729 0
      vertex -45.4141 -76.3968 0
    endloop
  endfacet
  facet normal -0.997287 -0.0736175 0
    outer loop
      vertex 29.9639 1.47203 41
      vertex 29.8555 2.94051 50
      vertex 29.8555 2.94051 41
    endloop
  endfacet
  facet normal -0.997287 -0.0736175 0
    outer loop
      vertex 29.8555 2.94051 50
      vertex 29.9639 1.47203 41
      vertex 29.9639 1.47203 50
    endloop
  endfacet
  facet normal -0.997287 -0.0736175 -0
    outer loop
      vertex 29.9639 1.47203 5
      vertex 29.8555 2.94051 2.99
      vertex 29.9639 1.47203 2.95382
    endloop
  endfacet
  facet normal -0.997287 -0.0736175 0
    outer loop
      vertex 29.8555 2.94051 2.99
      vertex 29.9639 1.47203 5
      vertex 29.8555 2.94051 5
    endloop
  endfacet
  facet normal -0.999699 -0.0245166 0
    outer loop
      vertex 30 0 41
      vertex 29.9639 1.47203 50
      vertex 29.9639 1.47203 41
    endloop
  endfacet
  facet normal -0.999699 -0.0245166 0
    outer loop
      vertex 29.9639 1.47203 50
      vertex 30 0 41
      vertex 30 0 50
    endloop
  endfacet
  facet normal -0.999699 -0.0245166 0
    outer loop
      vertex 30 0 2.99
      vertex 29.9639 1.47203 5
      vertex 29.9639 1.47203 2.95382
    endloop
  endfacet
  facet normal -0.999699 -0.0245166 0
    outer loop
      vertex 29.9639 1.47203 5
      vertex 30 0 2.99
      vertex 30 0 5
    endloop
  endfacet
  facet normal -0.992483 -0.12238 0
    outer loop
      vertex 29.8555 2.94051 41
      vertex 29.6753 4.40191 50
      vertex 29.6753 4.40191 41
    endloop
  endfacet
  facet normal -0.992483 -0.12238 0
    outer loop
      vertex 29.6753 4.40191 50
      vertex 29.8555 2.94051 41
      vertex 29.8555 2.94051 50
    endloop
  endfacet
  facet normal -0.992483 -0.12238 0
    outer loop
      vertex 29.8555 2.94051 2.99
      vertex 29.6753 4.40191 5
      vertex 29.6753 4.40191 2.95382
    endloop
  endfacet
  facet normal -0.992483 -0.12238 0
    outer loop
      vertex 29.6753 4.40191 5
      vertex 29.8555 2.94051 2.99
      vertex 29.8555 2.94051 5
    endloop
  endfacet
  facet normal -0.817579 0.575816 0
    outer loop
      vertex 24.0962 -17.871 41
      vertex 24.9441 -16.6671 50
      vertex 24.9441 -16.6671 41
    endloop
  endfacet
  facet normal -0.817579 0.575816 0
    outer loop
      vertex 24.9441 -16.6671 50
      vertex 24.0962 -17.871 41
      vertex 24.0962 -17.871 50
    endloop
  endfacet
  facet normal -0.817579 0.575816 0
    outer loop
      vertex 24.0962 -17.871 5
      vertex 24.9441 -16.6671 2.99
      vertex 24.0962 -17.871 2.95382
    endloop
  endfacet
  facet normal -0.817579 0.575816 0
    outer loop
      vertex 24.9441 -16.6671 2.99
      vertex 24.0962 -17.871 5
      vertex 24.9441 -16.6671 5
    endloop
  endfacet
  facet normal -0.0736175 0.997287 0
    outer loop
      vertex 2.94051 -29.8555 41
      vertex 1.47203 -29.9639 50
      vertex 2.94051 -29.8555 50
    endloop
  endfacet
  facet normal -0.0736175 0.997287 0
    outer loop
      vertex 1.47203 -29.9639 50
      vertex 2.94051 -29.8555 41
      vertex 1.47203 -29.9639 41
    endloop
  endfacet
  facet normal -0.0736175 0.997287 0
    outer loop
      vertex 2.94051 -29.8555 2.99
      vertex 1.47203 -29.9639 5
      vertex 2.94051 -29.8555 5
    endloop
  endfacet
  facet normal -0.0736175 0.997287 0
    outer loop
      vertex 1.47203 -29.9639 5
      vertex 2.94051 -29.8555 2.99
      vertex 1.47203 -29.9639 2.95382
    endloop
  endfacet
  facet normal -0.933 0.359875 0
    outer loop
      vertex 27.7164 -11.4805 41
      vertex 28.2463 -10.1067 50
      vertex 28.2463 -10.1067 41
    endloop
  endfacet
  facet normal -0.933 0.359875 0
    outer loop
      vertex 28.2463 -10.1067 50
      vertex 27.7164 -11.4805 41
      vertex 27.7164 -11.4805 50
    endloop
  endfacet
  facet normal -0.933 0.359875 0
    outer loop
      vertex 27.7164 -11.4805 2.99
      vertex 28.2463 -10.1067 5
      vertex 28.2463 -10.1067 2.95382
    endloop
  endfacet
  facet normal -0.933 0.359875 0
    outer loop
      vertex 28.2463 -10.1067 5
      vertex 27.7164 -11.4805 2.99
      vertex 27.7164 -11.4805 5
    endloop
  endfacet
  facet normal -0.689542 -0.724246 0
    outer loop
      vertex 20.1468 22.2285 41
      vertex 21.2132 21.2132 50
      vertex 20.1468 22.2285 50
    endloop
  endfacet
  facet normal -0.689542 -0.724246 -0
    outer loop
      vertex 21.2132 21.2132 50
      vertex 20.1468 22.2285 41
      vertex 21.2132 21.2132 41
    endloop
  endfacet
  facet normal -0.689542 -0.724246 0
    outer loop
      vertex 20.1468 22.2285 5
      vertex 21.2132 21.2132 2.99
      vertex 21.2132 21.2132 5
    endloop
  endfacet
  facet normal -0.689542 -0.724246 0
    outer loop
      vertex 21.2132 21.2132 2.99
      vertex 20.1468 22.2285 5
      vertex 20.1468 22.2285 2.95382
    endloop
  endfacet
  facet normal -0.359875 0.933 0
    outer loop
      vertex 11.4805 -27.7164 41
      vertex 10.1067 -28.2463 50
      vertex 11.4805 -27.7164 50
    endloop
  endfacet
  facet normal -0.359875 0.933 0
    outer loop
      vertex 10.1067 -28.2463 50
      vertex 11.4805 -27.7164 41
      vertex 10.1067 -28.2463 41
    endloop
  endfacet
  facet normal -0.359875 0.933 0
    outer loop
      vertex 11.4805 -27.7164 2.99
      vertex 10.1067 -28.2463 5
      vertex 11.4805 -27.7164 5
    endloop
  endfacet
  facet normal -0.359875 0.933 0
    outer loop
      vertex 10.1067 -28.2463 5
      vertex 11.4805 -27.7164 2.99
      vertex 10.1067 -28.2463 2.95382
    endloop
  endfacet
  facet normal -0.170937 -0.985282 0
    outer loop
      vertex 4.40191 29.6753 41
      vertex 5.85271 29.4236 50
      vertex 4.40191 29.6753 50
    endloop
  endfacet
  facet normal -0.170937 -0.985282 -0
    outer loop
      vertex 5.85271 29.4236 50
      vertex 4.40191 29.6753 41
      vertex 5.85271 29.4236 41
    endloop
  endfacet
  facet normal -0.170937 -0.985282 0
    outer loop
      vertex 4.40191 29.6753 5
      vertex 5.85271 29.4236 2.99
      vertex 5.85271 29.4236 5
    endloop
  endfacet
  facet normal -0.170937 -0.985282 0
    outer loop
      vertex 5.85271 29.4236 2.99
      vertex 4.40191 29.6753 5
      vertex 4.40191 29.6753 2.95382
    endloop
  endfacet
  facet normal -0.933 -0.359875 0
    outer loop
      vertex 28.2463 10.1067 41
      vertex 27.7164 11.4805 50
      vertex 27.7164 11.4805 41
    endloop
  endfacet
  facet normal -0.933 -0.359875 0
    outer loop
      vertex 27.7164 11.4805 50
      vertex 28.2463 10.1067 41
      vertex 28.2463 10.1067 50
    endloop
  endfacet
  facet normal -0.933 -0.359875 -0
    outer loop
      vertex 28.2463 10.1067 5
      vertex 27.7164 11.4805 2.99
      vertex 28.2463 10.1067 2.95382
    endloop
  endfacet
  facet normal -0.933 -0.359875 0
    outer loop
      vertex 27.7164 11.4805 2.99
      vertex 28.2463 10.1067 5
      vertex 27.7164 11.4805 5
    endloop
  endfacet
  facet normal -0.97569 0.219153 0
    outer loop
      vertex 29.1009 -7.2894 41
      vertex 29.4236 -5.85271 50
      vertex 29.4236 -5.85271 41
    endloop
  endfacet
  facet normal -0.97569 0.219153 0
    outer loop
      vertex 29.4236 -5.85271 50
      vertex 29.1009 -7.2894 41
      vertex 29.1009 -7.2894 50
    endloop
  endfacet
  facet normal -0.97569 0.219153 0
    outer loop
      vertex 29.1009 -7.2894 5
      vertex 29.4236 -5.85271 2.99
      vertex 29.1009 -7.2894 2.95382
    endloop
  endfacet
  facet normal -0.97569 0.219153 0
    outer loop
      vertex 29.4236 -5.85271 2.99
      vertex 29.1009 -7.2894 5
      vertex 29.4236 -5.85271 5
    endloop
  endfacet
  facet normal -0.949526 -0.313688 0
    outer loop
      vertex 28.7082 8.70854 41
      vertex 28.2463 10.1067 50
      vertex 28.2463 10.1067 41
    endloop
  endfacet
  facet normal -0.949526 -0.313688 0
    outer loop
      vertex 28.2463 10.1067 50
      vertex 28.7082 8.70854 41
      vertex 28.7082 8.70854 50
    endloop
  endfacet
  facet normal -0.949526 -0.313688 0
    outer loop
      vertex 28.7082 8.70854 2.99
      vertex 28.2463 10.1067 5
      vertex 28.2463 10.1067 2.95382
    endloop
  endfacet
  facet normal -0.949526 -0.313688 0
    outer loop
      vertex 28.2463 10.1067 5
      vertex 28.7082 8.70854 2.99
      vertex 28.7082 8.70854 5
    endloop
  endfacet
  facet normal 0.97569 0.219153 0
    outer loop
      vertex -29.1009 -7.2894 50
      vertex -29.4236 -5.85271 41
      vertex -29.4236 -5.85271 50
    endloop
  endfacet
  facet normal 0.97569 0.219153 0
    outer loop
      vertex -29.4236 -5.85271 41
      vertex -29.1009 -7.2894 50
      vertex -29.1009 -7.2894 41
    endloop
  endfacet
  facet normal 0.97569 0.219153 0
    outer loop
      vertex -29.1009 -7.2894 5
      vertex -29.4236 -5.85271 2.99
      vertex -29.4236 -5.85271 5
    endloop
  endfacet
  facet normal 0.97569 0.219153 0
    outer loop
      vertex -29.4236 -5.85271 2.99
      vertex -29.1009 -7.2894 5
      vertex -29.1009 -7.2894 2.95382
    endloop
  endfacet
  facet normal -0.757211 0.653171 0
    outer loop
      vertex 22.2285 -20.1468 41
      vertex 23.1903 -19.0318 50
      vertex 23.1903 -19.0318 41
    endloop
  endfacet
  facet normal -0.757211 0.653171 0
    outer loop
      vertex 23.1903 -19.0318 50
      vertex 22.2285 -20.1468 41
      vertex 22.2285 -20.1468 50
    endloop
  endfacet
  facet normal -0.757211 0.653171 0
    outer loop
      vertex 22.2285 -20.1468 5
      vertex 23.1903 -19.0318 2.99
      vertex 22.2285 -20.1468 2.95382
    endloop
  endfacet
  facet normal -0.757211 0.653171 0
    outer loop
      vertex 23.1903 -19.0318 2.99
      vertex 22.2285 -20.1468 5
      vertex 23.1903 -19.0318 5
    endloop
  endfacet
  facet normal -0.893201 0.449657 0
    outer loop
      vertex 26.4576 -14.1419 41
      vertex 27.1197 -12.8267 50
      vertex 27.1197 -12.8267 41
    endloop
  endfacet
  facet normal -0.893201 0.449657 0
    outer loop
      vertex 27.1197 -12.8267 50
      vertex 26.4576 -14.1419 41
      vertex 26.4576 -14.1419 50
    endloop
  endfacet
  facet normal -0.893201 0.449657 0
    outer loop
      vertex 26.4576 -14.1419 2.99
      vertex 27.1197 -12.8267 5
      vertex 27.1197 -12.8267 2.95382
    endloop
  endfacet
  facet normal -0.893201 0.449657 0
    outer loop
      vertex 27.1197 -12.8267 5
      vertex 26.4576 -14.1419 2.99
      vertex 26.4576 -14.1419 5
    endloop
  endfacet
  facet normal -0.997287 0.0736175 0
    outer loop
      vertex 29.8555 -2.94051 41
      vertex 29.9639 -1.47203 50
      vertex 29.9639 -1.47203 41
    endloop
  endfacet
  facet normal -0.997287 0.0736175 0
    outer loop
      vertex 29.9639 -1.47203 50
      vertex 29.8555 -2.94051 41
      vertex 29.8555 -2.94051 50
    endloop
  endfacet
  facet normal -0.997287 0.0736175 0
    outer loop
      vertex 29.8555 -2.94051 2.99
      vertex 29.9639 -1.47203 5
      vertex 29.9639 -1.47203 2.95382
    endloop
  endfacet
  facet normal -0.997287 0.0736175 0
    outer loop
      vertex 29.9639 -1.47203 5
      vertex 29.8555 -2.94051 2.99
      vertex 29.8555 -2.94051 5
    endloop
  endfacet
  facet normal 0.0245166 0.999699 -0
    outer loop
      vertex 0 -30 41
      vertex -1.47203 -29.9639 50
      vertex 0 -30 50
    endloop
  endfacet
  facet normal 0.0245166 0.999699 0
    outer loop
      vertex -1.47203 -29.9639 50
      vertex 0 -30 41
      vertex -1.47203 -29.9639 41
    endloop
  endfacet
  facet normal 0.0245166 0.999699 -0
    outer loop
      vertex 0 -30 2.99
      vertex -1.47203 -29.9639 5
      vertex 0 -30 5
    endloop
  endfacet
  facet normal 0.0245166 0.999699 0
    outer loop
      vertex -1.47203 -29.9639 5
      vertex 0 -30 2.99
      vertex -1.47203 -29.9639 2.95382
    endloop
  endfacet
  facet normal -0.724246 0.689542 0
    outer loop
      vertex 21.2132 -21.2132 41
      vertex 22.2285 -20.1468 50
      vertex 22.2285 -20.1468 41
    endloop
  endfacet
  facet normal -0.724246 0.689542 0
    outer loop
      vertex 22.2285 -20.1468 50
      vertex 21.2132 -21.2132 41
      vertex 21.2132 -21.2132 50
    endloop
  endfacet
  facet normal -0.724246 0.689542 0
    outer loop
      vertex 21.2132 -21.2132 2.99
      vertex 22.2285 -20.1468 5
      vertex 22.2285 -20.1468 2.95382
    endloop
  endfacet
  facet normal -0.724246 0.689542 0
    outer loop
      vertex 22.2285 -20.1468 5
      vertex 21.2132 -21.2132 2.99
      vertex 21.2132 -21.2132 5
    endloop
  endfacet
  facet normal -0.313688 -0.949526 0
    outer loop
      vertex 8.70854 28.7082 41
      vertex 10.1067 28.2463 50
      vertex 8.70854 28.7082 50
    endloop
  endfacet
  facet normal -0.313688 -0.949526 -0
    outer loop
      vertex 10.1067 28.2463 50
      vertex 8.70854 28.7082 41
      vertex 10.1067 28.2463 41
    endloop
  endfacet
  facet normal -0.313688 -0.949526 0
    outer loop
      vertex 8.70854 28.7082 2.99
      vertex 10.1067 28.2463 5
      vertex 8.70854 28.7082 5
    endloop
  endfacet
  facet normal -0.313688 -0.949526 -0
    outer loop
      vertex 10.1067 28.2463 5
      vertex 8.70854 28.7082 2.99
      vertex 10.1067 28.2463 2.95382
    endloop
  endfacet
  facet normal 0.788346 -0.615233 0
    outer loop
      vertex -24.0962 17.871 50
      vertex -23.1903 19.0318 41
      vertex -23.1903 19.0318 50
    endloop
  endfacet
  facet normal 0.788346 -0.615233 0
    outer loop
      vertex -23.1903 19.0318 41
      vertex -24.0962 17.871 50
      vertex -24.0962 17.871 41
    endloop
  endfacet
  facet normal 0.788346 -0.615233 0
    outer loop
      vertex -24.0962 17.871 5
      vertex -23.1903 19.0318 2.99
      vertex -23.1903 19.0318 5
    endloop
  endfacet
  facet normal 0.788346 -0.615233 0
    outer loop
      vertex -23.1903 19.0318 2.99
      vertex -24.0962 17.871 5
      vertex -24.0962 17.871 2.95382
    endloop
  endfacet
  facet normal -0.963781 0.266695 0
    outer loop
      vertex 28.7082 -8.70854 41
      vertex 29.1009 -7.2894 50
      vertex 29.1009 -7.2894 41
    endloop
  endfacet
  facet normal -0.963781 0.266695 0
    outer loop
      vertex 29.1009 -7.2894 50
      vertex 28.7082 -8.70854 41
      vertex 28.7082 -8.70854 50
    endloop
  endfacet
  facet normal -0.963781 0.266695 0
    outer loop
      vertex 28.7082 -8.70854 2.99
      vertex 29.1009 -7.2894 5
      vertex 29.1009 -7.2894 2.95382
    endloop
  endfacet
  facet normal -0.963781 0.266695 0
    outer loop
      vertex 29.1009 -7.2894 5
      vertex 28.7082 -8.70854 2.99
      vertex 28.7082 -8.70854 5
    endloop
  endfacet
  facet normal 0.757211 -0.653171 0
    outer loop
      vertex -23.1903 19.0318 50
      vertex -22.2285 20.1468 41
      vertex -22.2285 20.1468 50
    endloop
  endfacet
  facet normal 0.757211 -0.653171 0
    outer loop
      vertex -22.2285 20.1468 41
      vertex -23.1903 19.0318 50
      vertex -23.1903 19.0318 41
    endloop
  endfacet
  facet normal 0.757211 -0.653171 0
    outer loop
      vertex -23.1903 19.0318 2.99
      vertex -22.2285 20.1468 5
      vertex -23.1903 19.0318 5
    endloop
  endfacet
  facet normal 0.757211 -0.653171 0
    outer loop
      vertex -22.2285 20.1468 5
      vertex -23.1903 19.0318 2.99
      vertex -22.2285 20.1468 2.95382
    endloop
  endfacet
  facet normal 0.689542 -0.724246 0
    outer loop
      vertex -21.2132 21.2132 41
      vertex -20.1468 22.2285 50
      vertex -21.2132 21.2132 50
    endloop
  endfacet
  facet normal 0.689542 -0.724246 0
    outer loop
      vertex -20.1468 22.2285 50
      vertex -21.2132 21.2132 41
      vertex -20.1468 22.2285 41
    endloop
  endfacet
  facet normal 0.689542 -0.724246 0
    outer loop
      vertex -21.2132 21.2132 2.99
      vertex -20.1468 22.2285 5
      vertex -21.2132 21.2132 5
    endloop
  endfacet
  facet normal 0.689542 -0.724246 0
    outer loop
      vertex -20.1468 22.2285 5
      vertex -21.2132 21.2132 2.99
      vertex -20.1468 22.2285 2.95382
    endloop
  endfacet
  facet normal 0.170937 0.985282 -0
    outer loop
      vertex -4.40191 -29.6753 41
      vertex -5.85271 -29.4236 50
      vertex -4.40191 -29.6753 50
    endloop
  endfacet
  facet normal 0.170937 0.985282 0
    outer loop
      vertex -5.85271 -29.4236 50
      vertex -4.40191 -29.6753 41
      vertex -5.85271 -29.4236 41
    endloop
  endfacet
  facet normal 0.170937 0.985282 0
    outer loop
      vertex -4.40191 -29.6753 5
      vertex -5.85271 -29.4236 2.99
      vertex -5.85271 -29.4236 5
    endloop
  endfacet
  facet normal 0.170937 0.985282 0
    outer loop
      vertex -5.85271 -29.4236 2.99
      vertex -4.40191 -29.6753 5
      vertex -4.40191 -29.6753 2.95382
    endloop
  endfacet
  facet normal -0.870113 -0.492851 0
    outer loop
      vertex 26.4576 14.1419 41
      vertex 25.7319 15.4231 50
      vertex 25.7319 15.4231 41
    endloop
  endfacet
  facet normal -0.870113 -0.492851 0
    outer loop
      vertex 25.7319 15.4231 50
      vertex 26.4576 14.1419 41
      vertex 26.4576 14.1419 50
    endloop
  endfacet
  facet normal -0.870113 -0.492851 0
    outer loop
      vertex 26.4576 14.1419 2.99
      vertex 25.7319 15.4231 5
      vertex 25.7319 15.4231 2.95382
    endloop
  endfacet
  facet normal -0.870113 -0.492851 0
    outer loop
      vertex 25.7319 15.4231 5
      vertex 26.4576 14.1419 2.99
      vertex 26.4576 14.1419 5
    endloop
  endfacet
  facet normal 0.0736175 -0.997287 0
    outer loop
      vertex -2.94051 29.8555 41
      vertex -1.47203 29.9639 50
      vertex -2.94051 29.8555 50
    endloop
  endfacet
  facet normal 0.0736175 -0.997287 0
    outer loop
      vertex -1.47203 29.9639 50
      vertex -2.94051 29.8555 41
      vertex -1.47203 29.9639 41
    endloop
  endfacet
  facet normal 0.0736175 -0.997287 0
    outer loop
      vertex -2.94051 29.8555 2.99
      vertex -1.47203 29.9639 5
      vertex -2.94051 29.8555 5
    endloop
  endfacet
  facet normal 0.0736175 -0.997287 0
    outer loop
      vertex -1.47203 29.9639 5
      vertex -2.94051 29.8555 2.99
      vertex -1.47203 29.9639 2.95382
    endloop
  endfacet
  facet normal 0.313688 -0.949526 0
    outer loop
      vertex -10.1067 28.2463 41
      vertex -8.70854 28.7082 50
      vertex -10.1067 28.2463 50
    endloop
  endfacet
  facet normal 0.313688 -0.949526 0
    outer loop
      vertex -8.70854 28.7082 50
      vertex -10.1067 28.2463 41
      vertex -8.70854 28.7082 41
    endloop
  endfacet
  facet normal 0.313688 -0.949526 0
    outer loop
      vertex -10.1067 28.2463 5
      vertex -8.70854 28.7082 2.99
      vertex -8.70854 28.7082 5
    endloop
  endfacet
  facet normal 0.313688 -0.949526 0
    outer loop
      vertex -8.70854 28.7082 2.99
      vertex -10.1067 28.2463 5
      vertex -10.1067 28.2463 2.95382
    endloop
  endfacet
  facet normal -0.219153 0.97569 0
    outer loop
      vertex 7.2894 -29.1009 41
      vertex 5.85271 -29.4236 50
      vertex 7.2894 -29.1009 50
    endloop
  endfacet
  facet normal -0.219153 0.97569 0
    outer loop
      vertex 5.85271 -29.4236 50
      vertex 7.2894 -29.1009 41
      vertex 5.85271 -29.4236 41
    endloop
  endfacet
  facet normal -0.219153 0.97569 0
    outer loop
      vertex 7.2894 -29.1009 5
      vertex 5.85271 -29.4236 2.99
      vertex 5.85271 -29.4236 5
    endloop
  endfacet
  facet normal -0.219153 0.97569 0
    outer loop
      vertex 5.85271 -29.4236 2.99
      vertex 7.2894 -29.1009 5
      vertex 7.2894 -29.1009 2.95382
    endloop
  endfacet
  facet normal -0.914217 0.405225 0
    outer loop
      vertex 27.1197 -12.8267 41
      vertex 27.7164 -11.4805 50
      vertex 27.7164 -11.4805 41
    endloop
  endfacet
  facet normal -0.914217 0.405225 0
    outer loop
      vertex 27.7164 -11.4805 50
      vertex 27.1197 -12.8267 41
      vertex 27.1197 -12.8267 50
    endloop
  endfacet
  facet normal -0.914217 0.405225 0
    outer loop
      vertex 27.1197 -12.8267 5
      vertex 27.7164 -11.4805 2.99
      vertex 27.1197 -12.8267 2.95382
    endloop
  endfacet
  facet normal -0.914217 0.405225 0
    outer loop
      vertex 27.7164 -11.4805 2.99
      vertex 27.1197 -12.8267 5
      vertex 27.7164 -11.4805 5
    endloop
  endfacet
  facet normal -0.893201 -0.449657 0
    outer loop
      vertex 27.1197 12.8267 41
      vertex 26.4576 14.1419 50
      vertex 26.4576 14.1419 41
    endloop
  endfacet
  facet normal -0.893201 -0.449657 0
    outer loop
      vertex 26.4576 14.1419 50
      vertex 27.1197 12.8267 41
      vertex 27.1197 12.8267 50
    endloop
  endfacet
  facet normal -0.893201 -0.449657 -0
    outer loop
      vertex 27.1197 12.8267 5
      vertex 26.4576 14.1419 2.99
      vertex 27.1197 12.8267 2.95382
    endloop
  endfacet
  facet normal -0.893201 -0.449657 0
    outer loop
      vertex 26.4576 14.1419 2.99
      vertex 27.1197 12.8267 5
      vertex 26.4576 14.1419 5
    endloop
  endfacet
  facet normal 0.999699 -0.0245166 0
    outer loop
      vertex -30 0 50
      vertex -29.9639 1.47203 41
      vertex -29.9639 1.47203 50
    endloop
  endfacet
  facet normal 0.999699 -0.0245166 0
    outer loop
      vertex -29.9639 1.47203 41
      vertex -30 0 50
      vertex -30 0 41
    endloop
  endfacet
  facet normal 0.999699 -0.0245166 0
    outer loop
      vertex -30 0 2.99
      vertex -29.9639 1.47203 5
      vertex -30 0 5
    endloop
  endfacet
  facet normal 0.999699 -0.0245166 0
    outer loop
      vertex -29.9639 1.47203 5
      vertex -30 0 2.99
      vertex -29.9639 1.47203 2.95382
    endloop
  endfacet
  facet normal 0.12238 -0.992483 0
    outer loop
      vertex -4.40191 29.6753 41
      vertex -2.94051 29.8555 50
      vertex -4.40191 29.6753 50
    endloop
  endfacet
  facet normal 0.12238 -0.992483 0
    outer loop
      vertex -2.94051 29.8555 50
      vertex -4.40191 29.6753 41
      vertex -2.94051 29.8555 41
    endloop
  endfacet
  facet normal 0.12238 -0.992483 0
    outer loop
      vertex -4.40191 29.6753 5
      vertex -2.94051 29.8555 2.99
      vertex -2.94051 29.8555 5
    endloop
  endfacet
  facet normal 0.12238 -0.992483 0
    outer loop
      vertex -2.94051 29.8555 2.99
      vertex -4.40191 29.6753 5
      vertex -4.40191 29.6753 2.95382
    endloop
  endfacet
  facet normal 0.405225 0.914217 -0
    outer loop
      vertex -11.4805 -27.7164 41
      vertex -12.8267 -27.1197 50
      vertex -11.4805 -27.7164 50
    endloop
  endfacet
  facet normal 0.405225 0.914217 0
    outer loop
      vertex -12.8267 -27.1197 50
      vertex -11.4805 -27.7164 41
      vertex -12.8267 -27.1197 41
    endloop
  endfacet
  facet normal 0.405225 0.914217 -0
    outer loop
      vertex -11.4805 -27.7164 2.99
      vertex -12.8267 -27.1197 5
      vertex -11.4805 -27.7164 5
    endloop
  endfacet
  facet normal 0.405225 0.914217 0
    outer loop
      vertex -12.8267 -27.1197 5
      vertex -11.4805 -27.7164 2.99
      vertex -12.8267 -27.1197 2.95382
    endloop
  endfacet
  facet normal 0.653171 0.757211 -0
    outer loop
      vertex -19.0318 -23.1903 41
      vertex -20.1468 -22.2285 50
      vertex -19.0318 -23.1903 50
    endloop
  endfacet
  facet normal 0.653171 0.757211 0
    outer loop
      vertex -20.1468 -22.2285 50
      vertex -19.0318 -23.1903 41
      vertex -20.1468 -22.2285 41
    endloop
  endfacet
  facet normal 0.653171 0.757211 -0
    outer loop
      vertex -19.0318 -23.1903 2.99
      vertex -20.1468 -22.2285 5
      vertex -19.0318 -23.1903 5
    endloop
  endfacet
  facet normal 0.653171 0.757211 0
    outer loop
      vertex -20.1468 -22.2285 5
      vertex -19.0318 -23.1903 2.99
      vertex -20.1468 -22.2285 2.95382
    endloop
  endfacet
  facet normal 0.53502 -0.84484 0
    outer loop
      vertex -16.6671 24.9441 41
      vertex -15.4231 25.7319 50
      vertex -16.6671 24.9441 50
    endloop
  endfacet
  facet normal 0.53502 -0.84484 0
    outer loop
      vertex -15.4231 25.7319 50
      vertex -16.6671 24.9441 41
      vertex -15.4231 25.7319 41
    endloop
  endfacet
  facet normal 0.53502 -0.84484 0
    outer loop
      vertex -16.6671 24.9441 2.99
      vertex -15.4231 25.7319 5
      vertex -16.6671 24.9441 5
    endloop
  endfacet
  facet normal 0.53502 -0.84484 0
    outer loop
      vertex -15.4231 25.7319 5
      vertex -16.6671 24.9441 2.99
      vertex -15.4231 25.7319 2.95382
    endloop
  endfacet
  facet normal 0.492851 0.870113 -0
    outer loop
      vertex -14.1419 -26.4576 41
      vertex -15.4231 -25.7319 50
      vertex -14.1419 -26.4576 50
    endloop
  endfacet
  facet normal 0.492851 0.870113 0
    outer loop
      vertex -15.4231 -25.7319 50
      vertex -14.1419 -26.4576 41
      vertex -15.4231 -25.7319 41
    endloop
  endfacet
  facet normal 0.492851 0.870113 -0
    outer loop
      vertex -14.1419 -26.4576 2.99
      vertex -15.4231 -25.7319 5
      vertex -14.1419 -26.4576 5
    endloop
  endfacet
  facet normal 0.492851 0.870113 0
    outer loop
      vertex -15.4231 -25.7319 5
      vertex -14.1419 -26.4576 2.99
      vertex -15.4231 -25.7319 2.95382
    endloop
  endfacet
  facet normal -0.870113 0.492851 0
    outer loop
      vertex 25.7319 -15.4231 41
      vertex 26.4576 -14.1419 50
      vertex 26.4576 -14.1419 41
    endloop
  endfacet
  facet normal -0.870113 0.492851 0
    outer loop
      vertex 26.4576 -14.1419 50
      vertex 25.7319 -15.4231 41
      vertex 25.7319 -15.4231 50
    endloop
  endfacet
  facet normal -0.870113 0.492851 0
    outer loop
      vertex 25.7319 -15.4231 5
      vertex 26.4576 -14.1419 2.99
      vertex 25.7319 -15.4231 2.95382
    endloop
  endfacet
  facet normal -0.870113 0.492851 0
    outer loop
      vertex 26.4576 -14.1419 2.99
      vertex 25.7319 -15.4231 5
      vertex 26.4576 -14.1419 5
    endloop
  endfacet
  facet normal -0.992483 0.12238 0
    outer loop
      vertex 29.6753 -4.40191 41
      vertex 29.8555 -2.94051 50
      vertex 29.8555 -2.94051 41
    endloop
  endfacet
  facet normal -0.992483 0.12238 0
    outer loop
      vertex 29.8555 -2.94051 50
      vertex 29.6753 -4.40191 41
      vertex 29.6753 -4.40191 50
    endloop
  endfacet
  facet normal -0.992483 0.12238 0
    outer loop
      vertex 29.6753 -4.40191 5
      vertex 29.8555 -2.94051 2.99
      vertex 29.6753 -4.40191 2.95382
    endloop
  endfacet
  facet normal -0.992483 0.12238 0
    outer loop
      vertex 29.8555 -2.94051 2.99
      vertex 29.6753 -4.40191 5
      vertex 29.8555 -2.94051 5
    endloop
  endfacet
  facet normal 0.949526 0.313688 0
    outer loop
      vertex -28.2463 -10.1067 50
      vertex -28.7082 -8.70854 41
      vertex -28.7082 -8.70854 50
    endloop
  endfacet
  facet normal 0.949526 0.313688 0
    outer loop
      vertex -28.7082 -8.70854 41
      vertex -28.2463 -10.1067 50
      vertex -28.2463 -10.1067 41
    endloop
  endfacet
  facet normal 0.949526 0.313688 0
    outer loop
      vertex -28.2463 -10.1067 5
      vertex -28.7082 -8.70854 2.99
      vertex -28.7082 -8.70854 5
    endloop
  endfacet
  facet normal 0.949526 0.313688 0
    outer loop
      vertex -28.7082 -8.70854 2.99
      vertex -28.2463 -10.1067 5
      vertex -28.2463 -10.1067 2.95382
    endloop
  endfacet
  facet normal 0.219153 -0.97569 0
    outer loop
      vertex -7.2894 29.1009 41
      vertex -5.85271 29.4236 50
      vertex -7.2894 29.1009 50
    endloop
  endfacet
  facet normal 0.219153 -0.97569 0
    outer loop
      vertex -5.85271 29.4236 50
      vertex -7.2894 29.1009 41
      vertex -5.85271 29.4236 41
    endloop
  endfacet
  facet normal 0.219153 -0.97569 0
    outer loop
      vertex -7.2894 29.1009 5
      vertex -5.85271 29.4236 2.99
      vertex -5.85271 29.4236 5
    endloop
  endfacet
  facet normal 0.219153 -0.97569 0
    outer loop
      vertex -5.85271 29.4236 2.99
      vertex -7.2894 29.1009 5
      vertex -7.2894 29.1009 2.95382
    endloop
  endfacet
  facet normal -0.405225 -0.914217 0
    outer loop
      vertex 11.4805 27.7164 41
      vertex 12.8267 27.1197 50
      vertex 11.4805 27.7164 50
    endloop
  endfacet
  facet normal -0.405225 -0.914217 -0
    outer loop
      vertex 12.8267 27.1197 50
      vertex 11.4805 27.7164 41
      vertex 12.8267 27.1197 41
    endloop
  endfacet
  facet normal -0.405225 -0.914217 0
    outer loop
      vertex 11.4805 27.7164 2.99
      vertex 12.8267 27.1197 5
      vertex 11.4805 27.7164 5
    endloop
  endfacet
  facet normal -0.405225 -0.914217 -0
    outer loop
      vertex 12.8267 27.1197 5
      vertex 11.4805 27.7164 2.99
      vertex 12.8267 27.1197 2.95382
    endloop
  endfacet
  facet normal -0.170937 0.985282 0
    outer loop
      vertex 5.85271 -29.4236 41
      vertex 4.40191 -29.6753 50
      vertex 5.85271 -29.4236 50
    endloop
  endfacet
  facet normal -0.170937 0.985282 0
    outer loop
      vertex 4.40191 -29.6753 50
      vertex 5.85271 -29.4236 41
      vertex 4.40191 -29.6753 41
    endloop
  endfacet
  facet normal -0.170937 0.985282 0
    outer loop
      vertex 5.85271 -29.4236 2.99
      vertex 4.40191 -29.6753 5
      vertex 5.85271 -29.4236 5
    endloop
  endfacet
  facet normal -0.170937 0.985282 0
    outer loop
      vertex 4.40191 -29.6753 5
      vertex 5.85271 -29.4236 2.99
      vertex 4.40191 -29.6753 2.95382
    endloop
  endfacet
  facet normal 0.997287 0.0736175 0
    outer loop
      vertex -29.8555 -2.94051 50
      vertex -29.9639 -1.47203 41
      vertex -29.9639 -1.47203 50
    endloop
  endfacet
  facet normal 0.997287 0.0736175 0
    outer loop
      vertex -29.9639 -1.47203 41
      vertex -29.8555 -2.94051 50
      vertex -29.8555 -2.94051 41
    endloop
  endfacet
  facet normal 0.997287 0.0736175 -0
    outer loop
      vertex -29.8555 -2.94051 2.99
      vertex -29.9639 -1.47203 5
      vertex -29.8555 -2.94051 5
    endloop
  endfacet
  facet normal 0.997287 0.0736175 0
    outer loop
      vertex -29.9639 -1.47203 5
      vertex -29.8555 -2.94051 2.99
      vertex -29.9639 -1.47203 2.95382
    endloop
  endfacet
  facet normal 0.492851 -0.870113 0
    outer loop
      vertex -15.4231 25.7319 41
      vertex -14.1419 26.4576 50
      vertex -15.4231 25.7319 50
    endloop
  endfacet
  facet normal 0.492851 -0.870113 0
    outer loop
      vertex -14.1419 26.4576 50
      vertex -15.4231 25.7319 41
      vertex -14.1419 26.4576 41
    endloop
  endfacet
  facet normal 0.492851 -0.870113 0
    outer loop
      vertex -15.4231 25.7319 5
      vertex -14.1419 26.4576 2.99
      vertex -14.1419 26.4576 5
    endloop
  endfacet
  facet normal 0.492851 -0.870113 0
    outer loop
      vertex -14.1419 26.4576 2.99
      vertex -15.4231 25.7319 5
      vertex -15.4231 25.7319 2.95382
    endloop
  endfacet
  facet normal -0.12238 -0.992483 0
    outer loop
      vertex 2.94051 29.8555 41
      vertex 4.40191 29.6753 50
      vertex 2.94051 29.8555 50
    endloop
  endfacet
  facet normal -0.12238 -0.992483 -0
    outer loop
      vertex 4.40191 29.6753 50
      vertex 2.94051 29.8555 41
      vertex 4.40191 29.6753 41
    endloop
  endfacet
  facet normal -0.12238 -0.992483 0
    outer loop
      vertex 2.94051 29.8555 2.99
      vertex 4.40191 29.6753 5
      vertex 2.94051 29.8555 5
    endloop
  endfacet
  facet normal -0.12238 -0.992483 -0
    outer loop
      vertex 4.40191 29.6753 5
      vertex 2.94051 29.8555 2.99
      vertex 4.40191 29.6753 2.95382
    endloop
  endfacet
  facet normal -0.653171 -0.757211 0
    outer loop
      vertex 19.0318 23.1903 41
      vertex 20.1468 22.2285 50
      vertex 19.0318 23.1903 50
    endloop
  endfacet
  facet normal -0.653171 -0.757211 -0
    outer loop
      vertex 20.1468 22.2285 50
      vertex 19.0318 23.1903 41
      vertex 20.1468 22.2285 41
    endloop
  endfacet
  facet normal -0.653171 -0.757211 0
    outer loop
      vertex 19.0318 23.1903 2.99
      vertex 20.1468 22.2285 5
      vertex 19.0318 23.1903 5
    endloop
  endfacet
  facet normal -0.653171 -0.757211 -0
    outer loop
      vertex 20.1468 22.2285 5
      vertex 19.0318 23.1903 2.99
      vertex 20.1468 22.2285 2.95382
    endloop
  endfacet
  facet normal -0.949526 0.313688 0
    outer loop
      vertex 28.2463 -10.1067 41
      vertex 28.7082 -8.70854 50
      vertex 28.7082 -8.70854 41
    endloop
  endfacet
  facet normal -0.949526 0.313688 0
    outer loop
      vertex 28.7082 -8.70854 50
      vertex 28.2463 -10.1067 41
      vertex 28.2463 -10.1067 50
    endloop
  endfacet
  facet normal -0.949526 0.313688 0
    outer loop
      vertex 28.2463 -10.1067 5
      vertex 28.7082 -8.70854 2.99
      vertex 28.2463 -10.1067 2.95382
    endloop
  endfacet
  facet normal -0.949526 0.313688 0
    outer loop
      vertex 28.7082 -8.70854 2.99
      vertex 28.2463 -10.1067 5
      vertex 28.7082 -8.70854 5
    endloop
  endfacet
  facet normal 0.933 -0.359875 0
    outer loop
      vertex -28.2463 10.1067 50
      vertex -27.7164 11.4805 41
      vertex -27.7164 11.4805 50
    endloop
  endfacet
  facet normal 0.933 -0.359875 0
    outer loop
      vertex -27.7164 11.4805 41
      vertex -28.2463 10.1067 50
      vertex -28.2463 10.1067 41
    endloop
  endfacet
  facet normal 0.933 -0.359875 0
    outer loop
      vertex -28.2463 10.1067 5
      vertex -27.7164 11.4805 2.99
      vertex -27.7164 11.4805 5
    endloop
  endfacet
  facet normal 0.933 -0.359875 0
    outer loop
      vertex -27.7164 11.4805 2.99
      vertex -28.2463 10.1067 5
      vertex -28.2463 10.1067 2.95382
    endloop
  endfacet
  facet normal -0.0245166 0.999699 0
    outer loop
      vertex 1.47203 -29.9639 41
      vertex 0 -30 50
      vertex 1.47203 -29.9639 50
    endloop
  endfacet
  facet normal -0.0245166 0.999699 0
    outer loop
      vertex 0 -30 50
      vertex 1.47203 -29.9639 41
      vertex 0 -30 41
    endloop
  endfacet
  facet normal -0.0245166 0.999699 0
    outer loop
      vertex 1.47203 -29.9639 5
      vertex 0 -30 2.99
      vertex 0 -30 5
    endloop
  endfacet
  facet normal -0.0245166 0.999699 0
    outer loop
      vertex 0 -30 2.99
      vertex 1.47203 -29.9639 5
      vertex 1.47203 -29.9639 2.95382
    endloop
  endfacet
  facet normal -0.724246 -0.689542 0
    outer loop
      vertex 22.2285 20.1468 41
      vertex 21.2132 21.2132 50
      vertex 21.2132 21.2132 41
    endloop
  endfacet
  facet normal -0.724246 -0.689542 0
    outer loop
      vertex 21.2132 21.2132 50
      vertex 22.2285 20.1468 41
      vertex 22.2285 20.1468 50
    endloop
  endfacet
  facet normal -0.724246 -0.689542 -0
    outer loop
      vertex 22.2285 20.1468 5
      vertex 21.2132 21.2132 2.99
      vertex 22.2285 20.1468 2.95382
    endloop
  endfacet
  facet normal -0.724246 -0.689542 0
    outer loop
      vertex 21.2132 21.2132 2.99
      vertex 22.2285 20.1468 5
      vertex 21.2132 21.2132 5
    endloop
  endfacet
  facet normal -0.575816 0.817579 0
    outer loop
      vertex 17.871 -24.0962 41
      vertex 16.6671 -24.9441 50
      vertex 17.871 -24.0962 50
    endloop
  endfacet
  facet normal -0.575816 0.817579 0
    outer loop
      vertex 16.6671 -24.9441 50
      vertex 17.871 -24.0962 41
      vertex 16.6671 -24.9441 41
    endloop
  endfacet
  facet normal -0.575816 0.817579 0
    outer loop
      vertex 17.871 -24.0962 5
      vertex 16.6671 -24.9441 2.99
      vertex 16.6671 -24.9441 5
    endloop
  endfacet
  facet normal -0.575816 0.817579 0
    outer loop
      vertex 16.6671 -24.9441 2.99
      vertex 17.871 -24.0962 5
      vertex 17.871 -24.0962 2.95382
    endloop
  endfacet
  facet normal -0.449657 -0.893201 0
    outer loop
      vertex 12.8267 27.1197 41
      vertex 14.1419 26.4576 50
      vertex 12.8267 27.1197 50
    endloop
  endfacet
  facet normal -0.449657 -0.893201 -0
    outer loop
      vertex 14.1419 26.4576 50
      vertex 12.8267 27.1197 41
      vertex 14.1419 26.4576 41
    endloop
  endfacet
  facet normal -0.449657 -0.893201 0
    outer loop
      vertex 12.8267 27.1197 5
      vertex 14.1419 26.4576 2.99
      vertex 14.1419 26.4576 5
    endloop
  endfacet
  facet normal -0.449657 -0.893201 0
    outer loop
      vertex 14.1419 26.4576 2.99
      vertex 12.8267 27.1197 5
      vertex 12.8267 27.1197 2.95382
    endloop
  endfacet
  facet normal 0.949526 -0.313688 0
    outer loop
      vertex -28.7082 8.70854 50
      vertex -28.2463 10.1067 41
      vertex -28.2463 10.1067 50
    endloop
  endfacet
  facet normal 0.949526 -0.313688 0
    outer loop
      vertex -28.2463 10.1067 41
      vertex -28.7082 8.70854 50
      vertex -28.7082 8.70854 41
    endloop
  endfacet
  facet normal 0.949526 -0.313688 0
    outer loop
      vertex -28.7082 8.70854 2.99
      vertex -28.2463 10.1067 5
      vertex -28.7082 8.70854 5
    endloop
  endfacet
  facet normal 0.949526 -0.313688 0
    outer loop
      vertex -28.2463 10.1067 5
      vertex -28.7082 8.70854 2.99
      vertex -28.2463 10.1067 2.95382
    endloop
  endfacet
  facet normal 0.992483 -0.12238 0
    outer loop
      vertex -29.8555 2.94051 50
      vertex -29.6753 4.40191 41
      vertex -29.6753 4.40191 50
    endloop
  endfacet
  facet normal 0.992483 -0.12238 0
    outer loop
      vertex -29.6753 4.40191 41
      vertex -29.8555 2.94051 50
      vertex -29.8555 2.94051 41
    endloop
  endfacet
  facet normal 0.992483 -0.12238 0
    outer loop
      vertex -29.8555 2.94051 2.99
      vertex -29.6753 4.40191 5
      vertex -29.8555 2.94051 5
    endloop
  endfacet
  facet normal 0.992483 -0.12238 0
    outer loop
      vertex -29.6753 4.40191 5
      vertex -29.8555 2.94051 2.99
      vertex -29.6753 4.40191 2.95382
    endloop
  endfacet
  facet normal -0.653171 0.757211 0
    outer loop
      vertex 20.1468 -22.2285 41
      vertex 19.0318 -23.1903 50
      vertex 20.1468 -22.2285 50
    endloop
  endfacet
  facet normal -0.653171 0.757211 0
    outer loop
      vertex 19.0318 -23.1903 50
      vertex 20.1468 -22.2285 41
      vertex 19.0318 -23.1903 41
    endloop
  endfacet
  facet normal -0.653171 0.757211 0
    outer loop
      vertex 20.1468 -22.2285 5
      vertex 19.0318 -23.1903 2.99
      vertex 19.0318 -23.1903 5
    endloop
  endfacet
  facet normal -0.653171 0.757211 0
    outer loop
      vertex 19.0318 -23.1903 2.99
      vertex 20.1468 -22.2285 5
      vertex 20.1468 -22.2285 2.95382
    endloop
  endfacet
  facet normal 0.0736175 0.997287 -0
    outer loop
      vertex -1.47203 -29.9639 41
      vertex -2.94051 -29.8555 50
      vertex -1.47203 -29.9639 50
    endloop
  endfacet
  facet normal 0.0736175 0.997287 0
    outer loop
      vertex -2.94051 -29.8555 50
      vertex -1.47203 -29.9639 41
      vertex -2.94051 -29.8555 41
    endloop
  endfacet
  facet normal 0.0736175 0.997287 0
    outer loop
      vertex -1.47203 -29.9639 5
      vertex -2.94051 -29.8555 2.99
      vertex -2.94051 -29.8555 5
    endloop
  endfacet
  facet normal 0.0736175 0.997287 0
    outer loop
      vertex -2.94051 -29.8555 2.99
      vertex -1.47203 -29.9639 5
      vertex -1.47203 -29.9639 2.95382
    endloop
  endfacet
  facet normal -0.788346 0.615233 0
    outer loop
      vertex 23.1903 -19.0318 41
      vertex 24.0962 -17.871 50
      vertex 24.0962 -17.871 41
    endloop
  endfacet
  facet normal -0.788346 0.615233 0
    outer loop
      vertex 24.0962 -17.871 50
      vertex 23.1903 -19.0318 41
      vertex 23.1903 -19.0318 50
    endloop
  endfacet
  facet normal -0.788346 0.615233 0
    outer loop
      vertex 23.1903 -19.0318 2.99
      vertex 24.0962 -17.871 5
      vertex 24.0962 -17.871 2.95382
    endloop
  endfacet
  facet normal -0.788346 0.615233 0
    outer loop
      vertex 24.0962 -17.871 5
      vertex 23.1903 -19.0318 2.99
      vertex 23.1903 -19.0318 5
    endloop
  endfacet
  facet normal -0.84484 -0.53502 0
    outer loop
      vertex 25.7319 15.4231 41
      vertex 24.9441 16.6671 50
      vertex 24.9441 16.6671 41
    endloop
  endfacet
  facet normal -0.84484 -0.53502 0
    outer loop
      vertex 24.9441 16.6671 50
      vertex 25.7319 15.4231 41
      vertex 25.7319 15.4231 50
    endloop
  endfacet
  facet normal -0.84484 -0.53502 -0
    outer loop
      vertex 25.7319 15.4231 5
      vertex 24.9441 16.6671 2.99
      vertex 25.7319 15.4231 2.95382
    endloop
  endfacet
  facet normal -0.84484 -0.53502 0
    outer loop
      vertex 24.9441 16.6671 2.99
      vertex 25.7319 15.4231 5
      vertex 24.9441 16.6671 5
    endloop
  endfacet
  facet normal 0.985282 0.170937 0
    outer loop
      vertex -29.4236 -5.85271 50
      vertex -29.6753 -4.40191 41
      vertex -29.6753 -4.40191 50
    endloop
  endfacet
  facet normal 0.985282 0.170937 0
    outer loop
      vertex -29.6753 -4.40191 41
      vertex -29.4236 -5.85271 50
      vertex -29.4236 -5.85271 41
    endloop
  endfacet
  facet normal 0.985282 0.170937 -0
    outer loop
      vertex -29.4236 -5.85271 2.99
      vertex -29.6753 -4.40191 5
      vertex -29.4236 -5.85271 5
    endloop
  endfacet
  facet normal 0.985282 0.170937 0
    outer loop
      vertex -29.6753 -4.40191 5
      vertex -29.4236 -5.85271 2.99
      vertex -29.6753 -4.40191 2.95382
    endloop
  endfacet
  facet normal 0.757211 0.653171 0
    outer loop
      vertex -22.2285 -20.1468 50
      vertex -23.1903 -19.0318 41
      vertex -23.1903 -19.0318 50
    endloop
  endfacet
  facet normal 0.757211 0.653171 0
    outer loop
      vertex -23.1903 -19.0318 41
      vertex -22.2285 -20.1468 50
      vertex -22.2285 -20.1468 41
    endloop
  endfacet
  facet normal 0.757211 0.653171 0
    outer loop
      vertex -22.2285 -20.1468 5
      vertex -23.1903 -19.0318 2.99
      vertex -23.1903 -19.0318 5
    endloop
  endfacet
  facet normal 0.757211 0.653171 0
    outer loop
      vertex -23.1903 -19.0318 2.99
      vertex -22.2285 -20.1468 5
      vertex -22.2285 -20.1468 2.95382
    endloop
  endfacet
  facet normal -0.53502 0.84484 0
    outer loop
      vertex 16.6671 -24.9441 41
      vertex 15.4231 -25.7319 50
      vertex 16.6671 -24.9441 50
    endloop
  endfacet
  facet normal -0.53502 0.84484 0
    outer loop
      vertex 15.4231 -25.7319 50
      vertex 16.6671 -24.9441 41
      vertex 15.4231 -25.7319 41
    endloop
  endfacet
  facet normal -0.53502 0.84484 0
    outer loop
      vertex 16.6671 -24.9441 2.99
      vertex 15.4231 -25.7319 5
      vertex 16.6671 -24.9441 5
    endloop
  endfacet
  facet normal -0.53502 0.84484 0
    outer loop
      vertex 15.4231 -25.7319 5
      vertex 16.6671 -24.9441 2.99
      vertex 15.4231 -25.7319 2.95382
    endloop
  endfacet
  facet normal 0.724246 0.689542 0
    outer loop
      vertex -21.2132 -21.2132 50
      vertex -22.2285 -20.1468 41
      vertex -22.2285 -20.1468 50
    endloop
  endfacet
  facet normal 0.724246 0.689542 0
    outer loop
      vertex -22.2285 -20.1468 41
      vertex -21.2132 -21.2132 50
      vertex -21.2132 -21.2132 41
    endloop
  endfacet
  facet normal 0.724246 0.689542 -0
    outer loop
      vertex -21.2132 -21.2132 2.99
      vertex -22.2285 -20.1468 5
      vertex -21.2132 -21.2132 5
    endloop
  endfacet
  facet normal 0.724246 0.689542 0
    outer loop
      vertex -22.2285 -20.1468 5
      vertex -21.2132 -21.2132 2.99
      vertex -22.2285 -20.1468 2.95382
    endloop
  endfacet
  facet normal -0.757211 -0.653171 0
    outer loop
      vertex 23.1903 19.0318 41
      vertex 22.2285 20.1468 50
      vertex 22.2285 20.1468 41
    endloop
  endfacet
  facet normal -0.757211 -0.653171 0
    outer loop
      vertex 22.2285 20.1468 50
      vertex 23.1903 19.0318 41
      vertex 23.1903 19.0318 50
    endloop
  endfacet
  facet normal -0.757211 -0.653171 0
    outer loop
      vertex 23.1903 19.0318 2.99
      vertex 22.2285 20.1468 5
      vertex 22.2285 20.1468 2.95382
    endloop
  endfacet
  facet normal -0.757211 -0.653171 0
    outer loop
      vertex 22.2285 20.1468 5
      vertex 23.1903 19.0318 2.99
      vertex 23.1903 19.0318 5
    endloop
  endfacet
  facet normal -0.492851 -0.870113 0
    outer loop
      vertex 14.1419 26.4576 41
      vertex 15.4231 25.7319 50
      vertex 14.1419 26.4576 50
    endloop
  endfacet
  facet normal -0.492851 -0.870113 -0
    outer loop
      vertex 15.4231 25.7319 50
      vertex 14.1419 26.4576 41
      vertex 15.4231 25.7319 41
    endloop
  endfacet
  facet normal -0.492851 -0.870113 0
    outer loop
      vertex 14.1419 26.4576 2.99
      vertex 15.4231 25.7319 5
      vertex 14.1419 26.4576 5
    endloop
  endfacet
  facet normal -0.492851 -0.870113 -0
    outer loop
      vertex 15.4231 25.7319 5
      vertex 14.1419 26.4576 2.99
      vertex 15.4231 25.7319 2.95382
    endloop
  endfacet
  facet normal 0.992483 0.12238 0
    outer loop
      vertex -29.6753 -4.40191 50
      vertex -29.8555 -2.94051 41
      vertex -29.8555 -2.94051 50
    endloop
  endfacet
  facet normal 0.992483 0.12238 0
    outer loop
      vertex -29.8555 -2.94051 41
      vertex -29.6753 -4.40191 50
      vertex -29.6753 -4.40191 41
    endloop
  endfacet
  facet normal 0.992483 0.12238 0
    outer loop
      vertex -29.6753 -4.40191 5
      vertex -29.8555 -2.94051 2.99
      vertex -29.8555 -2.94051 5
    endloop
  endfacet
  facet normal 0.992483 0.12238 0
    outer loop
      vertex -29.8555 -2.94051 2.99
      vertex -29.6753 -4.40191 5
      vertex -29.6753 -4.40191 2.95382
    endloop
  endfacet
  facet normal 0.870113 0.492851 0
    outer loop
      vertex -25.7319 -15.4231 50
      vertex -26.4576 -14.1419 41
      vertex -26.4576 -14.1419 50
    endloop
  endfacet
  facet normal 0.870113 0.492851 0
    outer loop
      vertex -26.4576 -14.1419 41
      vertex -25.7319 -15.4231 50
      vertex -25.7319 -15.4231 41
    endloop
  endfacet
  facet normal 0.870113 0.492851 0
    outer loop
      vertex -25.7319 -15.4231 5
      vertex -26.4576 -14.1419 2.99
      vertex -26.4576 -14.1419 5
    endloop
  endfacet
  facet normal 0.870113 0.492851 0
    outer loop
      vertex -26.4576 -14.1419 2.99
      vertex -25.7319 -15.4231 5
      vertex -25.7319 -15.4231 2.95382
    endloop
  endfacet
  facet normal -0.985282 -0.170937 0
    outer loop
      vertex 29.6753 4.40191 41
      vertex 29.4236 5.85271 50
      vertex 29.4236 5.85271 41
    endloop
  endfacet
  facet normal -0.985282 -0.170937 0
    outer loop
      vertex 29.4236 5.85271 50
      vertex 29.6753 4.40191 41
      vertex 29.6753 4.40191 50
    endloop
  endfacet
  facet normal -0.985282 -0.170937 -0
    outer loop
      vertex 29.6753 4.40191 5
      vertex 29.4236 5.85271 2.99
      vertex 29.6753 4.40191 2.95382
    endloop
  endfacet
  facet normal -0.985282 -0.170937 0
    outer loop
      vertex 29.4236 5.85271 2.99
      vertex 29.6753 4.40191 5
      vertex 29.4236 5.85271 5
    endloop
  endfacet
  facet normal -0.689542 0.724246 0
    outer loop
      vertex 21.2132 -21.2132 41
      vertex 20.1468 -22.2285 50
      vertex 21.2132 -21.2132 50
    endloop
  endfacet
  facet normal -0.689542 0.724246 0
    outer loop
      vertex 20.1468 -22.2285 50
      vertex 21.2132 -21.2132 41
      vertex 20.1468 -22.2285 41
    endloop
  endfacet
  facet normal -0.689542 0.724246 0
    outer loop
      vertex 21.2132 -21.2132 2.99
      vertex 20.1468 -22.2285 5
      vertex 21.2132 -21.2132 5
    endloop
  endfacet
  facet normal -0.689542 0.724246 0
    outer loop
      vertex 20.1468 -22.2285 5
      vertex 21.2132 -21.2132 2.99
      vertex 20.1468 -22.2285 2.95382
    endloop
  endfacet
  facet normal 0.84484 0.53502 0
    outer loop
      vertex -24.9441 -16.6671 50
      vertex -25.7319 -15.4231 41
      vertex -25.7319 -15.4231 50
    endloop
  endfacet
  facet normal 0.84484 0.53502 0
    outer loop
      vertex -25.7319 -15.4231 41
      vertex -24.9441 -16.6671 50
      vertex -24.9441 -16.6671 41
    endloop
  endfacet
  facet normal 0.84484 0.53502 -0
    outer loop
      vertex -24.9441 -16.6671 2.99
      vertex -25.7319 -15.4231 5
      vertex -24.9441 -16.6671 5
    endloop
  endfacet
  facet normal 0.84484 0.53502 0
    outer loop
      vertex -25.7319 -15.4231 5
      vertex -24.9441 -16.6671 2.99
      vertex -25.7319 -15.4231 2.95382
    endloop
  endfacet
  facet normal 0.999699 0.0245166 0
    outer loop
      vertex -29.9639 -1.47203 50
      vertex -30 0 41
      vertex -30 0 50
    endloop
  endfacet
  facet normal 0.999699 0.0245166 0
    outer loop
      vertex -30 0 41
      vertex -29.9639 -1.47203 50
      vertex -29.9639 -1.47203 41
    endloop
  endfacet
  facet normal 0.999699 0.0245166 0
    outer loop
      vertex -29.9639 -1.47203 5
      vertex -30 0 2.99
      vertex -30 0 5
    endloop
  endfacet
  facet normal 0.999699 0.0245166 0
    outer loop
      vertex -30 0 2.99
      vertex -29.9639 -1.47203 5
      vertex -29.9639 -1.47203 2.95382
    endloop
  endfacet
  facet normal -0.999699 0.0245166 0
    outer loop
      vertex 29.9639 -1.47203 41
      vertex 30 0 50
      vertex 30 0 41
    endloop
  endfacet
  facet normal -0.999699 0.0245166 0
    outer loop
      vertex 30 0 50
      vertex 29.9639 -1.47203 41
      vertex 29.9639 -1.47203 50
    endloop
  endfacet
  facet normal -0.999699 0.0245166 0
    outer loop
      vertex 29.9639 -1.47203 5
      vertex 30 0 2.99
      vertex 29.9639 -1.47203 2.95382
    endloop
  endfacet
  facet normal -0.999699 0.0245166 0
    outer loop
      vertex 30 0 2.99
      vertex 29.9639 -1.47203 5
      vertex 30 0 5
    endloop
  endfacet
  facet normal -0.359875 -0.933 0
    outer loop
      vertex 10.1067 28.2463 41
      vertex 11.4805 27.7164 50
      vertex 10.1067 28.2463 50
    endloop
  endfacet
  facet normal -0.359875 -0.933 -0
    outer loop
      vertex 11.4805 27.7164 50
      vertex 10.1067 28.2463 41
      vertex 11.4805 27.7164 41
    endloop
  endfacet
  facet normal -0.359875 -0.933 0
    outer loop
      vertex 10.1067 28.2463 5
      vertex 11.4805 27.7164 2.99
      vertex 11.4805 27.7164 5
    endloop
  endfacet
  facet normal -0.359875 -0.933 0
    outer loop
      vertex 11.4805 27.7164 2.99
      vertex 10.1067 28.2463 5
      vertex 10.1067 28.2463 2.95382
    endloop
  endfacet
  facet normal 0.893201 -0.449657 0
    outer loop
      vertex -27.1197 12.8267 50
      vertex -26.4576 14.1419 41
      vertex -26.4576 14.1419 50
    endloop
  endfacet
  facet normal 0.893201 -0.449657 0
    outer loop
      vertex -26.4576 14.1419 41
      vertex -27.1197 12.8267 50
      vertex -27.1197 12.8267 41
    endloop
  endfacet
  facet normal 0.893201 -0.449657 0
    outer loop
      vertex -27.1197 12.8267 5
      vertex -26.4576 14.1419 2.99
      vertex -26.4576 14.1419 5
    endloop
  endfacet
  facet normal 0.893201 -0.449657 0
    outer loop
      vertex -26.4576 14.1419 2.99
      vertex -27.1197 12.8267 5
      vertex -27.1197 12.8267 2.95382
    endloop
  endfacet
  facet normal 0.12238 0.992483 -0
    outer loop
      vertex -2.94051 -29.8555 41
      vertex -4.40191 -29.6753 50
      vertex -2.94051 -29.8555 50
    endloop
  endfacet
  facet normal 0.12238 0.992483 0
    outer loop
      vertex -4.40191 -29.6753 50
      vertex -2.94051 -29.8555 41
      vertex -4.40191 -29.6753 41
    endloop
  endfacet
  facet normal 0.12238 0.992483 -0
    outer loop
      vertex -2.94051 -29.8555 2.99
      vertex -4.40191 -29.6753 5
      vertex -2.94051 -29.8555 5
    endloop
  endfacet
  facet normal 0.12238 0.992483 0
    outer loop
      vertex -4.40191 -29.6753 5
      vertex -2.94051 -29.8555 2.99
      vertex -4.40191 -29.6753 2.95382
    endloop
  endfacet
  facet normal 0.359875 0.933 -0
    outer loop
      vertex -10.1067 -28.2463 41
      vertex -11.4805 -27.7164 50
      vertex -10.1067 -28.2463 50
    endloop
  endfacet
  facet normal 0.359875 0.933 0
    outer loop
      vertex -11.4805 -27.7164 50
      vertex -10.1067 -28.2463 41
      vertex -11.4805 -27.7164 41
    endloop
  endfacet
  facet normal 0.359875 0.933 0
    outer loop
      vertex -10.1067 -28.2463 5
      vertex -11.4805 -27.7164 2.99
      vertex -11.4805 -27.7164 5
    endloop
  endfacet
  facet normal 0.359875 0.933 0
    outer loop
      vertex -11.4805 -27.7164 2.99
      vertex -10.1067 -28.2463 5
      vertex -10.1067 -28.2463 2.95382
    endloop
  endfacet
  facet normal -0.97569 -0.219153 0
    outer loop
      vertex 29.4236 5.85271 41
      vertex 29.1009 7.2894 50
      vertex 29.1009 7.2894 41
    endloop
  endfacet
  facet normal -0.97569 -0.219153 0
    outer loop
      vertex 29.1009 7.2894 50
      vertex 29.4236 5.85271 41
      vertex 29.4236 5.85271 50
    endloop
  endfacet
  facet normal -0.97569 -0.219153 0
    outer loop
      vertex 29.4236 5.85271 2.99
      vertex 29.1009 7.2894 5
      vertex 29.1009 7.2894 2.95382
    endloop
  endfacet
  facet normal -0.97569 -0.219153 0
    outer loop
      vertex 29.1009 7.2894 5
      vertex 29.4236 5.85271 2.99
      vertex 29.4236 5.85271 5
    endloop
  endfacet
  facet normal -0.817579 -0.575816 0
    outer loop
      vertex 24.9441 16.6671 41
      vertex 24.0962 17.871 50
      vertex 24.0962 17.871 41
    endloop
  endfacet
  facet normal -0.817579 -0.575816 0
    outer loop
      vertex 24.0962 17.871 50
      vertex 24.9441 16.6671 41
      vertex 24.9441 16.6671 50
    endloop
  endfacet
  facet normal -0.817579 -0.575816 0
    outer loop
      vertex 24.9441 16.6671 2.99
      vertex 24.0962 17.871 5
      vertex 24.0962 17.871 2.95382
    endloop
  endfacet
  facet normal -0.817579 -0.575816 0
    outer loop
      vertex 24.0962 17.871 5
      vertex 24.9441 16.6671 2.99
      vertex 24.9441 16.6671 5
    endloop
  endfacet
  facet normal -0.963781 -0.266695 0
    outer loop
      vertex 29.1009 7.2894 41
      vertex 28.7082 8.70854 50
      vertex 28.7082 8.70854 41
    endloop
  endfacet
  facet normal -0.963781 -0.266695 0
    outer loop
      vertex 28.7082 8.70854 50
      vertex 29.1009 7.2894 41
      vertex 29.1009 7.2894 50
    endloop
  endfacet
  facet normal -0.963781 -0.266695 -0
    outer loop
      vertex 29.1009 7.2894 5
      vertex 28.7082 8.70854 2.99
      vertex 29.1009 7.2894 2.95382
    endloop
  endfacet
  facet normal -0.963781 -0.266695 0
    outer loop
      vertex 28.7082 8.70854 2.99
      vertex 29.1009 7.2894 5
      vertex 28.7082 8.70854 5
    endloop
  endfacet
  facet normal 0.817579 -0.575816 0
    outer loop
      vertex -24.9441 16.6671 50
      vertex -24.0962 17.871 41
      vertex -24.0962 17.871 50
    endloop
  endfacet
  facet normal 0.817579 -0.575816 0
    outer loop
      vertex -24.0962 17.871 41
      vertex -24.9441 16.6671 50
      vertex -24.9441 16.6671 41
    endloop
  endfacet
  facet normal 0.817579 -0.575816 0
    outer loop
      vertex -24.9441 16.6671 2.99
      vertex -24.0962 17.871 5
      vertex -24.9441 16.6671 5
    endloop
  endfacet
  facet normal 0.817579 -0.575816 0
    outer loop
      vertex -24.0962 17.871 5
      vertex -24.9441 16.6671 2.99
      vertex -24.0962 17.871 2.95382
    endloop
  endfacet
  facet normal -0.313688 0.949526 0
    outer loop
      vertex 10.1067 -28.2463 41
      vertex 8.70854 -28.7082 50
      vertex 10.1067 -28.2463 50
    endloop
  endfacet
  facet normal -0.313688 0.949526 0
    outer loop
      vertex 8.70854 -28.7082 50
      vertex 10.1067 -28.2463 41
      vertex 8.70854 -28.7082 41
    endloop
  endfacet
  facet normal -0.313688 0.949526 0
    outer loop
      vertex 10.1067 -28.2463 5
      vertex 8.70854 -28.7082 2.99
      vertex 8.70854 -28.7082 5
    endloop
  endfacet
  facet normal -0.313688 0.949526 0
    outer loop
      vertex 8.70854 -28.7082 2.99
      vertex 10.1067 -28.2463 5
      vertex 10.1067 -28.2463 2.95382
    endloop
  endfacet
  facet normal -0.492851 0.870113 0
    outer loop
      vertex 15.4231 -25.7319 41
      vertex 14.1419 -26.4576 50
      vertex 15.4231 -25.7319 50
    endloop
  endfacet
  facet normal -0.492851 0.870113 0
    outer loop
      vertex 14.1419 -26.4576 50
      vertex 15.4231 -25.7319 41
      vertex 14.1419 -26.4576 41
    endloop
  endfacet
  facet normal -0.492851 0.870113 0
    outer loop
      vertex 15.4231 -25.7319 5
      vertex 14.1419 -26.4576 2.99
      vertex 14.1419 -26.4576 5
    endloop
  endfacet
  facet normal -0.492851 0.870113 0
    outer loop
      vertex 14.1419 -26.4576 2.99
      vertex 15.4231 -25.7319 5
      vertex 15.4231 -25.7319 2.95382
    endloop
  endfacet
  facet normal -0.575816 -0.817579 0
    outer loop
      vertex 16.6671 24.9441 41
      vertex 17.871 24.0962 50
      vertex 16.6671 24.9441 50
    endloop
  endfacet
  facet normal -0.575816 -0.817579 -0
    outer loop
      vertex 17.871 24.0962 50
      vertex 16.6671 24.9441 41
      vertex 17.871 24.0962 41
    endloop
  endfacet
  facet normal -0.575816 -0.817579 0
    outer loop
      vertex 16.6671 24.9441 2.99
      vertex 17.871 24.0962 5
      vertex 16.6671 24.9441 5
    endloop
  endfacet
  facet normal -0.575816 -0.817579 -0
    outer loop
      vertex 17.871 24.0962 5
      vertex 16.6671 24.9441 2.99
      vertex 17.871 24.0962 2.95382
    endloop
  endfacet
  facet normal 0.615233 -0.788346 0
    outer loop
      vertex -19.0318 23.1903 41
      vertex -17.871 24.0962 50
      vertex -19.0318 23.1903 50
    endloop
  endfacet
  facet normal 0.615233 -0.788346 0
    outer loop
      vertex -17.871 24.0962 50
      vertex -19.0318 23.1903 41
      vertex -17.871 24.0962 41
    endloop
  endfacet
  facet normal 0.615233 -0.788346 0
    outer loop
      vertex -19.0318 23.1903 2.99
      vertex -17.871 24.0962 5
      vertex -19.0318 23.1903 5
    endloop
  endfacet
  facet normal 0.615233 -0.788346 0
    outer loop
      vertex -17.871 24.0962 5
      vertex -19.0318 23.1903 2.99
      vertex -17.871 24.0962 2.95382
    endloop
  endfacet
  facet normal 0.359875 -0.933 0
    outer loop
      vertex -11.4805 27.7164 41
      vertex -10.1067 28.2463 50
      vertex -11.4805 27.7164 50
    endloop
  endfacet
  facet normal 0.359875 -0.933 0
    outer loop
      vertex -10.1067 28.2463 50
      vertex -11.4805 27.7164 41
      vertex -10.1067 28.2463 41
    endloop
  endfacet
  facet normal 0.359875 -0.933 0
    outer loop
      vertex -11.4805 27.7164 2.99
      vertex -10.1067 28.2463 5
      vertex -11.4805 27.7164 5
    endloop
  endfacet
  facet normal 0.359875 -0.933 0
    outer loop
      vertex -10.1067 28.2463 5
      vertex -11.4805 27.7164 2.99
      vertex -10.1067 28.2463 2.95382
    endloop
  endfacet
  facet normal 0.0245166 -0.999699 0
    outer loop
      vertex -1.47203 29.9639 41
      vertex 0 30 50
      vertex -1.47203 29.9639 50
    endloop
  endfacet
  facet normal 0.0245166 -0.999699 0
    outer loop
      vertex 0 30 50
      vertex -1.47203 29.9639 41
      vertex 0 30 41
    endloop
  endfacet
  facet normal 0.0245166 -0.999699 0
    outer loop
      vertex -1.47203 29.9639 5
      vertex 0 30 2.99
      vertex 0 30 5
    endloop
  endfacet
  facet normal 0.0245166 -0.999699 0
    outer loop
      vertex 0 30 2.99
      vertex -1.47203 29.9639 5
      vertex -1.47203 29.9639 2.95382
    endloop
  endfacet
  facet normal -0.914217 -0.405225 0
    outer loop
      vertex 27.7164 11.4805 41
      vertex 27.1197 12.8267 50
      vertex 27.1197 12.8267 41
    endloop
  endfacet
  facet normal -0.914217 -0.405225 0
    outer loop
      vertex 27.1197 12.8267 50
      vertex 27.7164 11.4805 41
      vertex 27.7164 11.4805 50
    endloop
  endfacet
  facet normal -0.914217 -0.405225 0
    outer loop
      vertex 27.7164 11.4805 2.99
      vertex 27.1197 12.8267 5
      vertex 27.1197 12.8267 2.95382
    endloop
  endfacet
  facet normal -0.914217 -0.405225 0
    outer loop
      vertex 27.1197 12.8267 5
      vertex 27.7164 11.4805 2.99
      vertex 27.7164 11.4805 5
    endloop
  endfacet
  facet normal -0.615233 -0.788346 0
    outer loop
      vertex 17.871 24.0962 41
      vertex 19.0318 23.1903 50
      vertex 17.871 24.0962 50
    endloop
  endfacet
  facet normal -0.615233 -0.788346 -0
    outer loop
      vertex 19.0318 23.1903 50
      vertex 17.871 24.0962 41
      vertex 19.0318 23.1903 41
    endloop
  endfacet
  facet normal -0.615233 -0.788346 0
    outer loop
      vertex 17.871 24.0962 5
      vertex 19.0318 23.1903 2.99
      vertex 19.0318 23.1903 5
    endloop
  endfacet
  facet normal -0.615233 -0.788346 0
    outer loop
      vertex 19.0318 23.1903 2.99
      vertex 17.871 24.0962 5
      vertex 17.871 24.0962 2.95382
    endloop
  endfacet
  facet normal 0.575816 -0.817579 0
    outer loop
      vertex -17.871 24.0962 41
      vertex -16.6671 24.9441 50
      vertex -17.871 24.0962 50
    endloop
  endfacet
  facet normal 0.575816 -0.817579 0
    outer loop
      vertex -16.6671 24.9441 50
      vertex -17.871 24.0962 41
      vertex -16.6671 24.9441 41
    endloop
  endfacet
  facet normal 0.575816 -0.817579 0
    outer loop
      vertex -17.871 24.0962 5
      vertex -16.6671 24.9441 2.99
      vertex -16.6671 24.9441 5
    endloop
  endfacet
  facet normal 0.575816 -0.817579 0
    outer loop
      vertex -16.6671 24.9441 2.99
      vertex -17.871 24.0962 5
      vertex -17.871 24.0962 2.95382
    endloop
  endfacet
  facet normal 0.653171 -0.757211 0
    outer loop
      vertex -20.1468 22.2285 41
      vertex -19.0318 23.1903 50
      vertex -20.1468 22.2285 50
    endloop
  endfacet
  facet normal 0.653171 -0.757211 0
    outer loop
      vertex -19.0318 23.1903 50
      vertex -20.1468 22.2285 41
      vertex -19.0318 23.1903 41
    endloop
  endfacet
  facet normal 0.653171 -0.757211 0
    outer loop
      vertex -20.1468 22.2285 5
      vertex -19.0318 23.1903 2.99
      vertex -19.0318 23.1903 5
    endloop
  endfacet
  facet normal 0.653171 -0.757211 0
    outer loop
      vertex -19.0318 23.1903 2.99
      vertex -20.1468 22.2285 5
      vertex -20.1468 22.2285 2.95382
    endloop
  endfacet
  facet normal 0.170937 -0.985282 0
    outer loop
      vertex -5.85271 29.4236 41
      vertex -4.40191 29.6753 50
      vertex -5.85271 29.4236 50
    endloop
  endfacet
  facet normal 0.170937 -0.985282 0
    outer loop
      vertex -4.40191 29.6753 50
      vertex -5.85271 29.4236 41
      vertex -4.40191 29.6753 41
    endloop
  endfacet
  facet normal 0.170937 -0.985282 0
    outer loop
      vertex -5.85271 29.4236 2.99
      vertex -4.40191 29.6753 5
      vertex -5.85271 29.4236 5
    endloop
  endfacet
  facet normal 0.170937 -0.985282 0
    outer loop
      vertex -4.40191 29.6753 5
      vertex -5.85271 29.4236 2.99
      vertex -4.40191 29.6753 2.95382
    endloop
  endfacet
  facet normal -0.615233 0.788346 0
    outer loop
      vertex 19.0318 -23.1903 41
      vertex 17.871 -24.0962 50
      vertex 19.0318 -23.1903 50
    endloop
  endfacet
  facet normal -0.615233 0.788346 0
    outer loop
      vertex 17.871 -24.0962 50
      vertex 19.0318 -23.1903 41
      vertex 17.871 -24.0962 41
    endloop
  endfacet
  facet normal -0.615233 0.788346 0
    outer loop
      vertex 19.0318 -23.1903 2.99
      vertex 17.871 -24.0962 5
      vertex 19.0318 -23.1903 5
    endloop
  endfacet
  facet normal -0.615233 0.788346 0
    outer loop
      vertex 17.871 -24.0962 5
      vertex 19.0318 -23.1903 2.99
      vertex 17.871 -24.0962 2.95382
    endloop
  endfacet
  facet normal -0.788346 -0.615233 0
    outer loop
      vertex 24.0962 17.871 41
      vertex 23.1903 19.0318 50
      vertex 23.1903 19.0318 41
    endloop
  endfacet
  facet normal -0.788346 -0.615233 0
    outer loop
      vertex 23.1903 19.0318 50
      vertex 24.0962 17.871 41
      vertex 24.0962 17.871 50
    endloop
  endfacet
  facet normal -0.788346 -0.615233 -0
    outer loop
      vertex 24.0962 17.871 5
      vertex 23.1903 19.0318 2.99
      vertex 24.0962 17.871 2.95382
    endloop
  endfacet
  facet normal -0.788346 -0.615233 0
    outer loop
      vertex 23.1903 19.0318 2.99
      vertex 24.0962 17.871 5
      vertex 23.1903 19.0318 5
    endloop
  endfacet
  facet normal 0.933 0.359875 0
    outer loop
      vertex -27.7164 -11.4805 50
      vertex -28.2463 -10.1067 41
      vertex -28.2463 -10.1067 50
    endloop
  endfacet
  facet normal 0.933 0.359875 0
    outer loop
      vertex -28.2463 -10.1067 41
      vertex -27.7164 -11.4805 50
      vertex -27.7164 -11.4805 41
    endloop
  endfacet
  facet normal 0.933 0.359875 -0
    outer loop
      vertex -27.7164 -11.4805 2.99
      vertex -28.2463 -10.1067 5
      vertex -27.7164 -11.4805 5
    endloop
  endfacet
  facet normal 0.933 0.359875 0
    outer loop
      vertex -28.2463 -10.1067 5
      vertex -27.7164 -11.4805 2.99
      vertex -28.2463 -10.1067 2.95382
    endloop
  endfacet
  facet normal 0.817579 0.575816 0
    outer loop
      vertex -24.0962 -17.871 50
      vertex -24.9441 -16.6671 41
      vertex -24.9441 -16.6671 50
    endloop
  endfacet
  facet normal 0.817579 0.575816 0
    outer loop
      vertex -24.9441 -16.6671 41
      vertex -24.0962 -17.871 50
      vertex -24.0962 -17.871 41
    endloop
  endfacet
  facet normal 0.817579 0.575816 0
    outer loop
      vertex -24.0962 -17.871 5
      vertex -24.9441 -16.6671 2.99
      vertex -24.9441 -16.6671 5
    endloop
  endfacet
  facet normal 0.817579 0.575816 0
    outer loop
      vertex -24.9441 -16.6671 2.99
      vertex -24.0962 -17.871 5
      vertex -24.0962 -17.871 2.95382
    endloop
  endfacet
  facet normal 0.266695 0.963781 -0
    outer loop
      vertex -7.2894 -29.1009 41
      vertex -8.70854 -28.7082 50
      vertex -7.2894 -29.1009 50
    endloop
  endfacet
  facet normal 0.266695 0.963781 0
    outer loop
      vertex -8.70854 -28.7082 50
      vertex -7.2894 -29.1009 41
      vertex -8.70854 -28.7082 41
    endloop
  endfacet
  facet normal 0.266695 0.963781 0
    outer loop
      vertex -7.2894 -29.1009 5
      vertex -8.70854 -28.7082 2.99
      vertex -8.70854 -28.7082 5
    endloop
  endfacet
  facet normal 0.266695 0.963781 0
    outer loop
      vertex -8.70854 -28.7082 2.99
      vertex -7.2894 -29.1009 5
      vertex -7.2894 -29.1009 2.95382
    endloop
  endfacet
  facet normal -0.266695 -0.963781 0
    outer loop
      vertex 7.2894 29.1009 41
      vertex 8.70854 28.7082 50
      vertex 7.2894 29.1009 50
    endloop
  endfacet
  facet normal -0.266695 -0.963781 -0
    outer loop
      vertex 8.70854 28.7082 50
      vertex 7.2894 29.1009 41
      vertex 8.70854 28.7082 41
    endloop
  endfacet
  facet normal -0.266695 -0.963781 0
    outer loop
      vertex 7.2894 29.1009 5
      vertex 8.70854 28.7082 2.99
      vertex 8.70854 28.7082 5
    endloop
  endfacet
  facet normal -0.266695 -0.963781 0
    outer loop
      vertex 8.70854 28.7082 2.99
      vertex 7.2894 29.1009 5
      vertex 7.2894 29.1009 2.95382
    endloop
  endfacet
  facet normal 0.914217 0.405225 0
    outer loop
      vertex -27.1197 -12.8267 50
      vertex -27.7164 -11.4805 41
      vertex -27.7164 -11.4805 50
    endloop
  endfacet
  facet normal 0.914217 0.405225 0
    outer loop
      vertex -27.7164 -11.4805 41
      vertex -27.1197 -12.8267 50
      vertex -27.1197 -12.8267 41
    endloop
  endfacet
  facet normal 0.914217 0.405225 0
    outer loop
      vertex -27.1197 -12.8267 5
      vertex -27.7164 -11.4805 2.99
      vertex -27.7164 -11.4805 5
    endloop
  endfacet
  facet normal 0.914217 0.405225 0
    outer loop
      vertex -27.7164 -11.4805 2.99
      vertex -27.1197 -12.8267 5
      vertex -27.1197 -12.8267 2.95382
    endloop
  endfacet
  facet normal -0.219153 -0.97569 0
    outer loop
      vertex 5.85271 29.4236 41
      vertex 7.2894 29.1009 50
      vertex 5.85271 29.4236 50
    endloop
  endfacet
  facet normal -0.219153 -0.97569 -0
    outer loop
      vertex 7.2894 29.1009 50
      vertex 5.85271 29.4236 41
      vertex 7.2894 29.1009 41
    endloop
  endfacet
  facet normal -0.219153 -0.97569 0
    outer loop
      vertex 5.85271 29.4236 2.99
      vertex 7.2894 29.1009 5
      vertex 5.85271 29.4236 5
    endloop
  endfacet
  facet normal -0.219153 -0.97569 -0
    outer loop
      vertex 7.2894 29.1009 5
      vertex 5.85271 29.4236 2.99
      vertex 7.2894 29.1009 2.95382
    endloop
  endfacet
  facet normal -0.449657 0.893201 0
    outer loop
      vertex 14.1419 -26.4576 41
      vertex 12.8267 -27.1197 50
      vertex 14.1419 -26.4576 50
    endloop
  endfacet
  facet normal -0.449657 0.893201 0
    outer loop
      vertex 12.8267 -27.1197 50
      vertex 14.1419 -26.4576 41
      vertex 12.8267 -27.1197 41
    endloop
  endfacet
  facet normal -0.449657 0.893201 0
    outer loop
      vertex 14.1419 -26.4576 2.99
      vertex 12.8267 -27.1197 5
      vertex 14.1419 -26.4576 5
    endloop
  endfacet
  facet normal -0.449657 0.893201 0
    outer loop
      vertex 12.8267 -27.1197 5
      vertex 14.1419 -26.4576 2.99
      vertex 12.8267 -27.1197 2.95382
    endloop
  endfacet
  facet normal 0.219153 0.97569 -0
    outer loop
      vertex -5.85271 -29.4236 41
      vertex -7.2894 -29.1009 50
      vertex -5.85271 -29.4236 50
    endloop
  endfacet
  facet normal 0.219153 0.97569 0
    outer loop
      vertex -7.2894 -29.1009 50
      vertex -5.85271 -29.4236 41
      vertex -7.2894 -29.1009 41
    endloop
  endfacet
  facet normal 0.219153 0.97569 -0
    outer loop
      vertex -5.85271 -29.4236 2.99
      vertex -7.2894 -29.1009 5
      vertex -5.85271 -29.4236 5
    endloop
  endfacet
  facet normal 0.219153 0.97569 0
    outer loop
      vertex -7.2894 -29.1009 5
      vertex -5.85271 -29.4236 2.99
      vertex -7.2894 -29.1009 2.95382
    endloop
  endfacet
  facet normal -0.84484 0.53502 0
    outer loop
      vertex 24.9441 -16.6671 41
      vertex 25.7319 -15.4231 50
      vertex 25.7319 -15.4231 41
    endloop
  endfacet
  facet normal -0.84484 0.53502 0
    outer loop
      vertex 25.7319 -15.4231 50
      vertex 24.9441 -16.6671 41
      vertex 24.9441 -16.6671 50
    endloop
  endfacet
  facet normal -0.84484 0.53502 0
    outer loop
      vertex 24.9441 -16.6671 2.99
      vertex 25.7319 -15.4231 5
      vertex 25.7319 -15.4231 2.95382
    endloop
  endfacet
  facet normal -0.84484 0.53502 0
    outer loop
      vertex 25.7319 -15.4231 5
      vertex 24.9441 -16.6671 2.99
      vertex 24.9441 -16.6671 5
    endloop
  endfacet
  facet normal -0.12238 0.992483 0
    outer loop
      vertex 4.40191 -29.6753 41
      vertex 2.94051 -29.8555 50
      vertex 4.40191 -29.6753 50
    endloop
  endfacet
  facet normal -0.12238 0.992483 0
    outer loop
      vertex 2.94051 -29.8555 50
      vertex 4.40191 -29.6753 41
      vertex 2.94051 -29.8555 41
    endloop
  endfacet
  facet normal -0.12238 0.992483 0
    outer loop
      vertex 4.40191 -29.6753 5
      vertex 2.94051 -29.8555 2.99
      vertex 2.94051 -29.8555 5
    endloop
  endfacet
  facet normal -0.12238 0.992483 0
    outer loop
      vertex 2.94051 -29.8555 2.99
      vertex 4.40191 -29.6753 5
      vertex 4.40191 -29.6753 2.95382
    endloop
  endfacet
  facet normal 0.724246 -0.689542 0
    outer loop
      vertex -22.2285 20.1468 50
      vertex -21.2132 21.2132 41
      vertex -21.2132 21.2132 50
    endloop
  endfacet
  facet normal 0.724246 -0.689542 0
    outer loop
      vertex -21.2132 21.2132 41
      vertex -22.2285 20.1468 50
      vertex -22.2285 20.1468 41
    endloop
  endfacet
  facet normal 0.724246 -0.689542 0
    outer loop
      vertex -22.2285 20.1468 5
      vertex -21.2132 21.2132 2.99
      vertex -21.2132 21.2132 5
    endloop
  endfacet
  facet normal 0.724246 -0.689542 0
    outer loop
      vertex -21.2132 21.2132 2.99
      vertex -22.2285 20.1468 5
      vertex -22.2285 20.1468 2.95382
    endloop
  endfacet
  facet normal 0.914217 -0.405225 0
    outer loop
      vertex -27.7164 11.4805 50
      vertex -27.1197 12.8267 41
      vertex -27.1197 12.8267 50
    endloop
  endfacet
  facet normal 0.914217 -0.405225 0
    outer loop
      vertex -27.1197 12.8267 41
      vertex -27.7164 11.4805 50
      vertex -27.7164 11.4805 41
    endloop
  endfacet
  facet normal 0.914217 -0.405225 0
    outer loop
      vertex -27.7164 11.4805 2.99
      vertex -27.1197 12.8267 5
      vertex -27.7164 11.4805 5
    endloop
  endfacet
  facet normal 0.914217 -0.405225 0
    outer loop
      vertex -27.1197 12.8267 5
      vertex -27.7164 11.4805 2.99
      vertex -27.1197 12.8267 2.95382
    endloop
  endfacet
  facet normal 0.84484 -0.53502 0
    outer loop
      vertex -25.7319 15.4231 50
      vertex -24.9441 16.6671 41
      vertex -24.9441 16.6671 50
    endloop
  endfacet
  facet normal 0.84484 -0.53502 0
    outer loop
      vertex -24.9441 16.6671 41
      vertex -25.7319 15.4231 50
      vertex -25.7319 15.4231 41
    endloop
  endfacet
  facet normal 0.84484 -0.53502 0
    outer loop
      vertex -25.7319 15.4231 5
      vertex -24.9441 16.6671 2.99
      vertex -24.9441 16.6671 5
    endloop
  endfacet
  facet normal 0.84484 -0.53502 0
    outer loop
      vertex -24.9441 16.6671 2.99
      vertex -25.7319 15.4231 5
      vertex -25.7319 15.4231 2.95382
    endloop
  endfacet
  facet normal -0.266695 0.963781 0
    outer loop
      vertex 8.70854 -28.7082 41
      vertex 7.2894 -29.1009 50
      vertex 8.70854 -28.7082 50
    endloop
  endfacet
  facet normal -0.266695 0.963781 0
    outer loop
      vertex 7.2894 -29.1009 50
      vertex 8.70854 -28.7082 41
      vertex 7.2894 -29.1009 41
    endloop
  endfacet
  facet normal -0.266695 0.963781 0
    outer loop
      vertex 8.70854 -28.7082 2.99
      vertex 7.2894 -29.1009 5
      vertex 8.70854 -28.7082 5
    endloop
  endfacet
  facet normal -0.266695 0.963781 0
    outer loop
      vertex 7.2894 -29.1009 5
      vertex 8.70854 -28.7082 2.99
      vertex 7.2894 -29.1009 2.95382
    endloop
  endfacet
  facet normal -0.405225 0.914217 0
    outer loop
      vertex 12.8267 -27.1197 41
      vertex 11.4805 -27.7164 50
      vertex 12.8267 -27.1197 50
    endloop
  endfacet
  facet normal -0.405225 0.914217 0
    outer loop
      vertex 11.4805 -27.7164 50
      vertex 12.8267 -27.1197 41
      vertex 11.4805 -27.7164 41
    endloop
  endfacet
  facet normal -0.405225 0.914217 0
    outer loop
      vertex 12.8267 -27.1197 5
      vertex 11.4805 -27.7164 2.99
      vertex 11.4805 -27.7164 5
    endloop
  endfacet
  facet normal -0.405225 0.914217 0
    outer loop
      vertex 11.4805 -27.7164 2.99
      vertex 12.8267 -27.1197 5
      vertex 12.8267 -27.1197 2.95382
    endloop
  endfacet
  facet normal 0.97569 -0.219153 0
    outer loop
      vertex -29.4236 5.85271 50
      vertex -29.1009 7.2894 41
      vertex -29.1009 7.2894 50
    endloop
  endfacet
  facet normal 0.97569 -0.219153 0
    outer loop
      vertex -29.1009 7.2894 41
      vertex -29.4236 5.85271 50
      vertex -29.4236 5.85271 41
    endloop
  endfacet
  facet normal 0.97569 -0.219153 0
    outer loop
      vertex -29.4236 5.85271 2.99
      vertex -29.1009 7.2894 5
      vertex -29.4236 5.85271 5
    endloop
  endfacet
  facet normal 0.97569 -0.219153 0
    outer loop
      vertex -29.1009 7.2894 5
      vertex -29.4236 5.85271 2.99
      vertex -29.1009 7.2894 2.95382
    endloop
  endfacet
  facet normal 0.893201 0.449657 0
    outer loop
      vertex -26.4576 -14.1419 50
      vertex -27.1197 -12.8267 41
      vertex -27.1197 -12.8267 50
    endloop
  endfacet
  facet normal 0.893201 0.449657 0
    outer loop
      vertex -27.1197 -12.8267 41
      vertex -26.4576 -14.1419 50
      vertex -26.4576 -14.1419 41
    endloop
  endfacet
  facet normal 0.893201 0.449657 -0
    outer loop
      vertex -26.4576 -14.1419 2.99
      vertex -27.1197 -12.8267 5
      vertex -26.4576 -14.1419 5
    endloop
  endfacet
  facet normal 0.893201 0.449657 0
    outer loop
      vertex -27.1197 -12.8267 5
      vertex -26.4576 -14.1419 2.99
      vertex -27.1197 -12.8267 2.95382
    endloop
  endfacet
  facet normal 0.615233 0.788346 -0
    outer loop
      vertex -17.871 -24.0962 41
      vertex -19.0318 -23.1903 50
      vertex -17.871 -24.0962 50
    endloop
  endfacet
  facet normal 0.615233 0.788346 0
    outer loop
      vertex -19.0318 -23.1903 50
      vertex -17.871 -24.0962 41
      vertex -19.0318 -23.1903 41
    endloop
  endfacet
  facet normal 0.615233 0.788346 0
    outer loop
      vertex -17.871 -24.0962 5
      vertex -19.0318 -23.1903 2.99
      vertex -19.0318 -23.1903 5
    endloop
  endfacet
  facet normal 0.615233 0.788346 0
    outer loop
      vertex -19.0318 -23.1903 2.99
      vertex -17.871 -24.0962 5
      vertex -17.871 -24.0962 2.95382
    endloop
  endfacet
  facet normal 0.689542 0.724246 -0
    outer loop
      vertex -20.1468 -22.2285 41
      vertex -21.2132 -21.2132 50
      vertex -20.1468 -22.2285 50
    endloop
  endfacet
  facet normal 0.689542 0.724246 0
    outer loop
      vertex -21.2132 -21.2132 50
      vertex -20.1468 -22.2285 41
      vertex -21.2132 -21.2132 41
    endloop
  endfacet
  facet normal 0.689542 0.724246 0
    outer loop
      vertex -20.1468 -22.2285 5
      vertex -21.2132 -21.2132 2.99
      vertex -21.2132 -21.2132 5
    endloop
  endfacet
  facet normal 0.689542 0.724246 0
    outer loop
      vertex -21.2132 -21.2132 2.99
      vertex -20.1468 -22.2285 5
      vertex -20.1468 -22.2285 2.95382
    endloop
  endfacet
  facet normal 0.963781 -0.266695 0
    outer loop
      vertex -29.1009 7.2894 50
      vertex -28.7082 8.70854 41
      vertex -28.7082 8.70854 50
    endloop
  endfacet
  facet normal 0.963781 -0.266695 0
    outer loop
      vertex -28.7082 8.70854 41
      vertex -29.1009 7.2894 50
      vertex -29.1009 7.2894 41
    endloop
  endfacet
  facet normal 0.963781 -0.266695 0
    outer loop
      vertex -29.1009 7.2894 5
      vertex -28.7082 8.70854 2.99
      vertex -28.7082 8.70854 5
    endloop
  endfacet
  facet normal 0.963781 -0.266695 0
    outer loop
      vertex -28.7082 8.70854 2.99
      vertex -29.1009 7.2894 5
      vertex -29.1009 7.2894 2.95382
    endloop
  endfacet
  facet normal -0.0245166 -0.999699 0
    outer loop
      vertex 0 30 41
      vertex 1.47203 29.9639 50
      vertex 0 30 50
    endloop
  endfacet
  facet normal -0.0245166 -0.999699 -0
    outer loop
      vertex 1.47203 29.9639 50
      vertex 0 30 41
      vertex 1.47203 29.9639 41
    endloop
  endfacet
  facet normal -0.0245166 -0.999699 0
    outer loop
      vertex 0 30 2.99
      vertex 1.47203 29.9639 5
      vertex 0 30 5
    endloop
  endfacet
  facet normal -0.0245166 -0.999699 -0
    outer loop
      vertex 1.47203 29.9639 5
      vertex 0 30 2.99
      vertex 1.47203 29.9639 2.95382
    endloop
  endfacet
  facet normal -0.0736175 -0.997287 0
    outer loop
      vertex 1.47203 29.9639 41
      vertex 2.94051 29.8555 50
      vertex 1.47203 29.9639 50
    endloop
  endfacet
  facet normal -0.0736175 -0.997287 -0
    outer loop
      vertex 2.94051 29.8555 50
      vertex 1.47203 29.9639 41
      vertex 2.94051 29.8555 41
    endloop
  endfacet
  facet normal -0.0736175 -0.997287 0
    outer loop
      vertex 1.47203 29.9639 5
      vertex 2.94051 29.8555 2.99
      vertex 2.94051 29.8555 5
    endloop
  endfacet
  facet normal -0.0736175 -0.997287 0
    outer loop
      vertex 2.94051 29.8555 2.99
      vertex 1.47203 29.9639 5
      vertex 1.47203 29.9639 2.95382
    endloop
  endfacet
  facet normal -0.985282 0.170937 0
    outer loop
      vertex 29.4236 -5.85271 41
      vertex 29.6753 -4.40191 50
      vertex 29.6753 -4.40191 41
    endloop
  endfacet
  facet normal -0.985282 0.170937 0
    outer loop
      vertex 29.6753 -4.40191 50
      vertex 29.4236 -5.85271 41
      vertex 29.4236 -5.85271 50
    endloop
  endfacet
  facet normal -0.985282 0.170937 0
    outer loop
      vertex 29.4236 -5.85271 2.99
      vertex 29.6753 -4.40191 5
      vertex 29.6753 -4.40191 2.95382
    endloop
  endfacet
  facet normal -0.985282 0.170937 0
    outer loop
      vertex 29.6753 -4.40191 5
      vertex 29.4236 -5.85271 2.99
      vertex 29.4236 -5.85271 5
    endloop
  endfacet
  facet normal 0.449657 -0.893201 0
    outer loop
      vertex -14.1419 26.4576 41
      vertex -12.8267 27.1197 50
      vertex -14.1419 26.4576 50
    endloop
  endfacet
  facet normal 0.449657 -0.893201 0
    outer loop
      vertex -12.8267 27.1197 50
      vertex -14.1419 26.4576 41
      vertex -12.8267 27.1197 41
    endloop
  endfacet
  facet normal 0.449657 -0.893201 0
    outer loop
      vertex -14.1419 26.4576 2.99
      vertex -12.8267 27.1197 5
      vertex -14.1419 26.4576 5
    endloop
  endfacet
  facet normal 0.449657 -0.893201 0
    outer loop
      vertex -12.8267 27.1197 5
      vertex -14.1419 26.4576 2.99
      vertex -12.8267 27.1197 2.95382
    endloop
  endfacet
  facet normal -0.53502 -0.84484 0
    outer loop
      vertex 15.4231 25.7319 41
      vertex 16.6671 24.9441 50
      vertex 15.4231 25.7319 50
    endloop
  endfacet
  facet normal -0.53502 -0.84484 -0
    outer loop
      vertex 16.6671 24.9441 50
      vertex 15.4231 25.7319 41
      vertex 16.6671 24.9441 41
    endloop
  endfacet
  facet normal -0.53502 -0.84484 0
    outer loop
      vertex 15.4231 25.7319 5
      vertex 16.6671 24.9441 2.99
      vertex 16.6671 24.9441 5
    endloop
  endfacet
  facet normal -0.53502 -0.84484 0
    outer loop
      vertex 16.6671 24.9441 2.99
      vertex 15.4231 25.7319 5
      vertex 15.4231 25.7319 2.95382
    endloop
  endfacet
  facet normal 0.313688 0.949526 -0
    outer loop
      vertex -8.70854 -28.7082 41
      vertex -10.1067 -28.2463 50
      vertex -8.70854 -28.7082 50
    endloop
  endfacet
  facet normal 0.313688 0.949526 0
    outer loop
      vertex -10.1067 -28.2463 50
      vertex -8.70854 -28.7082 41
      vertex -10.1067 -28.2463 41
    endloop
  endfacet
  facet normal 0.313688 0.949526 -0
    outer loop
      vertex -8.70854 -28.7082 2.99
      vertex -10.1067 -28.2463 5
      vertex -8.70854 -28.7082 5
    endloop
  endfacet
  facet normal 0.313688 0.949526 0
    outer loop
      vertex -10.1067 -28.2463 5
      vertex -8.70854 -28.7082 2.99
      vertex -10.1067 -28.2463 2.95382
    endloop
  endfacet
  facet normal 0.997287 -0.0736175 0
    outer loop
      vertex -29.9639 1.47203 50
      vertex -29.8555 2.94051 41
      vertex -29.8555 2.94051 50
    endloop
  endfacet
  facet normal 0.997287 -0.0736175 0
    outer loop
      vertex -29.8555 2.94051 41
      vertex -29.9639 1.47203 50
      vertex -29.9639 1.47203 41
    endloop
  endfacet
  facet normal 0.997287 -0.0736175 0
    outer loop
      vertex -29.9639 1.47203 5
      vertex -29.8555 2.94051 2.99
      vertex -29.8555 2.94051 5
    endloop
  endfacet
  facet normal 0.997287 -0.0736175 0
    outer loop
      vertex -29.8555 2.94051 2.99
      vertex -29.9639 1.47203 5
      vertex -29.9639 1.47203 2.95382
    endloop
  endfacet
  facet normal 0.985282 -0.170937 0
    outer loop
      vertex -29.6753 4.40191 50
      vertex -29.4236 5.85271 41
      vertex -29.4236 5.85271 50
    endloop
  endfacet
  facet normal 0.985282 -0.170937 0
    outer loop
      vertex -29.4236 5.85271 41
      vertex -29.6753 4.40191 50
      vertex -29.6753 4.40191 41
    endloop
  endfacet
  facet normal 0.985282 -0.170937 0
    outer loop
      vertex -29.6753 4.40191 5
      vertex -29.4236 5.85271 2.99
      vertex -29.4236 5.85271 5
    endloop
  endfacet
  facet normal 0.985282 -0.170937 0
    outer loop
      vertex -29.4236 5.85271 2.99
      vertex -29.6753 4.40191 5
      vertex -29.6753 4.40191 2.95382
    endloop
  endfacet
  facet normal 0.266695 -0.963781 0
    outer loop
      vertex -8.70854 28.7082 41
      vertex -7.2894 29.1009 50
      vertex -8.70854 28.7082 50
    endloop
  endfacet
  facet normal 0.266695 -0.963781 0
    outer loop
      vertex -7.2894 29.1009 50
      vertex -8.70854 28.7082 41
      vertex -7.2894 29.1009 41
    endloop
  endfacet
  facet normal 0.266695 -0.963781 0
    outer loop
      vertex -8.70854 28.7082 2.99
      vertex -7.2894 29.1009 5
      vertex -8.70854 28.7082 5
    endloop
  endfacet
  facet normal 0.266695 -0.963781 0
    outer loop
      vertex -7.2894 29.1009 5
      vertex -8.70854 28.7082 2.99
      vertex -7.2894 29.1009 2.95382
    endloop
  endfacet
  facet normal 0.788346 0.615233 0
    outer loop
      vertex -23.1903 -19.0318 50
      vertex -24.0962 -17.871 41
      vertex -24.0962 -17.871 50
    endloop
  endfacet
  facet normal 0.788346 0.615233 0
    outer loop
      vertex -24.0962 -17.871 41
      vertex -23.1903 -19.0318 50
      vertex -23.1903 -19.0318 41
    endloop
  endfacet
  facet normal 0.788346 0.615233 -0
    outer loop
      vertex -23.1903 -19.0318 2.99
      vertex -24.0962 -17.871 5
      vertex -23.1903 -19.0318 5
    endloop
  endfacet
  facet normal 0.788346 0.615233 0
    outer loop
      vertex -24.0962 -17.871 5
      vertex -23.1903 -19.0318 2.99
      vertex -24.0962 -17.871 2.95382
    endloop
  endfacet
  facet normal 0.963781 0.266695 0
    outer loop
      vertex -28.7082 -8.70854 50
      vertex -29.1009 -7.2894 41
      vertex -29.1009 -7.2894 50
    endloop
  endfacet
  facet normal 0.963781 0.266695 0
    outer loop
      vertex -29.1009 -7.2894 41
      vertex -28.7082 -8.70854 50
      vertex -28.7082 -8.70854 41
    endloop
  endfacet
  facet normal 0.963781 0.266695 -0
    outer loop
      vertex -28.7082 -8.70854 2.99
      vertex -29.1009 -7.2894 5
      vertex -28.7082 -8.70854 5
    endloop
  endfacet
  facet normal 0.963781 0.266695 0
    outer loop
      vertex -29.1009 -7.2894 5
      vertex -28.7082 -8.70854 2.99
      vertex -29.1009 -7.2894 2.95382
    endloop
  endfacet
  facet normal 0.449657 0.893201 -0
    outer loop
      vertex -12.8267 -27.1197 41
      vertex -14.1419 -26.4576 50
      vertex -12.8267 -27.1197 50
    endloop
  endfacet
  facet normal 0.449657 0.893201 0
    outer loop
      vertex -14.1419 -26.4576 50
      vertex -12.8267 -27.1197 41
      vertex -14.1419 -26.4576 41
    endloop
  endfacet
  facet normal 0.449657 0.893201 0
    outer loop
      vertex -12.8267 -27.1197 5
      vertex -14.1419 -26.4576 2.99
      vertex -14.1419 -26.4576 5
    endloop
  endfacet
  facet normal 0.449657 0.893201 0
    outer loop
      vertex -14.1419 -26.4576 2.99
      vertex -12.8267 -27.1197 5
      vertex -12.8267 -27.1197 2.95382
    endloop
  endfacet
  facet normal 0.870113 -0.492851 0
    outer loop
      vertex -26.4576 14.1419 50
      vertex -25.7319 15.4231 41
      vertex -25.7319 15.4231 50
    endloop
  endfacet
  facet normal 0.870113 -0.492851 0
    outer loop
      vertex -25.7319 15.4231 41
      vertex -26.4576 14.1419 50
      vertex -26.4576 14.1419 41
    endloop
  endfacet
  facet normal 0.870113 -0.492851 0
    outer loop
      vertex -26.4576 14.1419 2.99
      vertex -25.7319 15.4231 5
      vertex -26.4576 14.1419 5
    endloop
  endfacet
  facet normal 0.870113 -0.492851 0
    outer loop
      vertex -25.7319 15.4231 5
      vertex -26.4576 14.1419 2.99
      vertex -25.7319 15.4231 2.95382
    endloop
  endfacet
  facet normal 0.405225 -0.914217 0
    outer loop
      vertex -12.8267 27.1197 41
      vertex -11.4805 27.7164 50
      vertex -12.8267 27.1197 50
    endloop
  endfacet
  facet normal 0.405225 -0.914217 0
    outer loop
      vertex -11.4805 27.7164 50
      vertex -12.8267 27.1197 41
      vertex -11.4805 27.7164 41
    endloop
  endfacet
  facet normal 0.405225 -0.914217 0
    outer loop
      vertex -12.8267 27.1197 5
      vertex -11.4805 27.7164 2.99
      vertex -11.4805 27.7164 5
    endloop
  endfacet
  facet normal 0.405225 -0.914217 0
    outer loop
      vertex -11.4805 27.7164 2.99
      vertex -12.8267 27.1197 5
      vertex -12.8267 27.1197 2.95382
    endloop
  endfacet
  facet normal 0.575816 0.817579 -0
    outer loop
      vertex -16.6671 -24.9441 41
      vertex -17.871 -24.0962 50
      vertex -16.6671 -24.9441 50
    endloop
  endfacet
  facet normal 0.575816 0.817579 0
    outer loop
      vertex -17.871 -24.0962 50
      vertex -16.6671 -24.9441 41
      vertex -17.871 -24.0962 41
    endloop
  endfacet
  facet normal 0.575816 0.817579 -0
    outer loop
      vertex -16.6671 -24.9441 2.99
      vertex -17.871 -24.0962 5
      vertex -16.6671 -24.9441 5
    endloop
  endfacet
  facet normal 0.575816 0.817579 0
    outer loop
      vertex -17.871 -24.0962 5
      vertex -16.6671 -24.9441 2.99
      vertex -17.871 -24.0962 2.95382
    endloop
  endfacet
  facet normal 0.53502 0.84484 -0
    outer loop
      vertex -15.4231 -25.7319 41
      vertex -16.6671 -24.9441 50
      vertex -15.4231 -25.7319 50
    endloop
  endfacet
  facet normal 0.53502 0.84484 0
    outer loop
      vertex -16.6671 -24.9441 50
      vertex -15.4231 -25.7319 41
      vertex -16.6671 -24.9441 41
    endloop
  endfacet
  facet normal 0.53502 0.84484 0
    outer loop
      vertex -15.4231 -25.7319 5
      vertex -16.6671 -24.9441 2.99
      vertex -16.6671 -24.9441 5
    endloop
  endfacet
  facet normal 0.53502 0.84484 0
    outer loop
      vertex -16.6671 -24.9441 2.99
      vertex -15.4231 -25.7319 5
      vertex -15.4231 -25.7319 2.95382
    endloop
  endfacet
  facet normal -0.70668 -0.0347226 -0.70668
    outer loop
      vertex 32.8316 3.22378 0
      vertex 32.99 0 0
      vertex 30 0 2.99
    endloop
  endfacet
  facet normal 0.0346996 -0.706694 -0.706668
    outer loop
      vertex -1.47203 29.9639 2.95382
      vertex -3.22378 32.8316 0
      vertex 0 30 2.99
    endloop
  endfacet
  facet normal 0.0347542 -0.706676 -0.706683
    outer loop
      vertex -2.94051 29.8555 2.99
      vertex -3.22378 32.8316 0
      vertex -1.47203 29.9639 2.95382
    endloop
  endfacet
  facet normal 0.0360501 -0.706582 -0.706712
    outer loop
      vertex -3.22378 32.8316 0
      vertex -2.94051 29.8555 2.99
      vertex -3.23358 32.8311 0
    endloop
  endfacet
  facet normal 0.421474 0.568301 -0.706678
    outer loop
      vertex -19.0318 -23.1903 2.99
      vertex -18.3361 -27.4243 0
      vertex -20.9286 -25.5016 0
    endloop
  endfacet
  facet normal 0.238368 -0.666171 -0.70668
    outer loop
      vertex -9.58573 31.5662 0
      vertex -11.4805 27.7164 2.99
      vertex -12.6247 30.4788 0
    endloop
  endfacet
  facet normal 0.103818 0.69988 -0.706675
    outer loop
      vertex -5.85271 -29.4236 2.99
      vertex -3.24329 -32.8297 0
      vertex -6.43603 -32.3561 0
    endloop
  endfacet
  facet normal -0.166193 0.687894 -0.706528
    outer loop
      vertex 9.56697 -31.5718 0
      vertex 8.70854 -28.7082 2.99
      vertex 9.57649 -31.5695 0
    endloop
  endfacet
  facet normal -0.171905 0.686336 -0.706676
    outer loop
      vertex 9.56697 -31.5718 0
      vertex 7.2894 -29.1009 2.95382
      vertex 8.70854 -28.7082 2.99
    endloop
  endfacet
  facet normal -0.171951 0.68631 -0.70669
    outer loop
      vertex 7.2894 -29.1009 2.95382
      vertex 9.56697 -31.5718 0
      vertex 5.85271 -29.4236 2.99
    endloop
  endfacet
  facet normal -0.47515 -0.524252 -0.706678
    outer loop
      vertex 20.9286 25.5016 0
      vertex 23.3202 23.334 0
      vertex 19.0318 23.1903 2.99
    endloop
  endfacet
  facet normal 0.363755 0.606857 -0.706687
    outer loop
      vertex -14.1419 -26.4576 2.99
      vertex -15.5514 -29.0946 0
      vertex -18.3198 -27.4352 0
    endloop
  endfacet
  facet normal -0.606857 -0.363755 -0.706687
    outer loop
      vertex 27.4352 18.3198 0
      vertex 29.0946 15.5514 0
      vertex 26.4576 14.1419 2.99
    endloop
  endfacet
  facet normal -0.171926 0.686332 -0.706675
    outer loop
      vertex 9.56697 -31.5718 0
      vertex 6.43603 -32.3561 0
      vertex 5.85271 -29.4236 2.99
    endloop
  endfacet
  facet normal 0.70668 0.0347226 -0.70668
    outer loop
      vertex -30 0 2.99
      vertex -32.8316 -3.22378 0
      vertex -32.99 0 0
    endloop
  endfacet
  facet normal -0.524252 -0.47515 -0.706678
    outer loop
      vertex 23.334 23.3202 0
      vertex 25.5016 20.9286 0
      vertex 23.1903 19.0318 2.99
    endloop
  endfacet
  facet normal -0.564426 -0.426937 -0.706504
    outer loop
      vertex 24.9441 16.6671 2.99
      vertex 27.4243 18.3361 0
      vertex 27.4302 18.3283 0
    endloop
  endfacet
  facet normal -0.568298 -0.421486 -0.706673
    outer loop
      vertex 24.0962 17.871 2.95382
      vertex 27.4243 18.3361 0
      vertex 24.9441 16.6671 2.99
    endloop
  endfacet
  facet normal -0.5683 -0.421481 -0.706675
    outer loop
      vertex 27.4243 18.3361 0
      vertex 24.0962 17.871 2.95382
      vertex 23.1903 19.0318 2.99
    endloop
  endfacet
  facet normal -0.421474 0.568301 -0.706678
    outer loop
      vertex 19.0318 -23.1903 2.99
      vertex 20.9286 -25.5016 0
      vertex 18.3361 -27.4243 0
    endloop
  endfacet
  facet normal 0.0347226 -0.70668 -0.70668
    outer loop
      vertex 0 32.99 0
      vertex 0 30 2.99
      vertex -3.22378 32.8316 0
    endloop
  endfacet
  facet normal -0.35881 -0.609977 -0.706529
    outer loop
      vertex 16.6671 24.9441 2.99
      vertex 18.3198 27.4352 0
      vertex 18.3283 27.4302 0
    endloop
  endfacet
  facet normal -0.363764 -0.606866 -0.706675
    outer loop
      vertex 15.4231 25.7319 2.95382
      vertex 18.3198 27.4352 0
      vertex 16.6671 24.9441 2.99
    endloop
  endfacet
  facet normal -0.363722 -0.606909 -0.706659
    outer loop
      vertex 18.3198 27.4352 0
      vertex 15.4231 25.7319 2.95382
      vertex 14.1419 26.4576 2.99
    endloop
  endfacet
  facet normal 0.706676 -0.0347542 -0.706683
    outer loop
      vertex -32.8316 3.22378 0
      vertex -29.8555 2.94051 2.99
      vertex -29.9639 1.47203 2.95382
    endloop
  endfacet
  facet normal 0.706694 -0.0346996 -0.706668
    outer loop
      vertex -32.8316 3.22378 0
      vertex -29.9639 1.47203 2.95382
      vertex -30 0 2.99
    endloop
  endfacet
  facet normal 0.706582 -0.0360501 -0.706712
    outer loop
      vertex -29.8555 2.94051 2.99
      vertex -32.8316 3.22378 0
      vertex -32.8311 3.23358 0
    endloop
  endfacet
  facet normal -0.666299 -0.237964 -0.706696
    outer loop
      vertex 28.7082 8.70854 2.99
      vertex 31.5662 9.58573 0
      vertex 31.5695 9.57649 0
    endloop
  endfacet
  facet normal -0.666166 -0.238363 -0.706686
    outer loop
      vertex 28.2463 10.1067 2.95382
      vertex 31.5662 9.58573 0
      vertex 28.7082 8.70854 2.99
    endloop
  endfacet
  facet normal -0.666168 -0.238342 -0.706692
    outer loop
      vertex 31.5662 9.58573 0
      vertex 28.2463 10.1067 2.95382
      vertex 27.7164 11.4805 2.99
    endloop
  endfacet
  facet normal 0.47515 0.524252 -0.706678
    outer loop
      vertex -19.0318 -23.1903 2.99
      vertex -20.9286 -25.5016 0
      vertex -23.3202 -23.334 0
    endloop
  endfacet
  facet normal 0.686332 -0.171926 -0.706675
    outer loop
      vertex -31.5718 9.56697 0
      vertex -29.4236 5.85271 2.99
      vertex -32.3561 6.43603 0
    endloop
  endfacet
  facet normal 0.0346996 0.706694 -0.706668
    outer loop
      vertex -3.22378 -32.8316 0
      vertex -1.47203 -29.9639 2.95382
      vertex 0 -30 2.99
    endloop
  endfacet
  facet normal 0.0347542 0.706676 -0.706683
    outer loop
      vertex -3.22378 -32.8316 0
      vertex -2.94051 -29.8555 2.99
      vertex -1.47203 -29.9639 2.95382
    endloop
  endfacet
  facet normal 0.0360501 0.706582 -0.706712
    outer loop
      vertex -2.94051 -29.8555 2.99
      vertex -3.22378 -32.8316 0
      vertex -3.23358 -32.8311 0
    endloop
  endfacet
  facet normal -0.686332 0.171926 -0.706675
    outer loop
      vertex 32.3561 -6.43603 0
      vertex 31.5718 -9.56697 0
      vertex 29.4236 -5.85271 2.99
    endloop
  endfacet
  facet normal -0.606857 0.363755 -0.706687
    outer loop
      vertex 29.0946 -15.5514 0
      vertex 27.4352 -18.3198 0
      vertex 26.4576 -14.1419 2.99
    endloop
  endfacet
  facet normal 0.426937 0.564426 -0.706504
    outer loop
      vertex -18.3361 -27.4243 0
      vertex -16.6671 -24.9441 2.99
      vertex -18.3283 -27.4302 0
    endloop
  endfacet
  facet normal 0.421486 0.568298 -0.706673
    outer loop
      vertex -16.6671 -24.9441 2.99
      vertex -18.3361 -27.4243 0
      vertex -17.871 -24.0962 2.95382
    endloop
  endfacet
  facet normal 0.421481 0.5683 -0.706675
    outer loop
      vertex -17.871 -24.0962 2.95382
      vertex -18.3361 -27.4243 0
      vertex -19.0318 -23.1903 2.99
    endloop
  endfacet
  facet normal -0.302507 0.639604 -0.706679
    outer loop
      vertex 15.5425 -29.0988 0
      vertex 12.6247 -30.4788 0
      vertex 11.4805 -27.7164 2.99
    endloop
  endfacet
  facet normal 0.363722 0.606909 -0.706659
    outer loop
      vertex -18.3198 -27.4352 0
      vertex -15.4231 -25.7319 2.95382
      vertex -14.1419 -26.4576 2.99
    endloop
  endfacet
  facet normal 0.363764 0.606866 -0.706675
    outer loop
      vertex -18.3198 -27.4352 0
      vertex -16.6671 -24.9441 2.99
      vertex -15.4231 -25.7319 2.95382
    endloop
  endfacet
  facet normal 0.35881 0.609977 -0.706529
    outer loop
      vertex -16.6671 -24.9441 2.99
      vertex -18.3198 -27.4352 0
      vertex -18.3283 -27.4302 0
    endloop
  endfacet
  facet normal 0.666171 -0.238368 -0.70668
    outer loop
      vertex -30.4788 12.6247 0
      vertex -27.7164 11.4805 2.99
      vertex -31.5662 9.58573 0
    endloop
  endfacet
  facet normal 0.3025 -0.639614 -0.706674
    outer loop
      vertex -12.8267 27.1197 2.95382
      vertex -15.5425 29.0988 0
      vertex -11.4805 27.7164 2.99
    endloop
  endfacet
  facet normal 0.302538 -0.639581 -0.706687
    outer loop
      vertex -14.1419 26.4576 2.99
      vertex -15.5425 29.0988 0
      vertex -12.8267 27.1197 2.95382
    endloop
  endfacet
  facet normal 0.301961 -0.63987 -0.706673
    outer loop
      vertex -15.5425 29.0988 0
      vertex -14.1419 26.4576 2.99
      vertex -15.5514 29.0946 0
    endloop
  endfacet
  facet normal -0.0360501 -0.706582 -0.706712
    outer loop
      vertex 2.94051 29.8555 2.99
      vertex 3.22378 32.8316 0
      vertex 3.23358 32.8311 0
    endloop
  endfacet
  facet normal -0.0347542 -0.706676 -0.706683
    outer loop
      vertex 1.47203 29.9639 2.95382
      vertex 3.22378 32.8316 0
      vertex 2.94051 29.8555 2.99
    endloop
  endfacet
  facet normal -0.0346996 -0.706694 -0.706668
    outer loop
      vertex 3.22378 32.8316 0
      vertex 1.47203 29.9639 2.95382
      vertex 0 30 2.99
    endloop
  endfacet
  facet normal -0.700225 -0.100959 -0.706748
    outer loop
      vertex 29.8555 2.94051 2.99
      vertex 32.8297 3.24329 0
      vertex 32.8311 3.23358 0
    endloop
  endfacet
  facet normal -0.699873 -0.103794 -0.706685
    outer loop
      vertex 29.6753 4.40191 2.95382
      vertex 32.8297 3.24329 0
      vertex 29.8555 2.94051 2.99
    endloop
  endfacet
  facet normal -0.699874 -0.103798 -0.706684
    outer loop
      vertex 32.8297 3.24329 0
      vertex 29.6753 4.40191 2.95382
      vertex 29.4236 5.85271 2.99
    endloop
  endfacet
  facet normal 0.302507 -0.639604 -0.706679
    outer loop
      vertex -12.6247 30.4788 0
      vertex -11.4805 27.7164 2.99
      vertex -15.5425 29.0988 0
    endloop
  endfacet
  facet normal 0.302507 0.639604 -0.706679
    outer loop
      vertex -11.4805 -27.7164 2.99
      vertex -12.6247 -30.4788 0
      vertex -15.5425 -29.0988 0
    endloop
  endfacet
  facet normal -0.0347226 0.70668 -0.70668
    outer loop
      vertex 0 -30 2.99
      vertex 3.22378 -32.8316 0
      vertex 0 -32.99 0
    endloop
  endfacet
  facet normal -0.166193 -0.687894 -0.706528
    outer loop
      vertex 8.70854 28.7082 2.99
      vertex 9.56697 31.5718 0
      vertex 9.57649 31.5695 0
    endloop
  endfacet
  facet normal -0.171905 -0.686336 -0.706676
    outer loop
      vertex 7.2894 29.1009 2.95382
      vertex 9.56697 31.5718 0
      vertex 8.70854 28.7082 2.99
    endloop
  endfacet
  facet normal -0.171951 -0.68631 -0.70669
    outer loop
      vertex 9.56697 31.5718 0
      vertex 7.2894 29.1009 2.95382
      vertex 5.85271 29.4236 2.99
    endloop
  endfacet
  facet normal -0.470614 -0.528535 -0.706522
    outer loop
      vertex 21.2132 21.2132 2.99
      vertex 23.3202 23.334 0
      vertex 23.3275 23.3275 0
    endloop
  endfacet
  facet normal -0.475151 -0.524248 -0.706679
    outer loop
      vertex 20.1468 22.2285 2.95382
      vertex 23.3202 23.334 0
      vertex 21.2132 21.2132 2.99
    endloop
  endfacet
  facet normal -0.47515 -0.524251 -0.706678
    outer loop
      vertex 23.3202 23.334 0
      vertex 20.1468 22.2285 2.95382
      vertex 19.0318 23.1903 2.99
    endloop
  endfacet
  facet normal -0.302507 -0.639604 -0.706679
    outer loop
      vertex 12.6247 30.4788 0
      vertex 15.5425 29.0988 0
      vertex 11.4805 27.7164 2.99
    endloop
  endfacet
  facet normal 0.47515 0.524251 -0.706678
    outer loop
      vertex -23.3202 -23.334 0
      vertex -20.1468 -22.2285 2.95382
      vertex -19.0318 -23.1903 2.99
    endloop
  endfacet
  facet normal 0.475151 0.524248 -0.706679
    outer loop
      vertex -23.3202 -23.334 0
      vertex -21.2132 -21.2132 2.99
      vertex -20.1468 -22.2285 2.95382
    endloop
  endfacet
  facet normal 0.470614 0.528535 -0.706522
    outer loop
      vertex -21.2132 -21.2132 2.99
      vertex -23.3202 -23.334 0
      vertex -23.3275 -23.3275 0
    endloop
  endfacet
  facet normal -0.470614 0.528535 -0.706522
    outer loop
      vertex 23.3202 -23.334 0
      vertex 21.2132 -21.2132 2.99
      vertex 23.3275 -23.3275 0
    endloop
  endfacet
  facet normal -0.475151 0.524248 -0.706679
    outer loop
      vertex 23.3202 -23.334 0
      vertex 20.1468 -22.2285 2.95382
      vertex 21.2132 -21.2132 2.99
    endloop
  endfacet
  facet normal -0.47515 0.524251 -0.706678
    outer loop
      vertex 20.1468 -22.2285 2.95382
      vertex 23.3202 -23.334 0
      vertex 19.0318 -23.1903 2.99
    endloop
  endfacet
  facet normal 0.238368 0.666171 -0.70668
    outer loop
      vertex -11.4805 -27.7164 2.99
      vertex -9.58573 -31.5662 0
      vertex -12.6247 -30.4788 0
    endloop
  endfacet
  facet normal 0.3025 0.639614 -0.706674
    outer loop
      vertex -15.5425 -29.0988 0
      vertex -12.8267 -27.1197 2.95382
      vertex -11.4805 -27.7164 2.99
    endloop
  endfacet
  facet normal 0.302538 0.639581 -0.706687
    outer loop
      vertex -15.5425 -29.0988 0
      vertex -14.1419 -26.4576 2.99
      vertex -12.8267 -27.1197 2.95382
    endloop
  endfacet
  facet normal 0.301961 0.63987 -0.706673
    outer loop
      vertex -14.1419 -26.4576 2.99
      vertex -15.5425 -29.0988 0
      vertex -15.5514 -29.0946 0
    endloop
  endfacet
  facet normal -0.421481 -0.5683 -0.706675
    outer loop
      vertex 17.871 24.0962 2.95382
      vertex 18.3361 27.4243 0
      vertex 19.0318 23.1903 2.99
    endloop
  endfacet
  facet normal -0.421486 -0.568298 -0.706673
    outer loop
      vertex 16.6671 24.9441 2.99
      vertex 18.3361 27.4243 0
      vertex 17.871 24.0962 2.95382
    endloop
  endfacet
  facet normal -0.426937 -0.564426 -0.706504
    outer loop
      vertex 18.3361 27.4243 0
      vertex 16.6671 24.9441 2.99
      vertex 18.3283 27.4302 0
    endloop
  endfacet
  facet normal 0.47515 -0.524252 -0.706678
    outer loop
      vertex -20.9286 25.5016 0
      vertex -19.0318 23.1903 2.99
      vertex -23.3202 23.334 0
    endloop
  endfacet
  facet normal -0.63987 0.301961 -0.706673
    outer loop
      vertex 26.4576 -14.1419 2.99
      vertex 29.0988 -15.5425 0
      vertex 29.0946 -15.5514 0
    endloop
  endfacet
  facet normal -0.639614 0.3025 -0.706674
    outer loop
      vertex 29.0988 -15.5425 0
      vertex 27.1197 -12.8267 2.95382
      vertex 27.7164 -11.4805 2.99
    endloop
  endfacet
  facet normal -0.639581 0.302538 -0.706687
    outer loop
      vertex 29.0988 -15.5425 0
      vertex 26.4576 -14.1419 2.99
      vertex 27.1197 -12.8267 2.95382
    endloop
  endfacet
  facet normal 0.421474 -0.568301 -0.706678
    outer loop
      vertex -18.3361 27.4243 0
      vertex -19.0318 23.1903 2.99
      vertex -20.9286 25.5016 0
    endloop
  endfacet
  facet normal -0.301961 0.63987 -0.706673
    outer loop
      vertex 15.5425 -29.0988 0
      vertex 14.1419 -26.4576 2.99
      vertex 15.5514 -29.0946 0
    endloop
  endfacet
  facet normal -0.302538 0.639581 -0.706687
    outer loop
      vertex 15.5425 -29.0988 0
      vertex 12.8267 -27.1197 2.95382
      vertex 14.1419 -26.4576 2.99
    endloop
  endfacet
  facet normal -0.3025 0.639614 -0.706674
    outer loop
      vertex 12.8267 -27.1197 2.95382
      vertex 15.5425 -29.0988 0
      vertex 11.4805 -27.7164 2.99
    endloop
  endfacet
  facet normal 0.171951 -0.68631 -0.70669
    outer loop
      vertex -7.2894 29.1009 2.95382
      vertex -9.56697 31.5718 0
      vertex -5.85271 29.4236 2.99
    endloop
  endfacet
  facet normal 0.171905 -0.686336 -0.706676
    outer loop
      vertex -8.70854 28.7082 2.99
      vertex -9.56697 31.5718 0
      vertex -7.2894 29.1009 2.95382
    endloop
  endfacet
  facet normal 0.166193 -0.687894 -0.706528
    outer loop
      vertex -9.56697 31.5718 0
      vertex -8.70854 28.7082 2.99
      vertex -9.57649 31.5695 0
    endloop
  endfacet
  facet normal -0.103818 -0.69988 -0.706675
    outer loop
      vertex 6.43603 32.3561 0
      vertex 5.85271 29.4236 2.99
      vertex 3.24329 32.8297 0
    endloop
  endfacet
  facet normal 0.666171 0.238368 -0.70668
    outer loop
      vertex -27.7164 -11.4805 2.99
      vertex -30.4788 -12.6247 0
      vertex -31.5662 -9.58573 0
    endloop
  endfacet
  facet normal -0.421474 -0.568301 -0.706678
    outer loop
      vertex 20.9286 25.5016 0
      vertex 19.0318 23.1903 2.99
      vertex 18.3361 27.4243 0
    endloop
  endfacet
  facet normal -0.68631 -0.171951 -0.70669
    outer loop
      vertex 29.1009 7.2894 2.95382
      vertex 31.5718 9.56697 0
      vertex 29.4236 5.85271 2.99
    endloop
  endfacet
  facet normal -0.686336 -0.171905 -0.706676
    outer loop
      vertex 28.7082 8.70854 2.99
      vertex 31.5718 9.56697 0
      vertex 29.1009 7.2894 2.95382
    endloop
  endfacet
  facet normal -0.687894 -0.166193 -0.706528
    outer loop
      vertex 31.5718 9.56697 0
      vertex 28.7082 8.70854 2.99
      vertex 31.5695 9.57649 0
    endloop
  endfacet
  facet normal -0.70668 0.0347226 -0.70668
    outer loop
      vertex 32.99 0 0
      vertex 32.8316 -3.22378 0
      vertex 30 0 2.99
    endloop
  endfacet
  facet normal -0.528535 0.470614 -0.706522
    outer loop
      vertex 21.2132 -21.2132 2.99
      vertex 23.334 -23.3202 0
      vertex 23.3275 -23.3275 0
    endloop
  endfacet
  facet normal -0.524251 0.47515 -0.706678
    outer loop
      vertex 23.334 -23.3202 0
      vertex 22.2285 -20.1468 2.95382
      vertex 23.1903 -19.0318 2.99
    endloop
  endfacet
  facet normal -0.524248 0.475151 -0.706679
    outer loop
      vertex 23.334 -23.3202 0
      vertex 21.2132 -21.2132 2.99
      vertex 22.2285 -20.1468 2.95382
    endloop
  endfacet
  facet normal -0.706694 -0.0346996 -0.706668
    outer loop
      vertex 29.9639 1.47203 2.95382
      vertex 32.8316 3.22378 0
      vertex 30 0 2.99
    endloop
  endfacet
  facet normal -0.706676 -0.0347542 -0.706683
    outer loop
      vertex 29.8555 2.94051 2.99
      vertex 32.8316 3.22378 0
      vertex 29.9639 1.47203 2.95382
    endloop
  endfacet
  facet normal -0.706582 -0.0360501 -0.706712
    outer loop
      vertex 32.8316 3.22378 0
      vertex 29.8555 2.94051 2.99
      vertex 32.8311 3.23358 0
    endloop
  endfacet
  facet normal -0.35881 0.609977 -0.706529
    outer loop
      vertex 18.3198 -27.4352 0
      vertex 16.6671 -24.9441 2.99
      vertex 18.3283 -27.4302 0
    endloop
  endfacet
  facet normal -0.363764 0.606866 -0.706675
    outer loop
      vertex 18.3198 -27.4352 0
      vertex 15.4231 -25.7319 2.95382
      vertex 16.6671 -24.9441 2.99
    endloop
  endfacet
  facet normal -0.363722 0.606909 -0.706659
    outer loop
      vertex 15.4231 -25.7319 2.95382
      vertex 18.3198 -27.4352 0
      vertex 14.1419 -26.4576 2.99
    endloop
  endfacet
  facet normal 0.103818 -0.69988 -0.706675
    outer loop
      vertex -3.24329 32.8297 0
      vertex -5.85271 29.4236 2.99
      vertex -6.43603 32.3561 0
    endloop
  endfacet
  facet normal 0.363722 -0.606909 -0.706659
    outer loop
      vertex -15.4231 25.7319 2.95382
      vertex -18.3198 27.4352 0
      vertex -14.1419 26.4576 2.99
    endloop
  endfacet
  facet normal 0.363764 -0.606866 -0.706675
    outer loop
      vertex -16.6671 24.9441 2.99
      vertex -18.3198 27.4352 0
      vertex -15.4231 25.7319 2.95382
    endloop
  endfacet
  facet normal 0.35881 -0.609977 -0.706529
    outer loop
      vertex -18.3198 27.4352 0
      vertex -16.6671 24.9441 2.99
      vertex -18.3283 27.4302 0
    endloop
  endfacet
  facet normal 0.699874 -0.103798 -0.706684
    outer loop
      vertex -29.6753 4.40191 2.95382
      vertex -32.8297 3.24329 0
      vertex -29.4236 5.85271 2.99
    endloop
  endfacet
  facet normal 0.699873 -0.103794 -0.706685
    outer loop
      vertex -29.8555 2.94051 2.99
      vertex -32.8297 3.24329 0
      vertex -29.6753 4.40191 2.95382
    endloop
  endfacet
  facet normal 0.700225 -0.100959 -0.706748
    outer loop
      vertex -32.8297 3.24329 0
      vertex -29.8555 2.94051 2.99
      vertex -32.8311 3.23358 0
    endloop
  endfacet
  facet normal 0.171951 0.68631 -0.70669
    outer loop
      vertex -9.56697 -31.5718 0
      vertex -7.2894 -29.1009 2.95382
      vertex -5.85271 -29.4236 2.99
    endloop
  endfacet
  facet normal 0.171905 0.686336 -0.706676
    outer loop
      vertex -9.56697 -31.5718 0
      vertex -8.70854 -28.7082 2.99
      vertex -7.2894 -29.1009 2.95382
    endloop
  endfacet
  facet normal 0.166193 0.687894 -0.706528
    outer loop
      vertex -8.70854 -28.7082 2.99
      vertex -9.56697 -31.5718 0
      vertex -9.57649 -31.5695 0
    endloop
  endfacet
  facet normal 0.237964 -0.666299 -0.706696
    outer loop
      vertex -8.70854 28.7082 2.99
      vertex -9.58573 31.5662 0
      vertex -9.57649 31.5695 0
    endloop
  endfacet
  facet normal 0.238363 -0.666166 -0.706686
    outer loop
      vertex -10.1067 28.2463 2.95382
      vertex -9.58573 31.5662 0
      vertex -8.70854 28.7082 2.99
    endloop
  endfacet
  facet normal 0.238342 -0.666168 -0.706692
    outer loop
      vertex -9.58573 31.5662 0
      vertex -10.1067 28.2463 2.95382
      vertex -11.4805 27.7164 2.99
    endloop
  endfacet
  facet normal -0.363755 -0.606857 -0.706687
    outer loop
      vertex 15.5514 29.0946 0
      vertex 18.3198 27.4352 0
      vertex 14.1419 26.4576 2.99
    endloop
  endfacet
  facet normal -0.0347226 -0.70668 -0.70668
    outer loop
      vertex 0 32.99 0
      vertex 3.22378 32.8316 0
      vertex 0 30 2.99
    endloop
  endfacet
  facet normal -0.103798 -0.699874 -0.706684
    outer loop
      vertex 4.40191 29.6753 2.95382
      vertex 3.24329 32.8297 0
      vertex 5.85271 29.4236 2.99
    endloop
  endfacet
  facet normal -0.103794 -0.699873 -0.706685
    outer loop
      vertex 2.94051 29.8555 2.99
      vertex 3.24329 32.8297 0
      vertex 4.40191 29.6753 2.95382
    endloop
  endfacet
  facet normal -0.100959 -0.700225 -0.706748
    outer loop
      vertex 3.24329 32.8297 0
      vertex 2.94051 29.8555 2.99
      vertex 3.23358 32.8311 0
    endloop
  endfacet
  facet normal -0.238342 -0.666168 -0.706692
    outer loop
      vertex 10.1067 28.2463 2.95382
      vertex 9.58573 31.5662 0
      vertex 11.4805 27.7164 2.99
    endloop
  endfacet
  facet normal -0.238363 -0.666166 -0.706686
    outer loop
      vertex 8.70854 28.7082 2.99
      vertex 9.58573 31.5662 0
      vertex 10.1067 28.2463 2.95382
    endloop
  endfacet
  facet normal -0.237964 -0.666299 -0.706696
    outer loop
      vertex 9.58573 31.5662 0
      vertex 8.70854 28.7082 2.99
      vertex 9.57649 31.5695 0
    endloop
  endfacet
  facet normal -0.639604 0.302507 -0.706679
    outer loop
      vertex 30.4788 -12.6247 0
      vertex 29.0988 -15.5425 0
      vertex 27.7164 -11.4805 2.99
    endloop
  endfacet
  facet normal 0.666168 0.238342 -0.706692
    outer loop
      vertex -31.5662 -9.58573 0
      vertex -28.2463 -10.1067 2.95382
      vertex -27.7164 -11.4805 2.99
    endloop
  endfacet
  facet normal 0.666166 0.238363 -0.706686
    outer loop
      vertex -31.5662 -9.58573 0
      vertex -28.7082 -8.70854 2.99
      vertex -28.2463 -10.1067 2.95382
    endloop
  endfacet
  facet normal 0.666299 0.237964 -0.706696
    outer loop
      vertex -28.7082 -8.70854 2.99
      vertex -31.5662 -9.58573 0
      vertex -31.5695 -9.57649 0
    endloop
  endfacet
  facet normal 0.568301 -0.421474 -0.706678
    outer loop
      vertex -25.5016 20.9286 0
      vertex -23.1903 19.0318 2.99
      vertex -27.4243 18.3361 0
    endloop
  endfacet
  facet normal -0.639604 -0.302507 -0.706679
    outer loop
      vertex 29.0988 15.5425 0
      vertex 30.4788 12.6247 0
      vertex 27.7164 11.4805 2.99
    endloop
  endfacet
  facet normal -0.606909 -0.363722 -0.706659
    outer loop
      vertex 25.7319 15.4231 2.95382
      vertex 27.4352 18.3198 0
      vertex 26.4576 14.1419 2.99
    endloop
  endfacet
  facet normal -0.606866 -0.363764 -0.706675
    outer loop
      vertex 24.9441 16.6671 2.99
      vertex 27.4352 18.3198 0
      vertex 25.7319 15.4231 2.95382
    endloop
  endfacet
  facet normal -0.609977 -0.35881 -0.706529
    outer loop
      vertex 27.4352 18.3198 0
      vertex 24.9441 16.6671 2.99
      vertex 27.4302 18.3283 0
    endloop
  endfacet
  facet normal -0.687894 0.166193 -0.706528
    outer loop
      vertex 28.7082 -8.70854 2.99
      vertex 31.5718 -9.56697 0
      vertex 31.5695 -9.57649 0
    endloop
  endfacet
  facet normal -0.68631 0.171951 -0.70669
    outer loop
      vertex 31.5718 -9.56697 0
      vertex 29.1009 -7.2894 2.95382
      vertex 29.4236 -5.85271 2.99
    endloop
  endfacet
  facet normal -0.686336 0.171905 -0.706676
    outer loop
      vertex 31.5718 -9.56697 0
      vertex 28.7082 -8.70854 2.99
      vertex 29.1009 -7.2894 2.95382
    endloop
  endfacet
  facet normal 0.524252 0.47515 -0.706678
    outer loop
      vertex -23.1903 -19.0318 2.99
      vertex -23.334 -23.3202 0
      vertex -25.5016 -20.9286 0
    endloop
  endfacet
  facet normal 0.171926 -0.686332 -0.706675
    outer loop
      vertex -6.43603 32.3561 0
      vertex -5.85271 29.4236 2.99
      vertex -9.56697 31.5718 0
    endloop
  endfacet
  facet normal -0.568301 0.421474 -0.706678
    outer loop
      vertex 27.4243 -18.3361 0
      vertex 25.5016 -20.9286 0
      vertex 23.1903 -19.0318 2.99
    endloop
  endfacet
  facet normal -0.609977 0.35881 -0.706529
    outer loop
      vertex 24.9441 -16.6671 2.99
      vertex 27.4352 -18.3198 0
      vertex 27.4302 -18.3283 0
    endloop
  endfacet
  facet normal -0.606909 0.363722 -0.706659
    outer loop
      vertex 27.4352 -18.3198 0
      vertex 25.7319 -15.4231 2.95382
      vertex 26.4576 -14.1419 2.99
    endloop
  endfacet
  facet normal -0.606866 0.363764 -0.706675
    outer loop
      vertex 27.4352 -18.3198 0
      vertex 24.9441 -16.6671 2.99
      vertex 25.7319 -15.4231 2.95382
    endloop
  endfacet
  facet normal -0.666171 -0.238368 -0.70668
    outer loop
      vertex 30.4788 12.6247 0
      vertex 31.5662 9.58573 0
      vertex 27.7164 11.4805 2.99
    endloop
  endfacet
  facet normal -0.238368 0.666171 -0.70668
    outer loop
      vertex 11.4805 -27.7164 2.99
      vertex 12.6247 -30.4788 0
      vertex 9.58573 -31.5662 0
    endloop
  endfacet
  facet normal -0.568301 -0.421474 -0.706678
    outer loop
      vertex 25.5016 20.9286 0
      vertex 27.4243 18.3361 0
      vertex 23.1903 19.0318 2.99
    endloop
  endfacet
  facet normal -0.686332 -0.171926 -0.706675
    outer loop
      vertex 31.5718 9.56697 0
      vertex 32.3561 6.43603 0
      vertex 29.4236 5.85271 2.99
    endloop
  endfacet
  facet normal -0.69988 -0.103818 -0.706675
    outer loop
      vertex 32.3561 6.43603 0
      vertex 32.8297 3.24329 0
      vertex 29.4236 5.85271 2.99
    endloop
  endfacet
  facet normal 0.706582 0.0360501 -0.706712
    outer loop
      vertex -32.8316 -3.22378 0
      vertex -29.8555 -2.94051 2.99
      vertex -32.8311 -3.23358 0
    endloop
  endfacet
  facet normal 0.706676 0.0347542 -0.706683
    outer loop
      vertex -29.8555 -2.94051 2.99
      vertex -32.8316 -3.22378 0
      vertex -29.9639 -1.47203 2.95382
    endloop
  endfacet
  facet normal 0.706694 0.0346996 -0.706668
    outer loop
      vertex -29.9639 -1.47203 2.95382
      vertex -32.8316 -3.22378 0
      vertex -30 0 2.99
    endloop
  endfacet
  facet normal 0.363755 -0.606857 -0.706687
    outer loop
      vertex -15.5514 29.0946 0
      vertex -14.1419 26.4576 2.99
      vertex -18.3198 27.4352 0
    endloop
  endfacet
  facet normal -0.69988 0.103818 -0.706675
    outer loop
      vertex 32.8297 -3.24329 0
      vertex 32.3561 -6.43603 0
      vertex 29.4236 -5.85271 2.99
    endloop
  endfacet
  facet normal 0.666168 -0.238342 -0.706692
    outer loop
      vertex -28.2463 10.1067 2.95382
      vertex -31.5662 9.58573 0
      vertex -27.7164 11.4805 2.99
    endloop
  endfacet
  facet normal 0.666166 -0.238363 -0.706686
    outer loop
      vertex -28.7082 8.70854 2.99
      vertex -31.5662 9.58573 0
      vertex -28.2463 10.1067 2.95382
    endloop
  endfacet
  facet normal 0.666299 -0.237964 -0.706696
    outer loop
      vertex -31.5662 9.58573 0
      vertex -28.7082 8.70854 2.99
      vertex -31.5695 9.57649 0
    endloop
  endfacet
  facet normal 0.70668 -0.0347226 -0.70668
    outer loop
      vertex -32.8316 3.22378 0
      vertex -30 0 2.99
      vertex -32.99 0 0
    endloop
  endfacet
  facet normal -0.524252 0.47515 -0.706678
    outer loop
      vertex 25.5016 -20.9286 0
      vertex 23.334 -23.3202 0
      vertex 23.1903 -19.0318 2.99
    endloop
  endfacet
  facet normal 0.606866 -0.363764 -0.706675
    outer loop
      vertex -27.4352 18.3198 0
      vertex -24.9441 16.6671 2.99
      vertex -25.7319 15.4231 2.95382
    endloop
  endfacet
  facet normal 0.606909 -0.363722 -0.706659
    outer loop
      vertex -27.4352 18.3198 0
      vertex -25.7319 15.4231 2.95382
      vertex -26.4576 14.1419 2.99
    endloop
  endfacet
  facet normal 0.609977 -0.35881 -0.706529
    outer loop
      vertex -24.9441 16.6671 2.99
      vertex -27.4352 18.3198 0
      vertex -27.4302 18.3283 0
    endloop
  endfacet
  facet normal -0.301961 -0.63987 -0.706673
    outer loop
      vertex 14.1419 26.4576 2.99
      vertex 15.5425 29.0988 0
      vertex 15.5514 29.0946 0
    endloop
  endfacet
  facet normal -0.302538 -0.639581 -0.706687
    outer loop
      vertex 12.8267 27.1197 2.95382
      vertex 15.5425 29.0988 0
      vertex 14.1419 26.4576 2.99
    endloop
  endfacet
  facet normal -0.3025 -0.639614 -0.706674
    outer loop
      vertex 15.5425 29.0988 0
      vertex 12.8267 27.1197 2.95382
      vertex 11.4805 27.7164 2.99
    endloop
  endfacet
  facet normal 0.100959 0.700225 -0.706748
    outer loop
      vertex -3.24329 -32.8297 0
      vertex -2.94051 -29.8555 2.99
      vertex -3.23358 -32.8311 0
    endloop
  endfacet
  facet normal 0.103794 0.699873 -0.706685
    outer loop
      vertex -3.24329 -32.8297 0
      vertex -4.40191 -29.6753 2.95382
      vertex -2.94051 -29.8555 2.99
    endloop
  endfacet
  facet normal 0.103798 0.699874 -0.706684
    outer loop
      vertex -4.40191 -29.6753 2.95382
      vertex -3.24329 -32.8297 0
      vertex -5.85271 -29.4236 2.99
    endloop
  endfacet
  facet normal 0.568301 0.421474 -0.706678
    outer loop
      vertex -23.1903 -19.0318 2.99
      vertex -25.5016 -20.9286 0
      vertex -27.4243 -18.3361 0
    endloop
  endfacet
  facet normal -0.426937 0.564426 -0.706504
    outer loop
      vertex 16.6671 -24.9441 2.99
      vertex 18.3361 -27.4243 0
      vertex 18.3283 -27.4302 0
    endloop
  endfacet
  facet normal -0.421481 0.5683 -0.706675
    outer loop
      vertex 18.3361 -27.4243 0
      vertex 17.871 -24.0962 2.95382
      vertex 19.0318 -23.1903 2.99
    endloop
  endfacet
  facet normal -0.421486 0.568298 -0.706673
    outer loop
      vertex 18.3361 -27.4243 0
      vertex 16.6671 -24.9441 2.99
      vertex 17.871 -24.0962 2.95382
    endloop
  endfacet
  facet normal -0.171926 -0.686332 -0.706675
    outer loop
      vertex 6.43603 32.3561 0
      vertex 9.56697 31.5718 0
      vertex 5.85271 29.4236 2.99
    endloop
  endfacet
  facet normal 0.69988 -0.103818 -0.706675
    outer loop
      vertex -32.3561 6.43603 0
      vertex -29.4236 5.85271 2.99
      vertex -32.8297 3.24329 0
    endloop
  endfacet
  facet normal 0.524248 -0.475151 -0.706679
    outer loop
      vertex -23.334 23.3202 0
      vertex -21.2132 21.2132 2.99
      vertex -22.2285 20.1468 2.95382
    endloop
  endfacet
  facet normal 0.524251 -0.47515 -0.706678
    outer loop
      vertex -23.334 23.3202 0
      vertex -22.2285 20.1468 2.95382
      vertex -23.1903 19.0318 2.99
    endloop
  endfacet
  facet normal 0.528535 -0.470614 -0.706522
    outer loop
      vertex -21.2132 21.2132 2.99
      vertex -23.334 23.3202 0
      vertex -23.3275 23.3275 0
    endloop
  endfacet
  facet normal -0.238368 -0.666171 -0.70668
    outer loop
      vertex 12.6247 30.4788 0
      vertex 11.4805 27.7164 2.99
      vertex 9.58573 31.5662 0
    endloop
  endfacet
  facet normal 0.63987 0.301961 -0.706673
    outer loop
      vertex -29.0988 -15.5425 0
      vertex -26.4576 -14.1419 2.99
      vertex -29.0946 -15.5514 0
    endloop
  endfacet
  facet normal 0.639581 0.302538 -0.706687
    outer loop
      vertex -26.4576 -14.1419 2.99
      vertex -29.0988 -15.5425 0
      vertex -27.1197 -12.8267 2.95382
    endloop
  endfacet
  facet normal 0.639614 0.3025 -0.706674
    outer loop
      vertex -27.1197 -12.8267 2.95382
      vertex -29.0988 -15.5425 0
      vertex -27.7164 -11.4805 2.99
    endloop
  endfacet
  facet normal -0.524251 -0.47515 -0.706678
    outer loop
      vertex 22.2285 20.1468 2.95382
      vertex 23.334 23.3202 0
      vertex 23.1903 19.0318 2.99
    endloop
  endfacet
  facet normal -0.524248 -0.475151 -0.706679
    outer loop
      vertex 21.2132 21.2132 2.99
      vertex 23.334 23.3202 0
      vertex 22.2285 20.1468 2.95382
    endloop
  endfacet
  facet normal -0.528535 -0.470614 -0.706522
    outer loop
      vertex 23.334 23.3202 0
      vertex 21.2132 21.2132 2.99
      vertex 23.3275 23.3275 0
    endloop
  endfacet
  facet normal -0.639614 -0.3025 -0.706674
    outer loop
      vertex 27.1197 12.8267 2.95382
      vertex 29.0988 15.5425 0
      vertex 27.7164 11.4805 2.99
    endloop
  endfacet
  facet normal -0.639581 -0.302538 -0.706687
    outer loop
      vertex 26.4576 14.1419 2.99
      vertex 29.0988 15.5425 0
      vertex 27.1197 12.8267 2.95382
    endloop
  endfacet
  facet normal -0.63987 -0.301961 -0.706673
    outer loop
      vertex 29.0988 15.5425 0
      vertex 26.4576 14.1419 2.99
      vertex 29.0946 15.5514 0
    endloop
  endfacet
  facet normal 0.0347226 0.70668 -0.70668
    outer loop
      vertex 0 -30 2.99
      vertex 0 -32.99 0
      vertex -3.22378 -32.8316 0
    endloop
  endfacet
  facet normal 0.639604 -0.302507 -0.706679
    outer loop
      vertex -29.0988 15.5425 0
      vertex -27.7164 11.4805 2.99
      vertex -30.4788 12.6247 0
    endloop
  endfacet
  facet normal 0.524252 -0.47515 -0.706678
    outer loop
      vertex -23.334 23.3202 0
      vertex -23.1903 19.0318 2.99
      vertex -25.5016 20.9286 0
    endloop
  endfacet
  facet normal 0.528535 0.470614 -0.706522
    outer loop
      vertex -23.334 -23.3202 0
      vertex -21.2132 -21.2132 2.99
      vertex -23.3275 -23.3275 0
    endloop
  endfacet
  facet normal 0.524248 0.475151 -0.706679
    outer loop
      vertex -21.2132 -21.2132 2.99
      vertex -23.334 -23.3202 0
      vertex -22.2285 -20.1468 2.95382
    endloop
  endfacet
  facet normal 0.524251 0.47515 -0.706678
    outer loop
      vertex -22.2285 -20.1468 2.95382
      vertex -23.334 -23.3202 0
      vertex -23.1903 -19.0318 2.99
    endloop
  endfacet
  facet normal 0.606857 -0.363755 -0.706687
    outer loop
      vertex -27.4352 18.3198 0
      vertex -26.4576 14.1419 2.99
      vertex -29.0946 15.5514 0
    endloop
  endfacet
  facet normal 0.686332 0.171926 -0.706675
    outer loop
      vertex -29.4236 -5.85271 2.99
      vertex -31.5718 -9.56697 0
      vertex -32.3561 -6.43603 0
    endloop
  endfacet
  facet normal 0.639581 -0.302538 -0.706687
    outer loop
      vertex -29.0988 15.5425 0
      vertex -26.4576 14.1419 2.99
      vertex -27.1197 12.8267 2.95382
    endloop
  endfacet
  facet normal 0.639614 -0.3025 -0.706674
    outer loop
      vertex -29.0988 15.5425 0
      vertex -27.1197 12.8267 2.95382
      vertex -27.7164 11.4805 2.99
    endloop
  endfacet
  facet normal 0.63987 -0.301961 -0.706673
    outer loop
      vertex -26.4576 14.1419 2.99
      vertex -29.0988 15.5425 0
      vertex -29.0946 15.5514 0
    endloop
  endfacet
  facet normal -0.564426 0.426937 -0.706504
    outer loop
      vertex 27.4243 -18.3361 0
      vertex 24.9441 -16.6671 2.99
      vertex 27.4302 -18.3283 0
    endloop
  endfacet
  facet normal -0.568298 0.421486 -0.706673
    outer loop
      vertex 27.4243 -18.3361 0
      vertex 24.0962 -17.871 2.95382
      vertex 24.9441 -16.6671 2.99
    endloop
  endfacet
  facet normal -0.5683 0.421481 -0.706675
    outer loop
      vertex 24.0962 -17.871 2.95382
      vertex 27.4243 -18.3361 0
      vertex 23.1903 -19.0318 2.99
    endloop
  endfacet
  facet normal -0.666171 0.238368 -0.70668
    outer loop
      vertex 31.5662 -9.58573 0
      vertex 30.4788 -12.6247 0
      vertex 27.7164 -11.4805 2.99
    endloop
  endfacet
  facet normal -0.666299 0.237964 -0.706696
    outer loop
      vertex 31.5662 -9.58573 0
      vertex 28.7082 -8.70854 2.99
      vertex 31.5695 -9.57649 0
    endloop
  endfacet
  facet normal -0.666166 0.238363 -0.706686
    outer loop
      vertex 31.5662 -9.58573 0
      vertex 28.2463 -10.1067 2.95382
      vertex 28.7082 -8.70854 2.99
    endloop
  endfacet
  facet normal -0.666168 0.238342 -0.706692
    outer loop
      vertex 28.2463 -10.1067 2.95382
      vertex 31.5662 -9.58573 0
      vertex 27.7164 -11.4805 2.99
    endloop
  endfacet
  facet normal -0.363755 0.606857 -0.706687
    outer loop
      vertex 18.3198 -27.4352 0
      vertex 15.5514 -29.0946 0
      vertex 14.1419 -26.4576 2.99
    endloop
  endfacet
  facet normal 0.100959 -0.700225 -0.706748
    outer loop
      vertex -2.94051 29.8555 2.99
      vertex -3.24329 32.8297 0
      vertex -3.23358 32.8311 0
    endloop
  endfacet
  facet normal 0.103794 -0.699873 -0.706685
    outer loop
      vertex -4.40191 29.6753 2.95382
      vertex -3.24329 32.8297 0
      vertex -2.94051 29.8555 2.99
    endloop
  endfacet
  facet normal 0.103798 -0.699874 -0.706684
    outer loop
      vertex -3.24329 32.8297 0
      vertex -4.40191 29.6753 2.95382
      vertex -5.85271 29.4236 2.99
    endloop
  endfacet
  facet normal 0.699874 0.103798 -0.706684
    outer loop
      vertex -32.8297 -3.24329 0
      vertex -29.6753 -4.40191 2.95382
      vertex -29.4236 -5.85271 2.99
    endloop
  endfacet
  facet normal 0.699873 0.103794 -0.706685
    outer loop
      vertex -32.8297 -3.24329 0
      vertex -29.8555 -2.94051 2.99
      vertex -29.6753 -4.40191 2.95382
    endloop
  endfacet
  facet normal 0.700225 0.100959 -0.706748
    outer loop
      vertex -29.8555 -2.94051 2.99
      vertex -32.8297 -3.24329 0
      vertex -32.8311 -3.23358 0
    endloop
  endfacet
  facet normal -0.0360501 0.706582 -0.706712
    outer loop
      vertex 3.22378 -32.8316 0
      vertex 2.94051 -29.8555 2.99
      vertex 3.23358 -32.8311 0
    endloop
  endfacet
  facet normal -0.0347542 0.706676 -0.706683
    outer loop
      vertex 3.22378 -32.8316 0
      vertex 1.47203 -29.9639 2.95382
      vertex 2.94051 -29.8555 2.99
    endloop
  endfacet
  facet normal -0.0346996 0.706694 -0.706668
    outer loop
      vertex 1.47203 -29.9639 2.95382
      vertex 3.22378 -32.8316 0
      vertex 0 -30 2.99
    endloop
  endfacet
  facet normal 0.421486 -0.568298 -0.706673
    outer loop
      vertex -18.3361 27.4243 0
      vertex -16.6671 24.9441 2.99
      vertex -17.871 24.0962 2.95382
    endloop
  endfacet
  facet normal 0.426937 -0.564426 -0.706504
    outer loop
      vertex -16.6671 24.9441 2.99
      vertex -18.3361 27.4243 0
      vertex -18.3283 27.4302 0
    endloop
  endfacet
  facet normal 0.421481 -0.5683 -0.706675
    outer loop
      vertex -18.3361 27.4243 0
      vertex -17.871 24.0962 2.95382
      vertex -19.0318 23.1903 2.99
    endloop
  endfacet
  facet normal -0.700225 0.100959 -0.706748
    outer loop
      vertex 32.8297 -3.24329 0
      vertex 29.8555 -2.94051 2.99
      vertex 32.8311 -3.23358 0
    endloop
  endfacet
  facet normal -0.699873 0.103794 -0.706685
    outer loop
      vertex 32.8297 -3.24329 0
      vertex 29.6753 -4.40191 2.95382
      vertex 29.8555 -2.94051 2.99
    endloop
  endfacet
  facet normal -0.699874 0.103798 -0.706684
    outer loop
      vertex 29.6753 -4.40191 2.95382
      vertex 32.8297 -3.24329 0
      vertex 29.4236 -5.85271 2.99
    endloop
  endfacet
  facet normal -0.706582 0.0360501 -0.706712
    outer loop
      vertex 29.8555 -2.94051 2.99
      vertex 32.8316 -3.22378 0
      vertex 32.8311 -3.23358 0
    endloop
  endfacet
  facet normal -0.706694 0.0346996 -0.706668
    outer loop
      vertex 32.8316 -3.22378 0
      vertex 29.9639 -1.47203 2.95382
      vertex 30 0 2.99
    endloop
  endfacet
  facet normal -0.706676 0.0347542 -0.706683
    outer loop
      vertex 32.8316 -3.22378 0
      vertex 29.8555 -2.94051 2.99
      vertex 29.9639 -1.47203 2.95382
    endloop
  endfacet
  facet normal 0.639604 0.302507 -0.706679
    outer loop
      vertex -27.7164 -11.4805 2.99
      vertex -29.0988 -15.5425 0
      vertex -30.4788 -12.6247 0
    endloop
  endfacet
  facet normal -0.238342 0.666168 -0.706692
    outer loop
      vertex 9.58573 -31.5662 0
      vertex 10.1067 -28.2463 2.95382
      vertex 11.4805 -27.7164 2.99
    endloop
  endfacet
  facet normal -0.237964 0.666299 -0.706696
    outer loop
      vertex 8.70854 -28.7082 2.99
      vertex 9.58573 -31.5662 0
      vertex 9.57649 -31.5695 0
    endloop
  endfacet
  facet normal -0.238363 0.666166 -0.706686
    outer loop
      vertex 9.58573 -31.5662 0
      vertex 8.70854 -28.7082 2.99
      vertex 10.1067 -28.2463 2.95382
    endloop
  endfacet
  facet normal 0.171926 0.686332 -0.706675
    outer loop
      vertex -5.85271 -29.4236 2.99
      vertex -6.43603 -32.3561 0
      vertex -9.56697 -31.5718 0
    endloop
  endfacet
  facet normal 0.47515 -0.524251 -0.706678
    outer loop
      vertex -20.1468 22.2285 2.95382
      vertex -23.3202 23.334 0
      vertex -19.0318 23.1903 2.99
    endloop
  endfacet
  facet normal 0.475151 -0.524248 -0.706679
    outer loop
      vertex -21.2132 21.2132 2.99
      vertex -23.3202 23.334 0
      vertex -20.1468 22.2285 2.95382
    endloop
  endfacet
  facet normal 0.470614 -0.528535 -0.706522
    outer loop
      vertex -23.3202 23.334 0
      vertex -21.2132 21.2132 2.99
      vertex -23.3275 23.3275 0
    endloop
  endfacet
  facet normal 0.609977 0.35881 -0.706529
    outer loop
      vertex -27.4352 -18.3198 0
      vertex -24.9441 -16.6671 2.99
      vertex -27.4302 -18.3283 0
    endloop
  endfacet
  facet normal 0.606866 0.363764 -0.706675
    outer loop
      vertex -24.9441 -16.6671 2.99
      vertex -27.4352 -18.3198 0
      vertex -25.7319 -15.4231 2.95382
    endloop
  endfacet
  facet normal 0.606909 0.363722 -0.706659
    outer loop
      vertex -25.7319 -15.4231 2.95382
      vertex -27.4352 -18.3198 0
      vertex -26.4576 -14.1419 2.99
    endloop
  endfacet
  facet normal -0.47515 0.524252 -0.706678
    outer loop
      vertex 23.3202 -23.334 0
      vertex 20.9286 -25.5016 0
      vertex 19.0318 -23.1903 2.99
    endloop
  endfacet
  facet normal 0.686336 -0.171905 -0.706676
    outer loop
      vertex -31.5718 9.56697 0
      vertex -28.7082 8.70854 2.99
      vertex -29.1009 7.2894 2.95382
    endloop
  endfacet
  facet normal 0.68631 -0.171951 -0.70669
    outer loop
      vertex -31.5718 9.56697 0
      vertex -29.1009 7.2894 2.95382
      vertex -29.4236 5.85271 2.99
    endloop
  endfacet
  facet normal 0.687894 -0.166193 -0.706528
    outer loop
      vertex -28.7082 8.70854 2.99
      vertex -31.5718 9.56697 0
      vertex -31.5695 9.57649 0
    endloop
  endfacet
  facet normal 0.237964 0.666299 -0.706696
    outer loop
      vertex -9.58573 -31.5662 0
      vertex -8.70854 -28.7082 2.99
      vertex -9.57649 -31.5695 0
    endloop
  endfacet
  facet normal 0.238363 0.666166 -0.706686
    outer loop
      vertex -9.58573 -31.5662 0
      vertex -10.1067 -28.2463 2.95382
      vertex -8.70854 -28.7082 2.99
    endloop
  endfacet
  facet normal 0.238342 0.666168 -0.706692
    outer loop
      vertex -10.1067 -28.2463 2.95382
      vertex -9.58573 -31.5662 0
      vertex -11.4805 -27.7164 2.99
    endloop
  endfacet
  facet normal -0.103798 0.699874 -0.706684
    outer loop
      vertex 3.24329 -32.8297 0
      vertex 4.40191 -29.6753 2.95382
      vertex 5.85271 -29.4236 2.99
    endloop
  endfacet
  facet normal -0.100959 0.700225 -0.706748
    outer loop
      vertex 2.94051 -29.8555 2.99
      vertex 3.24329 -32.8297 0
      vertex 3.23358 -32.8311 0
    endloop
  endfacet
  facet normal -0.103794 0.699873 -0.706685
    outer loop
      vertex 3.24329 -32.8297 0
      vertex 2.94051 -29.8555 2.99
      vertex 4.40191 -29.6753 2.95382
    endloop
  endfacet
  facet normal 0.69988 0.103818 -0.706675
    outer loop
      vertex -29.4236 -5.85271 2.99
      vertex -32.3561 -6.43603 0
      vertex -32.8297 -3.24329 0
    endloop
  endfacet
  facet normal 0.606857 0.363755 -0.706687
    outer loop
      vertex -26.4576 -14.1419 2.99
      vertex -27.4352 -18.3198 0
      vertex -29.0946 -15.5514 0
    endloop
  endfacet
  facet normal 0.687894 0.166193 -0.706528
    outer loop
      vertex -31.5718 -9.56697 0
      vertex -28.7082 -8.70854 2.99
      vertex -31.5695 -9.57649 0
    endloop
  endfacet
  facet normal 0.686336 0.171905 -0.706676
    outer loop
      vertex -28.7082 -8.70854 2.99
      vertex -31.5718 -9.56697 0
      vertex -29.1009 -7.2894 2.95382
    endloop
  endfacet
  facet normal 0.68631 0.171951 -0.70669
    outer loop
      vertex -29.1009 -7.2894 2.95382
      vertex -31.5718 -9.56697 0
      vertex -29.4236 -5.85271 2.99
    endloop
  endfacet
  facet normal 0.5683 -0.421481 -0.706675
    outer loop
      vertex -24.0962 17.871 2.95382
      vertex -27.4243 18.3361 0
      vertex -23.1903 19.0318 2.99
    endloop
  endfacet
  facet normal 0.568298 -0.421486 -0.706673
    outer loop
      vertex -24.9441 16.6671 2.99
      vertex -27.4243 18.3361 0
      vertex -24.0962 17.871 2.95382
    endloop
  endfacet
  facet normal 0.564426 -0.426937 -0.706504
    outer loop
      vertex -27.4243 18.3361 0
      vertex -24.9441 16.6671 2.99
      vertex -27.4302 18.3283 0
    endloop
  endfacet
  facet normal -0.103818 0.69988 -0.706675
    outer loop
      vertex 5.85271 -29.4236 2.99
      vertex 6.43603 -32.3561 0
      vertex 3.24329 -32.8297 0
    endloop
  endfacet
  facet normal 0.5683 0.421481 -0.706675
    outer loop
      vertex -27.4243 -18.3361 0
      vertex -24.0962 -17.871 2.95382
      vertex -23.1903 -19.0318 2.99
    endloop
  endfacet
  facet normal 0.568298 0.421486 -0.706673
    outer loop
      vertex -27.4243 -18.3361 0
      vertex -24.9441 -16.6671 2.99
      vertex -24.0962 -17.871 2.95382
    endloop
  endfacet
  facet normal 0.564426 0.426937 -0.706504
    outer loop
      vertex -24.9441 -16.6671 2.99
      vertex -27.4243 -18.3361 0
      vertex -27.4302 -18.3283 0
    endloop
  endfacet
  facet normal -0.99729 -0.0735652 -0
    outer loop
      vertex 76.4563 5 17
      vertex 76.271 7.51203 5
      vertex 76.4563 5 7
    endloop
  endfacet
  facet normal -0.997291 -0.0735577 9.37655e-06
    outer loop
      vertex 76.5477 3.76055 5
      vertex 76.4563 5 7
      vertex 76.271 7.51203 5
    endloop
  endfacet
  facet normal -0.997292 -0.0735427 0
    outer loop
      vertex 76.4563 5 7
      vertex 76.5477 3.76055 5
      vertex 76.5477 3.76055 7
    endloop
  endfacet
  facet normal -0.99729 -0.0735652 0
    outer loop
      vertex 76.271 7.51203 5
      vertex 76.4563 5 17
      vertex 76.271 7.51203 41
    endloop
  endfacet
  facet normal -0.997292 -0.0735427 -0
    outer loop
      vertex 76.5477 3.76055 41
      vertex 76.4563 5 17
      vertex 76.5477 3.76055 17
    endloop
  endfacet
  facet normal -0.997291 -0.0735577 -7.81379e-07
    outer loop
      vertex 76.4563 5 17
      vertex 76.5477 3.76055 41
      vertex 76.271 7.51203 41
    endloop
  endfacet
  facet normal -0.999699 -0.0245369 0
    outer loop
      vertex 76.64 0 5
      vertex 76.5477 3.76055 7
      vertex 76.5477 3.76055 5
    endloop
  endfacet
  facet normal -0.999699 -0.0245369 0
    outer loop
      vertex 76.5477 3.76055 7
      vertex 76.64 0 5
      vertex 76.64 0 7
    endloop
  endfacet
  facet normal -0.999699 -0.0245369 0
    outer loop
      vertex 76.64 0 17
      vertex 76.5477 3.76055 41
      vertex 76.5477 3.76055 17
    endloop
  endfacet
  facet normal -0.999699 -0.0245369 0
    outer loop
      vertex 76.5477 3.76055 41
      vertex 76.64 0 17
      vertex 76.64 0 41
    endloop
  endfacet
  facet normal -0.992478 -0.122419 0
    outer loop
      vertex 76.271 7.51203 5
      vertex 75.8105 11.2454 41
      vertex 75.8105 11.2454 5
    endloop
  endfacet
  facet normal -0.992478 -0.122419 0
    outer loop
      vertex 75.8105 11.2454 41
      vertex 76.271 7.51203 5
      vertex 76.271 7.51203 41
    endloop
  endfacet
  facet normal 0.992478 0.122419 0
    outer loop
      vertex -75.8105 -11.2454 41
      vertex -76.271 -7.51203 5
      vertex -76.271 -7.51203 41
    endloop
  endfacet
  facet normal 0.992478 0.122419 0
    outer loop
      vertex -76.271 -7.51203 5
      vertex -75.8105 -11.2454 41
      vertex -75.8105 -11.2454 5
    endloop
  endfacet
  facet normal 0.999699 -0.0245369 0
    outer loop
      vertex -76.64 0 41
      vertex -76.5477 3.76055 5
      vertex -76.5477 3.76055 41
    endloop
  endfacet
  facet normal 0.999699 -0.0245369 0
    outer loop
      vertex -76.5477 3.76055 5
      vertex -76.64 0 41
      vertex -76.64 0 5
    endloop
  endfacet
  facet normal 0.932996 0.359886 0
    outer loop
      vertex -70.8061 -29.3289 41
      vertex -72.1599 -25.8192 5
      vertex -72.1599 -25.8192 41
    endloop
  endfacet
  facet normal 0.932996 0.359886 0
    outer loop
      vertex -72.1599 -25.8192 5
      vertex -70.8061 -29.3289 41
      vertex -70.8061 -29.3289 5
    endloop
  endfacet
  facet normal -0.653166 0.757215 0
    outer loop
      vertex 51.4683 -56.7865 5
      vertex 48.6199 -59.2435 41
      vertex 51.4683 -56.7865 41
    endloop
  endfacet
  facet normal -0.653166 0.757215 0
    outer loop
      vertex 48.6199 -59.2435 41
      vertex 51.4683 -56.7865 5
      vertex 48.6199 -59.2435 5
    endloop
  endfacet
  facet normal 0.534996 0.844855 -0
    outer loop
      vertex -39.4008 -65.7363 5
      vertex -42.5789 -63.7238 41
      vertex -39.4008 -65.7363 41
    endloop
  endfacet
  facet normal 0.534996 0.844855 0
    outer loop
      vertex -42.5789 -63.7238 41
      vertex -39.4008 -65.7363 5
      vertex -42.5789 -63.7238 5
    endloop
  endfacet
  facet normal -0.359886 0.932996 0
    outer loop
      vertex 29.3289 -70.8061 5
      vertex 25.8192 -72.1599 41
      vertex 29.3289 -70.8061 41
    endloop
  endfacet
  facet normal -0.359886 0.932996 0
    outer loop
      vertex 25.8192 -72.1599 41
      vertex 29.3289 -70.8061 5
      vertex 25.8192 -72.1599 5
    endloop
  endfacet
  facet normal -0.122419 -0.992478 0
    outer loop
      vertex 7.51203 76.271 5
      vertex 11.2454 75.8105 41
      vertex 7.51203 76.271 41
    endloop
  endfacet
  facet normal -0.122419 -0.992478 -0
    outer loop
      vertex 11.2454 75.8105 41
      vertex 7.51203 76.271 5
      vertex 11.2454 75.8105 5
    endloop
  endfacet
  facet normal -0.0735577 0.997291 0
    outer loop
      vertex 7.51203 -76.271 5
      vertex 3.76055 -76.5477 41
      vertex 7.51203 -76.271 41
    endloop
  endfacet
  facet normal -0.0735577 0.997291 0
    outer loop
      vertex 3.76055 -76.5477 41
      vertex 7.51203 -76.271 5
      vertex 3.76055 -76.5477 5
    endloop
  endfacet
  facet normal 0.313691 -0.949525 0
    outer loop
      vertex -25.8192 72.1599 5
      vertex -22.2474 73.3399 41
      vertex -25.8192 72.1599 41
    endloop
  endfacet
  facet normal 0.313691 -0.949525 0
    outer loop
      vertex -22.2474 73.3399 41
      vertex -25.8192 72.1599 5
      vertex -22.2474 73.3399 5
    endloop
  endfacet
  facet normal 0.757215 0.653166 0
    outer loop
      vertex -56.7865 -51.4683 41
      vertex -59.2435 -48.6199 5
      vertex -59.2435 -48.6199 41
    endloop
  endfacet
  facet normal 0.757215 0.653166 0
    outer loop
      vertex -59.2435 -48.6199 5
      vertex -56.7865 -51.4683 41
      vertex -56.7865 -51.4683 5
    endloop
  endfacet
  facet normal 0.40525 -0.914206 0
    outer loop
      vertex -32.7678 69.2817 5
      vertex -29.3289 70.8061 41
      vertex -32.7678 69.2817 41
    endloop
  endfacet
  facet normal 0.40525 -0.914206 0
    outer loop
      vertex -29.3289 70.8061 41
      vertex -32.7678 69.2817 5
      vertex -29.3289 70.8061 5
    endloop
  endfacet
  facet normal 0.266717 -0.963775 0
    outer loop
      vertex -22.2474 73.3399 5
      vertex -18.622 74.3432 41
      vertex -22.2474 73.3399 41
    endloop
  endfacet
  facet normal 0.266717 -0.963775 0
    outer loop
      vertex -18.622 74.3432 41
      vertex -22.2474 73.3399 5
      vertex -18.622 74.3432 5
    endloop
  endfacet
  facet normal -0.170961 -0.985278 0
    outer loop
      vertex 11.2454 75.8105 5
      vertex 14.9517 75.1674 41
      vertex 11.2454 75.8105 41
    endloop
  endfacet
  facet normal -0.170961 -0.985278 -0
    outer loop
      vertex 14.9517 75.1674 41
      vertex 11.2454 75.8105 5
      vertex 14.9517 75.1674 5
    endloop
  endfacet
  facet normal -0.788346 -0.615232 0
    outer loop
      vertex 61.5578 45.6544 5
      vertex 59.2435 48.6199 41
      vertex 59.2435 48.6199 5
    endloop
  endfacet
  facet normal -0.788346 -0.615232 0
    outer loop
      vertex 59.2435 48.6199 41
      vertex 61.5578 45.6544 5
      vertex 61.5578 45.6544 41
    endloop
  endfacet
  facet normal -0.40525 -0.914206 0
    outer loop
      vertex 29.3289 70.8061 5
      vertex 32.7678 69.2817 41
      vertex 29.3289 70.8061 41
    endloop
  endfacet
  facet normal -0.40525 -0.914206 -0
    outer loop
      vertex 32.7678 69.2817 41
      vertex 29.3289 70.8061 5
      vertex 32.7678 69.2817 5
    endloop
  endfacet
  facet normal 0.963775 -0.266717 0
    outer loop
      vertex -74.3432 18.622 41
      vertex -73.3399 22.2474 5
      vertex -73.3399 22.2474 41
    endloop
  endfacet
  facet normal 0.963775 -0.266717 0
    outer loop
      vertex -73.3399 22.2474 5
      vertex -74.3432 18.622 41
      vertex -74.3432 18.622 5
    endloop
  endfacet
  facet normal 0.975702 0.219103 0
    outer loop
      vertex -74.3432 -18.622 41
      vertex -75.1674 -14.9517 5
      vertex -75.1674 -14.9517 41
    endloop
  endfacet
  facet normal 0.975702 0.219103 0
    outer loop
      vertex -75.1674 -14.9517 5
      vertex -74.3432 -18.622 41
      vertex -74.3432 -18.622 5
    endloop
  endfacet
  facet normal 0.492892 -0.870091 0
    outer loop
      vertex -39.4008 65.7363 5
      vertex -36.1278 67.5904 41
      vertex -39.4008 65.7363 41
    endloop
  endfacet
  facet normal 0.492892 -0.870091 0
    outer loop
      vertex -36.1278 67.5904 41
      vertex -39.4008 65.7363 5
      vertex -36.1278 67.5904 5
    endloop
  endfacet
  facet normal -0.122419 0.992478 0
    outer loop
      vertex 11.2454 -75.8105 5
      vertex 7.51203 -76.271 41
      vertex 11.2454 -75.8105 41
    endloop
  endfacet
  facet normal -0.122419 0.992478 0
    outer loop
      vertex 7.51203 -76.271 41
      vertex 11.2454 -75.8105 5
      vertex 7.51203 -76.271 5
    endloop
  endfacet
  facet normal -0.653166 -0.757215 0
    outer loop
      vertex 48.6199 59.2435 5
      vertex 51.4683 56.7865 41
      vertex 48.6199 59.2435 41
    endloop
  endfacet
  facet normal -0.653166 -0.757215 -0
    outer loop
      vertex 51.4683 56.7865 41
      vertex 48.6199 59.2435 5
      vertex 51.4683 56.7865 5
    endloop
  endfacet
  facet normal -0.893222 -0.449615 0
    outer loop
      vertex 69.2817 32.7678 5
      vertex 67.5904 36.1278 41
      vertex 67.5904 36.1278 5
    endloop
  endfacet
  facet normal -0.893222 -0.449615 0
    outer loop
      vertex 67.5904 36.1278 41
      vertex 69.2817 32.7678 5
      vertex 69.2817 32.7678 41
    endloop
  endfacet
  facet normal 0.266717 0.963775 -0
    outer loop
      vertex -18.622 -74.3432 5
      vertex -22.2474 -73.3399 41
      vertex -18.622 -74.3432 41
    endloop
  endfacet
  facet normal 0.266717 0.963775 0
    outer loop
      vertex -22.2474 -73.3399 41
      vertex -18.622 -74.3432 5
      vertex -22.2474 -73.3399 5
    endloop
  endfacet
  facet normal -0.313691 0.949525 0
    outer loop
      vertex 25.8192 -72.1599 5
      vertex 22.2474 -73.3399 41
      vertex 25.8192 -72.1599 41
    endloop
  endfacet
  facet normal -0.313691 0.949525 0
    outer loop
      vertex 22.2474 -73.3399 41
      vertex 25.8192 -72.1599 5
      vertex 22.2474 -73.3399 5
    endloop
  endfacet
  facet normal 0.615232 -0.788346 0
    outer loop
      vertex -48.6199 59.2435 5
      vertex -45.6544 61.5578 41
      vertex -48.6199 59.2435 41
    endloop
  endfacet
  facet normal 0.615232 -0.788346 0
    outer loop
      vertex -45.6544 61.5578 41
      vertex -48.6199 59.2435 5
      vertex -45.6544 61.5578 5
    endloop
  endfacet
  facet normal -0.985278 0.170961 0
    outer loop
      vertex 75.1674 -14.9517 5
      vertex 75.8105 -11.2454 41
      vertex 75.8105 -11.2454 5
    endloop
  endfacet
  facet normal -0.985278 0.170961 0
    outer loop
      vertex 75.8105 -11.2454 41
      vertex 75.1674 -14.9517 5
      vertex 75.1674 -14.9517 41
    endloop
  endfacet
  facet normal -0.932996 0.359886 0
    outer loop
      vertex 70.8061 -29.3289 5
      vertex 72.1599 -25.8192 41
      vertex 72.1599 -25.8192 5
    endloop
  endfacet
  facet normal -0.932996 0.359886 0
    outer loop
      vertex 72.1599 -25.8192 41
      vertex 70.8061 -29.3289 5
      vertex 70.8061 -29.3289 41
    endloop
  endfacet
  facet normal -0.817586 -0.575806 0
    outer loop
      vertex 63.7238 42.5789 5
      vertex 61.5578 45.6544 41
      vertex 61.5578 45.6544 5
    endloop
  endfacet
  facet normal -0.817586 -0.575806 0
    outer loop
      vertex 61.5578 45.6544 41
      vertex 63.7238 42.5789 5
      vertex 63.7238 42.5789 41
    endloop
  endfacet
  facet normal 0.893222 0.449615 0
    outer loop
      vertex -67.5904 -36.1278 41
      vertex -69.2817 -32.7678 5
      vertex -69.2817 -32.7678 41
    endloop
  endfacet
  facet normal 0.893222 0.449615 0
    outer loop
      vertex -69.2817 -32.7678 5
      vertex -67.5904 -36.1278 41
      vertex -67.5904 -36.1278 5
    endloop
  endfacet
  facet normal 0 0 1
    outer loop
      vertex 30 0 5
      vertex 76.64 0 5
      vertex 76.5477 3.76055 5
    endloop
  endfacet
  facet normal 0 0 1
    outer loop
      vertex 29.9639 1.47203 5
      vertex 76.5477 3.76055 5
      vertex 76.271 7.51203 5
    endloop
  endfacet
  facet normal 0 0 1
    outer loop
      vertex 76.64 0 5
      vertex 30 0 5
      vertex 76.5477 -3.76055 5
    endloop
  endfacet
  facet normal 0 0 1
    outer loop
      vertex 29.8555 2.94051 5
      vertex 76.271 7.51203 5
      vertex 75.8105 11.2454 5
    endloop
  endfacet
  facet normal -0 0 1
    outer loop
      vertex 29.9639 -1.47203 5
      vertex 76.5477 -3.76055 5
      vertex 30 0 5
    endloop
  endfacet
  facet normal 0 0 1
    outer loop
      vertex 29.6753 4.40191 5
      vertex 75.8105 11.2454 5
      vertex 75.1674 14.9517 5
    endloop
  endfacet
  facet normal 0 0 1
    outer loop
      vertex 76.5477 -3.76055 5
      vertex 29.9639 -1.47203 5
      vertex 76.271 -7.51203 5
    endloop
  endfacet
  facet normal 0 0 1
    outer loop
      vertex 29.4236 5.85271 5
      vertex 75.1674 14.9517 5
      vertex 74.3432 18.622 5
    endloop
  endfacet
  facet normal -0 0 1
    outer loop
      vertex 29.8555 -2.94051 5
      vertex 76.271 -7.51203 5
      vertex 29.9639 -1.47203 5
    endloop
  endfacet
  facet normal 0 0 1
    outer loop
      vertex 29.1009 7.2894 5
      vertex 74.3432 18.622 5
      vertex 73.3399 22.2474 5
    endloop
  endfacet
  facet normal 0 0 1
    outer loop
      vertex 76.271 -7.51203 5
      vertex 29.8555 -2.94051 5
      vertex 75.8105 -11.2454 5
    endloop
  endfacet
  facet normal 0 0 1
    outer loop
      vertex 28.7082 8.70854 5
      vertex 73.3399 22.2474 5
      vertex 72.1599 25.8192 5
    endloop
  endfacet
  facet normal -0 0 1
    outer loop
      vertex 29.6753 -4.40191 5
      vertex 75.8105 -11.2454 5
      vertex 29.8555 -2.94051 5
    endloop
  endfacet
  facet normal 0 0 1
    outer loop
      vertex 28.2463 10.1067 5
      vertex 72.1599 25.8192 5
      vertex 70.8061 29.3289 5
    endloop
  endfacet
  facet normal 0 0 1
    outer loop
      vertex 75.8105 -11.2454 5
      vertex 29.6753 -4.40191 5
      vertex 75.1674 -14.9517 5
    endloop
  endfacet
  facet normal 0 0 1
    outer loop
      vertex 27.7164 11.4805 5
      vertex 70.8061 29.3289 5
      vertex 69.2817 32.7678 5
    endloop
  endfacet
  facet normal -0 0 1
    outer loop
      vertex 29.4236 -5.85271 5
      vertex 75.1674 -14.9517 5
      vertex 29.6753 -4.40191 5
    endloop
  endfacet
  facet normal 0 0 1
    outer loop
      vertex 27.1197 12.8267 5
      vertex 69.2817 32.7678 5
      vertex 67.5904 36.1278 5
    endloop
  endfacet
  facet normal 0 0 1
    outer loop
      vertex 75.1674 -14.9517 5
      vertex 29.4236 -5.85271 5
      vertex 74.3432 -18.622 5
    endloop
  endfacet
  facet normal 0 0 1
    outer loop
      vertex 26.4576 14.1419 5
      vertex 67.5904 36.1278 5
      vertex 65.7363 39.4008 5
    endloop
  endfacet
  facet normal -0 0 1
    outer loop
      vertex 29.1009 -7.2894 5
      vertex 74.3432 -18.622 5
      vertex 29.4236 -5.85271 5
    endloop
  endfacet
  facet normal 0 0 1
    outer loop
      vertex 25.7319 15.4231 5
      vertex 65.7363 39.4008 5
      vertex 63.7238 42.5789 5
    endloop
  endfacet
  facet normal 0 0 1
    outer loop
      vertex 74.3432 -18.622 5
      vertex 29.1009 -7.2894 5
      vertex 73.3399 -22.2474 5
    endloop
  endfacet
  facet normal 0 0 1
    outer loop
      vertex 24.9441 16.6671 5
      vertex 63.7238 42.5789 5
      vertex 61.5578 45.6544 5
    endloop
  endfacet
  facet normal -0 0 1
    outer loop
      vertex 28.7082 -8.70854 5
      vertex 73.3399 -22.2474 5
      vertex 29.1009 -7.2894 5
    endloop
  endfacet
  facet normal 0 0 1
    outer loop
      vertex 24.0962 17.871 5
      vertex 61.5578 45.6544 5
      vertex 59.2435 48.6199 5
    endloop
  endfacet
  facet normal 0 0 1
    outer loop
      vertex 73.3399 -22.2474 5
      vertex 28.7082 -8.70854 5
      vertex 72.1599 -25.8192 5
    endloop
  endfacet
  facet normal 0 0 1
    outer loop
      vertex 23.1903 19.0318 5
      vertex 59.2435 48.6199 5
      vertex 56.7865 51.4683 5
    endloop
  endfacet
  facet normal -0 0 1
    outer loop
      vertex 28.2463 -10.1067 5
      vertex 72.1599 -25.8192 5
      vertex 28.7082 -8.70854 5
    endloop
  endfacet
  facet normal 0 0 1
    outer loop
      vertex 22.2285 20.1468 5
      vertex 56.7865 51.4683 5
      vertex 54.1927 54.1927 5
    endloop
  endfacet
  facet normal 0 0 1
    outer loop
      vertex 72.1599 -25.8192 5
      vertex 28.2463 -10.1067 5
      vertex 70.8061 -29.3289 5
    endloop
  endfacet
  facet normal 0 0 1
    outer loop
      vertex 21.2132 21.2132 5
      vertex 54.1927 54.1927 5
      vertex 51.4683 56.7865 5
    endloop
  endfacet
  facet normal -0 0 1
    outer loop
      vertex 27.7164 -11.4805 5
      vertex 70.8061 -29.3289 5
      vertex 28.2463 -10.1067 5
    endloop
  endfacet
  facet normal 0 0 1
    outer loop
      vertex 20.1468 22.2285 5
      vertex 51.4683 56.7865 5
      vertex 48.6199 59.2435 5
    endloop
  endfacet
  facet normal 0 0 1
    outer loop
      vertex 70.8061 -29.3289 5
      vertex 27.7164 -11.4805 5
      vertex 69.2817 -32.7678 5
    endloop
  endfacet
  facet normal 0 0 1
    outer loop
      vertex 19.0318 23.1903 5
      vertex 48.6199 59.2435 5
      vertex 45.6544 61.5578 5
    endloop
  endfacet
  facet normal -0 0 1
    outer loop
      vertex 27.1197 -12.8267 5
      vertex 69.2817 -32.7678 5
      vertex 27.7164 -11.4805 5
    endloop
  endfacet
  facet normal 0 0 1
    outer loop
      vertex 17.871 24.0962 5
      vertex 45.6544 61.5578 5
      vertex 42.5789 63.7238 5
    endloop
  endfacet
  facet normal 0 0 1
    outer loop
      vertex 69.2817 -32.7678 5
      vertex 27.1197 -12.8267 5
      vertex 67.5904 -36.1278 5
    endloop
  endfacet
  facet normal 0 0 1
    outer loop
      vertex 16.6671 24.9441 5
      vertex 42.5789 63.7238 5
      vertex 39.4008 65.7363 5
    endloop
  endfacet
  facet normal -0 0 1
    outer loop
      vertex 26.4576 -14.1419 5
      vertex 67.5904 -36.1278 5
      vertex 27.1197 -12.8267 5
    endloop
  endfacet
  facet normal 0 0 1
    outer loop
      vertex 15.4231 25.7319 5
      vertex 39.4008 65.7363 5
      vertex 36.1278 67.5904 5
    endloop
  endfacet
  facet normal 0 0 1
    outer loop
      vertex 67.5904 -36.1278 5
      vertex 26.4576 -14.1419 5
      vertex 65.7363 -39.4008 5
    endloop
  endfacet
  facet normal 0 0 1
    outer loop
      vertex 14.1419 26.4576 5
      vertex 36.1278 67.5904 5
      vertex 32.7678 69.2817 5
    endloop
  endfacet
  facet normal -0 0 1
    outer loop
      vertex 25.7319 -15.4231 5
      vertex 65.7363 -39.4008 5
      vertex 26.4576 -14.1419 5
    endloop
  endfacet
  facet normal 0 0 1
    outer loop
      vertex 65.7363 -39.4008 5
      vertex 25.7319 -15.4231 5
      vertex 63.7238 -42.5789 5
    endloop
  endfacet
  facet normal 0 0 1
    outer loop
      vertex 76.5477 3.76055 5
      vertex 29.9639 1.47203 5
      vertex 30 0 5
    endloop
  endfacet
  facet normal 0 0 1
    outer loop
      vertex 76.271 7.51203 5
      vertex 29.8555 2.94051 5
      vertex 29.9639 1.47203 5
    endloop
  endfacet
  facet normal 0 0 1
    outer loop
      vertex 75.8105 11.2454 5
      vertex 29.6753 4.40191 5
      vertex 29.8555 2.94051 5
    endloop
  endfacet
  facet normal 0 0 1
    outer loop
      vertex 75.1674 14.9517 5
      vertex 29.4236 5.85271 5
      vertex 29.6753 4.40191 5
    endloop
  endfacet
  facet normal 0 0 1
    outer loop
      vertex 12.8267 27.1197 5
      vertex 32.7678 69.2817 5
      vertex 29.3289 70.8061 5
    endloop
  endfacet
  facet normal 0 0 1
    outer loop
      vertex 74.3432 18.622 5
      vertex 29.1009 7.2894 5
      vertex 29.4236 5.85271 5
    endloop
  endfacet
  facet normal 0 0 1
    outer loop
      vertex 73.3399 22.2474 5
      vertex 28.7082 8.70854 5
      vertex 29.1009 7.2894 5
    endloop
  endfacet
  facet normal 0 0 1
    outer loop
      vertex 72.1599 25.8192 5
      vertex 28.2463 10.1067 5
      vertex 28.7082 8.70854 5
    endloop
  endfacet
  facet normal 0 0 1
    outer loop
      vertex 70.8061 29.3289 5
      vertex 27.7164 11.4805 5
      vertex 28.2463 10.1067 5
    endloop
  endfacet
  facet normal 0 0 1
    outer loop
      vertex 69.2817 32.7678 5
      vertex 27.1197 12.8267 5
      vertex 27.7164 11.4805 5
    endloop
  endfacet
  facet normal 0 0 1
    outer loop
      vertex 67.5904 36.1278 5
      vertex 26.4576 14.1419 5
      vertex 27.1197 12.8267 5
    endloop
  endfacet
  facet normal 0 0 1
    outer loop
      vertex 11.4805 27.7164 5
      vertex 29.3289 70.8061 5
      vertex 25.8192 72.1599 5
    endloop
  endfacet
  facet normal 0 0 1
    outer loop
      vertex 65.7363 39.4008 5
      vertex 25.7319 15.4231 5
      vertex 26.4576 14.1419 5
    endloop
  endfacet
  facet normal 0 0 1
    outer loop
      vertex 63.7238 42.5789 5
      vertex 24.9441 16.6671 5
      vertex 25.7319 15.4231 5
    endloop
  endfacet
  facet normal 0 0 1
    outer loop
      vertex 61.5578 45.6544 5
      vertex 24.0962 17.871 5
      vertex 24.9441 16.6671 5
    endloop
  endfacet
  facet normal 0 0 1
    outer loop
      vertex 59.2435 48.6199 5
      vertex 23.1903 19.0318 5
      vertex 24.0962 17.871 5
    endloop
  endfacet
  facet normal 0 0 1
    outer loop
      vertex 10.1067 28.2463 5
      vertex 25.8192 72.1599 5
      vertex 22.2474 73.3399 5
    endloop
  endfacet
  facet normal 0 0 1
    outer loop
      vertex 56.7865 51.4683 5
      vertex 22.2285 20.1468 5
      vertex 23.1903 19.0318 5
    endloop
  endfacet
  facet normal 0 0 1
    outer loop
      vertex 54.1927 54.1927 5
      vertex 21.2132 21.2132 5
      vertex 22.2285 20.1468 5
    endloop
  endfacet
  facet normal 0 0 1
    outer loop
      vertex 51.4683 56.7865 5
      vertex 20.1468 22.2285 5
      vertex 21.2132 21.2132 5
    endloop
  endfacet
  facet normal 0 0 1
    outer loop
      vertex 48.6199 59.2435 5
      vertex 19.0318 23.1903 5
      vertex 20.1468 22.2285 5
    endloop
  endfacet
  facet normal 0 0 1
    outer loop
      vertex 8.70854 28.7082 5
      vertex 22.2474 73.3399 5
      vertex 18.622 74.3432 5
    endloop
  endfacet
  facet normal 0 0 1
    outer loop
      vertex 45.6544 61.5578 5
      vertex 17.871 24.0962 5
      vertex 19.0318 23.1903 5
    endloop
  endfacet
  facet normal 0 0 1
    outer loop
      vertex 42.5789 63.7238 5
      vertex 16.6671 24.9441 5
      vertex 17.871 24.0962 5
    endloop
  endfacet
  facet normal 0 0 1
    outer loop
      vertex 39.4008 65.7363 5
      vertex 15.4231 25.7319 5
      vertex 16.6671 24.9441 5
    endloop
  endfacet
  facet normal 0 0 1
    outer loop
      vertex 7.2894 29.1009 5
      vertex 18.622 74.3432 5
      vertex 14.9517 75.1674 5
    endloop
  endfacet
  facet normal 0 0 1
    outer loop
      vertex 36.1278 67.5904 5
      vertex 14.1419 26.4576 5
      vertex 15.4231 25.7319 5
    endloop
  endfacet
  facet normal 0 0 1
    outer loop
      vertex 32.7678 69.2817 5
      vertex 12.8267 27.1197 5
      vertex 14.1419 26.4576 5
    endloop
  endfacet
  facet normal 0 0 1
    outer loop
      vertex 29.3289 70.8061 5
      vertex 11.4805 27.7164 5
      vertex 12.8267 27.1197 5
    endloop
  endfacet
  facet normal 0 0 1
    outer loop
      vertex 5.85271 29.4236 5
      vertex 14.9517 75.1674 5
      vertex 11.2454 75.8105 5
    endloop
  endfacet
  facet normal 0 0 1
    outer loop
      vertex 25.8192 72.1599 5
      vertex 10.1067 28.2463 5
      vertex 11.4805 27.7164 5
    endloop
  endfacet
  facet normal 0 0 1
    outer loop
      vertex 22.2474 73.3399 5
      vertex 8.70854 28.7082 5
      vertex 10.1067 28.2463 5
    endloop
  endfacet
  facet normal 0 0 1
    outer loop
      vertex 4.40191 29.6753 5
      vertex 11.2454 75.8105 5
      vertex 7.51203 76.271 5
    endloop
  endfacet
  facet normal 0 0 1
    outer loop
      vertex 18.622 74.3432 5
      vertex 7.2894 29.1009 5
      vertex 8.70854 28.7082 5
    endloop
  endfacet
  facet normal 0 0 1
    outer loop
      vertex 14.9517 75.1674 5
      vertex 5.85271 29.4236 5
      vertex 7.2894 29.1009 5
    endloop
  endfacet
  facet normal 0 0 1
    outer loop
      vertex 11.2454 75.8105 5
      vertex 4.40191 29.6753 5
      vertex 5.85271 29.4236 5
    endloop
  endfacet
  facet normal 0 0 1
    outer loop
      vertex 2.94051 29.8555 5
      vertex 7.51203 76.271 5
      vertex 3.76055 76.5477 5
    endloop
  endfacet
  facet normal 0 0 1
    outer loop
      vertex 7.51203 76.271 5
      vertex 2.94051 29.8555 5
      vertex 4.40191 29.6753 5
    endloop
  endfacet
  facet normal 0 0 1
    outer loop
      vertex 3.76055 76.5477 5
      vertex 1.47203 29.9639 5
      vertex 2.94051 29.8555 5
    endloop
  endfacet
  facet normal 0 0 1
    outer loop
      vertex 0 76.64 5
      vertex 1.47203 29.9639 5
      vertex 3.76055 76.5477 5
    endloop
  endfacet
  facet normal 0 0 1
    outer loop
      vertex 0 76.64 5
      vertex 0 30 5
      vertex 1.47203 29.9639 5
    endloop
  endfacet
  facet normal 0 0 1
    outer loop
      vertex 0 76.64 5
      vertex -1.47203 29.9639 5
      vertex 0 30 5
    endloop
  endfacet
  facet normal -0 0 1
    outer loop
      vertex -3.76055 76.5477 5
      vertex -1.47203 29.9639 5
      vertex 0 76.64 5
    endloop
  endfacet
  facet normal 0 0 1
    outer loop
      vertex -1.47203 29.9639 5
      vertex -3.76055 76.5477 5
      vertex -2.94051 29.8555 5
    endloop
  endfacet
  facet normal -0 0 1
    outer loop
      vertex -7.51203 76.271 5
      vertex -2.94051 29.8555 5
      vertex -3.76055 76.5477 5
    endloop
  endfacet
  facet normal 0 0 1
    outer loop
      vertex -2.94051 29.8555 5
      vertex -7.51203 76.271 5
      vertex -4.40191 29.6753 5
    endloop
  endfacet
  facet normal -0 0 1
    outer loop
      vertex -11.2454 75.8105 5
      vertex -4.40191 29.6753 5
      vertex -7.51203 76.271 5
    endloop
  endfacet
  facet normal 0 0 1
    outer loop
      vertex -4.40191 29.6753 5
      vertex -11.2454 75.8105 5
      vertex -5.85271 29.4236 5
    endloop
  endfacet
  facet normal -0 0 1
    outer loop
      vertex -14.9517 75.1674 5
      vertex -5.85271 29.4236 5
      vertex -11.2454 75.8105 5
    endloop
  endfacet
  facet normal 0 0 1
    outer loop
      vertex -5.85271 29.4236 5
      vertex -14.9517 75.1674 5
      vertex -7.2894 29.1009 5
    endloop
  endfacet
  facet normal -0 0 1
    outer loop
      vertex -18.622 74.3432 5
      vertex -7.2894 29.1009 5
      vertex -14.9517 75.1674 5
    endloop
  endfacet
  facet normal 0 0 1
    outer loop
      vertex -7.2894 29.1009 5
      vertex -18.622 74.3432 5
      vertex -8.70854 28.7082 5
    endloop
  endfacet
  facet normal -0 0 1
    outer loop
      vertex -22.2474 73.3399 5
      vertex -8.70854 28.7082 5
      vertex -18.622 74.3432 5
    endloop
  endfacet
  facet normal 0 0 1
    outer loop
      vertex -8.70854 28.7082 5
      vertex -22.2474 73.3399 5
      vertex -10.1067 28.2463 5
    endloop
  endfacet
  facet normal -0 0 1
    outer loop
      vertex -25.8192 72.1599 5
      vertex -10.1067 28.2463 5
      vertex -22.2474 73.3399 5
    endloop
  endfacet
  facet normal 0 0 1
    outer loop
      vertex -10.1067 28.2463 5
      vertex -25.8192 72.1599 5
      vertex -11.4805 27.7164 5
    endloop
  endfacet
  facet normal -0 0 1
    outer loop
      vertex -29.3289 70.8061 5
      vertex -11.4805 27.7164 5
      vertex -25.8192 72.1599 5
    endloop
  endfacet
  facet normal 0 0 1
    outer loop
      vertex -11.4805 27.7164 5
      vertex -29.3289 70.8061 5
      vertex -12.8267 27.1197 5
    endloop
  endfacet
  facet normal -0 0 1
    outer loop
      vertex -32.7678 69.2817 5
      vertex -12.8267 27.1197 5
      vertex -29.3289 70.8061 5
    endloop
  endfacet
  facet normal 0 0 1
    outer loop
      vertex -12.8267 27.1197 5
      vertex -32.7678 69.2817 5
      vertex -14.1419 26.4576 5
    endloop
  endfacet
  facet normal -0 0 1
    outer loop
      vertex -36.1278 67.5904 5
      vertex -14.1419 26.4576 5
      vertex -32.7678 69.2817 5
    endloop
  endfacet
  facet normal 0 0 1
    outer loop
      vertex -14.1419 26.4576 5
      vertex -36.1278 67.5904 5
      vertex -15.4231 25.7319 5
    endloop
  endfacet
  facet normal -0 0 1
    outer loop
      vertex -39.4008 65.7363 5
      vertex -15.4231 25.7319 5
      vertex -36.1278 67.5904 5
    endloop
  endfacet
  facet normal 0 0 1
    outer loop
      vertex -15.4231 25.7319 5
      vertex -39.4008 65.7363 5
      vertex -16.6671 24.9441 5
    endloop
  endfacet
  facet normal -0 0 1
    outer loop
      vertex -42.5789 63.7238 5
      vertex -16.6671 24.9441 5
      vertex -39.4008 65.7363 5
    endloop
  endfacet
  facet normal 0 0 1
    outer loop
      vertex -16.6671 24.9441 5
      vertex -42.5789 63.7238 5
      vertex -17.871 24.0962 5
    endloop
  endfacet
  facet normal -0 0 1
    outer loop
      vertex -45.6544 61.5578 5
      vertex -17.871 24.0962 5
      vertex -42.5789 63.7238 5
    endloop
  endfacet
  facet normal 0 0 1
    outer loop
      vertex -17.871 24.0962 5
      vertex -45.6544 61.5578 5
      vertex -19.0318 23.1903 5
    endloop
  endfacet
  facet normal -0 0 1
    outer loop
      vertex -48.6199 59.2435 5
      vertex -19.0318 23.1903 5
      vertex -45.6544 61.5578 5
    endloop
  endfacet
  facet normal 0 0 1
    outer loop
      vertex -19.0318 23.1903 5
      vertex -48.6199 59.2435 5
      vertex -20.1468 22.2285 5
    endloop
  endfacet
  facet normal -0 0 1
    outer loop
      vertex -51.4683 56.7865 5
      vertex -20.1468 22.2285 5
      vertex -48.6199 59.2435 5
    endloop
  endfacet
  facet normal 0 0 1
    outer loop
      vertex -20.1468 22.2285 5
      vertex -51.4683 56.7865 5
      vertex -21.2132 21.2132 5
    endloop
  endfacet
  facet normal -0 0 1
    outer loop
      vertex -54.1927 54.1927 5
      vertex -21.2132 21.2132 5
      vertex -51.4683 56.7865 5
    endloop
  endfacet
  facet normal 0 0 1
    outer loop
      vertex -21.2132 21.2132 5
      vertex -54.1927 54.1927 5
      vertex -22.2285 20.1468 5
    endloop
  endfacet
  facet normal -0 0 1
    outer loop
      vertex -56.7865 51.4683 5
      vertex -22.2285 20.1468 5
      vertex -54.1927 54.1927 5
    endloop
  endfacet
  facet normal 0 0 1
    outer loop
      vertex -22.2285 20.1468 5
      vertex -56.7865 51.4683 5
      vertex -23.1903 19.0318 5
    endloop
  endfacet
  facet normal -0 0 1
    outer loop
      vertex -59.2435 48.6199 5
      vertex -23.1903 19.0318 5
      vertex -56.7865 51.4683 5
    endloop
  endfacet
  facet normal 0 0 1
    outer loop
      vertex -23.1903 19.0318 5
      vertex -59.2435 48.6199 5
      vertex -24.0962 17.871 5
    endloop
  endfacet
  facet normal -0 0 1
    outer loop
      vertex -61.5578 45.6544 5
      vertex -24.0962 17.871 5
      vertex -59.2435 48.6199 5
    endloop
  endfacet
  facet normal 0 0 1
    outer loop
      vertex -24.0962 17.871 5
      vertex -61.5578 45.6544 5
      vertex -24.9441 16.6671 5
    endloop
  endfacet
  facet normal -0 0 1
    outer loop
      vertex -63.7238 42.5789 5
      vertex -24.9441 16.6671 5
      vertex -61.5578 45.6544 5
    endloop
  endfacet
  facet normal 0 0 1
    outer loop
      vertex -24.9441 16.6671 5
      vertex -63.7238 42.5789 5
      vertex -25.7319 15.4231 5
    endloop
  endfacet
  facet normal -0 0 1
    outer loop
      vertex 24.9441 -16.6671 5
      vertex 63.7238 -42.5789 5
      vertex 25.7319 -15.4231 5
    endloop
  endfacet
  facet normal 0 0 1
    outer loop
      vertex 63.7238 -42.5789 5
      vertex 24.9441 -16.6671 5
      vertex 61.5578 -45.6544 5
    endloop
  endfacet
  facet normal -0 0 1
    outer loop
      vertex 24.0962 -17.871 5
      vertex 61.5578 -45.6544 5
      vertex 24.9441 -16.6671 5
    endloop
  endfacet
  facet normal 0 0 1
    outer loop
      vertex 61.5578 -45.6544 5
      vertex 24.0962 -17.871 5
      vertex 59.2435 -48.6199 5
    endloop
  endfacet
  facet normal -0 0 1
    outer loop
      vertex 23.1903 -19.0318 5
      vertex 59.2435 -48.6199 5
      vertex 24.0962 -17.871 5
    endloop
  endfacet
  facet normal 0 0 1
    outer loop
      vertex 59.2435 -48.6199 5
      vertex 23.1903 -19.0318 5
      vertex 56.7865 -51.4683 5
    endloop
  endfacet
  facet normal -0 0 1
    outer loop
      vertex 22.2285 -20.1468 5
      vertex 56.7865 -51.4683 5
      vertex 23.1903 -19.0318 5
    endloop
  endfacet
  facet normal 0 0 1
    outer loop
      vertex 56.7865 -51.4683 5
      vertex 22.2285 -20.1468 5
      vertex 54.1927 -54.1927 5
    endloop
  endfacet
  facet normal -0 0 1
    outer loop
      vertex 21.2132 -21.2132 5
      vertex 54.1927 -54.1927 5
      vertex 22.2285 -20.1468 5
    endloop
  endfacet
  facet normal 0 0 1
    outer loop
      vertex 54.1927 -54.1927 5
      vertex 21.2132 -21.2132 5
      vertex 51.4683 -56.7865 5
    endloop
  endfacet
  facet normal -0 0 1
    outer loop
      vertex 20.1468 -22.2285 5
      vertex 51.4683 -56.7865 5
      vertex 21.2132 -21.2132 5
    endloop
  endfacet
  facet normal 0 0 1
    outer loop
      vertex 51.4683 -56.7865 5
      vertex 20.1468 -22.2285 5
      vertex 48.6199 -59.2435 5
    endloop
  endfacet
  facet normal -0 0 1
    outer loop
      vertex 19.0318 -23.1903 5
      vertex 48.6199 -59.2435 5
      vertex 20.1468 -22.2285 5
    endloop
  endfacet
  facet normal 0 0 1
    outer loop
      vertex 48.6199 -59.2435 5
      vertex 19.0318 -23.1903 5
      vertex 45.6544 -61.5578 5
    endloop
  endfacet
  facet normal -0 0 1
    outer loop
      vertex 17.871 -24.0962 5
      vertex 45.6544 -61.5578 5
      vertex 19.0318 -23.1903 5
    endloop
  endfacet
  facet normal 0 0 1
    outer loop
      vertex 45.6544 -61.5578 5
      vertex 17.871 -24.0962 5
      vertex 42.5789 -63.7238 5
    endloop
  endfacet
  facet normal -0 0 1
    outer loop
      vertex 16.6671 -24.9441 5
      vertex 42.5789 -63.7238 5
      vertex 17.871 -24.0962 5
    endloop
  endfacet
  facet normal 0 0 1
    outer loop
      vertex 42.5789 -63.7238 5
      vertex 16.6671 -24.9441 5
      vertex 39.4008 -65.7363 5
    endloop
  endfacet
  facet normal -0 0 1
    outer loop
      vertex 15.4231 -25.7319 5
      vertex 39.4008 -65.7363 5
      vertex 16.6671 -24.9441 5
    endloop
  endfacet
  facet normal 0 0 1
    outer loop
      vertex 39.4008 -65.7363 5
      vertex 15.4231 -25.7319 5
      vertex 36.1278 -67.5904 5
    endloop
  endfacet
  facet normal -0 0 1
    outer loop
      vertex 14.1419 -26.4576 5
      vertex 36.1278 -67.5904 5
      vertex 15.4231 -25.7319 5
    endloop
  endfacet
  facet normal 0 0 1
    outer loop
      vertex 36.1278 -67.5904 5
      vertex 14.1419 -26.4576 5
      vertex 32.7678 -69.2817 5
    endloop
  endfacet
  facet normal -0 0 1
    outer loop
      vertex 12.8267 -27.1197 5
      vertex 32.7678 -69.2817 5
      vertex 14.1419 -26.4576 5
    endloop
  endfacet
  facet normal 0 0 1
    outer loop
      vertex 32.7678 -69.2817 5
      vertex 12.8267 -27.1197 5
      vertex 29.3289 -70.8061 5
    endloop
  endfacet
  facet normal -0 0 1
    outer loop
      vertex 11.4805 -27.7164 5
      vertex 29.3289 -70.8061 5
      vertex 12.8267 -27.1197 5
    endloop
  endfacet
  facet normal 0 0 1
    outer loop
      vertex 29.3289 -70.8061 5
      vertex 11.4805 -27.7164 5
      vertex 25.8192 -72.1599 5
    endloop
  endfacet
  facet normal -0 0 1
    outer loop
      vertex 10.1067 -28.2463 5
      vertex 25.8192 -72.1599 5
      vertex 11.4805 -27.7164 5
    endloop
  endfacet
  facet normal 0 0 1
    outer loop
      vertex 25.8192 -72.1599 5
      vertex 10.1067 -28.2463 5
      vertex 22.2474 -73.3399 5
    endloop
  endfacet
  facet normal -0 0 1
    outer loop
      vertex 8.70854 -28.7082 5
      vertex 22.2474 -73.3399 5
      vertex 10.1067 -28.2463 5
    endloop
  endfacet
  facet normal 0 0 1
    outer loop
      vertex 22.2474 -73.3399 5
      vertex 8.70854 -28.7082 5
      vertex 18.622 -74.3432 5
    endloop
  endfacet
  facet normal -0 0 1
    outer loop
      vertex 7.2894 -29.1009 5
      vertex 18.622 -74.3432 5
      vertex 8.70854 -28.7082 5
    endloop
  endfacet
  facet normal 0 0 1
    outer loop
      vertex 18.622 -74.3432 5
      vertex 7.2894 -29.1009 5
      vertex 14.9517 -75.1674 5
    endloop
  endfacet
  facet normal -0 0 1
    outer loop
      vertex 5.85271 -29.4236 5
      vertex 14.9517 -75.1674 5
      vertex 7.2894 -29.1009 5
    endloop
  endfacet
  facet normal 0 0 1
    outer loop
      vertex 14.9517 -75.1674 5
      vertex 5.85271 -29.4236 5
      vertex 11.2454 -75.8105 5
    endloop
  endfacet
  facet normal -0 0 1
    outer loop
      vertex 4.40191 -29.6753 5
      vertex 11.2454 -75.8105 5
      vertex 5.85271 -29.4236 5
    endloop
  endfacet
  facet normal 0 0 1
    outer loop
      vertex 11.2454 -75.8105 5
      vertex 4.40191 -29.6753 5
      vertex 7.51203 -76.271 5
    endloop
  endfacet
  facet normal -0 0 1
    outer loop
      vertex 2.94051 -29.8555 5
      vertex 7.51203 -76.271 5
      vertex 4.40191 -29.6753 5
    endloop
  endfacet
  facet normal 0 0 1
    outer loop
      vertex 7.51203 -76.271 5
      vertex 2.94051 -29.8555 5
      vertex 3.76055 -76.5477 5
    endloop
  endfacet
  facet normal -0 0 1
    outer loop
      vertex 1.47203 -29.9639 5
      vertex 3.76055 -76.5477 5
      vertex 2.94051 -29.8555 5
    endloop
  endfacet
  facet normal -0 0 1
    outer loop
      vertex 0 -30 5
      vertex 3.76055 -76.5477 5
      vertex 1.47203 -29.9639 5
    endloop
  endfacet
  facet normal 0 0 1
    outer loop
      vertex 0 -30 5
      vertex 0 -76.64 5
      vertex 3.76055 -76.5477 5
    endloop
  endfacet
  facet normal 0 0 1
    outer loop
      vertex -1.47203 -29.9639 5
      vertex 0 -76.64 5
      vertex 0 -30 5
    endloop
  endfacet
  facet normal 0 0 1
    outer loop
      vertex -3.76055 -76.5477 5
      vertex -1.47203 -29.9639 5
      vertex -2.94051 -29.8555 5
    endloop
  endfacet
  facet normal 0 0 1
    outer loop
      vertex -1.47203 -29.9639 5
      vertex -3.76055 -76.5477 5
      vertex 0 -76.64 5
    endloop
  endfacet
  facet normal 0 0 1
    outer loop
      vertex -7.51203 -76.271 5
      vertex -2.94051 -29.8555 5
      vertex -4.40191 -29.6753 5
    endloop
  endfacet
  facet normal 0 0 1
    outer loop
      vertex -11.2454 -75.8105 5
      vertex -4.40191 -29.6753 5
      vertex -5.85271 -29.4236 5
    endloop
  endfacet
  facet normal 0 0 1
    outer loop
      vertex -14.9517 -75.1674 5
      vertex -5.85271 -29.4236 5
      vertex -7.2894 -29.1009 5
    endloop
  endfacet
  facet normal 0 0 1
    outer loop
      vertex -2.94051 -29.8555 5
      vertex -7.51203 -76.271 5
      vertex -3.76055 -76.5477 5
    endloop
  endfacet
  facet normal 0 0 1
    outer loop
      vertex -18.622 -74.3432 5
      vertex -7.2894 -29.1009 5
      vertex -8.70854 -28.7082 5
    endloop
  endfacet
  facet normal 0 0 1
    outer loop
      vertex -22.2474 -73.3399 5
      vertex -8.70854 -28.7082 5
      vertex -10.1067 -28.2463 5
    endloop
  endfacet
  facet normal 0 0 1
    outer loop
      vertex -4.40191 -29.6753 5
      vertex -11.2454 -75.8105 5
      vertex -7.51203 -76.271 5
    endloop
  endfacet
  facet normal 0 0 1
    outer loop
      vertex -25.8192 -72.1599 5
      vertex -10.1067 -28.2463 5
      vertex -11.4805 -27.7164 5
    endloop
  endfacet
  facet normal 0 0 1
    outer loop
      vertex -29.3289 -70.8061 5
      vertex -11.4805 -27.7164 5
      vertex -12.8267 -27.1197 5
    endloop
  endfacet
  facet normal 0 0 1
    outer loop
      vertex -32.7678 -69.2817 5
      vertex -12.8267 -27.1197 5
      vertex -14.1419 -26.4576 5
    endloop
  endfacet
  facet normal 0 0 1
    outer loop
      vertex -5.85271 -29.4236 5
      vertex -14.9517 -75.1674 5
      vertex -11.2454 -75.8105 5
    endloop
  endfacet
  facet normal 0 0 1
    outer loop
      vertex -36.1278 -67.5904 5
      vertex -14.1419 -26.4576 5
      vertex -15.4231 -25.7319 5
    endloop
  endfacet
  facet normal 0 0 1
    outer loop
      vertex -39.4008 -65.7363 5
      vertex -15.4231 -25.7319 5
      vertex -16.6671 -24.9441 5
    endloop
  endfacet
  facet normal 0 0 1
    outer loop
      vertex -42.5789 -63.7238 5
      vertex -16.6671 -24.9441 5
      vertex -17.871 -24.0962 5
    endloop
  endfacet
  facet normal 0 0 1
    outer loop
      vertex -7.2894 -29.1009 5
      vertex -18.622 -74.3432 5
      vertex -14.9517 -75.1674 5
    endloop
  endfacet
  facet normal 0 0 1
    outer loop
      vertex -45.6544 -61.5578 5
      vertex -17.871 -24.0962 5
      vertex -19.0318 -23.1903 5
    endloop
  endfacet
  facet normal 0 0 1
    outer loop
      vertex -48.6199 -59.2435 5
      vertex -19.0318 -23.1903 5
      vertex -20.1468 -22.2285 5
    endloop
  endfacet
  facet normal 0 0 1
    outer loop
      vertex -51.4683 -56.7865 5
      vertex -20.1468 -22.2285 5
      vertex -21.2132 -21.2132 5
    endloop
  endfacet
  facet normal 0 0 1
    outer loop
      vertex -54.1927 -54.1927 5
      vertex -21.2132 -21.2132 5
      vertex -22.2285 -20.1468 5
    endloop
  endfacet
  facet normal 0 0 1
    outer loop
      vertex -8.70854 -28.7082 5
      vertex -22.2474 -73.3399 5
      vertex -18.622 -74.3432 5
    endloop
  endfacet
  facet normal 0 0 1
    outer loop
      vertex -56.7865 -51.4683 5
      vertex -22.2285 -20.1468 5
      vertex -23.1903 -19.0318 5
    endloop
  endfacet
  facet normal 0 0 1
    outer loop
      vertex -59.2435 -48.6199 5
      vertex -23.1903 -19.0318 5
      vertex -24.0962 -17.871 5
    endloop
  endfacet
  facet normal 0 0 1
    outer loop
      vertex -61.5578 -45.6544 5
      vertex -24.0962 -17.871 5
      vertex -24.9441 -16.6671 5
    endloop
  endfacet
  facet normal 0 0 1
    outer loop
      vertex -63.7238 -42.5789 5
      vertex -24.9441 -16.6671 5
      vertex -25.7319 -15.4231 5
    endloop
  endfacet
  facet normal 0 0 1
    outer loop
      vertex -10.1067 -28.2463 5
      vertex -25.8192 -72.1599 5
      vertex -22.2474 -73.3399 5
    endloop
  endfacet
  facet normal 0 0 1
    outer loop
      vertex -65.7363 -39.4008 5
      vertex -25.7319 -15.4231 5
      vertex -26.4576 -14.1419 5
    endloop
  endfacet
  facet normal 0 0 1
    outer loop
      vertex -67.5904 -36.1278 5
      vertex -26.4576 -14.1419 5
      vertex -27.1197 -12.8267 5
    endloop
  endfacet
  facet normal 0 0 1
    outer loop
      vertex -69.2817 -32.7678 5
      vertex -27.1197 -12.8267 5
      vertex -27.7164 -11.4805 5
    endloop
  endfacet
  facet normal 0 0 1
    outer loop
      vertex -70.8061 -29.3289 5
      vertex -27.7164 -11.4805 5
      vertex -28.2463 -10.1067 5
    endloop
  endfacet
  facet normal 0 0 1
    outer loop
      vertex -72.1599 -25.8192 5
      vertex -28.2463 -10.1067 5
      vertex -28.7082 -8.70854 5
    endloop
  endfacet
  facet normal 0 0 1
    outer loop
      vertex -73.3399 -22.2474 5
      vertex -28.7082 -8.70854 5
      vertex -29.1009 -7.2894 5
    endloop
  endfacet
  facet normal 0 0 1
    outer loop
      vertex -11.4805 -27.7164 5
      vertex -29.3289 -70.8061 5
      vertex -25.8192 -72.1599 5
    endloop
  endfacet
  facet normal 0 0 1
    outer loop
      vertex -74.3432 -18.622 5
      vertex -29.1009 -7.2894 5
      vertex -29.4236 -5.85271 5
    endloop
  endfacet
  facet normal 0 0 1
    outer loop
      vertex -75.1674 -14.9517 5
      vertex -29.4236 -5.85271 5
      vertex -29.6753 -4.40191 5
    endloop
  endfacet
  facet normal 0 0 1
    outer loop
      vertex -75.8105 -11.2454 5
      vertex -29.6753 -4.40191 5
      vertex -29.8555 -2.94051 5
    endloop
  endfacet
  facet normal 0 0 1
    outer loop
      vertex -76.271 -7.51203 5
      vertex -29.8555 -2.94051 5
      vertex -29.9639 -1.47203 5
    endloop
  endfacet
  facet normal 0 0 1
    outer loop
      vertex -76.5477 -3.76055 5
      vertex -29.9639 -1.47203 5
      vertex -30 0 5
    endloop
  endfacet
  facet normal -0 0 1
    outer loop
      vertex -65.7363 39.4008 5
      vertex -25.7319 15.4231 5
      vertex -63.7238 42.5789 5
    endloop
  endfacet
  facet normal 0 0 1
    outer loop
      vertex -12.8267 -27.1197 5
      vertex -32.7678 -69.2817 5
      vertex -29.3289 -70.8061 5
    endloop
  endfacet
  facet normal 0 0 1
    outer loop
      vertex -25.7319 15.4231 5
      vertex -65.7363 39.4008 5
      vertex -26.4576 14.1419 5
    endloop
  endfacet
  facet normal 0 0 1
    outer loop
      vertex -14.1419 -26.4576 5
      vertex -36.1278 -67.5904 5
      vertex -32.7678 -69.2817 5
    endloop
  endfacet
  facet normal -0 0 1
    outer loop
      vertex -67.5904 36.1278 5
      vertex -26.4576 14.1419 5
      vertex -65.7363 39.4008 5
    endloop
  endfacet
  facet normal 0 0 1
    outer loop
      vertex -15.4231 -25.7319 5
      vertex -39.4008 -65.7363 5
      vertex -36.1278 -67.5904 5
    endloop
  endfacet
  facet normal 0 0 1
    outer loop
      vertex -26.4576 14.1419 5
      vertex -67.5904 36.1278 5
      vertex -27.1197 12.8267 5
    endloop
  endfacet
  facet normal 0 0 1
    outer loop
      vertex -16.6671 -24.9441 5
      vertex -42.5789 -63.7238 5
      vertex -39.4008 -65.7363 5
    endloop
  endfacet
  facet normal -0 0 1
    outer loop
      vertex -69.2817 32.7678 5
      vertex -27.1197 12.8267 5
      vertex -67.5904 36.1278 5
    endloop
  endfacet
  facet normal 0 0 1
    outer loop
      vertex -17.871 -24.0962 5
      vertex -45.6544 -61.5578 5
      vertex -42.5789 -63.7238 5
    endloop
  endfacet
  facet normal 0 0 1
    outer loop
      vertex -27.1197 12.8267 5
      vertex -69.2817 32.7678 5
      vertex -27.7164 11.4805 5
    endloop
  endfacet
  facet normal 0 0 1
    outer loop
      vertex -19.0318 -23.1903 5
      vertex -48.6199 -59.2435 5
      vertex -45.6544 -61.5578 5
    endloop
  endfacet
  facet normal -0 0 1
    outer loop
      vertex -70.8061 29.3289 5
      vertex -27.7164 11.4805 5
      vertex -69.2817 32.7678 5
    endloop
  endfacet
  facet normal 0 0 1
    outer loop
      vertex -20.1468 -22.2285 5
      vertex -51.4683 -56.7865 5
      vertex -48.6199 -59.2435 5
    endloop
  endfacet
  facet normal 0 0 1
    outer loop
      vertex -27.7164 11.4805 5
      vertex -70.8061 29.3289 5
      vertex -28.2463 10.1067 5
    endloop
  endfacet
  facet normal 0 0 1
    outer loop
      vertex -21.2132 -21.2132 5
      vertex -54.1927 -54.1927 5
      vertex -51.4683 -56.7865 5
    endloop
  endfacet
  facet normal -0 0 1
    outer loop
      vertex -72.1599 25.8192 5
      vertex -28.2463 10.1067 5
      vertex -70.8061 29.3289 5
    endloop
  endfacet
  facet normal 0 0 1
    outer loop
      vertex -22.2285 -20.1468 5
      vertex -56.7865 -51.4683 5
      vertex -54.1927 -54.1927 5
    endloop
  endfacet
  facet normal 0 0 1
    outer loop
      vertex -28.2463 10.1067 5
      vertex -72.1599 25.8192 5
      vertex -28.7082 8.70854 5
    endloop
  endfacet
  facet normal 0 0 1
    outer loop
      vertex -23.1903 -19.0318 5
      vertex -59.2435 -48.6199 5
      vertex -56.7865 -51.4683 5
    endloop
  endfacet
  facet normal -0 0 1
    outer loop
      vertex -73.3399 22.2474 5
      vertex -28.7082 8.70854 5
      vertex -72.1599 25.8192 5
    endloop
  endfacet
  facet normal 0 0 1
    outer loop
      vertex -24.0962 -17.871 5
      vertex -61.5578 -45.6544 5
      vertex -59.2435 -48.6199 5
    endloop
  endfacet
  facet normal 0 0 1
    outer loop
      vertex -28.7082 8.70854 5
      vertex -73.3399 22.2474 5
      vertex -29.1009 7.2894 5
    endloop
  endfacet
  facet normal 0 0 1
    outer loop
      vertex -24.9441 -16.6671 5
      vertex -63.7238 -42.5789 5
      vertex -61.5578 -45.6544 5
    endloop
  endfacet
  facet normal -0 0 1
    outer loop
      vertex -74.3432 18.622 5
      vertex -29.1009 7.2894 5
      vertex -73.3399 22.2474 5
    endloop
  endfacet
  facet normal 0 0 1
    outer loop
      vertex -25.7319 -15.4231 5
      vertex -65.7363 -39.4008 5
      vertex -63.7238 -42.5789 5
    endloop
  endfacet
  facet normal 0 0 1
    outer loop
      vertex -29.1009 7.2894 5
      vertex -74.3432 18.622 5
      vertex -29.4236 5.85271 5
    endloop
  endfacet
  facet normal 0 0 1
    outer loop
      vertex -26.4576 -14.1419 5
      vertex -67.5904 -36.1278 5
      vertex -65.7363 -39.4008 5
    endloop
  endfacet
  facet normal -0 0 1
    outer loop
      vertex -75.1674 14.9517 5
      vertex -29.4236 5.85271 5
      vertex -74.3432 18.622 5
    endloop
  endfacet
  facet normal 0 0 1
    outer loop
      vertex -27.1197 -12.8267 5
      vertex -69.2817 -32.7678 5
      vertex -67.5904 -36.1278 5
    endloop
  endfacet
  facet normal 0 0 1
    outer loop
      vertex -29.4236 5.85271 5
      vertex -75.1674 14.9517 5
      vertex -29.6753 4.40191 5
    endloop
  endfacet
  facet normal 0 0 1
    outer loop
      vertex -27.7164 -11.4805 5
      vertex -70.8061 -29.3289 5
      vertex -69.2817 -32.7678 5
    endloop
  endfacet
  facet normal -0 0 1
    outer loop
      vertex -75.8105 11.2454 5
      vertex -29.6753 4.40191 5
      vertex -75.1674 14.9517 5
    endloop
  endfacet
  facet normal 0 0 1
    outer loop
      vertex -28.2463 -10.1067 5
      vertex -72.1599 -25.8192 5
      vertex -70.8061 -29.3289 5
    endloop
  endfacet
  facet normal 0 0 1
    outer loop
      vertex -29.6753 4.40191 5
      vertex -75.8105 11.2454 5
      vertex -29.8555 2.94051 5
    endloop
  endfacet
  facet normal 0 0 1
    outer loop
      vertex -28.7082 -8.70854 5
      vertex -73.3399 -22.2474 5
      vertex -72.1599 -25.8192 5
    endloop
  endfacet
  facet normal -0 0 1
    outer loop
      vertex -76.271 7.51203 5
      vertex -29.8555 2.94051 5
      vertex -75.8105 11.2454 5
    endloop
  endfacet
  facet normal 0 0 1
    outer loop
      vertex -29.1009 -7.2894 5
      vertex -74.3432 -18.622 5
      vertex -73.3399 -22.2474 5
    endloop
  endfacet
  facet normal 0 0 1
    outer loop
      vertex -29.8555 2.94051 5
      vertex -76.271 7.51203 5
      vertex -29.9639 1.47203 5
    endloop
  endfacet
  facet normal 0 0 1
    outer loop
      vertex -29.4236 -5.85271 5
      vertex -75.1674 -14.9517 5
      vertex -74.3432 -18.622 5
    endloop
  endfacet
  facet normal -0 0 1
    outer loop
      vertex -76.5477 3.76055 5
      vertex -29.9639 1.47203 5
      vertex -76.271 7.51203 5
    endloop
  endfacet
  facet normal 0 0 1
    outer loop
      vertex -29.6753 -4.40191 5
      vertex -75.8105 -11.2454 5
      vertex -75.1674 -14.9517 5
    endloop
  endfacet
  facet normal 0 0 1
    outer loop
      vertex -29.9639 1.47203 5
      vertex -76.5477 3.76055 5
      vertex -30 0 5
    endloop
  endfacet
  facet normal 0 0 1
    outer loop
      vertex -29.8555 -2.94051 5
      vertex -76.271 -7.51203 5
      vertex -75.8105 -11.2454 5
    endloop
  endfacet
  facet normal 0 0 1
    outer loop
      vertex -76.64 0 5
      vertex -30 0 5
      vertex -76.5477 3.76055 5
    endloop
  endfacet
  facet normal 0 0 1
    outer loop
      vertex -29.9639 -1.47203 5
      vertex -76.5477 -3.76055 5
      vertex -76.271 -7.51203 5
    endloop
  endfacet
  facet normal 0 0 1
    outer loop
      vertex -30 0 5
      vertex -76.64 0 5
      vertex -76.5477 -3.76055 5
    endloop
  endfacet
  facet normal -0.788346 0.615232 0
    outer loop
      vertex 59.2435 -48.6199 5
      vertex 61.5578 -45.6544 41
      vertex 61.5578 -45.6544 5
    endloop
  endfacet
  facet normal -0.788346 0.615232 0
    outer loop
      vertex 61.5578 -45.6544 41
      vertex 59.2435 -48.6199 5
      vertex 59.2435 -48.6199 41
    endloop
  endfacet
  facet normal 0.122419 -0.992478 0
    outer loop
      vertex -11.2454 75.8105 5
      vertex -7.51203 76.271 41
      vertex -11.2454 75.8105 41
    endloop
  endfacet
  facet normal 0.122419 -0.992478 0
    outer loop
      vertex -7.51203 76.271 41
      vertex -11.2454 75.8105 5
      vertex -7.51203 76.271 5
    endloop
  endfacet
  facet normal 0.788346 -0.615232 0
    outer loop
      vertex -61.5578 45.6544 41
      vertex -59.2435 48.6199 5
      vertex -59.2435 48.6199 41
    endloop
  endfacet
  facet normal 0.788346 -0.615232 0
    outer loop
      vertex -59.2435 48.6199 5
      vertex -61.5578 45.6544 41
      vertex -61.5578 45.6544 5
    endloop
  endfacet
  facet normal -0.359886 -0.932996 0
    outer loop
      vertex 25.8192 72.1599 5
      vertex 29.3289 70.8061 41
      vertex 25.8192 72.1599 41
    endloop
  endfacet
  facet normal -0.359886 -0.932996 -0
    outer loop
      vertex 29.3289 70.8061 41
      vertex 25.8192 72.1599 5
      vertex 29.3289 70.8061 5
    endloop
  endfacet
  facet normal -0.40525 0.914206 0
    outer loop
      vertex 32.7678 -69.2817 5
      vertex 29.3289 -70.8061 41
      vertex 32.7678 -69.2817 41
    endloop
  endfacet
  facet normal -0.40525 0.914206 0
    outer loop
      vertex 29.3289 -70.8061 41
      vertex 32.7678 -69.2817 5
      vertex 29.3289 -70.8061 5
    endloop
  endfacet
  facet normal 0.689534 -0.724253 0
    outer loop
      vertex -54.1927 54.1927 5
      vertex -51.4683 56.7865 41
      vertex -54.1927 54.1927 41
    endloop
  endfacet
  facet normal 0.689534 -0.724253 0
    outer loop
      vertex -51.4683 56.7865 41
      vertex -54.1927 54.1927 5
      vertex -51.4683 56.7865 5
    endloop
  endfacet
  facet normal 0.932996 -0.359886 0
    outer loop
      vertex -72.1599 25.8192 41
      vertex -70.8061 29.3289 5
      vertex -70.8061 29.3289 41
    endloop
  endfacet
  facet normal 0.932996 -0.359886 0
    outer loop
      vertex -70.8061 29.3289 5
      vertex -72.1599 25.8192 41
      vertex -72.1599 25.8192 5
    endloop
  endfacet
  facet normal 0.844855 -0.534996 0
    outer loop
      vertex -65.7363 39.4008 41
      vertex -63.7238 42.5789 5
      vertex -63.7238 42.5789 41
    endloop
  endfacet
  facet normal 0.844855 -0.534996 0
    outer loop
      vertex -63.7238 42.5789 5
      vertex -65.7363 39.4008 41
      vertex -65.7363 39.4008 5
    endloop
  endfacet
  facet normal -0.219103 0.975702 0
    outer loop
      vertex 18.622 -74.3432 5
      vertex 14.9517 -75.1674 41
      vertex 18.622 -74.3432 41
    endloop
  endfacet
  facet normal -0.219103 0.975702 0
    outer loop
      vertex 14.9517 -75.1674 41
      vertex 18.622 -74.3432 5
      vertex 14.9517 -75.1674 5
    endloop
  endfacet
  facet normal -0.219103 -0.975702 0
    outer loop
      vertex 14.9517 75.1674 5
      vertex 18.622 74.3432 41
      vertex 14.9517 75.1674 41
    endloop
  endfacet
  facet normal -0.219103 -0.975702 -0
    outer loop
      vertex 18.622 74.3432 41
      vertex 14.9517 75.1674 5
      vertex 18.622 74.3432 5
    endloop
  endfacet
  facet normal 0.653166 0.757215 -0
    outer loop
      vertex -48.6199 -59.2435 5
      vertex -51.4683 -56.7865 41
      vertex -48.6199 -59.2435 41
    endloop
  endfacet
  facet normal 0.653166 0.757215 0
    outer loop
      vertex -51.4683 -56.7865 41
      vertex -48.6199 -59.2435 5
      vertex -51.4683 -56.7865 5
    endloop
  endfacet
  facet normal 0.219103 -0.975702 0
    outer loop
      vertex -18.622 74.3432 5
      vertex -14.9517 75.1674 41
      vertex -18.622 74.3432 41
    endloop
  endfacet
  facet normal 0.219103 -0.975702 0
    outer loop
      vertex -14.9517 75.1674 41
      vertex -18.622 74.3432 5
      vertex -14.9517 75.1674 5
    endloop
  endfacet
  facet normal 0.575806 0.817586 -0
    outer loop
      vertex -42.5789 -63.7238 5
      vertex -45.6544 -61.5578 41
      vertex -42.5789 -63.7238 41
    endloop
  endfacet
  facet normal 0.575806 0.817586 0
    outer loop
      vertex -45.6544 -61.5578 41
      vertex -42.5789 -63.7238 5
      vertex -45.6544 -61.5578 5
    endloop
  endfacet
  facet normal 0.170961 -0.985278 0
    outer loop
      vertex -14.9517 75.1674 5
      vertex -11.2454 75.8105 41
      vertex -14.9517 75.1674 41
    endloop
  endfacet
  facet normal 0.170961 -0.985278 0
    outer loop
      vertex -11.2454 75.8105 41
      vertex -14.9517 75.1674 5
      vertex -11.2454 75.8105 5
    endloop
  endfacet
  facet normal 0.975702 -0.219103 0
    outer loop
      vertex -75.1674 14.9517 41
      vertex -74.3432 18.622 5
      vertex -74.3432 18.622 41
    endloop
  endfacet
  facet normal 0.975702 -0.219103 0
    outer loop
      vertex -74.3432 18.622 5
      vertex -75.1674 14.9517 41
      vertex -75.1674 14.9517 5
    endloop
  endfacet
  facet normal -0.575806 -0.817586 0
    outer loop
      vertex 42.5789 63.7238 5
      vertex 45.6544 61.5578 41
      vertex 42.5789 63.7238 41
    endloop
  endfacet
  facet normal -0.575806 -0.817586 -0
    outer loop
      vertex 45.6544 61.5578 41
      vertex 42.5789 63.7238 5
      vertex 45.6544 61.5578 5
    endloop
  endfacet
  facet normal 0.997291 0.0735577 0
    outer loop
      vertex -76.271 -7.51203 41
      vertex -76.5477 -3.76055 5
      vertex -76.5477 -3.76055 41
    endloop
  endfacet
  facet normal 0.997291 0.0735577 0
    outer loop
      vertex -76.5477 -3.76055 5
      vertex -76.271 -7.51203 41
      vertex -76.271 -7.51203 5
    endloop
  endfacet
  facet normal -0.757215 0.653166 0
    outer loop
      vertex 56.7865 -51.4683 5
      vertex 59.2435 -48.6199 41
      vertex 59.2435 -48.6199 5
    endloop
  endfacet
  facet normal -0.757215 0.653166 0
    outer loop
      vertex 59.2435 -48.6199 41
      vertex 56.7865 -51.4683 5
      vertex 56.7865 -51.4683 41
    endloop
  endfacet
  facet normal -0.534996 0.844855 0
    outer loop
      vertex 42.5789 -63.7238 5
      vertex 39.4008 -65.7363 41
      vertex 42.5789 -63.7238 41
    endloop
  endfacet
  facet normal -0.534996 0.844855 0
    outer loop
      vertex 39.4008 -65.7363 41
      vertex 42.5789 -63.7238 5
      vertex 39.4008 -65.7363 5
    endloop
  endfacet
  facet normal -0.975702 -0.219103 0
    outer loop
      vertex 75.1674 14.9517 5
      vertex 74.3432 18.622 41
      vertex 74.3432 18.622 5
    endloop
  endfacet
  facet normal -0.975702 -0.219103 0
    outer loop
      vertex 74.3432 18.622 41
      vertex 75.1674 14.9517 5
      vertex 75.1674 14.9517 41
    endloop
  endfacet
  facet normal 0.0245369 -0.999699 0
    outer loop
      vertex -3.76055 76.5477 5
      vertex 0 76.64 41
      vertex -3.76055 76.5477 41
    endloop
  endfacet
  facet normal 0.0245369 -0.999699 0
    outer loop
      vertex 0 76.64 41
      vertex -3.76055 76.5477 5
      vertex 0 76.64 5
    endloop
  endfacet
  facet normal 0.359886 0.932996 -0
    outer loop
      vertex -25.8192 -72.1599 5
      vertex -29.3289 -70.8061 41
      vertex -25.8192 -72.1599 41
    endloop
  endfacet
  facet normal 0.359886 0.932996 0
    outer loop
      vertex -29.3289 -70.8061 41
      vertex -25.8192 -72.1599 5
      vertex -29.3289 -70.8061 5
    endloop
  endfacet
  facet normal 0.0735577 0.997291 -0
    outer loop
      vertex -3.76055 -76.5477 5
      vertex -7.51203 -76.271 41
      vertex -3.76055 -76.5477 41
    endloop
  endfacet
  facet normal 0.0735577 0.997291 0
    outer loop
      vertex -7.51203 -76.271 41
      vertex -3.76055 -76.5477 5
      vertex -7.51203 -76.271 5
    endloop
  endfacet
  facet normal -0.914206 -0.40525 0
    outer loop
      vertex 70.8061 29.3289 5
      vertex 69.2817 32.7678 41
      vertex 69.2817 32.7678 5
    endloop
  endfacet
  facet normal -0.914206 -0.40525 0
    outer loop
      vertex 69.2817 32.7678 41
      vertex 70.8061 29.3289 5
      vertex 70.8061 29.3289 41
    endloop
  endfacet
  facet normal 0.985278 -0.170961 0
    outer loop
      vertex -75.8105 11.2454 41
      vertex -75.1674 14.9517 5
      vertex -75.1674 14.9517 41
    endloop
  endfacet
  facet normal 0.985278 -0.170961 0
    outer loop
      vertex -75.1674 14.9517 5
      vertex -75.8105 11.2454 41
      vertex -75.8105 11.2454 5
    endloop
  endfacet
  facet normal 0.963775 0.266717 0
    outer loop
      vertex -73.3399 -22.2474 41
      vertex -74.3432 -18.622 5
      vertex -74.3432 -18.622 41
    endloop
  endfacet
  facet normal 0.963775 0.266717 0
    outer loop
      vertex -74.3432 -18.622 5
      vertex -73.3399 -22.2474 41
      vertex -73.3399 -22.2474 5
    endloop
  endfacet
  facet normal 0.724253 0.689534 0
    outer loop
      vertex -54.1927 -54.1927 41
      vertex -56.7865 -51.4683 5
      vertex -56.7865 -51.4683 41
    endloop
  endfacet
  facet normal 0.724253 0.689534 0
    outer loop
      vertex -56.7865 -51.4683 5
      vertex -54.1927 -54.1927 41
      vertex -54.1927 -54.1927 5
    endloop
  endfacet
  facet normal 0.870091 0.492892 0
    outer loop
      vertex -65.7363 -39.4008 41
      vertex -67.5904 -36.1278 5
      vertex -67.5904 -36.1278 41
    endloop
  endfacet
  facet normal 0.870091 0.492892 0
    outer loop
      vertex -67.5904 -36.1278 5
      vertex -65.7363 -39.4008 41
      vertex -65.7363 -39.4008 5
    endloop
  endfacet
  facet normal -0.999699 0.0245369 0
    outer loop
      vertex 76.5477 -3.76055 17
      vertex 76.64 0 41
      vertex 76.64 0 17
    endloop
  endfacet
  facet normal -0.999699 0.0245369 0
    outer loop
      vertex 76.64 0 41
      vertex 76.5477 -3.76055 17
      vertex 76.5477 -3.76055 41
    endloop
  endfacet
  facet normal -0.999699 0.0245369 0
    outer loop
      vertex 76.5477 -3.76055 5
      vertex 76.64 0 7
      vertex 76.64 0 5
    endloop
  endfacet
  facet normal -0.999699 0.0245369 0
    outer loop
      vertex 76.64 0 7
      vertex 76.5477 -3.76055 5
      vertex 76.5477 -3.76055 7
    endloop
  endfacet
  facet normal 0.0735577 -0.997291 0
    outer loop
      vertex -7.51203 76.271 5
      vertex -3.76055 76.5477 41
      vertex -7.51203 76.271 41
    endloop
  endfacet
  facet normal 0.0735577 -0.997291 0
    outer loop
      vertex -3.76055 76.5477 41
      vertex -7.51203 76.271 5
      vertex -3.76055 76.5477 5
    endloop
  endfacet
  facet normal -0.997292 0.0735427 0
    outer loop
      vertex 76.5477 -3.76055 5
      vertex 76.4563 -5 7
      vertex 76.5477 -3.76055 7
    endloop
  endfacet
  facet normal -0.99729 0.0735652 0
    outer loop
      vertex 76.4563 -5 7
      vertex 76.271 -7.51203 5
      vertex 76.4563 -5 17
    endloop
  endfacet
  facet normal -0.997291 0.0735577 9.37655e-06
    outer loop
      vertex 76.271 -7.51203 5
      vertex 76.4563 -5 7
      vertex 76.5477 -3.76055 5
    endloop
  endfacet
  facet normal -0.997292 0.0735427 0
    outer loop
      vertex 76.4563 -5 17
      vertex 76.5477 -3.76055 41
      vertex 76.5477 -3.76055 17
    endloop
  endfacet
  facet normal -0.99729 0.0735652 0
    outer loop
      vertex 76.271 -7.51203 41
      vertex 76.4563 -5 17
      vertex 76.271 -7.51203 5
    endloop
  endfacet
  facet normal -0.997291 0.0735577 -7.81379e-07
    outer loop
      vertex 76.4563 -5 17
      vertex 76.271 -7.51203 41
      vertex 76.5477 -3.76055 41
    endloop
  endfacet
  facet normal 0.914206 0.40525 0
    outer loop
      vertex -69.2817 -32.7678 41
      vertex -70.8061 -29.3289 5
      vertex -70.8061 -29.3289 41
    endloop
  endfacet
  facet normal 0.914206 0.40525 0
    outer loop
      vertex -70.8061 -29.3289 5
      vertex -69.2817 -32.7678 41
      vertex -69.2817 -32.7678 5
    endloop
  endfacet
  facet normal -0.963775 0.266717 0
    outer loop
      vertex 73.3399 -22.2474 5
      vertex 74.3432 -18.622 41
      vertex 74.3432 -18.622 5
    endloop
  endfacet
  facet normal -0.963775 0.266717 0
    outer loop
      vertex 74.3432 -18.622 41
      vertex 73.3399 -22.2474 5
      vertex 73.3399 -22.2474 41
    endloop
  endfacet
  facet normal 0.359886 -0.932996 0
    outer loop
      vertex -29.3289 70.8061 5
      vertex -25.8192 72.1599 41
      vertex -29.3289 70.8061 41
    endloop
  endfacet
  facet normal 0.359886 -0.932996 0
    outer loop
      vertex -25.8192 72.1599 41
      vertex -29.3289 70.8061 5
      vertex -25.8192 72.1599 5
    endloop
  endfacet
  facet normal -0.985278 -0.170961 0
    outer loop
      vertex 75.8105 11.2454 5
      vertex 75.1674 14.9517 41
      vertex 75.1674 14.9517 5
    endloop
  endfacet
  facet normal -0.985278 -0.170961 0
    outer loop
      vertex 75.1674 14.9517 41
      vertex 75.8105 11.2454 5
      vertex 75.8105 11.2454 41
    endloop
  endfacet
  facet normal -0.932996 -0.359886 0
    outer loop
      vertex 72.1599 25.8192 5
      vertex 70.8061 29.3289 41
      vertex 70.8061 29.3289 5
    endloop
  endfacet
  facet normal -0.932996 -0.359886 0
    outer loop
      vertex 70.8061 29.3289 41
      vertex 72.1599 25.8192 5
      vertex 72.1599 25.8192 41
    endloop
  endfacet
  facet normal -0.992478 0.122419 0
    outer loop
      vertex 75.8105 -11.2454 5
      vertex 76.271 -7.51203 41
      vertex 76.271 -7.51203 5
    endloop
  endfacet
  facet normal -0.992478 0.122419 0
    outer loop
      vertex 76.271 -7.51203 41
      vertex 75.8105 -11.2454 5
      vertex 75.8105 -11.2454 41
    endloop
  endfacet
  facet normal -0.949525 -0.313691 0
    outer loop
      vertex 73.3399 22.2474 5
      vertex 72.1599 25.8192 41
      vertex 72.1599 25.8192 5
    endloop
  endfacet
  facet normal -0.949525 -0.313691 0
    outer loop
      vertex 72.1599 25.8192 41
      vertex 73.3399 22.2474 5
      vertex 73.3399 22.2474 41
    endloop
  endfacet
  facet normal 0.219103 0.975702 -0
    outer loop
      vertex -14.9517 -75.1674 5
      vertex -18.622 -74.3432 41
      vertex -14.9517 -75.1674 41
    endloop
  endfacet
  facet normal 0.219103 0.975702 0
    outer loop
      vertex -18.622 -74.3432 41
      vertex -14.9517 -75.1674 5
      vertex -18.622 -74.3432 5
    endloop
  endfacet
  facet normal 0.914206 -0.40525 0
    outer loop
      vertex -70.8061 29.3289 41
      vertex -69.2817 32.7678 5
      vertex -69.2817 32.7678 41
    endloop
  endfacet
  facet normal 0.914206 -0.40525 0
    outer loop
      vertex -69.2817 32.7678 5
      vertex -70.8061 29.3289 41
      vertex -70.8061 29.3289 5
    endloop
  endfacet
  facet normal -0.844855 -0.534996 0
    outer loop
      vertex 65.7363 39.4008 5
      vertex 63.7238 42.5789 41
      vertex 63.7238 42.5789 5
    endloop
  endfacet
  facet normal -0.844855 -0.534996 0
    outer loop
      vertex 63.7238 42.5789 41
      vertex 65.7363 39.4008 5
      vertex 65.7363 39.4008 41
    endloop
  endfacet
  facet normal 0.788346 0.615232 0
    outer loop
      vertex -59.2435 -48.6199 41
      vertex -61.5578 -45.6544 5
      vertex -61.5578 -45.6544 41
    endloop
  endfacet
  facet normal 0.788346 0.615232 0
    outer loop
      vertex -61.5578 -45.6544 5
      vertex -59.2435 -48.6199 41
      vertex -59.2435 -48.6199 5
    endloop
  endfacet
  facet normal -0.870091 -0.492892 0
    outer loop
      vertex 67.5904 36.1278 5
      vertex 65.7363 39.4008 41
      vertex 65.7363 39.4008 5
    endloop
  endfacet
  facet normal -0.870091 -0.492892 0
    outer loop
      vertex 65.7363 39.4008 41
      vertex 67.5904 36.1278 5
      vertex 67.5904 36.1278 41
    endloop
  endfacet
  facet normal -0.615232 -0.788346 0
    outer loop
      vertex 45.6544 61.5578 5
      vertex 48.6199 59.2435 41
      vertex 45.6544 61.5578 41
    endloop
  endfacet
  facet normal -0.615232 -0.788346 -0
    outer loop
      vertex 48.6199 59.2435 41
      vertex 45.6544 61.5578 5
      vertex 48.6199 59.2435 5
    endloop
  endfacet
  facet normal -0.534996 -0.844855 0
    outer loop
      vertex 39.4008 65.7363 5
      vertex 42.5789 63.7238 41
      vertex 39.4008 65.7363 41
    endloop
  endfacet
  facet normal -0.534996 -0.844855 -0
    outer loop
      vertex 42.5789 63.7238 41
      vertex 39.4008 65.7363 5
      vertex 42.5789 63.7238 5
    endloop
  endfacet
  facet normal -0.963775 -0.266717 0
    outer loop
      vertex 74.3432 18.622 5
      vertex 73.3399 22.2474 41
      vertex 73.3399 22.2474 5
    endloop
  endfacet
  facet normal -0.963775 -0.266717 0
    outer loop
      vertex 73.3399 22.2474 41
      vertex 74.3432 18.622 5
      vertex 74.3432 18.622 41
    endloop
  endfacet
  facet normal -0.0245369 -0.999699 0
    outer loop
      vertex 0 76.64 5
      vertex 3.76055 76.5477 41
      vertex 0 76.64 41
    endloop
  endfacet
  facet normal -0.0245369 -0.999699 -0
    outer loop
      vertex 3.76055 76.5477 41
      vertex 0 76.64 5
      vertex 3.76055 76.5477 5
    endloop
  endfacet
  facet normal 0.575806 -0.817586 0
    outer loop
      vertex -45.6544 61.5578 5
      vertex -42.5789 63.7238 41
      vertex -45.6544 61.5578 41
    endloop
  endfacet
  facet normal 0.575806 -0.817586 0
    outer loop
      vertex -42.5789 63.7238 41
      vertex -45.6544 61.5578 5
      vertex -42.5789 63.7238 5
    endloop
  endfacet
  facet normal -0.689534 0.724253 0
    outer loop
      vertex 54.1927 -54.1927 5
      vertex 51.4683 -56.7865 41
      vertex 54.1927 -54.1927 41
    endloop
  endfacet
  facet normal -0.689534 0.724253 0
    outer loop
      vertex 51.4683 -56.7865 41
      vertex 54.1927 -54.1927 5
      vertex 51.4683 -56.7865 5
    endloop
  endfacet
  facet normal -0.575806 0.817586 0
    outer loop
      vertex 45.6544 -61.5578 5
      vertex 42.5789 -63.7238 41
      vertex 45.6544 -61.5578 41
    endloop
  endfacet
  facet normal -0.575806 0.817586 0
    outer loop
      vertex 42.5789 -63.7238 41
      vertex 45.6544 -61.5578 5
      vertex 42.5789 -63.7238 5
    endloop
  endfacet
  facet normal 0.757215 -0.653166 0
    outer loop
      vertex -59.2435 48.6199 41
      vertex -56.7865 51.4683 5
      vertex -56.7865 51.4683 41
    endloop
  endfacet
  facet normal 0.757215 -0.653166 0
    outer loop
      vertex -56.7865 51.4683 5
      vertex -59.2435 48.6199 41
      vertex -59.2435 48.6199 5
    endloop
  endfacet
  facet normal 0.817586 -0.575806 0
    outer loop
      vertex -63.7238 42.5789 41
      vertex -61.5578 45.6544 5
      vertex -61.5578 45.6544 41
    endloop
  endfacet
  facet normal 0.817586 -0.575806 0
    outer loop
      vertex -61.5578 45.6544 5
      vertex -63.7238 42.5789 41
      vertex -63.7238 42.5789 5
    endloop
  endfacet
  facet normal -0.0245369 0.999699 0
    outer loop
      vertex 3.76055 -76.5477 5
      vertex 0 -76.64 41
      vertex 3.76055 -76.5477 41
    endloop
  endfacet
  facet normal -0.0245369 0.999699 0
    outer loop
      vertex 0 -76.64 41
      vertex 3.76055 -76.5477 5
      vertex 0 -76.64 5
    endloop
  endfacet
  facet normal 0.653166 -0.757215 0
    outer loop
      vertex -51.4683 56.7865 5
      vertex -48.6199 59.2435 41
      vertex -51.4683 56.7865 41
    endloop
  endfacet
  facet normal 0.653166 -0.757215 0
    outer loop
      vertex -48.6199 59.2435 41
      vertex -51.4683 56.7865 5
      vertex -48.6199 59.2435 5
    endloop
  endfacet
  facet normal 0.997291 -0.0735577 0
    outer loop
      vertex -76.5477 3.76055 41
      vertex -76.271 7.51203 5
      vertex -76.271 7.51203 41
    endloop
  endfacet
  facet normal 0.997291 -0.0735577 0
    outer loop
      vertex -76.271 7.51203 5
      vertex -76.5477 3.76055 41
      vertex -76.5477 3.76055 5
    endloop
  endfacet
  facet normal 0.170961 0.985278 -0
    outer loop
      vertex -11.2454 -75.8105 5
      vertex -14.9517 -75.1674 41
      vertex -11.2454 -75.8105 41
    endloop
  endfacet
  facet normal 0.170961 0.985278 0
    outer loop
      vertex -14.9517 -75.1674 41
      vertex -11.2454 -75.8105 5
      vertex -14.9517 -75.1674 5
    endloop
  endfacet
  facet normal -0.870091 0.492892 0
    outer loop
      vertex 65.7363 -39.4008 5
      vertex 67.5904 -36.1278 41
      vertex 67.5904 -36.1278 5
    endloop
  endfacet
  facet normal -0.870091 0.492892 0
    outer loop
      vertex 67.5904 -36.1278 41
      vertex 65.7363 -39.4008 5
      vertex 65.7363 -39.4008 41
    endloop
  endfacet
  facet normal -0.170961 0.985278 0
    outer loop
      vertex 14.9517 -75.1674 5
      vertex 11.2454 -75.8105 41
      vertex 14.9517 -75.1674 41
    endloop
  endfacet
  facet normal -0.170961 0.985278 0
    outer loop
      vertex 11.2454 -75.8105 41
      vertex 14.9517 -75.1674 5
      vertex 11.2454 -75.8105 5
    endloop
  endfacet
  facet normal 0.817586 0.575806 0
    outer loop
      vertex -61.5578 -45.6544 41
      vertex -63.7238 -42.5789 5
      vertex -63.7238 -42.5789 41
    endloop
  endfacet
  facet normal 0.817586 0.575806 0
    outer loop
      vertex -63.7238 -42.5789 5
      vertex -61.5578 -45.6544 41
      vertex -61.5578 -45.6544 5
    endloop
  endfacet
  facet normal -0.949525 0.313691 0
    outer loop
      vertex 72.1599 -25.8192 5
      vertex 73.3399 -22.2474 41
      vertex 73.3399 -22.2474 5
    endloop
  endfacet
  facet normal -0.949525 0.313691 0
    outer loop
      vertex 73.3399 -22.2474 41
      vertex 72.1599 -25.8192 5
      vertex 72.1599 -25.8192 41
    endloop
  endfacet
  facet normal 0.999699 0.0245369 0
    outer loop
      vertex -76.5477 -3.76055 41
      vertex -76.64 0 5
      vertex -76.64 0 41
    endloop
  endfacet
  facet normal 0.999699 0.0245369 0
    outer loop
      vertex -76.64 0 5
      vertex -76.5477 -3.76055 41
      vertex -76.5477 -3.76055 5
    endloop
  endfacet
  facet normal -0.615232 0.788346 0
    outer loop
      vertex 48.6199 -59.2435 5
      vertex 45.6544 -61.5578 41
      vertex 48.6199 -59.2435 41
    endloop
  endfacet
  facet normal -0.615232 0.788346 0
    outer loop
      vertex 45.6544 -61.5578 41
      vertex 48.6199 -59.2435 5
      vertex 45.6544 -61.5578 5
    endloop
  endfacet
  facet normal -0.975702 0.219103 0
    outer loop
      vertex 74.3432 -18.622 5
      vertex 75.1674 -14.9517 41
      vertex 75.1674 -14.9517 5
    endloop
  endfacet
  facet normal -0.975702 0.219103 0
    outer loop
      vertex 75.1674 -14.9517 41
      vertex 74.3432 -18.622 5
      vertex 74.3432 -18.622 41
    endloop
  endfacet
  facet normal 0.689534 0.724253 -0
    outer loop
      vertex -51.4683 -56.7865 5
      vertex -54.1927 -54.1927 41
      vertex -51.4683 -56.7865 41
    endloop
  endfacet
  facet normal 0.689534 0.724253 0
    outer loop
      vertex -54.1927 -54.1927 41
      vertex -51.4683 -56.7865 5
      vertex -54.1927 -54.1927 5
    endloop
  endfacet
  facet normal 0.122419 0.992478 -0
    outer loop
      vertex -7.51203 -76.271 5
      vertex -11.2454 -75.8105 41
      vertex -7.51203 -76.271 41
    endloop
  endfacet
  facet normal 0.122419 0.992478 0
    outer loop
      vertex -11.2454 -75.8105 41
      vertex -7.51203 -76.271 5
      vertex -11.2454 -75.8105 5
    endloop
  endfacet
  facet normal -0.0735577 -0.997291 0
    outer loop
      vertex 3.76055 76.5477 5
      vertex 7.51203 76.271 41
      vertex 3.76055 76.5477 41
    endloop
  endfacet
  facet normal -0.0735577 -0.997291 -0
    outer loop
      vertex 7.51203 76.271 41
      vertex 3.76055 76.5477 5
      vertex 7.51203 76.271 5
    endloop
  endfacet
  facet normal -0.724253 0.689534 0
    outer loop
      vertex 54.1927 -54.1927 5
      vertex 56.7865 -51.4683 41
      vertex 56.7865 -51.4683 5
    endloop
  endfacet
  facet normal -0.724253 0.689534 0
    outer loop
      vertex 56.7865 -51.4683 41
      vertex 54.1927 -54.1927 5
      vertex 54.1927 -54.1927 41
    endloop
  endfacet
  facet normal 0.949525 0.313691 0
    outer loop
      vertex -72.1599 -25.8192 41
      vertex -73.3399 -22.2474 5
      vertex -73.3399 -22.2474 41
    endloop
  endfacet
  facet normal 0.949525 0.313691 0
    outer loop
      vertex -73.3399 -22.2474 5
      vertex -72.1599 -25.8192 41
      vertex -72.1599 -25.8192 5
    endloop
  endfacet
  facet normal -0.449615 0.893222 0
    outer loop
      vertex 36.1278 -67.5904 5
      vertex 32.7678 -69.2817 41
      vertex 36.1278 -67.5904 41
    endloop
  endfacet
  facet normal -0.449615 0.893222 0
    outer loop
      vertex 32.7678 -69.2817 41
      vertex 36.1278 -67.5904 5
      vertex 32.7678 -69.2817 5
    endloop
  endfacet
  facet normal -0.844855 0.534996 0
    outer loop
      vertex 63.7238 -42.5789 5
      vertex 65.7363 -39.4008 41
      vertex 65.7363 -39.4008 5
    endloop
  endfacet
  facet normal -0.844855 0.534996 0
    outer loop
      vertex 65.7363 -39.4008 41
      vertex 63.7238 -42.5789 5
      vertex 63.7238 -42.5789 41
    endloop
  endfacet
  facet normal -0.757215 -0.653166 0
    outer loop
      vertex 59.2435 48.6199 5
      vertex 56.7865 51.4683 41
      vertex 56.7865 51.4683 5
    endloop
  endfacet
  facet normal -0.757215 -0.653166 0
    outer loop
      vertex 56.7865 51.4683 41
      vertex 59.2435 48.6199 5
      vertex 59.2435 48.6199 41
    endloop
  endfacet
  facet normal -0.689534 -0.724253 0
    outer loop
      vertex 51.4683 56.7865 5
      vertex 54.1927 54.1927 41
      vertex 51.4683 56.7865 41
    endloop
  endfacet
  facet normal -0.689534 -0.724253 -0
    outer loop
      vertex 54.1927 54.1927 41
      vertex 51.4683 56.7865 5
      vertex 54.1927 54.1927 5
    endloop
  endfacet
  facet normal -0.724253 -0.689534 0
    outer loop
      vertex 56.7865 51.4683 5
      vertex 54.1927 54.1927 41
      vertex 54.1927 54.1927 5
    endloop
  endfacet
  facet normal -0.724253 -0.689534 0
    outer loop
      vertex 54.1927 54.1927 41
      vertex 56.7865 51.4683 5
      vertex 56.7865 51.4683 41
    endloop
  endfacet
  facet normal 0.449615 0.893222 -0
    outer loop
      vertex -32.7678 -69.2817 5
      vertex -36.1278 -67.5904 41
      vertex -32.7678 -69.2817 41
    endloop
  endfacet
  facet normal 0.449615 0.893222 0
    outer loop
      vertex -36.1278 -67.5904 41
      vertex -32.7678 -69.2817 5
      vertex -36.1278 -67.5904 5
    endloop
  endfacet
  facet normal 0.985278 0.170961 0
    outer loop
      vertex -75.1674 -14.9517 41
      vertex -75.8105 -11.2454 5
      vertex -75.8105 -11.2454 41
    endloop
  endfacet
  facet normal 0.985278 0.170961 0
    outer loop
      vertex -75.8105 -11.2454 5
      vertex -75.1674 -14.9517 41
      vertex -75.1674 -14.9517 5
    endloop
  endfacet
  facet normal -0.914206 0.40525 0
    outer loop
      vertex 69.2817 -32.7678 5
      vertex 70.8061 -29.3289 41
      vertex 70.8061 -29.3289 5
    endloop
  endfacet
  facet normal -0.914206 0.40525 0
    outer loop
      vertex 70.8061 -29.3289 41
      vertex 69.2817 -32.7678 5
      vertex 69.2817 -32.7678 41
    endloop
  endfacet
  facet normal 0.492892 0.870091 -0
    outer loop
      vertex -36.1278 -67.5904 5
      vertex -39.4008 -65.7363 41
      vertex -36.1278 -67.5904 41
    endloop
  endfacet
  facet normal 0.492892 0.870091 0
    outer loop
      vertex -39.4008 -65.7363 41
      vertex -36.1278 -67.5904 5
      vertex -39.4008 -65.7363 5
    endloop
  endfacet
  facet normal 0.615232 0.788346 -0
    outer loop
      vertex -45.6544 -61.5578 5
      vertex -48.6199 -59.2435 41
      vertex -45.6544 -61.5578 41
    endloop
  endfacet
  facet normal 0.615232 0.788346 0
    outer loop
      vertex -48.6199 -59.2435 41
      vertex -45.6544 -61.5578 5
      vertex -48.6199 -59.2435 5
    endloop
  endfacet
  facet normal -0.449615 -0.893222 0
    outer loop
      vertex 32.7678 69.2817 5
      vertex 36.1278 67.5904 41
      vertex 32.7678 69.2817 41
    endloop
  endfacet
  facet normal -0.449615 -0.893222 -0
    outer loop
      vertex 36.1278 67.5904 41
      vertex 32.7678 69.2817 5
      vertex 36.1278 67.5904 5
    endloop
  endfacet
  facet normal -0.492892 -0.870091 0
    outer loop
      vertex 36.1278 67.5904 5
      vertex 39.4008 65.7363 41
      vertex 36.1278 67.5904 41
    endloop
  endfacet
  facet normal -0.492892 -0.870091 -0
    outer loop
      vertex 39.4008 65.7363 41
      vertex 36.1278 67.5904 5
      vertex 39.4008 65.7363 5
    endloop
  endfacet
  facet normal 0.449615 -0.893222 0
    outer loop
      vertex -36.1278 67.5904 5
      vertex -32.7678 69.2817 41
      vertex -36.1278 67.5904 41
    endloop
  endfacet
  facet normal 0.449615 -0.893222 0
    outer loop
      vertex -32.7678 69.2817 41
      vertex -36.1278 67.5904 5
      vertex -32.7678 69.2817 5
    endloop
  endfacet
  facet normal 0.949525 -0.313691 0
    outer loop
      vertex -73.3399 22.2474 41
      vertex -72.1599 25.8192 5
      vertex -72.1599 25.8192 41
    endloop
  endfacet
  facet normal 0.949525 -0.313691 0
    outer loop
      vertex -72.1599 25.8192 5
      vertex -73.3399 22.2474 41
      vertex -73.3399 22.2474 5
    endloop
  endfacet
  facet normal 0.534996 -0.844855 0
    outer loop
      vertex -42.5789 63.7238 5
      vertex -39.4008 65.7363 41
      vertex -42.5789 63.7238 41
    endloop
  endfacet
  facet normal 0.534996 -0.844855 0
    outer loop
      vertex -39.4008 65.7363 41
      vertex -42.5789 63.7238 5
      vertex -39.4008 65.7363 5
    endloop
  endfacet
  facet normal -0.313691 -0.949525 0
    outer loop
      vertex 22.2474 73.3399 5
      vertex 25.8192 72.1599 41
      vertex 22.2474 73.3399 41
    endloop
  endfacet
  facet normal -0.313691 -0.949525 -0
    outer loop
      vertex 25.8192 72.1599 41
      vertex 22.2474 73.3399 5
      vertex 25.8192 72.1599 5
    endloop
  endfacet
  facet normal -0.893222 0.449615 0
    outer loop
      vertex 67.5904 -36.1278 5
      vertex 69.2817 -32.7678 41
      vertex 69.2817 -32.7678 5
    endloop
  endfacet
  facet normal -0.893222 0.449615 0
    outer loop
      vertex 69.2817 -32.7678 41
      vertex 67.5904 -36.1278 5
      vertex 67.5904 -36.1278 41
    endloop
  endfacet
  facet normal 0.992478 -0.122419 0
    outer loop
      vertex -76.271 7.51203 41
      vertex -75.8105 11.2454 5
      vertex -75.8105 11.2454 41
    endloop
  endfacet
  facet normal 0.992478 -0.122419 0
    outer loop
      vertex -75.8105 11.2454 5
      vertex -76.271 7.51203 41
      vertex -76.271 7.51203 5
    endloop
  endfacet
  facet normal -0.817586 0.575806 0
    outer loop
      vertex 61.5578 -45.6544 5
      vertex 63.7238 -42.5789 41
      vertex 63.7238 -42.5789 5
    endloop
  endfacet
  facet normal -0.817586 0.575806 0
    outer loop
      vertex 63.7238 -42.5789 41
      vertex 61.5578 -45.6544 5
      vertex 61.5578 -45.6544 41
    endloop
  endfacet
  facet normal -0.266717 0.963775 0
    outer loop
      vertex 22.2474 -73.3399 5
      vertex 18.622 -74.3432 41
      vertex 22.2474 -73.3399 41
    endloop
  endfacet
  facet normal -0.266717 0.963775 0
    outer loop
      vertex 18.622 -74.3432 41
      vertex 22.2474 -73.3399 5
      vertex 18.622 -74.3432 5
    endloop
  endfacet
  facet normal 0.870091 -0.492892 0
    outer loop
      vertex -67.5904 36.1278 41
      vertex -65.7363 39.4008 5
      vertex -65.7363 39.4008 41
    endloop
  endfacet
  facet normal 0.870091 -0.492892 0
    outer loop
      vertex -65.7363 39.4008 5
      vertex -67.5904 36.1278 41
      vertex -67.5904 36.1278 5
    endloop
  endfacet
  facet normal -0.492892 0.870091 0
    outer loop
      vertex 39.4008 -65.7363 5
      vertex 36.1278 -67.5904 41
      vertex 39.4008 -65.7363 41
    endloop
  endfacet
  facet normal -0.492892 0.870091 0
    outer loop
      vertex 36.1278 -67.5904 41
      vertex 39.4008 -65.7363 5
      vertex 36.1278 -67.5904 5
    endloop
  endfacet
  facet normal 0.0245369 0.999699 -0
    outer loop
      vertex 0 -76.64 5
      vertex -3.76055 -76.5477 41
      vertex 0 -76.64 41
    endloop
  endfacet
  facet normal 0.0245369 0.999699 0
    outer loop
      vertex -3.76055 -76.5477 41
      vertex 0 -76.64 5
      vertex -3.76055 -76.5477 5
    endloop
  endfacet
  facet normal 0.313691 0.949525 -0
    outer loop
      vertex -22.2474 -73.3399 5
      vertex -25.8192 -72.1599 41
      vertex -22.2474 -73.3399 41
    endloop
  endfacet
  facet normal 0.313691 0.949525 0
    outer loop
      vertex -25.8192 -72.1599 41
      vertex -22.2474 -73.3399 5
      vertex -25.8192 -72.1599 5
    endloop
  endfacet
  facet normal 0.844855 0.534996 0
    outer loop
      vertex -63.7238 -42.5789 41
      vertex -65.7363 -39.4008 5
      vertex -65.7363 -39.4008 41
    endloop
  endfacet
  facet normal 0.844855 0.534996 0
    outer loop
      vertex -65.7363 -39.4008 5
      vertex -63.7238 -42.5789 41
      vertex -63.7238 -42.5789 5
    endloop
  endfacet
  facet normal -0.266717 -0.963775 0
    outer loop
      vertex 18.622 74.3432 5
      vertex 22.2474 73.3399 41
      vertex 18.622 74.3432 41
    endloop
  endfacet
  facet normal -0.266717 -0.963775 -0
    outer loop
      vertex 22.2474 73.3399 41
      vertex 18.622 74.3432 5
      vertex 22.2474 73.3399 5
    endloop
  endfacet
  facet normal 0.893222 -0.449615 0
    outer loop
      vertex -69.2817 32.7678 41
      vertex -67.5904 36.1278 5
      vertex -67.5904 36.1278 41
    endloop
  endfacet
  facet normal 0.893222 -0.449615 0
    outer loop
      vertex -67.5904 36.1278 5
      vertex -69.2817 32.7678 41
      vertex -69.2817 32.7678 5
    endloop
  endfacet
  facet normal 0.724253 -0.689534 0
    outer loop
      vertex -56.7865 51.4683 41
      vertex -54.1927 54.1927 5
      vertex -54.1927 54.1927 41
    endloop
  endfacet
  facet normal 0.724253 -0.689534 0
    outer loop
      vertex -54.1927 54.1927 5
      vertex -56.7865 51.4683 41
      vertex -56.7865 51.4683 5
    endloop
  endfacet
  facet normal 0.40525 0.914206 -0
    outer loop
      vertex -29.3289 -70.8061 5
      vertex -32.7678 -69.2817 41
      vertex -29.3289 -70.8061 41
    endloop
  endfacet
  facet normal 0.40525 0.914206 0
    outer loop
      vertex -32.7678 -69.2817 41
      vertex -29.3289 -70.8061 5
      vertex -32.7678 -69.2817 5
    endloop
  endfacet
  facet normal 0 0 -1
    outer loop
      vertex 76.64 0 17
      vertex 92.5 0 17
      vertex 92.3886 -4.53876 17
    endloop
  endfacet
  facet normal 0 0 -1
    outer loop
      vertex 76.5477 -3.76055 17
      vertex 92.3886 -4.53876 17
      vertex 92.3546 -5 17
    endloop
  endfacet
  facet normal 0 0 -1
    outer loop
      vertex 92.5 0 17
      vertex 76.64 0 17
      vertex 92.3886 4.53876 17
    endloop
  endfacet
  facet normal 0 0 -1
    outer loop
      vertex 76.5477 3.76055 17
      vertex 92.3886 4.53876 17
      vertex 76.64 0 17
    endloop
  endfacet
  facet normal 0 0 -1
    outer loop
      vertex 92.3886 -4.53876 17
      vertex 76.5477 -3.76055 17
      vertex 76.64 0 17
    endloop
  endfacet
  facet normal 0 -0 -1
    outer loop
      vertex 76.5477 -3.76055 17
      vertex 92.3546 -5 17
      vertex 76.4563 -5 17
    endloop
  endfacet
  facet normal -0 0 -1
    outer loop
      vertex 92.3886 4.53876 17
      vertex 76.5477 3.76055 17
      vertex 92.3546 5 17
    endloop
  endfacet
  facet normal -0 0 -1
    outer loop
      vertex 92.3546 5 17
      vertex 76.5477 3.76055 17
      vertex 76.4563 5 17
    endloop
  endfacet
  facet normal 0 0 1
    outer loop
      vertex 76.64 0 7
      vertex 105 0 7
      vertex 104.877 5 7
    endloop
  endfacet
  facet normal 0 0 1
    outer loop
      vertex 105 0 7
      vertex 76.64 0 7
      vertex 104.877 -5 7
    endloop
  endfacet
  facet normal 0 0 1
    outer loop
      vertex 104.877 5 7
      vertex 76.5477 3.76055 7
      vertex 76.64 0 7
    endloop
  endfacet
  facet normal 0 -0 1
    outer loop
      vertex 76.5477 3.76055 7
      vertex 104.877 5 7
      vertex 76.4563 5 7
    endloop
  endfacet
  facet normal -0 0 1
    outer loop
      vertex 76.5477 -3.76055 7
      vertex 104.877 -5 7
      vertex 76.64 0 7
    endloop
  endfacet
  facet normal 0 0 1
    outer loop
      vertex 104.877 -5 7
      vertex 76.5477 -3.76055 7
      vertex 76.4563 -5 7
    endloop
  endfacet
  facet normal 0 -1 0
    outer loop
      vertex 76.4563 5 17
      vertex 92.3546 5 15.01
      vertex 92.3546 5 17
    endloop
  endfacet
  facet normal 0 -1 0
    outer loop
      vertex 76.4563 5 7
      vertex 92.3546 5 15.01
      vertex 76.4563 5 17
    endloop
  endfacet
  facet normal 0 -1 0
    outer loop
      vertex 104.877 5 7
      vertex 92.3546 5 15.01
      vertex 76.4563 5 7
    endloop
  endfacet
  facet normal 0 -1 0
    outer loop
      vertex 92.3546 5 15.01
      vertex 104.877 5 7
      vertex 104.877 5 15.01
    endloop
  endfacet
  facet normal 0 1 0
    outer loop
      vertex 104.877 -5 15.01
      vertex 104.877 -5 7
      vertex 92.3546 -5 15.01
    endloop
  endfacet
  facet normal 0 1 -0
    outer loop
      vertex 92.3546 -5 15.01
      vertex 76.4563 -5 17
      vertex 92.3546 -5 17
    endloop
  endfacet
  facet normal 0 1 0
    outer loop
      vertex 76.4563 -5 7
      vertex 92.3546 -5 15.01
      vertex 104.877 -5 7
    endloop
  endfacet
  facet normal 0 1 0
    outer loop
      vertex 92.3546 -5 15.01
      vertex 76.4563 -5 7
      vertex 76.4563 -5 17
    endloop
  endfacet
endsolid OpenSCAD_Model
