solid OpenSCAD_Model
  facet normal -0.988899 0.0323698 -0.145022
    outer loop
      vertex -44.9323 2.94502 8
      vertex -44.4421 0 4
      vertex -45.0287 0 8
    endloop
  endfacet
  facet normal -0.988901 0.0323549 -0.145011
    outer loop
      vertex -44.347 2.90665 4
      vertex -44.4421 0 4
      vertex -44.9323 2.94502 8
    endloop
  endfacet
  facet normal -0.974394 0.0318769 -0.222576
    outer loop
      vertex -45.8441 3.00478 12
      vertex -45.0287 0 8
      vertex -45.9424 0 12
    endloop
  endfacet
  facet normal -0.974391 0.0318949 -0.222589
    outer loop
      vertex -44.9323 2.94502 8
      vertex -45.0287 0 8
      vertex -45.8441 3.00478 12
    endloop
  endfacet
  facet normal -0.960504 0.031465 -0.276481
    outer loop
      vertex -46.9929 3.08008 16
      vertex -45.9424 0 12
      vertex -47.0938 0 16
    endloop
  endfacet
  facet normal -0.960514 0.0314228 -0.276451
    outer loop
      vertex -45.8441 3.00478 12
      vertex -45.9424 0 12
      vertex -46.9929 3.08008 16
    endloop
  endfacet
  facet normal -0.952223 0.0311736 -0.303807
    outer loop
      vertex -49.5399 3.24702 24
      vertex -47.0938 0 16
      vertex -49.6462 0 24
    endloop
  endfacet
  facet normal -0.952221 0.0311937 -0.303814
    outer loop
      vertex -46.9929 3.08008 16
      vertex -47.0938 0 16
      vertex -49.5399 3.24702 24
    endloop
  endfacet
  facet normal -0.960512 0.0314261 -0.276459
    outer loop
      vertex -50.6888 3.32232 28
      vertex -49.6462 0 24
      vertex -50.7975 0 28
    endloop
  endfacet
  facet normal -0.960507 0.0314448 -0.276474
    outer loop
      vertex -49.5399 3.24702 24
      vertex -49.6462 0 24
      vertex -50.6888 3.32232 28
    endloop
  endfacet
  facet normal -0.974394 0.0318932 -0.222576
    outer loop
      vertex -51.6005 3.38208 32
      vertex -50.7975 0 28
      vertex -51.7112 0 32
    endloop
  endfacet
  facet normal -0.974396 0.0318804 -0.222566
    outer loop
      vertex -50.6888 3.32232 28
      vertex -50.7975 0 28
      vertex -51.6005 3.38208 32
    endloop
  endfacet
  facet normal -0.988895 0.0323807 -0.145046
    outer loop
      vertex -52.1859 3.42044 36
      vertex -51.7112 0 32
      vertex -52.2979 0 36
    endloop
  endfacet
  facet normal -0.988897 0.0323679 -0.145035
    outer loop
      vertex -51.6005 3.38208 32
      vertex -51.7112 0 32
      vertex -52.1859 3.42044 36
    endloop
  endfacet
  facet normal -0.998193 0.0326756 -0.0504337
    outer loop
      vertex -52.3876 3.43366 40
      vertex -52.2979 0 36
      vertex -52.5 0 40
    endloop
  endfacet
  facet normal -0.998192 0.0326851 -0.0504419
    outer loop
      vertex -52.1859 3.42044 36
      vertex -52.2979 0 36
      vertex -52.3876 3.43366 40
    endloop
  endfacet
  facet normal -0.998192 0.0326851 0.0504337
    outer loop
      vertex -52.2979 0 44
      vertex -52.1859 3.42044 44
      vertex -52.5 0 40
    endloop
  endfacet
  facet normal -0.998192 0.0326756 0.0504418
    outer loop
      vertex -52.1859 3.42044 44
      vertex -52.3876 3.43366 40
      vertex -52.5 0 40
    endloop
  endfacet
  facet normal -0.988895 0.0323679 0.145046
    outer loop
      vertex -51.7112 0 48
      vertex -51.6005 3.38208 48
      vertex -52.2979 0 44
    endloop
  endfacet
  facet normal -0.988896 0.0323807 0.145036
    outer loop
      vertex -51.6005 3.38208 48
      vertex -52.1859 3.42044 44
      vertex -52.2979 0 44
    endloop
  endfacet
  facet normal -0.974394 0.0318803 0.222576
    outer loop
      vertex -50.7975 0 52
      vertex -50.6888 3.32232 52
      vertex -51.7112 0 48
    endloop
  endfacet
  facet normal -0.974396 0.0318933 0.222566
    outer loop
      vertex -50.6888 3.32232 52
      vertex -51.6005 3.38208 48
      vertex -51.7112 0 48
    endloop
  endfacet
  facet normal -0.960511 0.0314449 0.276459
    outer loop
      vertex -49.6462 0 56
      vertex -49.5399 3.24702 56
      vertex -50.7975 0 52
    endloop
  endfacet
  facet normal -0.960508 0.031426 0.276473
    outer loop
      vertex -49.5399 3.24702 56
      vertex -50.6888 3.32232 52
      vertex -50.7975 0 52
    endloop
  endfacet
  facet normal -0.952223 0.0311938 0.303807
    outer loop
      vertex -47.0938 0 64
      vertex -46.9929 3.08008 64
      vertex -49.6462 0 56
    endloop
  endfacet
  facet normal -0.952221 0.0311735 0.303814
    outer loop
      vertex -46.9929 3.08008 64
      vertex -49.5399 3.24702 56
      vertex -49.6462 0 56
    endloop
  endfacet
  facet normal -0.960505 0.0314225 0.276481
    outer loop
      vertex -45.9424 0 68
      vertex -45.8441 3.00478 68
      vertex -47.0938 0 64
    endloop
  endfacet
  facet normal -0.960513 0.0314653 0.276452
    outer loop
      vertex -45.8441 3.00478 68
      vertex -46.9929 3.08008 64
      vertex -47.0938 0 64
    endloop
  endfacet
  facet normal -0.974394 0.031895 0.222576
    outer loop
      vertex -45.0287 0 72
      vertex -44.9323 2.94502 72
      vertex -45.9424 0 68
    endloop
  endfacet
  facet normal -0.974391 0.0318768 0.222589
    outer loop
      vertex -44.9323 2.94502 72
      vertex -45.8441 3.00478 68
      vertex -45.9424 0 68
    endloop
  endfacet
  facet normal -0.988899 0.0323549 0.145022
    outer loop
      vertex -44.4421 0 76
      vertex -44.347 2.90665 76
      vertex -45.0287 0 72
    endloop
  endfacet
  facet normal -0.9889 0.0323699 0.145011
    outer loop
      vertex -44.347 2.90665 76
      vertex -44.9323 2.94502 72
      vertex -45.0287 0 72
    endloop
  endfacet
  facet normal -0.998193 0.0326702 0.0504337
    outer loop
      vertex -44.24 0 80
      vertex -44.1453 2.89343 80
      vertex -44.4421 0 76
    endloop
  endfacet
  facet normal -0.998193 0.032659 0.0504418
    outer loop
      vertex -44.1453 2.89343 80
      vertex -44.347 2.90665 76
      vertex -44.4421 0 76
    endloop
  endfacet
  facet normal 0.999465 -0.0327118 0
    outer loop
      vertex -44.24 0 80
      vertex -44.1453 2.89343 0
      vertex -44.1453 2.89343 80
    endloop
  endfacet
  facet normal 0.999465 -0.0327118 0
    outer loop
      vertex -44.1453 2.89343 0
      vertex -44.24 0 80
      vertex -44.24 0 0
    endloop
  endfacet
  facet normal -0.998193 0.032659 -0.0504337
    outer loop
      vertex -44.347 2.90665 4
      vertex -44.24 0 0
      vertex -44.4421 0 4
    endloop
  endfacet
  facet normal -0.998193 0.0326702 -0.0504418
    outer loop
      vertex -44.1453 2.89343 0
      vertex -44.24 0 0
      vertex -44.347 2.90665 4
    endloop
  endfacet
  facet normal -0.984666 0.0969754 -0.145012
    outer loop
      vertex -44.6435 5.87743 8
      vertex -44.347 2.90665 4
      vertex -44.9323 2.94502 8
    endloop
  endfacet
  facet normal -0.984662 0.0969961 -0.145027
    outer loop
      vertex -44.0619 5.80086 4
      vertex -44.347 2.90665 4
      vertex -44.6435 5.87743 8
    endloop
  endfacet
  facet normal -0.970217 0.0955654 -0.222589
    outer loop
      vertex -45.5494 5.99669 12
      vertex -44.9323 2.94502 8
      vertex -45.8441 3.00478 12
    endloop
  endfacet
  facet normal -0.970221 0.0955527 -0.22258
    outer loop
      vertex -44.6435 5.87743 8
      vertex -44.9323 2.94502 8
      vertex -45.5494 5.99669 12
    endloop
  endfacet
  facet normal -0.956402 0.094178 -0.276452
    outer loop
      vertex -46.6909 6.14697 16
      vertex -45.8441 3.00478 12
      vertex -46.9929 3.08008 16
    endloop
  endfacet
  facet normal -0.956394 0.0942038 -0.27647
    outer loop
      vertex -45.5494 5.99669 12
      vertex -45.8441 3.00478 12
      vertex -46.6909 6.14697 16
    endloop
  endfacet
  facet normal -0.948145 0.0933743 -0.303814
    outer loop
      vertex -49.2215 6.48013 24
      vertex -46.9929 3.08008 16
      vertex -49.5399 3.24702 24
    endloop
  endfacet
  facet normal -0.948147 0.093365 -0.303811
    outer loop
      vertex -46.6909 6.14697 16
      vertex -46.9929 3.08008 16
      vertex -49.2215 6.48013 24
    endloop
  endfacet
  facet normal -0.956394 0.0941913 -0.276474
    outer loop
      vertex -50.363 6.63041 28
      vertex -49.5399 3.24702 24
      vertex -50.6888 3.32232 28
    endloop
  endfacet
  facet normal -0.956396 0.0941869 -0.27647
    outer loop
      vertex -49.2215 6.48013 24
      vertex -49.5399 3.24702 24
      vertex -50.363 6.63041 28
    endloop
  endfacet
  facet normal -0.970223 0.0955647 -0.222566
    outer loop
      vertex -51.2688 6.74967 32
      vertex -50.6888 3.32232 28
      vertex -51.6005 3.38208 32
    endloop
  endfacet
  facet normal -0.970226 0.0955535 -0.222557
    outer loop
      vertex -50.363 6.63041 28
      vertex -50.6888 3.32232 28
      vertex -51.2688 6.74967 32
    endloop
  endfacet
  facet normal -0.98466 0.0969974 -0.145035
    outer loop
      vertex -51.8504 6.82624 36
      vertex -51.6005 3.38208 32
      vertex -52.1859 3.42044 36
    endloop
  endfacet
  facet normal -0.984663 0.0969871 -0.145027
    outer loop
      vertex -51.2688 6.74967 32
      vertex -51.6005 3.38208 32
      vertex -51.8504 6.82624 36
    endloop
  endfacet
  facet normal -0.993919 0.0978814 -0.0504419
    outer loop
      vertex -52.0509 6.85262 40
      vertex -52.1859 3.42044 36
      vertex -52.3876 3.43366 40
    endloop
  endfacet
  facet normal -0.993915 0.097909 -0.0504657
    outer loop
      vertex -52.0509 6.85262 40
      vertex -51.8504 6.82624 36
      vertex -52.1859 3.42044 36
    endloop
  endfacet
  facet normal -0.993916 0.0979091 0.0504418
    outer loop
      vertex -52.1859 3.42044 44
      vertex -51.8504 6.82624 44
      vertex -52.3876 3.43366 40
    endloop
  endfacet
  facet normal -0.993918 0.0978813 0.0504657
    outer loop
      vertex -51.8504 6.82624 44
      vertex -52.0509 6.85262 40
      vertex -52.3876 3.43366 40
    endloop
  endfacet
  facet normal -0.984662 0.0969869 0.145035
    outer loop
      vertex -51.6005 3.38208 48
      vertex -51.2688 6.74967 48
      vertex -52.1859 3.42044 44
    endloop
  endfacet
  facet normal -0.984662 0.0969975 0.145027
    outer loop
      vertex -51.2688 6.74967 48
      vertex -51.8504 6.82624 44
      vertex -52.1859 3.42044 44
    endloop
  endfacet
  facet normal -0.970224 0.0955533 0.222566
    outer loop
      vertex -50.6888 3.32232 52
      vertex -50.363 6.63041 52
      vertex -51.6005 3.38208 48
    endloop
  endfacet
  facet normal -0.970225 0.0955649 0.222557
    outer loop
      vertex -50.363 6.63041 52
      vertex -51.2688 6.74967 48
      vertex -51.6005 3.38208 48
    endloop
  endfacet
  facet normal -0.956395 0.0941868 0.276474
    outer loop
      vertex -49.5399 3.24702 56
      vertex -49.2215 6.48013 56
      vertex -50.6888 3.32232 52
    endloop
  endfacet
  facet normal -0.956395 0.0941914 0.27647
    outer loop
      vertex -49.2215 6.48013 56
      vertex -50.363 6.63041 52
      vertex -50.6888 3.32232 52
    endloop
  endfacet
  facet normal -0.948146 0.0933649 0.303814
    outer loop
      vertex -46.9929 3.08008 64
      vertex -46.6909 6.14697 64
      vertex -49.5399 3.24702 56
    endloop
  endfacet
  facet normal -0.948146 0.0933744 0.303811
    outer loop
      vertex -46.6909 6.14697 64
      vertex -49.2215 6.48013 56
      vertex -49.5399 3.24702 56
    endloop
  endfacet
  facet normal -0.9564 0.0942044 0.276451
    outer loop
      vertex -45.8441 3.00478 68
      vertex -45.5494 5.99669 68
      vertex -46.9929 3.08008 64
    endloop
  endfacet
  facet normal -0.956397 0.0941774 0.27647
    outer loop
      vertex -45.5494 5.99669 68
      vertex -46.6909 6.14697 64
      vertex -46.9929 3.08008 64
    endloop
  endfacet
  facet normal -0.970218 0.0955525 0.222589
    outer loop
      vertex -44.9323 2.94502 72
      vertex -44.6435 5.87743 72
      vertex -45.8441 3.00478 68
    endloop
  endfacet
  facet normal -0.970219 0.0955656 0.22258
    outer loop
      vertex -44.6435 5.87743 72
      vertex -45.5494 5.99669 68
      vertex -45.8441 3.00478 68
    endloop
  endfacet
  facet normal -0.984664 0.0969963 0.145011
    outer loop
      vertex -44.347 2.90665 76
      vertex -44.0619 5.80086 76
      vertex -44.9323 2.94502 72
    endloop
  endfacet
  facet normal -0.984664 0.0969752 0.145026
    outer loop
      vertex -44.0619 5.80086 76
      vertex -44.6435 5.87743 72
      vertex -44.9323 2.94502 72
    endloop
  endfacet
  facet normal -0.993916 0.0979065 0.0504418
    outer loop
      vertex -44.1453 2.89343 80
      vertex -43.8615 5.77448 80
      vertex -44.347 2.90665 76
    endloop
  endfacet
  facet normal -0.993916 0.0979077 0.0504409
    outer loop
      vertex -43.8615 5.77448 80
      vertex -44.0619 5.80086 76
      vertex -44.347 2.90665 76
    endloop
  endfacet
  facet normal 0.995183 -0.0980313 0
    outer loop
      vertex -44.1453 2.89343 80
      vertex -43.8615 5.77448 0
      vertex -43.8615 5.77448 80
    endloop
  endfacet
  facet normal 0.995183 -0.0980313 0
    outer loop
      vertex -43.8615 5.77448 0
      vertex -44.1453 2.89343 80
      vertex -44.1453 2.89343 0
    endloop
  endfacet
  facet normal -0.993916 0.0979077 -0.0504418
    outer loop
      vertex -44.0619 5.80086 4
      vertex -44.1453 2.89343 0
      vertex -44.347 2.90665 4
    endloop
  endfacet
  facet normal -0.993917 0.0979065 -0.0504409
    outer loop
      vertex -44.0619 5.80086 4
      vertex -43.8615 5.77448 0
      vertex -44.1453 2.89343 0
    endloop
  endfacet
  facet normal -0.976212 0.161177 -0.145027
    outer loop
      vertex -44.1635 8.78467 8
      vertex -44.0619 5.80086 4
      vertex -44.6435 5.87743 8
    endloop
  endfacet
  facet normal -0.976216 0.161162 -0.145015
    outer loop
      vertex -43.5882 8.67023 4
      vertex -44.0619 5.80086 4
      vertex -44.1635 8.78467 8
    endloop
  endfacet
  facet normal -0.961894 0.1588 -0.22258
    outer loop
      vertex -45.0597 8.96293 12
      vertex -44.6435 5.87743 8
      vertex -45.5494 5.99669 12
    endloop
  endfacet
  facet normal -0.96189 0.158813 -0.222589
    outer loop
      vertex -44.1635 8.78467 8
      vertex -44.6435 5.87743 8
      vertex -45.0597 8.96293 12
    endloop
  endfacet
  facet normal -0.948186 0.156547 -0.27647
    outer loop
      vertex -46.1889 9.18753 16
      vertex -45.5494 5.99669 12
      vertex -46.6909 6.14697 16
    endloop
  endfacet
  facet normal -0.94819 0.156538 -0.276464
    outer loop
      vertex -45.0597 8.96293 12
      vertex -45.5494 5.99669 12
      vertex -46.1889 9.18753 16
    endloop
  endfacet
  facet normal -0.940007 0.155193 -0.303811
    outer loop
      vertex -48.6923 9.6855 24
      vertex -46.6909 6.14697 16
      vertex -49.2215 6.48013 24
    endloop
  endfacet
  facet normal -0.940007 0.155196 -0.303812
    outer loop
      vertex -46.1889 9.18753 16
      vertex -46.6909 6.14697 16
      vertex -48.6923 9.6855 24
    endloop
  endfacet
  facet normal -0.948186 0.156552 -0.27647
    outer loop
      vertex -49.8215 9.91011 28
      vertex -49.2215 6.48013 24
      vertex -50.363 6.63041 28
    endloop
  endfacet
  facet normal -0.948189 0.156544 -0.276464
    outer loop
      vertex -48.6923 9.6855 24
      vertex -49.2215 6.48013 24
      vertex -49.8215 9.91011 28
    endloop
  endfacet
  facet normal -0.961899 0.158803 -0.222557
    outer loop
      vertex -50.7176 10.0884 32
      vertex -50.363 6.63041 28
      vertex -51.2688 6.74967 32
    endloop
  endfacet
  facet normal -0.961895 0.158815 -0.222567
    outer loop
      vertex -49.8215 9.91011 28
      vertex -50.363 6.63041 28
      vertex -50.7176 10.0884 32
    endloop
  endfacet
  facet normal -0.976216 0.161153 -0.145027
    outer loop
      vertex -51.293 10.2028 36
      vertex -51.2688 6.74967 32
      vertex -51.8504 6.82624 36
    endloop
  endfacet
  facet normal -0.976212 0.161165 -0.145037
    outer loop
      vertex -50.7176 10.0884 32
      vertex -51.2688 6.74967 32
      vertex -51.293 10.2028 36
    endloop
  endfacet
  facet normal -0.985383 0.16271 -0.0504654
    outer loop
      vertex -51.4912 10.2422 40
      vertex -51.8504 6.82624 36
      vertex -52.0509 6.85262 40
    endloop
  endfacet
  facet normal -0.985391 0.162668 -0.0504284
    outer loop
      vertex -51.4912 10.2422 40
      vertex -51.293 10.2028 36
      vertex -51.8504 6.82624 36
    endloop
  endfacet
  facet normal -0.98539 0.162667 0.0504654
    outer loop
      vertex -51.8504 6.82624 44
      vertex -51.293 10.2028 44
      vertex -52.0509 6.85262 40
    endloop
  endfacet
  facet normal -0.985384 0.16271 0.0504285
    outer loop
      vertex -51.293 10.2028 44
      vertex -51.4912 10.2422 40
      vertex -52.0509 6.85262 40
    endloop
  endfacet
  facet normal -0.976214 0.161166 0.145027
    outer loop
      vertex -51.2688 6.74967 48
      vertex -50.7176 10.0884 48
      vertex -51.8504 6.82624 44
    endloop
  endfacet
  facet normal -0.976214 0.161153 0.145037
    outer loop
      vertex -50.7176 10.0884 48
      vertex -51.293 10.2028 44
      vertex -51.8504 6.82624 44
    endloop
  endfacet
  facet normal -0.961897 0.158816 0.222557
    outer loop
      vertex -50.363 6.63041 52
      vertex -49.8215 9.91011 52
      vertex -51.2688 6.74967 48
    endloop
  endfacet
  facet normal -0.961897 0.158802 0.222567
    outer loop
      vertex -49.8215 9.91011 52
      vertex -50.7176 10.0884 48
      vertex -51.2688 6.74967 48
    endloop
  endfacet
  facet normal -0.948187 0.156544 0.27647
    outer loop
      vertex -49.2215 6.48013 56
      vertex -48.6923 9.6855 56
      vertex -50.363 6.63041 52
    endloop
  endfacet
  facet normal -0.948187 0.156552 0.276464
    outer loop
      vertex -48.6923 9.6855 56
      vertex -49.8215 9.91011 52
      vertex -50.363 6.63041 52
    endloop
  endfacet
  facet normal -0.940007 0.155196 0.303811
    outer loop
      vertex -46.6909 6.14697 64
      vertex -46.1889 9.18753 64
      vertex -49.2215 6.48013 56
    endloop
  endfacet
  facet normal -0.940007 0.155193 0.303812
    outer loop
      vertex -46.1889 9.18753 64
      vertex -48.6923 9.6855 56
      vertex -49.2215 6.48013 56
    endloop
  endfacet
  facet normal -0.948188 0.156537 0.27647
    outer loop
      vertex -45.5494 5.99669 68
      vertex -45.0597 8.96293 68
      vertex -46.6909 6.14697 64
    endloop
  endfacet
  facet normal -0.948188 0.156547 0.276464
    outer loop
      vertex -45.0597 8.96293 68
      vertex -46.1889 9.18753 64
      vertex -46.6909 6.14697 64
    endloop
  endfacet
  facet normal -0.961892 0.158813 0.22258
    outer loop
      vertex -44.6435 5.87743 72
      vertex -44.1635 8.78467 72
      vertex -45.5494 5.99669 68
    endloop
  endfacet
  facet normal -0.961892 0.1588 0.222589
    outer loop
      vertex -44.1635 8.78467 72
      vertex -45.0597 8.96293 68
      vertex -45.5494 5.99669 68
    endloop
  endfacet
  facet normal -0.976214 0.161162 0.145027
    outer loop
      vertex -44.0619 5.80086 76
      vertex -43.5882 8.67023 76
      vertex -44.6435 5.87743 72
    endloop
  endfacet
  facet normal -0.976213 0.161178 0.145015
    outer loop
      vertex -43.5882 8.67023 76
      vertex -44.1635 8.78467 72
      vertex -44.6435 5.87743 72
    endloop
  endfacet
  facet normal -0.985386 0.162695 0.0504408
    outer loop
      vertex -43.8615 5.77448 80
      vertex -43.3899 8.63079 80
      vertex -44.0619 5.80086 76
    endloop
  endfacet
  facet normal -0.985389 0.162676 0.0504546
    outer loop
      vertex -43.3899 8.63079 80
      vertex -43.5882 8.67023 76
      vertex -44.0619 5.80086 76
    endloop
  endfacet
  facet normal 0.986642 -0.162903 0
    outer loop
      vertex -43.8615 5.77448 80
      vertex -43.3899 8.63079 0
      vertex -43.3899 8.63079 80
    endloop
  endfacet
  facet normal 0.986642 -0.162903 0
    outer loop
      vertex -43.3899 8.63079 0
      vertex -43.8615 5.77448 80
      vertex -43.8615 5.77448 0
    endloop
  endfacet
  facet normal -0.985389 0.162676 -0.0504409
    outer loop
      vertex -43.5882 8.67023 4
      vertex -43.8615 5.77448 0
      vertex -44.0619 5.80086 4
    endloop
  endfacet
  facet normal -0.985386 0.162695 -0.0504547
    outer loop
      vertex -43.5882 8.67023 4
      vertex -43.3899 8.63079 0
      vertex -43.8615 5.77448 0
    endloop
  endfacet
  facet normal -0.963583 0.224675 -0.145015
    outer loop
      vertex -43.4944 11.6543 8
      vertex -43.5882 8.67023 4
      vertex -44.1635 8.78467 8
    endloop
  endfacet
  facet normal -0.963582 0.224678 -0.145018
    outer loop
      vertex -43.4944 11.6543 8
      vertex -42.9278 11.5025 4
      vertex -43.5882 8.67023 4
    endloop
  endfacet
  facet normal -0.949444 0.221385 -0.222589
    outer loop
      vertex -44.377 11.8908 12
      vertex -44.1635 8.78467 8
      vertex -45.0597 8.96293 12
    endloop
  endfacet
  facet normal -0.949446 0.221378 -0.222584
    outer loop
      vertex -43.4944 11.6543 8
      vertex -44.1635 8.78467 8
      vertex -44.377 11.8908 12
    endloop
  endfacet
  facet normal -0.935919 0.218226 -0.276463
    outer loop
      vertex -45.4891 12.1888 16
      vertex -45.0597 8.96293 12
      vertex -46.1889 9.18753 16
    endloop
  endfacet
  facet normal -0.935918 0.218231 -0.276467
    outer loop
      vertex -44.377 11.8908 12
      vertex -45.0597 8.96293 12
      vertex -45.4891 12.1888 16
    endloop
  endfacet
  facet normal -0.927845 0.216338 -0.303812
    outer loop
      vertex -47.9546 12.8494 24
      vertex -46.1889 9.18753 16
      vertex -48.6923 9.6855 24
    endloop
  endfacet
  facet normal -0.927843 0.216343 -0.303814
    outer loop
      vertex -45.4891 12.1888 16
      vertex -46.1889 9.18753 16
      vertex -47.9546 12.8494 24
    endloop
  endfacet
  facet normal -0.935921 0.218218 -0.276464
    outer loop
      vertex -49.0667 13.1474 28
      vertex -48.6923 9.6855 24
      vertex -49.8215 9.91011 28
    endloop
  endfacet
  facet normal -0.93592 0.218221 -0.276467
    outer loop
      vertex -47.9546 12.8494 24
      vertex -48.6923 9.6855 24
      vertex -49.0667 13.1474 28
    endloop
  endfacet
  facet normal -0.94945 0.22138 -0.222568
    outer loop
      vertex -49.9492 13.3839 32
      vertex -49.8215 9.91011 28
      vertex -50.7176 10.0884 32
    endloop
  endfacet
  facet normal -0.949453 0.221372 -0.222562
    outer loop
      vertex -49.0667 13.1474 28
      vertex -49.8215 9.91011 28
      vertex -49.9492 13.3839 32
    endloop
  endfacet
  facet normal -0.963575 0.224696 -0.145037
    outer loop
      vertex -50.5158 13.5357 36
      vertex -50.7176 10.0884 32
      vertex -51.293 10.2028 36
    endloop
  endfacet
  facet normal -0.963582 0.224675 -0.145018
    outer loop
      vertex -50.5158 13.5357 36
      vertex -49.9492 13.3839 32
      vertex -50.7176 10.0884 32
    endloop
  endfacet
  facet normal -0.97264 0.226779 -0.0504281
    outer loop
      vertex -50.7111 13.588 40
      vertex -51.293 10.2028 36
      vertex -51.4912 10.2422 40
    endloop
  endfacet
  facet normal -0.972632 0.226808 -0.0504543
    outer loop
      vertex -50.7111 13.588 40
      vertex -50.5158 13.5357 36
      vertex -51.293 10.2028 36
    endloop
  endfacet
  facet normal -0.972633 0.226809 0.050428
    outer loop
      vertex -51.293 10.2028 44
      vertex -50.5158 13.5357 44
      vertex -51.4912 10.2422 40
    endloop
  endfacet
  facet normal -0.972639 0.226778 0.0504542
    outer loop
      vertex -50.5158 13.5357 44
      vertex -50.7111 13.588 40
      vertex -51.4912 10.2422 40
    endloop
  endfacet
  facet normal -0.96358 0.224674 0.145037
    outer loop
      vertex -50.7176 10.0884 48
      vertex -49.9492 13.3839 48
      vertex -51.293 10.2028 44
    endloop
  endfacet
  facet normal -0.963577 0.224697 0.145018
    outer loop
      vertex -49.9492 13.3839 48
      vertex -50.5158 13.5357 44
      vertex -51.293 10.2028 44
    endloop
  endfacet
  facet normal -0.949451 0.221372 0.222568
    outer loop
      vertex -49.8215 9.91011 52
      vertex -49.0667 13.1474 52
      vertex -50.7176 10.0884 48
    endloop
  endfacet
  facet normal -0.949451 0.22138 0.222562
    outer loop
      vertex -49.0667 13.1474 52
      vertex -49.9492 13.3839 48
      vertex -50.7176 10.0884 48
    endloop
  endfacet
  facet normal -0.935921 0.218221 0.276464
    outer loop
      vertex -48.6923 9.6855 56
      vertex -47.9546 12.8494 56
      vertex -49.8215 9.91011 52
    endloop
  endfacet
  facet normal -0.935921 0.218217 0.276467
    outer loop
      vertex -47.9546 12.8494 56
      vertex -49.0667 13.1474 52
      vertex -49.8215 9.91011 52
    endloop
  endfacet
  facet normal -0.927844 0.216343 0.303812
    outer loop
      vertex -46.1889 9.18753 64
      vertex -45.4891 12.1888 64
      vertex -48.6923 9.6855 56
    endloop
  endfacet
  facet normal -0.927844 0.216338 0.303814
    outer loop
      vertex -45.4891 12.1888 64
      vertex -47.9546 12.8494 56
      vertex -48.6923 9.6855 56
    endloop
  endfacet
  facet normal -0.935918 0.218231 0.276463
    outer loop
      vertex -45.0597 8.96293 68
      vertex -44.377 11.8908 68
      vertex -46.1889 9.18753 64
    endloop
  endfacet
  facet normal -0.935919 0.218226 0.276467
    outer loop
      vertex -44.377 11.8908 68
      vertex -45.4891 12.1888 64
      vertex -46.1889 9.18753 64
    endloop
  endfacet
  facet normal -0.949445 0.221378 0.222589
    outer loop
      vertex -44.1635 8.78467 72
      vertex -43.4944 11.6543 72
      vertex -45.0597 8.96293 68
    endloop
  endfacet
  facet normal -0.949445 0.221385 0.222584
    outer loop
      vertex -43.4944 11.6543 72
      vertex -44.377 11.8908 68
      vertex -45.0597 8.96293 68
    endloop
  endfacet
  facet normal -0.963582 0.224678 0.145015
    outer loop
      vertex -43.5882 8.67023 76
      vertex -42.9278 11.5025 76
      vertex -44.1635 8.78467 72
    endloop
  endfacet
  facet normal -0.963582 0.224675 0.145018
    outer loop
      vertex -42.9278 11.5025 76
      vertex -43.4944 11.6543 72
      vertex -44.1635 8.78467 72
    endloop
  endfacet
  facet normal -0.972636 0.226789 0.0504546
    outer loop
      vertex -43.3899 8.63079 80
      vertex -42.7325 11.4502 80
      vertex -43.5882 8.67023 76
    endloop
  endfacet
  facet normal -0.972636 0.226789 0.0504542
    outer loop
      vertex -42.7325 11.4502 80
      vertex -42.9278 11.5025 76
      vertex -43.5882 8.67023 76
    endloop
  endfacet
  facet normal 0.973877 -0.227078 0
    outer loop
      vertex -43.3899 8.63079 80
      vertex -42.7325 11.4502 0
      vertex -42.7325 11.4502 80
    endloop
  endfacet
  facet normal 0.973877 -0.227078 0
    outer loop
      vertex -42.7325 11.4502 0
      vertex -43.3899 8.63079 80
      vertex -43.3899 8.63079 0
    endloop
  endfacet
  facet normal -0.972636 0.226789 -0.0504546
    outer loop
      vertex -42.9278 11.5025 4
      vertex -43.3899 8.63079 0
      vertex -43.5882 8.67023 4
    endloop
  endfacet
  facet normal -0.972636 0.226789 -0.0504542
    outer loop
      vertex -42.9278 11.5025 4
      vertex -42.7325 11.4502 0
      vertex -43.3899 8.63079 0
    endloop
  endfacet
  facet normal -0.946829 0.287202 -0.145018
    outer loop
      vertex -42.6391 14.474 8
      vertex -42.9278 11.5025 4
      vertex -43.4944 11.6543 8
    endloop
  endfacet
  facet normal -0.946825 0.287211 -0.145025
    outer loop
      vertex -42.6391 14.474 8
      vertex -42.0836 14.2855 4
      vertex -42.9278 11.5025 4
    endloop
  endfacet
  facet normal -0.932934 0.283003 -0.222584
    outer loop
      vertex -43.5043 14.7677 12
      vertex -43.4944 11.6543 8
      vertex -44.377 11.8908 12
    endloop
  endfacet
  facet normal -0.932941 0.282989 -0.222574
    outer loop
      vertex -42.6391 14.474 8
      vertex -43.4944 11.6543 8
      vertex -43.5043 14.7677 12
    endloop
  endfacet
  facet normal -0.919639 0.278979 -0.276467
    outer loop
      vertex -44.5945 15.1378 16
      vertex -44.377 11.8908 12
      vertex -45.4891 12.1888 16
    endloop
  endfacet
  facet normal -0.919644 0.278971 -0.276461
    outer loop
      vertex -43.5043 14.7677 12
      vertex -44.377 11.8908 12
      vertex -44.5945 15.1378 16
    endloop
  endfacet
  facet normal -0.911705 0.27657 -0.303814
    outer loop
      vertex -47.0115 15.9583 24
      vertex -45.4891 12.1888 16
      vertex -47.9546 12.8494 24
    endloop
  endfacet
  facet normal -0.911704 0.276572 -0.303815
    outer loop
      vertex -44.5945 15.1378 16
      vertex -45.4891 12.1888 16
      vertex -47.0115 15.9583 24
    endloop
  endfacet
  facet normal -0.919635 0.278993 -0.276467
    outer loop
      vertex -48.1017 16.3283 28
      vertex -47.9546 12.8494 24
      vertex -49.0667 13.1474 28
    endloop
  endfacet
  facet normal -0.919643 0.278978 -0.276454
    outer loop
      vertex -47.0115 15.9583 24
      vertex -47.9546 12.8494 24
      vertex -48.1017 16.3283 28
    endloop
  endfacet
  facet normal -0.932936 0.283013 -0.222562
    outer loop
      vertex -48.9669 16.622 32
      vertex -49.0667 13.1474 28
      vertex -49.9492 13.3839 32
    endloop
  endfacet
  facet normal -0.932929 0.283026 -0.222574
    outer loop
      vertex -48.9669 16.622 32
      vertex -48.1017 16.3283 28
      vertex -49.0667 13.1474 28
    endloop
  endfacet
  facet normal -0.946827 0.287208 -0.145018
    outer loop
      vertex -49.5224 16.8106 36
      vertex -49.9492 13.3839 32
      vertex -50.5158 13.5357 36
    endloop
  endfacet
  facet normal -0.94682 0.287224 -0.145032
    outer loop
      vertex -49.5224 16.8106 36
      vertex -48.9669 16.622 32
      vertex -49.9492 13.3839 32
    endloop
  endfacet
  facet normal -0.95572 0.28992 -0.0504537
    outer loop
      vertex -49.7138 16.8756 40
      vertex -50.5158 13.5357 36
      vertex -50.7111 13.588 40
    endloop
  endfacet
  facet normal -0.955725 0.289907 -0.0504424
    outer loop
      vertex -49.7138 16.8756 40
      vertex -49.5224 16.8106 36
      vertex -50.5158 13.5357 36
    endloop
  endfacet
  facet normal -0.955724 0.289907 0.0504538
    outer loop
      vertex -50.5158 13.5357 44
      vertex -49.5224 16.8106 44
      vertex -50.7111 13.588 40
    endloop
  endfacet
  facet normal -0.955721 0.28992 0.0504424
    outer loop
      vertex -49.5224 16.8106 44
      vertex -49.7138 16.8756 40
      vertex -50.7111 13.588 40
    endloop
  endfacet
  facet normal -0.946822 0.287225 0.145018
    outer loop
      vertex -49.9492 13.3839 48
      vertex -48.9669 16.622 48
      vertex -50.5158 13.5357 44
    endloop
  endfacet
  facet normal -0.946825 0.287208 0.145032
    outer loop
      vertex -48.9669 16.622 48
      vertex -49.5224 16.8106 44
      vertex -50.5158 13.5357 44
    endloop
  endfacet
  facet normal -0.932932 0.283027 0.222562
    outer loop
      vertex -49.0667 13.1474 52
      vertex -48.1017 16.3283 52
      vertex -49.9492 13.3839 48
    endloop
  endfacet
  facet normal -0.932934 0.283012 0.222574
    outer loop
      vertex -48.1017 16.3283 52
      vertex -48.9669 16.622 48
      vertex -49.9492 13.3839 48
    endloop
  endfacet
  facet normal -0.91964 0.278977 0.276467
    outer loop
      vertex -47.9546 12.8494 56
      vertex -47.0115 15.9583 56
      vertex -49.0667 13.1474 52
    endloop
  endfacet
  facet normal -0.919639 0.278994 0.276454
    outer loop
      vertex -47.0115 15.9583 56
      vertex -48.1017 16.3283 52
      vertex -49.0667 13.1474 52
    endloop
  endfacet
  facet normal -0.911704 0.276572 0.303814
    outer loop
      vertex -45.4891 12.1888 64
      vertex -44.5945 15.1378 64
      vertex -47.9546 12.8494 56
    endloop
  endfacet
  facet normal -0.911705 0.27657 0.303815
    outer loop
      vertex -44.5945 15.1378 64
      vertex -47.0115 15.9583 56
      vertex -47.9546 12.8494 56
    endloop
  endfacet
  facet normal -0.919642 0.278971 0.276467
    outer loop
      vertex -44.377 11.8908 68
      vertex -43.5043 14.7677 68
      vertex -45.4891 12.1888 64
    endloop
  endfacet
  facet normal -0.919641 0.27898 0.276461
    outer loop
      vertex -43.5043 14.7677 68
      vertex -44.5945 15.1378 64
      vertex -45.4891 12.1888 64
    endloop
  endfacet
  facet normal -0.932938 0.282988 0.222585
    outer loop
      vertex -43.4944 11.6543 72
      vertex -42.6391 14.474 72
      vertex -44.377 11.8908 68
    endloop
  endfacet
  facet normal -0.932936 0.283004 0.222574
    outer loop
      vertex -42.6391 14.474 72
      vertex -43.5043 14.7677 68
      vertex -44.377 11.8908 68
    endloop
  endfacet
  facet normal -0.946826 0.287212 0.145018
    outer loop
      vertex -42.9278 11.5025 76
      vertex -42.0836 14.2855 76
      vertex -43.4944 11.6543 72
    endloop
  endfacet
  facet normal -0.946828 0.287201 0.145025
    outer loop
      vertex -42.0836 14.2855 76
      vertex -42.6391 14.474 72
      vertex -43.4944 11.6543 72
    endloop
  endfacet
  facet normal -0.955727 0.289896 0.0504538
    outer loop
      vertex -42.7325 11.4502 80
      vertex -41.8922 14.2205 80
      vertex -42.9278 11.5025 76
    endloop
  endfacet
  facet normal -0.955723 0.289911 0.0504424
    outer loop
      vertex -41.8922 14.2205 80
      vertex -42.0836 14.2855 76
      vertex -42.9278 11.5025 76
    endloop
  endfacet
  facet normal 0.956946 -0.290265 0
    outer loop
      vertex -42.7325 11.4502 80
      vertex -41.8922 14.2205 0
      vertex -41.8922 14.2205 80
    endloop
  endfacet
  facet normal 0.956946 -0.290265 0
    outer loop
      vertex -41.8922 14.2205 0
      vertex -42.7325 11.4502 80
      vertex -42.7325 11.4502 0
    endloop
  endfacet
  facet normal -0.955723 0.289911 -0.0504538
    outer loop
      vertex -42.0836 14.2855 4
      vertex -42.7325 11.4502 0
      vertex -42.9278 11.5025 4
    endloop
  endfacet
  facet normal -0.955728 0.289896 -0.0504424
    outer loop
      vertex -42.0836 14.2855 4
      vertex -41.8922 14.2205 0
      vertex -42.7325 11.4502 0
    endloop
  endfacet
  facet normal -0.926007 0.348537 -0.145024
    outer loop
      vertex -41.6011 17.2318 8
      vertex -42.0836 14.2855 4
      vertex -42.6391 14.474 8
    endloop
  endfacet
  facet normal -0.926015 0.348523 -0.145013
    outer loop
      vertex -41.6011 17.2318 8
      vertex -41.0592 17.0073 4
      vertex -42.0836 14.2855 4
    endloop
  endfacet
  facet normal -0.91243 0.343414 -0.222574
    outer loop
      vertex -42.4453 17.5814 12
      vertex -42.6391 14.474 8
      vertex -43.5043 14.7677 12
    endloop
  endfacet
  facet normal -0.912424 0.343424 -0.222582
    outer loop
      vertex -42.4453 17.5814 12
      vertex -41.6011 17.2318 8
      vertex -42.6391 14.474 8
    endloop
  endfacet
  facet normal -0.899423 0.338539 -0.276461
    outer loop
      vertex -43.5089 18.022 16
      vertex -43.5043 14.7677 12
      vertex -44.5945 15.1378 16
    endloop
  endfacet
  facet normal -0.899433 0.338522 -0.276447
    outer loop
      vertex -42.4453 17.5814 12
      vertex -43.5043 14.7677 12
      vertex -43.5089 18.022 16
    endloop
  endfacet
  facet normal -0.891663 0.335609 -0.303815
    outer loop
      vertex -45.8671 18.9988 24
      vertex -44.5945 15.1378 16
      vertex -47.0115 15.9583 24
    endloop
  endfacet
  facet normal -0.891659 0.335617 -0.303818
    outer loop
      vertex -43.5089 18.022 16
      vertex -44.5945 15.1378 16
      vertex -45.8671 18.9988 24
    endloop
  endfacet
  facet normal -0.899435 0.338513 -0.276453
    outer loop
      vertex -46.9308 19.4394 28
      vertex -47.0115 15.9583 24
      vertex -48.1017 16.3283 28
    endloop
  endfacet
  facet normal -0.899424 0.33853 -0.276468
    outer loop
      vertex -46.9308 19.4394 28
      vertex -45.8671 18.9988 24
      vertex -47.0115 15.9583 24
    endloop
  endfacet
  facet normal -0.912427 0.343421 -0.222574
    outer loop
      vertex -47.7749 19.789 32
      vertex -48.1017 16.3283 28
      vertex -48.9669 16.622 32
    endloop
  endfacet
  facet normal -0.912436 0.343406 -0.22256
    outer loop
      vertex -47.7749 19.789 32
      vertex -46.9308 19.4394 28
      vertex -48.1017 16.3283 28
    endloop
  endfacet
  facet normal -0.926009 0.348529 -0.145033
    outer loop
      vertex -48.3169 20.0135 36
      vertex -48.9669 16.622 32
      vertex -49.5224 16.8106 36
    endloop
  endfacet
  facet normal -0.926008 0.348532 -0.145035
    outer loop
      vertex -48.3169 20.0135 36
      vertex -47.7749 19.789 32
      vertex -48.9669 16.622 32
    endloop
  endfacet
  facet normal -0.93472 0.351788 -0.0504429
    outer loop
      vertex -48.5037 20.0909 40
      vertex -49.5224 16.8106 36
      vertex -49.7138 16.8756 40
    endloop
  endfacet
  facet normal -0.934712 0.351805 -0.0504585
    outer loop
      vertex -48.5037 20.0909 40
      vertex -48.3169 20.0135 36
      vertex -49.5224 16.8106 36
    endloop
  endfacet
  facet normal -0.934713 0.351805 0.0504429
    outer loop
      vertex -49.5224 16.8106 44
      vertex -48.3169 20.0135 44
      vertex -49.7138 16.8756 40
    endloop
  endfacet
  facet normal -0.934719 0.351788 0.0504585
    outer loop
      vertex -48.3169 20.0135 44
      vertex -48.5037 20.0909 40
      vertex -49.7138 16.8756 40
    endloop
  endfacet
  facet normal -0.926008 0.348532 0.145033
    outer loop
      vertex -48.9669 16.622 48
      vertex -47.7749 19.789 48
      vertex -49.5224 16.8106 44
    endloop
  endfacet
  facet normal -0.926009 0.348529 0.145035
    outer loop
      vertex -47.7749 19.789 48
      vertex -48.3169 20.0135 44
      vertex -49.5224 16.8106 44
    endloop
  endfacet
  facet normal -0.912433 0.343405 0.222574
    outer loop
      vertex -48.1017 16.3283 52
      vertex -46.9308 19.4394 52
      vertex -48.9669 16.622 48
    endloop
  endfacet
  facet normal -0.91243 0.343422 0.222561
    outer loop
      vertex -46.9308 19.4394 52
      vertex -47.7749 19.789 48
      vertex -48.9669 16.622 48
    endloop
  endfacet
  facet normal -0.899428 0.338531 0.276453
    outer loop
      vertex -47.0115 15.9583 56
      vertex -45.8671 18.9988 56
      vertex -48.1017 16.3283 52
    endloop
  endfacet
  facet normal -0.899431 0.338512 0.276468
    outer loop
      vertex -45.8671 18.9988 56
      vertex -46.9308 19.4394 52
      vertex -48.1017 16.3283 52
    endloop
  endfacet
  facet normal -0.89166 0.335617 0.303815
    outer loop
      vertex -44.5945 15.1378 64
      vertex -43.5089 18.022 64
      vertex -47.0115 15.9583 56
    endloop
  endfacet
  facet normal -0.891662 0.335609 0.303818
    outer loop
      vertex -43.5089 18.022 64
      vertex -45.8671 18.9988 56
      vertex -47.0115 15.9583 56
    endloop
  endfacet
  facet normal -0.899429 0.338521 0.276461
    outer loop
      vertex -43.5043 14.7677 68
      vertex -42.4453 17.5814 68
      vertex -44.5945 15.1378 64
    endloop
  endfacet
  facet normal -0.899426 0.33854 0.276448
    outer loop
      vertex -42.4453 17.5814 68
      vertex -43.5089 18.022 64
      vertex -44.5945 15.1378 64
    endloop
  endfacet
  facet normal -0.912425 0.343425 0.222574
    outer loop
      vertex -42.6391 14.474 72
      vertex -41.6011 17.2318 72
      vertex -43.5043 14.7677 68
    endloop
  endfacet
  facet normal -0.912428 0.343413 0.222582
    outer loop
      vertex -41.6011 17.2318 72
      vertex -42.4453 17.5814 68
      vertex -43.5043 14.7677 68
    endloop
  endfacet
  facet normal -0.926013 0.348522 0.145024
    outer loop
      vertex -42.0836 14.2855 76
      vertex -41.0592 17.0073 76
      vertex -42.6391 14.474 72
    endloop
  endfacet
  facet normal -0.926009 0.348538 0.145013
    outer loop
      vertex -41.0592 17.0073 76
      vertex -41.6011 17.2318 72
      vertex -42.6391 14.474 72
    endloop
  endfacet
  facet normal -0.934708 0.351818 0.0504428
    outer loop
      vertex -41.8922 14.2205 80
      vertex -40.8724 16.9299 80
      vertex -42.0836 14.2855 76
    endloop
  endfacet
  facet normal -0.934715 0.351797 0.0504585
    outer loop
      vertex -40.8724 16.9299 80
      vertex -41.0592 17.0073 76
      vertex -42.0836 14.2855 76
    endloop
  endfacet
  facet normal 0.9359 -0.352266 0
    outer loop
      vertex -41.8922 14.2205 80
      vertex -40.8724 16.9299 0
      vertex -40.8724 16.9299 80
    endloop
  endfacet
  facet normal 0.9359 -0.352266 0
    outer loop
      vertex -40.8724 16.9299 0
      vertex -41.8922 14.2205 80
      vertex -41.8922 14.2205 0
    endloop
  endfacet
  facet normal -0.934716 0.351798 -0.0504429
    outer loop
      vertex -41.0592 17.0073 4
      vertex -41.8922 14.2205 0
      vertex -42.0836 14.2855 4
    endloop
  endfacet
  facet normal -0.934708 0.351818 -0.0504585
    outer loop
      vertex -41.0592 17.0073 4
      vertex -40.8724 16.9299 0
      vertex -41.8922 14.2205 0
    endloop
  endfacet
  facet normal -0.901243 0.408328 -0.145013
    outer loop
      vertex -40.3851 19.9157 8
      vertex -41.0592 17.0073 4
      vertex -41.6011 17.2318 8
    endloop
  endfacet
  facet normal -0.901218 0.40837 -0.145048
    outer loop
      vertex -40.3851 19.9157 8
      vertex -39.8589 19.6562 4
      vertex -41.0592 17.0073 4
    endloop
  endfacet
  facet normal -0.888008 0.402367 -0.222581
    outer loop
      vertex -41.2045 20.3198 12
      vertex -41.6011 17.2318 8
      vertex -42.4453 17.5814 12
    endloop
  endfacet
  facet normal -0.888026 0.40234 -0.222559
    outer loop
      vertex -41.2045 20.3198 12
      vertex -40.3851 19.9157 8
      vertex -41.6011 17.2318 8
    endloop
  endfacet
  facet normal -0.875371 0.396614 -0.276448
    outer loop
      vertex -42.2371 20.829 16
      vertex -42.4453 17.5814 12
      vertex -43.5089 18.022 16
    endloop
  endfacet
  facet normal -0.875356 0.396634 -0.276465
    outer loop
      vertex -42.2371 20.829 16
      vertex -41.2045 20.3198 12
      vertex -42.4453 17.5814 12
    endloop
  endfacet
  facet normal -0.867807 0.393199 -0.303817
    outer loop
      vertex -44.5263 21.958 24
      vertex -43.5089 18.022 16
      vertex -45.8671 18.9988 24
    endloop
  endfacet
  facet normal -0.867813 0.39319 -0.303814
    outer loop
      vertex -42.2371 20.829 16
      vertex -43.5089 18.022 16
      vertex -44.5263 21.958 24
    endloop
  endfacet
  facet normal -0.875359 0.396626 -0.276468
    outer loop
      vertex -45.5589 22.4672 28
      vertex -45.8671 18.9988 24
      vertex -46.9308 19.4394 28
    endloop
  endfacet
  facet normal -0.875362 0.396622 -0.276465
    outer loop
      vertex -45.5589 22.4672 28
      vertex -44.5263 21.958 24
      vertex -45.8671 18.9988 24
    endloop
  endfacet
  facet normal -0.888026 0.402339 -0.22256
    outer loop
      vertex -46.3784 22.8713 32
      vertex -46.9308 19.4394 28
      vertex -47.7749 19.789 32
    endloop
  endfacet
  facet normal -0.888012 0.402359 -0.22258
    outer loop
      vertex -46.3784 22.8713 32
      vertex -45.5589 22.4672 28
      vertex -46.9308 19.4394 28
    endloop
  endfacet
  facet normal -0.901231 0.408347 -0.145035
    outer loop
      vertex -46.9045 23.1307 36
      vertex -47.7749 19.789 32
      vertex -48.3169 20.0135 36
    endloop
  endfacet
  facet normal -0.901243 0.408327 -0.145016
    outer loop
      vertex -46.9045 23.1307 36
      vertex -46.3784 22.8713 32
      vertex -47.7749 19.789 32
    endloop
  endfacet
  facet normal -0.9097 0.412189 -0.0504588
    outer loop
      vertex -47.0858 23.2202 40
      vertex -48.3169 20.0135 36
      vertex -48.5037 20.0909 40
    endloop
  endfacet
  facet normal -0.909702 0.412185 -0.0504549
    outer loop
      vertex -47.0858 23.2202 40
      vertex -46.9045 23.1307 36
      vertex -48.3169 20.0135 36
    endloop
  endfacet
  facet normal -0.909702 0.412185 0.0504589
    outer loop
      vertex -48.3169 20.0135 44
      vertex -46.9045 23.1307 44
      vertex -48.5037 20.0909 40
    endloop
  endfacet
  facet normal -0.9097 0.412189 0.0504549
    outer loop
      vertex -46.9045 23.1307 44
      vertex -47.0858 23.2202 40
      vertex -48.5037 20.0909 40
    endloop
  endfacet
  facet normal -0.901241 0.408326 0.145035
    outer loop
      vertex -47.7749 19.789 48
      vertex -46.3784 22.8713 48
      vertex -48.3169 20.0135 44
    endloop
  endfacet
  facet normal -0.901234 0.408348 0.145016
    outer loop
      vertex -46.3784 22.8713 48
      vertex -46.9045 23.1307 44
      vertex -48.3169 20.0135 44
    endloop
  endfacet
  facet normal -0.888016 0.402361 0.22256
    outer loop
      vertex -46.9308 19.4394 52
      vertex -45.5589 22.4672 52
      vertex -47.7749 19.789 48
    endloop
  endfacet
  facet normal -0.888022 0.402337 0.22258
    outer loop
      vertex -45.5589 22.4672 52
      vertex -46.3784 22.8713 48
      vertex -47.7749 19.789 48
    endloop
  endfacet
  facet normal -0.875361 0.396622 0.276468
    outer loop
      vertex -45.8671 18.9988 56
      vertex -44.5263 21.958 56
      vertex -46.9308 19.4394 52
    endloop
  endfacet
  facet normal -0.87536 0.396627 0.276465
    outer loop
      vertex -44.5263 21.958 56
      vertex -45.5589 22.4672 52
      vertex -46.9308 19.4394 52
    endloop
  endfacet
  facet normal -0.867812 0.393189 0.303818
    outer loop
      vertex -43.5089 18.022 64
      vertex -42.2371 20.829 64
      vertex -45.8671 18.9988 56
    endloop
  endfacet
  facet normal -0.867808 0.3932 0.303814
    outer loop
      vertex -42.2371 20.829 64
      vertex -44.5263 21.958 56
      vertex -45.8671 18.9988 56
    endloop
  endfacet
  facet normal -0.875361 0.396636 0.276448
    outer loop
      vertex -42.4453 17.5814 68
      vertex -41.2045 20.3198 68
      vertex -43.5089 18.022 64
    endloop
  endfacet
  facet normal -0.875366 0.396612 0.276465
    outer loop
      vertex -41.2045 20.3198 68
      vertex -42.2371 20.829 64
      vertex -43.5089 18.022 64
    endloop
  endfacet
  facet normal -0.888021 0.402338 0.222581
    outer loop
      vertex -41.6011 17.2318 72
      vertex -40.3851 19.9157 72
      vertex -42.4453 17.5814 68
    endloop
  endfacet
  facet normal -0.888013 0.402369 0.222559
    outer loop
      vertex -40.3851 19.9157 72
      vertex -41.2045 20.3198 68
      vertex -42.4453 17.5814 68
    endloop
  endfacet
  facet normal -0.901223 0.408373 0.145013
    outer loop
      vertex -41.0592 17.0073 76
      vertex -39.8589 19.6562 76
      vertex -41.6011 17.2318 72
    endloop
  endfacet
  facet normal -0.901239 0.408326 0.145048
    outer loop
      vertex -39.8589 19.6562 76
      vertex -40.3851 19.9157 72
      vertex -41.6011 17.2318 72
    endloop
  endfacet
  facet normal -0.909699 0.412192 0.0504588
    outer loop
      vertex -40.8724 16.9299 80
      vertex -39.6776 19.5668 80
      vertex -41.0592 17.0073 76
    endloop
  endfacet
  facet normal -0.909691 0.41221 0.0504447
    outer loop
      vertex -39.6776 19.5668 80
      vertex -39.8589 19.6562 76
      vertex -41.0592 17.0073 76
    endloop
  endfacet
  facet normal 0.910859 -0.412717 0
    outer loop
      vertex -40.8724 16.9299 80
      vertex -39.6776 19.5668 0
      vertex -39.6776 19.5668 80
    endloop
  endfacet
  facet normal 0.910859 -0.412717 0
    outer loop
      vertex -39.6776 19.5668 0
      vertex -40.8724 16.9299 80
      vertex -40.8724 16.9299 0
    endloop
  endfacet
  facet normal -0.909691 0.41221 -0.0504588
    outer loop
      vertex -39.8589 19.6562 4
      vertex -40.8724 16.9299 0
      vertex -41.0592 17.0073 4
    endloop
  endfacet
  facet normal -0.909699 0.412192 -0.0504446
    outer loop
      vertex -39.8589 19.6562 4
      vertex -39.6776 19.5668 0
      vertex -40.8724 16.9299 0
    endloop
  endfacet
  facet normal -0.872585 0.466429 -0.145048
    outer loop
      vertex -38.996 22.5144 8
      vertex -39.8589 19.6562 4
      vertex -40.3851 19.9157 8
    endloop
  endfacet
  facet normal -0.872608 0.466396 -0.14502
    outer loop
      vertex -38.996 22.5144 8
      vertex -38.488 22.2211 4
      vertex -39.8589 19.6562 4
    endloop
  endfacet
  facet normal -0.859802 0.459573 -0.222559
    outer loop
      vertex -39.7873 22.9712 12
      vertex -40.3851 19.9157 8
      vertex -41.2045 20.3198 12
    endloop
  endfacet
  facet normal -0.85979 0.459589 -0.222573
    outer loop
      vertex -39.7873 22.9712 12
      vertex -38.996 22.5144 8
      vertex -40.3851 19.9157 8
    endloop
  endfacet
  facet normal -0.847554 0.453012 -0.276464
    outer loop
      vertex -40.7844 23.5469 16
      vertex -41.2045 20.3198 12
      vertex -42.2371 20.829 16
    endloop
  endfacet
  facet normal -0.847546 0.453022 -0.276473
    outer loop
      vertex -40.7844 23.5469 16
      vertex -39.7873 22.9712 12
      vertex -41.2045 20.3198 12
    endloop
  endfacet
  facet normal -0.840237 0.449108 -0.303814
    outer loop
      vertex -42.9949 24.8231 24
      vertex -42.2371 20.829 16
      vertex -44.5263 21.958 24
    endloop
  endfacet
  facet normal -0.840241 0.449103 -0.303812
    outer loop
      vertex -40.7844 23.5469 16
      vertex -42.2371 20.829 16
      vertex -42.9949 24.8231 24
    endloop
  endfacet
  facet normal -0.847556 0.453007 -0.276465
    outer loop
      vertex -43.992 25.3988 28
      vertex -44.5263 21.958 24
      vertex -45.5589 22.4672 28
    endloop
  endfacet
  facet normal -0.847549 0.453016 -0.276473
    outer loop
      vertex -43.992 25.3988 28
      vertex -42.9949 24.8231 24
      vertex -44.5263 21.958 24
    endloop
  endfacet
  facet normal -0.859791 0.459585 -0.222579
    outer loop
      vertex -44.7832 25.8556 32
      vertex -45.5589 22.4672 28
      vertex -46.3784 22.8713 32
    endloop
  endfacet
  facet normal -0.859812 0.459558 -0.222552
    outer loop
      vertex -44.7832 25.8556 32
      vertex -43.992 25.3988 28
      vertex -45.5589 22.4672 28
    endloop
  endfacet
  facet normal -0.872606 0.4664 -0.145016
    outer loop
      vertex -45.2913 26.1489 36
      vertex -46.3784 22.8713 32
      vertex -46.9045 23.1307 36
    endloop
  endfacet
  facet normal -0.872588 0.466425 -0.145041
    outer loop
      vertex -45.2913 26.1489 36
      vertex -44.7832 25.8556 32
      vertex -46.3784 22.8713 32
    endloop
  endfacet
  facet normal -0.880793 0.470805 -0.0504562
    outer loop
      vertex -45.4663 26.25 40
      vertex -46.9045 23.1307 36
      vertex -47.0858 23.2202 40
    endloop
  endfacet
  facet normal -0.880806 0.470783 -0.0504343
    outer loop
      vertex -45.4663 26.25 40
      vertex -45.2913 26.1489 36
      vertex -46.9045 23.1307 36
    endloop
  endfacet
  facet normal -0.880805 0.470782 0.0504563
    outer loop
      vertex -46.9045 23.1307 44
      vertex -45.2913 26.1489 44
      vertex -47.0858 23.2202 40
    endloop
  endfacet
  facet normal -0.880794 0.470805 0.0504344
    outer loop
      vertex -45.2913 26.1489 44
      vertex -45.4663 26.25 40
      vertex -47.0858 23.2202 40
    endloop
  endfacet
  facet normal -0.872592 0.466427 0.145015
    outer loop
      vertex -46.3784 22.8713 48
      vertex -44.7832 25.8556 48
      vertex -46.9045 23.1307 44
    endloop
  endfacet
  facet normal -0.872603 0.466398 0.145041
    outer loop
      vertex -44.7832 25.8556 48
      vertex -45.2913 26.1489 44
      vertex -46.9045 23.1307 44
    endloop
  endfacet
  facet normal -0.859807 0.459555 0.222579
    outer loop
      vertex -45.5589 22.4672 52
      vertex -43.992 25.3988 52
      vertex -46.3784 22.8713 48
    endloop
  endfacet
  facet normal -0.859796 0.459588 0.222553
    outer loop
      vertex -43.992 25.3988 52
      vertex -44.7832 25.8556 48
      vertex -46.3784 22.8713 48
    endloop
  endfacet
  facet normal -0.847551 0.453017 0.276464
    outer loop
      vertex -44.5263 21.958 56
      vertex -42.9949 24.8231 56
      vertex -45.5589 22.4672 52
    endloop
  endfacet
  facet normal -0.847554 0.453006 0.276473
    outer loop
      vertex -42.9949 24.8231 56
      vertex -43.992 25.3988 52
      vertex -45.5589 22.4672 52
    endloop
  endfacet
  facet normal -0.84024 0.449103 0.303814
    outer loop
      vertex -42.2371 20.829 64
      vertex -40.7844 23.5469 64
      vertex -44.5263 21.958 56
    endloop
  endfacet
  facet normal -0.840238 0.449108 0.303812
    outer loop
      vertex -40.7844 23.5469 64
      vertex -42.9949 24.8231 56
      vertex -44.5263 21.958 56
    endloop
  endfacet
  facet normal -0.847548 0.453023 0.276464
    outer loop
      vertex -41.2045 20.3198 68
      vertex -39.7873 22.9712 68
      vertex -42.2371 20.829 64
    endloop
  endfacet
  facet normal -0.847552 0.453011 0.276473
    outer loop
      vertex -39.7873 22.9712 68
      vertex -40.7844 23.5469 64
      vertex -42.2371 20.829 64
    endloop
  endfacet
  facet normal -0.859793 0.459591 0.222559
    outer loop
      vertex -40.3851 19.9157 72
      vertex -38.996 22.5144 72
      vertex -41.2045 20.3198 68
    endloop
  endfacet
  facet normal -0.8598 0.459572 0.222573
    outer loop
      vertex -38.996 22.5144 72
      vertex -39.7873 22.9712 68
      vertex -41.2045 20.3198 68
    endloop
  endfacet
  facet normal -0.872604 0.466394 0.145048
    outer loop
      vertex -39.8589 19.6562 76
      vertex -38.488 22.2211 76
      vertex -40.3851 19.9157 72
    endloop
  endfacet
  facet normal -0.872589 0.466431 0.14502
    outer loop
      vertex -38.488 22.2211 76
      vertex -38.996 22.5144 72
      vertex -40.3851 19.9157 72
    endloop
  endfacet
  facet normal -0.880815 0.470766 0.0504446
    outer loop
      vertex -39.6776 19.5668 80
      vertex -38.313 22.12 80
      vertex -39.8589 19.6562 76
    endloop
  endfacet
  facet normal -0.880809 0.470779 0.0504343
    outer loop
      vertex -38.313 22.12 80
      vertex -38.488 22.2211 76
      vertex -39.8589 19.6562 76
    endloop
  endfacet
  facet normal 0.881938 -0.471366 0
    outer loop
      vertex -39.6776 19.5668 80
      vertex -38.313 22.12 0
      vertex -38.313 22.12 80
    endloop
  endfacet
  facet normal 0.881938 -0.471366 0
    outer loop
      vertex -38.313 22.12 0
      vertex -39.6776 19.5668 80
      vertex -39.6776 19.5668 0
    endloop
  endfacet
  facet normal -0.880808 0.470779 -0.0504445
    outer loop
      vertex -38.488 22.2211 4
      vertex -39.6776 19.5668 0
      vertex -39.8589 19.6562 4
    endloop
  endfacet
  facet normal -0.880815 0.470766 -0.0504343
    outer loop
      vertex -38.488 22.2211 4
      vertex -38.313 22.12 0
      vertex -39.6776 19.5668 0
    endloop
  endfacet
  facet normal -0.84022 0.522493 -0.14502
    outer loop
      vertex -37.44 25.0166 8
      vertex -38.488 22.2211 4
      vertex -38.996 22.5144 8
    endloop
  endfacet
  facet normal -0.840225 0.522487 -0.145014
    outer loop
      vertex -37.44 25.0166 8
      vertex -36.9523 24.6907 4
      vertex -38.488 22.2211 4
    endloop
  endfacet
  facet normal -0.827904 0.514817 -0.222572
    outer loop
      vertex -38.1997 25.5243 12
      vertex -38.996 22.5144 8
      vertex -39.7873 22.9712 12
    endloop
  endfacet
  facet normal -0.827894 0.514828 -0.222582
    outer loop
      vertex -38.1997 25.5243 12
      vertex -37.44 25.0166 8
      vertex -38.996 22.5144 8
    endloop
  endfacet
  facet normal -0.816095 0.507495 -0.276473
    outer loop
      vertex -39.157 26.1639 16
      vertex -39.7873 22.9712 12
      vertex -40.7844 23.5469 16
    endloop
  endfacet
  facet normal -0.816107 0.507482 -0.276461
    outer loop
      vertex -39.157 26.1639 16
      vertex -38.1997 25.5243 12
      vertex -39.7873 22.9712 12
    endloop
  endfacet
  facet normal -0.809061 0.503108 -0.303812
    outer loop
      vertex -41.2793 27.582 24
      vertex -40.7844 23.5469 16
      vertex -42.9949 24.8231 24
    endloop
  endfacet
  facet normal -0.809055 0.503116 -0.303816
    outer loop
      vertex -39.157 26.1639 16
      vertex -40.7844 23.5469 16
      vertex -41.2793 27.582 24
    endloop
  endfacet
  facet normal -0.816093 0.507499 -0.276473
    outer loop
      vertex -42.2366 28.2216 28
      vertex -42.9949 24.8231 24
      vertex -43.992 25.3988 28
    endloop
  endfacet
  facet normal -0.816104 0.507488 -0.276461
    outer loop
      vertex -42.2366 28.2216 28
      vertex -41.2793 27.582 24
      vertex -42.9949 24.8231 24
    endloop
  endfacet
  facet normal -0.827907 0.51482 -0.222553
    outer loop
      vertex -42.9963 28.7292 32
      vertex -43.992 25.3988 28
      vertex -44.7832 25.8556 32
    endloop
  endfacet
  facet normal -0.827892 0.514837 -0.22257
    outer loop
      vertex -42.9963 28.7292 32
      vertex -42.2366 28.2216 28
      vertex -43.992 25.3988 28
    endloop
  endfacet
  facet normal -0.840221 0.522486 -0.14504
    outer loop
      vertex -43.4841 29.0551 36
      vertex -44.7832 25.8556 32
      vertex -45.2913 26.1489 36
    endloop
  endfacet
  facet normal -0.840226 0.52248 -0.145035
    outer loop
      vertex -43.4841 29.0551 36
      vertex -42.9963 28.7292 32
      vertex -44.7832 25.8556 32
    endloop
  endfacet
  facet normal -0.848129 0.527384 -0.0504353
    outer loop
      vertex -43.6522 29.1674 40
      vertex -45.2913 26.1489 36
      vertex -45.4663 26.25 40
    endloop
  endfacet
  facet normal -0.84812 0.527397 -0.0504489
    outer loop
      vertex -43.6522 29.1674 40
      vertex -43.4841 29.0551 36
      vertex -45.2913 26.1489 36
    endloop
  endfacet
  facet normal -0.84812 0.527398 0.0504352
    outer loop
      vertex -45.2913 26.1489 44
      vertex -43.4841 29.0551 44
      vertex -45.4663 26.25 40
    endloop
  endfacet
  facet normal -0.848128 0.527384 0.0504489
    outer loop
      vertex -43.4841 29.0551 44
      vertex -43.6522 29.1674 40
      vertex -45.4663 26.25 40
    endloop
  endfacet
  facet normal -0.840225 0.52248 0.14504
    outer loop
      vertex -44.7832 25.8556 48
      vertex -42.9963 28.7292 48
      vertex -45.2913 26.1489 44
    endloop
  endfacet
  facet normal -0.840222 0.522486 0.145035
    outer loop
      vertex -42.9963 28.7292 48
      vertex -43.4841 29.0551 44
      vertex -45.2913 26.1489 44
    endloop
  endfacet
  facet normal -0.827896 0.514839 0.222552
    outer loop
      vertex -43.992 25.3988 52
      vertex -42.2366 28.2216 52
      vertex -44.7832 25.8556 48
    endloop
  endfacet
  facet normal -0.827904 0.514818 0.22257
    outer loop
      vertex -42.2366 28.2216 52
      vertex -42.9963 28.7292 48
      vertex -44.7832 25.8556 48
    endloop
  endfacet
  facet normal -0.816101 0.507486 0.276473
    outer loop
      vertex -42.9949 24.8231 56
      vertex -41.2793 27.582 56
      vertex -43.992 25.3988 52
    endloop
  endfacet
  facet normal -0.816095 0.507501 0.276461
    outer loop
      vertex -41.2793 27.582 56
      vertex -42.2366 28.2216 52
      vertex -43.992 25.3988 52
    endloop
  endfacet
  facet normal -0.809056 0.503117 0.303812
    outer loop
      vertex -40.7844 23.5469 64
      vertex -39.157 26.1639 64
      vertex -42.9949 24.8231 56
    endloop
  endfacet
  facet normal -0.80906 0.503108 0.303816
    outer loop
      vertex -39.157 26.1639 64
      vertex -41.2793 27.582 56
      vertex -42.9949 24.8231 56
    endloop
  endfacet
  facet normal -0.816104 0.50748 0.276473
    outer loop
      vertex -39.7873 22.9712 68
      vertex -38.1997 25.5243 68
      vertex -40.7844 23.5469 64
    endloop
  endfacet
  facet normal -0.816098 0.507496 0.276461
    outer loop
      vertex -38.1997 25.5243 68
      vertex -39.157 26.1639 64
      vertex -40.7844 23.5469 64
    endloop
  endfacet
  facet normal -0.827896 0.51483 0.222572
    outer loop
      vertex -38.996 22.5144 72
      vertex -37.44 25.0166 72
      vertex -39.7873 22.9712 68
    endloop
  endfacet
  facet normal -0.827902 0.514816 0.222582
    outer loop
      vertex -37.44 25.0166 72
      vertex -38.1997 25.5243 68
      vertex -39.7873 22.9712 68
    endloop
  endfacet
  facet normal -0.840224 0.522487 0.14502
    outer loop
      vertex -38.488 22.2211 76
      vertex -36.9523 24.6907 76
      vertex -38.996 22.5144 72
    endloop
  endfacet
  facet normal -0.840221 0.522494 0.145014
    outer loop
      vertex -36.9523 24.6907 76
      vertex -37.44 25.0166 72
      vertex -38.996 22.5144 72
    endloop
  endfacet
  facet normal -0.848111 0.527413 0.0504352
    outer loop
      vertex -38.313 22.12 80
      vertex -36.7842 24.5784 80
      vertex -38.488 22.2211 76
    endloop
  endfacet
  facet normal -0.84812 0.527396 0.0504489
    outer loop
      vertex -36.7842 24.5784 80
      vertex -36.9523 24.6907 76
      vertex -38.488 22.2211 76
    endloop
  endfacet
  facet normal 0.849192 -0.528085 0
    outer loop
      vertex -38.313 22.12 80
      vertex -36.7842 24.5784 0
      vertex -36.7842 24.5784 80
    endloop
  endfacet
  facet normal 0.849192 -0.528085 0
    outer loop
      vertex -36.7842 24.5784 0
      vertex -38.313 22.12 80
      vertex -38.313 22.12 0
    endloop
  endfacet
  facet normal -0.848121 0.527397 -0.0504352
    outer loop
      vertex -36.9523 24.6907 4
      vertex -38.313 22.12 0
      vertex -38.488 22.2211 4
    endloop
  endfacet
  facet normal -0.84811 0.527413 -0.0504489
    outer loop
      vertex -36.9523 24.6907 4
      vertex -36.7842 24.5784 0
      vertex -38.313 22.12 0
    endloop
  endfacet
  facet normal -0.804267 0.576304 -0.145015
    outer loop
      vertex -35.7237 27.4118 8
      vertex -36.9523 24.6907 4
      vertex -37.44 25.0166 8
    endloop
  endfacet
  facet normal -0.804243 0.57633 -0.14504
    outer loop
      vertex -35.7237 27.4118 8
      vertex -35.2583 27.0546 4
      vertex -36.9523 24.6907 4
    endloop
  endfacet
  facet normal -0.79246 0.567859 -0.222583
    outer loop
      vertex -36.4486 27.968 12
      vertex -37.44 25.0166 8
      vertex -38.1997 25.5243 12
    endloop
  endfacet
  facet normal -0.792469 0.56785 -0.222575
    outer loop
      vertex -36.4486 27.968 12
      vertex -35.7237 27.4118 8
      vertex -37.44 25.0166 8
    endloop
  endfacet
  facet normal -0.781175 0.559764 -0.276461
    outer loop
      vertex -37.362 28.6689 16
      vertex -38.1997 25.5243 12
      vertex -39.157 26.1639 16
    endloop
  endfacet
  facet normal -0.78117 0.559768 -0.276466
    outer loop
      vertex -37.362 28.6689 16
      vertex -36.4486 27.968 12
      vertex -38.1997 25.5243 12
    endloop
  endfacet
  facet normal -0.774424 0.554945 -0.303816
    outer loop
      vertex -39.387 30.2227 24
      vertex -39.157 26.1639 16
      vertex -41.2793 27.582 24
    endloop
  endfacet
  facet normal -0.774434 0.554934 -0.303811
    outer loop
      vertex -37.362 28.6689 16
      vertex -39.157 26.1639 16
      vertex -39.387 30.2227 24
    endloop
  endfacet
  facet normal -0.78117 0.559771 -0.276461
    outer loop
      vertex -40.3004 30.9236 28
      vertex -41.2793 27.582 24
      vertex -42.2366 28.2216 28
    endloop
  endfacet
  facet normal -0.781165 0.559775 -0.276466
    outer loop
      vertex -40.3004 30.9236 28
      vertex -39.387 30.2227 24
      vertex -41.2793 27.582 24
    endloop
  endfacet
  facet normal -0.792465 0.567857 -0.22257
    outer loop
      vertex -41.0253 31.4798 32
      vertex -42.2366 28.2216 28
      vertex -42.9963 28.7292 32
    endloop
  endfacet
  facet normal -0.792461 0.567862 -0.222575
    outer loop
      vertex -41.0253 31.4798 32
      vertex -40.3004 30.9236 28
      vertex -42.2366 28.2216 28
    endloop
  endfacet
  facet normal -0.804253 0.576317 -0.145034
    outer loop
      vertex -41.4907 31.8369 36
      vertex -42.9963 28.7292 32
      vertex -43.4841 29.0551 36
    endloop
  endfacet
  facet normal -0.80426 0.57631 -0.145026
    outer loop
      vertex -41.4907 31.8369 36
      vertex -41.0253 31.4798 32
      vertex -42.9963 28.7292 32
    endloop
  endfacet
  facet normal -0.811818 0.581727 -0.0504486
    outer loop
      vertex -41.6511 31.96 40
      vertex -43.4841 29.0551 36
      vertex -43.6522 29.1674 40
    endloop
  endfacet
  facet normal -0.811813 0.581734 -0.0504565
    outer loop
      vertex -41.6511 31.96 40
      vertex -41.4907 31.8369 36
      vertex -43.4841 29.0551 36
    endloop
  endfacet
  facet normal -0.811813 0.581734 0.0504486
    outer loop
      vertex -43.4841 29.0551 44
      vertex -41.4907 31.8369 44
      vertex -43.6522 29.1674 40
    endloop
  endfacet
  facet normal -0.811818 0.581726 0.0504565
    outer loop
      vertex -41.4907 31.8369 44
      vertex -41.6511 31.96 40
      vertex -43.6522 29.1674 40
    endloop
  endfacet
  facet normal -0.804259 0.576309 0.145034
    outer loop
      vertex -42.9963 28.7292 48
      vertex -41.0253 31.4798 48
      vertex -43.4841 29.0551 44
    endloop
  endfacet
  facet normal -0.804254 0.576318 0.145026
    outer loop
      vertex -41.0253 31.4798 48
      vertex -41.4907 31.8369 44
      vertex -43.4841 29.0551 44
    endloop
  endfacet
  facet normal -0.792461 0.567862 0.22257
    outer loop
      vertex -42.2366 28.2216 52
      vertex -40.3004 30.9236 52
      vertex -42.9963 28.7292 48
    endloop
  endfacet
  facet normal -0.792464 0.567857 0.222575
    outer loop
      vertex -40.3004 30.9236 52
      vertex -41.0253 31.4798 48
      vertex -42.9963 28.7292 48
    endloop
  endfacet
  facet normal -0.781166 0.559776 0.276461
    outer loop
      vertex -41.2793 27.582 56
      vertex -39.387 30.2227 56
      vertex -42.2366 28.2216 52
    endloop
  endfacet
  facet normal -0.781169 0.55977 0.276466
    outer loop
      vertex -39.387 30.2227 56
      vertex -40.3004 30.9236 52
      vertex -42.2366 28.2216 52
    endloop
  endfacet
  facet normal -0.774432 0.554933 0.303816
    outer loop
      vertex -39.157 26.1639 64
      vertex -37.362 28.6689 64
      vertex -41.2793 27.582 56
    endloop
  endfacet
  facet normal -0.774425 0.554946 0.303811
    outer loop
      vertex -37.362 28.6689 64
      vertex -39.387 30.2227 56
      vertex -41.2793 27.582 56
    endloop
  endfacet
  facet normal -0.781171 0.559769 0.276461
    outer loop
      vertex -38.1997 25.5243 68
      vertex -36.4486 27.968 68
      vertex -39.157 26.1639 64
    endloop
  endfacet
  facet normal -0.781174 0.559763 0.276465
    outer loop
      vertex -36.4486 27.968 68
      vertex -37.362 28.6689 64
      vertex -39.157 26.1639 64
    endloop
  endfacet
  facet normal -0.792467 0.567849 0.222584
    outer loop
      vertex -37.44 25.0166 72
      vertex -35.7237 27.4118 72
      vertex -38.1997 25.5243 68
    endloop
  endfacet
  facet normal -0.792462 0.56786 0.222575
    outer loop
      vertex -35.7237 27.4118 72
      vertex -36.4486 27.968 68
      vertex -38.1997 25.5243 68
    endloop
  endfacet
  facet normal -0.804246 0.576333 0.145014
    outer loop
      vertex -36.9523 24.6907 76
      vertex -35.2583 27.0546 76
      vertex -37.44 25.0166 72
    endloop
  endfacet
  facet normal -0.804264 0.576302 0.14504
    outer loop
      vertex -35.2583 27.0546 76
      vertex -35.7237 27.4118 72
      vertex -37.44 25.0166 72
    endloop
  endfacet
  facet normal -0.811808 0.581741 0.0504486
    outer loop
      vertex -36.7842 24.5784 80
      vertex -35.0979 26.9316 80
      vertex -36.9523 24.6907 76
    endloop
  endfacet
  facet normal -0.811803 0.581748 0.0504421
    outer loop
      vertex -35.0979 26.9316 80
      vertex -35.2583 27.0546 76
      vertex -36.9523 24.6907 76
    endloop
  endfacet
  facet normal 0.812843 -0.582482 0
    outer loop
      vertex -36.7842 24.5784 80
      vertex -35.0979 26.9316 0
      vertex -35.0979 26.9316 80
    endloop
  endfacet
  facet normal 0.812843 -0.582482 0
    outer loop
      vertex -35.0979 26.9316 0
      vertex -36.7842 24.5784 80
      vertex -36.7842 24.5784 0
    endloop
  endfacet
  facet normal -0.811803 0.581748 -0.0504486
    outer loop
      vertex -35.2583 27.0546 4
      vertex -36.7842 24.5784 0
      vertex -36.9523 24.6907 4
    endloop
  endfacet
  facet normal -0.811809 0.581741 -0.0504421
    outer loop
      vertex -35.2583 27.0546 4
      vertex -35.0979 26.9316 0
      vertex -36.7842 24.5784 0
    endloop
  endfacet
  facet normal -0.76483 0.627693 -0.145041
    outer loop
      vertex -33.8544 29.6895 8
      vertex -35.2583 27.0546 4
      vertex -35.7237 27.4118 8
    endloop
  endfacet
  facet normal -0.76485 0.627673 -0.145021
    outer loop
      vertex -33.8544 29.6895 8
      vertex -33.4134 29.3027 4
      vertex -35.2583 27.0546 4
    endloop
  endfacet
  facet normal -0.753629 0.618469 -0.222575
    outer loop
      vertex -34.5414 30.292 12
      vertex -35.7237 27.4118 8
      vertex -36.4486 27.968 12
    endloop
  endfacet
  facet normal -0.75361 0.618485 -0.222592
    outer loop
      vertex -34.5414 30.292 12
      vertex -33.8544 29.6895 8
      vertex -35.7237 27.4118 8
    endloop
  endfacet
  facet normal -0.742885 0.609663 -0.276466
    outer loop
      vertex -35.407 31.0511 16
      vertex -36.4486 27.968 12
      vertex -37.362 28.6689 16
    endloop
  endfacet
  facet normal -0.742892 0.609657 -0.276459
    outer loop
      vertex -35.407 31.0511 16
      vertex -34.5414 30.292 12
      vertex -36.4486 27.968 12
    endloop
  endfacet
  facet normal -0.736468 0.604412 -0.30381
    outer loop
      vertex -37.326 32.734 24
      vertex -37.362 28.6689 16
      vertex -39.387 30.2227 24
    endloop
  endfacet
  facet normal -0.736476 0.604404 -0.303806
    outer loop
      vertex -37.326 32.734 24
      vertex -35.407 31.0511 16
      vertex -37.362 28.6689 16
    endloop
  endfacet
  facet normal -0.742872 0.609678 -0.276466
    outer loop
      vertex -38.1916 33.4931 28
      vertex -39.387 30.2227 24
      vertex -40.3004 30.9236 28
    endloop
  endfacet
  facet normal -0.742879 0.609673 -0.27646
    outer loop
      vertex -38.1916 33.4931 28
      vertex -37.326 32.734 24
      vertex -39.387 30.2227 24
    endloop
  endfacet
  facet normal -0.753624 0.618475 -0.222574
    outer loop
      vertex -38.8786 34.0956 32
      vertex -40.3004 30.9236 28
      vertex -41.0253 31.4798 32
    endloop
  endfacet
  facet normal -0.753607 0.618489 -0.222592
    outer loop
      vertex -38.8786 34.0956 32
      vertex -38.1916 33.4931 28
      vertex -40.3004 30.9236 28
    endloop
  endfacet
  facet normal -0.764839 0.627685 -0.145026
    outer loop
      vertex -39.3196 34.4824 36
      vertex -41.0253 31.4798 32
      vertex -41.4907 31.8369 36
    endloop
  endfacet
  facet normal -0.764843 0.627681 -0.145021
    outer loop
      vertex -39.3196 34.4824 36
      vertex -38.8786 34.0956 32
      vertex -41.0253 31.4798 32
    endloop
  endfacet
  facet normal -0.772022 0.633589 -0.0504568
    outer loop
      vertex -39.4716 34.6157 40
      vertex -41.4907 31.8369 36
      vertex -41.6511 31.96 40
    endloop
  endfacet
  facet normal -0.772027 0.633584 -0.0504512
    outer loop
      vertex -39.4716 34.6157 40
      vertex -39.3196 34.4824 36
      vertex -41.4907 31.8369 36
    endloop
  endfacet
  facet normal -0.772027 0.633584 0.0504568
    outer loop
      vertex -41.4907 31.8369 44
      vertex -39.3196 34.4824 44
      vertex -41.6511 31.96 40
    endloop
  endfacet
  facet normal -0.772023 0.633589 0.0504512
    outer loop
      vertex -39.3196 34.4824 44
      vertex -39.4716 34.6157 40
      vertex -41.6511 31.96 40
    endloop
  endfacet
  facet normal -0.764843 0.627681 0.145026
    outer loop
      vertex -41.0253 31.4798 48
      vertex -38.8786 34.0956 48
      vertex -41.4907 31.8369 44
    endloop
  endfacet
  facet normal -0.764839 0.627686 0.145021
    outer loop
      vertex -38.8786 34.0956 48
      vertex -39.3196 34.4824 44
      vertex -41.4907 31.8369 44
    endloop
  endfacet
  facet normal -0.753611 0.618492 0.222574
    outer loop
      vertex -40.3004 30.9236 52
      vertex -38.1916 33.4931 52
      vertex -41.0253 31.4798 48
    endloop
  endfacet
  facet normal -0.753621 0.618472 0.222592
    outer loop
      vertex -38.1916 33.4931 52
      vertex -38.8786 34.0956 48
      vertex -41.0253 31.4798 48
    endloop
  endfacet
  facet normal -0.742877 0.609672 0.276466
    outer loop
      vertex -39.387 30.2227 56
      vertex -37.326 32.734 56
      vertex -40.3004 30.9236 52
    endloop
  endfacet
  facet normal -0.742873 0.609679 0.27646
    outer loop
      vertex -37.326 32.734 56
      vertex -38.1916 33.4931 52
      vertex -40.3004 30.9236 52
    endloop
  endfacet
  facet normal -0.736475 0.604403 0.303811
    outer loop
      vertex -37.362 28.6689 64
      vertex -35.407 31.0511 64
      vertex -39.387 30.2227 56
    endloop
  endfacet
  facet normal -0.736469 0.604413 0.303806
    outer loop
      vertex -35.407 31.0511 64
      vertex -37.326 32.734 56
      vertex -39.387 30.2227 56
    endloop
  endfacet
  facet normal -0.74289 0.609656 0.276466
    outer loop
      vertex -36.4486 27.968 68
      vertex -34.5414 30.292 68
      vertex -37.362 28.6689 64
    endloop
  endfacet
  facet normal -0.742886 0.609664 0.27646
    outer loop
      vertex -34.5414 30.292 68
      vertex -35.407 31.0511 64
      vertex -37.362 28.6689 64
    endloop
  endfacet
  facet normal -0.753614 0.618488 0.222574
    outer loop
      vertex -35.7237 27.4118 72
      vertex -33.8544 29.6895 72
      vertex -36.4486 27.968 68
    endloop
  endfacet
  facet normal -0.753626 0.618466 0.222592
    outer loop
      vertex -33.8544 29.6895 72
      vertex -34.5414 30.292 68
      vertex -36.4486 27.968 68
    endloop
  endfacet
  facet normal -0.764848 0.627671 0.145041
    outer loop
      vertex -35.2583 27.0546 76
      vertex -33.4134 29.3027 76
      vertex -35.7237 27.4118 72
    endloop
  endfacet
  facet normal -0.764832 0.627695 0.145021
    outer loop
      vertex -33.4134 29.3027 76
      vertex -33.8544 29.6895 72
      vertex -35.7237 27.4118 72
    endloop
  endfacet
  facet normal -0.772043 0.633566 0.0504411
    outer loop
      vertex -35.0979 26.9316 80
      vertex -33.2614 29.1695 80
      vertex -35.2583 27.0546 76
    endloop
  endfacet
  facet normal -0.772038 0.633572 0.0504354
    outer loop
      vertex -33.2614 29.1695 80
      vertex -33.4134 29.3027 76
      vertex -35.2583 27.0546 76
    endloop
  endfacet
  facet normal 0.773027 -0.634373 0
    outer loop
      vertex -35.0979 26.9316 80
      vertex -33.2614 29.1695 0
      vertex -33.2614 29.1695 80
    endloop
  endfacet
  facet normal 0.773027 -0.634373 0
    outer loop
      vertex -33.2614 29.1695 0
      vertex -35.0979 26.9316 80
      vertex -35.0979 26.9316 0
    endloop
  endfacet
  facet normal -0.772038 0.633572 -0.0504411
    outer loop
      vertex -33.4134 29.3027 4
      vertex -35.0979 26.9316 0
      vertex -35.2583 27.0546 4
    endloop
  endfacet
  facet normal -0.772043 0.633566 -0.0504354
    outer loop
      vertex -33.4134 29.3027 4
      vertex -33.2614 29.1695 0
      vertex -35.0979 26.9316 0
    endloop
  endfacet
  facet normal -0.722141 0.676373 -0.145021
    outer loop
      vertex -31.8401 31.8401 8
      vertex -33.4134 29.3027 4
      vertex -33.8544 29.6895 8
    endloop
  endfacet
  facet normal -0.722136 0.676378 -0.145026
    outer loop
      vertex -31.8401 31.8401 8
      vertex -31.4253 31.4253 4
      vertex -33.4134 29.3027 4
    endloop
  endfacet
  facet normal -0.711536 0.666461 -0.222592
    outer loop
      vertex -32.4862 32.4862 12
      vertex -33.8544 29.6895 8
      vertex -34.5414 30.292 12
    endloop
  endfacet
  facet normal -0.711548 0.666451 -0.222581
    outer loop
      vertex -32.4862 32.4862 12
      vertex -31.8401 31.8401 8
      vertex -33.8544 29.6895 8
    endloop
  endfacet
  facet normal -0.701403 0.656965 -0.276459
    outer loop
      vertex -33.3003 33.3003 16
      vertex -34.5414 30.292 12
      vertex -35.407 31.0511 16
    endloop
  endfacet
  facet normal -0.7014 0.656968 -0.276462
    outer loop
      vertex -33.3003 33.3003 16
      vertex -32.4862 32.4862 12
      vertex -34.5414 30.292 12
    endloop
  endfacet
  facet normal -0.695377 0.65127 -0.303806
    outer loop
      vertex -35.1052 35.1052 24
      vertex -35.407 31.0511 16
      vertex -37.326 32.734 24
    endloop
  endfacet
  facet normal -0.695349 0.651294 -0.303819
    outer loop
      vertex -35.1052 35.1052 24
      vertex -33.3003 33.3003 16
      vertex -35.407 31.0511 16
    endloop
  endfacet
  facet normal -0.70143 0.656937 -0.27646
    outer loop
      vertex -35.9193 35.9193 28
      vertex -37.326 32.734 24
      vertex -38.1916 33.4931 28
    endloop
  endfacet
  facet normal -0.701428 0.656938 -0.276461
    outer loop
      vertex -35.9193 35.9193 28
      vertex -35.1052 35.1052 24
      vertex -37.326 32.734 24
    endloop
  endfacet
  facet normal -0.711556 0.666439 -0.222592
    outer loop
      vertex -36.5654 36.5654 32
      vertex -38.1916 33.4931 28
      vertex -38.8786 34.0956 32
    endloop
  endfacet
  facet normal -0.711567 0.666431 -0.222581
    outer loop
      vertex -36.5654 36.5654 32
      vertex -35.9193 35.9193 28
      vertex -38.1916 33.4931 28
    endloop
  endfacet
  facet normal -0.722155 0.676359 -0.145021
    outer loop
      vertex -36.9802 36.9802 36
      vertex -38.8786 34.0956 32
      vertex -39.3196 34.4824 36
    endloop
  endfacet
  facet normal -0.722151 0.676362 -0.145026
    outer loop
      vertex -36.9802 36.9802 36
      vertex -36.5654 36.5654 32
      vertex -38.8786 34.0956 32
    endloop
  endfacet
  facet normal -0.728925 0.682732 -0.0504512
    outer loop
      vertex -37.1231 37.1231 40
      vertex -39.3196 34.4824 36
      vertex -39.4716 34.6157 40
    endloop
  endfacet
  facet normal -0.728942 0.682715 -0.0504315
    outer loop
      vertex -37.1231 37.1231 40
      vertex -36.9802 36.9802 36
      vertex -39.3196 34.4824 36
    endloop
  endfacet
  facet normal -0.728941 0.682715 0.0504512
    outer loop
      vertex -39.3196 34.4824 44
      vertex -36.9802 36.9802 44
      vertex -39.4716 34.6157 40
    endloop
  endfacet
  facet normal -0.728926 0.682732 0.0504315
    outer loop
      vertex -36.9802 36.9802 44
      vertex -37.1231 37.1231 40
      vertex -39.4716 34.6157 40
    endloop
  endfacet
  facet normal -0.722151 0.676363 0.145021
    outer loop
      vertex -38.8786 34.0956 48
      vertex -36.5654 36.5654 48
      vertex -39.3196 34.4824 44
    endloop
  endfacet
  facet normal -0.722154 0.676358 0.145026
    outer loop
      vertex -36.5654 36.5654 48
      vertex -36.9802 36.9802 44
      vertex -39.3196 34.4824 44
    endloop
  endfacet
  facet normal -0.711565 0.666429 0.222592
    outer loop
      vertex -38.1916 33.4931 52
      vertex -35.9193 35.9193 52
      vertex -38.8786 34.0956 48
    endloop
  endfacet
  facet normal -0.711558 0.666441 0.222581
    outer loop
      vertex -35.9193 35.9193 52
      vertex -36.5654 36.5654 48
      vertex -38.8786 34.0956 48
    endloop
  endfacet
  facet normal -0.701429 0.656938 0.27646
    outer loop
      vertex -37.326 32.734 56
      vertex -35.1052 35.1052 56
      vertex -38.1916 33.4931 52
    endloop
  endfacet
  facet normal -0.70143 0.656936 0.276461
    outer loop
      vertex -35.1052 35.1052 56
      vertex -35.9193 35.9193 52
      vertex -38.1916 33.4931 52
    endloop
  endfacet
  facet normal -0.695352 0.651297 0.303806
    outer loop
      vertex -35.407 31.0511 64
      vertex -33.3003 33.3003 64
      vertex -37.326 32.734 56
    endloop
  endfacet
  facet normal -0.695374 0.651268 0.303819
    outer loop
      vertex -33.3003 33.3003 64
      vertex -35.1052 35.1052 56
      vertex -37.326 32.734 56
    endloop
  endfacet
  facet normal -0.701401 0.656968 0.276459
    outer loop
      vertex -34.5414 30.292 68
      vertex -32.4862 32.4862 68
      vertex -35.407 31.0511 64
    endloop
  endfacet
  facet normal -0.701403 0.656965 0.276462
    outer loop
      vertex -32.4862 32.4862 68
      vertex -33.3003 33.3003 64
      vertex -35.407 31.0511 64
    endloop
  endfacet
  facet normal -0.711546 0.66645 0.222592
    outer loop
      vertex -33.8544 29.6895 72
      vertex -31.8401 31.8401 72
      vertex -34.5414 30.292 68
    endloop
  endfacet
  facet normal -0.711537 0.666462 0.222581
    outer loop
      vertex -31.8401 31.8401 72
      vertex -32.4862 32.4862 68
      vertex -34.5414 30.292 68
    endloop
  endfacet
  facet normal -0.722137 0.676378 0.145021
    outer loop
      vertex -33.4134 29.3027 76
      vertex -31.4253 31.4253 76
      vertex -33.8544 29.6895 72
    endloop
  endfacet
  facet normal -0.722141 0.676373 0.145026
    outer loop
      vertex -31.4253 31.4253 76
      vertex -31.8401 31.8401 72
      vertex -33.8544 29.6895 72
    endloop
  endfacet
  facet normal -0.728926 0.682732 0.0504342
    outer loop
      vertex -33.2614 29.1695 80
      vertex -31.2824 31.2824 80
      vertex -33.4134 29.3027 76
    endloop
  endfacet
  facet normal -0.728924 0.682735 0.0504315
    outer loop
      vertex -31.2824 31.2824 80
      vertex -31.4253 31.4253 76
      vertex -33.4134 29.3027 76
    endloop
  endfacet
  facet normal 0.729855 -0.683602 0
    outer loop
      vertex -33.2614 29.1695 80
      vertex -31.2824 31.2824 0
      vertex -31.2824 31.2824 80
    endloop
  endfacet
  facet normal 0.729855 -0.683602 0
    outer loop
      vertex -31.2824 31.2824 0
      vertex -33.2614 29.1695 80
      vertex -33.2614 29.1695 0
    endloop
  endfacet
  facet normal -0.728924 0.682735 -0.0504342
    outer loop
      vertex -31.4253 31.4253 4
      vertex -33.2614 29.1695 0
      vertex -33.4134 29.3027 4
    endloop
  endfacet
  facet normal -0.728926 0.682732 -0.0504315
    outer loop
      vertex -31.4253 31.4253 4
      vertex -31.2824 31.2824 0
      vertex -33.2614 29.1695 0
    endloop
  endfacet
  facet normal -0.676373 0.722141 -0.145026
    outer loop
      vertex -29.6895 33.8544 8
      vertex -31.4253 31.4253 4
      vertex -31.8401 31.8401 8
    endloop
  endfacet
  facet normal -0.676378 0.722137 -0.145021
    outer loop
      vertex -29.6895 33.8544 8
      vertex -29.3027 33.4134 4
      vertex -31.4253 31.4253 4
    endloop
  endfacet
  facet normal -0.666462 0.711537 -0.222581
    outer loop
      vertex -30.292 34.5414 12
      vertex -31.8401 31.8401 8
      vertex -32.4862 32.4862 12
    endloop
  endfacet
  facet normal -0.66645 0.711546 -0.222592
    outer loop
      vertex -30.292 34.5414 12
      vertex -29.6895 33.8544 8
      vertex -31.8401 31.8401 8
    endloop
  endfacet
  facet normal -0.656965 0.701403 -0.276462
    outer loop
      vertex -31.0511 35.407 16
      vertex -32.4862 32.4862 12
      vertex -33.3003 33.3003 16
    endloop
  endfacet
  facet normal -0.656968 0.701401 -0.276459
    outer loop
      vertex -31.0511 35.407 16
      vertex -30.292 34.5414 12
      vertex -32.4862 32.4862 12
    endloop
  endfacet
  facet normal -0.651268 0.695374 -0.303819
    outer loop
      vertex -32.734 37.326 24
      vertex -33.3003 33.3003 16
      vertex -35.1052 35.1052 24
    endloop
  endfacet
  facet normal -0.651297 0.695352 -0.303806
    outer loop
      vertex -32.734 37.326 24
      vertex -31.0511 35.407 16
      vertex -33.3003 33.3003 16
    endloop
  endfacet
  facet normal -0.656936 0.70143 -0.276461
    outer loop
      vertex -33.4931 38.1916 28
      vertex -35.1052 35.1052 24
      vertex -35.9193 35.9193 28
    endloop
  endfacet
  facet normal -0.656938 0.701429 -0.27646
    outer loop
      vertex -33.4931 38.1916 28
      vertex -32.734 37.326 24
      vertex -35.1052 35.1052 24
    endloop
  endfacet
  facet normal -0.666441 0.711558 -0.222581
    outer loop
      vertex -34.0956 38.8786 32
      vertex -35.9193 35.9193 28
      vertex -36.5654 36.5654 32
    endloop
  endfacet
  facet normal -0.666429 0.711565 -0.222592
    outer loop
      vertex -34.0956 38.8786 32
      vertex -33.4931 38.1916 28
      vertex -35.9193 35.9193 28
    endloop
  endfacet
  facet normal -0.676358 0.722154 -0.145026
    outer loop
      vertex -34.4824 39.3196 36
      vertex -36.5654 36.5654 32
      vertex -36.9802 36.9802 36
    endloop
  endfacet
  facet normal -0.676363 0.722151 -0.145021
    outer loop
      vertex -34.4824 39.3196 36
      vertex -34.0956 38.8786 32
      vertex -36.5654 36.5654 32
    endloop
  endfacet
  facet normal -0.682732 0.728926 -0.0504315
    outer loop
      vertex -34.6157 39.4716 40
      vertex -36.9802 36.9802 36
      vertex -37.1231 37.1231 40
    endloop
  endfacet
  facet normal -0.682715 0.728941 -0.0504512
    outer loop
      vertex -34.6157 39.4716 40
      vertex -34.4824 39.3196 36
      vertex -36.9802 36.9802 36
    endloop
  endfacet
  facet normal -0.682715 0.728942 0.0504315
    outer loop
      vertex -36.9802 36.9802 44
      vertex -34.4824 39.3196 44
      vertex -37.1231 37.1231 40
    endloop
  endfacet
  facet normal -0.682732 0.728925 0.0504512
    outer loop
      vertex -34.4824 39.3196 44
      vertex -34.6157 39.4716 40
      vertex -37.1231 37.1231 40
    endloop
  endfacet
  facet normal -0.676362 0.722151 0.145026
    outer loop
      vertex -36.5654 36.5654 48
      vertex -34.0956 38.8786 48
      vertex -36.9802 36.9802 44
    endloop
  endfacet
  facet normal -0.676359 0.722155 0.145021
    outer loop
      vertex -34.0956 38.8786 48
      vertex -34.4824 39.3196 44
      vertex -36.9802 36.9802 44
    endloop
  endfacet
  facet normal -0.666431 0.711567 0.222581
    outer loop
      vertex -35.9193 35.9193 52
      vertex -33.4931 38.1916 52
      vertex -36.5654 36.5654 48
    endloop
  endfacet
  facet normal -0.666439 0.711556 0.222592
    outer loop
      vertex -33.4931 38.1916 52
      vertex -34.0956 38.8786 48
      vertex -36.5654 36.5654 48
    endloop
  endfacet
  facet normal -0.656938 0.701428 0.276461
    outer loop
      vertex -35.1052 35.1052 56
      vertex -32.734 37.326 56
      vertex -35.9193 35.9193 52
    endloop
  endfacet
  facet normal -0.656937 0.70143 0.27646
    outer loop
      vertex -32.734 37.326 56
      vertex -33.4931 38.1916 52
      vertex -35.9193 35.9193 52
    endloop
  endfacet
  facet normal -0.651294 0.695349 0.303819
    outer loop
      vertex -33.3003 33.3003 64
      vertex -31.0511 35.407 64
      vertex -35.1052 35.1052 56
    endloop
  endfacet
  facet normal -0.65127 0.695377 0.303806
    outer loop
      vertex -31.0511 35.407 64
      vertex -32.734 37.326 56
      vertex -35.1052 35.1052 56
    endloop
  endfacet
  facet normal -0.656968 0.7014 0.276462
    outer loop
      vertex -32.4862 32.4862 68
      vertex -30.292 34.5414 68
      vertex -33.3003 33.3003 64
    endloop
  endfacet
  facet normal -0.656965 0.701403 0.276459
    outer loop
      vertex -30.292 34.5414 68
      vertex -31.0511 35.407 64
      vertex -33.3003 33.3003 64
    endloop
  endfacet
  facet normal -0.666451 0.711548 0.222581
    outer loop
      vertex -31.8401 31.8401 72
      vertex -29.6895 33.8544 72
      vertex -32.4862 32.4862 68
    endloop
  endfacet
  facet normal -0.666461 0.711536 0.222592
    outer loop
      vertex -29.6895 33.8544 72
      vertex -30.292 34.5414 68
      vertex -32.4862 32.4862 68
    endloop
  endfacet
  facet normal -0.676378 0.722136 0.145026
    outer loop
      vertex -31.4253 31.4253 76
      vertex -29.3027 33.4134 76
      vertex -31.8401 31.8401 72
    endloop
  endfacet
  facet normal -0.676373 0.722141 0.145021
    outer loop
      vertex -29.3027 33.4134 76
      vertex -29.6895 33.8544 72
      vertex -31.8401 31.8401 72
    endloop
  endfacet
  facet normal -0.682732 0.728926 0.0504315
    outer loop
      vertex -31.2824 31.2824 80
      vertex -29.1695 33.2614 80
      vertex -31.4253 31.4253 76
    endloop
  endfacet
  facet normal -0.682735 0.728924 0.0504342
    outer loop
      vertex -29.1695 33.2614 80
      vertex -29.3027 33.4134 76
      vertex -31.4253 31.4253 76
    endloop
  endfacet
  facet normal 0.683602 -0.729855 0
    outer loop
      vertex -31.2824 31.2824 0
      vertex -29.1695 33.2614 80
      vertex -31.2824 31.2824 80
    endloop
  endfacet
  facet normal 0.683602 -0.729855 0
    outer loop
      vertex -29.1695 33.2614 80
      vertex -31.2824 31.2824 0
      vertex -29.1695 33.2614 0
    endloop
  endfacet
  facet normal -0.682735 0.728924 -0.0504315
    outer loop
      vertex -29.3027 33.4134 4
      vertex -31.2824 31.2824 0
      vertex -31.4253 31.4253 4
    endloop
  endfacet
  facet normal -0.682732 0.728926 -0.0504342
    outer loop
      vertex -29.3027 33.4134 4
      vertex -29.1695 33.2614 0
      vertex -31.2824 31.2824 0
    endloop
  endfacet
  facet normal -0.627695 0.764832 -0.145021
    outer loop
      vertex -27.4118 35.7237 8
      vertex -29.3027 33.4134 4
      vertex -29.6895 33.8544 8
    endloop
  endfacet
  facet normal -0.627671 0.764848 -0.145041
    outer loop
      vertex -27.4118 35.7237 8
      vertex -27.0546 35.2583 4
      vertex -29.3027 33.4134 4
    endloop
  endfacet
  facet normal -0.618466 0.753626 -0.222592
    outer loop
      vertex -27.968 36.4486 12
      vertex -29.6895 33.8544 8
      vertex -30.292 34.5414 12
    endloop
  endfacet
  facet normal -0.618488 0.753614 -0.222574
    outer loop
      vertex -27.968 36.4486 12
      vertex -27.4118 35.7237 8
      vertex -29.6895 33.8544 8
    endloop
  endfacet
  facet normal -0.609664 0.742886 -0.27646
    outer loop
      vertex -28.6689 37.362 16
      vertex -30.292 34.5414 12
      vertex -31.0511 35.407 16
    endloop
  endfacet
  facet normal -0.609656 0.74289 -0.276466
    outer loop
      vertex -28.6689 37.362 16
      vertex -27.968 36.4486 12
      vertex -30.292 34.5414 12
    endloop
  endfacet
  facet normal -0.604413 0.736469 -0.303806
    outer loop
      vertex -30.2227 39.387 24
      vertex -31.0511 35.407 16
      vertex -32.734 37.326 24
    endloop
  endfacet
  facet normal -0.604403 0.736475 -0.303811
    outer loop
      vertex -30.2227 39.387 24
      vertex -28.6689 37.362 16
      vertex -31.0511 35.407 16
    endloop
  endfacet
  facet normal -0.609679 0.742873 -0.27646
    outer loop
      vertex -30.9236 40.3004 28
      vertex -32.734 37.326 24
      vertex -33.4931 38.1916 28
    endloop
  endfacet
  facet normal -0.609672 0.742877 -0.276466
    outer loop
      vertex -30.9236 40.3004 28
      vertex -30.2227 39.387 24
      vertex -32.734 37.326 24
    endloop
  endfacet
  facet normal -0.618472 0.753621 -0.222592
    outer loop
      vertex -31.4798 41.0253 32
      vertex -33.4931 38.1916 28
      vertex -34.0956 38.8786 32
    endloop
  endfacet
  facet normal -0.618492 0.753611 -0.222574
    outer loop
      vertex -31.4798 41.0253 32
      vertex -30.9236 40.3004 28
      vertex -33.4931 38.1916 28
    endloop
  endfacet
  facet normal -0.627686 0.764839 -0.145021
    outer loop
      vertex -31.8369 41.4907 36
      vertex -34.0956 38.8786 32
      vertex -34.4824 39.3196 36
    endloop
  endfacet
  facet normal -0.627681 0.764843 -0.145026
    outer loop
      vertex -31.8369 41.4907 36
      vertex -31.4798 41.0253 32
      vertex -34.0956 38.8786 32
    endloop
  endfacet
  facet normal -0.633589 0.772023 -0.0504512
    outer loop
      vertex -31.96 41.6511 40
      vertex -34.4824 39.3196 36
      vertex -34.6157 39.4716 40
    endloop
  endfacet
  facet normal -0.633584 0.772027 -0.0504568
    outer loop
      vertex -31.96 41.6511 40
      vertex -31.8369 41.4907 36
      vertex -34.4824 39.3196 36
    endloop
  endfacet
  facet normal -0.633584 0.772027 0.0504512
    outer loop
      vertex -34.4824 39.3196 44
      vertex -31.8369 41.4907 44
      vertex -34.6157 39.4716 40
    endloop
  endfacet
  facet normal -0.633589 0.772022 0.0504568
    outer loop
      vertex -31.8369 41.4907 44
      vertex -31.96 41.6511 40
      vertex -34.6157 39.4716 40
    endloop
  endfacet
  facet normal -0.627681 0.764843 0.145021
    outer loop
      vertex -34.0956 38.8786 48
      vertex -31.4798 41.0253 48
      vertex -34.4824 39.3196 44
    endloop
  endfacet
  facet normal -0.627685 0.764839 0.145026
    outer loop
      vertex -31.4798 41.0253 48
      vertex -31.8369 41.4907 44
      vertex -34.4824 39.3196 44
    endloop
  endfacet
  facet normal -0.618489 0.753607 0.222592
    outer loop
      vertex -33.4931 38.1916 52
      vertex -30.9236 40.3004 52
      vertex -34.0956 38.8786 48
    endloop
  endfacet
  facet normal -0.618475 0.753624 0.222574
    outer loop
      vertex -30.9236 40.3004 52
      vertex -31.4798 41.0253 48
      vertex -34.0956 38.8786 48
    endloop
  endfacet
  facet normal -0.609673 0.742879 0.27646
    outer loop
      vertex -32.734 37.326 56
      vertex -30.2227 39.387 56
      vertex -33.4931 38.1916 52
    endloop
  endfacet
  facet normal -0.609678 0.742872 0.276466
    outer loop
      vertex -30.2227 39.387 56
      vertex -30.9236 40.3004 52
      vertex -33.4931 38.1916 52
    endloop
  endfacet
  facet normal -0.604404 0.736476 0.303806
    outer loop
      vertex -31.0511 35.407 64
      vertex -28.6689 37.362 64
      vertex -32.734 37.326 56
    endloop
  endfacet
  facet normal -0.604412 0.736468 0.30381
    outer loop
      vertex -28.6689 37.362 64
      vertex -30.2227 39.387 56
      vertex -32.734 37.326 56
    endloop
  endfacet
  facet normal -0.609657 0.742892 0.276459
    outer loop
      vertex -30.292 34.5414 68
      vertex -27.968 36.4486 68
      vertex -31.0511 35.407 64
    endloop
  endfacet
  facet normal -0.609663 0.742885 0.276466
    outer loop
      vertex -27.968 36.4486 68
      vertex -28.6689 37.362 64
      vertex -31.0511 35.407 64
    endloop
  endfacet
  facet normal -0.618485 0.75361 0.222592
    outer loop
      vertex -29.6895 33.8544 72
      vertex -27.4118 35.7237 72
      vertex -30.292 34.5414 68
    endloop
  endfacet
  facet normal -0.618469 0.753629 0.222575
    outer loop
      vertex -27.4118 35.7237 72
      vertex -27.968 36.4486 68
      vertex -30.292 34.5414 68
    endloop
  endfacet
  facet normal -0.627673 0.76485 0.145021
    outer loop
      vertex -29.3027 33.4134 76
      vertex -27.0546 35.2583 76
      vertex -29.6895 33.8544 72
    endloop
  endfacet
  facet normal -0.627693 0.76483 0.145041
    outer loop
      vertex -27.0546 35.2583 76
      vertex -27.4118 35.7237 72
      vertex -29.6895 33.8544 72
    endloop
  endfacet
  facet normal -0.633566 0.772043 0.0504354
    outer loop
      vertex -29.1695 33.2614 80
      vertex -26.9316 35.0979 80
      vertex -29.3027 33.4134 76
    endloop
  endfacet
  facet normal -0.633572 0.772038 0.0504411
    outer loop
      vertex -26.9316 35.0979 80
      vertex -27.0546 35.2583 76
      vertex -29.3027 33.4134 76
    endloop
  endfacet
  facet normal 0.634373 -0.773027 0
    outer loop
      vertex -29.1695 33.2614 0
      vertex -26.9316 35.0979 80
      vertex -29.1695 33.2614 80
    endloop
  endfacet
  facet normal 0.634373 -0.773027 0
    outer loop
      vertex -26.9316 35.0979 80
      vertex -29.1695 33.2614 0
      vertex -26.9316 35.0979 0
    endloop
  endfacet
  facet normal -0.633572 0.772038 -0.0504354
    outer loop
      vertex -27.0546 35.2583 4
      vertex -29.1695 33.2614 0
      vertex -29.3027 33.4134 4
    endloop
  endfacet
  facet normal -0.633566 0.772043 -0.0504411
    outer loop
      vertex -27.0546 35.2583 4
      vertex -26.9316 35.0979 0
      vertex -29.1695 33.2614 0
    endloop
  endfacet
  facet normal -0.576302 0.804264 -0.14504
    outer loop
      vertex -25.0166 37.44 8
      vertex -27.0546 35.2583 4
      vertex -27.4118 35.7237 8
    endloop
  endfacet
  facet normal -0.576333 0.804246 -0.145014
    outer loop
      vertex -25.0166 37.44 8
      vertex -24.6907 36.9523 4
      vertex -27.0546 35.2583 4
    endloop
  endfacet
  facet normal -0.56786 0.792462 -0.222575
    outer loop
      vertex -25.5243 38.1997 12
      vertex -27.4118 35.7237 8
      vertex -27.968 36.4486 12
    endloop
  endfacet
  facet normal -0.567849 0.792467 -0.222584
    outer loop
      vertex -25.5243 38.1997 12
      vertex -25.0166 37.44 8
      vertex -27.4118 35.7237 8
    endloop
  endfacet
  facet normal -0.559763 0.781174 -0.276465
    outer loop
      vertex -26.1639 39.157 16
      vertex -27.968 36.4486 12
      vertex -28.6689 37.362 16
    endloop
  endfacet
  facet normal -0.559769 0.781171 -0.276461
    outer loop
      vertex -26.1639 39.157 16
      vertex -25.5243 38.1997 12
      vertex -27.968 36.4486 12
    endloop
  endfacet
  facet normal -0.554946 0.774425 -0.303811
    outer loop
      vertex -27.582 41.2793 24
      vertex -28.6689 37.362 16
      vertex -30.2227 39.387 24
    endloop
  endfacet
  facet normal -0.554933 0.774432 -0.303816
    outer loop
      vertex -27.582 41.2793 24
      vertex -26.1639 39.157 16
      vertex -28.6689 37.362 16
    endloop
  endfacet
  facet normal -0.55977 0.781169 -0.276466
    outer loop
      vertex -28.2216 42.2366 28
      vertex -30.2227 39.387 24
      vertex -30.9236 40.3004 28
    endloop
  endfacet
  facet normal -0.559776 0.781166 -0.276461
    outer loop
      vertex -28.2216 42.2366 28
      vertex -27.582 41.2793 24
      vertex -30.2227 39.387 24
    endloop
  endfacet
  facet normal -0.567857 0.792464 -0.222575
    outer loop
      vertex -28.7292 42.9963 32
      vertex -30.9236 40.3004 28
      vertex -31.4798 41.0253 32
    endloop
  endfacet
  facet normal -0.567862 0.792461 -0.22257
    outer loop
      vertex -28.7292 42.9963 32
      vertex -28.2216 42.2366 28
      vertex -30.9236 40.3004 28
    endloop
  endfacet
  facet normal -0.576318 0.804254 -0.145026
    outer loop
      vertex -29.0551 43.4841 36
      vertex -31.4798 41.0253 32
      vertex -31.8369 41.4907 36
    endloop
  endfacet
  facet normal -0.576309 0.804259 -0.145034
    outer loop
      vertex -29.0551 43.4841 36
      vertex -28.7292 42.9963 32
      vertex -31.4798 41.0253 32
    endloop
  endfacet
  facet normal -0.581726 0.811818 -0.0504565
    outer loop
      vertex -29.1674 43.6522 40
      vertex -31.8369 41.4907 36
      vertex -31.96 41.6511 40
    endloop
  endfacet
  facet normal -0.581734 0.811813 -0.0504486
    outer loop
      vertex -29.1674 43.6522 40
      vertex -29.0551 43.4841 36
      vertex -31.8369 41.4907 36
    endloop
  endfacet
  facet normal -0.581734 0.811813 0.0504565
    outer loop
      vertex -31.8369 41.4907 44
      vertex -29.0551 43.4841 44
      vertex -31.96 41.6511 40
    endloop
  endfacet
  facet normal -0.581727 0.811818 0.0504486
    outer loop
      vertex -29.0551 43.4841 44
      vertex -29.1674 43.6522 40
      vertex -31.96 41.6511 40
    endloop
  endfacet
  facet normal -0.57631 0.80426 0.145026
    outer loop
      vertex -31.4798 41.0253 48
      vertex -28.7292 42.9963 48
      vertex -31.8369 41.4907 44
    endloop
  endfacet
  facet normal -0.576317 0.804253 0.145034
    outer loop
      vertex -28.7292 42.9963 48
      vertex -29.0551 43.4841 44
      vertex -31.8369 41.4907 44
    endloop
  endfacet
  facet normal -0.567862 0.792461 0.222575
    outer loop
      vertex -30.9236 40.3004 52
      vertex -28.2216 42.2366 52
      vertex -31.4798 41.0253 48
    endloop
  endfacet
  facet normal -0.567857 0.792465 0.22257
    outer loop
      vertex -28.2216 42.2366 52
      vertex -28.7292 42.9963 48
      vertex -31.4798 41.0253 48
    endloop
  endfacet
  facet normal -0.559775 0.781165 0.276466
    outer loop
      vertex -30.2227 39.387 56
      vertex -27.582 41.2793 56
      vertex -30.9236 40.3004 52
    endloop
  endfacet
  facet normal -0.559771 0.78117 0.276461
    outer loop
      vertex -27.582 41.2793 56
      vertex -28.2216 42.2366 52
      vertex -30.9236 40.3004 52
    endloop
  endfacet
  facet normal -0.554934 0.774434 0.303811
    outer loop
      vertex -28.6689 37.362 64
      vertex -26.1639 39.157 64
      vertex -30.2227 39.387 56
    endloop
  endfacet
  facet normal -0.554945 0.774424 0.303816
    outer loop
      vertex -26.1639 39.157 64
      vertex -27.582 41.2793 56
      vertex -30.2227 39.387 56
    endloop
  endfacet
  facet normal -0.559768 0.78117 0.276466
    outer loop
      vertex -27.968 36.4486 68
      vertex -25.5243 38.1997 68
      vertex -28.6689 37.362 64
    endloop
  endfacet
  facet normal -0.559764 0.781175 0.276461
    outer loop
      vertex -25.5243 38.1997 68
      vertex -26.1639 39.157 64
      vertex -28.6689 37.362 64
    endloop
  endfacet
  facet normal -0.56785 0.792469 0.222575
    outer loop
      vertex -27.4118 35.7237 72
      vertex -25.0166 37.44 72
      vertex -27.968 36.4486 68
    endloop
  endfacet
  facet normal -0.567859 0.79246 0.222583
    outer loop
      vertex -25.0166 37.44 72
      vertex -25.5243 38.1997 68
      vertex -27.968 36.4486 68
    endloop
  endfacet
  facet normal -0.57633 0.804243 0.14504
    outer loop
      vertex -27.0546 35.2583 76
      vertex -24.6907 36.9523 76
      vertex -27.4118 35.7237 72
    endloop
  endfacet
  facet normal -0.576304 0.804267 0.145015
    outer loop
      vertex -24.6907 36.9523 76
      vertex -25.0166 37.44 72
      vertex -27.4118 35.7237 72
    endloop
  endfacet
  facet normal -0.581741 0.811809 0.0504421
    outer loop
      vertex -26.9316 35.0979 80
      vertex -24.5784 36.7842 80
      vertex -27.0546 35.2583 76
    endloop
  endfacet
  facet normal -0.581748 0.811803 0.0504486
    outer loop
      vertex -24.5784 36.7842 80
      vertex -24.6907 36.9523 76
      vertex -27.0546 35.2583 76
    endloop
  endfacet
  facet normal 0.582482 -0.812843 0
    outer loop
      vertex -26.9316 35.0979 0
      vertex -24.5784 36.7842 80
      vertex -26.9316 35.0979 80
    endloop
  endfacet
  facet normal 0.582482 -0.812843 0
    outer loop
      vertex -24.5784 36.7842 80
      vertex -26.9316 35.0979 0
      vertex -24.5784 36.7842 0
    endloop
  endfacet
  facet normal -0.581748 0.811803 -0.0504421
    outer loop
      vertex -24.6907 36.9523 4
      vertex -26.9316 35.0979 0
      vertex -27.0546 35.2583 4
    endloop
  endfacet
  facet normal -0.581741 0.811808 -0.0504486
    outer loop
      vertex -24.6907 36.9523 4
      vertex -24.5784 36.7842 0
      vertex -26.9316 35.0979 0
    endloop
  endfacet
  facet normal -0.522494 0.840221 -0.145014
    outer loop
      vertex -22.5144 38.996 8
      vertex -24.6907 36.9523 4
      vertex -25.0166 37.44 8
    endloop
  endfacet
  facet normal -0.522487 0.840224 -0.14502
    outer loop
      vertex -22.5144 38.996 8
      vertex -22.2211 38.488 4
      vertex -24.6907 36.9523 4
    endloop
  endfacet
  facet normal -0.514816 0.827902 -0.222582
    outer loop
      vertex -22.9712 39.7873 12
      vertex -25.0166 37.44 8
      vertex -25.5243 38.1997 12
    endloop
  endfacet
  facet normal -0.51483 0.827896 -0.222572
    outer loop
      vertex -22.9712 39.7873 12
      vertex -22.5144 38.996 8
      vertex -25.0166 37.44 8
    endloop
  endfacet
  facet normal -0.507496 0.816098 -0.276461
    outer loop
      vertex -23.5469 40.7844 16
      vertex -25.5243 38.1997 12
      vertex -26.1639 39.157 16
    endloop
  endfacet
  facet normal -0.50748 0.816104 -0.276473
    outer loop
      vertex -23.5469 40.7844 16
      vertex -22.9712 39.7873 12
      vertex -25.5243 38.1997 12
    endloop
  endfacet
  facet normal -0.503108 0.80906 -0.303816
    outer loop
      vertex -24.8231 42.9949 24
      vertex -26.1639 39.157 16
      vertex -27.582 41.2793 24
    endloop
  endfacet
  facet normal -0.503117 0.809056 -0.303812
    outer loop
      vertex -24.8231 42.9949 24
      vertex -23.5469 40.7844 16
      vertex -26.1639 39.157 16
    endloop
  endfacet
  facet normal -0.507501 0.816095 -0.276461
    outer loop
      vertex -25.3988 43.992 28
      vertex -27.582 41.2793 24
      vertex -28.2216 42.2366 28
    endloop
  endfacet
  facet normal -0.507486 0.816101 -0.276473
    outer loop
      vertex -25.3988 43.992 28
      vertex -24.8231 42.9949 24
      vertex -27.582 41.2793 24
    endloop
  endfacet
  facet normal -0.514818 0.827904 -0.22257
    outer loop
      vertex -25.8556 44.7832 32
      vertex -28.2216 42.2366 28
      vertex -28.7292 42.9963 32
    endloop
  endfacet
  facet normal -0.514839 0.827896 -0.222552
    outer loop
      vertex -25.8556 44.7832 32
      vertex -25.3988 43.992 28
      vertex -28.2216 42.2366 28
    endloop
  endfacet
  facet normal -0.522486 0.840222 -0.145035
    outer loop
      vertex -26.1489 45.2913 36
      vertex -28.7292 42.9963 32
      vertex -29.0551 43.4841 36
    endloop
  endfacet
  facet normal -0.52248 0.840225 -0.14504
    outer loop
      vertex -26.1489 45.2913 36
      vertex -25.8556 44.7832 32
      vertex -28.7292 42.9963 32
    endloop
  endfacet
  facet normal -0.527384 0.848128 -0.0504489
    outer loop
      vertex -26.25 45.4663 40
      vertex -29.0551 43.4841 36
      vertex -29.1674 43.6522 40
    endloop
  endfacet
  facet normal -0.527398 0.84812 -0.0504352
    outer loop
      vertex -26.25 45.4663 40
      vertex -26.1489 45.2913 36
      vertex -29.0551 43.4841 36
    endloop
  endfacet
  facet normal -0.527397 0.84812 0.0504489
    outer loop
      vertex -29.0551 43.4841 44
      vertex -26.1489 45.2913 44
      vertex -29.1674 43.6522 40
    endloop
  endfacet
  facet normal -0.527384 0.848129 0.0504353
    outer loop
      vertex -26.1489 45.2913 44
      vertex -26.25 45.4663 40
      vertex -29.1674 43.6522 40
    endloop
  endfacet
  facet normal -0.52248 0.840226 0.145035
    outer loop
      vertex -28.7292 42.9963 48
      vertex -25.8556 44.7832 48
      vertex -29.0551 43.4841 44
    endloop
  endfacet
  facet normal -0.522486 0.840221 0.14504
    outer loop
      vertex -25.8556 44.7832 48
      vertex -26.1489 45.2913 44
      vertex -29.0551 43.4841 44
    endloop
  endfacet
  facet normal -0.514837 0.827892 0.22257
    outer loop
      vertex -28.2216 42.2366 52
      vertex -25.3988 43.992 52
      vertex -28.7292 42.9963 48
    endloop
  endfacet
  facet normal -0.51482 0.827907 0.222553
    outer loop
      vertex -25.3988 43.992 52
      vertex -25.8556 44.7832 48
      vertex -28.7292 42.9963 48
    endloop
  endfacet
  facet normal -0.507488 0.816104 0.276461
    outer loop
      vertex -27.582 41.2793 56
      vertex -24.8231 42.9949 56
      vertex -28.2216 42.2366 52
    endloop
  endfacet
  facet normal -0.507499 0.816093 0.276473
    outer loop
      vertex -24.8231 42.9949 56
      vertex -25.3988 43.992 52
      vertex -28.2216 42.2366 52
    endloop
  endfacet
  facet normal -0.503116 0.809055 0.303816
    outer loop
      vertex -26.1639 39.157 64
      vertex -23.5469 40.7844 64
      vertex -27.582 41.2793 56
    endloop
  endfacet
  facet normal -0.503108 0.809061 0.303812
    outer loop
      vertex -23.5469 40.7844 64
      vertex -24.8231 42.9949 56
      vertex -27.582 41.2793 56
    endloop
  endfacet
  facet normal -0.507482 0.816107 0.276461
    outer loop
      vertex -25.5243 38.1997 68
      vertex -22.9712 39.7873 68
      vertex -26.1639 39.157 64
    endloop
  endfacet
  facet normal -0.507495 0.816095 0.276473
    outer loop
      vertex -22.9712 39.7873 68
      vertex -23.5469 40.7844 64
      vertex -26.1639 39.157 64
    endloop
  endfacet
  facet normal -0.514828 0.827894 0.222582
    outer loop
      vertex -25.0166 37.44 72
      vertex -22.5144 38.996 72
      vertex -25.5243 38.1997 68
    endloop
  endfacet
  facet normal -0.514817 0.827904 0.222572
    outer loop
      vertex -22.5144 38.996 72
      vertex -22.9712 39.7873 68
      vertex -25.5243 38.1997 68
    endloop
  endfacet
  facet normal -0.522487 0.840225 0.145014
    outer loop
      vertex -24.6907 36.9523 76
      vertex -22.2211 38.488 76
      vertex -25.0166 37.44 72
    endloop
  endfacet
  facet normal -0.522493 0.84022 0.14502
    outer loop
      vertex -22.2211 38.488 76
      vertex -22.5144 38.996 72
      vertex -25.0166 37.44 72
    endloop
  endfacet
  facet normal -0.527413 0.84811 0.0504489
    outer loop
      vertex -24.5784 36.7842 80
      vertex -22.12 38.313 80
      vertex -24.6907 36.9523 76
    endloop
  endfacet
  facet normal -0.527397 0.848121 0.0504352
    outer loop
      vertex -22.12 38.313 80
      vertex -22.2211 38.488 76
      vertex -24.6907 36.9523 76
    endloop
  endfacet
  facet normal 0.528085 -0.849192 0
    outer loop
      vertex -24.5784 36.7842 0
      vertex -22.12 38.313 80
      vertex -24.5784 36.7842 80
    endloop
  endfacet
  facet normal 0.528085 -0.849192 0
    outer loop
      vertex -22.12 38.313 80
      vertex -24.5784 36.7842 0
      vertex -22.12 38.313 0
    endloop
  endfacet
  facet normal -0.527396 0.84812 -0.0504489
    outer loop
      vertex -22.2211 38.488 4
      vertex -24.5784 36.7842 0
      vertex -24.6907 36.9523 4
    endloop
  endfacet
  facet normal -0.527413 0.848111 -0.0504352
    outer loop
      vertex -22.2211 38.488 4
      vertex -22.12 38.313 0
      vertex -24.5784 36.7842 0
    endloop
  endfacet
  facet normal -0.466431 0.872589 -0.14502
    outer loop
      vertex -19.9157 40.3851 8
      vertex -22.2211 38.488 4
      vertex -22.5144 38.996 8
    endloop
  endfacet
  facet normal -0.466394 0.872604 -0.145048
    outer loop
      vertex -19.9157 40.3851 8
      vertex -19.6562 39.8589 4
      vertex -22.2211 38.488 4
    endloop
  endfacet
  facet normal -0.459572 0.8598 -0.222573
    outer loop
      vertex -20.3198 41.2045 12
      vertex -22.5144 38.996 8
      vertex -22.9712 39.7873 12
    endloop
  endfacet
  facet normal -0.459591 0.859793 -0.222559
    outer loop
      vertex -20.3198 41.2045 12
      vertex -19.9157 40.3851 8
      vertex -22.5144 38.996 8
    endloop
  endfacet
  facet normal -0.453011 0.847552 -0.276473
    outer loop
      vertex -20.829 42.2371 16
      vertex -22.9712 39.7873 12
      vertex -23.5469 40.7844 16
    endloop
  endfacet
  facet normal -0.453023 0.847548 -0.276464
    outer loop
      vertex -20.829 42.2371 16
      vertex -20.3198 41.2045 12
      vertex -22.9712 39.7873 12
    endloop
  endfacet
  facet normal -0.449108 0.840238 -0.303812
    outer loop
      vertex -21.958 44.5263 24
      vertex -23.5469 40.7844 16
      vertex -24.8231 42.9949 24
    endloop
  endfacet
  facet normal -0.449103 0.84024 -0.303814
    outer loop
      vertex -21.958 44.5263 24
      vertex -20.829 42.2371 16
      vertex -23.5469 40.7844 16
    endloop
  endfacet
  facet normal -0.453006 0.847554 -0.276473
    outer loop
      vertex -22.4672 45.5589 28
      vertex -24.8231 42.9949 24
      vertex -25.3988 43.992 28
    endloop
  endfacet
  facet normal -0.453017 0.847551 -0.276464
    outer loop
      vertex -22.4672 45.5589 28
      vertex -21.958 44.5263 24
      vertex -24.8231 42.9949 24
    endloop
  endfacet
  facet normal -0.459588 0.859796 -0.222553
    outer loop
      vertex -22.8713 46.3784 32
      vertex -25.3988 43.992 28
      vertex -25.8556 44.7832 32
    endloop
  endfacet
  facet normal -0.459555 0.859807 -0.222579
    outer loop
      vertex -22.8713 46.3784 32
      vertex -22.4672 45.5589 28
      vertex -25.3988 43.992 28
    endloop
  endfacet
  facet normal -0.466398 0.872603 -0.145041
    outer loop
      vertex -23.1307 46.9045 36
      vertex -25.8556 44.7832 32
      vertex -26.1489 45.2913 36
    endloop
  endfacet
  facet normal -0.466427 0.872592 -0.145015
    outer loop
      vertex -23.1307 46.9045 36
      vertex -22.8713 46.3784 32
      vertex -25.8556 44.7832 32
    endloop
  endfacet
  facet normal -0.470805 0.880794 -0.0504344
    outer loop
      vertex -23.2202 47.0858 40
      vertex -26.1489 45.2913 36
      vertex -26.25 45.4663 40
    endloop
  endfacet
  facet normal -0.470782 0.880805 -0.0504563
    outer loop
      vertex -23.2202 47.0858 40
      vertex -23.1307 46.9045 36
      vertex -26.1489 45.2913 36
    endloop
  endfacet
  facet normal -0.470783 0.880806 0.0504343
    outer loop
      vertex -26.1489 45.2913 44
      vertex -23.1307 46.9045 44
      vertex -26.25 45.4663 40
    endloop
  endfacet
  facet normal -0.470805 0.880793 0.0504562
    outer loop
      vertex -23.1307 46.9045 44
      vertex -23.2202 47.0858 40
      vertex -26.25 45.4663 40
    endloop
  endfacet
  facet normal -0.466425 0.872588 0.145041
    outer loop
      vertex -25.8556 44.7832 48
      vertex -22.8713 46.3784 48
      vertex -26.1489 45.2913 44
    endloop
  endfacet
  facet normal -0.4664 0.872606 0.145016
    outer loop
      vertex -22.8713 46.3784 48
      vertex -23.1307 46.9045 44
      vertex -26.1489 45.2913 44
    endloop
  endfacet
  facet normal -0.459558 0.859812 0.222552
    outer loop
      vertex -25.3988 43.992 52
      vertex -22.4672 45.5589 52
      vertex -25.8556 44.7832 48
    endloop
  endfacet
  facet normal -0.459585 0.859791 0.222579
    outer loop
      vertex -22.4672 45.5589 52
      vertex -22.8713 46.3784 48
      vertex -25.8556 44.7832 48
    endloop
  endfacet
  facet normal -0.453016 0.847549 0.276473
    outer loop
      vertex -24.8231 42.9949 56
      vertex -21.958 44.5263 56
      vertex -25.3988 43.992 52
    endloop
  endfacet
  facet normal -0.453007 0.847556 0.276465
    outer loop
      vertex -21.958 44.5263 56
      vertex -22.4672 45.5589 52
      vertex -25.3988 43.992 52
    endloop
  endfacet
  facet normal -0.449103 0.840241 0.303812
    outer loop
      vertex -23.5469 40.7844 64
      vertex -20.829 42.2371 64
      vertex -24.8231 42.9949 56
    endloop
  endfacet
  facet normal -0.449108 0.840237 0.303814
    outer loop
      vertex -20.829 42.2371 64
      vertex -21.958 44.5263 56
      vertex -24.8231 42.9949 56
    endloop
  endfacet
  facet normal -0.453022 0.847546 0.276473
    outer loop
      vertex -22.9712 39.7873 68
      vertex -20.3198 41.2045 68
      vertex -23.5469 40.7844 64
    endloop
  endfacet
  facet normal -0.453012 0.847554 0.276464
    outer loop
      vertex -20.3198 41.2045 68
      vertex -20.829 42.2371 64
      vertex -23.5469 40.7844 64
    endloop
  endfacet
  facet normal -0.459589 0.85979 0.222573
    outer loop
      vertex -22.5144 38.996 72
      vertex -19.9157 40.3851 72
      vertex -22.9712 39.7873 68
    endloop
  endfacet
  facet normal -0.459573 0.859802 0.222559
    outer loop
      vertex -19.9157 40.3851 72
      vertex -20.3198 41.2045 68
      vertex -22.9712 39.7873 68
    endloop
  endfacet
  facet normal -0.466396 0.872608 0.14502
    outer loop
      vertex -22.2211 38.488 76
      vertex -19.6562 39.8589 76
      vertex -22.5144 38.996 72
    endloop
  endfacet
  facet normal -0.466429 0.872585 0.145048
    outer loop
      vertex -19.6562 39.8589 76
      vertex -19.9157 40.3851 72
      vertex -22.5144 38.996 72
    endloop
  endfacet
  facet normal -0.470766 0.880815 0.0504343
    outer loop
      vertex -22.12 38.313 80
      vertex -19.5668 39.6776 80
      vertex -22.2211 38.488 76
    endloop
  endfacet
  facet normal -0.470779 0.880808 0.0504445
    outer loop
      vertex -19.5668 39.6776 80
      vertex -19.6562 39.8589 76
      vertex -22.2211 38.488 76
    endloop
  endfacet
  facet normal 0.471366 -0.881938 0
    outer loop
      vertex -22.12 38.313 0
      vertex -19.5668 39.6776 80
      vertex -22.12 38.313 80
    endloop
  endfacet
  facet normal 0.471366 -0.881938 0
    outer loop
      vertex -19.5668 39.6776 80
      vertex -22.12 38.313 0
      vertex -19.5668 39.6776 0
    endloop
  endfacet
  facet normal -0.470779 0.880809 -0.0504343
    outer loop
      vertex -19.6562 39.8589 4
      vertex -22.12 38.313 0
      vertex -22.2211 38.488 4
    endloop
  endfacet
  facet normal -0.470766 0.880815 -0.0504446
    outer loop
      vertex -19.6562 39.8589 4
      vertex -19.5668 39.6776 0
      vertex -22.12 38.313 0
    endloop
  endfacet
  facet normal -0.408326 0.901239 -0.145048
    outer loop
      vertex -17.2318 41.6011 8
      vertex -19.6562 39.8589 4
      vertex -19.9157 40.3851 8
    endloop
  endfacet
  facet normal -0.408373 0.901223 -0.145013
    outer loop
      vertex -17.2318 41.6011 8
      vertex -17.0073 41.0592 4
      vertex -19.6562 39.8589 4
    endloop
  endfacet
  facet normal -0.402369 0.888013 -0.222559
    outer loop
      vertex -17.5814 42.4453 12
      vertex -19.9157 40.3851 8
      vertex -20.3198 41.2045 12
    endloop
  endfacet
  facet normal -0.402338 0.888021 -0.222581
    outer loop
      vertex -17.5814 42.4453 12
      vertex -17.2318 41.6011 8
      vertex -19.9157 40.3851 8
    endloop
  endfacet
  facet normal -0.396612 0.875366 -0.276465
    outer loop
      vertex -18.022 43.5089 16
      vertex -20.3198 41.2045 12
      vertex -20.829 42.2371 16
    endloop
  endfacet
  facet normal -0.396636 0.875361 -0.276448
    outer loop
      vertex -18.022 43.5089 16
      vertex -17.5814 42.4453 12
      vertex -20.3198 41.2045 12
    endloop
  endfacet
  facet normal -0.3932 0.867808 -0.303814
    outer loop
      vertex -18.9988 45.8671 24
      vertex -20.829 42.2371 16
      vertex -21.958 44.5263 24
    endloop
  endfacet
  facet normal -0.393189 0.867812 -0.303818
    outer loop
      vertex -18.9988 45.8671 24
      vertex -18.022 43.5089 16
      vertex -20.829 42.2371 16
    endloop
  endfacet
  facet normal -0.396627 0.87536 -0.276465
    outer loop
      vertex -19.4394 46.9308 28
      vertex -21.958 44.5263 24
      vertex -22.4672 45.5589 28
    endloop
  endfacet
  facet normal -0.396622 0.875361 -0.276468
    outer loop
      vertex -19.4394 46.9308 28
      vertex -18.9988 45.8671 24
      vertex -21.958 44.5263 24
    endloop
  endfacet
  facet normal -0.402337 0.888022 -0.22258
    outer loop
      vertex -19.789 47.7749 32
      vertex -22.4672 45.5589 28
      vertex -22.8713 46.3784 32
    endloop
  endfacet
  facet normal -0.402361 0.888016 -0.22256
    outer loop
      vertex -19.789 47.7749 32
      vertex -19.4394 46.9308 28
      vertex -22.4672 45.5589 28
    endloop
  endfacet
  facet normal -0.408348 0.901234 -0.145016
    outer loop
      vertex -20.0135 48.3169 36
      vertex -22.8713 46.3784 32
      vertex -23.1307 46.9045 36
    endloop
  endfacet
  facet normal -0.408326 0.901241 -0.145035
    outer loop
      vertex -20.0135 48.3169 36
      vertex -19.789 47.7749 32
      vertex -22.8713 46.3784 32
    endloop
  endfacet
  facet normal -0.412189 0.9097 -0.0504549
    outer loop
      vertex -20.0909 48.5037 40
      vertex -23.1307 46.9045 36
      vertex -23.2202 47.0858 40
    endloop
  endfacet
  facet normal -0.412185 0.909702 -0.0504589
    outer loop
      vertex -20.0909 48.5037 40
      vertex -20.0135 48.3169 36
      vertex -23.1307 46.9045 36
    endloop
  endfacet
  facet normal -0.412185 0.909702 0.0504549
    outer loop
      vertex -23.1307 46.9045 44
      vertex -20.0135 48.3169 44
      vertex -23.2202 47.0858 40
    endloop
  endfacet
  facet normal -0.412189 0.9097 0.0504588
    outer loop
      vertex -20.0135 48.3169 44
      vertex -20.0909 48.5037 40
      vertex -23.2202 47.0858 40
    endloop
  endfacet
  facet normal -0.408327 0.901243 0.145016
    outer loop
      vertex -22.8713 46.3784 48
      vertex -19.789 47.7749 48
      vertex -23.1307 46.9045 44
    endloop
  endfacet
  facet normal -0.408347 0.901231 0.145035
    outer loop
      vertex -19.789 47.7749 48
      vertex -20.0135 48.3169 44
      vertex -23.1307 46.9045 44
    endloop
  endfacet
  facet normal -0.402359 0.888012 0.22258
    outer loop
      vertex -22.4672 45.5589 52
      vertex -19.4394 46.9308 52
      vertex -22.8713 46.3784 48
    endloop
  endfacet
  facet normal -0.402339 0.888026 0.22256
    outer loop
      vertex -19.4394 46.9308 52
      vertex -19.789 47.7749 48
      vertex -22.8713 46.3784 48
    endloop
  endfacet
  facet normal -0.396622 0.875362 0.276465
    outer loop
      vertex -21.958 44.5263 56
      vertex -18.9988 45.8671 56
      vertex -22.4672 45.5589 52
    endloop
  endfacet
  facet normal -0.396626 0.875359 0.276468
    outer loop
      vertex -18.9988 45.8671 56
      vertex -19.4394 46.9308 52
      vertex -22.4672 45.5589 52
    endloop
  endfacet
  facet normal -0.39319 0.867813 0.303814
    outer loop
      vertex -20.829 42.2371 64
      vertex -18.022 43.5089 64
      vertex -21.958 44.5263 56
    endloop
  endfacet
  facet normal -0.393199 0.867807 0.303817
    outer loop
      vertex -18.022 43.5089 64
      vertex -18.9988 45.8671 56
      vertex -21.958 44.5263 56
    endloop
  endfacet
  facet normal -0.396634 0.875356 0.276465
    outer loop
      vertex -20.3198 41.2045 68
      vertex -17.5814 42.4453 68
      vertex -20.829 42.2371 64
    endloop
  endfacet
  facet normal -0.396614 0.875371 0.276448
    outer loop
      vertex -17.5814 42.4453 68
      vertex -18.022 43.5089 64
      vertex -20.829 42.2371 64
    endloop
  endfacet
  facet normal -0.40234 0.888026 0.222559
    outer loop
      vertex -19.9157 40.3851 72
      vertex -17.2318 41.6011 72
      vertex -20.3198 41.2045 68
    endloop
  endfacet
  facet normal -0.402367 0.888008 0.222581
    outer loop
      vertex -17.2318 41.6011 72
      vertex -17.5814 42.4453 68
      vertex -20.3198 41.2045 68
    endloop
  endfacet
  facet normal -0.40837 0.901218 0.145048
    outer loop
      vertex -19.6562 39.8589 76
      vertex -17.0073 41.0592 76
      vertex -19.9157 40.3851 72
    endloop
  endfacet
  facet normal -0.408328 0.901243 0.145013
    outer loop
      vertex -17.0073 41.0592 76
      vertex -17.2318 41.6011 72
      vertex -19.9157 40.3851 72
    endloop
  endfacet
  facet normal -0.412192 0.909699 0.0504446
    outer loop
      vertex -19.5668 39.6776 80
      vertex -16.9299 40.8724 80
      vertex -19.6562 39.8589 76
    endloop
  endfacet
  facet normal -0.41221 0.909691 0.0504588
    outer loop
      vertex -16.9299 40.8724 80
      vertex -17.0073 41.0592 76
      vertex -19.6562 39.8589 76
    endloop
  endfacet
  facet normal 0.412717 -0.910859 0
    outer loop
      vertex -19.5668 39.6776 0
      vertex -16.9299 40.8724 80
      vertex -19.5668 39.6776 80
    endloop
  endfacet
  facet normal 0.412717 -0.910859 0
    outer loop
      vertex -16.9299 40.8724 80
      vertex -19.5668 39.6776 0
      vertex -16.9299 40.8724 0
    endloop
  endfacet
  facet normal -0.41221 0.909691 -0.0504447
    outer loop
      vertex -17.0073 41.0592 4
      vertex -19.5668 39.6776 0
      vertex -19.6562 39.8589 4
    endloop
  endfacet
  facet normal -0.412192 0.909699 -0.0504588
    outer loop
      vertex -17.0073 41.0592 4
      vertex -16.9299 40.8724 0
      vertex -19.5668 39.6776 0
    endloop
  endfacet
  facet normal -0.348538 0.926009 -0.145013
    outer loop
      vertex -14.474 42.6391 8
      vertex -17.0073 41.0592 4
      vertex -17.2318 41.6011 8
    endloop
  endfacet
  facet normal -0.348522 0.926013 -0.145024
    outer loop
      vertex -14.474 42.6391 8
      vertex -14.2855 42.0836 4
      vertex -17.0073 41.0592 4
    endloop
  endfacet
  facet normal -0.343413 0.912428 -0.222582
    outer loop
      vertex -14.7677 43.5043 12
      vertex -17.2318 41.6011 8
      vertex -17.5814 42.4453 12
    endloop
  endfacet
  facet normal -0.343425 0.912425 -0.222574
    outer loop
      vertex -14.7677 43.5043 12
      vertex -14.474 42.6391 8
      vertex -17.2318 41.6011 8
    endloop
  endfacet
  facet normal -0.33854 0.899426 -0.276448
    outer loop
      vertex -15.1378 44.5945 16
      vertex -17.5814 42.4453 12
      vertex -18.022 43.5089 16
    endloop
  endfacet
  facet normal -0.338521 0.899429 -0.276461
    outer loop
      vertex -15.1378 44.5945 16
      vertex -14.7677 43.5043 12
      vertex -17.5814 42.4453 12
    endloop
  endfacet
  facet normal -0.335609 0.891662 -0.303818
    outer loop
      vertex -15.9583 47.0115 24
      vertex -18.022 43.5089 16
      vertex -18.9988 45.8671 24
    endloop
  endfacet
  facet normal -0.335617 0.89166 -0.303815
    outer loop
      vertex -15.9583 47.0115 24
      vertex -15.1378 44.5945 16
      vertex -18.022 43.5089 16
    endloop
  endfacet
  facet normal -0.338512 0.899431 -0.276468
    outer loop
      vertex -16.3283 48.1017 28
      vertex -18.9988 45.8671 24
      vertex -19.4394 46.9308 28
    endloop
  endfacet
  facet normal -0.338531 0.899428 -0.276453
    outer loop
      vertex -16.3283 48.1017 28
      vertex -15.9583 47.0115 24
      vertex -18.9988 45.8671 24
    endloop
  endfacet
  facet normal -0.343422 0.91243 -0.222561
    outer loop
      vertex -16.622 48.9669 32
      vertex -19.4394 46.9308 28
      vertex -19.789 47.7749 32
    endloop
  endfacet
  facet normal -0.343405 0.912433 -0.222574
    outer loop
      vertex -16.622 48.9669 32
      vertex -16.3283 48.1017 28
      vertex -19.4394 46.9308 28
    endloop
  endfacet
  facet normal -0.348529 0.926009 -0.145035
    outer loop
      vertex -16.8106 49.5224 36
      vertex -19.789 47.7749 32
      vertex -20.0135 48.3169 36
    endloop
  endfacet
  facet normal -0.348532 0.926008 -0.145033
    outer loop
      vertex -16.8106 49.5224 36
      vertex -16.622 48.9669 32
      vertex -19.789 47.7749 32
    endloop
  endfacet
  facet normal -0.351788 0.934719 -0.0504585
    outer loop
      vertex -16.8756 49.7138 40
      vertex -20.0135 48.3169 36
      vertex -20.0909 48.5037 40
    endloop
  endfacet
  facet normal -0.351805 0.934713 -0.0504429
    outer loop
      vertex -16.8756 49.7138 40
      vertex -16.8106 49.5224 36
      vertex -20.0135 48.3169 36
    endloop
  endfacet
  facet normal -0.351805 0.934712 0.0504585
    outer loop
      vertex -20.0135 48.3169 44
      vertex -16.8106 49.5224 44
      vertex -20.0909 48.5037 40
    endloop
  endfacet
  facet normal -0.351788 0.93472 0.0504429
    outer loop
      vertex -16.8106 49.5224 44
      vertex -16.8756 49.7138 40
      vertex -20.0909 48.5037 40
    endloop
  endfacet
  facet normal -0.348532 0.926008 0.145035
    outer loop
      vertex -19.789 47.7749 48
      vertex -16.622 48.9669 48
      vertex -20.0135 48.3169 44
    endloop
  endfacet
  facet normal -0.348529 0.926009 0.145033
    outer loop
      vertex -16.622 48.9669 48
      vertex -16.8106 49.5224 44
      vertex -20.0135 48.3169 44
    endloop
  endfacet
  facet normal -0.343406 0.912436 0.22256
    outer loop
      vertex -19.4394 46.9308 52
      vertex -16.3283 48.1017 52
      vertex -19.789 47.7749 48
    endloop
  endfacet
  facet normal -0.343421 0.912427 0.222574
    outer loop
      vertex -16.3283 48.1017 52
      vertex -16.622 48.9669 48
      vertex -19.789 47.7749 48
    endloop
  endfacet
  facet normal -0.33853 0.899424 0.276468
    outer loop
      vertex -18.9988 45.8671 56
      vertex -15.9583 47.0115 56
      vertex -19.4394 46.9308 52
    endloop
  endfacet
  facet normal -0.338513 0.899435 0.276453
    outer loop
      vertex -15.9583 47.0115 56
      vertex -16.3283 48.1017 52
      vertex -19.4394 46.9308 52
    endloop
  endfacet
  facet normal -0.335617 0.891659 0.303818
    outer loop
      vertex -18.022 43.5089 64
      vertex -15.1378 44.5945 64
      vertex -18.9988 45.8671 56
    endloop
  endfacet
  facet normal -0.335609 0.891663 0.303815
    outer loop
      vertex -15.1378 44.5945 64
      vertex -15.9583 47.0115 56
      vertex -18.9988 45.8671 56
    endloop
  endfacet
  facet normal -0.338522 0.899433 0.276447
    outer loop
      vertex -17.5814 42.4453 68
      vertex -14.7677 43.5043 68
      vertex -18.022 43.5089 64
    endloop
  endfacet
  facet normal -0.338539 0.899423 0.276461
    outer loop
      vertex -14.7677 43.5043 68
      vertex -15.1378 44.5945 64
      vertex -18.022 43.5089 64
    endloop
  endfacet
  facet normal -0.343424 0.912424 0.222582
    outer loop
      vertex -17.2318 41.6011 72
      vertex -14.474 42.6391 72
      vertex -17.5814 42.4453 68
    endloop
  endfacet
  facet normal -0.343414 0.91243 0.222574
    outer loop
      vertex -14.474 42.6391 72
      vertex -14.7677 43.5043 68
      vertex -17.5814 42.4453 68
    endloop
  endfacet
  facet normal -0.348523 0.926015 0.145013
    outer loop
      vertex -17.0073 41.0592 76
      vertex -14.2855 42.0836 76
      vertex -17.2318 41.6011 72
    endloop
  endfacet
  facet normal -0.348537 0.926007 0.145024
    outer loop
      vertex -14.2855 42.0836 76
      vertex -14.474 42.6391 72
      vertex -17.2318 41.6011 72
    endloop
  endfacet
  facet normal -0.351818 0.934708 0.0504585
    outer loop
      vertex -16.9299 40.8724 80
      vertex -14.2205 41.8922 80
      vertex -17.0073 41.0592 76
    endloop
  endfacet
  facet normal -0.351798 0.934716 0.0504429
    outer loop
      vertex -14.2205 41.8922 80
      vertex -14.2855 42.0836 76
      vertex -17.0073 41.0592 76
    endloop
  endfacet
  facet normal 0.352266 -0.9359 0
    outer loop
      vertex -16.9299 40.8724 0
      vertex -14.2205 41.8922 80
      vertex -16.9299 40.8724 80
    endloop
  endfacet
  facet normal 0.352266 -0.9359 0
    outer loop
      vertex -14.2205 41.8922 80
      vertex -16.9299 40.8724 0
      vertex -14.2205 41.8922 0
    endloop
  endfacet
  facet normal -0.351797 0.934715 -0.0504585
    outer loop
      vertex -14.2855 42.0836 4
      vertex -16.9299 40.8724 0
      vertex -17.0073 41.0592 4
    endloop
  endfacet
  facet normal -0.351818 0.934708 -0.0504428
    outer loop
      vertex -14.2855 42.0836 4
      vertex -14.2205 41.8922 0
      vertex -16.9299 40.8724 0
    endloop
  endfacet
  facet normal -0.287201 0.946828 -0.145025
    outer loop
      vertex -11.6543 43.4944 8
      vertex -14.2855 42.0836 4
      vertex -14.474 42.6391 8
    endloop
  endfacet
  facet normal -0.287212 0.946826 -0.145018
    outer loop
      vertex -11.6543 43.4944 8
      vertex -11.5025 42.9278 4
      vertex -14.2855 42.0836 4
    endloop
  endfacet
  facet normal -0.283004 0.932936 -0.222574
    outer loop
      vertex -11.8908 44.377 12
      vertex -14.474 42.6391 8
      vertex -14.7677 43.5043 12
    endloop
  endfacet
  facet normal -0.282988 0.932938 -0.222585
    outer loop
      vertex -11.8908 44.377 12
      vertex -11.6543 43.4944 8
      vertex -14.474 42.6391 8
    endloop
  endfacet
  facet normal -0.27898 0.919641 -0.276461
    outer loop
      vertex -12.1888 45.4891 16
      vertex -14.7677 43.5043 12
      vertex -15.1378 44.5945 16
    endloop
  endfacet
  facet normal -0.278971 0.919642 -0.276467
    outer loop
      vertex -12.1888 45.4891 16
      vertex -11.8908 44.377 12
      vertex -14.7677 43.5043 12
    endloop
  endfacet
  facet normal -0.27657 0.911705 -0.303815
    outer loop
      vertex -12.8494 47.9546 24
      vertex -15.1378 44.5945 16
      vertex -15.9583 47.0115 24
    endloop
  endfacet
  facet normal -0.276572 0.911704 -0.303814
    outer loop
      vertex -12.8494 47.9546 24
      vertex -12.1888 45.4891 16
      vertex -15.1378 44.5945 16
    endloop
  endfacet
  facet normal -0.278994 0.919639 -0.276454
    outer loop
      vertex -13.1474 49.0667 28
      vertex -15.9583 47.0115 24
      vertex -16.3283 48.1017 28
    endloop
  endfacet
  facet normal -0.278977 0.91964 -0.276467
    outer loop
      vertex -13.1474 49.0667 28
      vertex -12.8494 47.9546 24
      vertex -15.9583 47.0115 24
    endloop
  endfacet
  facet normal -0.283012 0.932934 -0.222574
    outer loop
      vertex -13.3839 49.9492 32
      vertex -16.3283 48.1017 28
      vertex -16.622 48.9669 32
    endloop
  endfacet
  facet normal -0.283027 0.932932 -0.222562
    outer loop
      vertex -13.3839 49.9492 32
      vertex -13.1474 49.0667 28
      vertex -16.3283 48.1017 28
    endloop
  endfacet
  facet normal -0.287208 0.946825 -0.145032
    outer loop
      vertex -13.5357 50.5158 36
      vertex -16.622 48.9669 32
      vertex -16.8106 49.5224 36
    endloop
  endfacet
  facet normal -0.287225 0.946822 -0.145018
    outer loop
      vertex -13.5357 50.5158 36
      vertex -13.3839 49.9492 32
      vertex -16.622 48.9669 32
    endloop
  endfacet
  facet normal -0.28992 0.955721 -0.0504424
    outer loop
      vertex -13.588 50.7111 40
      vertex -16.8106 49.5224 36
      vertex -16.8756 49.7138 40
    endloop
  endfacet
  facet normal -0.289907 0.955724 -0.0504538
    outer loop
      vertex -13.588 50.7111 40
      vertex -13.5357 50.5158 36
      vertex -16.8106 49.5224 36
    endloop
  endfacet
  facet normal -0.289907 0.955725 0.0504424
    outer loop
      vertex -16.8106 49.5224 44
      vertex -13.5357 50.5158 44
      vertex -16.8756 49.7138 40
    endloop
  endfacet
  facet normal -0.28992 0.95572 0.0504537
    outer loop
      vertex -13.5357 50.5158 44
      vertex -13.588 50.7111 40
      vertex -16.8756 49.7138 40
    endloop
  endfacet
  facet normal -0.287224 0.94682 0.145032
    outer loop
      vertex -16.622 48.9669 48
      vertex -13.3839 49.9492 48
      vertex -16.8106 49.5224 44
    endloop
  endfacet
  facet normal -0.287208 0.946827 0.145018
    outer loop
      vertex -13.3839 49.9492 48
      vertex -13.5357 50.5158 44
      vertex -16.8106 49.5224 44
    endloop
  endfacet
  facet normal -0.283026 0.932929 0.222574
    outer loop
      vertex -16.3283 48.1017 52
      vertex -13.1474 49.0667 52
      vertex -16.622 48.9669 48
    endloop
  endfacet
  facet normal -0.283013 0.932936 0.222562
    outer loop
      vertex -13.1474 49.0667 52
      vertex -13.3839 49.9492 48
      vertex -16.622 48.9669 48
    endloop
  endfacet
  facet normal -0.278978 0.919643 0.276454
    outer loop
      vertex -15.9583 47.0115 56
      vertex -12.8494 47.9546 56
      vertex -16.3283 48.1017 52
    endloop
  endfacet
  facet normal -0.278993 0.919635 0.276467
    outer loop
      vertex -12.8494 47.9546 56
      vertex -13.1474 49.0667 52
      vertex -16.3283 48.1017 52
    endloop
  endfacet
  facet normal -0.276572 0.911704 0.303815
    outer loop
      vertex -15.1378 44.5945 64
      vertex -12.1888 45.4891 64
      vertex -15.9583 47.0115 56
    endloop
  endfacet
  facet normal -0.27657 0.911705 0.303814
    outer loop
      vertex -12.1888 45.4891 64
      vertex -12.8494 47.9546 56
      vertex -15.9583 47.0115 56
    endloop
  endfacet
  facet normal -0.278971 0.919644 0.276461
    outer loop
      vertex -14.7677 43.5043 68
      vertex -11.8908 44.377 68
      vertex -15.1378 44.5945 64
    endloop
  endfacet
  facet normal -0.278979 0.919639 0.276467
    outer loop
      vertex -11.8908 44.377 68
      vertex -12.1888 45.4891 64
      vertex -15.1378 44.5945 64
    endloop
  endfacet
  facet normal -0.282989 0.932941 0.222574
    outer loop
      vertex -14.474 42.6391 72
      vertex -11.6543 43.4944 72
      vertex -14.7677 43.5043 68
    endloop
  endfacet
  facet normal -0.283003 0.932934 0.222584
    outer loop
      vertex -11.6543 43.4944 72
      vertex -11.8908 44.377 68
      vertex -14.7677 43.5043 68
    endloop
  endfacet
  facet normal -0.287211 0.946825 0.145025
    outer loop
      vertex -14.2855 42.0836 76
      vertex -11.5025 42.9278 76
      vertex -14.474 42.6391 72
    endloop
  endfacet
  facet normal -0.287202 0.946829 0.145018
    outer loop
      vertex -11.5025 42.9278 76
      vertex -11.6543 43.4944 72
      vertex -14.474 42.6391 72
    endloop
  endfacet
  facet normal -0.289896 0.955728 0.0504424
    outer loop
      vertex -14.2205 41.8922 80
      vertex -11.4502 42.7325 80
      vertex -14.2855 42.0836 76
    endloop
  endfacet
  facet normal -0.289911 0.955723 0.0504538
    outer loop
      vertex -11.4502 42.7325 80
      vertex -11.5025 42.9278 76
      vertex -14.2855 42.0836 76
    endloop
  endfacet
  facet normal 0.290265 -0.956946 0
    outer loop
      vertex -14.2205 41.8922 0
      vertex -11.4502 42.7325 80
      vertex -14.2205 41.8922 80
    endloop
  endfacet
  facet normal 0.290265 -0.956946 0
    outer loop
      vertex -11.4502 42.7325 80
      vertex -14.2205 41.8922 0
      vertex -11.4502 42.7325 0
    endloop
  endfacet
  facet normal -0.289911 0.955723 -0.0504424
    outer loop
      vertex -11.5025 42.9278 4
      vertex -14.2205 41.8922 0
      vertex -14.2855 42.0836 4
    endloop
  endfacet
  facet normal -0.289896 0.955727 -0.0504538
    outer loop
      vertex -11.5025 42.9278 4
      vertex -11.4502 42.7325 0
      vertex -14.2205 41.8922 0
    endloop
  endfacet
  facet normal -0.224675 0.963582 -0.145018
    outer loop
      vertex -8.78467 44.1635 8
      vertex -11.5025 42.9278 4
      vertex -11.6543 43.4944 8
    endloop
  endfacet
  facet normal -0.224678 0.963582 -0.145015
    outer loop
      vertex -8.78467 44.1635 8
      vertex -8.67023 43.5882 4
      vertex -11.5025 42.9278 4
    endloop
  endfacet
  facet normal -0.221385 0.949445 -0.222584
    outer loop
      vertex -8.96293 45.0597 12
      vertex -11.6543 43.4944 8
      vertex -11.8908 44.377 12
    endloop
  endfacet
  facet normal -0.221378 0.949445 -0.222589
    outer loop
      vertex -8.96293 45.0597 12
      vertex -8.78467 44.1635 8
      vertex -11.6543 43.4944 8
    endloop
  endfacet
  facet normal -0.218226 0.935919 -0.276467
    outer loop
      vertex -9.18753 46.1889 16
      vertex -11.8908 44.377 12
      vertex -12.1888 45.4891 16
    endloop
  endfacet
  facet normal -0.218231 0.935918 -0.276463
    outer loop
      vertex -9.18753 46.1889 16
      vertex -8.96293 45.0597 12
      vertex -11.8908 44.377 12
    endloop
  endfacet
  facet normal -0.216338 0.927844 -0.303814
    outer loop
      vertex -9.6855 48.6923 24
      vertex -12.1888 45.4891 16
      vertex -12.8494 47.9546 24
    endloop
  endfacet
  facet normal -0.216343 0.927844 -0.303812
    outer loop
      vertex -9.6855 48.6923 24
      vertex -9.18753 46.1889 16
      vertex -12.1888 45.4891 16
    endloop
  endfacet
  facet normal -0.218217 0.935921 -0.276467
    outer loop
      vertex -9.91011 49.8215 28
      vertex -12.8494 47.9546 24
      vertex -13.1474 49.0667 28
    endloop
  endfacet
  facet normal -0.218221 0.935921 -0.276464
    outer loop
      vertex -9.91011 49.8215 28
      vertex -9.6855 48.6923 24
      vertex -12.8494 47.9546 24
    endloop
  endfacet
  facet normal -0.22138 0.949451 -0.222562
    outer loop
      vertex -10.0884 50.7176 32
      vertex -13.1474 49.0667 28
      vertex -13.3839 49.9492 32
    endloop
  endfacet
  facet normal -0.221372 0.949451 -0.222568
    outer loop
      vertex -10.0884 50.7176 32
      vertex -9.91011 49.8215 28
      vertex -13.1474 49.0667 28
    endloop
  endfacet
  facet normal -0.224697 0.963577 -0.145018
    outer loop
      vertex -10.2028 51.293 36
      vertex -13.3839 49.9492 32
      vertex -13.5357 50.5158 36
    endloop
  endfacet
  facet normal -0.224674 0.96358 -0.145037
    outer loop
      vertex -10.2028 51.293 36
      vertex -10.0884 50.7176 32
      vertex -13.3839 49.9492 32
    endloop
  endfacet
  facet normal -0.226778 0.972639 -0.0504542
    outer loop
      vertex -10.2422 51.4912 40
      vertex -13.5357 50.5158 36
      vertex -13.588 50.7111 40
    endloop
  endfacet
  facet normal -0.226809 0.972633 -0.050428
    outer loop
      vertex -10.2422 51.4912 40
      vertex -10.2028 51.293 36
      vertex -13.5357 50.5158 36
    endloop
  endfacet
  facet normal -0.226808 0.972632 0.0504543
    outer loop
      vertex -13.5357 50.5158 44
      vertex -10.2028 51.293 44
      vertex -13.588 50.7111 40
    endloop
  endfacet
  facet normal -0.226779 0.97264 0.0504281
    outer loop
      vertex -10.2028 51.293 44
      vertex -10.2422 51.4912 40
      vertex -13.588 50.7111 40
    endloop
  endfacet
  facet normal -0.224675 0.963582 0.145018
    outer loop
      vertex -13.3839 49.9492 48
      vertex -10.0884 50.7176 48
      vertex -13.5357 50.5158 44
    endloop
  endfacet
  facet normal -0.224696 0.963575 0.145037
    outer loop
      vertex -10.0884 50.7176 48
      vertex -10.2028 51.293 44
      vertex -13.5357 50.5158 44
    endloop
  endfacet
  facet normal -0.221372 0.949453 0.222562
    outer loop
      vertex -13.1474 49.0667 52
      vertex -9.91011 49.8215 52
      vertex -13.3839 49.9492 48
    endloop
  endfacet
  facet normal -0.22138 0.94945 0.222568
    outer loop
      vertex -9.91011 49.8215 52
      vertex -10.0884 50.7176 48
      vertex -13.3839 49.9492 48
    endloop
  endfacet
  facet normal -0.218221 0.93592 0.276467
    outer loop
      vertex -12.8494 47.9546 56
      vertex -9.6855 48.6923 56
      vertex -13.1474 49.0667 52
    endloop
  endfacet
  facet normal -0.218218 0.935921 0.276464
    outer loop
      vertex -9.6855 48.6923 56
      vertex -9.91011 49.8215 52
      vertex -13.1474 49.0667 52
    endloop
  endfacet
  facet normal -0.216343 0.927843 0.303814
    outer loop
      vertex -12.1888 45.4891 64
      vertex -9.18753 46.1889 64
      vertex -12.8494 47.9546 56
    endloop
  endfacet
  facet normal -0.216338 0.927845 0.303812
    outer loop
      vertex -9.18753 46.1889 64
      vertex -9.6855 48.6923 56
      vertex -12.8494 47.9546 56
    endloop
  endfacet
  facet normal -0.218231 0.935918 0.276467
    outer loop
      vertex -11.8908 44.377 68
      vertex -8.96293 45.0597 68
      vertex -12.1888 45.4891 64
    endloop
  endfacet
  facet normal -0.218226 0.935919 0.276463
    outer loop
      vertex -8.96293 45.0597 68
      vertex -9.18753 46.1889 64
      vertex -12.1888 45.4891 64
    endloop
  endfacet
  facet normal -0.221378 0.949446 0.222584
    outer loop
      vertex -11.6543 43.4944 72
      vertex -8.78467 44.1635 72
      vertex -11.8908 44.377 68
    endloop
  endfacet
  facet normal -0.221385 0.949444 0.222589
    outer loop
      vertex -8.78467 44.1635 72
      vertex -8.96293 45.0597 68
      vertex -11.8908 44.377 68
    endloop
  endfacet
  facet normal -0.224678 0.963582 0.145018
    outer loop
      vertex -11.5025 42.9278 76
      vertex -8.67023 43.5882 76
      vertex -11.6543 43.4944 72
    endloop
  endfacet
  facet normal -0.224675 0.963583 0.145015
    outer loop
      vertex -8.67023 43.5882 76
      vertex -8.78467 44.1635 72
      vertex -11.6543 43.4944 72
    endloop
  endfacet
  facet normal -0.226789 0.972636 0.0504542
    outer loop
      vertex -11.4502 42.7325 80
      vertex -8.63079 43.3899 80
      vertex -11.5025 42.9278 76
    endloop
  endfacet
  facet normal -0.226789 0.972636 0.0504546
    outer loop
      vertex -8.63079 43.3899 80
      vertex -8.67023 43.5882 76
      vertex -11.5025 42.9278 76
    endloop
  endfacet
  facet normal 0.227078 -0.973877 0
    outer loop
      vertex -11.4502 42.7325 0
      vertex -8.63079 43.3899 80
      vertex -11.4502 42.7325 80
    endloop
  endfacet
  facet normal 0.227078 -0.973877 0
    outer loop
      vertex -8.63079 43.3899 80
      vertex -11.4502 42.7325 0
      vertex -8.63079 43.3899 0
    endloop
  endfacet
  facet normal -0.226789 0.972636 -0.0504542
    outer loop
      vertex -8.67023 43.5882 4
      vertex -11.4502 42.7325 0
      vertex -11.5025 42.9278 4
    endloop
  endfacet
  facet normal -0.226789 0.972636 -0.0504546
    outer loop
      vertex -8.67023 43.5882 4
      vertex -8.63079 43.3899 0
      vertex -11.4502 42.7325 0
    endloop
  endfacet
  facet normal -0.161178 0.976213 -0.145015
    outer loop
      vertex -5.87743 44.6435 8
      vertex -8.67023 43.5882 4
      vertex -8.78467 44.1635 8
    endloop
  endfacet
  facet normal -0.161162 0.976214 -0.145027
    outer loop
      vertex -5.87743 44.6435 8
      vertex -5.80086 44.0619 4
      vertex -8.67023 43.5882 4
    endloop
  endfacet
  facet normal -0.1588 0.961892 -0.222589
    outer loop
      vertex -5.99669 45.5494 12
      vertex -8.78467 44.1635 8
      vertex -8.96293 45.0597 12
    endloop
  endfacet
  facet normal -0.158813 0.961892 -0.22258
    outer loop
      vertex -5.99669 45.5494 12
      vertex -5.87743 44.6435 8
      vertex -8.78467 44.1635 8
    endloop
  endfacet
  facet normal -0.156547 0.948188 -0.276464
    outer loop
      vertex -6.14697 46.6909 16
      vertex -8.96293 45.0597 12
      vertex -9.18753 46.1889 16
    endloop
  endfacet
  facet normal -0.156537 0.948188 -0.27647
    outer loop
      vertex -6.14697 46.6909 16
      vertex -5.99669 45.5494 12
      vertex -8.96293 45.0597 12
    endloop
  endfacet
  facet normal -0.155193 0.940007 -0.303812
    outer loop
      vertex -6.48013 49.2215 24
      vertex -9.18753 46.1889 16
      vertex -9.6855 48.6923 24
    endloop
  endfacet
  facet normal -0.155196 0.940007 -0.303811
    outer loop
      vertex -6.48013 49.2215 24
      vertex -6.14697 46.6909 16
      vertex -9.18753 46.1889 16
    endloop
  endfacet
  facet normal -0.156552 0.948187 -0.276464
    outer loop
      vertex -6.63041 50.363 28
      vertex -9.6855 48.6923 24
      vertex -9.91011 49.8215 28
    endloop
  endfacet
  facet normal -0.156544 0.948187 -0.27647
    outer loop
      vertex -6.63041 50.363 28
      vertex -6.48013 49.2215 24
      vertex -9.6855 48.6923 24
    endloop
  endfacet
  facet normal -0.158802 0.961897 -0.222567
    outer loop
      vertex -6.74967 51.2688 32
      vertex -9.91011 49.8215 28
      vertex -10.0884 50.7176 32
    endloop
  endfacet
  facet normal -0.158816 0.961897 -0.222557
    outer loop
      vertex -6.74967 51.2688 32
      vertex -6.63041 50.363 28
      vertex -9.91011 49.8215 28
    endloop
  endfacet
  facet normal -0.161153 0.976214 -0.145037
    outer loop
      vertex -6.82624 51.8504 36
      vertex -10.0884 50.7176 32
      vertex -10.2028 51.293 36
    endloop
  endfacet
  facet normal -0.161166 0.976214 -0.145027
    outer loop
      vertex -6.82624 51.8504 36
      vertex -6.74967 51.2688 32
      vertex -10.0884 50.7176 32
    endloop
  endfacet
  facet normal -0.16271 0.985384 -0.0504285
    outer loop
      vertex -6.85262 52.0509 40
      vertex -10.2028 51.293 36
      vertex -10.2422 51.4912 40
    endloop
  endfacet
  facet normal -0.162667 0.98539 -0.0504654
    outer loop
      vertex -6.85262 52.0509 40
      vertex -6.82624 51.8504 36
      vertex -10.2028 51.293 36
    endloop
  endfacet
  facet normal -0.162668 0.985391 0.0504284
    outer loop
      vertex -10.2028 51.293 44
      vertex -6.82624 51.8504 44
      vertex -10.2422 51.4912 40
    endloop
  endfacet
  facet normal -0.16271 0.985383 0.0504654
    outer loop
      vertex -6.82624 51.8504 44
      vertex -6.85262 52.0509 40
      vertex -10.2422 51.4912 40
    endloop
  endfacet
  facet normal -0.161165 0.976212 0.145037
    outer loop
      vertex -10.0884 50.7176 48
      vertex -6.74967 51.2688 48
      vertex -10.2028 51.293 44
    endloop
  endfacet
  facet normal -0.161153 0.976216 0.145027
    outer loop
      vertex -6.74967 51.2688 48
      vertex -6.82624 51.8504 44
      vertex -10.2028 51.293 44
    endloop
  endfacet
  facet normal -0.158815 0.961895 0.222567
    outer loop
      vertex -9.91011 49.8215 52
      vertex -6.63041 50.363 52
      vertex -10.0884 50.7176 48
    endloop
  endfacet
  facet normal -0.158803 0.961899 0.222557
    outer loop
      vertex -6.63041 50.363 52
      vertex -6.74967 51.2688 48
      vertex -10.0884 50.7176 48
    endloop
  endfacet
  facet normal -0.156544 0.948189 0.276464
    outer loop
      vertex -9.6855 48.6923 56
      vertex -6.48013 49.2215 56
      vertex -9.91011 49.8215 52
    endloop
  endfacet
  facet normal -0.156552 0.948186 0.27647
    outer loop
      vertex -6.48013 49.2215 56
      vertex -6.63041 50.363 52
      vertex -9.91011 49.8215 52
    endloop
  endfacet
  facet normal -0.155196 0.940007 0.303812
    outer loop
      vertex -9.18753 46.1889 64
      vertex -6.14697 46.6909 64
      vertex -9.6855 48.6923 56
    endloop
  endfacet
  facet normal -0.155193 0.940007 0.303811
    outer loop
      vertex -6.14697 46.6909 64
      vertex -6.48013 49.2215 56
      vertex -9.6855 48.6923 56
    endloop
  endfacet
  facet normal -0.156538 0.94819 0.276464
    outer loop
      vertex -8.96293 45.0597 68
      vertex -5.99669 45.5494 68
      vertex -9.18753 46.1889 64
    endloop
  endfacet
  facet normal -0.156547 0.948186 0.27647
    outer loop
      vertex -5.99669 45.5494 68
      vertex -6.14697 46.6909 64
      vertex -9.18753 46.1889 64
    endloop
  endfacet
  facet normal -0.158813 0.96189 0.222589
    outer loop
      vertex -8.78467 44.1635 72
      vertex -5.87743 44.6435 72
      vertex -8.96293 45.0597 68
    endloop
  endfacet
  facet normal -0.1588 0.961894 0.22258
    outer loop
      vertex -5.87743 44.6435 72
      vertex -5.99669 45.5494 68
      vertex -8.96293 45.0597 68
    endloop
  endfacet
  facet normal -0.161162 0.976216 0.145015
    outer loop
      vertex -8.67023 43.5882 76
      vertex -5.80086 44.0619 76
      vertex -8.78467 44.1635 72
    endloop
  endfacet
  facet normal -0.161177 0.976212 0.145027
    outer loop
      vertex -5.80086 44.0619 76
      vertex -5.87743 44.6435 72
      vertex -8.78467 44.1635 72
    endloop
  endfacet
  facet normal -0.162695 0.985386 0.0504547
    outer loop
      vertex -8.63079 43.3899 80
      vertex -5.77448 43.8615 80
      vertex -8.67023 43.5882 76
    endloop
  endfacet
  facet normal -0.162676 0.985389 0.0504409
    outer loop
      vertex -5.77448 43.8615 80
      vertex -5.80086 44.0619 76
      vertex -8.67023 43.5882 76
    endloop
  endfacet
  facet normal 0.162903 -0.986642 0
    outer loop
      vertex -8.63079 43.3899 0
      vertex -5.77448 43.8615 80
      vertex -8.63079 43.3899 80
    endloop
  endfacet
  facet normal 0.162903 -0.986642 0
    outer loop
      vertex -5.77448 43.8615 80
      vertex -8.63079 43.3899 0
      vertex -5.77448 43.8615 0
    endloop
  endfacet
  facet normal -0.162676 0.985389 -0.0504546
    outer loop
      vertex -5.80086 44.0619 4
      vertex -8.63079 43.3899 0
      vertex -8.67023 43.5882 4
    endloop
  endfacet
  facet normal -0.162695 0.985386 -0.0504408
    outer loop
      vertex -5.80086 44.0619 4
      vertex -5.77448 43.8615 0
      vertex -8.63079 43.3899 0
    endloop
  endfacet
  facet normal -0.0969752 0.984664 -0.145026
    outer loop
      vertex -2.94502 44.9323 8
      vertex -5.80086 44.0619 4
      vertex -5.87743 44.6435 8
    endloop
  endfacet
  facet normal -0.0969963 0.984664 -0.145011
    outer loop
      vertex -2.94502 44.9323 8
      vertex -2.90665 44.347 4
      vertex -5.80086 44.0619 4
    endloop
  endfacet
  facet normal -0.0955656 0.970219 -0.22258
    outer loop
      vertex -3.00478 45.8441 12
      vertex -5.87743 44.6435 8
      vertex -5.99669 45.5494 12
    endloop
  endfacet
  facet normal -0.0955525 0.970218 -0.222589
    outer loop
      vertex -3.00478 45.8441 12
      vertex -2.94502 44.9323 8
      vertex -5.87743 44.6435 8
    endloop
  endfacet
  facet normal -0.0941774 0.956397 -0.27647
    outer loop
      vertex -3.08008 46.9929 16
      vertex -5.99669 45.5494 12
      vertex -6.14697 46.6909 16
    endloop
  endfacet
  facet normal -0.0942044 0.9564 -0.276451
    outer loop
      vertex -3.08008 46.9929 16
      vertex -3.00478 45.8441 12
      vertex -5.99669 45.5494 12
    endloop
  endfacet
  facet normal -0.0933744 0.948146 -0.303811
    outer loop
      vertex -3.24702 49.5399 24
      vertex -6.14697 46.6909 16
      vertex -6.48013 49.2215 24
    endloop
  endfacet
  facet normal -0.0933649 0.948146 -0.303814
    outer loop
      vertex -3.24702 49.5399 24
      vertex -3.08008 46.9929 16
      vertex -6.14697 46.6909 16
    endloop
  endfacet
  facet normal -0.0941914 0.956395 -0.27647
    outer loop
      vertex -3.32232 50.6888 28
      vertex -6.48013 49.2215 24
      vertex -6.63041 50.363 28
    endloop
  endfacet
  facet normal -0.0941868 0.956395 -0.276474
    outer loop
      vertex -3.32232 50.6888 28
      vertex -3.24702 49.5399 24
      vertex -6.48013 49.2215 24
    endloop
  endfacet
  facet normal -0.0955649 0.970225 -0.222557
    outer loop
      vertex -3.38208 51.6005 32
      vertex -6.63041 50.363 28
      vertex -6.74967 51.2688 32
    endloop
  endfacet
  facet normal -0.0955533 0.970224 -0.222566
    outer loop
      vertex -3.38208 51.6005 32
      vertex -3.32232 50.6888 28
      vertex -6.63041 50.363 28
    endloop
  endfacet
  facet normal -0.0969975 0.984662 -0.145027
    outer loop
      vertex -3.42044 52.1859 36
      vertex -6.74967 51.2688 32
      vertex -6.82624 51.8504 36
    endloop
  endfacet
  facet normal -0.0969869 0.984662 -0.145035
    outer loop
      vertex -3.42044 52.1859 36
      vertex -3.38208 51.6005 32
      vertex -6.74967 51.2688 32
    endloop
  endfacet
  facet normal -0.0978813 0.993918 -0.0504657
    outer loop
      vertex -3.43366 52.3876 40
      vertex -6.82624 51.8504 36
      vertex -6.85262 52.0509 40
    endloop
  endfacet
  facet normal -0.0979091 0.993916 -0.0504418
    outer loop
      vertex -3.43366 52.3876 40
      vertex -3.42044 52.1859 36
      vertex -6.82624 51.8504 36
    endloop
  endfacet
  facet normal -0.097909 0.993915 0.0504657
    outer loop
      vertex -6.82624 51.8504 44
      vertex -3.42044 52.1859 44
      vertex -6.85262 52.0509 40
    endloop
  endfacet
  facet normal -0.0978814 0.993919 0.0504419
    outer loop
      vertex -3.42044 52.1859 44
      vertex -3.43366 52.3876 40
      vertex -6.85262 52.0509 40
    endloop
  endfacet
  facet normal -0.0969871 0.984663 0.145027
    outer loop
      vertex -6.74967 51.2688 48
      vertex -3.38208 51.6005 48
      vertex -6.82624 51.8504 44
    endloop
  endfacet
  facet normal -0.0969974 0.98466 0.145035
    outer loop
      vertex -3.38208 51.6005 48
      vertex -3.42044 52.1859 44
      vertex -6.82624 51.8504 44
    endloop
  endfacet
  facet normal -0.0955535 0.970226 0.222557
    outer loop
      vertex -6.63041 50.363 52
      vertex -3.32232 50.6888 52
      vertex -6.74967 51.2688 48
    endloop
  endfacet
  facet normal -0.0955647 0.970223 0.222566
    outer loop
      vertex -3.32232 50.6888 52
      vertex -3.38208 51.6005 48
      vertex -6.74967 51.2688 48
    endloop
  endfacet
  facet normal -0.0941869 0.956396 0.27647
    outer loop
      vertex -6.48013 49.2215 56
      vertex -3.24702 49.5399 56
      vertex -6.63041 50.363 52
    endloop
  endfacet
  facet normal -0.0941913 0.956394 0.276474
    outer loop
      vertex -3.24702 49.5399 56
      vertex -3.32232 50.6888 52
      vertex -6.63041 50.363 52
    endloop
  endfacet
  facet normal -0.093365 0.948147 0.303811
    outer loop
      vertex -6.14697 46.6909 64
      vertex -3.08008 46.9929 64
      vertex -6.48013 49.2215 56
    endloop
  endfacet
  facet normal -0.0933743 0.948145 0.303814
    outer loop
      vertex -3.08008 46.9929 64
      vertex -3.24702 49.5399 56
      vertex -6.48013 49.2215 56
    endloop
  endfacet
  facet normal -0.0942038 0.956394 0.27647
    outer loop
      vertex -5.99669 45.5494 68
      vertex -3.00478 45.8441 68
      vertex -6.14697 46.6909 64
    endloop
  endfacet
  facet normal -0.094178 0.956402 0.276452
    outer loop
      vertex -3.00478 45.8441 68
      vertex -3.08008 46.9929 64
      vertex -6.14697 46.6909 64
    endloop
  endfacet
  facet normal -0.0955527 0.970221 0.22258
    outer loop
      vertex -5.87743 44.6435 72
      vertex -2.94502 44.9323 72
      vertex -5.99669 45.5494 68
    endloop
  endfacet
  facet normal -0.0955654 0.970217 0.222589
    outer loop
      vertex -2.94502 44.9323 72
      vertex -3.00478 45.8441 68
      vertex -5.99669 45.5494 68
    endloop
  endfacet
  facet normal -0.0969961 0.984662 0.145027
    outer loop
      vertex -5.80086 44.0619 76
      vertex -2.90665 44.347 76
      vertex -5.87743 44.6435 72
    endloop
  endfacet
  facet normal -0.0969754 0.984666 0.145012
    outer loop
      vertex -2.90665 44.347 76
      vertex -2.94502 44.9323 72
      vertex -5.87743 44.6435 72
    endloop
  endfacet
  facet normal -0.0979065 0.993917 0.0504409
    outer loop
      vertex -5.77448 43.8615 80
      vertex -2.89343 44.1453 80
      vertex -5.80086 44.0619 76
    endloop
  endfacet
  facet normal -0.0979077 0.993916 0.0504418
    outer loop
      vertex -2.89343 44.1453 80
      vertex -2.90665 44.347 76
      vertex -5.80086 44.0619 76
    endloop
  endfacet
  facet normal 0.0980313 -0.995183 0
    outer loop
      vertex -5.77448 43.8615 0
      vertex -2.89343 44.1453 80
      vertex -5.77448 43.8615 80
    endloop
  endfacet
  facet normal 0.0980313 -0.995183 0
    outer loop
      vertex -2.89343 44.1453 80
      vertex -5.77448 43.8615 0
      vertex -2.89343 44.1453 0
    endloop
  endfacet
  facet normal -0.0979077 0.993916 -0.0504409
    outer loop
      vertex -2.90665 44.347 4
      vertex -5.77448 43.8615 0
      vertex -5.80086 44.0619 4
    endloop
  endfacet
  facet normal -0.0979065 0.993916 -0.0504418
    outer loop
      vertex -2.90665 44.347 4
      vertex -2.89343 44.1453 0
      vertex -5.77448 43.8615 0
    endloop
  endfacet
  facet normal -0.0323699 0.9889 -0.145011
    outer loop
      vertex 0 45.0287 8
      vertex -2.90665 44.347 4
      vertex -2.94502 44.9323 8
    endloop
  endfacet
  facet normal -0.0323549 0.988899 -0.145022
    outer loop
      vertex 0 45.0287 8
      vertex 0 44.4421 4
      vertex -2.90665 44.347 4
    endloop
  endfacet
  facet normal -0.0318768 0.974391 -0.222589
    outer loop
      vertex 0 45.9424 12
      vertex -2.94502 44.9323 8
      vertex -3.00478 45.8441 12
    endloop
  endfacet
  facet normal -0.031895 0.974394 -0.222576
    outer loop
      vertex 0 45.9424 12
      vertex 0 45.0287 8
      vertex -2.94502 44.9323 8
    endloop
  endfacet
  facet normal -0.0314653 0.960513 -0.276452
    outer loop
      vertex 0 47.0938 16
      vertex -3.00478 45.8441 12
      vertex -3.08008 46.9929 16
    endloop
  endfacet
  facet normal -0.0314225 0.960505 -0.276481
    outer loop
      vertex 0 47.0938 16
      vertex 0 45.9424 12
      vertex -3.00478 45.8441 12
    endloop
  endfacet
  facet normal -0.0311735 0.952221 -0.303814
    outer loop
      vertex 0 49.6462 24
      vertex -3.08008 46.9929 16
      vertex -3.24702 49.5399 24
    endloop
  endfacet
  facet normal -0.0311938 0.952223 -0.303807
    outer loop
      vertex 0 49.6462 24
      vertex 0 47.0938 16
      vertex -3.08008 46.9929 16
    endloop
  endfacet
  facet normal -0.031426 0.960508 -0.276473
    outer loop
      vertex 0 50.7975 28
      vertex -3.24702 49.5399 24
      vertex -3.32232 50.6888 28
    endloop
  endfacet
  facet normal -0.0314449 0.960511 -0.276459
    outer loop
      vertex 0 50.7975 28
      vertex 0 49.6462 24
      vertex -3.24702 49.5399 24
    endloop
  endfacet
  facet normal -0.0318933 0.974396 -0.222566
    outer loop
      vertex 0 51.7112 32
      vertex -3.32232 50.6888 28
      vertex -3.38208 51.6005 32
    endloop
  endfacet
  facet normal -0.0318803 0.974394 -0.222576
    outer loop
      vertex 0 51.7112 32
      vertex 0 50.7975 28
      vertex -3.32232 50.6888 28
    endloop
  endfacet
  facet normal -0.0323807 0.988896 -0.145036
    outer loop
      vertex 0 52.2979 36
      vertex -3.38208 51.6005 32
      vertex -3.42044 52.1859 36
    endloop
  endfacet
  facet normal -0.0323679 0.988895 -0.145046
    outer loop
      vertex 0 52.2979 36
      vertex 0 51.7112 32
      vertex -3.38208 51.6005 32
    endloop
  endfacet
  facet normal -0.0326756 0.998192 -0.0504418
    outer loop
      vertex 0 52.5 40
      vertex -3.42044 52.1859 36
      vertex -3.43366 52.3876 40
    endloop
  endfacet
  facet normal -0.0326851 0.998192 -0.0504337
    outer loop
      vertex 0 52.5 40
      vertex 0 52.2979 36
      vertex -3.42044 52.1859 36
    endloop
  endfacet
  facet normal -0.0326851 0.998192 0.0504419
    outer loop
      vertex -3.42044 52.1859 44
      vertex 0 52.2979 44
      vertex -3.43366 52.3876 40
    endloop
  endfacet
  facet normal -0.0326756 0.998193 0.0504337
    outer loop
      vertex 0 52.2979 44
      vertex 0 52.5 40
      vertex -3.43366 52.3876 40
    endloop
  endfacet
  facet normal -0.0323679 0.988897 0.145035
    outer loop
      vertex -3.38208 51.6005 48
      vertex 0 51.7112 48
      vertex -3.42044 52.1859 44
    endloop
  endfacet
  facet normal -0.0323807 0.988895 0.145046
    outer loop
      vertex 0 51.7112 48
      vertex 0 52.2979 44
      vertex -3.42044 52.1859 44
    endloop
  endfacet
  facet normal -0.0318804 0.974396 0.222566
    outer loop
      vertex -3.32232 50.6888 52
      vertex 0 50.7975 52
      vertex -3.38208 51.6005 48
    endloop
  endfacet
  facet normal -0.0318932 0.974394 0.222576
    outer loop
      vertex 0 50.7975 52
      vertex 0 51.7112 48
      vertex -3.38208 51.6005 48
    endloop
  endfacet
  facet normal -0.0314448 0.960507 0.276474
    outer loop
      vertex -3.24702 49.5399 56
      vertex 0 49.6462 56
      vertex -3.32232 50.6888 52
    endloop
  endfacet
  facet normal -0.0314261 0.960512 0.276459
    outer loop
      vertex 0 49.6462 56
      vertex 0 50.7975 52
      vertex -3.32232 50.6888 52
    endloop
  endfacet
  facet normal -0.0311937 0.952221 0.303814
    outer loop
      vertex -3.08008 46.9929 64
      vertex 0 47.0938 64
      vertex -3.24702 49.5399 56
    endloop
  endfacet
  facet normal -0.0311736 0.952223 0.303807
    outer loop
      vertex 0 47.0938 64
      vertex 0 49.6462 56
      vertex -3.24702 49.5399 56
    endloop
  endfacet
  facet normal -0.0314228 0.960514 0.276451
    outer loop
      vertex -3.00478 45.8441 68
      vertex 0 45.9424 68
      vertex -3.08008 46.9929 64
    endloop
  endfacet
  facet normal -0.031465 0.960504 0.276481
    outer loop
      vertex 0 45.9424 68
      vertex 0 47.0938 64
      vertex -3.08008 46.9929 64
    endloop
  endfacet
  facet normal -0.0318949 0.974391 0.222589
    outer loop
      vertex -2.94502 44.9323 72
      vertex 0 45.0287 72
      vertex -3.00478 45.8441 68
    endloop
  endfacet
  facet normal -0.0318769 0.974394 0.222576
    outer loop
      vertex 0 45.0287 72
      vertex 0 45.9424 68
      vertex -3.00478 45.8441 68
    endloop
  endfacet
  facet normal -0.0323549 0.988901 0.145011
    outer loop
      vertex -2.90665 44.347 76
      vertex 0 44.4421 76
      vertex -2.94502 44.9323 72
    endloop
  endfacet
  facet normal -0.0323698 0.988899 0.145022
    outer loop
      vertex 0 44.4421 76
      vertex 0 45.0287 72
      vertex -2.94502 44.9323 72
    endloop
  endfacet
  facet normal -0.0326702 0.998193 0.0504418
    outer loop
      vertex -2.89343 44.1453 80
      vertex 0 44.24 80
      vertex -2.90665 44.347 76
    endloop
  endfacet
  facet normal -0.032659 0.998193 0.0504337
    outer loop
      vertex 0 44.24 80
      vertex 0 44.4421 76
      vertex -2.90665 44.347 76
    endloop
  endfacet
  facet normal 0.0327118 -0.999465 0
    outer loop
      vertex -2.89343 44.1453 0
      vertex 0 44.24 80
      vertex -2.89343 44.1453 80
    endloop
  endfacet
  facet normal 0.0327118 -0.999465 0
    outer loop
      vertex 0 44.24 80
      vertex -2.89343 44.1453 0
      vertex 0 44.24 0
    endloop
  endfacet
  facet normal -0.032659 0.998193 -0.0504418
    outer loop
      vertex 0 44.4421 4
      vertex -2.89343 44.1453 0
      vertex -2.90665 44.347 4
    endloop
  endfacet
  facet normal -0.0326702 0.998193 -0.0504337
    outer loop
      vertex 0 44.4421 4
      vertex 0 44.24 0
      vertex -2.89343 44.1453 0
    endloop
  endfacet
  facet normal 0.0323698 0.988899 -0.145022
    outer loop
      vertex 0 45.0287 8
      vertex 2.94502 44.9323 8
      vertex 0 44.4421 4
    endloop
  endfacet
  facet normal 0.0323549 0.988901 -0.145011
    outer loop
      vertex 2.94502 44.9323 8
      vertex 2.90665 44.347 4
      vertex 0 44.4421 4
    endloop
  endfacet
  facet normal 0.0318769 0.974394 -0.222576
    outer loop
      vertex 0 45.9424 12
      vertex 3.00478 45.8441 12
      vertex 0 45.0287 8
    endloop
  endfacet
  facet normal 0.0318949 0.974391 -0.222589
    outer loop
      vertex 3.00478 45.8441 12
      vertex 2.94502 44.9323 8
      vertex 0 45.0287 8
    endloop
  endfacet
  facet normal 0.031465 0.960504 -0.276481
    outer loop
      vertex 0 47.0938 16
      vertex 3.08008 46.9929 16
      vertex 0 45.9424 12
    endloop
  endfacet
  facet normal 0.0314228 0.960514 -0.276451
    outer loop
      vertex 3.08008 46.9929 16
      vertex 3.00478 45.8441 12
      vertex 0 45.9424 12
    endloop
  endfacet
  facet normal 0.0311736 0.952223 -0.303807
    outer loop
      vertex 0 49.6462 24
      vertex 3.24702 49.5399 24
      vertex 0 47.0938 16
    endloop
  endfacet
  facet normal 0.0311937 0.952221 -0.303814
    outer loop
      vertex 3.24702 49.5399 24
      vertex 3.08008 46.9929 16
      vertex 0 47.0938 16
    endloop
  endfacet
  facet normal 0.0314261 0.960512 -0.276459
    outer loop
      vertex 0 50.7975 28
      vertex 3.32232 50.6888 28
      vertex 0 49.6462 24
    endloop
  endfacet
  facet normal 0.0314448 0.960507 -0.276474
    outer loop
      vertex 3.32232 50.6888 28
      vertex 3.24702 49.5399 24
      vertex 0 49.6462 24
    endloop
  endfacet
  facet normal 0.0318932 0.974394 -0.222576
    outer loop
      vertex 0 51.7112 32
      vertex 3.38208 51.6005 32
      vertex 0 50.7975 28
    endloop
  endfacet
  facet normal 0.0318804 0.974396 -0.222566
    outer loop
      vertex 3.38208 51.6005 32
      vertex 3.32232 50.6888 28
      vertex 0 50.7975 28
    endloop
  endfacet
  facet normal 0.0323807 0.988895 -0.145046
    outer loop
      vertex 0 52.2979 36
      vertex 3.42044 52.1859 36
      vertex 0 51.7112 32
    endloop
  endfacet
  facet normal 0.0323679 0.988897 -0.145035
    outer loop
      vertex 3.42044 52.1859 36
      vertex 3.38208 51.6005 32
      vertex 0 51.7112 32
    endloop
  endfacet
  facet normal 0.0326756 0.998193 -0.0504337
    outer loop
      vertex 0 52.5 40
      vertex 3.43366 52.3876 40
      vertex 0 52.2979 36
    endloop
  endfacet
  facet normal 0.0326851 0.998192 -0.0504419
    outer loop
      vertex 3.43366 52.3876 40
      vertex 3.42044 52.1859 36
      vertex 0 52.2979 36
    endloop
  endfacet
  facet normal 0.0326851 0.998192 0.0504337
    outer loop
      vertex 3.42044 52.1859 44
      vertex 0 52.5 40
      vertex 0 52.2979 44
    endloop
  endfacet
  facet normal 0.0326756 0.998192 0.0504418
    outer loop
      vertex 3.42044 52.1859 44
      vertex 3.43366 52.3876 40
      vertex 0 52.5 40
    endloop
  endfacet
  facet normal 0.0323679 0.988895 0.145046
    outer loop
      vertex 3.38208 51.6005 48
      vertex 0 52.2979 44
      vertex 0 51.7112 48
    endloop
  endfacet
  facet normal 0.0323807 0.988896 0.145036
    outer loop
      vertex 3.38208 51.6005 48
      vertex 3.42044 52.1859 44
      vertex 0 52.2979 44
    endloop
  endfacet
  facet normal 0.0318803 0.974394 0.222576
    outer loop
      vertex 3.32232 50.6888 52
      vertex 0 51.7112 48
      vertex 0 50.7975 52
    endloop
  endfacet
  facet normal 0.0318933 0.974396 0.222566
    outer loop
      vertex 3.32232 50.6888 52
      vertex 3.38208 51.6005 48
      vertex 0 51.7112 48
    endloop
  endfacet
  facet normal 0.0314449 0.960511 0.276459
    outer loop
      vertex 3.24702 49.5399 56
      vertex 0 50.7975 52
      vertex 0 49.6462 56
    endloop
  endfacet
  facet normal 0.031426 0.960508 0.276473
    outer loop
      vertex 3.24702 49.5399 56
      vertex 3.32232 50.6888 52
      vertex 0 50.7975 52
    endloop
  endfacet
  facet normal 0.0311938 0.952223 0.303807
    outer loop
      vertex 3.08008 46.9929 64
      vertex 0 49.6462 56
      vertex 0 47.0938 64
    endloop
  endfacet
  facet normal 0.0311735 0.952221 0.303814
    outer loop
      vertex 3.08008 46.9929 64
      vertex 3.24702 49.5399 56
      vertex 0 49.6462 56
    endloop
  endfacet
  facet normal 0.0314225 0.960505 0.276481
    outer loop
      vertex 3.00478 45.8441 68
      vertex 0 47.0938 64
      vertex 0 45.9424 68
    endloop
  endfacet
  facet normal 0.0314653 0.960513 0.276452
    outer loop
      vertex 3.00478 45.8441 68
      vertex 3.08008 46.9929 64
      vertex 0 47.0938 64
    endloop
  endfacet
  facet normal 0.031895 0.974394 0.222576
    outer loop
      vertex 2.94502 44.9323 72
      vertex 0 45.9424 68
      vertex 0 45.0287 72
    endloop
  endfacet
  facet normal 0.0318768 0.974391 0.222589
    outer loop
      vertex 2.94502 44.9323 72
      vertex 3.00478 45.8441 68
      vertex 0 45.9424 68
    endloop
  endfacet
  facet normal 0.0323549 0.988899 0.145022
    outer loop
      vertex 2.90665 44.347 76
      vertex 0 45.0287 72
      vertex 0 44.4421 76
    endloop
  endfacet
  facet normal 0.0323699 0.9889 0.145011
    outer loop
      vertex 2.90665 44.347 76
      vertex 2.94502 44.9323 72
      vertex 0 45.0287 72
    endloop
  endfacet
  facet normal 0.0326702 0.998193 0.0504337
    outer loop
      vertex 2.89343 44.1453 80
      vertex 0 44.4421 76
      vertex 0 44.24 80
    endloop
  endfacet
  facet normal 0.032659 0.998193 0.0504418
    outer loop
      vertex 2.89343 44.1453 80
      vertex 2.90665 44.347 76
      vertex 0 44.4421 76
    endloop
  endfacet
  facet normal -0.0327118 -0.999465 0
    outer loop
      vertex 0 44.24 0
      vertex 2.89343 44.1453 80
      vertex 0 44.24 80
    endloop
  endfacet
  facet normal -0.0327118 -0.999465 -0
    outer loop
      vertex 2.89343 44.1453 80
      vertex 0 44.24 0
      vertex 2.89343 44.1453 0
    endloop
  endfacet
  facet normal 0.032659 0.998193 -0.0504337
    outer loop
      vertex 0 44.4421 4
      vertex 2.90665 44.347 4
      vertex 0 44.24 0
    endloop
  endfacet
  facet normal 0.0326702 0.998193 -0.0504418
    outer loop
      vertex 2.90665 44.347 4
      vertex 2.89343 44.1453 0
      vertex 0 44.24 0
    endloop
  endfacet
  facet normal 0.0969754 0.984666 -0.145012
    outer loop
      vertex 2.94502 44.9323 8
      vertex 5.87743 44.6435 8
      vertex 2.90665 44.347 4
    endloop
  endfacet
  facet normal 0.0969961 0.984662 -0.145027
    outer loop
      vertex 5.87743 44.6435 8
      vertex 5.80086 44.0619 4
      vertex 2.90665 44.347 4
    endloop
  endfacet
  facet normal 0.0955654 0.970217 -0.222589
    outer loop
      vertex 3.00478 45.8441 12
      vertex 5.99669 45.5494 12
      vertex 2.94502 44.9323 8
    endloop
  endfacet
  facet normal 0.0955527 0.970221 -0.22258
    outer loop
      vertex 5.99669 45.5494 12
      vertex 5.87743 44.6435 8
      vertex 2.94502 44.9323 8
    endloop
  endfacet
  facet normal 0.094178 0.956402 -0.276452
    outer loop
      vertex 3.08008 46.9929 16
      vertex 6.14697 46.6909 16
      vertex 3.00478 45.8441 12
    endloop
  endfacet
  facet normal 0.0942038 0.956394 -0.27647
    outer loop
      vertex 6.14697 46.6909 16
      vertex 5.99669 45.5494 12
      vertex 3.00478 45.8441 12
    endloop
  endfacet
  facet normal 0.0933743 0.948145 -0.303814
    outer loop
      vertex 3.24702 49.5399 24
      vertex 6.48013 49.2215 24
      vertex 3.08008 46.9929 16
    endloop
  endfacet
  facet normal 0.093365 0.948147 -0.303811
    outer loop
      vertex 6.48013 49.2215 24
      vertex 6.14697 46.6909 16
      vertex 3.08008 46.9929 16
    endloop
  endfacet
  facet normal 0.0941913 0.956394 -0.276474
    outer loop
      vertex 3.32232 50.6888 28
      vertex 6.63041 50.363 28
      vertex 3.24702 49.5399 24
    endloop
  endfacet
  facet normal 0.0941869 0.956396 -0.27647
    outer loop
      vertex 6.63041 50.363 28
      vertex 6.48013 49.2215 24
      vertex 3.24702 49.5399 24
    endloop
  endfacet
  facet normal 0.0955647 0.970223 -0.222566
    outer loop
      vertex 3.38208 51.6005 32
      vertex 6.74967 51.2688 32
      vertex 3.32232 50.6888 28
    endloop
  endfacet
  facet normal 0.0955535 0.970226 -0.222557
    outer loop
      vertex 6.74967 51.2688 32
      vertex 6.63041 50.363 28
      vertex 3.32232 50.6888 28
    endloop
  endfacet
  facet normal 0.0969974 0.98466 -0.145035
    outer loop
      vertex 3.42044 52.1859 36
      vertex 6.82624 51.8504 36
      vertex 3.38208 51.6005 32
    endloop
  endfacet
  facet normal 0.0969871 0.984663 -0.145027
    outer loop
      vertex 6.82624 51.8504 36
      vertex 6.74967 51.2688 32
      vertex 3.38208 51.6005 32
    endloop
  endfacet
  facet normal 0.0978814 0.993919 -0.0504419
    outer loop
      vertex 3.43366 52.3876 40
      vertex 6.85262 52.0509 40
      vertex 3.42044 52.1859 36
    endloop
  endfacet
  facet normal 0.097909 0.993915 -0.0504657
    outer loop
      vertex 6.85262 52.0509 40
      vertex 6.82624 51.8504 36
      vertex 3.42044 52.1859 36
    endloop
  endfacet
  facet normal 0.0979091 0.993916 0.0504418
    outer loop
      vertex 6.82624 51.8504 44
      vertex 3.43366 52.3876 40
      vertex 3.42044 52.1859 44
    endloop
  endfacet
  facet normal 0.0978813 0.993918 0.0504657
    outer loop
      vertex 6.82624 51.8504 44
      vertex 6.85262 52.0509 40
      vertex 3.43366 52.3876 40
    endloop
  endfacet
  facet normal 0.0969869 0.984662 0.145035
    outer loop
      vertex 6.74967 51.2688 48
      vertex 3.42044 52.1859 44
      vertex 3.38208 51.6005 48
    endloop
  endfacet
  facet normal 0.0969975 0.984662 0.145027
    outer loop
      vertex 6.74967 51.2688 48
      vertex 6.82624 51.8504 44
      vertex 3.42044 52.1859 44
    endloop
  endfacet
  facet normal 0.0955533 0.970224 0.222566
    outer loop
      vertex 6.63041 50.363 52
      vertex 3.38208 51.6005 48
      vertex 3.32232 50.6888 52
    endloop
  endfacet
  facet normal 0.0955649 0.970225 0.222557
    outer loop
      vertex 6.63041 50.363 52
      vertex 6.74967 51.2688 48
      vertex 3.38208 51.6005 48
    endloop
  endfacet
  facet normal 0.0941868 0.956395 0.276474
    outer loop
      vertex 6.48013 49.2215 56
      vertex 3.32232 50.6888 52
      vertex 3.24702 49.5399 56
    endloop
  endfacet
  facet normal 0.0941914 0.956395 0.27647
    outer loop
      vertex 6.48013 49.2215 56
      vertex 6.63041 50.363 52
      vertex 3.32232 50.6888 52
    endloop
  endfacet
  facet normal 0.0933649 0.948146 0.303814
    outer loop
      vertex 6.14697 46.6909 64
      vertex 3.24702 49.5399 56
      vertex 3.08008 46.9929 64
    endloop
  endfacet
  facet normal 0.0933744 0.948146 0.303811
    outer loop
      vertex 6.14697 46.6909 64
      vertex 6.48013 49.2215 56
      vertex 3.24702 49.5399 56
    endloop
  endfacet
  facet normal 0.0942044 0.9564 0.276451
    outer loop
      vertex 5.99669 45.5494 68
      vertex 3.08008 46.9929 64
      vertex 3.00478 45.8441 68
    endloop
  endfacet
  facet normal 0.0941774 0.956397 0.27647
    outer loop
      vertex 5.99669 45.5494 68
      vertex 6.14697 46.6909 64
      vertex 3.08008 46.9929 64
    endloop
  endfacet
  facet normal 0.0955525 0.970218 0.222589
    outer loop
      vertex 5.87743 44.6435 72
      vertex 3.00478 45.8441 68
      vertex 2.94502 44.9323 72
    endloop
  endfacet
  facet normal 0.0955656 0.970219 0.22258
    outer loop
      vertex 5.87743 44.6435 72
      vertex 5.99669 45.5494 68
      vertex 3.00478 45.8441 68
    endloop
  endfacet
  facet normal 0.0969963 0.984664 0.145011
    outer loop
      vertex 5.80086 44.0619 76
      vertex 2.94502 44.9323 72
      vertex 2.90665 44.347 76
    endloop
  endfacet
  facet normal 0.0969752 0.984664 0.145026
    outer loop
      vertex 5.80086 44.0619 76
      vertex 5.87743 44.6435 72
      vertex 2.94502 44.9323 72
    endloop
  endfacet
  facet normal 0.0979065 0.993916 0.0504418
    outer loop
      vertex 5.77448 43.8615 80
      vertex 2.90665 44.347 76
      vertex 2.89343 44.1453 80
    endloop
  endfacet
  facet normal 0.0979077 0.993916 0.0504409
    outer loop
      vertex 5.77448 43.8615 80
      vertex 5.80086 44.0619 76
      vertex 2.90665 44.347 76
    endloop
  endfacet
  facet normal -0.0980313 -0.995183 0
    outer loop
      vertex 2.89343 44.1453 0
      vertex 5.77448 43.8615 80
      vertex 2.89343 44.1453 80
    endloop
  endfacet
  facet normal -0.0980313 -0.995183 -0
    outer loop
      vertex 5.77448 43.8615 80
      vertex 2.89343 44.1453 0
      vertex 5.77448 43.8615 0
    endloop
  endfacet
  facet normal 0.0979077 0.993916 -0.0504418
    outer loop
      vertex 2.90665 44.347 4
      vertex 5.80086 44.0619 4
      vertex 2.89343 44.1453 0
    endloop
  endfacet
  facet normal 0.0979065 0.993917 -0.0504409
    outer loop
      vertex 5.80086 44.0619 4
      vertex 5.77448 43.8615 0
      vertex 2.89343 44.1453 0
    endloop
  endfacet
  facet normal 0.161177 0.976212 -0.145027
    outer loop
      vertex 5.87743 44.6435 8
      vertex 8.78467 44.1635 8
      vertex 5.80086 44.0619 4
    endloop
  endfacet
  facet normal 0.161162 0.976216 -0.145015
    outer loop
      vertex 8.78467 44.1635 8
      vertex 8.67023 43.5882 4
      vertex 5.80086 44.0619 4
    endloop
  endfacet
  facet normal 0.1588 0.961894 -0.22258
    outer loop
      vertex 5.99669 45.5494 12
      vertex 8.96293 45.0597 12
      vertex 5.87743 44.6435 8
    endloop
  endfacet
  facet normal 0.158813 0.96189 -0.222589
    outer loop
      vertex 8.96293 45.0597 12
      vertex 8.78467 44.1635 8
      vertex 5.87743 44.6435 8
    endloop
  endfacet
  facet normal 0.156547 0.948186 -0.27647
    outer loop
      vertex 6.14697 46.6909 16
      vertex 9.18753 46.1889 16
      vertex 5.99669 45.5494 12
    endloop
  endfacet
  facet normal 0.156538 0.94819 -0.276464
    outer loop
      vertex 9.18753 46.1889 16
      vertex 8.96293 45.0597 12
      vertex 5.99669 45.5494 12
    endloop
  endfacet
  facet normal 0.155193 0.940007 -0.303811
    outer loop
      vertex 6.48013 49.2215 24
      vertex 9.6855 48.6923 24
      vertex 6.14697 46.6909 16
    endloop
  endfacet
  facet normal 0.155196 0.940007 -0.303812
    outer loop
      vertex 9.6855 48.6923 24
      vertex 9.18753 46.1889 16
      vertex 6.14697 46.6909 16
    endloop
  endfacet
  facet normal 0.156552 0.948186 -0.27647
    outer loop
      vertex 6.63041 50.363 28
      vertex 9.91011 49.8215 28
      vertex 6.48013 49.2215 24
    endloop
  endfacet
  facet normal 0.156544 0.948189 -0.276464
    outer loop
      vertex 9.91011 49.8215 28
      vertex 9.6855 48.6923 24
      vertex 6.48013 49.2215 24
    endloop
  endfacet
  facet normal 0.158803 0.961899 -0.222557
    outer loop
      vertex 6.74967 51.2688 32
      vertex 10.0884 50.7176 32
      vertex 6.63041 50.363 28
    endloop
  endfacet
  facet normal 0.158815 0.961895 -0.222567
    outer loop
      vertex 10.0884 50.7176 32
      vertex 9.91011 49.8215 28
      vertex 6.63041 50.363 28
    endloop
  endfacet
  facet normal 0.161153 0.976216 -0.145027
    outer loop
      vertex 6.82624 51.8504 36
      vertex 10.2028 51.293 36
      vertex 6.74967 51.2688 32
    endloop
  endfacet
  facet normal 0.161165 0.976212 -0.145037
    outer loop
      vertex 10.2028 51.293 36
      vertex 10.0884 50.7176 32
      vertex 6.74967 51.2688 32
    endloop
  endfacet
  facet normal 0.16271 0.985383 -0.0504654
    outer loop
      vertex 6.85262 52.0509 40
      vertex 10.2422 51.4912 40
      vertex 6.82624 51.8504 36
    endloop
  endfacet
  facet normal 0.162668 0.985391 -0.0504284
    outer loop
      vertex 10.2422 51.4912 40
      vertex 10.2028 51.293 36
      vertex 6.82624 51.8504 36
    endloop
  endfacet
  facet normal 0.162667 0.98539 0.0504654
    outer loop
      vertex 10.2028 51.293 44
      vertex 6.85262 52.0509 40
      vertex 6.82624 51.8504 44
    endloop
  endfacet
  facet normal 0.16271 0.985384 0.0504285
    outer loop
      vertex 10.2028 51.293 44
      vertex 10.2422 51.4912 40
      vertex 6.85262 52.0509 40
    endloop
  endfacet
  facet normal 0.161166 0.976214 0.145027
    outer loop
      vertex 10.0884 50.7176 48
      vertex 6.82624 51.8504 44
      vertex 6.74967 51.2688 48
    endloop
  endfacet
  facet normal 0.161153 0.976214 0.145037
    outer loop
      vertex 10.0884 50.7176 48
      vertex 10.2028 51.293 44
      vertex 6.82624 51.8504 44
    endloop
  endfacet
  facet normal 0.158816 0.961897 0.222557
    outer loop
      vertex 9.91011 49.8215 52
      vertex 6.74967 51.2688 48
      vertex 6.63041 50.363 52
    endloop
  endfacet
  facet normal 0.158802 0.961897 0.222567
    outer loop
      vertex 9.91011 49.8215 52
      vertex 10.0884 50.7176 48
      vertex 6.74967 51.2688 48
    endloop
  endfacet
  facet normal 0.156544 0.948187 0.27647
    outer loop
      vertex 9.6855 48.6923 56
      vertex 6.63041 50.363 52
      vertex 6.48013 49.2215 56
    endloop
  endfacet
  facet normal 0.156552 0.948187 0.276464
    outer loop
      vertex 9.6855 48.6923 56
      vertex 9.91011 49.8215 52
      vertex 6.63041 50.363 52
    endloop
  endfacet
  facet normal 0.155196 0.940007 0.303811
    outer loop
      vertex 9.18753 46.1889 64
      vertex 6.48013 49.2215 56
      vertex 6.14697 46.6909 64
    endloop
  endfacet
  facet normal 0.155193 0.940007 0.303812
    outer loop
      vertex 9.18753 46.1889 64
      vertex 9.6855 48.6923 56
      vertex 6.48013 49.2215 56
    endloop
  endfacet
  facet normal 0.156537 0.948188 0.27647
    outer loop
      vertex 8.96293 45.0597 68
      vertex 6.14697 46.6909 64
      vertex 5.99669 45.5494 68
    endloop
  endfacet
  facet normal 0.156547 0.948188 0.276464
    outer loop
      vertex 8.96293 45.0597 68
      vertex 9.18753 46.1889 64
      vertex 6.14697 46.6909 64
    endloop
  endfacet
  facet normal 0.158813 0.961892 0.22258
    outer loop
      vertex 8.78467 44.1635 72
      vertex 5.99669 45.5494 68
      vertex 5.87743 44.6435 72
    endloop
  endfacet
  facet normal 0.1588 0.961892 0.222589
    outer loop
      vertex 8.78467 44.1635 72
      vertex 8.96293 45.0597 68
      vertex 5.99669 45.5494 68
    endloop
  endfacet
  facet normal 0.161162 0.976214 0.145027
    outer loop
      vertex 8.67023 43.5882 76
      vertex 5.87743 44.6435 72
      vertex 5.80086 44.0619 76
    endloop
  endfacet
  facet normal 0.161178 0.976213 0.145015
    outer loop
      vertex 8.67023 43.5882 76
      vertex 8.78467 44.1635 72
      vertex 5.87743 44.6435 72
    endloop
  endfacet
  facet normal 0.162695 0.985386 0.0504408
    outer loop
      vertex 8.63079 43.3899 80
      vertex 5.80086 44.0619 76
      vertex 5.77448 43.8615 80
    endloop
  endfacet
  facet normal 0.162676 0.985389 0.0504546
    outer loop
      vertex 8.63079 43.3899 80
      vertex 8.67023 43.5882 76
      vertex 5.80086 44.0619 76
    endloop
  endfacet
  facet normal -0.162903 -0.986642 0
    outer loop
      vertex 5.77448 43.8615 0
      vertex 8.63079 43.3899 80
      vertex 5.77448 43.8615 80
    endloop
  endfacet
  facet normal -0.162903 -0.986642 -0
    outer loop
      vertex 8.63079 43.3899 80
      vertex 5.77448 43.8615 0
      vertex 8.63079 43.3899 0
    endloop
  endfacet
  facet normal 0.162676 0.985389 -0.0504409
    outer loop
      vertex 5.80086 44.0619 4
      vertex 8.67023 43.5882 4
      vertex 5.77448 43.8615 0
    endloop
  endfacet
  facet normal 0.162695 0.985386 -0.0504547
    outer loop
      vertex 8.67023 43.5882 4
      vertex 8.63079 43.3899 0
      vertex 5.77448 43.8615 0
    endloop
  endfacet
  facet normal 0.224675 0.963583 -0.145015
    outer loop
      vertex 8.78467 44.1635 8
      vertex 11.6543 43.4944 8
      vertex 8.67023 43.5882 4
    endloop
  endfacet
  facet normal 0.224678 0.963582 -0.145018
    outer loop
      vertex 11.6543 43.4944 8
      vertex 11.5025 42.9278 4
      vertex 8.67023 43.5882 4
    endloop
  endfacet
  facet normal 0.221385 0.949444 -0.222589
    outer loop
      vertex 8.96293 45.0597 12
      vertex 11.8908 44.377 12
      vertex 8.78467 44.1635 8
    endloop
  endfacet
  facet normal 0.221378 0.949446 -0.222584
    outer loop
      vertex 11.8908 44.377 12
      vertex 11.6543 43.4944 8
      vertex 8.78467 44.1635 8
    endloop
  endfacet
  facet normal 0.218226 0.935919 -0.276463
    outer loop
      vertex 9.18753 46.1889 16
      vertex 12.1888 45.4891 16
      vertex 8.96293 45.0597 12
    endloop
  endfacet
  facet normal 0.218231 0.935918 -0.276467
    outer loop
      vertex 12.1888 45.4891 16
      vertex 11.8908 44.377 12
      vertex 8.96293 45.0597 12
    endloop
  endfacet
  facet normal 0.216338 0.927845 -0.303812
    outer loop
      vertex 9.6855 48.6923 24
      vertex 12.8494 47.9546 24
      vertex 9.18753 46.1889 16
    endloop
  endfacet
  facet normal 0.216343 0.927843 -0.303814
    outer loop
      vertex 12.8494 47.9546 24
      vertex 12.1888 45.4891 16
      vertex 9.18753 46.1889 16
    endloop
  endfacet
  facet normal 0.218218 0.935921 -0.276464
    outer loop
      vertex 9.91011 49.8215 28
      vertex 13.1474 49.0667 28
      vertex 9.6855 48.6923 24
    endloop
  endfacet
  facet normal 0.218221 0.93592 -0.276467
    outer loop
      vertex 13.1474 49.0667 28
      vertex 12.8494 47.9546 24
      vertex 9.6855 48.6923 24
    endloop
  endfacet
  facet normal 0.22138 0.94945 -0.222568
    outer loop
      vertex 10.0884 50.7176 32
      vertex 13.3839 49.9492 32
      vertex 9.91011 49.8215 28
    endloop
  endfacet
  facet normal 0.221372 0.949453 -0.222562
    outer loop
      vertex 13.3839 49.9492 32
      vertex 13.1474 49.0667 28
      vertex 9.91011 49.8215 28
    endloop
  endfacet
  facet normal 0.224696 0.963575 -0.145037
    outer loop
      vertex 10.2028 51.293 36
      vertex 13.5357 50.5158 36
      vertex 10.0884 50.7176 32
    endloop
  endfacet
  facet normal 0.224675 0.963582 -0.145018
    outer loop
      vertex 13.5357 50.5158 36
      vertex 13.3839 49.9492 32
      vertex 10.0884 50.7176 32
    endloop
  endfacet
  facet normal 0.226779 0.97264 -0.0504281
    outer loop
      vertex 10.2422 51.4912 40
      vertex 13.588 50.7111 40
      vertex 10.2028 51.293 36
    endloop
  endfacet
  facet normal 0.226808 0.972632 -0.0504543
    outer loop
      vertex 13.588 50.7111 40
      vertex 13.5357 50.5158 36
      vertex 10.2028 51.293 36
    endloop
  endfacet
  facet normal 0.226809 0.972633 0.050428
    outer loop
      vertex 13.5357 50.5158 44
      vertex 10.2422 51.4912 40
      vertex 10.2028 51.293 44
    endloop
  endfacet
  facet normal 0.226778 0.972639 0.0504542
    outer loop
      vertex 13.5357 50.5158 44
      vertex 13.588 50.7111 40
      vertex 10.2422 51.4912 40
    endloop
  endfacet
  facet normal 0.224674 0.96358 0.145037
    outer loop
      vertex 13.3839 49.9492 48
      vertex 10.2028 51.293 44
      vertex 10.0884 50.7176 48
    endloop
  endfacet
  facet normal 0.224697 0.963577 0.145018
    outer loop
      vertex 13.3839 49.9492 48
      vertex 13.5357 50.5158 44
      vertex 10.2028 51.293 44
    endloop
  endfacet
  facet normal 0.221372 0.949451 0.222568
    outer loop
      vertex 13.1474 49.0667 52
      vertex 10.0884 50.7176 48
      vertex 9.91011 49.8215 52
    endloop
  endfacet
  facet normal 0.22138 0.949451 0.222562
    outer loop
      vertex 13.1474 49.0667 52
      vertex 13.3839 49.9492 48
      vertex 10.0884 50.7176 48
    endloop
  endfacet
  facet normal 0.218221 0.935921 0.276464
    outer loop
      vertex 12.8494 47.9546 56
      vertex 9.91011 49.8215 52
      vertex 9.6855 48.6923 56
    endloop
  endfacet
  facet normal 0.218217 0.935921 0.276467
    outer loop
      vertex 12.8494 47.9546 56
      vertex 13.1474 49.0667 52
      vertex 9.91011 49.8215 52
    endloop
  endfacet
  facet normal 0.216343 0.927844 0.303812
    outer loop
      vertex 12.1888 45.4891 64
      vertex 9.6855 48.6923 56
      vertex 9.18753 46.1889 64
    endloop
  endfacet
  facet normal 0.216338 0.927844 0.303814
    outer loop
      vertex 12.1888 45.4891 64
      vertex 12.8494 47.9546 56
      vertex 9.6855 48.6923 56
    endloop
  endfacet
  facet normal 0.218231 0.935918 0.276463
    outer loop
      vertex 11.8908 44.377 68
      vertex 9.18753 46.1889 64
      vertex 8.96293 45.0597 68
    endloop
  endfacet
  facet normal 0.218226 0.935919 0.276467
    outer loop
      vertex 11.8908 44.377 68
      vertex 12.1888 45.4891 64
      vertex 9.18753 46.1889 64
    endloop
  endfacet
  facet normal 0.221378 0.949445 0.222589
    outer loop
      vertex 11.6543 43.4944 72
      vertex 8.96293 45.0597 68
      vertex 8.78467 44.1635 72
    endloop
  endfacet
  facet normal 0.221385 0.949445 0.222584
    outer loop
      vertex 11.6543 43.4944 72
      vertex 11.8908 44.377 68
      vertex 8.96293 45.0597 68
    endloop
  endfacet
  facet normal 0.224678 0.963582 0.145015
    outer loop
      vertex 11.5025 42.9278 76
      vertex 8.78467 44.1635 72
      vertex 8.67023 43.5882 76
    endloop
  endfacet
  facet normal 0.224675 0.963582 0.145018
    outer loop
      vertex 11.5025 42.9278 76
      vertex 11.6543 43.4944 72
      vertex 8.78467 44.1635 72
    endloop
  endfacet
  facet normal 0.226789 0.972636 0.0504546
    outer loop
      vertex 11.4502 42.7325 80
      vertex 8.67023 43.5882 76
      vertex 8.63079 43.3899 80
    endloop
  endfacet
  facet normal 0.226789 0.972636 0.0504542
    outer loop
      vertex 11.4502 42.7325 80
      vertex 11.5025 42.9278 76
      vertex 8.67023 43.5882 76
    endloop
  endfacet
  facet normal -0.227078 -0.973877 0
    outer loop
      vertex 8.63079 43.3899 0
      vertex 11.4502 42.7325 80
      vertex 8.63079 43.3899 80
    endloop
  endfacet
  facet normal -0.227078 -0.973877 -0
    outer loop
      vertex 11.4502 42.7325 80
      vertex 8.63079 43.3899 0
      vertex 11.4502 42.7325 0
    endloop
  endfacet
  facet normal 0.226789 0.972636 -0.0504546
    outer loop
      vertex 8.67023 43.5882 4
      vertex 11.5025 42.9278 4
      vertex 8.63079 43.3899 0
    endloop
  endfacet
  facet normal 0.226789 0.972636 -0.0504542
    outer loop
      vertex 11.5025 42.9278 4
      vertex 11.4502 42.7325 0
      vertex 8.63079 43.3899 0
    endloop
  endfacet
  facet normal 0.287202 0.946829 -0.145018
    outer loop
      vertex 11.6543 43.4944 8
      vertex 14.474 42.6391 8
      vertex 11.5025 42.9278 4
    endloop
  endfacet
  facet normal 0.287211 0.946825 -0.145025
    outer loop
      vertex 14.474 42.6391 8
      vertex 14.2855 42.0836 4
      vertex 11.5025 42.9278 4
    endloop
  endfacet
  facet normal 0.283003 0.932934 -0.222584
    outer loop
      vertex 11.8908 44.377 12
      vertex 14.7677 43.5043 12
      vertex 11.6543 43.4944 8
    endloop
  endfacet
  facet normal 0.282989 0.932941 -0.222574
    outer loop
      vertex 14.7677 43.5043 12
      vertex 14.474 42.6391 8
      vertex 11.6543 43.4944 8
    endloop
  endfacet
  facet normal 0.278979 0.919639 -0.276467
    outer loop
      vertex 12.1888 45.4891 16
      vertex 15.1378 44.5945 16
      vertex 11.8908 44.377 12
    endloop
  endfacet
  facet normal 0.278971 0.919644 -0.276461
    outer loop
      vertex 15.1378 44.5945 16
      vertex 14.7677 43.5043 12
      vertex 11.8908 44.377 12
    endloop
  endfacet
  facet normal 0.27657 0.911705 -0.303814
    outer loop
      vertex 12.8494 47.9546 24
      vertex 15.9583 47.0115 24
      vertex 12.1888 45.4891 16
    endloop
  endfacet
  facet normal 0.276572 0.911704 -0.303815
    outer loop
      vertex 15.9583 47.0115 24
      vertex 15.1378 44.5945 16
      vertex 12.1888 45.4891 16
    endloop
  endfacet
  facet normal 0.278993 0.919635 -0.276467
    outer loop
      vertex 13.1474 49.0667 28
      vertex 16.3283 48.1017 28
      vertex 12.8494 47.9546 24
    endloop
  endfacet
  facet normal 0.278978 0.919643 -0.276454
    outer loop
      vertex 16.3283 48.1017 28
      vertex 15.9583 47.0115 24
      vertex 12.8494 47.9546 24
    endloop
  endfacet
  facet normal 0.283013 0.932936 -0.222562
    outer loop
      vertex 13.3839 49.9492 32
      vertex 16.622 48.9669 32
      vertex 13.1474 49.0667 28
    endloop
  endfacet
  facet normal 0.283026 0.932929 -0.222574
    outer loop
      vertex 16.622 48.9669 32
      vertex 16.3283 48.1017 28
      vertex 13.1474 49.0667 28
    endloop
  endfacet
  facet normal 0.287208 0.946827 -0.145018
    outer loop
      vertex 13.5357 50.5158 36
      vertex 16.8106 49.5224 36
      vertex 13.3839 49.9492 32
    endloop
  endfacet
  facet normal 0.287224 0.94682 -0.145032
    outer loop
      vertex 16.8106 49.5224 36
      vertex 16.622 48.9669 32
      vertex 13.3839 49.9492 32
    endloop
  endfacet
  facet normal 0.28992 0.95572 -0.0504537
    outer loop
      vertex 13.588 50.7111 40
      vertex 16.8756 49.7138 40
      vertex 13.5357 50.5158 36
    endloop
  endfacet
  facet normal 0.289907 0.955725 -0.0504424
    outer loop
      vertex 16.8756 49.7138 40
      vertex 16.8106 49.5224 36
      vertex 13.5357 50.5158 36
    endloop
  endfacet
  facet normal 0.289907 0.955724 0.0504538
    outer loop
      vertex 16.8106 49.5224 44
      vertex 13.588 50.7111 40
      vertex 13.5357 50.5158 44
    endloop
  endfacet
  facet normal 0.28992 0.955721 0.0504424
    outer loop
      vertex 16.8106 49.5224 44
      vertex 16.8756 49.7138 40
      vertex 13.588 50.7111 40
    endloop
  endfacet
  facet normal 0.287225 0.946822 0.145018
    outer loop
      vertex 16.622 48.9669 48
      vertex 13.5357 50.5158 44
      vertex 13.3839 49.9492 48
    endloop
  endfacet
  facet normal 0.287208 0.946825 0.145032
    outer loop
      vertex 16.622 48.9669 48
      vertex 16.8106 49.5224 44
      vertex 13.5357 50.5158 44
    endloop
  endfacet
  facet normal 0.283027 0.932932 0.222562
    outer loop
      vertex 16.3283 48.1017 52
      vertex 13.3839 49.9492 48
      vertex 13.1474 49.0667 52
    endloop
  endfacet
  facet normal 0.283012 0.932934 0.222574
    outer loop
      vertex 16.3283 48.1017 52
      vertex 16.622 48.9669 48
      vertex 13.3839 49.9492 48
    endloop
  endfacet
  facet normal 0.278977 0.91964 0.276467
    outer loop
      vertex 15.9583 47.0115 56
      vertex 13.1474 49.0667 52
      vertex 12.8494 47.9546 56
    endloop
  endfacet
  facet normal 0.278994 0.919639 0.276454
    outer loop
      vertex 15.9583 47.0115 56
      vertex 16.3283 48.1017 52
      vertex 13.1474 49.0667 52
    endloop
  endfacet
  facet normal 0.276572 0.911704 0.303814
    outer loop
      vertex 15.1378 44.5945 64
      vertex 12.8494 47.9546 56
      vertex 12.1888 45.4891 64
    endloop
  endfacet
  facet normal 0.27657 0.911705 0.303815
    outer loop
      vertex 15.1378 44.5945 64
      vertex 15.9583 47.0115 56
      vertex 12.8494 47.9546 56
    endloop
  endfacet
  facet normal 0.278971 0.919642 0.276467
    outer loop
      vertex 14.7677 43.5043 68
      vertex 12.1888 45.4891 64
      vertex 11.8908 44.377 68
    endloop
  endfacet
  facet normal 0.27898 0.919641 0.276461
    outer loop
      vertex 14.7677 43.5043 68
      vertex 15.1378 44.5945 64
      vertex 12.1888 45.4891 64
    endloop
  endfacet
  facet normal 0.282988 0.932938 0.222585
    outer loop
      vertex 14.474 42.6391 72
      vertex 11.8908 44.377 68
      vertex 11.6543 43.4944 72
    endloop
  endfacet
  facet normal 0.283004 0.932936 0.222574
    outer loop
      vertex 14.474 42.6391 72
      vertex 14.7677 43.5043 68
      vertex 11.8908 44.377 68
    endloop
  endfacet
  facet normal 0.287212 0.946826 0.145018
    outer loop
      vertex 14.2855 42.0836 76
      vertex 11.6543 43.4944 72
      vertex 11.5025 42.9278 76
    endloop
  endfacet
  facet normal 0.287201 0.946828 0.145025
    outer loop
      vertex 14.2855 42.0836 76
      vertex 14.474 42.6391 72
      vertex 11.6543 43.4944 72
    endloop
  endfacet
  facet normal 0.289896 0.955727 0.0504538
    outer loop
      vertex 14.2205 41.8922 80
      vertex 11.5025 42.9278 76
      vertex 11.4502 42.7325 80
    endloop
  endfacet
  facet normal 0.289911 0.955723 0.0504424
    outer loop
      vertex 14.2205 41.8922 80
      vertex 14.2855 42.0836 76
      vertex 11.5025 42.9278 76
    endloop
  endfacet
  facet normal -0.290265 -0.956946 0
    outer loop
      vertex 11.4502 42.7325 0
      vertex 14.2205 41.8922 80
      vertex 11.4502 42.7325 80
    endloop
  endfacet
  facet normal -0.290265 -0.956946 -0
    outer loop
      vertex 14.2205 41.8922 80
      vertex 11.4502 42.7325 0
      vertex 14.2205 41.8922 0
    endloop
  endfacet
  facet normal 0.289911 0.955723 -0.0504538
    outer loop
      vertex 11.5025 42.9278 4
      vertex 14.2855 42.0836 4
      vertex 11.4502 42.7325 0
    endloop
  endfacet
  facet normal 0.289896 0.955728 -0.0504424
    outer loop
      vertex 14.2855 42.0836 4
      vertex 14.2205 41.8922 0
      vertex 11.4502 42.7325 0
    endloop
  endfacet
  facet normal 0.348537 0.926007 -0.145024
    outer loop
      vertex 14.474 42.6391 8
      vertex 17.2318 41.6011 8
      vertex 14.2855 42.0836 4
    endloop
  endfacet
  facet normal 0.348523 0.926015 -0.145013
    outer loop
      vertex 17.2318 41.6011 8
      vertex 17.0073 41.0592 4
      vertex 14.2855 42.0836 4
    endloop
  endfacet
  facet normal 0.343414 0.91243 -0.222574
    outer loop
      vertex 14.7677 43.5043 12
      vertex 17.5814 42.4453 12
      vertex 14.474 42.6391 8
    endloop
  endfacet
  facet normal 0.343424 0.912424 -0.222582
    outer loop
      vertex 17.5814 42.4453 12
      vertex 17.2318 41.6011 8
      vertex 14.474 42.6391 8
    endloop
  endfacet
  facet normal 0.338539 0.899423 -0.276461
    outer loop
      vertex 15.1378 44.5945 16
      vertex 18.022 43.5089 16
      vertex 14.7677 43.5043 12
    endloop
  endfacet
  facet normal 0.338522 0.899433 -0.276447
    outer loop
      vertex 18.022 43.5089 16
      vertex 17.5814 42.4453 12
      vertex 14.7677 43.5043 12
    endloop
  endfacet
  facet normal 0.335609 0.891663 -0.303815
    outer loop
      vertex 15.9583 47.0115 24
      vertex 18.9988 45.8671 24
      vertex 15.1378 44.5945 16
    endloop
  endfacet
  facet normal 0.335617 0.891659 -0.303818
    outer loop
      vertex 18.9988 45.8671 24
      vertex 18.022 43.5089 16
      vertex 15.1378 44.5945 16
    endloop
  endfacet
  facet normal 0.338513 0.899435 -0.276453
    outer loop
      vertex 16.3283 48.1017 28
      vertex 19.4394 46.9308 28
      vertex 15.9583 47.0115 24
    endloop
  endfacet
  facet normal 0.33853 0.899424 -0.276468
    outer loop
      vertex 19.4394 46.9308 28
      vertex 18.9988 45.8671 24
      vertex 15.9583 47.0115 24
    endloop
  endfacet
  facet normal 0.343421 0.912427 -0.222574
    outer loop
      vertex 16.622 48.9669 32
      vertex 19.789 47.7749 32
      vertex 16.3283 48.1017 28
    endloop
  endfacet
  facet normal 0.343406 0.912436 -0.22256
    outer loop
      vertex 19.789 47.7749 32
      vertex 19.4394 46.9308 28
      vertex 16.3283 48.1017 28
    endloop
  endfacet
  facet normal 0.348529 0.926009 -0.145033
    outer loop
      vertex 16.8106 49.5224 36
      vertex 20.0135 48.3169 36
      vertex 16.622 48.9669 32
    endloop
  endfacet
  facet normal 0.348532 0.926008 -0.145035
    outer loop
      vertex 20.0135 48.3169 36
      vertex 19.789 47.7749 32
      vertex 16.622 48.9669 32
    endloop
  endfacet
  facet normal 0.351788 0.93472 -0.0504429
    outer loop
      vertex 16.8756 49.7138 40
      vertex 20.0909 48.5037 40
      vertex 16.8106 49.5224 36
    endloop
  endfacet
  facet normal 0.351805 0.934712 -0.0504585
    outer loop
      vertex 20.0909 48.5037 40
      vertex 20.0135 48.3169 36
      vertex 16.8106 49.5224 36
    endloop
  endfacet
  facet normal 0.351805 0.934713 0.0504429
    outer loop
      vertex 20.0135 48.3169 44
      vertex 16.8756 49.7138 40
      vertex 16.8106 49.5224 44
    endloop
  endfacet
  facet normal 0.351788 0.934719 0.0504585
    outer loop
      vertex 20.0135 48.3169 44
      vertex 20.0909 48.5037 40
      vertex 16.8756 49.7138 40
    endloop
  endfacet
  facet normal 0.348532 0.926008 0.145033
    outer loop
      vertex 19.789 47.7749 48
      vertex 16.8106 49.5224 44
      vertex 16.622 48.9669 48
    endloop
  endfacet
  facet normal 0.348529 0.926009 0.145035
    outer loop
      vertex 19.789 47.7749 48
      vertex 20.0135 48.3169 44
      vertex 16.8106 49.5224 44
    endloop
  endfacet
  facet normal 0.343405 0.912433 0.222574
    outer loop
      vertex 19.4394 46.9308 52
      vertex 16.622 48.9669 48
      vertex 16.3283 48.1017 52
    endloop
  endfacet
  facet normal 0.343422 0.91243 0.222561
    outer loop
      vertex 19.4394 46.9308 52
      vertex 19.789 47.7749 48
      vertex 16.622 48.9669 48
    endloop
  endfacet
  facet normal 0.338531 0.899428 0.276453
    outer loop
      vertex 18.9988 45.8671 56
      vertex 16.3283 48.1017 52
      vertex 15.9583 47.0115 56
    endloop
  endfacet
  facet normal 0.338512 0.899431 0.276468
    outer loop
      vertex 18.9988 45.8671 56
      vertex 19.4394 46.9308 52
      vertex 16.3283 48.1017 52
    endloop
  endfacet
  facet normal 0.335617 0.89166 0.303815
    outer loop
      vertex 18.022 43.5089 64
      vertex 15.9583 47.0115 56
      vertex 15.1378 44.5945 64
    endloop
  endfacet
  facet normal 0.335609 0.891662 0.303818
    outer loop
      vertex 18.022 43.5089 64
      vertex 18.9988 45.8671 56
      vertex 15.9583 47.0115 56
    endloop
  endfacet
  facet normal 0.338521 0.899429 0.276461
    outer loop
      vertex 17.5814 42.4453 68
      vertex 15.1378 44.5945 64
      vertex 14.7677 43.5043 68
    endloop
  endfacet
  facet normal 0.33854 0.899426 0.276448
    outer loop
      vertex 17.5814 42.4453 68
      vertex 18.022 43.5089 64
      vertex 15.1378 44.5945 64
    endloop
  endfacet
  facet normal 0.343425 0.912425 0.222574
    outer loop
      vertex 17.2318 41.6011 72
      vertex 14.7677 43.5043 68
      vertex 14.474 42.6391 72
    endloop
  endfacet
  facet normal 0.343413 0.912428 0.222582
    outer loop
      vertex 17.2318 41.6011 72
      vertex 17.5814 42.4453 68
      vertex 14.7677 43.5043 68
    endloop
  endfacet
  facet normal 0.348522 0.926013 0.145024
    outer loop
      vertex 17.0073 41.0592 76
      vertex 14.474 42.6391 72
      vertex 14.2855 42.0836 76
    endloop
  endfacet
  facet normal 0.348538 0.926009 0.145013
    outer loop
      vertex 17.0073 41.0592 76
      vertex 17.2318 41.6011 72
      vertex 14.474 42.6391 72
    endloop
  endfacet
  facet normal 0.351818 0.934708 0.0504428
    outer loop
      vertex 16.9299 40.8724 80
      vertex 14.2855 42.0836 76
      vertex 14.2205 41.8922 80
    endloop
  endfacet
  facet normal 0.351797 0.934715 0.0504585
    outer loop
      vertex 16.9299 40.8724 80
      vertex 17.0073 41.0592 76
      vertex 14.2855 42.0836 76
    endloop
  endfacet
  facet normal -0.352266 -0.9359 0
    outer loop
      vertex 14.2205 41.8922 0
      vertex 16.9299 40.8724 80
      vertex 14.2205 41.8922 80
    endloop
  endfacet
  facet normal -0.352266 -0.9359 -0
    outer loop
      vertex 16.9299 40.8724 80
      vertex 14.2205 41.8922 0
      vertex 16.9299 40.8724 0
    endloop
  endfacet
  facet normal 0.351798 0.934716 -0.0504429
    outer loop
      vertex 14.2855 42.0836 4
      vertex 17.0073 41.0592 4
      vertex 14.2205 41.8922 0
    endloop
  endfacet
  facet normal 0.351818 0.934708 -0.0504585
    outer loop
      vertex 17.0073 41.0592 4
      vertex 16.9299 40.8724 0
      vertex 14.2205 41.8922 0
    endloop
  endfacet
  facet normal 0.408328 0.901243 -0.145013
    outer loop
      vertex 17.2318 41.6011 8
      vertex 19.9157 40.3851 8
      vertex 17.0073 41.0592 4
    endloop
  endfacet
  facet normal 0.40837 0.901218 -0.145048
    outer loop
      vertex 19.9157 40.3851 8
      vertex 19.6562 39.8589 4
      vertex 17.0073 41.0592 4
    endloop
  endfacet
  facet normal 0.402367 0.888008 -0.222581
    outer loop
      vertex 17.5814 42.4453 12
      vertex 20.3198 41.2045 12
      vertex 17.2318 41.6011 8
    endloop
  endfacet
  facet normal 0.40234 0.888026 -0.222559
    outer loop
      vertex 20.3198 41.2045 12
      vertex 19.9157 40.3851 8
      vertex 17.2318 41.6011 8
    endloop
  endfacet
  facet normal 0.396614 0.875371 -0.276448
    outer loop
      vertex 18.022 43.5089 16
      vertex 20.829 42.2371 16
      vertex 17.5814 42.4453 12
    endloop
  endfacet
  facet normal 0.396634 0.875356 -0.276465
    outer loop
      vertex 20.829 42.2371 16
      vertex 20.3198 41.2045 12
      vertex 17.5814 42.4453 12
    endloop
  endfacet
  facet normal 0.393199 0.867807 -0.303817
    outer loop
      vertex 18.9988 45.8671 24
      vertex 21.958 44.5263 24
      vertex 18.022 43.5089 16
    endloop
  endfacet
  facet normal 0.39319 0.867813 -0.303814
    outer loop
      vertex 21.958 44.5263 24
      vertex 20.829 42.2371 16
      vertex 18.022 43.5089 16
    endloop
  endfacet
  facet normal 0.396626 0.875359 -0.276468
    outer loop
      vertex 19.4394 46.9308 28
      vertex 22.4672 45.5589 28
      vertex 18.9988 45.8671 24
    endloop
  endfacet
  facet normal 0.396622 0.875362 -0.276465
    outer loop
      vertex 22.4672 45.5589 28
      vertex 21.958 44.5263 24
      vertex 18.9988 45.8671 24
    endloop
  endfacet
  facet normal 0.402339 0.888026 -0.22256
    outer loop
      vertex 19.789 47.7749 32
      vertex 22.8713 46.3784 32
      vertex 19.4394 46.9308 28
    endloop
  endfacet
  facet normal 0.402359 0.888012 -0.22258
    outer loop
      vertex 22.8713 46.3784 32
      vertex 22.4672 45.5589 28
      vertex 19.4394 46.9308 28
    endloop
  endfacet
  facet normal 0.408347 0.901231 -0.145035
    outer loop
      vertex 20.0135 48.3169 36
      vertex 23.1307 46.9045 36
      vertex 19.789 47.7749 32
    endloop
  endfacet
  facet normal 0.408327 0.901243 -0.145016
    outer loop
      vertex 23.1307 46.9045 36
      vertex 22.8713 46.3784 32
      vertex 19.789 47.7749 32
    endloop
  endfacet
  facet normal 0.412189 0.9097 -0.0504588
    outer loop
      vertex 20.0909 48.5037 40
      vertex 23.2202 47.0858 40
      vertex 20.0135 48.3169 36
    endloop
  endfacet
  facet normal 0.412185 0.909702 -0.0504549
    outer loop
      vertex 23.2202 47.0858 40
      vertex 23.1307 46.9045 36
      vertex 20.0135 48.3169 36
    endloop
  endfacet
  facet normal 0.412185 0.909702 0.0504589
    outer loop
      vertex 23.1307 46.9045 44
      vertex 20.0909 48.5037 40
      vertex 20.0135 48.3169 44
    endloop
  endfacet
  facet normal 0.412189 0.9097 0.0504549
    outer loop
      vertex 23.1307 46.9045 44
      vertex 23.2202 47.0858 40
      vertex 20.0909 48.5037 40
    endloop
  endfacet
  facet normal 0.408326 0.901241 0.145035
    outer loop
      vertex 22.8713 46.3784 48
      vertex 20.0135 48.3169 44
      vertex 19.789 47.7749 48
    endloop
  endfacet
  facet normal 0.408348 0.901234 0.145016
    outer loop
      vertex 22.8713 46.3784 48
      vertex 23.1307 46.9045 44
      vertex 20.0135 48.3169 44
    endloop
  endfacet
  facet normal 0.402361 0.888016 0.22256
    outer loop
      vertex 22.4672 45.5589 52
      vertex 19.789 47.7749 48
      vertex 19.4394 46.9308 52
    endloop
  endfacet
  facet normal 0.402337 0.888022 0.22258
    outer loop
      vertex 22.4672 45.5589 52
      vertex 22.8713 46.3784 48
      vertex 19.789 47.7749 48
    endloop
  endfacet
  facet normal 0.396622 0.875361 0.276468
    outer loop
      vertex 21.958 44.5263 56
      vertex 19.4394 46.9308 52
      vertex 18.9988 45.8671 56
    endloop
  endfacet
  facet normal 0.396627 0.87536 0.276465
    outer loop
      vertex 21.958 44.5263 56
      vertex 22.4672 45.5589 52
      vertex 19.4394 46.9308 52
    endloop
  endfacet
  facet normal 0.393189 0.867812 0.303818
    outer loop
      vertex 20.829 42.2371 64
      vertex 18.9988 45.8671 56
      vertex 18.022 43.5089 64
    endloop
  endfacet
  facet normal 0.3932 0.867808 0.303814
    outer loop
      vertex 20.829 42.2371 64
      vertex 21.958 44.5263 56
      vertex 18.9988 45.8671 56
    endloop
  endfacet
  facet normal 0.396636 0.875361 0.276448
    outer loop
      vertex 20.3198 41.2045 68
      vertex 18.022 43.5089 64
      vertex 17.5814 42.4453 68
    endloop
  endfacet
  facet normal 0.396612 0.875366 0.276465
    outer loop
      vertex 20.3198 41.2045 68
      vertex 20.829 42.2371 64
      vertex 18.022 43.5089 64
    endloop
  endfacet
  facet normal 0.402338 0.888021 0.222581
    outer loop
      vertex 19.9157 40.3851 72
      vertex 17.5814 42.4453 68
      vertex 17.2318 41.6011 72
    endloop
  endfacet
  facet normal 0.402369 0.888013 0.222559
    outer loop
      vertex 19.9157 40.3851 72
      vertex 20.3198 41.2045 68
      vertex 17.5814 42.4453 68
    endloop
  endfacet
  facet normal 0.408373 0.901223 0.145013
    outer loop
      vertex 19.6562 39.8589 76
      vertex 17.2318 41.6011 72
      vertex 17.0073 41.0592 76
    endloop
  endfacet
  facet normal 0.408326 0.901239 0.145048
    outer loop
      vertex 19.6562 39.8589 76
      vertex 19.9157 40.3851 72
      vertex 17.2318 41.6011 72
    endloop
  endfacet
  facet normal 0.412192 0.909699 0.0504588
    outer loop
      vertex 19.5668 39.6776 80
      vertex 17.0073 41.0592 76
      vertex 16.9299 40.8724 80
    endloop
  endfacet
  facet normal 0.41221 0.909691 0.0504447
    outer loop
      vertex 19.5668 39.6776 80
      vertex 19.6562 39.8589 76
      vertex 17.0073 41.0592 76
    endloop
  endfacet
  facet normal -0.412717 -0.910859 0
    outer loop
      vertex 16.9299 40.8724 0
      vertex 19.5668 39.6776 80
      vertex 16.9299 40.8724 80
    endloop
  endfacet
  facet normal -0.412717 -0.910859 -0
    outer loop
      vertex 19.5668 39.6776 80
      vertex 16.9299 40.8724 0
      vertex 19.5668 39.6776 0
    endloop
  endfacet
  facet normal 0.41221 0.909691 -0.0504588
    outer loop
      vertex 17.0073 41.0592 4
      vertex 19.6562 39.8589 4
      vertex 16.9299 40.8724 0
    endloop
  endfacet
  facet normal 0.412192 0.909699 -0.0504446
    outer loop
      vertex 19.6562 39.8589 4
      vertex 19.5668 39.6776 0
      vertex 16.9299 40.8724 0
    endloop
  endfacet
  facet normal 0.466429 0.872585 -0.145048
    outer loop
      vertex 19.9157 40.3851 8
      vertex 22.5144 38.996 8
      vertex 19.6562 39.8589 4
    endloop
  endfacet
  facet normal 0.466396 0.872608 -0.14502
    outer loop
      vertex 22.5144 38.996 8
      vertex 22.2211 38.488 4
      vertex 19.6562 39.8589 4
    endloop
  endfacet
  facet normal 0.459573 0.859802 -0.222559
    outer loop
      vertex 20.3198 41.2045 12
      vertex 22.9712 39.7873 12
      vertex 19.9157 40.3851 8
    endloop
  endfacet
  facet normal 0.459589 0.85979 -0.222573
    outer loop
      vertex 22.9712 39.7873 12
      vertex 22.5144 38.996 8
      vertex 19.9157 40.3851 8
    endloop
  endfacet
  facet normal 0.453012 0.847554 -0.276464
    outer loop
      vertex 20.829 42.2371 16
      vertex 23.5469 40.7844 16
      vertex 20.3198 41.2045 12
    endloop
  endfacet
  facet normal 0.453022 0.847546 -0.276473
    outer loop
      vertex 23.5469 40.7844 16
      vertex 22.9712 39.7873 12
      vertex 20.3198 41.2045 12
    endloop
  endfacet
  facet normal 0.449108 0.840237 -0.303814
    outer loop
      vertex 21.958 44.5263 24
      vertex 24.8231 42.9949 24
      vertex 20.829 42.2371 16
    endloop
  endfacet
  facet normal 0.449103 0.840241 -0.303812
    outer loop
      vertex 24.8231 42.9949 24
      vertex 23.5469 40.7844 16
      vertex 20.829 42.2371 16
    endloop
  endfacet
  facet normal 0.453007 0.847556 -0.276465
    outer loop
      vertex 22.4672 45.5589 28
      vertex 25.3988 43.992 28
      vertex 21.958 44.5263 24
    endloop
  endfacet
  facet normal 0.453016 0.847549 -0.276473
    outer loop
      vertex 25.3988 43.992 28
      vertex 24.8231 42.9949 24
      vertex 21.958 44.5263 24
    endloop
  endfacet
  facet normal 0.459585 0.859791 -0.222579
    outer loop
      vertex 22.8713 46.3784 32
      vertex 25.8556 44.7832 32
      vertex 22.4672 45.5589 28
    endloop
  endfacet
  facet normal 0.459558 0.859812 -0.222552
    outer loop
      vertex 25.8556 44.7832 32
      vertex 25.3988 43.992 28
      vertex 22.4672 45.5589 28
    endloop
  endfacet
  facet normal 0.4664 0.872606 -0.145016
    outer loop
      vertex 23.1307 46.9045 36
      vertex 26.1489 45.2913 36
      vertex 22.8713 46.3784 32
    endloop
  endfacet
  facet normal 0.466425 0.872588 -0.145041
    outer loop
      vertex 26.1489 45.2913 36
      vertex 25.8556 44.7832 32
      vertex 22.8713 46.3784 32
    endloop
  endfacet
  facet normal 0.470805 0.880793 -0.0504562
    outer loop
      vertex 23.2202 47.0858 40
      vertex 26.25 45.4663 40
      vertex 23.1307 46.9045 36
    endloop
  endfacet
  facet normal 0.470783 0.880806 -0.0504343
    outer loop
      vertex 26.25 45.4663 40
      vertex 26.1489 45.2913 36
      vertex 23.1307 46.9045 36
    endloop
  endfacet
  facet normal 0.470782 0.880805 0.0504563
    outer loop
      vertex 26.1489 45.2913 44
      vertex 23.2202 47.0858 40
      vertex 23.1307 46.9045 44
    endloop
  endfacet
  facet normal 0.470805 0.880794 0.0504344
    outer loop
      vertex 26.1489 45.2913 44
      vertex 26.25 45.4663 40
      vertex 23.2202 47.0858 40
    endloop
  endfacet
  facet normal 0.466427 0.872592 0.145015
    outer loop
      vertex 25.8556 44.7832 48
      vertex 23.1307 46.9045 44
      vertex 22.8713 46.3784 48
    endloop
  endfacet
  facet normal 0.466398 0.872603 0.145041
    outer loop
      vertex 25.8556 44.7832 48
      vertex 26.1489 45.2913 44
      vertex 23.1307 46.9045 44
    endloop
  endfacet
  facet normal 0.459555 0.859807 0.222579
    outer loop
      vertex 25.3988 43.992 52
      vertex 22.8713 46.3784 48
      vertex 22.4672 45.5589 52
    endloop
  endfacet
  facet normal 0.459588 0.859796 0.222553
    outer loop
      vertex 25.3988 43.992 52
      vertex 25.8556 44.7832 48
      vertex 22.8713 46.3784 48
    endloop
  endfacet
  facet normal 0.453017 0.847551 0.276464
    outer loop
      vertex 24.8231 42.9949 56
      vertex 22.4672 45.5589 52
      vertex 21.958 44.5263 56
    endloop
  endfacet
  facet normal 0.453006 0.847554 0.276473
    outer loop
      vertex 24.8231 42.9949 56
      vertex 25.3988 43.992 52
      vertex 22.4672 45.5589 52
    endloop
  endfacet
  facet normal 0.449103 0.84024 0.303814
    outer loop
      vertex 23.5469 40.7844 64
      vertex 21.958 44.5263 56
      vertex 20.829 42.2371 64
    endloop
  endfacet
  facet normal 0.449108 0.840238 0.303812
    outer loop
      vertex 23.5469 40.7844 64
      vertex 24.8231 42.9949 56
      vertex 21.958 44.5263 56
    endloop
  endfacet
  facet normal 0.453023 0.847548 0.276464
    outer loop
      vertex 22.9712 39.7873 68
      vertex 20.829 42.2371 64
      vertex 20.3198 41.2045 68
    endloop
  endfacet
  facet normal 0.453011 0.847552 0.276473
    outer loop
      vertex 22.9712 39.7873 68
      vertex 23.5469 40.7844 64
      vertex 20.829 42.2371 64
    endloop
  endfacet
  facet normal 0.459591 0.859793 0.222559
    outer loop
      vertex 22.5144 38.996 72
      vertex 20.3198 41.2045 68
      vertex 19.9157 40.3851 72
    endloop
  endfacet
  facet normal 0.459572 0.8598 0.222573
    outer loop
      vertex 22.5144 38.996 72
      vertex 22.9712 39.7873 68
      vertex 20.3198 41.2045 68
    endloop
  endfacet
  facet normal 0.466394 0.872604 0.145048
    outer loop
      vertex 22.2211 38.488 76
      vertex 19.9157 40.3851 72
      vertex 19.6562 39.8589 76
    endloop
  endfacet
  facet normal 0.466431 0.872589 0.14502
    outer loop
      vertex 22.2211 38.488 76
      vertex 22.5144 38.996 72
      vertex 19.9157 40.3851 72
    endloop
  endfacet
  facet normal 0.470766 0.880815 0.0504446
    outer loop
      vertex 22.12 38.313 80
      vertex 19.6562 39.8589 76
      vertex 19.5668 39.6776 80
    endloop
  endfacet
  facet normal 0.470779 0.880809 0.0504343
    outer loop
      vertex 22.12 38.313 80
      vertex 22.2211 38.488 76
      vertex 19.6562 39.8589 76
    endloop
  endfacet
  facet normal -0.471366 -0.881938 0
    outer loop
      vertex 19.5668 39.6776 0
      vertex 22.12 38.313 80
      vertex 19.5668 39.6776 80
    endloop
  endfacet
  facet normal -0.471366 -0.881938 -0
    outer loop
      vertex 22.12 38.313 80
      vertex 19.5668 39.6776 0
      vertex 22.12 38.313 0
    endloop
  endfacet
  facet normal 0.470779 0.880808 -0.0504445
    outer loop
      vertex 19.6562 39.8589 4
      vertex 22.2211 38.488 4
      vertex 19.5668 39.6776 0
    endloop
  endfacet
  facet normal 0.470766 0.880815 -0.0504343
    outer loop
      vertex 22.2211 38.488 4
      vertex 22.12 38.313 0
      vertex 19.5668 39.6776 0
    endloop
  endfacet
  facet normal 0.522493 0.84022 -0.14502
    outer loop
      vertex 22.5144 38.996 8
      vertex 25.0166 37.44 8
      vertex 22.2211 38.488 4
    endloop
  endfacet
  facet normal 0.522487 0.840225 -0.145014
    outer loop
      vertex 25.0166 37.44 8
      vertex 24.6907 36.9523 4
      vertex 22.2211 38.488 4
    endloop
  endfacet
  facet normal 0.514817 0.827904 -0.222572
    outer loop
      vertex 22.9712 39.7873 12
      vertex 25.5243 38.1997 12
      vertex 22.5144 38.996 8
    endloop
  endfacet
  facet normal 0.514828 0.827894 -0.222582
    outer loop
      vertex 25.5243 38.1997 12
      vertex 25.0166 37.44 8
      vertex 22.5144 38.996 8
    endloop
  endfacet
  facet normal 0.507495 0.816095 -0.276473
    outer loop
      vertex 23.5469 40.7844 16
      vertex 26.1639 39.157 16
      vertex 22.9712 39.7873 12
    endloop
  endfacet
  facet normal 0.507482 0.816107 -0.276461
    outer loop
      vertex 26.1639 39.157 16
      vertex 25.5243 38.1997 12
      vertex 22.9712 39.7873 12
    endloop
  endfacet
  facet normal 0.503108 0.809061 -0.303812
    outer loop
      vertex 24.8231 42.9949 24
      vertex 27.582 41.2793 24
      vertex 23.5469 40.7844 16
    endloop
  endfacet
  facet normal 0.503116 0.809055 -0.303816
    outer loop
      vertex 27.582 41.2793 24
      vertex 26.1639 39.157 16
      vertex 23.5469 40.7844 16
    endloop
  endfacet
  facet normal 0.507499 0.816093 -0.276473
    outer loop
      vertex 25.3988 43.992 28
      vertex 28.2216 42.2366 28
      vertex 24.8231 42.9949 24
    endloop
  endfacet
  facet normal 0.507488 0.816104 -0.276461
    outer loop
      vertex 28.2216 42.2366 28
      vertex 27.582 41.2793 24
      vertex 24.8231 42.9949 24
    endloop
  endfacet
  facet normal 0.51482 0.827907 -0.222553
    outer loop
      vertex 25.8556 44.7832 32
      vertex 28.7292 42.9963 32
      vertex 25.3988 43.992 28
    endloop
  endfacet
  facet normal 0.514837 0.827892 -0.22257
    outer loop
      vertex 28.7292 42.9963 32
      vertex 28.2216 42.2366 28
      vertex 25.3988 43.992 28
    endloop
  endfacet
  facet normal 0.522486 0.840221 -0.14504
    outer loop
      vertex 26.1489 45.2913 36
      vertex 29.0551 43.4841 36
      vertex 25.8556 44.7832 32
    endloop
  endfacet
  facet normal 0.52248 0.840226 -0.145035
    outer loop
      vertex 29.0551 43.4841 36
      vertex 28.7292 42.9963 32
      vertex 25.8556 44.7832 32
    endloop
  endfacet
  facet normal 0.527384 0.848129 -0.0504353
    outer loop
      vertex 26.25 45.4663 40
      vertex 29.1674 43.6522 40
      vertex 26.1489 45.2913 36
    endloop
  endfacet
  facet normal 0.527397 0.84812 -0.0504489
    outer loop
      vertex 29.1674 43.6522 40
      vertex 29.0551 43.4841 36
      vertex 26.1489 45.2913 36
    endloop
  endfacet
  facet normal 0.527398 0.84812 0.0504352
    outer loop
      vertex 29.0551 43.4841 44
      vertex 26.25 45.4663 40
      vertex 26.1489 45.2913 44
    endloop
  endfacet
  facet normal 0.527384 0.848128 0.0504489
    outer loop
      vertex 29.0551 43.4841 44
      vertex 29.1674 43.6522 40
      vertex 26.25 45.4663 40
    endloop
  endfacet
  facet normal 0.52248 0.840225 0.14504
    outer loop
      vertex 28.7292 42.9963 48
      vertex 26.1489 45.2913 44
      vertex 25.8556 44.7832 48
    endloop
  endfacet
  facet normal 0.522486 0.840222 0.145035
    outer loop
      vertex 28.7292 42.9963 48
      vertex 29.0551 43.4841 44
      vertex 26.1489 45.2913 44
    endloop
  endfacet
  facet normal 0.514839 0.827896 0.222552
    outer loop
      vertex 28.2216 42.2366 52
      vertex 25.8556 44.7832 48
      vertex 25.3988 43.992 52
    endloop
  endfacet
  facet normal 0.514818 0.827904 0.22257
    outer loop
      vertex 28.2216 42.2366 52
      vertex 28.7292 42.9963 48
      vertex 25.8556 44.7832 48
    endloop
  endfacet
  facet normal 0.507486 0.816101 0.276473
    outer loop
      vertex 27.582 41.2793 56
      vertex 25.3988 43.992 52
      vertex 24.8231 42.9949 56
    endloop
  endfacet
  facet normal 0.507501 0.816095 0.276461
    outer loop
      vertex 27.582 41.2793 56
      vertex 28.2216 42.2366 52
      vertex 25.3988 43.992 52
    endloop
  endfacet
  facet normal 0.503117 0.809056 0.303812
    outer loop
      vertex 26.1639 39.157 64
      vertex 24.8231 42.9949 56
      vertex 23.5469 40.7844 64
    endloop
  endfacet
  facet normal 0.503108 0.80906 0.303816
    outer loop
      vertex 26.1639 39.157 64
      vertex 27.582 41.2793 56
      vertex 24.8231 42.9949 56
    endloop
  endfacet
  facet normal 0.50748 0.816104 0.276473
    outer loop
      vertex 25.5243 38.1997 68
      vertex 23.5469 40.7844 64
      vertex 22.9712 39.7873 68
    endloop
  endfacet
  facet normal 0.507496 0.816098 0.276461
    outer loop
      vertex 25.5243 38.1997 68
      vertex 26.1639 39.157 64
      vertex 23.5469 40.7844 64
    endloop
  endfacet
  facet normal 0.51483 0.827896 0.222572
    outer loop
      vertex 25.0166 37.44 72
      vertex 22.9712 39.7873 68
      vertex 22.5144 38.996 72
    endloop
  endfacet
  facet normal 0.514816 0.827902 0.222582
    outer loop
      vertex 25.0166 37.44 72
      vertex 25.5243 38.1997 68
      vertex 22.9712 39.7873 68
    endloop
  endfacet
  facet normal 0.522487 0.840224 0.14502
    outer loop
      vertex 24.6907 36.9523 76
      vertex 22.5144 38.996 72
      vertex 22.2211 38.488 76
    endloop
  endfacet
  facet normal 0.522494 0.840221 0.145014
    outer loop
      vertex 24.6907 36.9523 76
      vertex 25.0166 37.44 72
      vertex 22.5144 38.996 72
    endloop
  endfacet
  facet normal 0.527413 0.848111 0.0504352
    outer loop
      vertex 24.5784 36.7842 80
      vertex 22.2211 38.488 76
      vertex 22.12 38.313 80
    endloop
  endfacet
  facet normal 0.527396 0.84812 0.0504489
    outer loop
      vertex 24.5784 36.7842 80
      vertex 24.6907 36.9523 76
      vertex 22.2211 38.488 76
    endloop
  endfacet
  facet normal -0.528085 -0.849192 0
    outer loop
      vertex 22.12 38.313 0
      vertex 24.5784 36.7842 80
      vertex 22.12 38.313 80
    endloop
  endfacet
  facet normal -0.528085 -0.849192 -0
    outer loop
      vertex 24.5784 36.7842 80
      vertex 22.12 38.313 0
      vertex 24.5784 36.7842 0
    endloop
  endfacet
  facet normal 0.527397 0.848121 -0.0504352
    outer loop
      vertex 22.2211 38.488 4
      vertex 24.6907 36.9523 4
      vertex 22.12 38.313 0
    endloop
  endfacet
  facet normal 0.527413 0.84811 -0.0504489
    outer loop
      vertex 24.6907 36.9523 4
      vertex 24.5784 36.7842 0
      vertex 22.12 38.313 0
    endloop
  endfacet
  facet normal 0.576304 0.804267 -0.145015
    outer loop
      vertex 25.0166 37.44 8
      vertex 27.4118 35.7237 8
      vertex 24.6907 36.9523 4
    endloop
  endfacet
  facet normal 0.57633 0.804243 -0.14504
    outer loop
      vertex 27.4118 35.7237 8
      vertex 27.0546 35.2583 4
      vertex 24.6907 36.9523 4
    endloop
  endfacet
  facet normal 0.567859 0.79246 -0.222583
    outer loop
      vertex 25.5243 38.1997 12
      vertex 27.968 36.4486 12
      vertex 25.0166 37.44 8
    endloop
  endfacet
  facet normal 0.56785 0.792469 -0.222575
    outer loop
      vertex 27.968 36.4486 12
      vertex 27.4118 35.7237 8
      vertex 25.0166 37.44 8
    endloop
  endfacet
  facet normal 0.559764 0.781175 -0.276461
    outer loop
      vertex 26.1639 39.157 16
      vertex 28.6689 37.362 16
      vertex 25.5243 38.1997 12
    endloop
  endfacet
  facet normal 0.559768 0.78117 -0.276466
    outer loop
      vertex 28.6689 37.362 16
      vertex 27.968 36.4486 12
      vertex 25.5243 38.1997 12
    endloop
  endfacet
  facet normal 0.554945 0.774424 -0.303816
    outer loop
      vertex 27.582 41.2793 24
      vertex 30.2227 39.387 24
      vertex 26.1639 39.157 16
    endloop
  endfacet
  facet normal 0.554934 0.774434 -0.303811
    outer loop
      vertex 30.2227 39.387 24
      vertex 28.6689 37.362 16
      vertex 26.1639 39.157 16
    endloop
  endfacet
  facet normal 0.559771 0.78117 -0.276461
    outer loop
      vertex 28.2216 42.2366 28
      vertex 30.9236 40.3004 28
      vertex 27.582 41.2793 24
    endloop
  endfacet
  facet normal 0.559775 0.781165 -0.276466
    outer loop
      vertex 30.9236 40.3004 28
      vertex 30.2227 39.387 24
      vertex 27.582 41.2793 24
    endloop
  endfacet
  facet normal 0.567857 0.792465 -0.22257
    outer loop
      vertex 28.7292 42.9963 32
      vertex 31.4798 41.0253 32
      vertex 28.2216 42.2366 28
    endloop
  endfacet
  facet normal 0.567862 0.792461 -0.222575
    outer loop
      vertex 31.4798 41.0253 32
      vertex 30.9236 40.3004 28
      vertex 28.2216 42.2366 28
    endloop
  endfacet
  facet normal 0.576317 0.804253 -0.145034
    outer loop
      vertex 29.0551 43.4841 36
      vertex 31.8369 41.4907 36
      vertex 28.7292 42.9963 32
    endloop
  endfacet
  facet normal 0.57631 0.80426 -0.145026
    outer loop
      vertex 31.8369 41.4907 36
      vertex 31.4798 41.0253 32
      vertex 28.7292 42.9963 32
    endloop
  endfacet
  facet normal 0.581727 0.811818 -0.0504486
    outer loop
      vertex 29.1674 43.6522 40
      vertex 31.96 41.6511 40
      vertex 29.0551 43.4841 36
    endloop
  endfacet
  facet normal 0.581734 0.811813 -0.0504565
    outer loop
      vertex 31.96 41.6511 40
      vertex 31.8369 41.4907 36
      vertex 29.0551 43.4841 36
    endloop
  endfacet
  facet normal 0.581734 0.811813 0.0504486
    outer loop
      vertex 31.8369 41.4907 44
      vertex 29.1674 43.6522 40
      vertex 29.0551 43.4841 44
    endloop
  endfacet
  facet normal 0.581726 0.811818 0.0504565
    outer loop
      vertex 31.8369 41.4907 44
      vertex 31.96 41.6511 40
      vertex 29.1674 43.6522 40
    endloop
  endfacet
  facet normal 0.576309 0.804259 0.145034
    outer loop
      vertex 31.4798 41.0253 48
      vertex 29.0551 43.4841 44
      vertex 28.7292 42.9963 48
    endloop
  endfacet
  facet normal 0.576318 0.804254 0.145026
    outer loop
      vertex 31.4798 41.0253 48
      vertex 31.8369 41.4907 44
      vertex 29.0551 43.4841 44
    endloop
  endfacet
  facet normal 0.567862 0.792461 0.22257
    outer loop
      vertex 30.9236 40.3004 52
      vertex 28.7292 42.9963 48
      vertex 28.2216 42.2366 52
    endloop
  endfacet
  facet normal 0.567857 0.792464 0.222575
    outer loop
      vertex 30.9236 40.3004 52
      vertex 31.4798 41.0253 48
      vertex 28.7292 42.9963 48
    endloop
  endfacet
  facet normal 0.559776 0.781166 0.276461
    outer loop
      vertex 30.2227 39.387 56
      vertex 28.2216 42.2366 52
      vertex 27.582 41.2793 56
    endloop
  endfacet
  facet normal 0.55977 0.781169 0.276466
    outer loop
      vertex 30.2227 39.387 56
      vertex 30.9236 40.3004 52
      vertex 28.2216 42.2366 52
    endloop
  endfacet
  facet normal 0.554933 0.774432 0.303816
    outer loop
      vertex 28.6689 37.362 64
      vertex 27.582 41.2793 56
      vertex 26.1639 39.157 64
    endloop
  endfacet
  facet normal 0.554946 0.774425 0.303811
    outer loop
      vertex 28.6689 37.362 64
      vertex 30.2227 39.387 56
      vertex 27.582 41.2793 56
    endloop
  endfacet
  facet normal 0.559769 0.781171 0.276461
    outer loop
      vertex 27.968 36.4486 68
      vertex 26.1639 39.157 64
      vertex 25.5243 38.1997 68
    endloop
  endfacet
  facet normal 0.559763 0.781174 0.276465
    outer loop
      vertex 27.968 36.4486 68
      vertex 28.6689 37.362 64
      vertex 26.1639 39.157 64
    endloop
  endfacet
  facet normal 0.567849 0.792467 0.222584
    outer loop
      vertex 27.4118 35.7237 72
      vertex 25.5243 38.1997 68
      vertex 25.0166 37.44 72
    endloop
  endfacet
  facet normal 0.56786 0.792462 0.222575
    outer loop
      vertex 27.4118 35.7237 72
      vertex 27.968 36.4486 68
      vertex 25.5243 38.1997 68
    endloop
  endfacet
  facet normal 0.576333 0.804246 0.145014
    outer loop
      vertex 27.0546 35.2583 76
      vertex 25.0166 37.44 72
      vertex 24.6907 36.9523 76
    endloop
  endfacet
  facet normal 0.576302 0.804264 0.14504
    outer loop
      vertex 27.0546 35.2583 76
      vertex 27.4118 35.7237 72
      vertex 25.0166 37.44 72
    endloop
  endfacet
  facet normal 0.581741 0.811808 0.0504486
    outer loop
      vertex 26.9316 35.0979 80
      vertex 24.6907 36.9523 76
      vertex 24.5784 36.7842 80
    endloop
  endfacet
  facet normal 0.581748 0.811803 0.0504421
    outer loop
      vertex 26.9316 35.0979 80
      vertex 27.0546 35.2583 76
      vertex 24.6907 36.9523 76
    endloop
  endfacet
  facet normal -0.582482 -0.812843 0
    outer loop
      vertex 24.5784 36.7842 0
      vertex 26.9316 35.0979 80
      vertex 24.5784 36.7842 80
    endloop
  endfacet
  facet normal -0.582482 -0.812843 -0
    outer loop
      vertex 26.9316 35.0979 80
      vertex 24.5784 36.7842 0
      vertex 26.9316 35.0979 0
    endloop
  endfacet
  facet normal 0.581748 0.811803 -0.0504486
    outer loop
      vertex 24.6907 36.9523 4
      vertex 27.0546 35.2583 4
      vertex 24.5784 36.7842 0
    endloop
  endfacet
  facet normal 0.581741 0.811809 -0.0504421
    outer loop
      vertex 27.0546 35.2583 4
      vertex 26.9316 35.0979 0
      vertex 24.5784 36.7842 0
    endloop
  endfacet
  facet normal 0.627693 0.76483 -0.145041
    outer loop
      vertex 27.4118 35.7237 8
      vertex 29.6895 33.8544 8
      vertex 27.0546 35.2583 4
    endloop
  endfacet
  facet normal 0.627673 0.76485 -0.145021
    outer loop
      vertex 29.6895 33.8544 8
      vertex 29.3027 33.4134 4
      vertex 27.0546 35.2583 4
    endloop
  endfacet
  facet normal 0.618469 0.753629 -0.222575
    outer loop
      vertex 27.968 36.4486 12
      vertex 30.292 34.5414 12
      vertex 27.4118 35.7237 8
    endloop
  endfacet
  facet normal 0.618485 0.75361 -0.222592
    outer loop
      vertex 30.292 34.5414 12
      vertex 29.6895 33.8544 8
      vertex 27.4118 35.7237 8
    endloop
  endfacet
  facet normal 0.609663 0.742885 -0.276466
    outer loop
      vertex 28.6689 37.362 16
      vertex 31.0511 35.407 16
      vertex 27.968 36.4486 12
    endloop
  endfacet
  facet normal 0.609657 0.742892 -0.276459
    outer loop
      vertex 31.0511 35.407 16
      vertex 30.292 34.5414 12
      vertex 27.968 36.4486 12
    endloop
  endfacet
  facet normal 0.604412 0.736468 -0.30381
    outer loop
      vertex 30.2227 39.387 24
      vertex 32.734 37.326 24
      vertex 28.6689 37.362 16
    endloop
  endfacet
  facet normal 0.604404 0.736476 -0.303806
    outer loop
      vertex 32.734 37.326 24
      vertex 31.0511 35.407 16
      vertex 28.6689 37.362 16
    endloop
  endfacet
  facet normal 0.609678 0.742872 -0.276466
    outer loop
      vertex 30.9236 40.3004 28
      vertex 33.4931 38.1916 28
      vertex 30.2227 39.387 24
    endloop
  endfacet
  facet normal 0.609673 0.742879 -0.27646
    outer loop
      vertex 33.4931 38.1916 28
      vertex 32.734 37.326 24
      vertex 30.2227 39.387 24
    endloop
  endfacet
  facet normal 0.618475 0.753624 -0.222574
    outer loop
      vertex 31.4798 41.0253 32
      vertex 34.0956 38.8786 32
      vertex 30.9236 40.3004 28
    endloop
  endfacet
  facet normal 0.618489 0.753607 -0.222592
    outer loop
      vertex 34.0956 38.8786 32
      vertex 33.4931 38.1916 28
      vertex 30.9236 40.3004 28
    endloop
  endfacet
  facet normal 0.627685 0.764839 -0.145026
    outer loop
      vertex 31.8369 41.4907 36
      vertex 34.4824 39.3196 36
      vertex 31.4798 41.0253 32
    endloop
  endfacet
  facet normal 0.627681 0.764843 -0.145021
    outer loop
      vertex 34.4824 39.3196 36
      vertex 34.0956 38.8786 32
      vertex 31.4798 41.0253 32
    endloop
  endfacet
  facet normal 0.633589 0.772022 -0.0504568
    outer loop
      vertex 31.96 41.6511 40
      vertex 34.6157 39.4716 40
      vertex 31.8369 41.4907 36
    endloop
  endfacet
  facet normal 0.633584 0.772027 -0.0504512
    outer loop
      vertex 34.6157 39.4716 40
      vertex 34.4824 39.3196 36
      vertex 31.8369 41.4907 36
    endloop
  endfacet
  facet normal 0.633584 0.772027 0.0504568
    outer loop
      vertex 34.4824 39.3196 44
      vertex 31.96 41.6511 40
      vertex 31.8369 41.4907 44
    endloop
  endfacet
  facet normal 0.633589 0.772023 0.0504512
    outer loop
      vertex 34.4824 39.3196 44
      vertex 34.6157 39.4716 40
      vertex 31.96 41.6511 40
    endloop
  endfacet
  facet normal 0.627681 0.764843 0.145026
    outer loop
      vertex 34.0956 38.8786 48
      vertex 31.8369 41.4907 44
      vertex 31.4798 41.0253 48
    endloop
  endfacet
  facet normal 0.627686 0.764839 0.145021
    outer loop
      vertex 34.0956 38.8786 48
      vertex 34.4824 39.3196 44
      vertex 31.8369 41.4907 44
    endloop
  endfacet
  facet normal 0.618492 0.753611 0.222574
    outer loop
      vertex 33.4931 38.1916 52
      vertex 31.4798 41.0253 48
      vertex 30.9236 40.3004 52
    endloop
  endfacet
  facet normal 0.618472 0.753621 0.222592
    outer loop
      vertex 33.4931 38.1916 52
      vertex 34.0956 38.8786 48
      vertex 31.4798 41.0253 48
    endloop
  endfacet
  facet normal 0.609672 0.742877 0.276466
    outer loop
      vertex 32.734 37.326 56
      vertex 30.9236 40.3004 52
      vertex 30.2227 39.387 56
    endloop
  endfacet
  facet normal 0.609679 0.742873 0.27646
    outer loop
      vertex 32.734 37.326 56
      vertex 33.4931 38.1916 52
      vertex 30.9236 40.3004 52
    endloop
  endfacet
  facet normal 0.604403 0.736475 0.303811
    outer loop
      vertex 31.0511 35.407 64
      vertex 30.2227 39.387 56
      vertex 28.6689 37.362 64
    endloop
  endfacet
  facet normal 0.604413 0.736469 0.303806
    outer loop
      vertex 31.0511 35.407 64
      vertex 32.734 37.326 56
      vertex 30.2227 39.387 56
    endloop
  endfacet
  facet normal 0.609656 0.74289 0.276466
    outer loop
      vertex 30.292 34.5414 68
      vertex 28.6689 37.362 64
      vertex 27.968 36.4486 68
    endloop
  endfacet
  facet normal 0.609664 0.742886 0.27646
    outer loop
      vertex 30.292 34.5414 68
      vertex 31.0511 35.407 64
      vertex 28.6689 37.362 64
    endloop
  endfacet
  facet normal 0.618488 0.753614 0.222574
    outer loop
      vertex 29.6895 33.8544 72
      vertex 27.968 36.4486 68
      vertex 27.4118 35.7237 72
    endloop
  endfacet
  facet normal 0.618466 0.753626 0.222592
    outer loop
      vertex 29.6895 33.8544 72
      vertex 30.292 34.5414 68
      vertex 27.968 36.4486 68
    endloop
  endfacet
  facet normal 0.627671 0.764848 0.145041
    outer loop
      vertex 29.3027 33.4134 76
      vertex 27.4118 35.7237 72
      vertex 27.0546 35.2583 76
    endloop
  endfacet
  facet normal 0.627695 0.764832 0.145021
    outer loop
      vertex 29.3027 33.4134 76
      vertex 29.6895 33.8544 72
      vertex 27.4118 35.7237 72
    endloop
  endfacet
  facet normal 0.633566 0.772043 0.0504411
    outer loop
      vertex 29.1695 33.2614 80
      vertex 27.0546 35.2583 76
      vertex 26.9316 35.0979 80
    endloop
  endfacet
  facet normal 0.633572 0.772038 0.0504354
    outer loop
      vertex 29.1695 33.2614 80
      vertex 29.3027 33.4134 76
      vertex 27.0546 35.2583 76
    endloop
  endfacet
  facet normal -0.634373 -0.773027 0
    outer loop
      vertex 26.9316 35.0979 0
      vertex 29.1695 33.2614 80
      vertex 26.9316 35.0979 80
    endloop
  endfacet
  facet normal -0.634373 -0.773027 -0
    outer loop
      vertex 29.1695 33.2614 80
      vertex 26.9316 35.0979 0
      vertex 29.1695 33.2614 0
    endloop
  endfacet
  facet normal 0.633572 0.772038 -0.0504411
    outer loop
      vertex 27.0546 35.2583 4
      vertex 29.3027 33.4134 4
      vertex 26.9316 35.0979 0
    endloop
  endfacet
  facet normal 0.633566 0.772043 -0.0504354
    outer loop
      vertex 29.3027 33.4134 4
      vertex 29.1695 33.2614 0
      vertex 26.9316 35.0979 0
    endloop
  endfacet
  facet normal 0.676373 0.722141 -0.145021
    outer loop
      vertex 29.6895 33.8544 8
      vertex 31.8401 31.8401 8
      vertex 29.3027 33.4134 4
    endloop
  endfacet
  facet normal 0.676378 0.722136 -0.145026
    outer loop
      vertex 31.8401 31.8401 8
      vertex 31.4253 31.4253 4
      vertex 29.3027 33.4134 4
    endloop
  endfacet
  facet normal 0.666461 0.711536 -0.222592
    outer loop
      vertex 30.292 34.5414 12
      vertex 32.4862 32.4862 12
      vertex 29.6895 33.8544 8
    endloop
  endfacet
  facet normal 0.666451 0.711548 -0.222581
    outer loop
      vertex 32.4862 32.4862 12
      vertex 31.8401 31.8401 8
      vertex 29.6895 33.8544 8
    endloop
  endfacet
  facet normal 0.656965 0.701403 -0.276459
    outer loop
      vertex 31.0511 35.407 16
      vertex 33.3003 33.3003 16
      vertex 30.292 34.5414 12
    endloop
  endfacet
  facet normal 0.656968 0.7014 -0.276462
    outer loop
      vertex 33.3003 33.3003 16
      vertex 32.4862 32.4862 12
      vertex 30.292 34.5414 12
    endloop
  endfacet
  facet normal 0.65127 0.695377 -0.303806
    outer loop
      vertex 32.734 37.326 24
      vertex 35.1052 35.1052 24
      vertex 31.0511 35.407 16
    endloop
  endfacet
  facet normal 0.651294 0.695349 -0.303819
    outer loop
      vertex 35.1052 35.1052 24
      vertex 33.3003 33.3003 16
      vertex 31.0511 35.407 16
    endloop
  endfacet
  facet normal 0.656937 0.70143 -0.27646
    outer loop
      vertex 33.4931 38.1916 28
      vertex 35.9193 35.9193 28
      vertex 32.734 37.326 24
    endloop
  endfacet
  facet normal 0.656938 0.701428 -0.276461
    outer loop
      vertex 35.9193 35.9193 28
      vertex 35.1052 35.1052 24
      vertex 32.734 37.326 24
    endloop
  endfacet
  facet normal 0.666439 0.711556 -0.222592
    outer loop
      vertex 34.0956 38.8786 32
      vertex 36.5654 36.5654 32
      vertex 33.4931 38.1916 28
    endloop
  endfacet
  facet normal 0.666431 0.711567 -0.222581
    outer loop
      vertex 36.5654 36.5654 32
      vertex 35.9193 35.9193 28
      vertex 33.4931 38.1916 28
    endloop
  endfacet
  facet normal 0.676359 0.722155 -0.145021
    outer loop
      vertex 34.4824 39.3196 36
      vertex 36.9802 36.9802 36
      vertex 34.0956 38.8786 32
    endloop
  endfacet
  facet normal 0.676362 0.722151 -0.145026
    outer loop
      vertex 36.9802 36.9802 36
      vertex 36.5654 36.5654 32
      vertex 34.0956 38.8786 32
    endloop
  endfacet
  facet normal 0.682732 0.728925 -0.0504512
    outer loop
      vertex 34.6157 39.4716 40
      vertex 37.1231 37.1231 40
      vertex 34.4824 39.3196 36
    endloop
  endfacet
  facet normal 0.682715 0.728942 -0.0504315
    outer loop
      vertex 37.1231 37.1231 40
      vertex 36.9802 36.9802 36
      vertex 34.4824 39.3196 36
    endloop
  endfacet
  facet normal 0.682715 0.728941 0.0504512
    outer loop
      vertex 36.9802 36.9802 44
      vertex 34.6157 39.4716 40
      vertex 34.4824 39.3196 44
    endloop
  endfacet
  facet normal 0.682732 0.728926 0.0504315
    outer loop
      vertex 36.9802 36.9802 44
      vertex 37.1231 37.1231 40
      vertex 34.6157 39.4716 40
    endloop
  endfacet
  facet normal 0.676363 0.722151 0.145021
    outer loop
      vertex 36.5654 36.5654 48
      vertex 34.4824 39.3196 44
      vertex 34.0956 38.8786 48
    endloop
  endfacet
  facet normal 0.676358 0.722154 0.145026
    outer loop
      vertex 36.5654 36.5654 48
      vertex 36.9802 36.9802 44
      vertex 34.4824 39.3196 44
    endloop
  endfacet
  facet normal 0.666429 0.711565 0.222592
    outer loop
      vertex 35.9193 35.9193 52
      vertex 34.0956 38.8786 48
      vertex 33.4931 38.1916 52
    endloop
  endfacet
  facet normal 0.666441 0.711558 0.222581
    outer loop
      vertex 35.9193 35.9193 52
      vertex 36.5654 36.5654 48
      vertex 34.0956 38.8786 48
    endloop
  endfacet
  facet normal 0.656938 0.701429 0.27646
    outer loop
      vertex 35.1052 35.1052 56
      vertex 33.4931 38.1916 52
      vertex 32.734 37.326 56
    endloop
  endfacet
  facet normal 0.656936 0.70143 0.276461
    outer loop
      vertex 35.1052 35.1052 56
      vertex 35.9193 35.9193 52
      vertex 33.4931 38.1916 52
    endloop
  endfacet
  facet normal 0.651297 0.695352 0.303806
    outer loop
      vertex 33.3003 33.3003 64
      vertex 32.734 37.326 56
      vertex 31.0511 35.407 64
    endloop
  endfacet
  facet normal 0.651268 0.695374 0.303819
    outer loop
      vertex 33.3003 33.3003 64
      vertex 35.1052 35.1052 56
      vertex 32.734 37.326 56
    endloop
  endfacet
  facet normal 0.656968 0.701401 0.276459
    outer loop
      vertex 32.4862 32.4862 68
      vertex 31.0511 35.407 64
      vertex 30.292 34.5414 68
    endloop
  endfacet
  facet normal 0.656965 0.701403 0.276462
    outer loop
      vertex 32.4862 32.4862 68
      vertex 33.3003 33.3003 64
      vertex 31.0511 35.407 64
    endloop
  endfacet
  facet normal 0.66645 0.711546 0.222592
    outer loop
      vertex 31.8401 31.8401 72
      vertex 30.292 34.5414 68
      vertex 29.6895 33.8544 72
    endloop
  endfacet
  facet normal 0.666462 0.711537 0.222581
    outer loop
      vertex 31.8401 31.8401 72
      vertex 32.4862 32.4862 68
      vertex 30.292 34.5414 68
    endloop
  endfacet
  facet normal 0.676378 0.722137 0.145021
    outer loop
      vertex 31.4253 31.4253 76
      vertex 29.6895 33.8544 72
      vertex 29.3027 33.4134 76
    endloop
  endfacet
  facet normal 0.676373 0.722141 0.145026
    outer loop
      vertex 31.4253 31.4253 76
      vertex 31.8401 31.8401 72
      vertex 29.6895 33.8544 72
    endloop
  endfacet
  facet normal 0.682732 0.728926 0.0504342
    outer loop
      vertex 31.2824 31.2824 80
      vertex 29.3027 33.4134 76
      vertex 29.1695 33.2614 80
    endloop
  endfacet
  facet normal 0.682735 0.728924 0.0504315
    outer loop
      vertex 31.2824 31.2824 80
      vertex 31.4253 31.4253 76
      vertex 29.3027 33.4134 76
    endloop
  endfacet
  facet normal -0.683602 -0.729855 0
    outer loop
      vertex 29.1695 33.2614 0
      vertex 31.2824 31.2824 80
      vertex 29.1695 33.2614 80
    endloop
  endfacet
  facet normal -0.683602 -0.729855 -0
    outer loop
      vertex 31.2824 31.2824 80
      vertex 29.1695 33.2614 0
      vertex 31.2824 31.2824 0
    endloop
  endfacet
  facet normal 0.682735 0.728924 -0.0504342
    outer loop
      vertex 29.3027 33.4134 4
      vertex 31.4253 31.4253 4
      vertex 29.1695 33.2614 0
    endloop
  endfacet
  facet normal 0.682732 0.728926 -0.0504315
    outer loop
      vertex 31.4253 31.4253 4
      vertex 31.2824 31.2824 0
      vertex 29.1695 33.2614 0
    endloop
  endfacet
  facet normal 0.722141 0.676373 -0.145026
    outer loop
      vertex 31.8401 31.8401 8
      vertex 33.8544 29.6895 8
      vertex 31.4253 31.4253 4
    endloop
  endfacet
  facet normal 0.722137 0.676378 -0.145021
    outer loop
      vertex 33.8544 29.6895 8
      vertex 33.4134 29.3027 4
      vertex 31.4253 31.4253 4
    endloop
  endfacet
  facet normal 0.711537 0.666462 -0.222581
    outer loop
      vertex 32.4862 32.4862 12
      vertex 34.5414 30.292 12
      vertex 31.8401 31.8401 8
    endloop
  endfacet
  facet normal 0.711546 0.66645 -0.222592
    outer loop
      vertex 34.5414 30.292 12
      vertex 33.8544 29.6895 8
      vertex 31.8401 31.8401 8
    endloop
  endfacet
  facet normal 0.701403 0.656965 -0.276462
    outer loop
      vertex 33.3003 33.3003 16
      vertex 35.407 31.0511 16
      vertex 32.4862 32.4862 12
    endloop
  endfacet
  facet normal 0.701401 0.656968 -0.276459
    outer loop
      vertex 35.407 31.0511 16
      vertex 34.5414 30.292 12
      vertex 32.4862 32.4862 12
    endloop
  endfacet
  facet normal 0.695374 0.651268 -0.303819
    outer loop
      vertex 35.1052 35.1052 24
      vertex 37.326 32.734 24
      vertex 33.3003 33.3003 16
    endloop
  endfacet
  facet normal 0.695352 0.651297 -0.303806
    outer loop
      vertex 37.326 32.734 24
      vertex 35.407 31.0511 16
      vertex 33.3003 33.3003 16
    endloop
  endfacet
  facet normal 0.70143 0.656936 -0.276461
    outer loop
      vertex 35.9193 35.9193 28
      vertex 38.1916 33.4931 28
      vertex 35.1052 35.1052 24
    endloop
  endfacet
  facet normal 0.701429 0.656938 -0.27646
    outer loop
      vertex 38.1916 33.4931 28
      vertex 37.326 32.734 24
      vertex 35.1052 35.1052 24
    endloop
  endfacet
  facet normal 0.711558 0.666441 -0.222581
    outer loop
      vertex 36.5654 36.5654 32
      vertex 38.8786 34.0956 32
      vertex 35.9193 35.9193 28
    endloop
  endfacet
  facet normal 0.711565 0.666429 -0.222592
    outer loop
      vertex 38.8786 34.0956 32
      vertex 38.1916 33.4931 28
      vertex 35.9193 35.9193 28
    endloop
  endfacet
  facet normal 0.722154 0.676358 -0.145026
    outer loop
      vertex 36.9802 36.9802 36
      vertex 39.3196 34.4824 36
      vertex 36.5654 36.5654 32
    endloop
  endfacet
  facet normal 0.722151 0.676363 -0.145021
    outer loop
      vertex 39.3196 34.4824 36
      vertex 38.8786 34.0956 32
      vertex 36.5654 36.5654 32
    endloop
  endfacet
  facet normal 0.728926 0.682732 -0.0504315
    outer loop
      vertex 37.1231 37.1231 40
      vertex 39.4716 34.6157 40
      vertex 36.9802 36.9802 36
    endloop
  endfacet
  facet normal 0.728941 0.682715 -0.0504512
    outer loop
      vertex 39.4716 34.6157 40
      vertex 39.3196 34.4824 36
      vertex 36.9802 36.9802 36
    endloop
  endfacet
  facet normal 0.728942 0.682715 0.0504315
    outer loop
      vertex 39.3196 34.4824 44
      vertex 37.1231 37.1231 40
      vertex 36.9802 36.9802 44
    endloop
  endfacet
  facet normal 0.728925 0.682732 0.0504512
    outer loop
      vertex 39.3196 34.4824 44
      vertex 39.4716 34.6157 40
      vertex 37.1231 37.1231 40
    endloop
  endfacet
  facet normal 0.722151 0.676362 0.145026
    outer loop
      vertex 38.8786 34.0956 48
      vertex 36.9802 36.9802 44
      vertex 36.5654 36.5654 48
    endloop
  endfacet
  facet normal 0.722155 0.676359 0.145021
    outer loop
      vertex 38.8786 34.0956 48
      vertex 39.3196 34.4824 44
      vertex 36.9802 36.9802 44
    endloop
  endfacet
  facet normal 0.711567 0.666431 0.222581
    outer loop
      vertex 38.1916 33.4931 52
      vertex 36.5654 36.5654 48
      vertex 35.9193 35.9193 52
    endloop
  endfacet
  facet normal 0.711556 0.666439 0.222592
    outer loop
      vertex 38.1916 33.4931 52
      vertex 38.8786 34.0956 48
      vertex 36.5654 36.5654 48
    endloop
  endfacet
  facet normal 0.701428 0.656938 0.276461
    outer loop
      vertex 37.326 32.734 56
      vertex 35.9193 35.9193 52
      vertex 35.1052 35.1052 56
    endloop
  endfacet
  facet normal 0.70143 0.656937 0.27646
    outer loop
      vertex 37.326 32.734 56
      vertex 38.1916 33.4931 52
      vertex 35.9193 35.9193 52
    endloop
  endfacet
  facet normal 0.695349 0.651294 0.303819
    outer loop
      vertex 35.407 31.0511 64
      vertex 35.1052 35.1052 56
      vertex 33.3003 33.3003 64
    endloop
  endfacet
  facet normal 0.695377 0.65127 0.303806
    outer loop
      vertex 35.407 31.0511 64
      vertex 37.326 32.734 56
      vertex 35.1052 35.1052 56
    endloop
  endfacet
  facet normal 0.7014 0.656968 0.276462
    outer loop
      vertex 34.5414 30.292 68
      vertex 33.3003 33.3003 64
      vertex 32.4862 32.4862 68
    endloop
  endfacet
  facet normal 0.701403 0.656965 0.276459
    outer loop
      vertex 34.5414 30.292 68
      vertex 35.407 31.0511 64
      vertex 33.3003 33.3003 64
    endloop
  endfacet
  facet normal 0.711548 0.666451 0.222581
    outer loop
      vertex 33.8544 29.6895 72
      vertex 32.4862 32.4862 68
      vertex 31.8401 31.8401 72
    endloop
  endfacet
  facet normal 0.711536 0.666461 0.222592
    outer loop
      vertex 33.8544 29.6895 72
      vertex 34.5414 30.292 68
      vertex 32.4862 32.4862 68
    endloop
  endfacet
  facet normal 0.722136 0.676378 0.145026
    outer loop
      vertex 33.4134 29.3027 76
      vertex 31.8401 31.8401 72
      vertex 31.4253 31.4253 76
    endloop
  endfacet
  facet normal 0.722141 0.676373 0.145021
    outer loop
      vertex 33.4134 29.3027 76
      vertex 33.8544 29.6895 72
      vertex 31.8401 31.8401 72
    endloop
  endfacet
  facet normal 0.728926 0.682732 0.0504315
    outer loop
      vertex 33.2614 29.1695 80
      vertex 31.4253 31.4253 76
      vertex 31.2824 31.2824 80
    endloop
  endfacet
  facet normal 0.728924 0.682735 0.0504342
    outer loop
      vertex 33.2614 29.1695 80
      vertex 33.4134 29.3027 76
      vertex 31.4253 31.4253 76
    endloop
  endfacet
  facet normal -0.729855 -0.683602 0
    outer loop
      vertex 33.2614 29.1695 0
      vertex 31.2824 31.2824 80
      vertex 31.2824 31.2824 0
    endloop
  endfacet
  facet normal -0.729855 -0.683602 0
    outer loop
      vertex 31.2824 31.2824 80
      vertex 33.2614 29.1695 0
      vertex 33.2614 29.1695 80
    endloop
  endfacet
  facet normal 0.728924 0.682735 -0.0504315
    outer loop
      vertex 31.4253 31.4253 4
      vertex 33.4134 29.3027 4
      vertex 31.2824 31.2824 0
    endloop
  endfacet
  facet normal 0.728926 0.682732 -0.0504342
    outer loop
      vertex 33.4134 29.3027 4
      vertex 33.2614 29.1695 0
      vertex 31.2824 31.2824 0
    endloop
  endfacet
  facet normal 0.764832 0.627695 -0.145021
    outer loop
      vertex 33.8544 29.6895 8
      vertex 35.7237 27.4118 8
      vertex 33.4134 29.3027 4
    endloop
  endfacet
  facet normal 0.764848 0.627671 -0.145041
    outer loop
      vertex 35.7237 27.4118 8
      vertex 35.2583 27.0546 4
      vertex 33.4134 29.3027 4
    endloop
  endfacet
  facet normal 0.753626 0.618466 -0.222592
    outer loop
      vertex 34.5414 30.292 12
      vertex 36.4486 27.968 12
      vertex 33.8544 29.6895 8
    endloop
  endfacet
  facet normal 0.753614 0.618488 -0.222574
    outer loop
      vertex 36.4486 27.968 12
      vertex 35.7237 27.4118 8
      vertex 33.8544 29.6895 8
    endloop
  endfacet
  facet normal 0.742886 0.609664 -0.27646
    outer loop
      vertex 35.407 31.0511 16
      vertex 37.362 28.6689 16
      vertex 34.5414 30.292 12
    endloop
  endfacet
  facet normal 0.74289 0.609656 -0.276466
    outer loop
      vertex 37.362 28.6689 16
      vertex 36.4486 27.968 12
      vertex 34.5414 30.292 12
    endloop
  endfacet
  facet normal 0.736469 0.604413 -0.303806
    outer loop
      vertex 37.326 32.734 24
      vertex 39.387 30.2227 24
      vertex 35.407 31.0511 16
    endloop
  endfacet
  facet normal 0.736475 0.604403 -0.303811
    outer loop
      vertex 39.387 30.2227 24
      vertex 37.362 28.6689 16
      vertex 35.407 31.0511 16
    endloop
  endfacet
  facet normal 0.742873 0.609679 -0.27646
    outer loop
      vertex 38.1916 33.4931 28
      vertex 40.3004 30.9236 28
      vertex 37.326 32.734 24
    endloop
  endfacet
  facet normal 0.742877 0.609672 -0.276466
    outer loop
      vertex 40.3004 30.9236 28
      vertex 39.387 30.2227 24
      vertex 37.326 32.734 24
    endloop
  endfacet
  facet normal 0.753621 0.618472 -0.222592
    outer loop
      vertex 38.8786 34.0956 32
      vertex 41.0253 31.4798 32
      vertex 38.1916 33.4931 28
    endloop
  endfacet
  facet normal 0.753611 0.618492 -0.222574
    outer loop
      vertex 41.0253 31.4798 32
      vertex 40.3004 30.9236 28
      vertex 38.1916 33.4931 28
    endloop
  endfacet
  facet normal 0.764839 0.627686 -0.145021
    outer loop
      vertex 39.3196 34.4824 36
      vertex 41.4907 31.8369 36
      vertex 38.8786 34.0956 32
    endloop
  endfacet
  facet normal 0.764843 0.627681 -0.145026
    outer loop
      vertex 41.4907 31.8369 36
      vertex 41.0253 31.4798 32
      vertex 38.8786 34.0956 32
    endloop
  endfacet
  facet normal 0.772023 0.633589 -0.0504512
    outer loop
      vertex 39.4716 34.6157 40
      vertex 41.6511 31.96 40
      vertex 39.3196 34.4824 36
    endloop
  endfacet
  facet normal 0.772027 0.633584 -0.0504568
    outer loop
      vertex 41.6511 31.96 40
      vertex 41.4907 31.8369 36
      vertex 39.3196 34.4824 36
    endloop
  endfacet
  facet normal 0.772027 0.633584 0.0504512
    outer loop
      vertex 41.4907 31.8369 44
      vertex 39.4716 34.6157 40
      vertex 39.3196 34.4824 44
    endloop
  endfacet
  facet normal 0.772022 0.633589 0.0504568
    outer loop
      vertex 41.4907 31.8369 44
      vertex 41.6511 31.96 40
      vertex 39.4716 34.6157 40
    endloop
  endfacet
  facet normal 0.764843 0.627681 0.145021
    outer loop
      vertex 41.0253 31.4798 48
      vertex 39.3196 34.4824 44
      vertex 38.8786 34.0956 48
    endloop
  endfacet
  facet normal 0.764839 0.627685 0.145026
    outer loop
      vertex 41.0253 31.4798 48
      vertex 41.4907 31.8369 44
      vertex 39.3196 34.4824 44
    endloop
  endfacet
  facet normal 0.753607 0.618489 0.222592
    outer loop
      vertex 40.3004 30.9236 52
      vertex 38.8786 34.0956 48
      vertex 38.1916 33.4931 52
    endloop
  endfacet
  facet normal 0.753624 0.618475 0.222574
    outer loop
      vertex 40.3004 30.9236 52
      vertex 41.0253 31.4798 48
      vertex 38.8786 34.0956 48
    endloop
  endfacet
  facet normal 0.742879 0.609673 0.27646
    outer loop
      vertex 39.387 30.2227 56
      vertex 38.1916 33.4931 52
      vertex 37.326 32.734 56
    endloop
  endfacet
  facet normal 0.742872 0.609678 0.276466
    outer loop
      vertex 39.387 30.2227 56
      vertex 40.3004 30.9236 52
      vertex 38.1916 33.4931 52
    endloop
  endfacet
  facet normal 0.736476 0.604404 0.303806
    outer loop
      vertex 37.362 28.6689 64
      vertex 37.326 32.734 56
      vertex 35.407 31.0511 64
    endloop
  endfacet
  facet normal 0.736468 0.604412 0.30381
    outer loop
      vertex 37.362 28.6689 64
      vertex 39.387 30.2227 56
      vertex 37.326 32.734 56
    endloop
  endfacet
  facet normal 0.742892 0.609657 0.276459
    outer loop
      vertex 36.4486 27.968 68
      vertex 35.407 31.0511 64
      vertex 34.5414 30.292 68
    endloop
  endfacet
  facet normal 0.742885 0.609663 0.276466
    outer loop
      vertex 36.4486 27.968 68
      vertex 37.362 28.6689 64
      vertex 35.407 31.0511 64
    endloop
  endfacet
  facet normal 0.75361 0.618485 0.222592
    outer loop
      vertex 35.7237 27.4118 72
      vertex 34.5414 30.292 68
      vertex 33.8544 29.6895 72
    endloop
  endfacet
  facet normal 0.753629 0.618469 0.222575
    outer loop
      vertex 35.7237 27.4118 72
      vertex 36.4486 27.968 68
      vertex 34.5414 30.292 68
    endloop
  endfacet
  facet normal 0.76485 0.627673 0.145021
    outer loop
      vertex 35.2583 27.0546 76
      vertex 33.8544 29.6895 72
      vertex 33.4134 29.3027 76
    endloop
  endfacet
  facet normal 0.76483 0.627693 0.145041
    outer loop
      vertex 35.2583 27.0546 76
      vertex 35.7237 27.4118 72
      vertex 33.8544 29.6895 72
    endloop
  endfacet
  facet normal 0.772043 0.633566 0.0504354
    outer loop
      vertex 35.0979 26.9316 80
      vertex 33.4134 29.3027 76
      vertex 33.2614 29.1695 80
    endloop
  endfacet
  facet normal 0.772038 0.633572 0.0504411
    outer loop
      vertex 35.0979 26.9316 80
      vertex 35.2583 27.0546 76
      vertex 33.4134 29.3027 76
    endloop
  endfacet
  facet normal -0.773027 -0.634373 0
    outer loop
      vertex 35.0979 26.9316 0
      vertex 33.2614 29.1695 80
      vertex 33.2614 29.1695 0
    endloop
  endfacet
  facet normal -0.773027 -0.634373 0
    outer loop
      vertex 33.2614 29.1695 80
      vertex 35.0979 26.9316 0
      vertex 35.0979 26.9316 80
    endloop
  endfacet
  facet normal 0.772038 0.633572 -0.0504354
    outer loop
      vertex 33.4134 29.3027 4
      vertex 35.2583 27.0546 4
      vertex 33.2614 29.1695 0
    endloop
  endfacet
  facet normal 0.772043 0.633566 -0.0504411
    outer loop
      vertex 35.2583 27.0546 4
      vertex 35.0979 26.9316 0
      vertex 33.2614 29.1695 0
    endloop
  endfacet
  facet normal 0.804264 0.576302 -0.14504
    outer loop
      vertex 35.7237 27.4118 8
      vertex 37.44 25.0166 8
      vertex 35.2583 27.0546 4
    endloop
  endfacet
  facet normal 0.804246 0.576333 -0.145014
    outer loop
      vertex 37.44 25.0166 8
      vertex 36.9523 24.6907 4
      vertex 35.2583 27.0546 4
    endloop
  endfacet
  facet normal 0.792462 0.56786 -0.222575
    outer loop
      vertex 36.4486 27.968 12
      vertex 38.1997 25.5243 12
      vertex 35.7237 27.4118 8
    endloop
  endfacet
  facet normal 0.792467 0.567849 -0.222584
    outer loop
      vertex 38.1997 25.5243 12
      vertex 37.44 25.0166 8
      vertex 35.7237 27.4118 8
    endloop
  endfacet
  facet normal 0.781174 0.559763 -0.276465
    outer loop
      vertex 37.362 28.6689 16
      vertex 39.157 26.1639 16
      vertex 36.4486 27.968 12
    endloop
  endfacet
  facet normal 0.781171 0.559769 -0.276461
    outer loop
      vertex 39.157 26.1639 16
      vertex 38.1997 25.5243 12
      vertex 36.4486 27.968 12
    endloop
  endfacet
  facet normal 0.774425 0.554946 -0.303811
    outer loop
      vertex 39.387 30.2227 24
      vertex 41.2793 27.582 24
      vertex 37.362 28.6689 16
    endloop
  endfacet
  facet normal 0.774432 0.554933 -0.303816
    outer loop
      vertex 41.2793 27.582 24
      vertex 39.157 26.1639 16
      vertex 37.362 28.6689 16
    endloop
  endfacet
  facet normal 0.781169 0.55977 -0.276466
    outer loop
      vertex 40.3004 30.9236 28
      vertex 42.2366 28.2216 28
      vertex 39.387 30.2227 24
    endloop
  endfacet
  facet normal 0.781166 0.559776 -0.276461
    outer loop
      vertex 42.2366 28.2216 28
      vertex 41.2793 27.582 24
      vertex 39.387 30.2227 24
    endloop
  endfacet
  facet normal 0.792464 0.567857 -0.222575
    outer loop
      vertex 41.0253 31.4798 32
      vertex 42.9963 28.7292 32
      vertex 40.3004 30.9236 28
    endloop
  endfacet
  facet normal 0.792461 0.567862 -0.22257
    outer loop
      vertex 42.9963 28.7292 32
      vertex 42.2366 28.2216 28
      vertex 40.3004 30.9236 28
    endloop
  endfacet
  facet normal 0.804254 0.576318 -0.145026
    outer loop
      vertex 41.4907 31.8369 36
      vertex 43.4841 29.0551 36
      vertex 41.0253 31.4798 32
    endloop
  endfacet
  facet normal 0.804259 0.576309 -0.145034
    outer loop
      vertex 43.4841 29.0551 36
      vertex 42.9963 28.7292 32
      vertex 41.0253 31.4798 32
    endloop
  endfacet
  facet normal 0.811818 0.581726 -0.0504565
    outer loop
      vertex 41.6511 31.96 40
      vertex 43.6522 29.1674 40
      vertex 41.4907 31.8369 36
    endloop
  endfacet
  facet normal 0.811813 0.581734 -0.0504486
    outer loop
      vertex 43.6522 29.1674 40
      vertex 43.4841 29.0551 36
      vertex 41.4907 31.8369 36
    endloop
  endfacet
  facet normal 0.811813 0.581734 0.0504565
    outer loop
      vertex 43.4841 29.0551 44
      vertex 41.6511 31.96 40
      vertex 41.4907 31.8369 44
    endloop
  endfacet
  facet normal 0.811818 0.581727 0.0504486
    outer loop
      vertex 43.4841 29.0551 44
      vertex 43.6522 29.1674 40
      vertex 41.6511 31.96 40
    endloop
  endfacet
  facet normal 0.80426 0.57631 0.145026
    outer loop
      vertex 42.9963 28.7292 48
      vertex 41.4907 31.8369 44
      vertex 41.0253 31.4798 48
    endloop
  endfacet
  facet normal 0.804253 0.576317 0.145034
    outer loop
      vertex 42.9963 28.7292 48
      vertex 43.4841 29.0551 44
      vertex 41.4907 31.8369 44
    endloop
  endfacet
  facet normal 0.792461 0.567862 0.222575
    outer loop
      vertex 42.2366 28.2216 52
      vertex 41.0253 31.4798 48
      vertex 40.3004 30.9236 52
    endloop
  endfacet
  facet normal 0.792465 0.567857 0.22257
    outer loop
      vertex 42.2366 28.2216 52
      vertex 42.9963 28.7292 48
      vertex 41.0253 31.4798 48
    endloop
  endfacet
  facet normal 0.781165 0.559775 0.276466
    outer loop
      vertex 41.2793 27.582 56
      vertex 40.3004 30.9236 52
      vertex 39.387 30.2227 56
    endloop
  endfacet
  facet normal 0.78117 0.559771 0.276461
    outer loop
      vertex 41.2793 27.582 56
      vertex 42.2366 28.2216 52
      vertex 40.3004 30.9236 52
    endloop
  endfacet
  facet normal 0.774434 0.554934 0.303811
    outer loop
      vertex 39.157 26.1639 64
      vertex 39.387 30.2227 56
      vertex 37.362 28.6689 64
    endloop
  endfacet
  facet normal 0.774424 0.554945 0.303816
    outer loop
      vertex 41.2793 27.582 56
      vertex 39.387 30.2227 56
      vertex 39.157 26.1639 64
    endloop
  endfacet
  facet normal 0.78117 0.559768 0.276466
    outer loop
      vertex 38.1997 25.5243 68
      vertex 37.362 28.6689 64
      vertex 36.4486 27.968 68
    endloop
  endfacet
  facet normal 0.781175 0.559764 0.276461
    outer loop
      vertex 38.1997 25.5243 68
      vertex 39.157 26.1639 64
      vertex 37.362 28.6689 64
    endloop
  endfacet
  facet normal 0.792469 0.56785 0.222575
    outer loop
      vertex 37.44 25.0166 72
      vertex 36.4486 27.968 68
      vertex 35.7237 27.4118 72
    endloop
  endfacet
  facet normal 0.79246 0.567859 0.222583
    outer loop
      vertex 37.44 25.0166 72
      vertex 38.1997 25.5243 68
      vertex 36.4486 27.968 68
    endloop
  endfacet
  facet normal 0.804243 0.57633 0.14504
    outer loop
      vertex 36.9523 24.6907 76
      vertex 35.7237 27.4118 72
      vertex 35.2583 27.0546 76
    endloop
  endfacet
  facet normal 0.804267 0.576304 0.145015
    outer loop
      vertex 36.9523 24.6907 76
      vertex 37.44 25.0166 72
      vertex 35.7237 27.4118 72
    endloop
  endfacet
  facet normal 0.811809 0.581741 0.0504421
    outer loop
      vertex 36.7842 24.5784 80
      vertex 35.2583 27.0546 76
      vertex 35.0979 26.9316 80
    endloop
  endfacet
  facet normal 0.811803 0.581748 0.0504486
    outer loop
      vertex 36.7842 24.5784 80
      vertex 36.9523 24.6907 76
      vertex 35.2583 27.0546 76
    endloop
  endfacet
  facet normal -0.812843 -0.582482 0
    outer loop
      vertex 36.7842 24.5784 0
      vertex 35.0979 26.9316 80
      vertex 35.0979 26.9316 0
    endloop
  endfacet
  facet normal -0.812843 -0.582482 0
    outer loop
      vertex 35.0979 26.9316 80
      vertex 36.7842 24.5784 0
      vertex 36.7842 24.5784 80
    endloop
  endfacet
  facet normal 0.811803 0.581748 -0.0504421
    outer loop
      vertex 35.2583 27.0546 4
      vertex 36.9523 24.6907 4
      vertex 35.0979 26.9316 0
    endloop
  endfacet
  facet normal 0.811808 0.581741 -0.0504486
    outer loop
      vertex 36.9523 24.6907 4
      vertex 36.7842 24.5784 0
      vertex 35.0979 26.9316 0
    endloop
  endfacet
  facet normal 0.840221 0.522494 -0.145014
    outer loop
      vertex 37.44 25.0166 8
      vertex 38.996 22.5144 8
      vertex 36.9523 24.6907 4
    endloop
  endfacet
  facet normal 0.840224 0.522487 -0.14502
    outer loop
      vertex 38.996 22.5144 8
      vertex 38.488 22.2211 4
      vertex 36.9523 24.6907 4
    endloop
  endfacet
  facet normal 0.827902 0.514816 -0.222582
    outer loop
      vertex 38.1997 25.5243 12
      vertex 39.7873 22.9712 12
      vertex 37.44 25.0166 8
    endloop
  endfacet
  facet normal 0.827896 0.51483 -0.222572
    outer loop
      vertex 39.7873 22.9712 12
      vertex 38.996 22.5144 8
      vertex 37.44 25.0166 8
    endloop
  endfacet
  facet normal 0.816098 0.507496 -0.276461
    outer loop
      vertex 39.157 26.1639 16
      vertex 40.7844 23.5469 16
      vertex 38.1997 25.5243 12
    endloop
  endfacet
  facet normal 0.816104 0.50748 -0.276473
    outer loop
      vertex 40.7844 23.5469 16
      vertex 39.7873 22.9712 12
      vertex 38.1997 25.5243 12
    endloop
  endfacet
  facet normal 0.80906 0.503108 -0.303816
    outer loop
      vertex 41.2793 27.582 24
      vertex 42.9949 24.8231 24
      vertex 39.157 26.1639 16
    endloop
  endfacet
  facet normal 0.809056 0.503117 -0.303812
    outer loop
      vertex 42.9949 24.8231 24
      vertex 40.7844 23.5469 16
      vertex 39.157 26.1639 16
    endloop
  endfacet
  facet normal 0.816095 0.507501 -0.276461
    outer loop
      vertex 42.2366 28.2216 28
      vertex 43.992 25.3988 28
      vertex 41.2793 27.582 24
    endloop
  endfacet
  facet normal 0.816101 0.507486 -0.276473
    outer loop
      vertex 43.992 25.3988 28
      vertex 42.9949 24.8231 24
      vertex 41.2793 27.582 24
    endloop
  endfacet
  facet normal 0.827904 0.514818 -0.22257
    outer loop
      vertex 42.9963 28.7292 32
      vertex 44.7832 25.8556 32
      vertex 42.2366 28.2216 28
    endloop
  endfacet
  facet normal 0.827896 0.514839 -0.222552
    outer loop
      vertex 44.7832 25.8556 32
      vertex 43.992 25.3988 28
      vertex 42.2366 28.2216 28
    endloop
  endfacet
  facet normal 0.840222 0.522486 -0.145035
    outer loop
      vertex 43.4841 29.0551 36
      vertex 45.2913 26.1489 36
      vertex 42.9963 28.7292 32
    endloop
  endfacet
  facet normal 0.840225 0.52248 -0.14504
    outer loop
      vertex 45.2913 26.1489 36
      vertex 44.7832 25.8556 32
      vertex 42.9963 28.7292 32
    endloop
  endfacet
  facet normal 0.848128 0.527384 -0.0504489
    outer loop
      vertex 43.6522 29.1674 40
      vertex 45.4663 26.25 40
      vertex 43.4841 29.0551 36
    endloop
  endfacet
  facet normal 0.84812 0.527398 -0.0504352
    outer loop
      vertex 45.4663 26.25 40
      vertex 45.2913 26.1489 36
      vertex 43.4841 29.0551 36
    endloop
  endfacet
  facet normal 0.84812 0.527397 0.0504489
    outer loop
      vertex 45.2913 26.1489 44
      vertex 43.6522 29.1674 40
      vertex 43.4841 29.0551 44
    endloop
  endfacet
  facet normal 0.848129 0.527384 0.0504353
    outer loop
      vertex 45.2913 26.1489 44
      vertex 45.4663 26.25 40
      vertex 43.6522 29.1674 40
    endloop
  endfacet
  facet normal 0.840226 0.52248 0.145035
    outer loop
      vertex 44.7832 25.8556 48
      vertex 43.4841 29.0551 44
      vertex 42.9963 28.7292 48
    endloop
  endfacet
  facet normal 0.840221 0.522486 0.14504
    outer loop
      vertex 44.7832 25.8556 48
      vertex 45.2913 26.1489 44
      vertex 43.4841 29.0551 44
    endloop
  endfacet
  facet normal 0.827892 0.514837 0.22257
    outer loop
      vertex 43.992 25.3988 52
      vertex 42.9963 28.7292 48
      vertex 42.2366 28.2216 52
    endloop
  endfacet
  facet normal 0.827907 0.51482 0.222553
    outer loop
      vertex 43.992 25.3988 52
      vertex 44.7832 25.8556 48
      vertex 42.9963 28.7292 48
    endloop
  endfacet
  facet normal 0.816104 0.507488 0.276461
    outer loop
      vertex 42.9949 24.8231 56
      vertex 42.2366 28.2216 52
      vertex 41.2793 27.582 56
    endloop
  endfacet
  facet normal 0.816093 0.507499 0.276473
    outer loop
      vertex 42.9949 24.8231 56
      vertex 43.992 25.3988 52
      vertex 42.2366 28.2216 52
    endloop
  endfacet
  facet normal 0.809055 0.503116 0.303816
    outer loop
      vertex 40.7844 23.5469 64
      vertex 41.2793 27.582 56
      vertex 39.157 26.1639 64
    endloop
  endfacet
  facet normal 0.809061 0.503108 0.303812
    outer loop
      vertex 42.9949 24.8231 56
      vertex 41.2793 27.582 56
      vertex 40.7844 23.5469 64
    endloop
  endfacet
  facet normal 0.816107 0.507482 0.276461
    outer loop
      vertex 39.7873 22.9712 68
      vertex 39.157 26.1639 64
      vertex 38.1997 25.5243 68
    endloop
  endfacet
  facet normal 0.816095 0.507495 0.276473
    outer loop
      vertex 39.7873 22.9712 68
      vertex 40.7844 23.5469 64
      vertex 39.157 26.1639 64
    endloop
  endfacet
  facet normal 0.827894 0.514828 0.222582
    outer loop
      vertex 38.996 22.5144 72
      vertex 38.1997 25.5243 68
      vertex 37.44 25.0166 72
    endloop
  endfacet
  facet normal 0.827904 0.514817 0.222572
    outer loop
      vertex 38.996 22.5144 72
      vertex 39.7873 22.9712 68
      vertex 38.1997 25.5243 68
    endloop
  endfacet
  facet normal 0.840225 0.522487 0.145014
    outer loop
      vertex 38.488 22.2211 76
      vertex 37.44 25.0166 72
      vertex 36.9523 24.6907 76
    endloop
  endfacet
  facet normal 0.84022 0.522493 0.14502
    outer loop
      vertex 38.488 22.2211 76
      vertex 38.996 22.5144 72
      vertex 37.44 25.0166 72
    endloop
  endfacet
  facet normal 0.84811 0.527413 0.0504489
    outer loop
      vertex 38.313 22.12 80
      vertex 36.9523 24.6907 76
      vertex 36.7842 24.5784 80
    endloop
  endfacet
  facet normal 0.848121 0.527397 0.0504352
    outer loop
      vertex 38.313 22.12 80
      vertex 38.488 22.2211 76
      vertex 36.9523 24.6907 76
    endloop
  endfacet
  facet normal -0.849192 -0.528085 0
    outer loop
      vertex 38.313 22.12 0
      vertex 36.7842 24.5784 80
      vertex 36.7842 24.5784 0
    endloop
  endfacet
  facet normal -0.849192 -0.528085 0
    outer loop
      vertex 36.7842 24.5784 80
      vertex 38.313 22.12 0
      vertex 38.313 22.12 80
    endloop
  endfacet
  facet normal 0.84812 0.527396 -0.0504489
    outer loop
      vertex 36.9523 24.6907 4
      vertex 38.488 22.2211 4
      vertex 36.7842 24.5784 0
    endloop
  endfacet
  facet normal 0.848111 0.527413 -0.0504352
    outer loop
      vertex 38.488 22.2211 4
      vertex 38.313 22.12 0
      vertex 36.7842 24.5784 0
    endloop
  endfacet
  facet normal 0.872589 0.466431 -0.14502
    outer loop
      vertex 38.996 22.5144 8
      vertex 40.3851 19.9157 8
      vertex 38.488 22.2211 4
    endloop
  endfacet
  facet normal 0.872604 0.466394 -0.145048
    outer loop
      vertex 40.3851 19.9157 8
      vertex 39.8589 19.6562 4
      vertex 38.488 22.2211 4
    endloop
  endfacet
  facet normal 0.8598 0.459572 -0.222573
    outer loop
      vertex 39.7873 22.9712 12
      vertex 41.2045 20.3198 12
      vertex 38.996 22.5144 8
    endloop
  endfacet
  facet normal 0.859793 0.459591 -0.222559
    outer loop
      vertex 41.2045 20.3198 12
      vertex 40.3851 19.9157 8
      vertex 38.996 22.5144 8
    endloop
  endfacet
  facet normal 0.847552 0.453011 -0.276473
    outer loop
      vertex 40.7844 23.5469 16
      vertex 42.2371 20.829 16
      vertex 39.7873 22.9712 12
    endloop
  endfacet
  facet normal 0.847548 0.453023 -0.276464
    outer loop
      vertex 42.2371 20.829 16
      vertex 41.2045 20.3198 12
      vertex 39.7873 22.9712 12
    endloop
  endfacet
  facet normal 0.840238 0.449108 -0.303812
    outer loop
      vertex 42.9949 24.8231 24
      vertex 44.5263 21.958 24
      vertex 40.7844 23.5469 16
    endloop
  endfacet
  facet normal 0.84024 0.449103 -0.303814
    outer loop
      vertex 44.5263 21.958 24
      vertex 42.2371 20.829 16
      vertex 40.7844 23.5469 16
    endloop
  endfacet
  facet normal 0.847554 0.453006 -0.276473
    outer loop
      vertex 43.992 25.3988 28
      vertex 45.5589 22.4672 28
      vertex 42.9949 24.8231 24
    endloop
  endfacet
  facet normal 0.847551 0.453017 -0.276464
    outer loop
      vertex 45.5589 22.4672 28
      vertex 44.5263 21.958 24
      vertex 42.9949 24.8231 24
    endloop
  endfacet
  facet normal 0.859796 0.459588 -0.222553
    outer loop
      vertex 44.7832 25.8556 32
      vertex 46.3784 22.8713 32
      vertex 43.992 25.3988 28
    endloop
  endfacet
  facet normal 0.859807 0.459555 -0.222579
    outer loop
      vertex 46.3784 22.8713 32
      vertex 45.5589 22.4672 28
      vertex 43.992 25.3988 28
    endloop
  endfacet
  facet normal 0.872603 0.466398 -0.145041
    outer loop
      vertex 45.2913 26.1489 36
      vertex 46.9045 23.1307 36
      vertex 44.7832 25.8556 32
    endloop
  endfacet
  facet normal 0.872592 0.466427 -0.145015
    outer loop
      vertex 46.9045 23.1307 36
      vertex 46.3784 22.8713 32
      vertex 44.7832 25.8556 32
    endloop
  endfacet
  facet normal 0.880794 0.470805 -0.0504344
    outer loop
      vertex 45.4663 26.25 40
      vertex 47.0858 23.2202 40
      vertex 45.2913 26.1489 36
    endloop
  endfacet
  facet normal 0.880805 0.470782 -0.0504563
    outer loop
      vertex 47.0858 23.2202 40
      vertex 46.9045 23.1307 36
      vertex 45.2913 26.1489 36
    endloop
  endfacet
  facet normal 0.880806 0.470783 0.0504343
    outer loop
      vertex 46.9045 23.1307 44
      vertex 45.4663 26.25 40
      vertex 45.2913 26.1489 44
    endloop
  endfacet
  facet normal 0.880793 0.470805 0.0504562
    outer loop
      vertex 46.9045 23.1307 44
      vertex 47.0858 23.2202 40
      vertex 45.4663 26.25 40
    endloop
  endfacet
  facet normal 0.872588 0.466425 0.145041
    outer loop
      vertex 46.3784 22.8713 48
      vertex 45.2913 26.1489 44
      vertex 44.7832 25.8556 48
    endloop
  endfacet
  facet normal 0.872606 0.4664 0.145016
    outer loop
      vertex 46.3784 22.8713 48
      vertex 46.9045 23.1307 44
      vertex 45.2913 26.1489 44
    endloop
  endfacet
  facet normal 0.859812 0.459558 0.222552
    outer loop
      vertex 45.5589 22.4672 52
      vertex 44.7832 25.8556 48
      vertex 43.992 25.3988 52
    endloop
  endfacet
  facet normal 0.859791 0.459585 0.222579
    outer loop
      vertex 45.5589 22.4672 52
      vertex 46.3784 22.8713 48
      vertex 44.7832 25.8556 48
    endloop
  endfacet
  facet normal 0.847549 0.453016 0.276473
    outer loop
      vertex 44.5263 21.958 56
      vertex 43.992 25.3988 52
      vertex 42.9949 24.8231 56
    endloop
  endfacet
  facet normal 0.847556 0.453007 0.276465
    outer loop
      vertex 44.5263 21.958 56
      vertex 45.5589 22.4672 52
      vertex 43.992 25.3988 52
    endloop
  endfacet
  facet normal 0.840241 0.449103 0.303812
    outer loop
      vertex 42.2371 20.829 64
      vertex 42.9949 24.8231 56
      vertex 40.7844 23.5469 64
    endloop
  endfacet
  facet normal 0.840237 0.449108 0.303814
    outer loop
      vertex 44.5263 21.958 56
      vertex 42.9949 24.8231 56
      vertex 42.2371 20.829 64
    endloop
  endfacet
  facet normal 0.847546 0.453022 0.276473
    outer loop
      vertex 41.2045 20.3198 68
      vertex 40.7844 23.5469 64
      vertex 39.7873 22.9712 68
    endloop
  endfacet
  facet normal 0.847554 0.453012 0.276464
    outer loop
      vertex 41.2045 20.3198 68
      vertex 42.2371 20.829 64
      vertex 40.7844 23.5469 64
    endloop
  endfacet
  facet normal 0.85979 0.459589 0.222573
    outer loop
      vertex 40.3851 19.9157 72
      vertex 39.7873 22.9712 68
      vertex 38.996 22.5144 72
    endloop
  endfacet
  facet normal 0.859802 0.459573 0.222559
    outer loop
      vertex 40.3851 19.9157 72
      vertex 41.2045 20.3198 68
      vertex 39.7873 22.9712 68
    endloop
  endfacet
  facet normal 0.872608 0.466396 0.14502
    outer loop
      vertex 39.8589 19.6562 76
      vertex 38.996 22.5144 72
      vertex 38.488 22.2211 76
    endloop
  endfacet
  facet normal 0.872585 0.466429 0.145048
    outer loop
      vertex 39.8589 19.6562 76
      vertex 40.3851 19.9157 72
      vertex 38.996 22.5144 72
    endloop
  endfacet
  facet normal 0.880815 0.470766 0.0504343
    outer loop
      vertex 39.6776 19.5668 80
      vertex 38.488 22.2211 76
      vertex 38.313 22.12 80
    endloop
  endfacet
  facet normal 0.880808 0.470779 0.0504445
    outer loop
      vertex 39.6776 19.5668 80
      vertex 39.8589 19.6562 76
      vertex 38.488 22.2211 76
    endloop
  endfacet
  facet normal -0.881938 -0.471366 0
    outer loop
      vertex 39.6776 19.5668 0
      vertex 38.313 22.12 80
      vertex 38.313 22.12 0
    endloop
  endfacet
  facet normal -0.881938 -0.471366 0
    outer loop
      vertex 38.313 22.12 80
      vertex 39.6776 19.5668 0
      vertex 39.6776 19.5668 80
    endloop
  endfacet
  facet normal 0.880809 0.470779 -0.0504343
    outer loop
      vertex 38.488 22.2211 4
      vertex 39.8589 19.6562 4
      vertex 38.313 22.12 0
    endloop
  endfacet
  facet normal 0.880815 0.470766 -0.0504446
    outer loop
      vertex 39.8589 19.6562 4
      vertex 39.6776 19.5668 0
      vertex 38.313 22.12 0
    endloop
  endfacet
  facet normal 0.901239 0.408326 -0.145048
    outer loop
      vertex 40.3851 19.9157 8
      vertex 41.6011 17.2318 8
      vertex 39.8589 19.6562 4
    endloop
  endfacet
  facet normal 0.901223 0.408373 -0.145013
    outer loop
      vertex 41.6011 17.2318 8
      vertex 41.0592 17.0073 4
      vertex 39.8589 19.6562 4
    endloop
  endfacet
  facet normal 0.888013 0.402369 -0.222559
    outer loop
      vertex 41.2045 20.3198 12
      vertex 42.4453 17.5814 12
      vertex 40.3851 19.9157 8
    endloop
  endfacet
  facet normal 0.888021 0.402338 -0.222581
    outer loop
      vertex 42.4453 17.5814 12
      vertex 41.6011 17.2318 8
      vertex 40.3851 19.9157 8
    endloop
  endfacet
  facet normal 0.875366 0.396612 -0.276465
    outer loop
      vertex 42.2371 20.829 16
      vertex 43.5089 18.022 16
      vertex 41.2045 20.3198 12
    endloop
  endfacet
  facet normal 0.875361 0.396636 -0.276448
    outer loop
      vertex 43.5089 18.022 16
      vertex 42.4453 17.5814 12
      vertex 41.2045 20.3198 12
    endloop
  endfacet
  facet normal 0.867808 0.3932 -0.303814
    outer loop
      vertex 44.5263 21.958 24
      vertex 45.8671 18.9988 24
      vertex 42.2371 20.829 16
    endloop
  endfacet
  facet normal 0.867812 0.393189 -0.303818
    outer loop
      vertex 45.8671 18.9988 24
      vertex 43.5089 18.022 16
      vertex 42.2371 20.829 16
    endloop
  endfacet
  facet normal 0.87536 0.396627 -0.276465
    outer loop
      vertex 45.5589 22.4672 28
      vertex 46.9308 19.4394 28
      vertex 44.5263 21.958 24
    endloop
  endfacet
  facet normal 0.875361 0.396622 -0.276468
    outer loop
      vertex 46.9308 19.4394 28
      vertex 45.8671 18.9988 24
      vertex 44.5263 21.958 24
    endloop
  endfacet
  facet normal 0.888022 0.402337 -0.22258
    outer loop
      vertex 46.3784 22.8713 32
      vertex 47.7749 19.789 32
      vertex 45.5589 22.4672 28
    endloop
  endfacet
  facet normal 0.888016 0.402361 -0.22256
    outer loop
      vertex 47.7749 19.789 32
      vertex 46.9308 19.4394 28
      vertex 45.5589 22.4672 28
    endloop
  endfacet
  facet normal 0.901234 0.408348 -0.145016
    outer loop
      vertex 46.9045 23.1307 36
      vertex 48.3169 20.0135 36
      vertex 46.3784 22.8713 32
    endloop
  endfacet
  facet normal 0.901241 0.408326 -0.145035
    outer loop
      vertex 48.3169 20.0135 36
      vertex 47.7749 19.789 32
      vertex 46.3784 22.8713 32
    endloop
  endfacet
  facet normal 0.9097 0.412189 -0.0504549
    outer loop
      vertex 47.0858 23.2202 40
      vertex 48.5037 20.0909 40
      vertex 46.9045 23.1307 36
    endloop
  endfacet
  facet normal 0.909702 0.412185 -0.0504589
    outer loop
      vertex 48.5037 20.0909 40
      vertex 48.3169 20.0135 36
      vertex 46.9045 23.1307 36
    endloop
  endfacet
  facet normal 0.909702 0.412185 0.0504549
    outer loop
      vertex 48.3169 20.0135 44
      vertex 47.0858 23.2202 40
      vertex 46.9045 23.1307 44
    endloop
  endfacet
  facet normal 0.9097 0.412189 0.0504588
    outer loop
      vertex 48.3169 20.0135 44
      vertex 48.5037 20.0909 40
      vertex 47.0858 23.2202 40
    endloop
  endfacet
  facet normal 0.901243 0.408327 0.145016
    outer loop
      vertex 47.7749 19.789 48
      vertex 46.9045 23.1307 44
      vertex 46.3784 22.8713 48
    endloop
  endfacet
  facet normal 0.901231 0.408347 0.145035
    outer loop
      vertex 47.7749 19.789 48
      vertex 48.3169 20.0135 44
      vertex 46.9045 23.1307 44
    endloop
  endfacet
  facet normal 0.888012 0.402359 0.22258
    outer loop
      vertex 46.9308 19.4394 52
      vertex 46.3784 22.8713 48
      vertex 45.5589 22.4672 52
    endloop
  endfacet
  facet normal 0.888026 0.402339 0.22256
    outer loop
      vertex 46.9308 19.4394 52
      vertex 47.7749 19.789 48
      vertex 46.3784 22.8713 48
    endloop
  endfacet
  facet normal 0.875362 0.396622 0.276465
    outer loop
      vertex 45.8671 18.9988 56
      vertex 45.5589 22.4672 52
      vertex 44.5263 21.958 56
    endloop
  endfacet
  facet normal 0.875359 0.396626 0.276468
    outer loop
      vertex 45.8671 18.9988 56
      vertex 46.9308 19.4394 52
      vertex 45.5589 22.4672 52
    endloop
  endfacet
  facet normal 0.867813 0.39319 0.303814
    outer loop
      vertex 43.5089 18.022 64
      vertex 44.5263 21.958 56
      vertex 42.2371 20.829 64
    endloop
  endfacet
  facet normal 0.867807 0.393199 0.303817
    outer loop
      vertex 45.8671 18.9988 56
      vertex 44.5263 21.958 56
      vertex 43.5089 18.022 64
    endloop
  endfacet
  facet normal 0.875356 0.396634 0.276465
    outer loop
      vertex 42.4453 17.5814 68
      vertex 42.2371 20.829 64
      vertex 41.2045 20.3198 68
    endloop
  endfacet
  facet normal 0.875371 0.396614 0.276448
    outer loop
      vertex 42.4453 17.5814 68
      vertex 43.5089 18.022 64
      vertex 42.2371 20.829 64
    endloop
  endfacet
  facet normal 0.888026 0.40234 0.222559
    outer loop
      vertex 41.6011 17.2318 72
      vertex 41.2045 20.3198 68
      vertex 40.3851 19.9157 72
    endloop
  endfacet
  facet normal 0.888008 0.402367 0.222581
    outer loop
      vertex 41.6011 17.2318 72
      vertex 42.4453 17.5814 68
      vertex 41.2045 20.3198 68
    endloop
  endfacet
  facet normal 0.901218 0.40837 0.145048
    outer loop
      vertex 41.0592 17.0073 76
      vertex 40.3851 19.9157 72
      vertex 39.8589 19.6562 76
    endloop
  endfacet
  facet normal 0.901243 0.408328 0.145013
    outer loop
      vertex 41.0592 17.0073 76
      vertex 41.6011 17.2318 72
      vertex 40.3851 19.9157 72
    endloop
  endfacet
  facet normal 0.909699 0.412192 0.0504446
    outer loop
      vertex 40.8724 16.9299 80
      vertex 39.8589 19.6562 76
      vertex 39.6776 19.5668 80
    endloop
  endfacet
  facet normal 0.909691 0.41221 0.0504588
    outer loop
      vertex 40.8724 16.9299 80
      vertex 41.0592 17.0073 76
      vertex 39.8589 19.6562 76
    endloop
  endfacet
  facet normal -0.910859 -0.412717 0
    outer loop
      vertex 40.8724 16.9299 0
      vertex 39.6776 19.5668 80
      vertex 39.6776 19.5668 0
    endloop
  endfacet
  facet normal -0.910859 -0.412717 0
    outer loop
      vertex 39.6776 19.5668 80
      vertex 40.8724 16.9299 0
      vertex 40.8724 16.9299 80
    endloop
  endfacet
  facet normal 0.909691 0.41221 -0.0504447
    outer loop
      vertex 39.8589 19.6562 4
      vertex 41.0592 17.0073 4
      vertex 39.6776 19.5668 0
    endloop
  endfacet
  facet normal 0.909699 0.412192 -0.0504588
    outer loop
      vertex 41.0592 17.0073 4
      vertex 40.8724 16.9299 0
      vertex 39.6776 19.5668 0
    endloop
  endfacet
  facet normal 0.926009 0.348538 -0.145013
    outer loop
      vertex 41.6011 17.2318 8
      vertex 42.6391 14.474 8
      vertex 41.0592 17.0073 4
    endloop
  endfacet
  facet normal 0.926013 0.348522 -0.145024
    outer loop
      vertex 42.6391 14.474 8
      vertex 42.0836 14.2855 4
      vertex 41.0592 17.0073 4
    endloop
  endfacet
  facet normal 0.912428 0.343413 -0.222582
    outer loop
      vertex 42.4453 17.5814 12
      vertex 43.5043 14.7677 12
      vertex 41.6011 17.2318 8
    endloop
  endfacet
  facet normal 0.912425 0.343425 -0.222574
    outer loop
      vertex 43.5043 14.7677 12
      vertex 42.6391 14.474 8
      vertex 41.6011 17.2318 8
    endloop
  endfacet
  facet normal 0.899426 0.33854 -0.276448
    outer loop
      vertex 43.5089 18.022 16
      vertex 44.5945 15.1378 16
      vertex 42.4453 17.5814 12
    endloop
  endfacet
  facet normal 0.899429 0.338521 -0.276461
    outer loop
      vertex 44.5945 15.1378 16
      vertex 43.5043 14.7677 12
      vertex 42.4453 17.5814 12
    endloop
  endfacet
  facet normal 0.891662 0.335609 -0.303818
    outer loop
      vertex 45.8671 18.9988 24
      vertex 47.0115 15.9583 24
      vertex 43.5089 18.022 16
    endloop
  endfacet
  facet normal 0.89166 0.335617 -0.303815
    outer loop
      vertex 47.0115 15.9583 24
      vertex 44.5945 15.1378 16
      vertex 43.5089 18.022 16
    endloop
  endfacet
  facet normal 0.899431 0.338512 -0.276468
    outer loop
      vertex 46.9308 19.4394 28
      vertex 48.1017 16.3283 28
      vertex 45.8671 18.9988 24
    endloop
  endfacet
  facet normal 0.899428 0.338531 -0.276453
    outer loop
      vertex 48.1017 16.3283 28
      vertex 47.0115 15.9583 24
      vertex 45.8671 18.9988 24
    endloop
  endfacet
  facet normal 0.91243 0.343422 -0.222561
    outer loop
      vertex 47.7749 19.789 32
      vertex 48.9669 16.622 32
      vertex 46.9308 19.4394 28
    endloop
  endfacet
  facet normal 0.912433 0.343405 -0.222574
    outer loop
      vertex 48.9669 16.622 32
      vertex 48.1017 16.3283 28
      vertex 46.9308 19.4394 28
    endloop
  endfacet
  facet normal 0.926009 0.348529 -0.145035
    outer loop
      vertex 48.3169 20.0135 36
      vertex 49.5224 16.8106 36
      vertex 47.7749 19.789 32
    endloop
  endfacet
  facet normal 0.926008 0.348532 -0.145033
    outer loop
      vertex 49.5224 16.8106 36
      vertex 48.9669 16.622 32
      vertex 47.7749 19.789 32
    endloop
  endfacet
  facet normal 0.934719 0.351788 -0.0504585
    outer loop
      vertex 48.5037 20.0909 40
      vertex 49.7138 16.8756 40
      vertex 48.3169 20.0135 36
    endloop
  endfacet
  facet normal 0.934713 0.351805 -0.0504429
    outer loop
      vertex 49.7138 16.8756 40
      vertex 49.5224 16.8106 36
      vertex 48.3169 20.0135 36
    endloop
  endfacet
  facet normal 0.934712 0.351805 0.0504585
    outer loop
      vertex 49.5224 16.8106 44
      vertex 48.5037 20.0909 40
      vertex 48.3169 20.0135 44
    endloop
  endfacet
  facet normal 0.93472 0.351788 0.0504429
    outer loop
      vertex 49.5224 16.8106 44
      vertex 49.7138 16.8756 40
      vertex 48.5037 20.0909 40
    endloop
  endfacet
  facet normal 0.926008 0.348532 0.145035
    outer loop
      vertex 48.9669 16.622 48
      vertex 48.3169 20.0135 44
      vertex 47.7749 19.789 48
    endloop
  endfacet
  facet normal 0.926009 0.348529 0.145033
    outer loop
      vertex 48.9669 16.622 48
      vertex 49.5224 16.8106 44
      vertex 48.3169 20.0135 44
    endloop
  endfacet
  facet normal 0.912436 0.343406 0.22256
    outer loop
      vertex 48.1017 16.3283 52
      vertex 47.7749 19.789 48
      vertex 46.9308 19.4394 52
    endloop
  endfacet
  facet normal 0.912427 0.343421 0.222574
    outer loop
      vertex 48.1017 16.3283 52
      vertex 48.9669 16.622 48
      vertex 47.7749 19.789 48
    endloop
  endfacet
  facet normal 0.899424 0.33853 0.276468
    outer loop
      vertex 47.0115 15.9583 56
      vertex 46.9308 19.4394 52
      vertex 45.8671 18.9988 56
    endloop
  endfacet
  facet normal 0.899435 0.338513 0.276453
    outer loop
      vertex 47.0115 15.9583 56
      vertex 48.1017 16.3283 52
      vertex 46.9308 19.4394 52
    endloop
  endfacet
  facet normal 0.891659 0.335617 0.303818
    outer loop
      vertex 44.5945 15.1378 64
      vertex 45.8671 18.9988 56
      vertex 43.5089 18.022 64
    endloop
  endfacet
  facet normal 0.891663 0.335609 0.303815
    outer loop
      vertex 47.0115 15.9583 56
      vertex 45.8671 18.9988 56
      vertex 44.5945 15.1378 64
    endloop
  endfacet
  facet normal 0.899433 0.338522 0.276447
    outer loop
      vertex 43.5043 14.7677 68
      vertex 43.5089 18.022 64
      vertex 42.4453 17.5814 68
    endloop
  endfacet
  facet normal 0.899423 0.338539 0.276461
    outer loop
      vertex 44.5945 15.1378 64
      vertex 43.5089 18.022 64
      vertex 43.5043 14.7677 68
    endloop
  endfacet
  facet normal 0.912424 0.343424 0.222582
    outer loop
      vertex 42.6391 14.474 72
      vertex 42.4453 17.5814 68
      vertex 41.6011 17.2318 72
    endloop
  endfacet
  facet normal 0.91243 0.343414 0.222574
    outer loop
      vertex 42.6391 14.474 72
      vertex 43.5043 14.7677 68
      vertex 42.4453 17.5814 68
    endloop
  endfacet
  facet normal 0.926015 0.348523 0.145013
    outer loop
      vertex 42.0836 14.2855 76
      vertex 41.6011 17.2318 72
      vertex 41.0592 17.0073 76
    endloop
  endfacet
  facet normal 0.926007 0.348537 0.145024
    outer loop
      vertex 42.0836 14.2855 76
      vertex 42.6391 14.474 72
      vertex 41.6011 17.2318 72
    endloop
  endfacet
  facet normal 0.934708 0.351818 0.0504585
    outer loop
      vertex 41.8922 14.2205 80
      vertex 41.0592 17.0073 76
      vertex 40.8724 16.9299 80
    endloop
  endfacet
  facet normal 0.934716 0.351798 0.0504429
    outer loop
      vertex 41.8922 14.2205 80
      vertex 42.0836 14.2855 76
      vertex 41.0592 17.0073 76
    endloop
  endfacet
  facet normal -0.9359 -0.352266 0
    outer loop
      vertex 41.8922 14.2205 0
      vertex 40.8724 16.9299 80
      vertex 40.8724 16.9299 0
    endloop
  endfacet
  facet normal -0.9359 -0.352266 0
    outer loop
      vertex 40.8724 16.9299 80
      vertex 41.8922 14.2205 0
      vertex 41.8922 14.2205 80
    endloop
  endfacet
  facet normal 0.934715 0.351797 -0.0504585
    outer loop
      vertex 41.0592 17.0073 4
      vertex 42.0836 14.2855 4
      vertex 40.8724 16.9299 0
    endloop
  endfacet
  facet normal 0.934708 0.351818 -0.0504428
    outer loop
      vertex 42.0836 14.2855 4
      vertex 41.8922 14.2205 0
      vertex 40.8724 16.9299 0
    endloop
  endfacet
  facet normal 0.946828 0.287201 -0.145025
    outer loop
      vertex 42.6391 14.474 8
      vertex 43.4944 11.6543 8
      vertex 42.0836 14.2855 4
    endloop
  endfacet
  facet normal 0.946826 0.287212 -0.145018
    outer loop
      vertex 43.4944 11.6543 8
      vertex 42.9278 11.5025 4
      vertex 42.0836 14.2855 4
    endloop
  endfacet
  facet normal 0.932936 0.283004 -0.222574
    outer loop
      vertex 43.5043 14.7677 12
      vertex 44.377 11.8908 12
      vertex 42.6391 14.474 8
    endloop
  endfacet
  facet normal 0.932938 0.282988 -0.222585
    outer loop
      vertex 44.377 11.8908 12
      vertex 43.4944 11.6543 8
      vertex 42.6391 14.474 8
    endloop
  endfacet
  facet normal 0.919641 0.27898 -0.276461
    outer loop
      vertex 44.5945 15.1378 16
      vertex 45.4891 12.1888 16
      vertex 43.5043 14.7677 12
    endloop
  endfacet
  facet normal 0.919642 0.278971 -0.276467
    outer loop
      vertex 45.4891 12.1888 16
      vertex 44.377 11.8908 12
      vertex 43.5043 14.7677 12
    endloop
  endfacet
  facet normal 0.911705 0.27657 -0.303815
    outer loop
      vertex 47.0115 15.9583 24
      vertex 47.9546 12.8494 24
      vertex 44.5945 15.1378 16
    endloop
  endfacet
  facet normal 0.911704 0.276572 -0.303814
    outer loop
      vertex 47.9546 12.8494 24
      vertex 45.4891 12.1888 16
      vertex 44.5945 15.1378 16
    endloop
  endfacet
  facet normal 0.919639 0.278994 -0.276454
    outer loop
      vertex 48.1017 16.3283 28
      vertex 49.0667 13.1474 28
      vertex 47.0115 15.9583 24
    endloop
  endfacet
  facet normal 0.91964 0.278977 -0.276467
    outer loop
      vertex 49.0667 13.1474 28
      vertex 47.9546 12.8494 24
      vertex 47.0115 15.9583 24
    endloop
  endfacet
  facet normal 0.932934 0.283012 -0.222574
    outer loop
      vertex 48.9669 16.622 32
      vertex 49.9492 13.3839 32
      vertex 48.1017 16.3283 28
    endloop
  endfacet
  facet normal 0.932932 0.283027 -0.222562
    outer loop
      vertex 49.9492 13.3839 32
      vertex 49.0667 13.1474 28
      vertex 48.1017 16.3283 28
    endloop
  endfacet
  facet normal 0.946825 0.287208 -0.145032
    outer loop
      vertex 49.5224 16.8106 36
      vertex 50.5158 13.5357 36
      vertex 48.9669 16.622 32
    endloop
  endfacet
  facet normal 0.946822 0.287225 -0.145018
    outer loop
      vertex 50.5158 13.5357 36
      vertex 49.9492 13.3839 32
      vertex 48.9669 16.622 32
    endloop
  endfacet
  facet normal 0.955721 0.28992 -0.0504424
    outer loop
      vertex 49.7138 16.8756 40
      vertex 50.7111 13.588 40
      vertex 49.5224 16.8106 36
    endloop
  endfacet
  facet normal 0.955724 0.289907 -0.0504538
    outer loop
      vertex 50.7111 13.588 40
      vertex 50.5158 13.5357 36
      vertex 49.5224 16.8106 36
    endloop
  endfacet
  facet normal 0.955725 0.289907 0.0504424
    outer loop
      vertex 50.5158 13.5357 44
      vertex 49.7138 16.8756 40
      vertex 49.5224 16.8106 44
    endloop
  endfacet
  facet normal 0.95572 0.28992 0.0504537
    outer loop
      vertex 50.5158 13.5357 44
      vertex 50.7111 13.588 40
      vertex 49.7138 16.8756 40
    endloop
  endfacet
  facet normal 0.94682 0.287224 0.145032
    outer loop
      vertex 49.9492 13.3839 48
      vertex 49.5224 16.8106 44
      vertex 48.9669 16.622 48
    endloop
  endfacet
  facet normal 0.946827 0.287208 0.145018
    outer loop
      vertex 49.9492 13.3839 48
      vertex 50.5158 13.5357 44
      vertex 49.5224 16.8106 44
    endloop
  endfacet
  facet normal 0.932929 0.283026 0.222574
    outer loop
      vertex 49.0667 13.1474 52
      vertex 48.9669 16.622 48
      vertex 48.1017 16.3283 52
    endloop
  endfacet
  facet normal 0.932936 0.283013 0.222562
    outer loop
      vertex 49.0667 13.1474 52
      vertex 49.9492 13.3839 48
      vertex 48.9669 16.622 48
    endloop
  endfacet
  facet normal 0.919643 0.278978 0.276454
    outer loop
      vertex 47.9546 12.8494 56
      vertex 48.1017 16.3283 52
      vertex 47.0115 15.9583 56
    endloop
  endfacet
  facet normal 0.919635 0.278993 0.276467
    outer loop
      vertex 49.0667 13.1474 52
      vertex 48.1017 16.3283 52
      vertex 47.9546 12.8494 56
    endloop
  endfacet
  facet normal 0.911704 0.276572 0.303815
    outer loop
      vertex 45.4891 12.1888 64
      vertex 47.0115 15.9583 56
      vertex 44.5945 15.1378 64
    endloop
  endfacet
  facet normal 0.911705 0.27657 0.303814
    outer loop
      vertex 47.9546 12.8494 56
      vertex 47.0115 15.9583 56
      vertex 45.4891 12.1888 64
    endloop
  endfacet
  facet normal 0.919644 0.278971 0.276461
    outer loop
      vertex 44.377 11.8908 68
      vertex 44.5945 15.1378 64
      vertex 43.5043 14.7677 68
    endloop
  endfacet
  facet normal 0.919639 0.278979 0.276467
    outer loop
      vertex 45.4891 12.1888 64
      vertex 44.5945 15.1378 64
      vertex 44.377 11.8908 68
    endloop
  endfacet
  facet normal 0.932941 0.282989 0.222574
    outer loop
      vertex 43.4944 11.6543 72
      vertex 43.5043 14.7677 68
      vertex 42.6391 14.474 72
    endloop
  endfacet
  facet normal 0.932934 0.283003 0.222584
    outer loop
      vertex 44.377 11.8908 68
      vertex 43.5043 14.7677 68
      vertex 43.4944 11.6543 72
    endloop
  endfacet
  facet normal 0.946825 0.287211 0.145025
    outer loop
      vertex 42.9278 11.5025 76
      vertex 42.6391 14.474 72
      vertex 42.0836 14.2855 76
    endloop
  endfacet
  facet normal 0.946829 0.287202 0.145018
    outer loop
      vertex 42.9278 11.5025 76
      vertex 43.4944 11.6543 72
      vertex 42.6391 14.474 72
    endloop
  endfacet
  facet normal 0.955728 0.289896 0.0504424
    outer loop
      vertex 42.7325 11.4502 80
      vertex 42.0836 14.2855 76
      vertex 41.8922 14.2205 80
    endloop
  endfacet
  facet normal 0.955723 0.289911 0.0504538
    outer loop
      vertex 42.7325 11.4502 80
      vertex 42.9278 11.5025 76
      vertex 42.0836 14.2855 76
    endloop
  endfacet
  facet normal -0.956946 -0.290265 0
    outer loop
      vertex 42.7325 11.4502 0
      vertex 41.8922 14.2205 80
      vertex 41.8922 14.2205 0
    endloop
  endfacet
  facet normal -0.956946 -0.290265 0
    outer loop
      vertex 41.8922 14.2205 80
      vertex 42.7325 11.4502 0
      vertex 42.7325 11.4502 80
    endloop
  endfacet
  facet normal 0.955723 0.289911 -0.0504424
    outer loop
      vertex 42.0836 14.2855 4
      vertex 42.9278 11.5025 4
      vertex 41.8922 14.2205 0
    endloop
  endfacet
  facet normal 0.955727 0.289896 -0.0504538
    outer loop
      vertex 42.9278 11.5025 4
      vertex 42.7325 11.4502 0
      vertex 41.8922 14.2205 0
    endloop
  endfacet
  facet normal 0.963582 0.224675 -0.145018
    outer loop
      vertex 43.4944 11.6543 8
      vertex 44.1635 8.78467 8
      vertex 42.9278 11.5025 4
    endloop
  endfacet
  facet normal 0.963582 0.224678 -0.145015
    outer loop
      vertex 44.1635 8.78467 8
      vertex 43.5882 8.67023 4
      vertex 42.9278 11.5025 4
    endloop
  endfacet
  facet normal 0.949445 0.221385 -0.222584
    outer loop
      vertex 44.377 11.8908 12
      vertex 45.0597 8.96293 12
      vertex 43.4944 11.6543 8
    endloop
  endfacet
  facet normal 0.949445 0.221378 -0.222589
    outer loop
      vertex 45.0597 8.96293 12
      vertex 44.1635 8.78467 8
      vertex 43.4944 11.6543 8
    endloop
  endfacet
  facet normal 0.935919 0.218226 -0.276467
    outer loop
      vertex 45.4891 12.1888 16
      vertex 46.1889 9.18753 16
      vertex 44.377 11.8908 12
    endloop
  endfacet
  facet normal 0.935918 0.218231 -0.276463
    outer loop
      vertex 46.1889 9.18753 16
      vertex 45.0597 8.96293 12
      vertex 44.377 11.8908 12
    endloop
  endfacet
  facet normal 0.927844 0.216338 -0.303814
    outer loop
      vertex 47.9546 12.8494 24
      vertex 48.6923 9.6855 24
      vertex 45.4891 12.1888 16
    endloop
  endfacet
  facet normal 0.927844 0.216343 -0.303812
    outer loop
      vertex 48.6923 9.6855 24
      vertex 46.1889 9.18753 16
      vertex 45.4891 12.1888 16
    endloop
  endfacet
  facet normal 0.935921 0.218217 -0.276467
    outer loop
      vertex 49.0667 13.1474 28
      vertex 49.8215 9.91011 28
      vertex 47.9546 12.8494 24
    endloop
  endfacet
  facet normal 0.935921 0.218221 -0.276464
    outer loop
      vertex 49.8215 9.91011 28
      vertex 48.6923 9.6855 24
      vertex 47.9546 12.8494 24
    endloop
  endfacet
  facet normal 0.949451 0.22138 -0.222562
    outer loop
      vertex 49.9492 13.3839 32
      vertex 50.7176 10.0884 32
      vertex 49.0667 13.1474 28
    endloop
  endfacet
  facet normal 0.949451 0.221372 -0.222568
    outer loop
      vertex 50.7176 10.0884 32
      vertex 49.8215 9.91011 28
      vertex 49.0667 13.1474 28
    endloop
  endfacet
  facet normal 0.963577 0.224697 -0.145018
    outer loop
      vertex 50.5158 13.5357 36
      vertex 51.293 10.2028 36
      vertex 49.9492 13.3839 32
    endloop
  endfacet
  facet normal 0.96358 0.224674 -0.145037
    outer loop
      vertex 51.293 10.2028 36
      vertex 50.7176 10.0884 32
      vertex 49.9492 13.3839 32
    endloop
  endfacet
  facet normal 0.972639 0.226778 -0.0504542
    outer loop
      vertex 50.7111 13.588 40
      vertex 51.4912 10.2422 40
      vertex 50.5158 13.5357 36
    endloop
  endfacet
  facet normal 0.972633 0.226809 -0.050428
    outer loop
      vertex 51.4912 10.2422 40
      vertex 51.293 10.2028 36
      vertex 50.5158 13.5357 36
    endloop
  endfacet
  facet normal 0.972632 0.226808 0.0504543
    outer loop
      vertex 51.293 10.2028 44
      vertex 50.7111 13.588 40
      vertex 50.5158 13.5357 44
    endloop
  endfacet
  facet normal 0.97264 0.226779 0.0504281
    outer loop
      vertex 51.293 10.2028 44
      vertex 51.4912 10.2422 40
      vertex 50.7111 13.588 40
    endloop
  endfacet
  facet normal 0.963582 0.224675 0.145018
    outer loop
      vertex 50.7176 10.0884 48
      vertex 50.5158 13.5357 44
      vertex 49.9492 13.3839 48
    endloop
  endfacet
  facet normal 0.963575 0.224696 0.145037
    outer loop
      vertex 50.7176 10.0884 48
      vertex 51.293 10.2028 44
      vertex 50.5158 13.5357 44
    endloop
  endfacet
  facet normal 0.949453 0.221372 0.222562
    outer loop
      vertex 49.8215 9.91011 52
      vertex 49.9492 13.3839 48
      vertex 49.0667 13.1474 52
    endloop
  endfacet
  facet normal 0.94945 0.22138 0.222568
    outer loop
      vertex 50.7176 10.0884 48
      vertex 49.9492 13.3839 48
      vertex 49.8215 9.91011 52
    endloop
  endfacet
  facet normal 0.93592 0.218221 0.276467
    outer loop
      vertex 48.6923 9.6855 56
      vertex 49.0667 13.1474 52
      vertex 47.9546 12.8494 56
    endloop
  endfacet
  facet normal 0.935921 0.218218 0.276464
    outer loop
      vertex 49.8215 9.91011 52
      vertex 49.0667 13.1474 52
      vertex 48.6923 9.6855 56
    endloop
  endfacet
  facet normal 0.927843 0.216343 0.303814
    outer loop
      vertex 46.1889 9.18753 64
      vertex 47.9546 12.8494 56
      vertex 45.4891 12.1888 64
    endloop
  endfacet
  facet normal 0.927845 0.216338 0.303812
    outer loop
      vertex 48.6923 9.6855 56
      vertex 47.9546 12.8494 56
      vertex 46.1889 9.18753 64
    endloop
  endfacet
  facet normal 0.935918 0.218231 0.276467
    outer loop
      vertex 45.0597 8.96293 68
      vertex 45.4891 12.1888 64
      vertex 44.377 11.8908 68
    endloop
  endfacet
  facet normal 0.935919 0.218226 0.276463
    outer loop
      vertex 46.1889 9.18753 64
      vertex 45.4891 12.1888 64
      vertex 45.0597 8.96293 68
    endloop
  endfacet
  facet normal 0.949446 0.221378 0.222584
    outer loop
      vertex 44.1635 8.78467 72
      vertex 44.377 11.8908 68
      vertex 43.4944 11.6543 72
    endloop
  endfacet
  facet normal 0.949444 0.221385 0.222589
    outer loop
      vertex 45.0597 8.96293 68
      vertex 44.377 11.8908 68
      vertex 44.1635 8.78467 72
    endloop
  endfacet
  facet normal 0.963582 0.224678 0.145018
    outer loop
      vertex 43.5882 8.67023 76
      vertex 43.4944 11.6543 72
      vertex 42.9278 11.5025 76
    endloop
  endfacet
  facet normal 0.963583 0.224675 0.145015
    outer loop
      vertex 43.5882 8.67023 76
      vertex 44.1635 8.78467 72
      vertex 43.4944 11.6543 72
    endloop
  endfacet
  facet normal 0.972636 0.226789 0.0504542
    outer loop
      vertex 43.3899 8.63079 80
      vertex 42.9278 11.5025 76
      vertex 42.7325 11.4502 80
    endloop
  endfacet
  facet normal 0.972636 0.226789 0.0504546
    outer loop
      vertex 43.3899 8.63079 80
      vertex 43.5882 8.67023 76
      vertex 42.9278 11.5025 76
    endloop
  endfacet
  facet normal -0.973877 -0.227078 0
    outer loop
      vertex 43.3899 8.63079 0
      vertex 42.7325 11.4502 80
      vertex 42.7325 11.4502 0
    endloop
  endfacet
  facet normal -0.973877 -0.227078 0
    outer loop
      vertex 42.7325 11.4502 80
      vertex 43.3899 8.63079 0
      vertex 43.3899 8.63079 80
    endloop
  endfacet
  facet normal 0.972636 0.226789 -0.0504542
    outer loop
      vertex 42.9278 11.5025 4
      vertex 43.5882 8.67023 4
      vertex 42.7325 11.4502 0
    endloop
  endfacet
  facet normal 0.972636 0.226789 -0.0504546
    outer loop
      vertex 43.5882 8.67023 4
      vertex 43.3899 8.63079 0
      vertex 42.7325 11.4502 0
    endloop
  endfacet
  facet normal 0.976213 0.161178 -0.145015
    outer loop
      vertex 44.1635 8.78467 8
      vertex 44.6435 5.87743 8
      vertex 43.5882 8.67023 4
    endloop
  endfacet
  facet normal 0.976214 0.161162 -0.145027
    outer loop
      vertex 44.6435 5.87743 8
      vertex 44.0619 5.80086 4
      vertex 43.5882 8.67023 4
    endloop
  endfacet
  facet normal 0.961892 0.1588 -0.222589
    outer loop
      vertex 45.0597 8.96293 12
      vertex 45.5494 5.99669 12
      vertex 44.1635 8.78467 8
    endloop
  endfacet
  facet normal 0.961892 0.158813 -0.22258
    outer loop
      vertex 45.5494 5.99669 12
      vertex 44.6435 5.87743 8
      vertex 44.1635 8.78467 8
    endloop
  endfacet
  facet normal 0.948188 0.156547 -0.276464
    outer loop
      vertex 46.1889 9.18753 16
      vertex 46.6909 6.14697 16
      vertex 45.0597 8.96293 12
    endloop
  endfacet
  facet normal 0.948188 0.156537 -0.27647
    outer loop
      vertex 46.6909 6.14697 16
      vertex 45.5494 5.99669 12
      vertex 45.0597 8.96293 12
    endloop
  endfacet
  facet normal 0.940007 0.155193 -0.303812
    outer loop
      vertex 48.6923 9.6855 24
      vertex 49.2215 6.48013 24
      vertex 46.1889 9.18753 16
    endloop
  endfacet
  facet normal 0.940007 0.155196 -0.303811
    outer loop
      vertex 49.2215 6.48013 24
      vertex 46.6909 6.14697 16
      vertex 46.1889 9.18753 16
    endloop
  endfacet
  facet normal 0.948187 0.156552 -0.276464
    outer loop
      vertex 49.8215 9.91011 28
      vertex 50.363 6.63041 28
      vertex 48.6923 9.6855 24
    endloop
  endfacet
  facet normal 0.948187 0.156544 -0.27647
    outer loop
      vertex 50.363 6.63041 28
      vertex 49.2215 6.48013 24
      vertex 48.6923 9.6855 24
    endloop
  endfacet
  facet normal 0.961897 0.158802 -0.222567
    outer loop
      vertex 50.7176 10.0884 32
      vertex 51.2688 6.74967 32
      vertex 49.8215 9.91011 28
    endloop
  endfacet
  facet normal 0.961897 0.158816 -0.222557
    outer loop
      vertex 51.2688 6.74967 32
      vertex 50.363 6.63041 28
      vertex 49.8215 9.91011 28
    endloop
  endfacet
  facet normal 0.976214 0.161153 -0.145037
    outer loop
      vertex 51.293 10.2028 36
      vertex 51.8504 6.82624 36
      vertex 50.7176 10.0884 32
    endloop
  endfacet
  facet normal 0.976214 0.161166 -0.145027
    outer loop
      vertex 51.8504 6.82624 36
      vertex 51.2688 6.74967 32
      vertex 50.7176 10.0884 32
    endloop
  endfacet
  facet normal 0.985384 0.16271 -0.0504285
    outer loop
      vertex 51.4912 10.2422 40
      vertex 52.0509 6.85262 40
      vertex 51.293 10.2028 36
    endloop
  endfacet
  facet normal 0.98539 0.162667 -0.0504654
    outer loop
      vertex 52.0509 6.85262 40
      vertex 51.8504 6.82624 36
      vertex 51.293 10.2028 36
    endloop
  endfacet
  facet normal 0.985391 0.162668 0.0504284
    outer loop
      vertex 51.8504 6.82624 44
      vertex 51.4912 10.2422 40
      vertex 51.293 10.2028 44
    endloop
  endfacet
  facet normal 0.985383 0.16271 0.0504654
    outer loop
      vertex 51.8504 6.82624 44
      vertex 52.0509 6.85262 40
      vertex 51.4912 10.2422 40
    endloop
  endfacet
  facet normal 0.976212 0.161165 0.145037
    outer loop
      vertex 51.2688 6.74967 48
      vertex 51.293 10.2028 44
      vertex 50.7176 10.0884 48
    endloop
  endfacet
  facet normal 0.976216 0.161153 0.145027
    outer loop
      vertex 51.8504 6.82624 44
      vertex 51.293 10.2028 44
      vertex 51.2688 6.74967 48
    endloop
  endfacet
  facet normal 0.961895 0.158815 0.222567
    outer loop
      vertex 50.363 6.63041 52
      vertex 50.7176 10.0884 48
      vertex 49.8215 9.91011 52
    endloop
  endfacet
  facet normal 0.961899 0.158803 0.222557
    outer loop
      vertex 51.2688 6.74967 48
      vertex 50.7176 10.0884 48
      vertex 50.363 6.63041 52
    endloop
  endfacet
  facet normal 0.948189 0.156544 0.276464
    outer loop
      vertex 49.2215 6.48013 56
      vertex 49.8215 9.91011 52
      vertex 48.6923 9.6855 56
    endloop
  endfacet
  facet normal 0.948186 0.156552 0.27647
    outer loop
      vertex 50.363 6.63041 52
      vertex 49.8215 9.91011 52
      vertex 49.2215 6.48013 56
    endloop
  endfacet
  facet normal 0.940007 0.155196 0.303812
    outer loop
      vertex 46.6909 6.14697 64
      vertex 48.6923 9.6855 56
      vertex 46.1889 9.18753 64
    endloop
  endfacet
  facet normal 0.940007 0.155193 0.303811
    outer loop
      vertex 49.2215 6.48013 56
      vertex 48.6923 9.6855 56
      vertex 46.6909 6.14697 64
    endloop
  endfacet
  facet normal 0.94819 0.156538 0.276464
    outer loop
      vertex 45.5494 5.99669 68
      vertex 46.1889 9.18753 64
      vertex 45.0597 8.96293 68
    endloop
  endfacet
  facet normal 0.948186 0.156547 0.27647
    outer loop
      vertex 46.6909 6.14697 64
      vertex 46.1889 9.18753 64
      vertex 45.5494 5.99669 68
    endloop
  endfacet
  facet normal 0.96189 0.158813 0.222589
    outer loop
      vertex 44.6435 5.87743 72
      vertex 45.0597 8.96293 68
      vertex 44.1635 8.78467 72
    endloop
  endfacet
  facet normal 0.961894 0.1588 0.22258
    outer loop
      vertex 45.5494 5.99669 68
      vertex 45.0597 8.96293 68
      vertex 44.6435 5.87743 72
    endloop
  endfacet
  facet normal 0.976216 0.161162 0.145015
    outer loop
      vertex 44.0619 5.80086 76
      vertex 44.1635 8.78467 72
      vertex 43.5882 8.67023 76
    endloop
  endfacet
  facet normal 0.976212 0.161177 0.145027
    outer loop
      vertex 44.6435 5.87743 72
      vertex 44.1635 8.78467 72
      vertex 44.0619 5.80086 76
    endloop
  endfacet
  facet normal 0.985386 0.162695 0.0504547
    outer loop
      vertex 43.8615 5.77448 80
      vertex 43.5882 8.67023 76
      vertex 43.3899 8.63079 80
    endloop
  endfacet
  facet normal 0.985389 0.162676 0.0504409
    outer loop
      vertex 43.8615 5.77448 80
      vertex 44.0619 5.80086 76
      vertex 43.5882 8.67023 76
    endloop
  endfacet
  facet normal -0.986642 -0.162903 0
    outer loop
      vertex 43.8615 5.77448 0
      vertex 43.3899 8.63079 80
      vertex 43.3899 8.63079 0
    endloop
  endfacet
  facet normal -0.986642 -0.162903 0
    outer loop
      vertex 43.3899 8.63079 80
      vertex 43.8615 5.77448 0
      vertex 43.8615 5.77448 80
    endloop
  endfacet
  facet normal 0.985389 0.162676 -0.0504546
    outer loop
      vertex 43.5882 8.67023 4
      vertex 44.0619 5.80086 4
      vertex 43.3899 8.63079 0
    endloop
  endfacet
  facet normal 0.985386 0.162695 -0.0504408
    outer loop
      vertex 44.0619 5.80086 4
      vertex 43.8615 5.77448 0
      vertex 43.3899 8.63079 0
    endloop
  endfacet
  facet normal 0.984664 0.0969752 -0.145026
    outer loop
      vertex 44.6435 5.87743 8
      vertex 44.9323 2.94502 8
      vertex 44.0619 5.80086 4
    endloop
  endfacet
  facet normal 0.984664 0.0969963 -0.145011
    outer loop
      vertex 44.9323 2.94502 8
      vertex 44.347 2.90665 4
      vertex 44.0619 5.80086 4
    endloop
  endfacet
  facet normal 0.970219 0.0955656 -0.22258
    outer loop
      vertex 45.5494 5.99669 12
      vertex 45.8441 3.00478 12
      vertex 44.6435 5.87743 8
    endloop
  endfacet
  facet normal 0.970218 0.0955525 -0.222589
    outer loop
      vertex 45.8441 3.00478 12
      vertex 44.9323 2.94502 8
      vertex 44.6435 5.87743 8
    endloop
  endfacet
  facet normal 0.956397 0.0941774 -0.27647
    outer loop
      vertex 46.6909 6.14697 16
      vertex 46.9929 3.08008 16
      vertex 45.5494 5.99669 12
    endloop
  endfacet
  facet normal 0.9564 0.0942044 -0.276451
    outer loop
      vertex 46.9929 3.08008 16
      vertex 45.8441 3.00478 12
      vertex 45.5494 5.99669 12
    endloop
  endfacet
  facet normal 0.948146 0.0933744 -0.303811
    outer loop
      vertex 49.2215 6.48013 24
      vertex 49.5399 3.24702 24
      vertex 46.6909 6.14697 16
    endloop
  endfacet
  facet normal 0.948146 0.0933649 -0.303814
    outer loop
      vertex 49.5399 3.24702 24
      vertex 46.9929 3.08008 16
      vertex 46.6909 6.14697 16
    endloop
  endfacet
  facet normal 0.956395 0.0941914 -0.27647
    outer loop
      vertex 50.363 6.63041 28
      vertex 50.6888 3.32232 28
      vertex 49.2215 6.48013 24
    endloop
  endfacet
  facet normal 0.956395 0.0941868 -0.276474
    outer loop
      vertex 50.6888 3.32232 28
      vertex 49.5399 3.24702 24
      vertex 49.2215 6.48013 24
    endloop
  endfacet
  facet normal 0.970225 0.0955649 -0.222557
    outer loop
      vertex 51.2688 6.74967 32
      vertex 51.6005 3.38208 32
      vertex 50.363 6.63041 28
    endloop
  endfacet
  facet normal 0.970224 0.0955533 -0.222566
    outer loop
      vertex 51.6005 3.38208 32
      vertex 50.6888 3.32232 28
      vertex 50.363 6.63041 28
    endloop
  endfacet
  facet normal 0.984662 0.0969975 -0.145027
    outer loop
      vertex 51.8504 6.82624 36
      vertex 52.1859 3.42044 36
      vertex 51.2688 6.74967 32
    endloop
  endfacet
  facet normal 0.984662 0.0969869 -0.145035
    outer loop
      vertex 52.1859 3.42044 36
      vertex 51.6005 3.38208 32
      vertex 51.2688 6.74967 32
    endloop
  endfacet
  facet normal 0.993918 0.0978813 -0.0504657
    outer loop
      vertex 52.0509 6.85262 40
      vertex 52.3876 3.43366 40
      vertex 51.8504 6.82624 36
    endloop
  endfacet
  facet normal 0.993916 0.0979091 -0.0504418
    outer loop
      vertex 52.3876 3.43366 40
      vertex 52.1859 3.42044 36
      vertex 51.8504 6.82624 36
    endloop
  endfacet
  facet normal 0.993915 0.097909 0.0504657
    outer loop
      vertex 52.1859 3.42044 44
      vertex 52.0509 6.85262 40
      vertex 51.8504 6.82624 44
    endloop
  endfacet
  facet normal 0.993919 0.0978814 0.0504419
    outer loop
      vertex 52.1859 3.42044 44
      vertex 52.3876 3.43366 40
      vertex 52.0509 6.85262 40
    endloop
  endfacet
  facet normal 0.984663 0.0969871 0.145027
    outer loop
      vertex 51.6005 3.38208 48
      vertex 51.8504 6.82624 44
      vertex 51.2688 6.74967 48
    endloop
  endfacet
  facet normal 0.98466 0.0969974 0.145035
    outer loop
      vertex 52.1859 3.42044 44
      vertex 51.8504 6.82624 44
      vertex 51.6005 3.38208 48
    endloop
  endfacet
  facet normal 0.970226 0.0955535 0.222557
    outer loop
      vertex 50.6888 3.32232 52
      vertex 51.2688 6.74967 48
      vertex 50.363 6.63041 52
    endloop
  endfacet
  facet normal 0.970223 0.0955647 0.222566
    outer loop
      vertex 51.6005 3.38208 48
      vertex 51.2688 6.74967 48
      vertex 50.6888 3.32232 52
    endloop
  endfacet
  facet normal 0.956396 0.0941869 0.27647
    outer loop
      vertex 49.5399 3.24702 56
      vertex 50.363 6.63041 52
      vertex 49.2215 6.48013 56
    endloop
  endfacet
  facet normal 0.956394 0.0941913 0.276474
    outer loop
      vertex 50.6888 3.32232 52
      vertex 50.363 6.63041 52
      vertex 49.5399 3.24702 56
    endloop
  endfacet
  facet normal 0.948147 0.093365 0.303811
    outer loop
      vertex 46.9929 3.08008 64
      vertex 49.2215 6.48013 56
      vertex 46.6909 6.14697 64
    endloop
  endfacet
  facet normal 0.948145 0.0933743 0.303814
    outer loop
      vertex 49.5399 3.24702 56
      vertex 49.2215 6.48013 56
      vertex 46.9929 3.08008 64
    endloop
  endfacet
  facet normal 0.956394 0.0942038 0.27647
    outer loop
      vertex 45.8441 3.00478 68
      vertex 46.6909 6.14697 64
      vertex 45.5494 5.99669 68
    endloop
  endfacet
  facet normal 0.956402 0.094178 0.276452
    outer loop
      vertex 46.9929 3.08008 64
      vertex 46.6909 6.14697 64
      vertex 45.8441 3.00478 68
    endloop
  endfacet
  facet normal 0.970221 0.0955527 0.22258
    outer loop
      vertex 44.9323 2.94502 72
      vertex 45.5494 5.99669 68
      vertex 44.6435 5.87743 72
    endloop
  endfacet
  facet normal 0.970217 0.0955654 0.222589
    outer loop
      vertex 45.8441 3.00478 68
      vertex 45.5494 5.99669 68
      vertex 44.9323 2.94502 72
    endloop
  endfacet
  facet normal 0.984662 0.0969961 0.145027
    outer loop
      vertex 44.347 2.90665 76
      vertex 44.6435 5.87743 72
      vertex 44.0619 5.80086 76
    endloop
  endfacet
  facet normal 0.984666 0.0969754 0.145012
    outer loop
      vertex 44.9323 2.94502 72
      vertex 44.6435 5.87743 72
      vertex 44.347 2.90665 76
    endloop
  endfacet
  facet normal 0.993917 0.0979065 0.0504409
    outer loop
      vertex 44.1453 2.89343 80
      vertex 44.0619 5.80086 76
      vertex 43.8615 5.77448 80
    endloop
  endfacet
  facet normal 0.993916 0.0979077 0.0504418
    outer loop
      vertex 44.1453 2.89343 80
      vertex 44.347 2.90665 76
      vertex 44.0619 5.80086 76
    endloop
  endfacet
  facet normal -0.995183 -0.0980313 0
    outer loop
      vertex 44.1453 2.89343 0
      vertex 43.8615 5.77448 80
      vertex 43.8615 5.77448 0
    endloop
  endfacet
  facet normal -0.995183 -0.0980313 0
    outer loop
      vertex 43.8615 5.77448 80
      vertex 44.1453 2.89343 0
      vertex 44.1453 2.89343 80
    endloop
  endfacet
  facet normal 0.993916 0.0979077 -0.0504409
    outer loop
      vertex 44.0619 5.80086 4
      vertex 44.347 2.90665 4
      vertex 43.8615 5.77448 0
    endloop
  endfacet
  facet normal 0.993916 0.0979065 -0.0504418
    outer loop
      vertex 44.347 2.90665 4
      vertex 44.1453 2.89343 0
      vertex 43.8615 5.77448 0
    endloop
  endfacet
  facet normal 0.9889 0.0323699 -0.145011
    outer loop
      vertex 44.9323 2.94502 8
      vertex 45.0287 0 8
      vertex 44.347 2.90665 4
    endloop
  endfacet
  facet normal 0.988899 0.0323549 -0.145022
    outer loop
      vertex 45.0287 0 8
      vertex 44.4421 0 4
      vertex 44.347 2.90665 4
    endloop
  endfacet
  facet normal 0.974391 0.0318768 -0.222589
    outer loop
      vertex 45.8441 3.00478 12
      vertex 45.9424 0 12
      vertex 44.9323 2.94502 8
    endloop
  endfacet
  facet normal 0.974394 0.031895 -0.222576
    outer loop
      vertex 45.9424 0 12
      vertex 45.0287 0 8
      vertex 44.9323 2.94502 8
    endloop
  endfacet
  facet normal 0.960513 0.0314653 -0.276452
    outer loop
      vertex 46.9929 3.08008 16
      vertex 47.0938 0 16
      vertex 45.8441 3.00478 12
    endloop
  endfacet
  facet normal 0.960505 0.0314225 -0.276481
    outer loop
      vertex 47.0938 0 16
      vertex 45.9424 0 12
      vertex 45.8441 3.00478 12
    endloop
  endfacet
  facet normal 0.952221 0.0311735 -0.303814
    outer loop
      vertex 49.5399 3.24702 24
      vertex 49.6462 0 24
      vertex 46.9929 3.08008 16
    endloop
  endfacet
  facet normal 0.952223 0.0311938 -0.303807
    outer loop
      vertex 49.6462 0 24
      vertex 47.0938 0 16
      vertex 46.9929 3.08008 16
    endloop
  endfacet
  facet normal 0.960508 0.031426 -0.276473
    outer loop
      vertex 50.6888 3.32232 28
      vertex 50.7975 0 28
      vertex 49.5399 3.24702 24
    endloop
  endfacet
  facet normal 0.960511 0.0314449 -0.276459
    outer loop
      vertex 50.7975 0 28
      vertex 49.6462 0 24
      vertex 49.5399 3.24702 24
    endloop
  endfacet
  facet normal 0.974396 0.0318933 -0.222566
    outer loop
      vertex 51.6005 3.38208 32
      vertex 51.7112 0 32
      vertex 50.6888 3.32232 28
    endloop
  endfacet
  facet normal 0.974394 0.0318803 -0.222576
    outer loop
      vertex 51.7112 0 32
      vertex 50.7975 0 28
      vertex 50.6888 3.32232 28
    endloop
  endfacet
  facet normal 0.988896 0.0323807 -0.145036
    outer loop
      vertex 52.1859 3.42044 36
      vertex 52.2979 0 36
      vertex 51.6005 3.38208 32
    endloop
  endfacet
  facet normal 0.988895 0.0323679 -0.145046
    outer loop
      vertex 52.2979 0 36
      vertex 51.7112 0 32
      vertex 51.6005 3.38208 32
    endloop
  endfacet
  facet normal 0.998192 0.0326756 -0.0504418
    outer loop
      vertex 52.3876 3.43366 40
      vertex 52.5 0 40
      vertex 52.1859 3.42044 36
    endloop
  endfacet
  facet normal 0.998192 0.0326851 -0.0504337
    outer loop
      vertex 52.5 0 40
      vertex 52.2979 0 36
      vertex 52.1859 3.42044 36
    endloop
  endfacet
  facet normal 0.998192 0.0326851 0.0504419
    outer loop
      vertex 52.2979 0 44
      vertex 52.3876 3.43366 40
      vertex 52.1859 3.42044 44
    endloop
  endfacet
  facet normal 0.998193 0.0326756 0.0504337
    outer loop
      vertex 52.5 0 40
      vertex 52.3876 3.43366 40
      vertex 52.2979 0 44
    endloop
  endfacet
  facet normal 0.988897 0.0323679 0.145035
    outer loop
      vertex 51.7112 0 48
      vertex 52.1859 3.42044 44
      vertex 51.6005 3.38208 48
    endloop
  endfacet
  facet normal 0.988895 0.0323807 0.145046
    outer loop
      vertex 52.2979 0 44
      vertex 52.1859 3.42044 44
      vertex 51.7112 0 48
    endloop
  endfacet
  facet normal 0.974396 0.0318804 0.222566
    outer loop
      vertex 50.7975 0 52
      vertex 51.6005 3.38208 48
      vertex 50.6888 3.32232 52
    endloop
  endfacet
  facet normal 0.974394 0.0318932 0.222576
    outer loop
      vertex 51.7112 0 48
      vertex 51.6005 3.38208 48
      vertex 50.7975 0 52
    endloop
  endfacet
  facet normal 0.960507 0.0314448 0.276474
    outer loop
      vertex 49.6462 0 56
      vertex 50.6888 3.32232 52
      vertex 49.5399 3.24702 56
    endloop
  endfacet
  facet normal 0.960512 0.0314261 0.276459
    outer loop
      vertex 50.7975 0 52
      vertex 50.6888 3.32232 52
      vertex 49.6462 0 56
    endloop
  endfacet
  facet normal 0.952221 0.0311937 0.303814
    outer loop
      vertex 47.0938 0 64
      vertex 49.5399 3.24702 56
      vertex 46.9929 3.08008 64
    endloop
  endfacet
  facet normal 0.952223 0.0311736 0.303807
    outer loop
      vertex 49.6462 0 56
      vertex 49.5399 3.24702 56
      vertex 47.0938 0 64
    endloop
  endfacet
  facet normal 0.960514 0.0314228 0.276451
    outer loop
      vertex 45.9424 0 68
      vertex 46.9929 3.08008 64
      vertex 45.8441 3.00478 68
    endloop
  endfacet
  facet normal 0.960504 0.031465 0.276481
    outer loop
      vertex 47.0938 0 64
      vertex 46.9929 3.08008 64
      vertex 45.9424 0 68
    endloop
  endfacet
  facet normal 0.974391 0.0318949 0.222589
    outer loop
      vertex 45.0287 0 72
      vertex 45.8441 3.00478 68
      vertex 44.9323 2.94502 72
    endloop
  endfacet
  facet normal 0.974394 0.0318769 0.222576
    outer loop
      vertex 45.9424 0 68
      vertex 45.8441 3.00478 68
      vertex 45.0287 0 72
    endloop
  endfacet
  facet normal 0.988901 0.0323549 0.145011
    outer loop
      vertex 44.4421 0 76
      vertex 44.9323 2.94502 72
      vertex 44.347 2.90665 76
    endloop
  endfacet
  facet normal 0.988899 0.0323698 0.145022
    outer loop
      vertex 45.0287 0 72
      vertex 44.9323 2.94502 72
      vertex 44.4421 0 76
    endloop
  endfacet
  facet normal 0.998193 0.0326702 0.0504418
    outer loop
      vertex 44.24 0 80
      vertex 44.347 2.90665 76
      vertex 44.1453 2.89343 80
    endloop
  endfacet
  facet normal 0.998193 0.032659 0.0504337
    outer loop
      vertex 44.4421 0 76
      vertex 44.347 2.90665 76
      vertex 44.24 0 80
    endloop
  endfacet
  facet normal -0.999465 -0.0327118 0
    outer loop
      vertex 44.24 0 0
      vertex 44.1453 2.89343 80
      vertex 44.1453 2.89343 0
    endloop
  endfacet
  facet normal -0.999465 -0.0327118 0
    outer loop
      vertex 44.1453 2.89343 80
      vertex 44.24 0 0
      vertex 44.24 0 80
    endloop
  endfacet
  facet normal 0.998193 0.032659 -0.0504418
    outer loop
      vertex 44.347 2.90665 4
      vertex 44.4421 0 4
      vertex 44.1453 2.89343 0
    endloop
  endfacet
  facet normal 0.998193 0.0326702 -0.0504337
    outer loop
      vertex 44.4421 0 4
      vertex 44.24 0 0
      vertex 44.1453 2.89343 0
    endloop
  endfacet
  facet normal 0.988899 -0.0323698 -0.145022
    outer loop
      vertex 45.0287 0 8
      vertex 44.9323 -2.94502 8
      vertex 44.4421 0 4
    endloop
  endfacet
  facet normal 0.988901 -0.0323549 -0.145011
    outer loop
      vertex 44.4421 0 4
      vertex 44.9323 -2.94502 8
      vertex 44.347 -2.90665 4
    endloop
  endfacet
  facet normal 0.974394 -0.0318769 -0.222576
    outer loop
      vertex 45.9424 0 12
      vertex 45.8441 -3.00478 12
      vertex 45.0287 0 8
    endloop
  endfacet
  facet normal 0.974391 -0.0318949 -0.222589
    outer loop
      vertex 45.0287 0 8
      vertex 45.8441 -3.00478 12
      vertex 44.9323 -2.94502 8
    endloop
  endfacet
  facet normal 0.960504 -0.031465 -0.276481
    outer loop
      vertex 47.0938 0 16
      vertex 46.9929 -3.08008 16
      vertex 45.9424 0 12
    endloop
  endfacet
  facet normal 0.960514 -0.0314228 -0.276451
    outer loop
      vertex 45.9424 0 12
      vertex 46.9929 -3.08008 16
      vertex 45.8441 -3.00478 12
    endloop
  endfacet
  facet normal 0.952223 -0.0311736 -0.303807
    outer loop
      vertex 49.6462 0 24
      vertex 49.5399 -3.24702 24
      vertex 47.0938 0 16
    endloop
  endfacet
  facet normal 0.952221 -0.0311937 -0.303814
    outer loop
      vertex 47.0938 0 16
      vertex 49.5399 -3.24702 24
      vertex 46.9929 -3.08008 16
    endloop
  endfacet
  facet normal 0.960512 -0.0314261 -0.276459
    outer loop
      vertex 50.7975 0 28
      vertex 50.6888 -3.32232 28
      vertex 49.6462 0 24
    endloop
  endfacet
  facet normal 0.960507 -0.0314448 -0.276474
    outer loop
      vertex 49.6462 0 24
      vertex 50.6888 -3.32232 28
      vertex 49.5399 -3.24702 24
    endloop
  endfacet
  facet normal 0.974394 -0.0318932 -0.222576
    outer loop
      vertex 51.7112 0 32
      vertex 51.6005 -3.38208 32
      vertex 50.7975 0 28
    endloop
  endfacet
  facet normal 0.974396 -0.0318804 -0.222566
    outer loop
      vertex 50.7975 0 28
      vertex 51.6005 -3.38208 32
      vertex 50.6888 -3.32232 28
    endloop
  endfacet
  facet normal 0.988895 -0.0323807 -0.145046
    outer loop
      vertex 52.2979 0 36
      vertex 52.1859 -3.42044 36
      vertex 51.7112 0 32
    endloop
  endfacet
  facet normal 0.988897 -0.0323679 -0.145035
    outer loop
      vertex 51.7112 0 32
      vertex 52.1859 -3.42044 36
      vertex 51.6005 -3.38208 32
    endloop
  endfacet
  facet normal 0.998193 -0.0326756 -0.0504337
    outer loop
      vertex 52.5 0 40
      vertex 52.3876 -3.43366 40
      vertex 52.2979 0 36
    endloop
  endfacet
  facet normal 0.998192 -0.0326851 -0.0504419
    outer loop
      vertex 52.2979 0 36
      vertex 52.3876 -3.43366 40
      vertex 52.1859 -3.42044 36
    endloop
  endfacet
  facet normal 0.998192 -0.0326851 0.0504337
    outer loop
      vertex 52.5 0 40
      vertex 52.2979 0 44
      vertex 52.1859 -3.42044 44
    endloop
  endfacet
  facet normal 0.998192 -0.0326756 0.0504418
    outer loop
      vertex 52.3876 -3.43366 40
      vertex 52.5 0 40
      vertex 52.1859 -3.42044 44
    endloop
  endfacet
  facet normal 0.988895 -0.0323679 0.145046
    outer loop
      vertex 52.2979 0 44
      vertex 51.7112 0 48
      vertex 51.6005 -3.38208 48
    endloop
  endfacet
  facet normal 0.988896 -0.0323807 0.145036
    outer loop
      vertex 52.1859 -3.42044 44
      vertex 52.2979 0 44
      vertex 51.6005 -3.38208 48
    endloop
  endfacet
  facet normal 0.974394 -0.0318803 0.222576
    outer loop
      vertex 51.7112 0 48
      vertex 50.7975 0 52
      vertex 50.6888 -3.32232 52
    endloop
  endfacet
  facet normal 0.974396 -0.0318933 0.222566
    outer loop
      vertex 51.6005 -3.38208 48
      vertex 51.7112 0 48
      vertex 50.6888 -3.32232 52
    endloop
  endfacet
  facet normal 0.960511 -0.0314449 0.276459
    outer loop
      vertex 50.7975 0 52
      vertex 49.6462 0 56
      vertex 49.5399 -3.24702 56
    endloop
  endfacet
  facet normal 0.960508 -0.031426 0.276473
    outer loop
      vertex 50.6888 -3.32232 52
      vertex 50.7975 0 52
      vertex 49.5399 -3.24702 56
    endloop
  endfacet
  facet normal 0.952223 -0.0311938 0.303807
    outer loop
      vertex 49.6462 0 56
      vertex 47.0938 0 64
      vertex 46.9929 -3.08008 64
    endloop
  endfacet
  facet normal 0.952221 -0.0311735 0.303814
    outer loop
      vertex 49.5399 -3.24702 56
      vertex 49.6462 0 56
      vertex 46.9929 -3.08008 64
    endloop
  endfacet
  facet normal 0.960505 -0.0314225 0.276481
    outer loop
      vertex 47.0938 0 64
      vertex 45.9424 0 68
      vertex 45.8441 -3.00478 68
    endloop
  endfacet
  facet normal 0.960513 -0.0314653 0.276452
    outer loop
      vertex 46.9929 -3.08008 64
      vertex 47.0938 0 64
      vertex 45.8441 -3.00478 68
    endloop
  endfacet
  facet normal 0.974394 -0.031895 0.222576
    outer loop
      vertex 45.9424 0 68
      vertex 45.0287 0 72
      vertex 44.9323 -2.94502 72
    endloop
  endfacet
  facet normal 0.974391 -0.0318768 0.222589
    outer loop
      vertex 45.8441 -3.00478 68
      vertex 45.9424 0 68
      vertex 44.9323 -2.94502 72
    endloop
  endfacet
  facet normal 0.988899 -0.0323549 0.145022
    outer loop
      vertex 45.0287 0 72
      vertex 44.4421 0 76
      vertex 44.347 -2.90665 76
    endloop
  endfacet
  facet normal 0.9889 -0.0323699 0.145011
    outer loop
      vertex 44.9323 -2.94502 72
      vertex 45.0287 0 72
      vertex 44.347 -2.90665 76
    endloop
  endfacet
  facet normal 0.998193 -0.0326702 0.0504337
    outer loop
      vertex 44.4421 0 76
      vertex 44.24 0 80
      vertex 44.1453 -2.89343 80
    endloop
  endfacet
  facet normal 0.998193 -0.032659 0.0504418
    outer loop
      vertex 44.347 -2.90665 76
      vertex 44.4421 0 76
      vertex 44.1453 -2.89343 80
    endloop
  endfacet
  facet normal -0.999465 0.0327118 0
    outer loop
      vertex 44.1453 -2.89343 0
      vertex 44.24 0 80
      vertex 44.24 0 0
    endloop
  endfacet
  facet normal -0.999465 0.0327118 0
    outer loop
      vertex 44.24 0 80
      vertex 44.1453 -2.89343 0
      vertex 44.1453 -2.89343 80
    endloop
  endfacet
  facet normal 0.998193 -0.032659 -0.0504337
    outer loop
      vertex 44.4421 0 4
      vertex 44.347 -2.90665 4
      vertex 44.24 0 0
    endloop
  endfacet
  facet normal 0.998193 -0.0326702 -0.0504418
    outer loop
      vertex 44.24 0 0
      vertex 44.347 -2.90665 4
      vertex 44.1453 -2.89343 0
    endloop
  endfacet
  facet normal 0.984666 -0.0969754 -0.145012
    outer loop
      vertex 44.9323 -2.94502 8
      vertex 44.6435 -5.87743 8
      vertex 44.347 -2.90665 4
    endloop
  endfacet
  facet normal 0.984662 -0.0969961 -0.145027
    outer loop
      vertex 44.347 -2.90665 4
      vertex 44.6435 -5.87743 8
      vertex 44.0619 -5.80086 4
    endloop
  endfacet
  facet normal 0.970217 -0.0955654 -0.222589
    outer loop
      vertex 45.8441 -3.00478 12
      vertex 45.5494 -5.99669 12
      vertex 44.9323 -2.94502 8
    endloop
  endfacet
  facet normal 0.970221 -0.0955527 -0.22258
    outer loop
      vertex 44.9323 -2.94502 8
      vertex 45.5494 -5.99669 12
      vertex 44.6435 -5.87743 8
    endloop
  endfacet
  facet normal 0.956402 -0.094178 -0.276452
    outer loop
      vertex 46.9929 -3.08008 16
      vertex 46.6909 -6.14697 16
      vertex 45.8441 -3.00478 12
    endloop
  endfacet
  facet normal 0.956394 -0.0942038 -0.27647
    outer loop
      vertex 45.8441 -3.00478 12
      vertex 46.6909 -6.14697 16
      vertex 45.5494 -5.99669 12
    endloop
  endfacet
  facet normal 0.948145 -0.0933743 -0.303814
    outer loop
      vertex 49.5399 -3.24702 24
      vertex 49.2215 -6.48013 24
      vertex 46.9929 -3.08008 16
    endloop
  endfacet
  facet normal 0.948147 -0.093365 -0.303811
    outer loop
      vertex 46.9929 -3.08008 16
      vertex 49.2215 -6.48013 24
      vertex 46.6909 -6.14697 16
    endloop
  endfacet
  facet normal 0.956394 -0.0941913 -0.276474
    outer loop
      vertex 50.6888 -3.32232 28
      vertex 50.363 -6.63041 28
      vertex 49.5399 -3.24702 24
    endloop
  endfacet
  facet normal 0.956396 -0.0941869 -0.27647
    outer loop
      vertex 49.5399 -3.24702 24
      vertex 50.363 -6.63041 28
      vertex 49.2215 -6.48013 24
    endloop
  endfacet
  facet normal 0.970223 -0.0955647 -0.222566
    outer loop
      vertex 51.6005 -3.38208 32
      vertex 51.2688 -6.74967 32
      vertex 50.6888 -3.32232 28
    endloop
  endfacet
  facet normal 0.970226 -0.0955535 -0.222557
    outer loop
      vertex 50.6888 -3.32232 28
      vertex 51.2688 -6.74967 32
      vertex 50.363 -6.63041 28
    endloop
  endfacet
  facet normal 0.98466 -0.0969974 -0.145035
    outer loop
      vertex 52.1859 -3.42044 36
      vertex 51.8504 -6.82624 36
      vertex 51.6005 -3.38208 32
    endloop
  endfacet
  facet normal 0.984663 -0.0969871 -0.145027
    outer loop
      vertex 51.6005 -3.38208 32
      vertex 51.8504 -6.82624 36
      vertex 51.2688 -6.74967 32
    endloop
  endfacet
  facet normal 0.993919 -0.0978814 -0.0504419
    outer loop
      vertex 52.1859 -3.42044 36
      vertex 52.3876 -3.43366 40
      vertex 52.0509 -6.85262 40
    endloop
  endfacet
  facet normal 0.993915 -0.097909 -0.0504657
    outer loop
      vertex 52.1859 -3.42044 36
      vertex 52.0509 -6.85262 40
      vertex 51.8504 -6.82624 36
    endloop
  endfacet
  facet normal 0.993916 -0.0979091 0.0504418
    outer loop
      vertex 52.3876 -3.43366 40
      vertex 52.1859 -3.42044 44
      vertex 51.8504 -6.82624 44
    endloop
  endfacet
  facet normal 0.993918 -0.0978813 0.0504657
    outer loop
      vertex 52.0509 -6.85262 40
      vertex 52.3876 -3.43366 40
      vertex 51.8504 -6.82624 44
    endloop
  endfacet
  facet normal 0.984662 -0.0969869 0.145035
    outer loop
      vertex 52.1859 -3.42044 44
      vertex 51.6005 -3.38208 48
      vertex 51.2688 -6.74967 48
    endloop
  endfacet
  facet normal 0.984662 -0.0969975 0.145027
    outer loop
      vertex 51.8504 -6.82624 44
      vertex 52.1859 -3.42044 44
      vertex 51.2688 -6.74967 48
    endloop
  endfacet
  facet normal 0.970224 -0.0955533 0.222566
    outer loop
      vertex 51.6005 -3.38208 48
      vertex 50.6888 -3.32232 52
      vertex 50.363 -6.63041 52
    endloop
  endfacet
  facet normal 0.970225 -0.0955649 0.222557
    outer loop
      vertex 51.2688 -6.74967 48
      vertex 51.6005 -3.38208 48
      vertex 50.363 -6.63041 52
    endloop
  endfacet
  facet normal 0.956395 -0.0941868 0.276474
    outer loop
      vertex 50.6888 -3.32232 52
      vertex 49.5399 -3.24702 56
      vertex 49.2215 -6.48013 56
    endloop
  endfacet
  facet normal 0.956395 -0.0941914 0.27647
    outer loop
      vertex 50.363 -6.63041 52
      vertex 50.6888 -3.32232 52
      vertex 49.2215 -6.48013 56
    endloop
  endfacet
  facet normal 0.948146 -0.0933649 0.303814
    outer loop
      vertex 49.5399 -3.24702 56
      vertex 46.9929 -3.08008 64
      vertex 46.6909 -6.14697 64
    endloop
  endfacet
  facet normal 0.948146 -0.0933744 0.303811
    outer loop
      vertex 49.2215 -6.48013 56
      vertex 49.5399 -3.24702 56
      vertex 46.6909 -6.14697 64
    endloop
  endfacet
  facet normal 0.9564 -0.0942044 0.276451
    outer loop
      vertex 46.9929 -3.08008 64
      vertex 45.8441 -3.00478 68
      vertex 45.5494 -5.99669 68
    endloop
  endfacet
  facet normal 0.956397 -0.0941774 0.27647
    outer loop
      vertex 46.6909 -6.14697 64
      vertex 46.9929 -3.08008 64
      vertex 45.5494 -5.99669 68
    endloop
  endfacet
  facet normal 0.970218 -0.0955525 0.222589
    outer loop
      vertex 45.8441 -3.00478 68
      vertex 44.9323 -2.94502 72
      vertex 44.6435 -5.87743 72
    endloop
  endfacet
  facet normal 0.970219 -0.0955656 0.22258
    outer loop
      vertex 45.5494 -5.99669 68
      vertex 45.8441 -3.00478 68
      vertex 44.6435 -5.87743 72
    endloop
  endfacet
  facet normal 0.984664 -0.0969963 0.145011
    outer loop
      vertex 44.9323 -2.94502 72
      vertex 44.347 -2.90665 76
      vertex 44.0619 -5.80086 76
    endloop
  endfacet
  facet normal 0.984664 -0.0969752 0.145026
    outer loop
      vertex 44.6435 -5.87743 72
      vertex 44.9323 -2.94502 72
      vertex 44.0619 -5.80086 76
    endloop
  endfacet
  facet normal 0.993916 -0.0979065 0.0504418
    outer loop
      vertex 44.347 -2.90665 76
      vertex 44.1453 -2.89343 80
      vertex 43.8615 -5.77448 80
    endloop
  endfacet
  facet normal 0.993916 -0.0979077 0.0504409
    outer loop
      vertex 44.0619 -5.80086 76
      vertex 44.347 -2.90665 76
      vertex 43.8615 -5.77448 80
    endloop
  endfacet
  facet normal -0.995183 0.0980313 0
    outer loop
      vertex 43.8615 -5.77448 0
      vertex 44.1453 -2.89343 80
      vertex 44.1453 -2.89343 0
    endloop
  endfacet
  facet normal -0.995183 0.0980313 0
    outer loop
      vertex 44.1453 -2.89343 80
      vertex 43.8615 -5.77448 0
      vertex 43.8615 -5.77448 80
    endloop
  endfacet
  facet normal 0.993916 -0.0979077 -0.0504418
    outer loop
      vertex 44.1453 -2.89343 0
      vertex 44.347 -2.90665 4
      vertex 44.0619 -5.80086 4
    endloop
  endfacet
  facet normal 0.993917 -0.0979065 -0.0504409
    outer loop
      vertex 44.1453 -2.89343 0
      vertex 44.0619 -5.80086 4
      vertex 43.8615 -5.77448 0
    endloop
  endfacet
  facet normal 0.976212 -0.161177 -0.145027
    outer loop
      vertex 44.6435 -5.87743 8
      vertex 44.1635 -8.78467 8
      vertex 44.0619 -5.80086 4
    endloop
  endfacet
  facet normal 0.976216 -0.161162 -0.145015
    outer loop
      vertex 44.0619 -5.80086 4
      vertex 44.1635 -8.78467 8
      vertex 43.5882 -8.67023 4
    endloop
  endfacet
  facet normal 0.961894 -0.1588 -0.22258
    outer loop
      vertex 45.5494 -5.99669 12
      vertex 45.0597 -8.96293 12
      vertex 44.6435 -5.87743 8
    endloop
  endfacet
  facet normal 0.96189 -0.158813 -0.222589
    outer loop
      vertex 44.6435 -5.87743 8
      vertex 45.0597 -8.96293 12
      vertex 44.1635 -8.78467 8
    endloop
  endfacet
  facet normal 0.948186 -0.156547 -0.27647
    outer loop
      vertex 46.6909 -6.14697 16
      vertex 46.1889 -9.18753 16
      vertex 45.5494 -5.99669 12
    endloop
  endfacet
  facet normal 0.94819 -0.156538 -0.276464
    outer loop
      vertex 45.5494 -5.99669 12
      vertex 46.1889 -9.18753 16
      vertex 45.0597 -8.96293 12
    endloop
  endfacet
  facet normal 0.940007 -0.155193 -0.303811
    outer loop
      vertex 49.2215 -6.48013 24
      vertex 48.6923 -9.6855 24
      vertex 46.6909 -6.14697 16
    endloop
  endfacet
  facet normal 0.940007 -0.155196 -0.303812
    outer loop
      vertex 46.6909 -6.14697 16
      vertex 48.6923 -9.6855 24
      vertex 46.1889 -9.18753 16
    endloop
  endfacet
  facet normal 0.948186 -0.156552 -0.27647
    outer loop
      vertex 50.363 -6.63041 28
      vertex 49.8215 -9.91011 28
      vertex 49.2215 -6.48013 24
    endloop
  endfacet
  facet normal 0.948189 -0.156544 -0.276464
    outer loop
      vertex 49.2215 -6.48013 24
      vertex 49.8215 -9.91011 28
      vertex 48.6923 -9.6855 24
    endloop
  endfacet
  facet normal 0.961899 -0.158803 -0.222557
    outer loop
      vertex 51.2688 -6.74967 32
      vertex 50.7176 -10.0884 32
      vertex 50.363 -6.63041 28
    endloop
  endfacet
  facet normal 0.961895 -0.158815 -0.222567
    outer loop
      vertex 50.363 -6.63041 28
      vertex 50.7176 -10.0884 32
      vertex 49.8215 -9.91011 28
    endloop
  endfacet
  facet normal 0.976216 -0.161153 -0.145027
    outer loop
      vertex 51.8504 -6.82624 36
      vertex 51.293 -10.2028 36
      vertex 51.2688 -6.74967 32
    endloop
  endfacet
  facet normal 0.976212 -0.161165 -0.145037
    outer loop
      vertex 51.2688 -6.74967 32
      vertex 51.293 -10.2028 36
      vertex 50.7176 -10.0884 32
    endloop
  endfacet
  facet normal 0.985383 -0.16271 -0.0504654
    outer loop
      vertex 51.8504 -6.82624 36
      vertex 52.0509 -6.85262 40
      vertex 51.4912 -10.2422 40
    endloop
  endfacet
  facet normal 0.985391 -0.162668 -0.0504284
    outer loop
      vertex 51.8504 -6.82624 36
      vertex 51.4912 -10.2422 40
      vertex 51.293 -10.2028 36
    endloop
  endfacet
  facet normal 0.98539 -0.162667 0.0504654
    outer loop
      vertex 52.0509 -6.85262 40
      vertex 51.8504 -6.82624 44
      vertex 51.293 -10.2028 44
    endloop
  endfacet
  facet normal 0.985384 -0.16271 0.0504285
    outer loop
      vertex 51.4912 -10.2422 40
      vertex 52.0509 -6.85262 40
      vertex 51.293 -10.2028 44
    endloop
  endfacet
  facet normal 0.976214 -0.161166 0.145027
    outer loop
      vertex 51.8504 -6.82624 44
      vertex 51.2688 -6.74967 48
      vertex 50.7176 -10.0884 48
    endloop
  endfacet
  facet normal 0.976214 -0.161153 0.145037
    outer loop
      vertex 51.293 -10.2028 44
      vertex 51.8504 -6.82624 44
      vertex 50.7176 -10.0884 48
    endloop
  endfacet
  facet normal 0.961897 -0.158816 0.222557
    outer loop
      vertex 51.2688 -6.74967 48
      vertex 50.363 -6.63041 52
      vertex 49.8215 -9.91011 52
    endloop
  endfacet
  facet normal 0.961897 -0.158802 0.222567
    outer loop
      vertex 50.7176 -10.0884 48
      vertex 51.2688 -6.74967 48
      vertex 49.8215 -9.91011 52
    endloop
  endfacet
  facet normal 0.948187 -0.156544 0.27647
    outer loop
      vertex 50.363 -6.63041 52
      vertex 49.2215 -6.48013 56
      vertex 48.6923 -9.6855 56
    endloop
  endfacet
  facet normal 0.948187 -0.156552 0.276464
    outer loop
      vertex 49.8215 -9.91011 52
      vertex 50.363 -6.63041 52
      vertex 48.6923 -9.6855 56
    endloop
  endfacet
  facet normal 0.940007 -0.155196 0.303811
    outer loop
      vertex 49.2215 -6.48013 56
      vertex 46.6909 -6.14697 64
      vertex 46.1889 -9.18753 64
    endloop
  endfacet
  facet normal 0.940007 -0.155193 0.303812
    outer loop
      vertex 48.6923 -9.6855 56
      vertex 49.2215 -6.48013 56
      vertex 46.1889 -9.18753 64
    endloop
  endfacet
  facet normal 0.948188 -0.156537 0.27647
    outer loop
      vertex 46.6909 -6.14697 64
      vertex 45.5494 -5.99669 68
      vertex 45.0597 -8.96293 68
    endloop
  endfacet
  facet normal 0.948188 -0.156547 0.276464
    outer loop
      vertex 46.1889 -9.18753 64
      vertex 46.6909 -6.14697 64
      vertex 45.0597 -8.96293 68
    endloop
  endfacet
  facet normal 0.961892 -0.158813 0.22258
    outer loop
      vertex 45.5494 -5.99669 68
      vertex 44.6435 -5.87743 72
      vertex 44.1635 -8.78467 72
    endloop
  endfacet
  facet normal 0.961892 -0.1588 0.222589
    outer loop
      vertex 45.0597 -8.96293 68
      vertex 45.5494 -5.99669 68
      vertex 44.1635 -8.78467 72
    endloop
  endfacet
  facet normal 0.976214 -0.161162 0.145027
    outer loop
      vertex 44.6435 -5.87743 72
      vertex 44.0619 -5.80086 76
      vertex 43.5882 -8.67023 76
    endloop
  endfacet
  facet normal 0.976213 -0.161178 0.145015
    outer loop
      vertex 44.1635 -8.78467 72
      vertex 44.6435 -5.87743 72
      vertex 43.5882 -8.67023 76
    endloop
  endfacet
  facet normal 0.985386 -0.162695 0.0504408
    outer loop
      vertex 44.0619 -5.80086 76
      vertex 43.8615 -5.77448 80
      vertex 43.3899 -8.63079 80
    endloop
  endfacet
  facet normal 0.985389 -0.162676 0.0504546
    outer loop
      vertex 43.5882 -8.67023 76
      vertex 44.0619 -5.80086 76
      vertex 43.3899 -8.63079 80
    endloop
  endfacet
  facet normal -0.986642 0.162903 0
    outer loop
      vertex 43.3899 -8.63079 0
      vertex 43.8615 -5.77448 80
      vertex 43.8615 -5.77448 0
    endloop
  endfacet
  facet normal -0.986642 0.162903 0
    outer loop
      vertex 43.8615 -5.77448 80
      vertex 43.3899 -8.63079 0
      vertex 43.3899 -8.63079 80
    endloop
  endfacet
  facet normal 0.985389 -0.162676 -0.0504409
    outer loop
      vertex 43.8615 -5.77448 0
      vertex 44.0619 -5.80086 4
      vertex 43.5882 -8.67023 4
    endloop
  endfacet
  facet normal 0.985386 -0.162695 -0.0504547
    outer loop
      vertex 43.8615 -5.77448 0
      vertex 43.5882 -8.67023 4
      vertex 43.3899 -8.63079 0
    endloop
  endfacet
  facet normal 0.963583 -0.224675 -0.145015
    outer loop
      vertex 43.5882 -8.67023 4
      vertex 44.1635 -8.78467 8
      vertex 43.4944 -11.6543 8
    endloop
  endfacet
  facet normal 0.963582 -0.224678 -0.145018
    outer loop
      vertex 43.5882 -8.67023 4
      vertex 43.4944 -11.6543 8
      vertex 42.9278 -11.5025 4
    endloop
  endfacet
  facet normal 0.949444 -0.221385 -0.222589
    outer loop
      vertex 45.0597 -8.96293 12
      vertex 44.377 -11.8908 12
      vertex 44.1635 -8.78467 8
    endloop
  endfacet
  facet normal 0.949446 -0.221378 -0.222584
    outer loop
      vertex 44.1635 -8.78467 8
      vertex 44.377 -11.8908 12
      vertex 43.4944 -11.6543 8
    endloop
  endfacet
  facet normal 0.935919 -0.218226 -0.276463
    outer loop
      vertex 46.1889 -9.18753 16
      vertex 45.4891 -12.1888 16
      vertex 45.0597 -8.96293 12
    endloop
  endfacet
  facet normal 0.935918 -0.218231 -0.276467
    outer loop
      vertex 45.0597 -8.96293 12
      vertex 45.4891 -12.1888 16
      vertex 44.377 -11.8908 12
    endloop
  endfacet
  facet normal 0.927845 -0.216338 -0.303812
    outer loop
      vertex 48.6923 -9.6855 24
      vertex 47.9546 -12.8494 24
      vertex 46.1889 -9.18753 16
    endloop
  endfacet
  facet normal 0.927843 -0.216343 -0.303814
    outer loop
      vertex 46.1889 -9.18753 16
      vertex 47.9546 -12.8494 24
      vertex 45.4891 -12.1888 16
    endloop
  endfacet
  facet normal 0.935921 -0.218218 -0.276464
    outer loop
      vertex 49.8215 -9.91011 28
      vertex 49.0667 -13.1474 28
      vertex 48.6923 -9.6855 24
    endloop
  endfacet
  facet normal 0.93592 -0.218221 -0.276467
    outer loop
      vertex 48.6923 -9.6855 24
      vertex 49.0667 -13.1474 28
      vertex 47.9546 -12.8494 24
    endloop
  endfacet
  facet normal 0.94945 -0.22138 -0.222568
    outer loop
      vertex 50.7176 -10.0884 32
      vertex 49.9492 -13.3839 32
      vertex 49.8215 -9.91011 28
    endloop
  endfacet
  facet normal 0.949453 -0.221372 -0.222562
    outer loop
      vertex 49.8215 -9.91011 28
      vertex 49.9492 -13.3839 32
      vertex 49.0667 -13.1474 28
    endloop
  endfacet
  facet normal 0.963575 -0.224696 -0.145037
    outer loop
      vertex 50.7176 -10.0884 32
      vertex 51.293 -10.2028 36
      vertex 50.5158 -13.5357 36
    endloop
  endfacet
  facet normal 0.963582 -0.224675 -0.145018
    outer loop
      vertex 50.7176 -10.0884 32
      vertex 50.5158 -13.5357 36
      vertex 49.9492 -13.3839 32
    endloop
  endfacet
  facet normal 0.97264 -0.226779 -0.0504281
    outer loop
      vertex 51.293 -10.2028 36
      vertex 51.4912 -10.2422 40
      vertex 50.7111 -13.588 40
    endloop
  endfacet
  facet normal 0.972632 -0.226808 -0.0504543
    outer loop
      vertex 51.293 -10.2028 36
      vertex 50.7111 -13.588 40
      vertex 50.5158 -13.5357 36
    endloop
  endfacet
  facet normal 0.972633 -0.226809 0.050428
    outer loop
      vertex 51.4912 -10.2422 40
      vertex 51.293 -10.2028 44
      vertex 50.5158 -13.5357 44
    endloop
  endfacet
  facet normal 0.972639 -0.226778 0.0504542
    outer loop
      vertex 50.7111 -13.588 40
      vertex 51.4912 -10.2422 40
      vertex 50.5158 -13.5357 44
    endloop
  endfacet
  facet normal 0.96358 -0.224674 0.145037
    outer loop
      vertex 51.293 -10.2028 44
      vertex 50.7176 -10.0884 48
      vertex 49.9492 -13.3839 48
    endloop
  endfacet
  facet normal 0.963577 -0.224697 0.145018
    outer loop
      vertex 50.5158 -13.5357 44
      vertex 51.293 -10.2028 44
      vertex 49.9492 -13.3839 48
    endloop
  endfacet
  facet normal 0.949451 -0.221372 0.222568
    outer loop
      vertex 50.7176 -10.0884 48
      vertex 49.8215 -9.91011 52
      vertex 49.0667 -13.1474 52
    endloop
  endfacet
  facet normal 0.949451 -0.22138 0.222562
    outer loop
      vertex 49.9492 -13.3839 48
      vertex 50.7176 -10.0884 48
      vertex 49.0667 -13.1474 52
    endloop
  endfacet
  facet normal 0.935921 -0.218221 0.276464
    outer loop
      vertex 49.8215 -9.91011 52
      vertex 48.6923 -9.6855 56
      vertex 47.9546 -12.8494 56
    endloop
  endfacet
  facet normal 0.935921 -0.218217 0.276467
    outer loop
      vertex 49.0667 -13.1474 52
      vertex 49.8215 -9.91011 52
      vertex 47.9546 -12.8494 56
    endloop
  endfacet
  facet normal 0.927844 -0.216343 0.303812
    outer loop
      vertex 48.6923 -9.6855 56
      vertex 46.1889 -9.18753 64
      vertex 45.4891 -12.1888 64
    endloop
  endfacet
  facet normal 0.927844 -0.216338 0.303814
    outer loop
      vertex 47.9546 -12.8494 56
      vertex 48.6923 -9.6855 56
      vertex 45.4891 -12.1888 64
    endloop
  endfacet
  facet normal 0.935918 -0.218231 0.276463
    outer loop
      vertex 46.1889 -9.18753 64
      vertex 45.0597 -8.96293 68
      vertex 44.377 -11.8908 68
    endloop
  endfacet
  facet normal 0.935919 -0.218226 0.276467
    outer loop
      vertex 45.4891 -12.1888 64
      vertex 46.1889 -9.18753 64
      vertex 44.377 -11.8908 68
    endloop
  endfacet
  facet normal 0.949445 -0.221378 0.222589
    outer loop
      vertex 45.0597 -8.96293 68
      vertex 44.1635 -8.78467 72
      vertex 43.4944 -11.6543 72
    endloop
  endfacet
  facet normal 0.949445 -0.221385 0.222584
    outer loop
      vertex 44.377 -11.8908 68
      vertex 45.0597 -8.96293 68
      vertex 43.4944 -11.6543 72
    endloop
  endfacet
  facet normal 0.963582 -0.224678 0.145015
    outer loop
      vertex 44.1635 -8.78467 72
      vertex 43.5882 -8.67023 76
      vertex 42.9278 -11.5025 76
    endloop
  endfacet
  facet normal 0.963582 -0.224675 0.145018
    outer loop
      vertex 43.4944 -11.6543 72
      vertex 44.1635 -8.78467 72
      vertex 42.9278 -11.5025 76
    endloop
  endfacet
  facet normal 0.972636 -0.226789 0.0504546
    outer loop
      vertex 43.5882 -8.67023 76
      vertex 43.3899 -8.63079 80
      vertex 42.7325 -11.4502 80
    endloop
  endfacet
  facet normal 0.972636 -0.226789 0.0504542
    outer loop
      vertex 42.9278 -11.5025 76
      vertex 43.5882 -8.67023 76
      vertex 42.7325 -11.4502 80
    endloop
  endfacet
  facet normal -0.973877 0.227078 0
    outer loop
      vertex 42.7325 -11.4502 0
      vertex 43.3899 -8.63079 80
      vertex 43.3899 -8.63079 0
    endloop
  endfacet
  facet normal -0.973877 0.227078 0
    outer loop
      vertex 43.3899 -8.63079 80
      vertex 42.7325 -11.4502 0
      vertex 42.7325 -11.4502 80
    endloop
  endfacet
  facet normal 0.972636 -0.226789 -0.0504546
    outer loop
      vertex 43.3899 -8.63079 0
      vertex 43.5882 -8.67023 4
      vertex 42.9278 -11.5025 4
    endloop
  endfacet
  facet normal 0.972636 -0.226789 -0.0504542
    outer loop
      vertex 43.3899 -8.63079 0
      vertex 42.9278 -11.5025 4
      vertex 42.7325 -11.4502 0
    endloop
  endfacet
  facet normal 0.946829 -0.287202 -0.145018
    outer loop
      vertex 42.9278 -11.5025 4
      vertex 43.4944 -11.6543 8
      vertex 42.6391 -14.474 8
    endloop
  endfacet
  facet normal 0.946825 -0.287211 -0.145025
    outer loop
      vertex 42.9278 -11.5025 4
      vertex 42.6391 -14.474 8
      vertex 42.0836 -14.2855 4
    endloop
  endfacet
  facet normal 0.932934 -0.283003 -0.222584
    outer loop
      vertex 44.377 -11.8908 12
      vertex 43.5043 -14.7677 12
      vertex 43.4944 -11.6543 8
    endloop
  endfacet
  facet normal 0.932941 -0.282989 -0.222574
    outer loop
      vertex 43.4944 -11.6543 8
      vertex 43.5043 -14.7677 12
      vertex 42.6391 -14.474 8
    endloop
  endfacet
  facet normal 0.919639 -0.278979 -0.276467
    outer loop
      vertex 45.4891 -12.1888 16
      vertex 44.5945 -15.1378 16
      vertex 44.377 -11.8908 12
    endloop
  endfacet
  facet normal 0.919644 -0.278971 -0.276461
    outer loop
      vertex 44.377 -11.8908 12
      vertex 44.5945 -15.1378 16
      vertex 43.5043 -14.7677 12
    endloop
  endfacet
  facet normal 0.911705 -0.27657 -0.303814
    outer loop
      vertex 47.9546 -12.8494 24
      vertex 47.0115 -15.9583 24
      vertex 45.4891 -12.1888 16
    endloop
  endfacet
  facet normal 0.911704 -0.276572 -0.303815
    outer loop
      vertex 45.4891 -12.1888 16
      vertex 47.0115 -15.9583 24
      vertex 44.5945 -15.1378 16
    endloop
  endfacet
  facet normal 0.919635 -0.278993 -0.276467
    outer loop
      vertex 49.0667 -13.1474 28
      vertex 48.1017 -16.3283 28
      vertex 47.9546 -12.8494 24
    endloop
  endfacet
  facet normal 0.919643 -0.278978 -0.276454
    outer loop
      vertex 47.9546 -12.8494 24
      vertex 48.1017 -16.3283 28
      vertex 47.0115 -15.9583 24
    endloop
  endfacet
  facet normal 0.932936 -0.283013 -0.222562
    outer loop
      vertex 49.0667 -13.1474 28
      vertex 49.9492 -13.3839 32
      vertex 48.9669 -16.622 32
    endloop
  endfacet
  facet normal 0.932929 -0.283026 -0.222574
    outer loop
      vertex 49.0667 -13.1474 28
      vertex 48.9669 -16.622 32
      vertex 48.1017 -16.3283 28
    endloop
  endfacet
  facet normal 0.946827 -0.287208 -0.145018
    outer loop
      vertex 49.9492 -13.3839 32
      vertex 50.5158 -13.5357 36
      vertex 49.5224 -16.8106 36
    endloop
  endfacet
  facet normal 0.94682 -0.287224 -0.145032
    outer loop
      vertex 49.9492 -13.3839 32
      vertex 49.5224 -16.8106 36
      vertex 48.9669 -16.622 32
    endloop
  endfacet
  facet normal 0.95572 -0.28992 -0.0504537
    outer loop
      vertex 50.5158 -13.5357 36
      vertex 50.7111 -13.588 40
      vertex 49.7138 -16.8756 40
    endloop
  endfacet
  facet normal 0.955725 -0.289907 -0.0504424
    outer loop
      vertex 50.5158 -13.5357 36
      vertex 49.7138 -16.8756 40
      vertex 49.5224 -16.8106 36
    endloop
  endfacet
  facet normal 0.955724 -0.289907 0.0504538
    outer loop
      vertex 50.7111 -13.588 40
      vertex 50.5158 -13.5357 44
      vertex 49.5224 -16.8106 44
    endloop
  endfacet
  facet normal 0.955721 -0.28992 0.0504424
    outer loop
      vertex 49.7138 -16.8756 40
      vertex 50.7111 -13.588 40
      vertex 49.5224 -16.8106 44
    endloop
  endfacet
  facet normal 0.946822 -0.287225 0.145018
    outer loop
      vertex 50.5158 -13.5357 44
      vertex 49.9492 -13.3839 48
      vertex 48.9669 -16.622 48
    endloop
  endfacet
  facet normal 0.946825 -0.287208 0.145032
    outer loop
      vertex 49.5224 -16.8106 44
      vertex 50.5158 -13.5357 44
      vertex 48.9669 -16.622 48
    endloop
  endfacet
  facet normal 0.932932 -0.283027 0.222562
    outer loop
      vertex 49.9492 -13.3839 48
      vertex 49.0667 -13.1474 52
      vertex 48.1017 -16.3283 52
    endloop
  endfacet
  facet normal 0.932934 -0.283012 0.222574
    outer loop
      vertex 48.9669 -16.622 48
      vertex 49.9492 -13.3839 48
      vertex 48.1017 -16.3283 52
    endloop
  endfacet
  facet normal 0.91964 -0.278977 0.276467
    outer loop
      vertex 49.0667 -13.1474 52
      vertex 47.9546 -12.8494 56
      vertex 47.0115 -15.9583 56
    endloop
  endfacet
  facet normal 0.919639 -0.278994 0.276454
    outer loop
      vertex 48.1017 -16.3283 52
      vertex 49.0667 -13.1474 52
      vertex 47.0115 -15.9583 56
    endloop
  endfacet
  facet normal 0.911704 -0.276572 0.303814
    outer loop
      vertex 47.9546 -12.8494 56
      vertex 45.4891 -12.1888 64
      vertex 44.5945 -15.1378 64
    endloop
  endfacet
  facet normal 0.911705 -0.27657 0.303815
    outer loop
      vertex 47.0115 -15.9583 56
      vertex 47.9546 -12.8494 56
      vertex 44.5945 -15.1378 64
    endloop
  endfacet
  facet normal 0.919642 -0.278971 0.276467
    outer loop
      vertex 45.4891 -12.1888 64
      vertex 44.377 -11.8908 68
      vertex 43.5043 -14.7677 68
    endloop
  endfacet
  facet normal 0.919641 -0.27898 0.276461
    outer loop
      vertex 44.5945 -15.1378 64
      vertex 45.4891 -12.1888 64
      vertex 43.5043 -14.7677 68
    endloop
  endfacet
  facet normal 0.932938 -0.282988 0.222585
    outer loop
      vertex 44.377 -11.8908 68
      vertex 43.4944 -11.6543 72
      vertex 42.6391 -14.474 72
    endloop
  endfacet
  facet normal 0.932936 -0.283004 0.222574
    outer loop
      vertex 43.5043 -14.7677 68
      vertex 44.377 -11.8908 68
      vertex 42.6391 -14.474 72
    endloop
  endfacet
  facet normal 0.946826 -0.287212 0.145018
    outer loop
      vertex 43.4944 -11.6543 72
      vertex 42.9278 -11.5025 76
      vertex 42.0836 -14.2855 76
    endloop
  endfacet
  facet normal 0.946828 -0.287201 0.145025
    outer loop
      vertex 42.6391 -14.474 72
      vertex 43.4944 -11.6543 72
      vertex 42.0836 -14.2855 76
    endloop
  endfacet
  facet normal 0.955727 -0.289896 0.0504538
    outer loop
      vertex 42.9278 -11.5025 76
      vertex 42.7325 -11.4502 80
      vertex 41.8922 -14.2205 80
    endloop
  endfacet
  facet normal 0.955723 -0.289911 0.0504424
    outer loop
      vertex 42.0836 -14.2855 76
      vertex 42.9278 -11.5025 76
      vertex 41.8922 -14.2205 80
    endloop
  endfacet
  facet normal -0.956946 0.290265 0
    outer loop
      vertex 41.8922 -14.2205 0
      vertex 42.7325 -11.4502 80
      vertex 42.7325 -11.4502 0
    endloop
  endfacet
  facet normal -0.956946 0.290265 0
    outer loop
      vertex 42.7325 -11.4502 80
      vertex 41.8922 -14.2205 0
      vertex 41.8922 -14.2205 80
    endloop
  endfacet
  facet normal 0.955723 -0.289911 -0.0504538
    outer loop
      vertex 42.7325 -11.4502 0
      vertex 42.9278 -11.5025 4
      vertex 42.0836 -14.2855 4
    endloop
  endfacet
  facet normal 0.955728 -0.289896 -0.0504424
    outer loop
      vertex 42.7325 -11.4502 0
      vertex 42.0836 -14.2855 4
      vertex 41.8922 -14.2205 0
    endloop
  endfacet
  facet normal 0.926007 -0.348537 -0.145024
    outer loop
      vertex 42.0836 -14.2855 4
      vertex 42.6391 -14.474 8
      vertex 41.6011 -17.2318 8
    endloop
  endfacet
  facet normal 0.926015 -0.348523 -0.145013
    outer loop
      vertex 42.0836 -14.2855 4
      vertex 41.6011 -17.2318 8
      vertex 41.0592 -17.0073 4
    endloop
  endfacet
  facet normal 0.91243 -0.343414 -0.222574
    outer loop
      vertex 42.6391 -14.474 8
      vertex 43.5043 -14.7677 12
      vertex 42.4453 -17.5814 12
    endloop
  endfacet
  facet normal 0.912424 -0.343424 -0.222582
    outer loop
      vertex 42.6391 -14.474 8
      vertex 42.4453 -17.5814 12
      vertex 41.6011 -17.2318 8
    endloop
  endfacet
  facet normal 0.899423 -0.338539 -0.276461
    outer loop
      vertex 44.5945 -15.1378 16
      vertex 43.5089 -18.022 16
      vertex 43.5043 -14.7677 12
    endloop
  endfacet
  facet normal 0.899433 -0.338522 -0.276447
    outer loop
      vertex 43.5043 -14.7677 12
      vertex 43.5089 -18.022 16
      vertex 42.4453 -17.5814 12
    endloop
  endfacet
  facet normal 0.891663 -0.335609 -0.303815
    outer loop
      vertex 47.0115 -15.9583 24
      vertex 45.8671 -18.9988 24
      vertex 44.5945 -15.1378 16
    endloop
  endfacet
  facet normal 0.891659 -0.335617 -0.303818
    outer loop
      vertex 44.5945 -15.1378 16
      vertex 45.8671 -18.9988 24
      vertex 43.5089 -18.022 16
    endloop
  endfacet
  facet normal 0.899435 -0.338513 -0.276453
    outer loop
      vertex 47.0115 -15.9583 24
      vertex 48.1017 -16.3283 28
      vertex 46.9308 -19.4394 28
    endloop
  endfacet
  facet normal 0.899424 -0.33853 -0.276468
    outer loop
      vertex 47.0115 -15.9583 24
      vertex 46.9308 -19.4394 28
      vertex 45.8671 -18.9988 24
    endloop
  endfacet
  facet normal 0.912427 -0.343421 -0.222574
    outer loop
      vertex 48.1017 -16.3283 28
      vertex 48.9669 -16.622 32
      vertex 47.7749 -19.789 32
    endloop
  endfacet
  facet normal 0.912436 -0.343406 -0.22256
    outer loop
      vertex 48.1017 -16.3283 28
      vertex 47.7749 -19.789 32
      vertex 46.9308 -19.4394 28
    endloop
  endfacet
  facet normal 0.926009 -0.348529 -0.145033
    outer loop
      vertex 48.9669 -16.622 32
      vertex 49.5224 -16.8106 36
      vertex 48.3169 -20.0135 36
    endloop
  endfacet
  facet normal 0.926008 -0.348532 -0.145035
    outer loop
      vertex 48.9669 -16.622 32
      vertex 48.3169 -20.0135 36
      vertex 47.7749 -19.789 32
    endloop
  endfacet
  facet normal 0.93472 -0.351788 -0.0504429
    outer loop
      vertex 49.5224 -16.8106 36
      vertex 49.7138 -16.8756 40
      vertex 48.5037 -20.0909 40
    endloop
  endfacet
  facet normal 0.934712 -0.351805 -0.0504585
    outer loop
      vertex 49.5224 -16.8106 36
      vertex 48.5037 -20.0909 40
      vertex 48.3169 -20.0135 36
    endloop
  endfacet
  facet normal 0.934713 -0.351805 0.0504429
    outer loop
      vertex 49.7138 -16.8756 40
      vertex 49.5224 -16.8106 44
      vertex 48.3169 -20.0135 44
    endloop
  endfacet
  facet normal 0.934719 -0.351788 0.0504585
    outer loop
      vertex 48.5037 -20.0909 40
      vertex 49.7138 -16.8756 40
      vertex 48.3169 -20.0135 44
    endloop
  endfacet
  facet normal 0.926008 -0.348532 0.145033
    outer loop
      vertex 49.5224 -16.8106 44
      vertex 48.9669 -16.622 48
      vertex 47.7749 -19.789 48
    endloop
  endfacet
  facet normal 0.926009 -0.348529 0.145035
    outer loop
      vertex 48.3169 -20.0135 44
      vertex 49.5224 -16.8106 44
      vertex 47.7749 -19.789 48
    endloop
  endfacet
  facet normal 0.912433 -0.343405 0.222574
    outer loop
      vertex 48.9669 -16.622 48
      vertex 48.1017 -16.3283 52
      vertex 46.9308 -19.4394 52
    endloop
  endfacet
  facet normal 0.91243 -0.343422 0.222561
    outer loop
      vertex 47.7749 -19.789 48
      vertex 48.9669 -16.622 48
      vertex 46.9308 -19.4394 52
    endloop
  endfacet
  facet normal 0.899428 -0.338531 0.276453
    outer loop
      vertex 48.1017 -16.3283 52
      vertex 47.0115 -15.9583 56
      vertex 45.8671 -18.9988 56
    endloop
  endfacet
  facet normal 0.899431 -0.338512 0.276468
    outer loop
      vertex 46.9308 -19.4394 52
      vertex 48.1017 -16.3283 52
      vertex 45.8671 -18.9988 56
    endloop
  endfacet
  facet normal 0.89166 -0.335617 0.303815
    outer loop
      vertex 47.0115 -15.9583 56
      vertex 44.5945 -15.1378 64
      vertex 43.5089 -18.022 64
    endloop
  endfacet
  facet normal 0.891662 -0.335609 0.303818
    outer loop
      vertex 45.8671 -18.9988 56
      vertex 47.0115 -15.9583 56
      vertex 43.5089 -18.022 64
    endloop
  endfacet
  facet normal 0.899429 -0.338521 0.276461
    outer loop
      vertex 44.5945 -15.1378 64
      vertex 43.5043 -14.7677 68
      vertex 42.4453 -17.5814 68
    endloop
  endfacet
  facet normal 0.899426 -0.33854 0.276448
    outer loop
      vertex 43.5089 -18.022 64
      vertex 44.5945 -15.1378 64
      vertex 42.4453 -17.5814 68
    endloop
  endfacet
  facet normal 0.912425 -0.343425 0.222574
    outer loop
      vertex 43.5043 -14.7677 68
      vertex 42.6391 -14.474 72
      vertex 41.6011 -17.2318 72
    endloop
  endfacet
  facet normal 0.912428 -0.343413 0.222582
    outer loop
      vertex 42.4453 -17.5814 68
      vertex 43.5043 -14.7677 68
      vertex 41.6011 -17.2318 72
    endloop
  endfacet
  facet normal 0.926013 -0.348522 0.145024
    outer loop
      vertex 42.6391 -14.474 72
      vertex 42.0836 -14.2855 76
      vertex 41.0592 -17.0073 76
    endloop
  endfacet
  facet normal 0.926009 -0.348538 0.145013
    outer loop
      vertex 41.6011 -17.2318 72
      vertex 42.6391 -14.474 72
      vertex 41.0592 -17.0073 76
    endloop
  endfacet
  facet normal 0.934708 -0.351818 0.0504428
    outer loop
      vertex 42.0836 -14.2855 76
      vertex 41.8922 -14.2205 80
      vertex 40.8724 -16.9299 80
    endloop
  endfacet
  facet normal 0.934715 -0.351797 0.0504585
    outer loop
      vertex 41.0592 -17.0073 76
      vertex 42.0836 -14.2855 76
      vertex 40.8724 -16.9299 80
    endloop
  endfacet
  facet normal -0.9359 0.352266 0
    outer loop
      vertex 40.8724 -16.9299 0
      vertex 41.8922 -14.2205 80
      vertex 41.8922 -14.2205 0
    endloop
  endfacet
  facet normal -0.9359 0.352266 0
    outer loop
      vertex 41.8922 -14.2205 80
      vertex 40.8724 -16.9299 0
      vertex 40.8724 -16.9299 80
    endloop
  endfacet
  facet normal 0.934716 -0.351798 -0.0504429
    outer loop
      vertex 41.8922 -14.2205 0
      vertex 42.0836 -14.2855 4
      vertex 41.0592 -17.0073 4
    endloop
  endfacet
  facet normal 0.934708 -0.351818 -0.0504585
    outer loop
      vertex 41.8922 -14.2205 0
      vertex 41.0592 -17.0073 4
      vertex 40.8724 -16.9299 0
    endloop
  endfacet
  facet normal 0.901243 -0.408328 -0.145013
    outer loop
      vertex 41.0592 -17.0073 4
      vertex 41.6011 -17.2318 8
      vertex 40.3851 -19.9157 8
    endloop
  endfacet
  facet normal 0.901218 -0.40837 -0.145048
    outer loop
      vertex 41.0592 -17.0073 4
      vertex 40.3851 -19.9157 8
      vertex 39.8589 -19.6562 4
    endloop
  endfacet
  facet normal 0.888008 -0.402367 -0.222581
    outer loop
      vertex 41.6011 -17.2318 8
      vertex 42.4453 -17.5814 12
      vertex 41.2045 -20.3198 12
    endloop
  endfacet
  facet normal 0.888026 -0.40234 -0.222559
    outer loop
      vertex 41.6011 -17.2318 8
      vertex 41.2045 -20.3198 12
      vertex 40.3851 -19.9157 8
    endloop
  endfacet
  facet normal 0.875371 -0.396614 -0.276448
    outer loop
      vertex 42.4453 -17.5814 12
      vertex 43.5089 -18.022 16
      vertex 42.2371 -20.829 16
    endloop
  endfacet
  facet normal 0.875356 -0.396634 -0.276465
    outer loop
      vertex 42.4453 -17.5814 12
      vertex 42.2371 -20.829 16
      vertex 41.2045 -20.3198 12
    endloop
  endfacet
  facet normal 0.867807 -0.393199 -0.303817
    outer loop
      vertex 45.8671 -18.9988 24
      vertex 44.5263 -21.958 24
      vertex 43.5089 -18.022 16
    endloop
  endfacet
  facet normal 0.867813 -0.39319 -0.303814
    outer loop
      vertex 43.5089 -18.022 16
      vertex 44.5263 -21.958 24
      vertex 42.2371 -20.829 16
    endloop
  endfacet
  facet normal 0.875359 -0.396626 -0.276468
    outer loop
      vertex 45.8671 -18.9988 24
      vertex 46.9308 -19.4394 28
      vertex 45.5589 -22.4672 28
    endloop
  endfacet
  facet normal 0.875362 -0.396622 -0.276465
    outer loop
      vertex 45.8671 -18.9988 24
      vertex 45.5589 -22.4672 28
      vertex 44.5263 -21.958 24
    endloop
  endfacet
  facet normal 0.888026 -0.402339 -0.22256
    outer loop
      vertex 46.9308 -19.4394 28
      vertex 47.7749 -19.789 32
      vertex 46.3784 -22.8713 32
    endloop
  endfacet
  facet normal 0.888012 -0.402359 -0.22258
    outer loop
      vertex 46.9308 -19.4394 28
      vertex 46.3784 -22.8713 32
      vertex 45.5589 -22.4672 28
    endloop
  endfacet
  facet normal 0.901231 -0.408347 -0.145035
    outer loop
      vertex 47.7749 -19.789 32
      vertex 48.3169 -20.0135 36
      vertex 46.9045 -23.1307 36
    endloop
  endfacet
  facet normal 0.901243 -0.408327 -0.145016
    outer loop
      vertex 47.7749 -19.789 32
      vertex 46.9045 -23.1307 36
      vertex 46.3784 -22.8713 32
    endloop
  endfacet
  facet normal 0.9097 -0.412189 -0.0504588
    outer loop
      vertex 48.3169 -20.0135 36
      vertex 48.5037 -20.0909 40
      vertex 47.0858 -23.2202 40
    endloop
  endfacet
  facet normal 0.909702 -0.412185 -0.0504549
    outer loop
      vertex 48.3169 -20.0135 36
      vertex 47.0858 -23.2202 40
      vertex 46.9045 -23.1307 36
    endloop
  endfacet
  facet normal 0.909702 -0.412185 0.0504589
    outer loop
      vertex 48.5037 -20.0909 40
      vertex 48.3169 -20.0135 44
      vertex 46.9045 -23.1307 44
    endloop
  endfacet
  facet normal 0.9097 -0.412189 0.0504549
    outer loop
      vertex 47.0858 -23.2202 40
      vertex 48.5037 -20.0909 40
      vertex 46.9045 -23.1307 44
    endloop
  endfacet
  facet normal 0.901241 -0.408326 0.145035
    outer loop
      vertex 48.3169 -20.0135 44
      vertex 47.7749 -19.789 48
      vertex 46.3784 -22.8713 48
    endloop
  endfacet
  facet normal 0.901234 -0.408348 0.145016
    outer loop
      vertex 46.9045 -23.1307 44
      vertex 48.3169 -20.0135 44
      vertex 46.3784 -22.8713 48
    endloop
  endfacet
  facet normal 0.888016 -0.402361 0.22256
    outer loop
      vertex 47.7749 -19.789 48
      vertex 46.9308 -19.4394 52
      vertex 45.5589 -22.4672 52
    endloop
  endfacet
  facet normal 0.888022 -0.402337 0.22258
    outer loop
      vertex 46.3784 -22.8713 48
      vertex 47.7749 -19.789 48
      vertex 45.5589 -22.4672 52
    endloop
  endfacet
  facet normal 0.875361 -0.396622 0.276468
    outer loop
      vertex 46.9308 -19.4394 52
      vertex 45.8671 -18.9988 56
      vertex 44.5263 -21.958 56
    endloop
  endfacet
  facet normal 0.87536 -0.396627 0.276465
    outer loop
      vertex 45.5589 -22.4672 52
      vertex 46.9308 -19.4394 52
      vertex 44.5263 -21.958 56
    endloop
  endfacet
  facet normal 0.867812 -0.393189 0.303818
    outer loop
      vertex 45.8671 -18.9988 56
      vertex 43.5089 -18.022 64
      vertex 42.2371 -20.829 64
    endloop
  endfacet
  facet normal 0.867808 -0.3932 0.303814
    outer loop
      vertex 44.5263 -21.958 56
      vertex 45.8671 -18.9988 56
      vertex 42.2371 -20.829 64
    endloop
  endfacet
  facet normal 0.875361 -0.396636 0.276448
    outer loop
      vertex 43.5089 -18.022 64
      vertex 42.4453 -17.5814 68
      vertex 41.2045 -20.3198 68
    endloop
  endfacet
  facet normal 0.875366 -0.396612 0.276465
    outer loop
      vertex 42.2371 -20.829 64
      vertex 43.5089 -18.022 64
      vertex 41.2045 -20.3198 68
    endloop
  endfacet
  facet normal 0.888021 -0.402338 0.222581
    outer loop
      vertex 42.4453 -17.5814 68
      vertex 41.6011 -17.2318 72
      vertex 40.3851 -19.9157 72
    endloop
  endfacet
  facet normal 0.888013 -0.402369 0.222559
    outer loop
      vertex 41.2045 -20.3198 68
      vertex 42.4453 -17.5814 68
      vertex 40.3851 -19.9157 72
    endloop
  endfacet
  facet normal 0.901223 -0.408373 0.145013
    outer loop
      vertex 41.6011 -17.2318 72
      vertex 41.0592 -17.0073 76
      vertex 39.8589 -19.6562 76
    endloop
  endfacet
  facet normal 0.901239 -0.408326 0.145048
    outer loop
      vertex 40.3851 -19.9157 72
      vertex 41.6011 -17.2318 72
      vertex 39.8589 -19.6562 76
    endloop
  endfacet
  facet normal 0.909699 -0.412192 0.0504588
    outer loop
      vertex 41.0592 -17.0073 76
      vertex 40.8724 -16.9299 80
      vertex 39.6776 -19.5668 80
    endloop
  endfacet
  facet normal 0.909691 -0.41221 0.0504447
    outer loop
      vertex 39.8589 -19.6562 76
      vertex 41.0592 -17.0073 76
      vertex 39.6776 -19.5668 80
    endloop
  endfacet
  facet normal -0.910859 0.412717 0
    outer loop
      vertex 39.6776 -19.5668 0
      vertex 40.8724 -16.9299 80
      vertex 40.8724 -16.9299 0
    endloop
  endfacet
  facet normal -0.910859 0.412717 0
    outer loop
      vertex 40.8724 -16.9299 80
      vertex 39.6776 -19.5668 0
      vertex 39.6776 -19.5668 80
    endloop
  endfacet
  facet normal 0.909691 -0.41221 -0.0504588
    outer loop
      vertex 40.8724 -16.9299 0
      vertex 41.0592 -17.0073 4
      vertex 39.8589 -19.6562 4
    endloop
  endfacet
  facet normal 0.909699 -0.412192 -0.0504446
    outer loop
      vertex 40.8724 -16.9299 0
      vertex 39.8589 -19.6562 4
      vertex 39.6776 -19.5668 0
    endloop
  endfacet
  facet normal 0.872585 -0.466429 -0.145048
    outer loop
      vertex 39.8589 -19.6562 4
      vertex 40.3851 -19.9157 8
      vertex 38.996 -22.5144 8
    endloop
  endfacet
  facet normal 0.872608 -0.466396 -0.14502
    outer loop
      vertex 39.8589 -19.6562 4
      vertex 38.996 -22.5144 8
      vertex 38.488 -22.2211 4
    endloop
  endfacet
  facet normal 0.859802 -0.459573 -0.222559
    outer loop
      vertex 40.3851 -19.9157 8
      vertex 41.2045 -20.3198 12
      vertex 39.7873 -22.9712 12
    endloop
  endfacet
  facet normal 0.85979 -0.459589 -0.222573
    outer loop
      vertex 40.3851 -19.9157 8
      vertex 39.7873 -22.9712 12
      vertex 38.996 -22.5144 8
    endloop
  endfacet
  facet normal 0.847554 -0.453012 -0.276464
    outer loop
      vertex 41.2045 -20.3198 12
      vertex 42.2371 -20.829 16
      vertex 40.7844 -23.5469 16
    endloop
  endfacet
  facet normal 0.847546 -0.453022 -0.276473
    outer loop
      vertex 41.2045 -20.3198 12
      vertex 40.7844 -23.5469 16
      vertex 39.7873 -22.9712 12
    endloop
  endfacet
  facet normal 0.840237 -0.449108 -0.303814
    outer loop
      vertex 44.5263 -21.958 24
      vertex 42.9949 -24.8231 24
      vertex 42.2371 -20.829 16
    endloop
  endfacet
  facet normal 0.840241 -0.449103 -0.303812
    outer loop
      vertex 42.2371 -20.829 16
      vertex 42.9949 -24.8231 24
      vertex 40.7844 -23.5469 16
    endloop
  endfacet
  facet normal 0.847556 -0.453007 -0.276465
    outer loop
      vertex 44.5263 -21.958 24
      vertex 45.5589 -22.4672 28
      vertex 43.992 -25.3988 28
    endloop
  endfacet
  facet normal 0.847549 -0.453016 -0.276473
    outer loop
      vertex 44.5263 -21.958 24
      vertex 43.992 -25.3988 28
      vertex 42.9949 -24.8231 24
    endloop
  endfacet
  facet normal 0.859791 -0.459585 -0.222579
    outer loop
      vertex 45.5589 -22.4672 28
      vertex 46.3784 -22.8713 32
      vertex 44.7832 -25.8556 32
    endloop
  endfacet
  facet normal 0.859812 -0.459558 -0.222552
    outer loop
      vertex 45.5589 -22.4672 28
      vertex 44.7832 -25.8556 32
      vertex 43.992 -25.3988 28
    endloop
  endfacet
  facet normal 0.872606 -0.4664 -0.145016
    outer loop
      vertex 46.3784 -22.8713 32
      vertex 46.9045 -23.1307 36
      vertex 45.2913 -26.1489 36
    endloop
  endfacet
  facet normal 0.872588 -0.466425 -0.145041
    outer loop
      vertex 46.3784 -22.8713 32
      vertex 45.2913 -26.1489 36
      vertex 44.7832 -25.8556 32
    endloop
  endfacet
  facet normal 0.880793 -0.470805 -0.0504562
    outer loop
      vertex 46.9045 -23.1307 36
      vertex 47.0858 -23.2202 40
      vertex 45.4663 -26.25 40
    endloop
  endfacet
  facet normal 0.880806 -0.470783 -0.0504343
    outer loop
      vertex 46.9045 -23.1307 36
      vertex 45.4663 -26.25 40
      vertex 45.2913 -26.1489 36
    endloop
  endfacet
  facet normal 0.880805 -0.470782 0.0504563
    outer loop
      vertex 47.0858 -23.2202 40
      vertex 46.9045 -23.1307 44
      vertex 45.2913 -26.1489 44
    endloop
  endfacet
  facet normal 0.880794 -0.470805 0.0504344
    outer loop
      vertex 45.4663 -26.25 40
      vertex 47.0858 -23.2202 40
      vertex 45.2913 -26.1489 44
    endloop
  endfacet
  facet normal 0.872592 -0.466427 0.145015
    outer loop
      vertex 46.9045 -23.1307 44
      vertex 46.3784 -22.8713 48
      vertex 44.7832 -25.8556 48
    endloop
  endfacet
  facet normal 0.872603 -0.466398 0.145041
    outer loop
      vertex 45.2913 -26.1489 44
      vertex 46.9045 -23.1307 44
      vertex 44.7832 -25.8556 48
    endloop
  endfacet
  facet normal 0.859807 -0.459555 0.222579
    outer loop
      vertex 46.3784 -22.8713 48
      vertex 45.5589 -22.4672 52
      vertex 43.992 -25.3988 52
    endloop
  endfacet
  facet normal 0.859796 -0.459588 0.222553
    outer loop
      vertex 44.7832 -25.8556 48
      vertex 46.3784 -22.8713 48
      vertex 43.992 -25.3988 52
    endloop
  endfacet
  facet normal 0.847551 -0.453017 0.276464
    outer loop
      vertex 45.5589 -22.4672 52
      vertex 44.5263 -21.958 56
      vertex 42.9949 -24.8231 56
    endloop
  endfacet
  facet normal 0.847554 -0.453006 0.276473
    outer loop
      vertex 43.992 -25.3988 52
      vertex 45.5589 -22.4672 52
      vertex 42.9949 -24.8231 56
    endloop
  endfacet
  facet normal 0.84024 -0.449103 0.303814
    outer loop
      vertex 44.5263 -21.958 56
      vertex 42.2371 -20.829 64
      vertex 40.7844 -23.5469 64
    endloop
  endfacet
  facet normal 0.840238 -0.449108 0.303812
    outer loop
      vertex 42.9949 -24.8231 56
      vertex 44.5263 -21.958 56
      vertex 40.7844 -23.5469 64
    endloop
  endfacet
  facet normal 0.847548 -0.453023 0.276464
    outer loop
      vertex 42.2371 -20.829 64
      vertex 41.2045 -20.3198 68
      vertex 39.7873 -22.9712 68
    endloop
  endfacet
  facet normal 0.847552 -0.453011 0.276473
    outer loop
      vertex 40.7844 -23.5469 64
      vertex 42.2371 -20.829 64
      vertex 39.7873 -22.9712 68
    endloop
  endfacet
  facet normal 0.859793 -0.459591 0.222559
    outer loop
      vertex 41.2045 -20.3198 68
      vertex 40.3851 -19.9157 72
      vertex 38.996 -22.5144 72
    endloop
  endfacet
  facet normal 0.8598 -0.459572 0.222573
    outer loop
      vertex 39.7873 -22.9712 68
      vertex 41.2045 -20.3198 68
      vertex 38.996 -22.5144 72
    endloop
  endfacet
  facet normal 0.872604 -0.466394 0.145048
    outer loop
      vertex 40.3851 -19.9157 72
      vertex 39.8589 -19.6562 76
      vertex 38.488 -22.2211 76
    endloop
  endfacet
  facet normal 0.872589 -0.466431 0.14502
    outer loop
      vertex 38.996 -22.5144 72
      vertex 40.3851 -19.9157 72
      vertex 38.488 -22.2211 76
    endloop
  endfacet
  facet normal 0.880815 -0.470766 0.0504446
    outer loop
      vertex 39.8589 -19.6562 76
      vertex 39.6776 -19.5668 80
      vertex 38.313 -22.12 80
    endloop
  endfacet
  facet normal 0.880809 -0.470779 0.0504343
    outer loop
      vertex 38.488 -22.2211 76
      vertex 39.8589 -19.6562 76
      vertex 38.313 -22.12 80
    endloop
  endfacet
  facet normal -0.881938 0.471366 0
    outer loop
      vertex 38.313 -22.12 0
      vertex 39.6776 -19.5668 80
      vertex 39.6776 -19.5668 0
    endloop
  endfacet
  facet normal -0.881938 0.471366 0
    outer loop
      vertex 39.6776 -19.5668 80
      vertex 38.313 -22.12 0
      vertex 38.313 -22.12 80
    endloop
  endfacet
  facet normal 0.880808 -0.470779 -0.0504445
    outer loop
      vertex 39.6776 -19.5668 0
      vertex 39.8589 -19.6562 4
      vertex 38.488 -22.2211 4
    endloop
  endfacet
  facet normal 0.880815 -0.470766 -0.0504343
    outer loop
      vertex 39.6776 -19.5668 0
      vertex 38.488 -22.2211 4
      vertex 38.313 -22.12 0
    endloop
  endfacet
  facet normal 0.84022 -0.522493 -0.14502
    outer loop
      vertex 38.488 -22.2211 4
      vertex 38.996 -22.5144 8
      vertex 37.44 -25.0166 8
    endloop
  endfacet
  facet normal 0.840225 -0.522487 -0.145014
    outer loop
      vertex 38.488 -22.2211 4
      vertex 37.44 -25.0166 8
      vertex 36.9523 -24.6907 4
    endloop
  endfacet
  facet normal 0.827904 -0.514817 -0.222572
    outer loop
      vertex 38.996 -22.5144 8
      vertex 39.7873 -22.9712 12
      vertex 38.1997 -25.5243 12
    endloop
  endfacet
  facet normal 0.827894 -0.514828 -0.222582
    outer loop
      vertex 38.996 -22.5144 8
      vertex 38.1997 -25.5243 12
      vertex 37.44 -25.0166 8
    endloop
  endfacet
  facet normal 0.816095 -0.507495 -0.276473
    outer loop
      vertex 39.7873 -22.9712 12
      vertex 40.7844 -23.5469 16
      vertex 39.157 -26.1639 16
    endloop
  endfacet
  facet normal 0.816107 -0.507482 -0.276461
    outer loop
      vertex 39.7873 -22.9712 12
      vertex 39.157 -26.1639 16
      vertex 38.1997 -25.5243 12
    endloop
  endfacet
  facet normal 0.809061 -0.503108 -0.303812
    outer loop
      vertex 42.9949 -24.8231 24
      vertex 41.2793 -27.582 24
      vertex 40.7844 -23.5469 16
    endloop
  endfacet
  facet normal 0.809055 -0.503116 -0.303816
    outer loop
      vertex 40.7844 -23.5469 16
      vertex 41.2793 -27.582 24
      vertex 39.157 -26.1639 16
    endloop
  endfacet
  facet normal 0.816093 -0.507499 -0.276473
    outer loop
      vertex 42.9949 -24.8231 24
      vertex 43.992 -25.3988 28
      vertex 42.2366 -28.2216 28
    endloop
  endfacet
  facet normal 0.816104 -0.507488 -0.276461
    outer loop
      vertex 42.9949 -24.8231 24
      vertex 42.2366 -28.2216 28
      vertex 41.2793 -27.582 24
    endloop
  endfacet
  facet normal 0.827907 -0.51482 -0.222553
    outer loop
      vertex 43.992 -25.3988 28
      vertex 44.7832 -25.8556 32
      vertex 42.9963 -28.7292 32
    endloop
  endfacet
  facet normal 0.827892 -0.514837 -0.22257
    outer loop
      vertex 43.992 -25.3988 28
      vertex 42.9963 -28.7292 32
      vertex 42.2366 -28.2216 28
    endloop
  endfacet
  facet normal 0.840221 -0.522486 -0.14504
    outer loop
      vertex 44.7832 -25.8556 32
      vertex 45.2913 -26.1489 36
      vertex 43.4841 -29.0551 36
    endloop
  endfacet
  facet normal 0.840226 -0.52248 -0.145035
    outer loop
      vertex 44.7832 -25.8556 32
      vertex 43.4841 -29.0551 36
      vertex 42.9963 -28.7292 32
    endloop
  endfacet
  facet normal 0.848129 -0.527384 -0.0504353
    outer loop
      vertex 45.2913 -26.1489 36
      vertex 45.4663 -26.25 40
      vertex 43.6522 -29.1674 40
    endloop
  endfacet
  facet normal 0.84812 -0.527397 -0.0504489
    outer loop
      vertex 45.2913 -26.1489 36
      vertex 43.6522 -29.1674 40
      vertex 43.4841 -29.0551 36
    endloop
  endfacet
  facet normal 0.84812 -0.527398 0.0504352
    outer loop
      vertex 45.4663 -26.25 40
      vertex 45.2913 -26.1489 44
      vertex 43.4841 -29.0551 44
    endloop
  endfacet
  facet normal 0.848128 -0.527384 0.0504489
    outer loop
      vertex 43.6522 -29.1674 40
      vertex 45.4663 -26.25 40
      vertex 43.4841 -29.0551 44
    endloop
  endfacet
  facet normal 0.840225 -0.52248 0.14504
    outer loop
      vertex 45.2913 -26.1489 44
      vertex 44.7832 -25.8556 48
      vertex 42.9963 -28.7292 48
    endloop
  endfacet
  facet normal 0.840222 -0.522486 0.145035
    outer loop
      vertex 43.4841 -29.0551 44
      vertex 45.2913 -26.1489 44
      vertex 42.9963 -28.7292 48
    endloop
  endfacet
  facet normal 0.827896 -0.514839 0.222552
    outer loop
      vertex 44.7832 -25.8556 48
      vertex 43.992 -25.3988 52
      vertex 42.2366 -28.2216 52
    endloop
  endfacet
  facet normal 0.827904 -0.514818 0.22257
    outer loop
      vertex 42.9963 -28.7292 48
      vertex 44.7832 -25.8556 48
      vertex 42.2366 -28.2216 52
    endloop
  endfacet
  facet normal 0.816101 -0.507486 0.276473
    outer loop
      vertex 43.992 -25.3988 52
      vertex 42.9949 -24.8231 56
      vertex 41.2793 -27.582 56
    endloop
  endfacet
  facet normal 0.816095 -0.507501 0.276461
    outer loop
      vertex 42.2366 -28.2216 52
      vertex 43.992 -25.3988 52
      vertex 41.2793 -27.582 56
    endloop
  endfacet
  facet normal 0.809056 -0.503117 0.303812
    outer loop
      vertex 42.9949 -24.8231 56
      vertex 40.7844 -23.5469 64
      vertex 39.157 -26.1639 64
    endloop
  endfacet
  facet normal 0.80906 -0.503108 0.303816
    outer loop
      vertex 41.2793 -27.582 56
      vertex 42.9949 -24.8231 56
      vertex 39.157 -26.1639 64
    endloop
  endfacet
  facet normal 0.816104 -0.50748 0.276473
    outer loop
      vertex 40.7844 -23.5469 64
      vertex 39.7873 -22.9712 68
      vertex 38.1997 -25.5243 68
    endloop
  endfacet
  facet normal 0.816098 -0.507496 0.276461
    outer loop
      vertex 39.157 -26.1639 64
      vertex 40.7844 -23.5469 64
      vertex 38.1997 -25.5243 68
    endloop
  endfacet
  facet normal 0.827896 -0.51483 0.222572
    outer loop
      vertex 39.7873 -22.9712 68
      vertex 38.996 -22.5144 72
      vertex 37.44 -25.0166 72
    endloop
  endfacet
  facet normal 0.827902 -0.514816 0.222582
    outer loop
      vertex 38.1997 -25.5243 68
      vertex 39.7873 -22.9712 68
      vertex 37.44 -25.0166 72
    endloop
  endfacet
  facet normal 0.840224 -0.522487 0.14502
    outer loop
      vertex 38.996 -22.5144 72
      vertex 38.488 -22.2211 76
      vertex 36.9523 -24.6907 76
    endloop
  endfacet
  facet normal 0.840221 -0.522494 0.145014
    outer loop
      vertex 37.44 -25.0166 72
      vertex 38.996 -22.5144 72
      vertex 36.9523 -24.6907 76
    endloop
  endfacet
  facet normal 0.848111 -0.527413 0.0504352
    outer loop
      vertex 38.488 -22.2211 76
      vertex 38.313 -22.12 80
      vertex 36.7842 -24.5784 80
    endloop
  endfacet
  facet normal 0.84812 -0.527396 0.0504489
    outer loop
      vertex 36.9523 -24.6907 76
      vertex 38.488 -22.2211 76
      vertex 36.7842 -24.5784 80
    endloop
  endfacet
  facet normal -0.849192 0.528085 0
    outer loop
      vertex 36.7842 -24.5784 0
      vertex 38.313 -22.12 80
      vertex 38.313 -22.12 0
    endloop
  endfacet
  facet normal -0.849192 0.528085 0
    outer loop
      vertex 38.313 -22.12 80
      vertex 36.7842 -24.5784 0
      vertex 36.7842 -24.5784 80
    endloop
  endfacet
  facet normal 0.848121 -0.527397 -0.0504352
    outer loop
      vertex 38.313 -22.12 0
      vertex 38.488 -22.2211 4
      vertex 36.9523 -24.6907 4
    endloop
  endfacet
  facet normal 0.84811 -0.527413 -0.0504489
    outer loop
      vertex 38.313 -22.12 0
      vertex 36.9523 -24.6907 4
      vertex 36.7842 -24.5784 0
    endloop
  endfacet
  facet normal 0.804267 -0.576304 -0.145015
    outer loop
      vertex 36.9523 -24.6907 4
      vertex 37.44 -25.0166 8
      vertex 35.7237 -27.4118 8
    endloop
  endfacet
  facet normal 0.804243 -0.57633 -0.14504
    outer loop
      vertex 36.9523 -24.6907 4
      vertex 35.7237 -27.4118 8
      vertex 35.2583 -27.0546 4
    endloop
  endfacet
  facet normal 0.79246 -0.567859 -0.222583
    outer loop
      vertex 37.44 -25.0166 8
      vertex 38.1997 -25.5243 12
      vertex 36.4486 -27.968 12
    endloop
  endfacet
  facet normal 0.792469 -0.56785 -0.222575
    outer loop
      vertex 37.44 -25.0166 8
      vertex 36.4486 -27.968 12
      vertex 35.7237 -27.4118 8
    endloop
  endfacet
  facet normal 0.781175 -0.559764 -0.276461
    outer loop
      vertex 38.1997 -25.5243 12
      vertex 39.157 -26.1639 16
      vertex 37.362 -28.6689 16
    endloop
  endfacet
  facet normal 0.78117 -0.559768 -0.276466
    outer loop
      vertex 38.1997 -25.5243 12
      vertex 37.362 -28.6689 16
      vertex 36.4486 -27.968 12
    endloop
  endfacet
  facet normal 0.774424 -0.554945 -0.303816
    outer loop
      vertex 41.2793 -27.582 24
      vertex 39.387 -30.2227 24
      vertex 39.157 -26.1639 16
    endloop
  endfacet
  facet normal 0.774434 -0.554934 -0.303811
    outer loop
      vertex 39.157 -26.1639 16
      vertex 39.387 -30.2227 24
      vertex 37.362 -28.6689 16
    endloop
  endfacet
  facet normal 0.78117 -0.559771 -0.276461
    outer loop
      vertex 41.2793 -27.582 24
      vertex 42.2366 -28.2216 28
      vertex 40.3004 -30.9236 28
    endloop
  endfacet
  facet normal 0.781165 -0.559775 -0.276466
    outer loop
      vertex 41.2793 -27.582 24
      vertex 40.3004 -30.9236 28
      vertex 39.387 -30.2227 24
    endloop
  endfacet
  facet normal 0.792465 -0.567857 -0.22257
    outer loop
      vertex 42.2366 -28.2216 28
      vertex 42.9963 -28.7292 32
      vertex 41.0253 -31.4798 32
    endloop
  endfacet
  facet normal 0.792461 -0.567862 -0.222575
    outer loop
      vertex 42.2366 -28.2216 28
      vertex 41.0253 -31.4798 32
      vertex 40.3004 -30.9236 28
    endloop
  endfacet
  facet normal 0.804253 -0.576317 -0.145034
    outer loop
      vertex 42.9963 -28.7292 32
      vertex 43.4841 -29.0551 36
      vertex 41.4907 -31.8369 36
    endloop
  endfacet
  facet normal 0.80426 -0.57631 -0.145026
    outer loop
      vertex 42.9963 -28.7292 32
      vertex 41.4907 -31.8369 36
      vertex 41.0253 -31.4798 32
    endloop
  endfacet
  facet normal 0.811818 -0.581727 -0.0504486
    outer loop
      vertex 43.4841 -29.0551 36
      vertex 43.6522 -29.1674 40
      vertex 41.6511 -31.96 40
    endloop
  endfacet
  facet normal 0.811813 -0.581734 -0.0504565
    outer loop
      vertex 43.4841 -29.0551 36
      vertex 41.6511 -31.96 40
      vertex 41.4907 -31.8369 36
    endloop
  endfacet
  facet normal 0.811813 -0.581734 0.0504486
    outer loop
      vertex 43.6522 -29.1674 40
      vertex 43.4841 -29.0551 44
      vertex 41.4907 -31.8369 44
    endloop
  endfacet
  facet normal 0.811818 -0.581726 0.0504565
    outer loop
      vertex 41.6511 -31.96 40
      vertex 43.6522 -29.1674 40
      vertex 41.4907 -31.8369 44
    endloop
  endfacet
  facet normal 0.804259 -0.576309 0.145034
    outer loop
      vertex 43.4841 -29.0551 44
      vertex 42.9963 -28.7292 48
      vertex 41.0253 -31.4798 48
    endloop
  endfacet
  facet normal 0.804254 -0.576318 0.145026
    outer loop
      vertex 41.4907 -31.8369 44
      vertex 43.4841 -29.0551 44
      vertex 41.0253 -31.4798 48
    endloop
  endfacet
  facet normal 0.792461 -0.567862 0.22257
    outer loop
      vertex 42.9963 -28.7292 48
      vertex 42.2366 -28.2216 52
      vertex 40.3004 -30.9236 52
    endloop
  endfacet
  facet normal 0.792464 -0.567857 0.222575
    outer loop
      vertex 41.0253 -31.4798 48
      vertex 42.9963 -28.7292 48
      vertex 40.3004 -30.9236 52
    endloop
  endfacet
  facet normal 0.781166 -0.559776 0.276461
    outer loop
      vertex 42.2366 -28.2216 52
      vertex 41.2793 -27.582 56
      vertex 39.387 -30.2227 56
    endloop
  endfacet
  facet normal 0.781169 -0.55977 0.276466
    outer loop
      vertex 40.3004 -30.9236 52
      vertex 42.2366 -28.2216 52
      vertex 39.387 -30.2227 56
    endloop
  endfacet
  facet normal 0.774432 -0.554933 0.303816
    outer loop
      vertex 41.2793 -27.582 56
      vertex 39.157 -26.1639 64
      vertex 37.362 -28.6689 64
    endloop
  endfacet
  facet normal 0.774425 -0.554946 0.303811
    outer loop
      vertex 39.387 -30.2227 56
      vertex 41.2793 -27.582 56
      vertex 37.362 -28.6689 64
    endloop
  endfacet
  facet normal 0.781171 -0.559769 0.276461
    outer loop
      vertex 39.157 -26.1639 64
      vertex 38.1997 -25.5243 68
      vertex 36.4486 -27.968 68
    endloop
  endfacet
  facet normal 0.781174 -0.559763 0.276465
    outer loop
      vertex 37.362 -28.6689 64
      vertex 39.157 -26.1639 64
      vertex 36.4486 -27.968 68
    endloop
  endfacet
  facet normal 0.792467 -0.567849 0.222584
    outer loop
      vertex 38.1997 -25.5243 68
      vertex 37.44 -25.0166 72
      vertex 35.7237 -27.4118 72
    endloop
  endfacet
  facet normal 0.792462 -0.56786 0.222575
    outer loop
      vertex 36.4486 -27.968 68
      vertex 38.1997 -25.5243 68
      vertex 35.7237 -27.4118 72
    endloop
  endfacet
  facet normal 0.804246 -0.576333 0.145014
    outer loop
      vertex 37.44 -25.0166 72
      vertex 36.9523 -24.6907 76
      vertex 35.2583 -27.0546 76
    endloop
  endfacet
  facet normal 0.804264 -0.576302 0.14504
    outer loop
      vertex 35.7237 -27.4118 72
      vertex 37.44 -25.0166 72
      vertex 35.2583 -27.0546 76
    endloop
  endfacet
  facet normal 0.811808 -0.581741 0.0504486
    outer loop
      vertex 36.9523 -24.6907 76
      vertex 36.7842 -24.5784 80
      vertex 35.0979 -26.9316 80
    endloop
  endfacet
  facet normal 0.811803 -0.581748 0.0504421
    outer loop
      vertex 35.2583 -27.0546 76
      vertex 36.9523 -24.6907 76
      vertex 35.0979 -26.9316 80
    endloop
  endfacet
  facet normal -0.812843 0.582482 0
    outer loop
      vertex 35.0979 -26.9316 0
      vertex 36.7842 -24.5784 80
      vertex 36.7842 -24.5784 0
    endloop
  endfacet
  facet normal -0.812843 0.582482 0
    outer loop
      vertex 36.7842 -24.5784 80
      vertex 35.0979 -26.9316 0
      vertex 35.0979 -26.9316 80
    endloop
  endfacet
  facet normal 0.811803 -0.581748 -0.0504486
    outer loop
      vertex 36.7842 -24.5784 0
      vertex 36.9523 -24.6907 4
      vertex 35.2583 -27.0546 4
    endloop
  endfacet
  facet normal 0.811809 -0.581741 -0.0504421
    outer loop
      vertex 36.7842 -24.5784 0
      vertex 35.2583 -27.0546 4
      vertex 35.0979 -26.9316 0
    endloop
  endfacet
  facet normal 0.76483 -0.627693 -0.145041
    outer loop
      vertex 35.2583 -27.0546 4
      vertex 35.7237 -27.4118 8
      vertex 33.8544 -29.6895 8
    endloop
  endfacet
  facet normal 0.76485 -0.627673 -0.145021
    outer loop
      vertex 35.2583 -27.0546 4
      vertex 33.8544 -29.6895 8
      vertex 33.4134 -29.3027 4
    endloop
  endfacet
  facet normal 0.753629 -0.618469 -0.222575
    outer loop
      vertex 35.7237 -27.4118 8
      vertex 36.4486 -27.968 12
      vertex 34.5414 -30.292 12
    endloop
  endfacet
  facet normal 0.75361 -0.618485 -0.222592
    outer loop
      vertex 35.7237 -27.4118 8
      vertex 34.5414 -30.292 12
      vertex 33.8544 -29.6895 8
    endloop
  endfacet
  facet normal 0.742885 -0.609663 -0.276466
    outer loop
      vertex 36.4486 -27.968 12
      vertex 37.362 -28.6689 16
      vertex 35.407 -31.0511 16
    endloop
  endfacet
  facet normal 0.742892 -0.609657 -0.276459
    outer loop
      vertex 36.4486 -27.968 12
      vertex 35.407 -31.0511 16
      vertex 34.5414 -30.292 12
    endloop
  endfacet
  facet normal 0.736468 -0.604412 -0.30381
    outer loop
      vertex 37.362 -28.6689 16
      vertex 39.387 -30.2227 24
      vertex 37.326 -32.734 24
    endloop
  endfacet
  facet normal 0.736476 -0.604404 -0.303806
    outer loop
      vertex 37.362 -28.6689 16
      vertex 37.326 -32.734 24
      vertex 35.407 -31.0511 16
    endloop
  endfacet
  facet normal 0.742872 -0.609678 -0.276466
    outer loop
      vertex 39.387 -30.2227 24
      vertex 40.3004 -30.9236 28
      vertex 38.1916 -33.4931 28
    endloop
  endfacet
  facet normal 0.742879 -0.609673 -0.27646
    outer loop
      vertex 39.387 -30.2227 24
      vertex 38.1916 -33.4931 28
      vertex 37.326 -32.734 24
    endloop
  endfacet
  facet normal 0.753624 -0.618475 -0.222574
    outer loop
      vertex 40.3004 -30.9236 28
      vertex 41.0253 -31.4798 32
      vertex 38.8786 -34.0956 32
    endloop
  endfacet
  facet normal 0.753607 -0.618489 -0.222592
    outer loop
      vertex 40.3004 -30.9236 28
      vertex 38.8786 -34.0956 32
      vertex 38.1916 -33.4931 28
    endloop
  endfacet
  facet normal 0.764839 -0.627685 -0.145026
    outer loop
      vertex 41.0253 -31.4798 32
      vertex 41.4907 -31.8369 36
      vertex 39.3196 -34.4824 36
    endloop
  endfacet
  facet normal 0.764843 -0.627681 -0.145021
    outer loop
      vertex 41.0253 -31.4798 32
      vertex 39.3196 -34.4824 36
      vertex 38.8786 -34.0956 32
    endloop
  endfacet
  facet normal 0.772022 -0.633589 -0.0504568
    outer loop
      vertex 41.4907 -31.8369 36
      vertex 41.6511 -31.96 40
      vertex 39.4716 -34.6157 40
    endloop
  endfacet
  facet normal 0.772027 -0.633584 -0.0504512
    outer loop
      vertex 41.4907 -31.8369 36
      vertex 39.4716 -34.6157 40
      vertex 39.3196 -34.4824 36
    endloop
  endfacet
  facet normal 0.772027 -0.633584 0.0504568
    outer loop
      vertex 41.6511 -31.96 40
      vertex 41.4907 -31.8369 44
      vertex 39.3196 -34.4824 44
    endloop
  endfacet
  facet normal 0.772023 -0.633589 0.0504512
    outer loop
      vertex 39.4716 -34.6157 40
      vertex 41.6511 -31.96 40
      vertex 39.3196 -34.4824 44
    endloop
  endfacet
  facet normal 0.764843 -0.627681 0.145026
    outer loop
      vertex 41.4907 -31.8369 44
      vertex 41.0253 -31.4798 48
      vertex 38.8786 -34.0956 48
    endloop
  endfacet
  facet normal 0.764839 -0.627686 0.145021
    outer loop
      vertex 39.3196 -34.4824 44
      vertex 41.4907 -31.8369 44
      vertex 38.8786 -34.0956 48
    endloop
  endfacet
  facet normal 0.753611 -0.618492 0.222574
    outer loop
      vertex 41.0253 -31.4798 48
      vertex 40.3004 -30.9236 52
      vertex 38.1916 -33.4931 52
    endloop
  endfacet
  facet normal 0.753621 -0.618472 0.222592
    outer loop
      vertex 38.8786 -34.0956 48
      vertex 41.0253 -31.4798 48
      vertex 38.1916 -33.4931 52
    endloop
  endfacet
  facet normal 0.742877 -0.609672 0.276466
    outer loop
      vertex 40.3004 -30.9236 52
      vertex 39.387 -30.2227 56
      vertex 37.326 -32.734 56
    endloop
  endfacet
  facet normal 0.742873 -0.609679 0.27646
    outer loop
      vertex 38.1916 -33.4931 52
      vertex 40.3004 -30.9236 52
      vertex 37.326 -32.734 56
    endloop
  endfacet
  facet normal 0.736475 -0.604403 0.303811
    outer loop
      vertex 39.387 -30.2227 56
      vertex 37.362 -28.6689 64
      vertex 35.407 -31.0511 64
    endloop
  endfacet
  facet normal 0.736469 -0.604413 0.303806
    outer loop
      vertex 37.326 -32.734 56
      vertex 39.387 -30.2227 56
      vertex 35.407 -31.0511 64
    endloop
  endfacet
  facet normal 0.74289 -0.609656 0.276466
    outer loop
      vertex 37.362 -28.6689 64
      vertex 36.4486 -27.968 68
      vertex 34.5414 -30.292 68
    endloop
  endfacet
  facet normal 0.742886 -0.609664 0.27646
    outer loop
      vertex 35.407 -31.0511 64
      vertex 37.362 -28.6689 64
      vertex 34.5414 -30.292 68
    endloop
  endfacet
  facet normal 0.753614 -0.618488 0.222574
    outer loop
      vertex 36.4486 -27.968 68
      vertex 35.7237 -27.4118 72
      vertex 33.8544 -29.6895 72
    endloop
  endfacet
  facet normal 0.753626 -0.618466 0.222592
    outer loop
      vertex 34.5414 -30.292 68
      vertex 36.4486 -27.968 68
      vertex 33.8544 -29.6895 72
    endloop
  endfacet
  facet normal 0.764848 -0.627671 0.145041
    outer loop
      vertex 35.7237 -27.4118 72
      vertex 35.2583 -27.0546 76
      vertex 33.4134 -29.3027 76
    endloop
  endfacet
  facet normal 0.764832 -0.627695 0.145021
    outer loop
      vertex 33.8544 -29.6895 72
      vertex 35.7237 -27.4118 72
      vertex 33.4134 -29.3027 76
    endloop
  endfacet
  facet normal 0.772043 -0.633566 0.0504411
    outer loop
      vertex 35.2583 -27.0546 76
      vertex 35.0979 -26.9316 80
      vertex 33.2614 -29.1695 80
    endloop
  endfacet
  facet normal 0.772038 -0.633572 0.0504354
    outer loop
      vertex 33.4134 -29.3027 76
      vertex 35.2583 -27.0546 76
      vertex 33.2614 -29.1695 80
    endloop
  endfacet
  facet normal -0.773027 0.634373 0
    outer loop
      vertex 33.2614 -29.1695 0
      vertex 35.0979 -26.9316 80
      vertex 35.0979 -26.9316 0
    endloop
  endfacet
  facet normal -0.773027 0.634373 0
    outer loop
      vertex 35.0979 -26.9316 80
      vertex 33.2614 -29.1695 0
      vertex 33.2614 -29.1695 80
    endloop
  endfacet
  facet normal 0.772038 -0.633572 -0.0504411
    outer loop
      vertex 35.0979 -26.9316 0
      vertex 35.2583 -27.0546 4
      vertex 33.4134 -29.3027 4
    endloop
  endfacet
  facet normal 0.772043 -0.633566 -0.0504354
    outer loop
      vertex 35.0979 -26.9316 0
      vertex 33.4134 -29.3027 4
      vertex 33.2614 -29.1695 0
    endloop
  endfacet
  facet normal 0.722141 -0.676373 -0.145021
    outer loop
      vertex 33.4134 -29.3027 4
      vertex 33.8544 -29.6895 8
      vertex 31.8401 -31.8401 8
    endloop
  endfacet
  facet normal 0.722136 -0.676378 -0.145026
    outer loop
      vertex 33.4134 -29.3027 4
      vertex 31.8401 -31.8401 8
      vertex 31.4253 -31.4253 4
    endloop
  endfacet
  facet normal 0.711536 -0.666461 -0.222592
    outer loop
      vertex 33.8544 -29.6895 8
      vertex 34.5414 -30.292 12
      vertex 32.4862 -32.4862 12
    endloop
  endfacet
  facet normal 0.711548 -0.666451 -0.222581
    outer loop
      vertex 33.8544 -29.6895 8
      vertex 32.4862 -32.4862 12
      vertex 31.8401 -31.8401 8
    endloop
  endfacet
  facet normal 0.701403 -0.656965 -0.276459
    outer loop
      vertex 34.5414 -30.292 12
      vertex 35.407 -31.0511 16
      vertex 33.3003 -33.3003 16
    endloop
  endfacet
  facet normal 0.7014 -0.656968 -0.276462
    outer loop
      vertex 34.5414 -30.292 12
      vertex 33.3003 -33.3003 16
      vertex 32.4862 -32.4862 12
    endloop
  endfacet
  facet normal 0.695377 -0.65127 -0.303806
    outer loop
      vertex 35.407 -31.0511 16
      vertex 37.326 -32.734 24
      vertex 35.1052 -35.1052 24
    endloop
  endfacet
  facet normal 0.695349 -0.651294 -0.303819
    outer loop
      vertex 35.407 -31.0511 16
      vertex 35.1052 -35.1052 24
      vertex 33.3003 -33.3003 16
    endloop
  endfacet
  facet normal 0.70143 -0.656937 -0.27646
    outer loop
      vertex 37.326 -32.734 24
      vertex 38.1916 -33.4931 28
      vertex 35.9193 -35.9193 28
    endloop
  endfacet
  facet normal 0.701428 -0.656938 -0.276461
    outer loop
      vertex 37.326 -32.734 24
      vertex 35.9193 -35.9193 28
      vertex 35.1052 -35.1052 24
    endloop
  endfacet
  facet normal 0.711556 -0.666439 -0.222592
    outer loop
      vertex 38.1916 -33.4931 28
      vertex 38.8786 -34.0956 32
      vertex 36.5654 -36.5654 32
    endloop
  endfacet
  facet normal 0.711567 -0.666431 -0.222581
    outer loop
      vertex 38.1916 -33.4931 28
      vertex 36.5654 -36.5654 32
      vertex 35.9193 -35.9193 28
    endloop
  endfacet
  facet normal 0.722155 -0.676359 -0.145021
    outer loop
      vertex 38.8786 -34.0956 32
      vertex 39.3196 -34.4824 36
      vertex 36.9802 -36.9802 36
    endloop
  endfacet
  facet normal 0.722151 -0.676362 -0.145026
    outer loop
      vertex 38.8786 -34.0956 32
      vertex 36.9802 -36.9802 36
      vertex 36.5654 -36.5654 32
    endloop
  endfacet
  facet normal 0.728925 -0.682732 -0.0504512
    outer loop
      vertex 39.3196 -34.4824 36
      vertex 39.4716 -34.6157 40
      vertex 37.1231 -37.1231 40
    endloop
  endfacet
  facet normal 0.728942 -0.682715 -0.0504315
    outer loop
      vertex 39.3196 -34.4824 36
      vertex 37.1231 -37.1231 40
      vertex 36.9802 -36.9802 36
    endloop
  endfacet
  facet normal 0.728941 -0.682715 0.0504512
    outer loop
      vertex 39.4716 -34.6157 40
      vertex 39.3196 -34.4824 44
      vertex 36.9802 -36.9802 44
    endloop
  endfacet
  facet normal 0.728926 -0.682732 0.0504315
    outer loop
      vertex 37.1231 -37.1231 40
      vertex 39.4716 -34.6157 40
      vertex 36.9802 -36.9802 44
    endloop
  endfacet
  facet normal 0.722151 -0.676363 0.145021
    outer loop
      vertex 39.3196 -34.4824 44
      vertex 38.8786 -34.0956 48
      vertex 36.5654 -36.5654 48
    endloop
  endfacet
  facet normal 0.722154 -0.676358 0.145026
    outer loop
      vertex 36.9802 -36.9802 44
      vertex 39.3196 -34.4824 44
      vertex 36.5654 -36.5654 48
    endloop
  endfacet
  facet normal 0.711565 -0.666429 0.222592
    outer loop
      vertex 38.8786 -34.0956 48
      vertex 38.1916 -33.4931 52
      vertex 35.9193 -35.9193 52
    endloop
  endfacet
  facet normal 0.711558 -0.666441 0.222581
    outer loop
      vertex 36.5654 -36.5654 48
      vertex 38.8786 -34.0956 48
      vertex 35.9193 -35.9193 52
    endloop
  endfacet
  facet normal 0.701429 -0.656938 0.27646
    outer loop
      vertex 38.1916 -33.4931 52
      vertex 37.326 -32.734 56
      vertex 35.1052 -35.1052 56
    endloop
  endfacet
  facet normal 0.70143 -0.656936 0.276461
    outer loop
      vertex 35.9193 -35.9193 52
      vertex 38.1916 -33.4931 52
      vertex 35.1052 -35.1052 56
    endloop
  endfacet
  facet normal 0.695352 -0.651297 0.303806
    outer loop
      vertex 37.326 -32.734 56
      vertex 35.407 -31.0511 64
      vertex 33.3003 -33.3003 64
    endloop
  endfacet
  facet normal 0.695374 -0.651268 0.303819
    outer loop
      vertex 35.1052 -35.1052 56
      vertex 37.326 -32.734 56
      vertex 33.3003 -33.3003 64
    endloop
  endfacet
  facet normal 0.701401 -0.656968 0.276459
    outer loop
      vertex 35.407 -31.0511 64
      vertex 34.5414 -30.292 68
      vertex 32.4862 -32.4862 68
    endloop
  endfacet
  facet normal 0.701403 -0.656965 0.276462
    outer loop
      vertex 33.3003 -33.3003 64
      vertex 35.407 -31.0511 64
      vertex 32.4862 -32.4862 68
    endloop
  endfacet
  facet normal 0.711546 -0.66645 0.222592
    outer loop
      vertex 34.5414 -30.292 68
      vertex 33.8544 -29.6895 72
      vertex 31.8401 -31.8401 72
    endloop
  endfacet
  facet normal 0.711537 -0.666462 0.222581
    outer loop
      vertex 32.4862 -32.4862 68
      vertex 34.5414 -30.292 68
      vertex 31.8401 -31.8401 72
    endloop
  endfacet
  facet normal 0.722137 -0.676378 0.145021
    outer loop
      vertex 33.8544 -29.6895 72
      vertex 33.4134 -29.3027 76
      vertex 31.4253 -31.4253 76
    endloop
  endfacet
  facet normal 0.722141 -0.676373 0.145026
    outer loop
      vertex 31.8401 -31.8401 72
      vertex 33.8544 -29.6895 72
      vertex 31.4253 -31.4253 76
    endloop
  endfacet
  facet normal 0.728926 -0.682732 0.0504342
    outer loop
      vertex 33.4134 -29.3027 76
      vertex 33.2614 -29.1695 80
      vertex 31.2824 -31.2824 80
    endloop
  endfacet
  facet normal 0.728924 -0.682735 0.0504315
    outer loop
      vertex 31.4253 -31.4253 76
      vertex 33.4134 -29.3027 76
      vertex 31.2824 -31.2824 80
    endloop
  endfacet
  facet normal -0.729855 0.683602 0
    outer loop
      vertex 31.2824 -31.2824 0
      vertex 33.2614 -29.1695 80
      vertex 33.2614 -29.1695 0
    endloop
  endfacet
  facet normal -0.729855 0.683602 0
    outer loop
      vertex 33.2614 -29.1695 80
      vertex 31.2824 -31.2824 0
      vertex 31.2824 -31.2824 80
    endloop
  endfacet
  facet normal 0.728924 -0.682735 -0.0504342
    outer loop
      vertex 33.2614 -29.1695 0
      vertex 33.4134 -29.3027 4
      vertex 31.4253 -31.4253 4
    endloop
  endfacet
  facet normal 0.728926 -0.682732 -0.0504315
    outer loop
      vertex 33.2614 -29.1695 0
      vertex 31.4253 -31.4253 4
      vertex 31.2824 -31.2824 0
    endloop
  endfacet
  facet normal 0.676373 -0.722141 -0.145026
    outer loop
      vertex 31.4253 -31.4253 4
      vertex 31.8401 -31.8401 8
      vertex 29.6895 -33.8544 8
    endloop
  endfacet
  facet normal 0.676378 -0.722137 -0.145021
    outer loop
      vertex 31.4253 -31.4253 4
      vertex 29.6895 -33.8544 8
      vertex 29.3027 -33.4134 4
    endloop
  endfacet
  facet normal 0.666462 -0.711537 -0.222581
    outer loop
      vertex 31.8401 -31.8401 8
      vertex 32.4862 -32.4862 12
      vertex 30.292 -34.5414 12
    endloop
  endfacet
  facet normal 0.66645 -0.711546 -0.222592
    outer loop
      vertex 31.8401 -31.8401 8
      vertex 30.292 -34.5414 12
      vertex 29.6895 -33.8544 8
    endloop
  endfacet
  facet normal 0.656965 -0.701403 -0.276462
    outer loop
      vertex 32.4862 -32.4862 12
      vertex 33.3003 -33.3003 16
      vertex 31.0511 -35.407 16
    endloop
  endfacet
  facet normal 0.656968 -0.701401 -0.276459
    outer loop
      vertex 32.4862 -32.4862 12
      vertex 31.0511 -35.407 16
      vertex 30.292 -34.5414 12
    endloop
  endfacet
  facet normal 0.651268 -0.695374 -0.303819
    outer loop
      vertex 33.3003 -33.3003 16
      vertex 35.1052 -35.1052 24
      vertex 32.734 -37.326 24
    endloop
  endfacet
  facet normal 0.651297 -0.695352 -0.303806
    outer loop
      vertex 33.3003 -33.3003 16
      vertex 32.734 -37.326 24
      vertex 31.0511 -35.407 16
    endloop
  endfacet
  facet normal 0.656936 -0.70143 -0.276461
    outer loop
      vertex 35.1052 -35.1052 24
      vertex 35.9193 -35.9193 28
      vertex 33.4931 -38.1916 28
    endloop
  endfacet
  facet normal 0.656938 -0.701429 -0.27646
    outer loop
      vertex 35.1052 -35.1052 24
      vertex 33.4931 -38.1916 28
      vertex 32.734 -37.326 24
    endloop
  endfacet
  facet normal 0.666441 -0.711558 -0.222581
    outer loop
      vertex 35.9193 -35.9193 28
      vertex 36.5654 -36.5654 32
      vertex 34.0956 -38.8786 32
    endloop
  endfacet
  facet normal 0.666429 -0.711565 -0.222592
    outer loop
      vertex 35.9193 -35.9193 28
      vertex 34.0956 -38.8786 32
      vertex 33.4931 -38.1916 28
    endloop
  endfacet
  facet normal 0.676358 -0.722154 -0.145026
    outer loop
      vertex 36.5654 -36.5654 32
      vertex 36.9802 -36.9802 36
      vertex 34.4824 -39.3196 36
    endloop
  endfacet
  facet normal 0.676363 -0.722151 -0.145021
    outer loop
      vertex 36.5654 -36.5654 32
      vertex 34.4824 -39.3196 36
      vertex 34.0956 -38.8786 32
    endloop
  endfacet
  facet normal 0.682732 -0.728926 -0.0504315
    outer loop
      vertex 36.9802 -36.9802 36
      vertex 37.1231 -37.1231 40
      vertex 34.6157 -39.4716 40
    endloop
  endfacet
  facet normal 0.682715 -0.728941 -0.0504512
    outer loop
      vertex 36.9802 -36.9802 36
      vertex 34.6157 -39.4716 40
      vertex 34.4824 -39.3196 36
    endloop
  endfacet
  facet normal 0.682715 -0.728942 0.0504315
    outer loop
      vertex 37.1231 -37.1231 40
      vertex 36.9802 -36.9802 44
      vertex 34.4824 -39.3196 44
    endloop
  endfacet
  facet normal 0.682732 -0.728925 0.0504512
    outer loop
      vertex 34.6157 -39.4716 40
      vertex 37.1231 -37.1231 40
      vertex 34.4824 -39.3196 44
    endloop
  endfacet
  facet normal 0.676362 -0.722151 0.145026
    outer loop
      vertex 36.9802 -36.9802 44
      vertex 36.5654 -36.5654 48
      vertex 34.0956 -38.8786 48
    endloop
  endfacet
  facet normal 0.676359 -0.722155 0.145021
    outer loop
      vertex 34.4824 -39.3196 44
      vertex 36.9802 -36.9802 44
      vertex 34.0956 -38.8786 48
    endloop
  endfacet
  facet normal 0.666431 -0.711567 0.222581
    outer loop
      vertex 36.5654 -36.5654 48
      vertex 35.9193 -35.9193 52
      vertex 33.4931 -38.1916 52
    endloop
  endfacet
  facet normal 0.666439 -0.711556 0.222592
    outer loop
      vertex 34.0956 -38.8786 48
      vertex 36.5654 -36.5654 48
      vertex 33.4931 -38.1916 52
    endloop
  endfacet
  facet normal 0.656938 -0.701428 0.276461
    outer loop
      vertex 35.9193 -35.9193 52
      vertex 35.1052 -35.1052 56
      vertex 32.734 -37.326 56
    endloop
  endfacet
  facet normal 0.656937 -0.70143 0.27646
    outer loop
      vertex 33.4931 -38.1916 52
      vertex 35.9193 -35.9193 52
      vertex 32.734 -37.326 56
    endloop
  endfacet
  facet normal 0.651294 -0.695349 0.303819
    outer loop
      vertex 35.1052 -35.1052 56
      vertex 33.3003 -33.3003 64
      vertex 31.0511 -35.407 64
    endloop
  endfacet
  facet normal 0.65127 -0.695377 0.303806
    outer loop
      vertex 32.734 -37.326 56
      vertex 35.1052 -35.1052 56
      vertex 31.0511 -35.407 64
    endloop
  endfacet
  facet normal 0.656968 -0.7014 0.276462
    outer loop
      vertex 33.3003 -33.3003 64
      vertex 32.4862 -32.4862 68
      vertex 30.292 -34.5414 68
    endloop
  endfacet
  facet normal 0.656965 -0.701403 0.276459
    outer loop
      vertex 31.0511 -35.407 64
      vertex 33.3003 -33.3003 64
      vertex 30.292 -34.5414 68
    endloop
  endfacet
  facet normal 0.666451 -0.711548 0.222581
    outer loop
      vertex 32.4862 -32.4862 68
      vertex 31.8401 -31.8401 72
      vertex 29.6895 -33.8544 72
    endloop
  endfacet
  facet normal 0.666461 -0.711536 0.222592
    outer loop
      vertex 30.292 -34.5414 68
      vertex 32.4862 -32.4862 68
      vertex 29.6895 -33.8544 72
    endloop
  endfacet
  facet normal 0.676378 -0.722136 0.145026
    outer loop
      vertex 31.8401 -31.8401 72
      vertex 31.4253 -31.4253 76
      vertex 29.3027 -33.4134 76
    endloop
  endfacet
  facet normal 0.676373 -0.722141 0.145021
    outer loop
      vertex 29.6895 -33.8544 72
      vertex 31.8401 -31.8401 72
      vertex 29.3027 -33.4134 76
    endloop
  endfacet
  facet normal 0.682732 -0.728926 0.0504315
    outer loop
      vertex 31.4253 -31.4253 76
      vertex 31.2824 -31.2824 80
      vertex 29.1695 -33.2614 80
    endloop
  endfacet
  facet normal 0.682735 -0.728924 0.0504342
    outer loop
      vertex 29.3027 -33.4134 76
      vertex 31.4253 -31.4253 76
      vertex 29.1695 -33.2614 80
    endloop
  endfacet
  facet normal -0.683602 0.729855 0
    outer loop
      vertex 31.2824 -31.2824 0
      vertex 29.1695 -33.2614 80
      vertex 31.2824 -31.2824 80
    endloop
  endfacet
  facet normal -0.683602 0.729855 0
    outer loop
      vertex 29.1695 -33.2614 80
      vertex 31.2824 -31.2824 0
      vertex 29.1695 -33.2614 0
    endloop
  endfacet
  facet normal 0.682735 -0.728924 -0.0504315
    outer loop
      vertex 31.2824 -31.2824 0
      vertex 31.4253 -31.4253 4
      vertex 29.3027 -33.4134 4
    endloop
  endfacet
  facet normal 0.682732 -0.728926 -0.0504342
    outer loop
      vertex 31.2824 -31.2824 0
      vertex 29.3027 -33.4134 4
      vertex 29.1695 -33.2614 0
    endloop
  endfacet
  facet normal 0.627695 -0.764832 -0.145021
    outer loop
      vertex 29.3027 -33.4134 4
      vertex 29.6895 -33.8544 8
      vertex 27.4118 -35.7237 8
    endloop
  endfacet
  facet normal 0.627671 -0.764848 -0.145041
    outer loop
      vertex 29.3027 -33.4134 4
      vertex 27.4118 -35.7237 8
      vertex 27.0546 -35.2583 4
    endloop
  endfacet
  facet normal 0.618466 -0.753626 -0.222592
    outer loop
      vertex 29.6895 -33.8544 8
      vertex 30.292 -34.5414 12
      vertex 27.968 -36.4486 12
    endloop
  endfacet
  facet normal 0.618488 -0.753614 -0.222574
    outer loop
      vertex 29.6895 -33.8544 8
      vertex 27.968 -36.4486 12
      vertex 27.4118 -35.7237 8
    endloop
  endfacet
  facet normal 0.609664 -0.742886 -0.27646
    outer loop
      vertex 30.292 -34.5414 12
      vertex 31.0511 -35.407 16
      vertex 28.6689 -37.362 16
    endloop
  endfacet
  facet normal 0.609656 -0.74289 -0.276466
    outer loop
      vertex 30.292 -34.5414 12
      vertex 28.6689 -37.362 16
      vertex 27.968 -36.4486 12
    endloop
  endfacet
  facet normal 0.604413 -0.736469 -0.303806
    outer loop
      vertex 31.0511 -35.407 16
      vertex 32.734 -37.326 24
      vertex 30.2227 -39.387 24
    endloop
  endfacet
  facet normal 0.604403 -0.736475 -0.303811
    outer loop
      vertex 31.0511 -35.407 16
      vertex 30.2227 -39.387 24
      vertex 28.6689 -37.362 16
    endloop
  endfacet
  facet normal 0.609679 -0.742873 -0.27646
    outer loop
      vertex 32.734 -37.326 24
      vertex 33.4931 -38.1916 28
      vertex 30.9236 -40.3004 28
    endloop
  endfacet
  facet normal 0.609672 -0.742877 -0.276466
    outer loop
      vertex 32.734 -37.326 24
      vertex 30.9236 -40.3004 28
      vertex 30.2227 -39.387 24
    endloop
  endfacet
  facet normal 0.618472 -0.753621 -0.222592
    outer loop
      vertex 33.4931 -38.1916 28
      vertex 34.0956 -38.8786 32
      vertex 31.4798 -41.0253 32
    endloop
  endfacet
  facet normal 0.618492 -0.753611 -0.222574
    outer loop
      vertex 33.4931 -38.1916 28
      vertex 31.4798 -41.0253 32
      vertex 30.9236 -40.3004 28
    endloop
  endfacet
  facet normal 0.627686 -0.764839 -0.145021
    outer loop
      vertex 34.0956 -38.8786 32
      vertex 34.4824 -39.3196 36
      vertex 31.8369 -41.4907 36
    endloop
  endfacet
  facet normal 0.627681 -0.764843 -0.145026
    outer loop
      vertex 34.0956 -38.8786 32
      vertex 31.8369 -41.4907 36
      vertex 31.4798 -41.0253 32
    endloop
  endfacet
  facet normal 0.633589 -0.772023 -0.0504512
    outer loop
      vertex 34.4824 -39.3196 36
      vertex 34.6157 -39.4716 40
      vertex 31.96 -41.6511 40
    endloop
  endfacet
  facet normal 0.633584 -0.772027 -0.0504568
    outer loop
      vertex 34.4824 -39.3196 36
      vertex 31.96 -41.6511 40
      vertex 31.8369 -41.4907 36
    endloop
  endfacet
  facet normal 0.633584 -0.772027 0.0504512
    outer loop
      vertex 34.6157 -39.4716 40
      vertex 34.4824 -39.3196 44
      vertex 31.8369 -41.4907 44
    endloop
  endfacet
  facet normal 0.633589 -0.772022 0.0504568
    outer loop
      vertex 31.96 -41.6511 40
      vertex 34.6157 -39.4716 40
      vertex 31.8369 -41.4907 44
    endloop
  endfacet
  facet normal 0.627681 -0.764843 0.145021
    outer loop
      vertex 34.4824 -39.3196 44
      vertex 34.0956 -38.8786 48
      vertex 31.4798 -41.0253 48
    endloop
  endfacet
  facet normal 0.627685 -0.764839 0.145026
    outer loop
      vertex 31.8369 -41.4907 44
      vertex 34.4824 -39.3196 44
      vertex 31.4798 -41.0253 48
    endloop
  endfacet
  facet normal 0.618489 -0.753607 0.222592
    outer loop
      vertex 34.0956 -38.8786 48
      vertex 33.4931 -38.1916 52
      vertex 30.9236 -40.3004 52
    endloop
  endfacet
  facet normal 0.618475 -0.753624 0.222574
    outer loop
      vertex 31.4798 -41.0253 48
      vertex 34.0956 -38.8786 48
      vertex 30.9236 -40.3004 52
    endloop
  endfacet
  facet normal 0.609673 -0.742879 0.27646
    outer loop
      vertex 33.4931 -38.1916 52
      vertex 32.734 -37.326 56
      vertex 30.2227 -39.387 56
    endloop
  endfacet
  facet normal 0.609678 -0.742872 0.276466
    outer loop
      vertex 30.9236 -40.3004 52
      vertex 33.4931 -38.1916 52
      vertex 30.2227 -39.387 56
    endloop
  endfacet
  facet normal 0.604404 -0.736476 0.303806
    outer loop
      vertex 32.734 -37.326 56
      vertex 31.0511 -35.407 64
      vertex 28.6689 -37.362 64
    endloop
  endfacet
  facet normal 0.604412 -0.736468 0.30381
    outer loop
      vertex 30.2227 -39.387 56
      vertex 32.734 -37.326 56
      vertex 28.6689 -37.362 64
    endloop
  endfacet
  facet normal 0.609657 -0.742892 0.276459
    outer loop
      vertex 31.0511 -35.407 64
      vertex 30.292 -34.5414 68
      vertex 27.968 -36.4486 68
    endloop
  endfacet
  facet normal 0.609663 -0.742885 0.276466
    outer loop
      vertex 28.6689 -37.362 64
      vertex 31.0511 -35.407 64
      vertex 27.968 -36.4486 68
    endloop
  endfacet
  facet normal 0.618485 -0.75361 0.222592
    outer loop
      vertex 30.292 -34.5414 68
      vertex 29.6895 -33.8544 72
      vertex 27.4118 -35.7237 72
    endloop
  endfacet
  facet normal 0.618469 -0.753629 0.222575
    outer loop
      vertex 27.968 -36.4486 68
      vertex 30.292 -34.5414 68
      vertex 27.4118 -35.7237 72
    endloop
  endfacet
  facet normal 0.627673 -0.76485 0.145021
    outer loop
      vertex 29.6895 -33.8544 72
      vertex 29.3027 -33.4134 76
      vertex 27.0546 -35.2583 76
    endloop
  endfacet
  facet normal 0.627693 -0.76483 0.145041
    outer loop
      vertex 27.4118 -35.7237 72
      vertex 29.6895 -33.8544 72
      vertex 27.0546 -35.2583 76
    endloop
  endfacet
  facet normal 0.633566 -0.772043 0.0504354
    outer loop
      vertex 29.3027 -33.4134 76
      vertex 29.1695 -33.2614 80
      vertex 26.9316 -35.0979 80
    endloop
  endfacet
  facet normal 0.633572 -0.772038 0.0504411
    outer loop
      vertex 27.0546 -35.2583 76
      vertex 29.3027 -33.4134 76
      vertex 26.9316 -35.0979 80
    endloop
  endfacet
  facet normal -0.634373 0.773027 0
    outer loop
      vertex 29.1695 -33.2614 0
      vertex 26.9316 -35.0979 80
      vertex 29.1695 -33.2614 80
    endloop
  endfacet
  facet normal -0.634373 0.773027 0
    outer loop
      vertex 26.9316 -35.0979 80
      vertex 29.1695 -33.2614 0
      vertex 26.9316 -35.0979 0
    endloop
  endfacet
  facet normal 0.633572 -0.772038 -0.0504354
    outer loop
      vertex 29.1695 -33.2614 0
      vertex 29.3027 -33.4134 4
      vertex 27.0546 -35.2583 4
    endloop
  endfacet
  facet normal 0.633566 -0.772043 -0.0504411
    outer loop
      vertex 29.1695 -33.2614 0
      vertex 27.0546 -35.2583 4
      vertex 26.9316 -35.0979 0
    endloop
  endfacet
  facet normal 0.576302 -0.804264 -0.14504
    outer loop
      vertex 27.0546 -35.2583 4
      vertex 27.4118 -35.7237 8
      vertex 25.0166 -37.44 8
    endloop
  endfacet
  facet normal 0.576333 -0.804246 -0.145014
    outer loop
      vertex 27.0546 -35.2583 4
      vertex 25.0166 -37.44 8
      vertex 24.6907 -36.9523 4
    endloop
  endfacet
  facet normal 0.56786 -0.792462 -0.222575
    outer loop
      vertex 27.4118 -35.7237 8
      vertex 27.968 -36.4486 12
      vertex 25.5243 -38.1997 12
    endloop
  endfacet
  facet normal 0.567849 -0.792467 -0.222584
    outer loop
      vertex 27.4118 -35.7237 8
      vertex 25.5243 -38.1997 12
      vertex 25.0166 -37.44 8
    endloop
  endfacet
  facet normal 0.559763 -0.781174 -0.276465
    outer loop
      vertex 27.968 -36.4486 12
      vertex 28.6689 -37.362 16
      vertex 26.1639 -39.157 16
    endloop
  endfacet
  facet normal 0.559769 -0.781171 -0.276461
    outer loop
      vertex 27.968 -36.4486 12
      vertex 26.1639 -39.157 16
      vertex 25.5243 -38.1997 12
    endloop
  endfacet
  facet normal 0.554946 -0.774425 -0.303811
    outer loop
      vertex 28.6689 -37.362 16
      vertex 30.2227 -39.387 24
      vertex 27.582 -41.2793 24
    endloop
  endfacet
  facet normal 0.554933 -0.774432 -0.303816
    outer loop
      vertex 28.6689 -37.362 16
      vertex 27.582 -41.2793 24
      vertex 26.1639 -39.157 16
    endloop
  endfacet
  facet normal 0.55977 -0.781169 -0.276466
    outer loop
      vertex 30.2227 -39.387 24
      vertex 30.9236 -40.3004 28
      vertex 28.2216 -42.2366 28
    endloop
  endfacet
  facet normal 0.559776 -0.781166 -0.276461
    outer loop
      vertex 30.2227 -39.387 24
      vertex 28.2216 -42.2366 28
      vertex 27.582 -41.2793 24
    endloop
  endfacet
  facet normal 0.567857 -0.792464 -0.222575
    outer loop
      vertex 30.9236 -40.3004 28
      vertex 31.4798 -41.0253 32
      vertex 28.7292 -42.9963 32
    endloop
  endfacet
  facet normal 0.567862 -0.792461 -0.22257
    outer loop
      vertex 30.9236 -40.3004 28
      vertex 28.7292 -42.9963 32
      vertex 28.2216 -42.2366 28
    endloop
  endfacet
  facet normal 0.576318 -0.804254 -0.145026
    outer loop
      vertex 31.4798 -41.0253 32
      vertex 31.8369 -41.4907 36
      vertex 29.0551 -43.4841 36
    endloop
  endfacet
  facet normal 0.576309 -0.804259 -0.145034
    outer loop
      vertex 31.4798 -41.0253 32
      vertex 29.0551 -43.4841 36
      vertex 28.7292 -42.9963 32
    endloop
  endfacet
  facet normal 0.581726 -0.811818 -0.0504565
    outer loop
      vertex 31.8369 -41.4907 36
      vertex 31.96 -41.6511 40
      vertex 29.1674 -43.6522 40
    endloop
  endfacet
  facet normal 0.581734 -0.811813 -0.0504486
    outer loop
      vertex 31.8369 -41.4907 36
      vertex 29.1674 -43.6522 40
      vertex 29.0551 -43.4841 36
    endloop
  endfacet
  facet normal 0.581734 -0.811813 0.0504565
    outer loop
      vertex 31.96 -41.6511 40
      vertex 31.8369 -41.4907 44
      vertex 29.0551 -43.4841 44
    endloop
  endfacet
  facet normal 0.581727 -0.811818 0.0504486
    outer loop
      vertex 29.1674 -43.6522 40
      vertex 31.96 -41.6511 40
      vertex 29.0551 -43.4841 44
    endloop
  endfacet
  facet normal 0.57631 -0.80426 0.145026
    outer loop
      vertex 31.8369 -41.4907 44
      vertex 31.4798 -41.0253 48
      vertex 28.7292 -42.9963 48
    endloop
  endfacet
  facet normal 0.576317 -0.804253 0.145034
    outer loop
      vertex 29.0551 -43.4841 44
      vertex 31.8369 -41.4907 44
      vertex 28.7292 -42.9963 48
    endloop
  endfacet
  facet normal 0.567862 -0.792461 0.222575
    outer loop
      vertex 31.4798 -41.0253 48
      vertex 30.9236 -40.3004 52
      vertex 28.2216 -42.2366 52
    endloop
  endfacet
  facet normal 0.567857 -0.792465 0.22257
    outer loop
      vertex 28.7292 -42.9963 48
      vertex 31.4798 -41.0253 48
      vertex 28.2216 -42.2366 52
    endloop
  endfacet
  facet normal 0.559775 -0.781165 0.276466
    outer loop
      vertex 30.9236 -40.3004 52
      vertex 30.2227 -39.387 56
      vertex 27.582 -41.2793 56
    endloop
  endfacet
  facet normal 0.559771 -0.78117 0.276461
    outer loop
      vertex 28.2216 -42.2366 52
      vertex 30.9236 -40.3004 52
      vertex 27.582 -41.2793 56
    endloop
  endfacet
  facet normal 0.554934 -0.774434 0.303811
    outer loop
      vertex 30.2227 -39.387 56
      vertex 28.6689 -37.362 64
      vertex 26.1639 -39.157 64
    endloop
  endfacet
  facet normal 0.554945 -0.774424 0.303816
    outer loop
      vertex 27.582 -41.2793 56
      vertex 30.2227 -39.387 56
      vertex 26.1639 -39.157 64
    endloop
  endfacet
  facet normal 0.559768 -0.78117 0.276466
    outer loop
      vertex 28.6689 -37.362 64
      vertex 27.968 -36.4486 68
      vertex 25.5243 -38.1997 68
    endloop
  endfacet
  facet normal 0.559764 -0.781175 0.276461
    outer loop
      vertex 26.1639 -39.157 64
      vertex 28.6689 -37.362 64
      vertex 25.5243 -38.1997 68
    endloop
  endfacet
  facet normal 0.56785 -0.792469 0.222575
    outer loop
      vertex 27.968 -36.4486 68
      vertex 27.4118 -35.7237 72
      vertex 25.0166 -37.44 72
    endloop
  endfacet
  facet normal 0.567859 -0.79246 0.222583
    outer loop
      vertex 25.5243 -38.1997 68
      vertex 27.968 -36.4486 68
      vertex 25.0166 -37.44 72
    endloop
  endfacet
  facet normal 0.57633 -0.804243 0.14504
    outer loop
      vertex 27.4118 -35.7237 72
      vertex 27.0546 -35.2583 76
      vertex 24.6907 -36.9523 76
    endloop
  endfacet
  facet normal 0.576304 -0.804267 0.145015
    outer loop
      vertex 25.0166 -37.44 72
      vertex 27.4118 -35.7237 72
      vertex 24.6907 -36.9523 76
    endloop
  endfacet
  facet normal 0.581741 -0.811809 0.0504421
    outer loop
      vertex 27.0546 -35.2583 76
      vertex 26.9316 -35.0979 80
      vertex 24.5784 -36.7842 80
    endloop
  endfacet
  facet normal 0.581748 -0.811803 0.0504486
    outer loop
      vertex 24.6907 -36.9523 76
      vertex 27.0546 -35.2583 76
      vertex 24.5784 -36.7842 80
    endloop
  endfacet
  facet normal -0.582482 0.812843 0
    outer loop
      vertex 26.9316 -35.0979 0
      vertex 24.5784 -36.7842 80
      vertex 26.9316 -35.0979 80
    endloop
  endfacet
  facet normal -0.582482 0.812843 0
    outer loop
      vertex 24.5784 -36.7842 80
      vertex 26.9316 -35.0979 0
      vertex 24.5784 -36.7842 0
    endloop
  endfacet
  facet normal 0.581748 -0.811803 -0.0504421
    outer loop
      vertex 26.9316 -35.0979 0
      vertex 27.0546 -35.2583 4
      vertex 24.6907 -36.9523 4
    endloop
  endfacet
  facet normal 0.581741 -0.811808 -0.0504486
    outer loop
      vertex 26.9316 -35.0979 0
      vertex 24.6907 -36.9523 4
      vertex 24.5784 -36.7842 0
    endloop
  endfacet
  facet normal 0.522494 -0.840221 -0.145014
    outer loop
      vertex 24.6907 -36.9523 4
      vertex 25.0166 -37.44 8
      vertex 22.5144 -38.996 8
    endloop
  endfacet
  facet normal 0.522487 -0.840224 -0.14502
    outer loop
      vertex 24.6907 -36.9523 4
      vertex 22.5144 -38.996 8
      vertex 22.2211 -38.488 4
    endloop
  endfacet
  facet normal 0.514816 -0.827902 -0.222582
    outer loop
      vertex 25.0166 -37.44 8
      vertex 25.5243 -38.1997 12
      vertex 22.9712 -39.7873 12
    endloop
  endfacet
  facet normal 0.51483 -0.827896 -0.222572
    outer loop
      vertex 25.0166 -37.44 8
      vertex 22.9712 -39.7873 12
      vertex 22.5144 -38.996 8
    endloop
  endfacet
  facet normal 0.507496 -0.816098 -0.276461
    outer loop
      vertex 25.5243 -38.1997 12
      vertex 26.1639 -39.157 16
      vertex 23.5469 -40.7844 16
    endloop
  endfacet
  facet normal 0.50748 -0.816104 -0.276473
    outer loop
      vertex 25.5243 -38.1997 12
      vertex 23.5469 -40.7844 16
      vertex 22.9712 -39.7873 12
    endloop
  endfacet
  facet normal 0.503108 -0.80906 -0.303816
    outer loop
      vertex 26.1639 -39.157 16
      vertex 27.582 -41.2793 24
      vertex 24.8231 -42.9949 24
    endloop
  endfacet
  facet normal 0.503117 -0.809056 -0.303812
    outer loop
      vertex 26.1639 -39.157 16
      vertex 24.8231 -42.9949 24
      vertex 23.5469 -40.7844 16
    endloop
  endfacet
  facet normal 0.507501 -0.816095 -0.276461
    outer loop
      vertex 27.582 -41.2793 24
      vertex 28.2216 -42.2366 28
      vertex 25.3988 -43.992 28
    endloop
  endfacet
  facet normal 0.507486 -0.816101 -0.276473
    outer loop
      vertex 27.582 -41.2793 24
      vertex 25.3988 -43.992 28
      vertex 24.8231 -42.9949 24
    endloop
  endfacet
  facet normal 0.514818 -0.827904 -0.22257
    outer loop
      vertex 28.2216 -42.2366 28
      vertex 28.7292 -42.9963 32
      vertex 25.8556 -44.7832 32
    endloop
  endfacet
  facet normal 0.514839 -0.827896 -0.222552
    outer loop
      vertex 28.2216 -42.2366 28
      vertex 25.8556 -44.7832 32
      vertex 25.3988 -43.992 28
    endloop
  endfacet
  facet normal 0.522486 -0.840222 -0.145035
    outer loop
      vertex 28.7292 -42.9963 32
      vertex 29.0551 -43.4841 36
      vertex 26.1489 -45.2913 36
    endloop
  endfacet
  facet normal 0.52248 -0.840225 -0.14504
    outer loop
      vertex 28.7292 -42.9963 32
      vertex 26.1489 -45.2913 36
      vertex 25.8556 -44.7832 32
    endloop
  endfacet
  facet normal 0.527384 -0.848128 -0.0504489
    outer loop
      vertex 29.0551 -43.4841 36
      vertex 29.1674 -43.6522 40
      vertex 26.25 -45.4663 40
    endloop
  endfacet
  facet normal 0.527398 -0.84812 -0.0504352
    outer loop
      vertex 29.0551 -43.4841 36
      vertex 26.25 -45.4663 40
      vertex 26.1489 -45.2913 36
    endloop
  endfacet
  facet normal 0.527397 -0.84812 0.0504489
    outer loop
      vertex 29.1674 -43.6522 40
      vertex 29.0551 -43.4841 44
      vertex 26.1489 -45.2913 44
    endloop
  endfacet
  facet normal 0.527384 -0.848129 0.0504353
    outer loop
      vertex 26.25 -45.4663 40
      vertex 29.1674 -43.6522 40
      vertex 26.1489 -45.2913 44
    endloop
  endfacet
  facet normal 0.52248 -0.840226 0.145035
    outer loop
      vertex 29.0551 -43.4841 44
      vertex 28.7292 -42.9963 48
      vertex 25.8556 -44.7832 48
    endloop
  endfacet
  facet normal 0.522486 -0.840221 0.14504
    outer loop
      vertex 26.1489 -45.2913 44
      vertex 29.0551 -43.4841 44
      vertex 25.8556 -44.7832 48
    endloop
  endfacet
  facet normal 0.514837 -0.827892 0.22257
    outer loop
      vertex 28.7292 -42.9963 48
      vertex 28.2216 -42.2366 52
      vertex 25.3988 -43.992 52
    endloop
  endfacet
  facet normal 0.51482 -0.827907 0.222553
    outer loop
      vertex 25.8556 -44.7832 48
      vertex 28.7292 -42.9963 48
      vertex 25.3988 -43.992 52
    endloop
  endfacet
  facet normal 0.507488 -0.816104 0.276461
    outer loop
      vertex 28.2216 -42.2366 52
      vertex 27.582 -41.2793 56
      vertex 24.8231 -42.9949 56
    endloop
  endfacet
  facet normal 0.507499 -0.816093 0.276473
    outer loop
      vertex 25.3988 -43.992 52
      vertex 28.2216 -42.2366 52
      vertex 24.8231 -42.9949 56
    endloop
  endfacet
  facet normal 0.503116 -0.809055 0.303816
    outer loop
      vertex 27.582 -41.2793 56
      vertex 26.1639 -39.157 64
      vertex 23.5469 -40.7844 64
    endloop
  endfacet
  facet normal 0.503108 -0.809061 0.303812
    outer loop
      vertex 24.8231 -42.9949 56
      vertex 27.582 -41.2793 56
      vertex 23.5469 -40.7844 64
    endloop
  endfacet
  facet normal 0.507482 -0.816107 0.276461
    outer loop
      vertex 26.1639 -39.157 64
      vertex 25.5243 -38.1997 68
      vertex 22.9712 -39.7873 68
    endloop
  endfacet
  facet normal 0.507495 -0.816095 0.276473
    outer loop
      vertex 23.5469 -40.7844 64
      vertex 26.1639 -39.157 64
      vertex 22.9712 -39.7873 68
    endloop
  endfacet
  facet normal 0.514828 -0.827894 0.222582
    outer loop
      vertex 25.5243 -38.1997 68
      vertex 25.0166 -37.44 72
      vertex 22.5144 -38.996 72
    endloop
  endfacet
  facet normal 0.514817 -0.827904 0.222572
    outer loop
      vertex 22.9712 -39.7873 68
      vertex 25.5243 -38.1997 68
      vertex 22.5144 -38.996 72
    endloop
  endfacet
  facet normal 0.522487 -0.840225 0.145014
    outer loop
      vertex 25.0166 -37.44 72
      vertex 24.6907 -36.9523 76
      vertex 22.2211 -38.488 76
    endloop
  endfacet
  facet normal 0.522493 -0.84022 0.14502
    outer loop
      vertex 22.5144 -38.996 72
      vertex 25.0166 -37.44 72
      vertex 22.2211 -38.488 76
    endloop
  endfacet
  facet normal 0.527413 -0.84811 0.0504489
    outer loop
      vertex 24.6907 -36.9523 76
      vertex 24.5784 -36.7842 80
      vertex 22.12 -38.313 80
    endloop
  endfacet
  facet normal 0.527397 -0.848121 0.0504352
    outer loop
      vertex 22.2211 -38.488 76
      vertex 24.6907 -36.9523 76
      vertex 22.12 -38.313 80
    endloop
  endfacet
  facet normal -0.528085 0.849192 0
    outer loop
      vertex 24.5784 -36.7842 0
      vertex 22.12 -38.313 80
      vertex 24.5784 -36.7842 80
    endloop
  endfacet
  facet normal -0.528085 0.849192 0
    outer loop
      vertex 22.12 -38.313 80
      vertex 24.5784 -36.7842 0
      vertex 22.12 -38.313 0
    endloop
  endfacet
  facet normal 0.527396 -0.84812 -0.0504489
    outer loop
      vertex 24.5784 -36.7842 0
      vertex 24.6907 -36.9523 4
      vertex 22.2211 -38.488 4
    endloop
  endfacet
  facet normal 0.527413 -0.848111 -0.0504352
    outer loop
      vertex 24.5784 -36.7842 0
      vertex 22.2211 -38.488 4
      vertex 22.12 -38.313 0
    endloop
  endfacet
  facet normal 0.466431 -0.872589 -0.14502
    outer loop
      vertex 22.2211 -38.488 4
      vertex 22.5144 -38.996 8
      vertex 19.9157 -40.3851 8
    endloop
  endfacet
  facet normal 0.466394 -0.872604 -0.145048
    outer loop
      vertex 22.2211 -38.488 4
      vertex 19.9157 -40.3851 8
      vertex 19.6562 -39.8589 4
    endloop
  endfacet
  facet normal 0.459572 -0.8598 -0.222573
    outer loop
      vertex 22.5144 -38.996 8
      vertex 22.9712 -39.7873 12
      vertex 20.3198 -41.2045 12
    endloop
  endfacet
  facet normal 0.459591 -0.859793 -0.222559
    outer loop
      vertex 22.5144 -38.996 8
      vertex 20.3198 -41.2045 12
      vertex 19.9157 -40.3851 8
    endloop
  endfacet
  facet normal 0.453011 -0.847552 -0.276473
    outer loop
      vertex 22.9712 -39.7873 12
      vertex 23.5469 -40.7844 16
      vertex 20.829 -42.2371 16
    endloop
  endfacet
  facet normal 0.453023 -0.847548 -0.276464
    outer loop
      vertex 22.9712 -39.7873 12
      vertex 20.829 -42.2371 16
      vertex 20.3198 -41.2045 12
    endloop
  endfacet
  facet normal 0.449108 -0.840238 -0.303812
    outer loop
      vertex 23.5469 -40.7844 16
      vertex 24.8231 -42.9949 24
      vertex 21.958 -44.5263 24
    endloop
  endfacet
  facet normal 0.449103 -0.84024 -0.303814
    outer loop
      vertex 23.5469 -40.7844 16
      vertex 21.958 -44.5263 24
      vertex 20.829 -42.2371 16
    endloop
  endfacet
  facet normal 0.453006 -0.847554 -0.276473
    outer loop
      vertex 24.8231 -42.9949 24
      vertex 25.3988 -43.992 28
      vertex 22.4672 -45.5589 28
    endloop
  endfacet
  facet normal 0.453017 -0.847551 -0.276464
    outer loop
      vertex 24.8231 -42.9949 24
      vertex 22.4672 -45.5589 28
      vertex 21.958 -44.5263 24
    endloop
  endfacet
  facet normal 0.459588 -0.859796 -0.222553
    outer loop
      vertex 25.3988 -43.992 28
      vertex 25.8556 -44.7832 32
      vertex 22.8713 -46.3784 32
    endloop
  endfacet
  facet normal 0.459555 -0.859807 -0.222579
    outer loop
      vertex 25.3988 -43.992 28
      vertex 22.8713 -46.3784 32
      vertex 22.4672 -45.5589 28
    endloop
  endfacet
  facet normal 0.466398 -0.872603 -0.145041
    outer loop
      vertex 25.8556 -44.7832 32
      vertex 26.1489 -45.2913 36
      vertex 23.1307 -46.9045 36
    endloop
  endfacet
  facet normal 0.466427 -0.872592 -0.145015
    outer loop
      vertex 25.8556 -44.7832 32
      vertex 23.1307 -46.9045 36
      vertex 22.8713 -46.3784 32
    endloop
  endfacet
  facet normal 0.470805 -0.880794 -0.0504344
    outer loop
      vertex 26.1489 -45.2913 36
      vertex 26.25 -45.4663 40
      vertex 23.2202 -47.0858 40
    endloop
  endfacet
  facet normal 0.470782 -0.880805 -0.0504563
    outer loop
      vertex 26.1489 -45.2913 36
      vertex 23.2202 -47.0858 40
      vertex 23.1307 -46.9045 36
    endloop
  endfacet
  facet normal 0.470783 -0.880806 0.0504343
    outer loop
      vertex 26.25 -45.4663 40
      vertex 26.1489 -45.2913 44
      vertex 23.1307 -46.9045 44
    endloop
  endfacet
  facet normal 0.470805 -0.880793 0.0504562
    outer loop
      vertex 23.2202 -47.0858 40
      vertex 26.25 -45.4663 40
      vertex 23.1307 -46.9045 44
    endloop
  endfacet
  facet normal 0.466425 -0.872588 0.145041
    outer loop
      vertex 26.1489 -45.2913 44
      vertex 25.8556 -44.7832 48
      vertex 22.8713 -46.3784 48
    endloop
  endfacet
  facet normal 0.4664 -0.872606 0.145016
    outer loop
      vertex 23.1307 -46.9045 44
      vertex 26.1489 -45.2913 44
      vertex 22.8713 -46.3784 48
    endloop
  endfacet
  facet normal 0.459558 -0.859812 0.222552
    outer loop
      vertex 25.8556 -44.7832 48
      vertex 25.3988 -43.992 52
      vertex 22.4672 -45.5589 52
    endloop
  endfacet
  facet normal 0.459585 -0.859791 0.222579
    outer loop
      vertex 22.8713 -46.3784 48
      vertex 25.8556 -44.7832 48
      vertex 22.4672 -45.5589 52
    endloop
  endfacet
  facet normal 0.453016 -0.847549 0.276473
    outer loop
      vertex 25.3988 -43.992 52
      vertex 24.8231 -42.9949 56
      vertex 21.958 -44.5263 56
    endloop
  endfacet
  facet normal 0.453007 -0.847556 0.276465
    outer loop
      vertex 22.4672 -45.5589 52
      vertex 25.3988 -43.992 52
      vertex 21.958 -44.5263 56
    endloop
  endfacet
  facet normal 0.449103 -0.840241 0.303812
    outer loop
      vertex 24.8231 -42.9949 56
      vertex 23.5469 -40.7844 64
      vertex 20.829 -42.2371 64
    endloop
  endfacet
  facet normal 0.449108 -0.840237 0.303814
    outer loop
      vertex 21.958 -44.5263 56
      vertex 24.8231 -42.9949 56
      vertex 20.829 -42.2371 64
    endloop
  endfacet
  facet normal 0.453022 -0.847546 0.276473
    outer loop
      vertex 23.5469 -40.7844 64
      vertex 22.9712 -39.7873 68
      vertex 20.3198 -41.2045 68
    endloop
  endfacet
  facet normal 0.453012 -0.847554 0.276464
    outer loop
      vertex 20.829 -42.2371 64
      vertex 23.5469 -40.7844 64
      vertex 20.3198 -41.2045 68
    endloop
  endfacet
  facet normal 0.459589 -0.85979 0.222573
    outer loop
      vertex 22.9712 -39.7873 68
      vertex 22.5144 -38.996 72
      vertex 19.9157 -40.3851 72
    endloop
  endfacet
  facet normal 0.459573 -0.859802 0.222559
    outer loop
      vertex 20.3198 -41.2045 68
      vertex 22.9712 -39.7873 68
      vertex 19.9157 -40.3851 72
    endloop
  endfacet
  facet normal 0.466396 -0.872608 0.14502
    outer loop
      vertex 22.5144 -38.996 72
      vertex 22.2211 -38.488 76
      vertex 19.6562 -39.8589 76
    endloop
  endfacet
  facet normal 0.466429 -0.872585 0.145048
    outer loop
      vertex 19.9157 -40.3851 72
      vertex 22.5144 -38.996 72
      vertex 19.6562 -39.8589 76
    endloop
  endfacet
  facet normal 0.470766 -0.880815 0.0504343
    outer loop
      vertex 22.2211 -38.488 76
      vertex 22.12 -38.313 80
      vertex 19.5668 -39.6776 80
    endloop
  endfacet
  facet normal 0.470779 -0.880808 0.0504445
    outer loop
      vertex 19.6562 -39.8589 76
      vertex 22.2211 -38.488 76
      vertex 19.5668 -39.6776 80
    endloop
  endfacet
  facet normal -0.471366 0.881938 0
    outer loop
      vertex 22.12 -38.313 0
      vertex 19.5668 -39.6776 80
      vertex 22.12 -38.313 80
    endloop
  endfacet
  facet normal -0.471366 0.881938 0
    outer loop
      vertex 19.5668 -39.6776 80
      vertex 22.12 -38.313 0
      vertex 19.5668 -39.6776 0
    endloop
  endfacet
  facet normal 0.470779 -0.880809 -0.0504343
    outer loop
      vertex 22.12 -38.313 0
      vertex 22.2211 -38.488 4
      vertex 19.6562 -39.8589 4
    endloop
  endfacet
  facet normal 0.470766 -0.880815 -0.0504446
    outer loop
      vertex 22.12 -38.313 0
      vertex 19.6562 -39.8589 4
      vertex 19.5668 -39.6776 0
    endloop
  endfacet
  facet normal 0.408326 -0.901239 -0.145048
    outer loop
      vertex 19.6562 -39.8589 4
      vertex 19.9157 -40.3851 8
      vertex 17.2318 -41.6011 8
    endloop
  endfacet
  facet normal 0.408373 -0.901223 -0.145013
    outer loop
      vertex 19.6562 -39.8589 4
      vertex 17.2318 -41.6011 8
      vertex 17.0073 -41.0592 4
    endloop
  endfacet
  facet normal 0.402369 -0.888013 -0.222559
    outer loop
      vertex 19.9157 -40.3851 8
      vertex 20.3198 -41.2045 12
      vertex 17.5814 -42.4453 12
    endloop
  endfacet
  facet normal 0.402338 -0.888021 -0.222581
    outer loop
      vertex 19.9157 -40.3851 8
      vertex 17.5814 -42.4453 12
      vertex 17.2318 -41.6011 8
    endloop
  endfacet
  facet normal 0.396612 -0.875366 -0.276465
    outer loop
      vertex 20.3198 -41.2045 12
      vertex 20.829 -42.2371 16
      vertex 18.022 -43.5089 16
    endloop
  endfacet
  facet normal 0.396636 -0.875361 -0.276448
    outer loop
      vertex 20.3198 -41.2045 12
      vertex 18.022 -43.5089 16
      vertex 17.5814 -42.4453 12
    endloop
  endfacet
  facet normal 0.3932 -0.867808 -0.303814
    outer loop
      vertex 20.829 -42.2371 16
      vertex 21.958 -44.5263 24
      vertex 18.9988 -45.8671 24
    endloop
  endfacet
  facet normal 0.393189 -0.867812 -0.303818
    outer loop
      vertex 20.829 -42.2371 16
      vertex 18.9988 -45.8671 24
      vertex 18.022 -43.5089 16
    endloop
  endfacet
  facet normal 0.396627 -0.87536 -0.276465
    outer loop
      vertex 21.958 -44.5263 24
      vertex 22.4672 -45.5589 28
      vertex 19.4394 -46.9308 28
    endloop
  endfacet
  facet normal 0.396622 -0.875361 -0.276468
    outer loop
      vertex 21.958 -44.5263 24
      vertex 19.4394 -46.9308 28
      vertex 18.9988 -45.8671 24
    endloop
  endfacet
  facet normal 0.402337 -0.888022 -0.22258
    outer loop
      vertex 22.4672 -45.5589 28
      vertex 22.8713 -46.3784 32
      vertex 19.789 -47.7749 32
    endloop
  endfacet
  facet normal 0.402361 -0.888016 -0.22256
    outer loop
      vertex 22.4672 -45.5589 28
      vertex 19.789 -47.7749 32
      vertex 19.4394 -46.9308 28
    endloop
  endfacet
  facet normal 0.408348 -0.901234 -0.145016
    outer loop
      vertex 22.8713 -46.3784 32
      vertex 23.1307 -46.9045 36
      vertex 20.0135 -48.3169 36
    endloop
  endfacet
  facet normal 0.408326 -0.901241 -0.145035
    outer loop
      vertex 22.8713 -46.3784 32
      vertex 20.0135 -48.3169 36
      vertex 19.789 -47.7749 32
    endloop
  endfacet
  facet normal 0.412189 -0.9097 -0.0504549
    outer loop
      vertex 23.1307 -46.9045 36
      vertex 23.2202 -47.0858 40
      vertex 20.0909 -48.5037 40
    endloop
  endfacet
  facet normal 0.412185 -0.909702 -0.0504589
    outer loop
      vertex 23.1307 -46.9045 36
      vertex 20.0909 -48.5037 40
      vertex 20.0135 -48.3169 36
    endloop
  endfacet
  facet normal 0.412185 -0.909702 0.0504549
    outer loop
      vertex 23.2202 -47.0858 40
      vertex 23.1307 -46.9045 44
      vertex 20.0135 -48.3169 44
    endloop
  endfacet
  facet normal 0.412189 -0.9097 0.0504588
    outer loop
      vertex 20.0909 -48.5037 40
      vertex 23.2202 -47.0858 40
      vertex 20.0135 -48.3169 44
    endloop
  endfacet
  facet normal 0.408327 -0.901243 0.145016
    outer loop
      vertex 23.1307 -46.9045 44
      vertex 22.8713 -46.3784 48
      vertex 19.789 -47.7749 48
    endloop
  endfacet
  facet normal 0.408347 -0.901231 0.145035
    outer loop
      vertex 20.0135 -48.3169 44
      vertex 23.1307 -46.9045 44
      vertex 19.789 -47.7749 48
    endloop
  endfacet
  facet normal 0.402359 -0.888012 0.22258
    outer loop
      vertex 22.8713 -46.3784 48
      vertex 22.4672 -45.5589 52
      vertex 19.4394 -46.9308 52
    endloop
  endfacet
  facet normal 0.402339 -0.888026 0.22256
    outer loop
      vertex 19.789 -47.7749 48
      vertex 22.8713 -46.3784 48
      vertex 19.4394 -46.9308 52
    endloop
  endfacet
  facet normal 0.396622 -0.875362 0.276465
    outer loop
      vertex 22.4672 -45.5589 52
      vertex 21.958 -44.5263 56
      vertex 18.9988 -45.8671 56
    endloop
  endfacet
  facet normal 0.396626 -0.875359 0.276468
    outer loop
      vertex 19.4394 -46.9308 52
      vertex 22.4672 -45.5589 52
      vertex 18.9988 -45.8671 56
    endloop
  endfacet
  facet normal 0.39319 -0.867813 0.303814
    outer loop
      vertex 21.958 -44.5263 56
      vertex 20.829 -42.2371 64
      vertex 18.022 -43.5089 64
    endloop
  endfacet
  facet normal 0.393199 -0.867807 0.303817
    outer loop
      vertex 18.9988 -45.8671 56
      vertex 21.958 -44.5263 56
      vertex 18.022 -43.5089 64
    endloop
  endfacet
  facet normal 0.396634 -0.875356 0.276465
    outer loop
      vertex 20.829 -42.2371 64
      vertex 20.3198 -41.2045 68
      vertex 17.5814 -42.4453 68
    endloop
  endfacet
  facet normal 0.396614 -0.875371 0.276448
    outer loop
      vertex 18.022 -43.5089 64
      vertex 20.829 -42.2371 64
      vertex 17.5814 -42.4453 68
    endloop
  endfacet
  facet normal 0.40234 -0.888026 0.222559
    outer loop
      vertex 20.3198 -41.2045 68
      vertex 19.9157 -40.3851 72
      vertex 17.2318 -41.6011 72
    endloop
  endfacet
  facet normal 0.402367 -0.888008 0.222581
    outer loop
      vertex 17.5814 -42.4453 68
      vertex 20.3198 -41.2045 68
      vertex 17.2318 -41.6011 72
    endloop
  endfacet
  facet normal 0.40837 -0.901218 0.145048
    outer loop
      vertex 19.9157 -40.3851 72
      vertex 19.6562 -39.8589 76
      vertex 17.0073 -41.0592 76
    endloop
  endfacet
  facet normal 0.408328 -0.901243 0.145013
    outer loop
      vertex 17.2318 -41.6011 72
      vertex 19.9157 -40.3851 72
      vertex 17.0073 -41.0592 76
    endloop
  endfacet
  facet normal 0.412192 -0.909699 0.0504446
    outer loop
      vertex 19.6562 -39.8589 76
      vertex 19.5668 -39.6776 80
      vertex 16.9299 -40.8724 80
    endloop
  endfacet
  facet normal 0.41221 -0.909691 0.0504588
    outer loop
      vertex 17.0073 -41.0592 76
      vertex 19.6562 -39.8589 76
      vertex 16.9299 -40.8724 80
    endloop
  endfacet
  facet normal -0.412717 0.910859 0
    outer loop
      vertex 19.5668 -39.6776 0
      vertex 16.9299 -40.8724 80
      vertex 19.5668 -39.6776 80
    endloop
  endfacet
  facet normal -0.412717 0.910859 0
    outer loop
      vertex 16.9299 -40.8724 80
      vertex 19.5668 -39.6776 0
      vertex 16.9299 -40.8724 0
    endloop
  endfacet
  facet normal 0.41221 -0.909691 -0.0504447
    outer loop
      vertex 19.5668 -39.6776 0
      vertex 19.6562 -39.8589 4
      vertex 17.0073 -41.0592 4
    endloop
  endfacet
  facet normal 0.412192 -0.909699 -0.0504588
    outer loop
      vertex 19.5668 -39.6776 0
      vertex 17.0073 -41.0592 4
      vertex 16.9299 -40.8724 0
    endloop
  endfacet
  facet normal 0.348538 -0.926009 -0.145013
    outer loop
      vertex 17.0073 -41.0592 4
      vertex 17.2318 -41.6011 8
      vertex 14.474 -42.6391 8
    endloop
  endfacet
  facet normal 0.348522 -0.926013 -0.145024
    outer loop
      vertex 17.0073 -41.0592 4
      vertex 14.474 -42.6391 8
      vertex 14.2855 -42.0836 4
    endloop
  endfacet
  facet normal 0.343413 -0.912428 -0.222582
    outer loop
      vertex 17.2318 -41.6011 8
      vertex 17.5814 -42.4453 12
      vertex 14.7677 -43.5043 12
    endloop
  endfacet
  facet normal 0.343425 -0.912425 -0.222574
    outer loop
      vertex 17.2318 -41.6011 8
      vertex 14.7677 -43.5043 12
      vertex 14.474 -42.6391 8
    endloop
  endfacet
  facet normal 0.33854 -0.899426 -0.276448
    outer loop
      vertex 17.5814 -42.4453 12
      vertex 18.022 -43.5089 16
      vertex 15.1378 -44.5945 16
    endloop
  endfacet
  facet normal 0.338521 -0.899429 -0.276461
    outer loop
      vertex 17.5814 -42.4453 12
      vertex 15.1378 -44.5945 16
      vertex 14.7677 -43.5043 12
    endloop
  endfacet
  facet normal 0.335609 -0.891662 -0.303818
    outer loop
      vertex 18.022 -43.5089 16
      vertex 18.9988 -45.8671 24
      vertex 15.9583 -47.0115 24
    endloop
  endfacet
  facet normal 0.335617 -0.89166 -0.303815
    outer loop
      vertex 18.022 -43.5089 16
      vertex 15.9583 -47.0115 24
      vertex 15.1378 -44.5945 16
    endloop
  endfacet
  facet normal 0.338512 -0.899431 -0.276468
    outer loop
      vertex 18.9988 -45.8671 24
      vertex 19.4394 -46.9308 28
      vertex 16.3283 -48.1017 28
    endloop
  endfacet
  facet normal 0.338531 -0.899428 -0.276453
    outer loop
      vertex 18.9988 -45.8671 24
      vertex 16.3283 -48.1017 28
      vertex 15.9583 -47.0115 24
    endloop
  endfacet
  facet normal 0.343422 -0.91243 -0.222561
    outer loop
      vertex 19.4394 -46.9308 28
      vertex 19.789 -47.7749 32
      vertex 16.622 -48.9669 32
    endloop
  endfacet
  facet normal 0.343405 -0.912433 -0.222574
    outer loop
      vertex 19.4394 -46.9308 28
      vertex 16.622 -48.9669 32
      vertex 16.3283 -48.1017 28
    endloop
  endfacet
  facet normal 0.348529 -0.926009 -0.145035
    outer loop
      vertex 19.789 -47.7749 32
      vertex 20.0135 -48.3169 36
      vertex 16.8106 -49.5224 36
    endloop
  endfacet
  facet normal 0.348532 -0.926008 -0.145033
    outer loop
      vertex 19.789 -47.7749 32
      vertex 16.8106 -49.5224 36
      vertex 16.622 -48.9669 32
    endloop
  endfacet
  facet normal 0.351788 -0.934719 -0.0504585
    outer loop
      vertex 20.0135 -48.3169 36
      vertex 20.0909 -48.5037 40
      vertex 16.8756 -49.7138 40
    endloop
  endfacet
  facet normal 0.351805 -0.934713 -0.0504429
    outer loop
      vertex 20.0135 -48.3169 36
      vertex 16.8756 -49.7138 40
      vertex 16.8106 -49.5224 36
    endloop
  endfacet
  facet normal 0.351805 -0.934712 0.0504585
    outer loop
      vertex 20.0909 -48.5037 40
      vertex 20.0135 -48.3169 44
      vertex 16.8106 -49.5224 44
    endloop
  endfacet
  facet normal 0.351788 -0.93472 0.0504429
    outer loop
      vertex 16.8756 -49.7138 40
      vertex 20.0909 -48.5037 40
      vertex 16.8106 -49.5224 44
    endloop
  endfacet
  facet normal 0.348532 -0.926008 0.145035
    outer loop
      vertex 20.0135 -48.3169 44
      vertex 19.789 -47.7749 48
      vertex 16.622 -48.9669 48
    endloop
  endfacet
  facet normal 0.348529 -0.926009 0.145033
    outer loop
      vertex 16.8106 -49.5224 44
      vertex 20.0135 -48.3169 44
      vertex 16.622 -48.9669 48
    endloop
  endfacet
  facet normal 0.343406 -0.912436 0.22256
    outer loop
      vertex 19.789 -47.7749 48
      vertex 19.4394 -46.9308 52
      vertex 16.3283 -48.1017 52
    endloop
  endfacet
  facet normal 0.343421 -0.912427 0.222574
    outer loop
      vertex 16.622 -48.9669 48
      vertex 19.789 -47.7749 48
      vertex 16.3283 -48.1017 52
    endloop
  endfacet
  facet normal 0.33853 -0.899424 0.276468
    outer loop
      vertex 19.4394 -46.9308 52
      vertex 18.9988 -45.8671 56
      vertex 15.9583 -47.0115 56
    endloop
  endfacet
  facet normal 0.338513 -0.899435 0.276453
    outer loop
      vertex 16.3283 -48.1017 52
      vertex 19.4394 -46.9308 52
      vertex 15.9583 -47.0115 56
    endloop
  endfacet
  facet normal 0.335617 -0.891659 0.303818
    outer loop
      vertex 18.9988 -45.8671 56
      vertex 18.022 -43.5089 64
      vertex 15.1378 -44.5945 64
    endloop
  endfacet
  facet normal 0.335609 -0.891663 0.303815
    outer loop
      vertex 15.9583 -47.0115 56
      vertex 18.9988 -45.8671 56
      vertex 15.1378 -44.5945 64
    endloop
  endfacet
  facet normal 0.338522 -0.899433 0.276447
    outer loop
      vertex 18.022 -43.5089 64
      vertex 17.5814 -42.4453 68
      vertex 14.7677 -43.5043 68
    endloop
  endfacet
  facet normal 0.338539 -0.899423 0.276461
    outer loop
      vertex 15.1378 -44.5945 64
      vertex 18.022 -43.5089 64
      vertex 14.7677 -43.5043 68
    endloop
  endfacet
  facet normal 0.343424 -0.912424 0.222582
    outer loop
      vertex 17.5814 -42.4453 68
      vertex 17.2318 -41.6011 72
      vertex 14.474 -42.6391 72
    endloop
  endfacet
  facet normal 0.343414 -0.91243 0.222574
    outer loop
      vertex 14.7677 -43.5043 68
      vertex 17.5814 -42.4453 68
      vertex 14.474 -42.6391 72
    endloop
  endfacet
  facet normal 0.348523 -0.926015 0.145013
    outer loop
      vertex 17.2318 -41.6011 72
      vertex 17.0073 -41.0592 76
      vertex 14.2855 -42.0836 76
    endloop
  endfacet
  facet normal 0.348537 -0.926007 0.145024
    outer loop
      vertex 14.474 -42.6391 72
      vertex 17.2318 -41.6011 72
      vertex 14.2855 -42.0836 76
    endloop
  endfacet
  facet normal 0.351818 -0.934708 0.0504585
    outer loop
      vertex 17.0073 -41.0592 76
      vertex 16.9299 -40.8724 80
      vertex 14.2205 -41.8922 80
    endloop
  endfacet
  facet normal 0.351798 -0.934716 0.0504429
    outer loop
      vertex 14.2855 -42.0836 76
      vertex 17.0073 -41.0592 76
      vertex 14.2205 -41.8922 80
    endloop
  endfacet
  facet normal -0.352266 0.9359 0
    outer loop
      vertex 16.9299 -40.8724 0
      vertex 14.2205 -41.8922 80
      vertex 16.9299 -40.8724 80
    endloop
  endfacet
  facet normal -0.352266 0.9359 0
    outer loop
      vertex 14.2205 -41.8922 80
      vertex 16.9299 -40.8724 0
      vertex 14.2205 -41.8922 0
    endloop
  endfacet
  facet normal 0.351797 -0.934715 -0.0504585
    outer loop
      vertex 16.9299 -40.8724 0
      vertex 17.0073 -41.0592 4
      vertex 14.2855 -42.0836 4
    endloop
  endfacet
  facet normal 0.351818 -0.934708 -0.0504428
    outer loop
      vertex 16.9299 -40.8724 0
      vertex 14.2855 -42.0836 4
      vertex 14.2205 -41.8922 0
    endloop
  endfacet
  facet normal 0.287201 -0.946828 -0.145025
    outer loop
      vertex 14.2855 -42.0836 4
      vertex 14.474 -42.6391 8
      vertex 11.6543 -43.4944 8
    endloop
  endfacet
  facet normal 0.287212 -0.946826 -0.145018
    outer loop
      vertex 14.2855 -42.0836 4
      vertex 11.6543 -43.4944 8
      vertex 11.5025 -42.9278 4
    endloop
  endfacet
  facet normal 0.283004 -0.932936 -0.222574
    outer loop
      vertex 14.474 -42.6391 8
      vertex 14.7677 -43.5043 12
      vertex 11.8908 -44.377 12
    endloop
  endfacet
  facet normal 0.282988 -0.932938 -0.222585
    outer loop
      vertex 14.474 -42.6391 8
      vertex 11.8908 -44.377 12
      vertex 11.6543 -43.4944 8
    endloop
  endfacet
  facet normal 0.27898 -0.919641 -0.276461
    outer loop
      vertex 14.7677 -43.5043 12
      vertex 15.1378 -44.5945 16
      vertex 12.1888 -45.4891 16
    endloop
  endfacet
  facet normal 0.278971 -0.919642 -0.276467
    outer loop
      vertex 14.7677 -43.5043 12
      vertex 12.1888 -45.4891 16
      vertex 11.8908 -44.377 12
    endloop
  endfacet
  facet normal 0.27657 -0.911705 -0.303815
    outer loop
      vertex 15.1378 -44.5945 16
      vertex 15.9583 -47.0115 24
      vertex 12.8494 -47.9546 24
    endloop
  endfacet
  facet normal 0.276572 -0.911704 -0.303814
    outer loop
      vertex 15.1378 -44.5945 16
      vertex 12.8494 -47.9546 24
      vertex 12.1888 -45.4891 16
    endloop
  endfacet
  facet normal 0.278994 -0.919639 -0.276454
    outer loop
      vertex 15.9583 -47.0115 24
      vertex 16.3283 -48.1017 28
      vertex 13.1474 -49.0667 28
    endloop
  endfacet
  facet normal 0.278977 -0.91964 -0.276467
    outer loop
      vertex 15.9583 -47.0115 24
      vertex 13.1474 -49.0667 28
      vertex 12.8494 -47.9546 24
    endloop
  endfacet
  facet normal 0.283012 -0.932934 -0.222574
    outer loop
      vertex 16.3283 -48.1017 28
      vertex 16.622 -48.9669 32
      vertex 13.3839 -49.9492 32
    endloop
  endfacet
  facet normal 0.283027 -0.932932 -0.222562
    outer loop
      vertex 16.3283 -48.1017 28
      vertex 13.3839 -49.9492 32
      vertex 13.1474 -49.0667 28
    endloop
  endfacet
  facet normal 0.287208 -0.946825 -0.145032
    outer loop
      vertex 16.622 -48.9669 32
      vertex 16.8106 -49.5224 36
      vertex 13.5357 -50.5158 36
    endloop
  endfacet
  facet normal 0.287225 -0.946822 -0.145018
    outer loop
      vertex 16.622 -48.9669 32
      vertex 13.5357 -50.5158 36
      vertex 13.3839 -49.9492 32
    endloop
  endfacet
  facet normal 0.28992 -0.955721 -0.0504424
    outer loop
      vertex 16.8106 -49.5224 36
      vertex 16.8756 -49.7138 40
      vertex 13.588 -50.7111 40
    endloop
  endfacet
  facet normal 0.289907 -0.955724 -0.0504538
    outer loop
      vertex 16.8106 -49.5224 36
      vertex 13.588 -50.7111 40
      vertex 13.5357 -50.5158 36
    endloop
  endfacet
  facet normal 0.289907 -0.955725 0.0504424
    outer loop
      vertex 16.8756 -49.7138 40
      vertex 16.8106 -49.5224 44
      vertex 13.5357 -50.5158 44
    endloop
  endfacet
  facet normal 0.28992 -0.95572 0.0504537
    outer loop
      vertex 13.588 -50.7111 40
      vertex 16.8756 -49.7138 40
      vertex 13.5357 -50.5158 44
    endloop
  endfacet
  facet normal 0.287224 -0.94682 0.145032
    outer loop
      vertex 16.8106 -49.5224 44
      vertex 16.622 -48.9669 48
      vertex 13.3839 -49.9492 48
    endloop
  endfacet
  facet normal 0.287208 -0.946827 0.145018
    outer loop
      vertex 13.5357 -50.5158 44
      vertex 16.8106 -49.5224 44
      vertex 13.3839 -49.9492 48
    endloop
  endfacet
  facet normal 0.283026 -0.932929 0.222574
    outer loop
      vertex 16.622 -48.9669 48
      vertex 16.3283 -48.1017 52
      vertex 13.1474 -49.0667 52
    endloop
  endfacet
  facet normal 0.283013 -0.932936 0.222562
    outer loop
      vertex 13.3839 -49.9492 48
      vertex 16.622 -48.9669 48
      vertex 13.1474 -49.0667 52
    endloop
  endfacet
  facet normal 0.278978 -0.919643 0.276454
    outer loop
      vertex 16.3283 -48.1017 52
      vertex 15.9583 -47.0115 56
      vertex 12.8494 -47.9546 56
    endloop
  endfacet
  facet normal 0.278993 -0.919635 0.276467
    outer loop
      vertex 13.1474 -49.0667 52
      vertex 16.3283 -48.1017 52
      vertex 12.8494 -47.9546 56
    endloop
  endfacet
  facet normal 0.276572 -0.911704 0.303815
    outer loop
      vertex 15.9583 -47.0115 56
      vertex 15.1378 -44.5945 64
      vertex 12.1888 -45.4891 64
    endloop
  endfacet
  facet normal 0.27657 -0.911705 0.303814
    outer loop
      vertex 12.8494 -47.9546 56
      vertex 15.9583 -47.0115 56
      vertex 12.1888 -45.4891 64
    endloop
  endfacet
  facet normal 0.278971 -0.919644 0.276461
    outer loop
      vertex 15.1378 -44.5945 64
      vertex 14.7677 -43.5043 68
      vertex 11.8908 -44.377 68
    endloop
  endfacet
  facet normal 0.278979 -0.919639 0.276467
    outer loop
      vertex 12.1888 -45.4891 64
      vertex 15.1378 -44.5945 64
      vertex 11.8908 -44.377 68
    endloop
  endfacet
  facet normal 0.282989 -0.932941 0.222574
    outer loop
      vertex 14.7677 -43.5043 68
      vertex 14.474 -42.6391 72
      vertex 11.6543 -43.4944 72
    endloop
  endfacet
  facet normal 0.283003 -0.932934 0.222584
    outer loop
      vertex 11.8908 -44.377 68
      vertex 14.7677 -43.5043 68
      vertex 11.6543 -43.4944 72
    endloop
  endfacet
  facet normal 0.287211 -0.946825 0.145025
    outer loop
      vertex 14.474 -42.6391 72
      vertex 14.2855 -42.0836 76
      vertex 11.5025 -42.9278 76
    endloop
  endfacet
  facet normal 0.287202 -0.946829 0.145018
    outer loop
      vertex 11.6543 -43.4944 72
      vertex 14.474 -42.6391 72
      vertex 11.5025 -42.9278 76
    endloop
  endfacet
  facet normal 0.289896 -0.955728 0.0504424
    outer loop
      vertex 14.2855 -42.0836 76
      vertex 14.2205 -41.8922 80
      vertex 11.4502 -42.7325 80
    endloop
  endfacet
  facet normal 0.289911 -0.955723 0.0504538
    outer loop
      vertex 11.5025 -42.9278 76
      vertex 14.2855 -42.0836 76
      vertex 11.4502 -42.7325 80
    endloop
  endfacet
  facet normal -0.290265 0.956946 0
    outer loop
      vertex 14.2205 -41.8922 0
      vertex 11.4502 -42.7325 80
      vertex 14.2205 -41.8922 80
    endloop
  endfacet
  facet normal -0.290265 0.956946 0
    outer loop
      vertex 11.4502 -42.7325 80
      vertex 14.2205 -41.8922 0
      vertex 11.4502 -42.7325 0
    endloop
  endfacet
  facet normal 0.289911 -0.955723 -0.0504424
    outer loop
      vertex 14.2205 -41.8922 0
      vertex 14.2855 -42.0836 4
      vertex 11.5025 -42.9278 4
    endloop
  endfacet
  facet normal 0.289896 -0.955727 -0.0504538
    outer loop
      vertex 14.2205 -41.8922 0
      vertex 11.5025 -42.9278 4
      vertex 11.4502 -42.7325 0
    endloop
  endfacet
  facet normal 0.224675 -0.963582 -0.145018
    outer loop
      vertex 11.5025 -42.9278 4
      vertex 11.6543 -43.4944 8
      vertex 8.78467 -44.1635 8
    endloop
  endfacet
  facet normal 0.224678 -0.963582 -0.145015
    outer loop
      vertex 11.5025 -42.9278 4
      vertex 8.78467 -44.1635 8
      vertex 8.67023 -43.5882 4
    endloop
  endfacet
  facet normal 0.221385 -0.949445 -0.222584
    outer loop
      vertex 11.6543 -43.4944 8
      vertex 11.8908 -44.377 12
      vertex 8.96293 -45.0597 12
    endloop
  endfacet
  facet normal 0.221378 -0.949445 -0.222589
    outer loop
      vertex 11.6543 -43.4944 8
      vertex 8.96293 -45.0597 12
      vertex 8.78467 -44.1635 8
    endloop
  endfacet
  facet normal 0.218226 -0.935919 -0.276467
    outer loop
      vertex 11.8908 -44.377 12
      vertex 12.1888 -45.4891 16
      vertex 9.18753 -46.1889 16
    endloop
  endfacet
  facet normal 0.218231 -0.935918 -0.276463
    outer loop
      vertex 11.8908 -44.377 12
      vertex 9.18753 -46.1889 16
      vertex 8.96293 -45.0597 12
    endloop
  endfacet
  facet normal 0.216338 -0.927844 -0.303814
    outer loop
      vertex 12.1888 -45.4891 16
      vertex 12.8494 -47.9546 24
      vertex 9.6855 -48.6923 24
    endloop
  endfacet
  facet normal 0.216343 -0.927844 -0.303812
    outer loop
      vertex 12.1888 -45.4891 16
      vertex 9.6855 -48.6923 24
      vertex 9.18753 -46.1889 16
    endloop
  endfacet
  facet normal 0.218217 -0.935921 -0.276467
    outer loop
      vertex 12.8494 -47.9546 24
      vertex 13.1474 -49.0667 28
      vertex 9.91011 -49.8215 28
    endloop
  endfacet
  facet normal 0.218221 -0.935921 -0.276464
    outer loop
      vertex 12.8494 -47.9546 24
      vertex 9.91011 -49.8215 28
      vertex 9.6855 -48.6923 24
    endloop
  endfacet
  facet normal 0.22138 -0.949451 -0.222562
    outer loop
      vertex 13.1474 -49.0667 28
      vertex 13.3839 -49.9492 32
      vertex 10.0884 -50.7176 32
    endloop
  endfacet
  facet normal 0.221372 -0.949451 -0.222568
    outer loop
      vertex 13.1474 -49.0667 28
      vertex 10.0884 -50.7176 32
      vertex 9.91011 -49.8215 28
    endloop
  endfacet
  facet normal 0.224697 -0.963577 -0.145018
    outer loop
      vertex 13.3839 -49.9492 32
      vertex 13.5357 -50.5158 36
      vertex 10.2028 -51.293 36
    endloop
  endfacet
  facet normal 0.224674 -0.96358 -0.145037
    outer loop
      vertex 13.3839 -49.9492 32
      vertex 10.2028 -51.293 36
      vertex 10.0884 -50.7176 32
    endloop
  endfacet
  facet normal 0.226778 -0.972639 -0.0504542
    outer loop
      vertex 13.5357 -50.5158 36
      vertex 13.588 -50.7111 40
      vertex 10.2422 -51.4912 40
    endloop
  endfacet
  facet normal 0.226809 -0.972633 -0.050428
    outer loop
      vertex 13.5357 -50.5158 36
      vertex 10.2422 -51.4912 40
      vertex 10.2028 -51.293 36
    endloop
  endfacet
  facet normal 0.226808 -0.972632 0.0504543
    outer loop
      vertex 13.588 -50.7111 40
      vertex 13.5357 -50.5158 44
      vertex 10.2028 -51.293 44
    endloop
  endfacet
  facet normal 0.226779 -0.97264 0.0504281
    outer loop
      vertex 10.2422 -51.4912 40
      vertex 13.588 -50.7111 40
      vertex 10.2028 -51.293 44
    endloop
  endfacet
  facet normal 0.224675 -0.963582 0.145018
    outer loop
      vertex 13.5357 -50.5158 44
      vertex 13.3839 -49.9492 48
      vertex 10.0884 -50.7176 48
    endloop
  endfacet
  facet normal 0.224696 -0.963575 0.145037
    outer loop
      vertex 10.2028 -51.293 44
      vertex 13.5357 -50.5158 44
      vertex 10.0884 -50.7176 48
    endloop
  endfacet
  facet normal 0.221372 -0.949453 0.222562
    outer loop
      vertex 13.3839 -49.9492 48
      vertex 13.1474 -49.0667 52
      vertex 9.91011 -49.8215 52
    endloop
  endfacet
  facet normal 0.22138 -0.94945 0.222568
    outer loop
      vertex 10.0884 -50.7176 48
      vertex 13.3839 -49.9492 48
      vertex 9.91011 -49.8215 52
    endloop
  endfacet
  facet normal 0.218221 -0.93592 0.276467
    outer loop
      vertex 13.1474 -49.0667 52
      vertex 12.8494 -47.9546 56
      vertex 9.6855 -48.6923 56
    endloop
  endfacet
  facet normal 0.218218 -0.935921 0.276464
    outer loop
      vertex 9.91011 -49.8215 52
      vertex 13.1474 -49.0667 52
      vertex 9.6855 -48.6923 56
    endloop
  endfacet
  facet normal 0.216343 -0.927843 0.303814
    outer loop
      vertex 12.8494 -47.9546 56
      vertex 12.1888 -45.4891 64
      vertex 9.18753 -46.1889 64
    endloop
  endfacet
  facet normal 0.216338 -0.927845 0.303812
    outer loop
      vertex 9.6855 -48.6923 56
      vertex 12.8494 -47.9546 56
      vertex 9.18753 -46.1889 64
    endloop
  endfacet
  facet normal 0.218231 -0.935918 0.276467
    outer loop
      vertex 12.1888 -45.4891 64
      vertex 11.8908 -44.377 68
      vertex 8.96293 -45.0597 68
    endloop
  endfacet
  facet normal 0.218226 -0.935919 0.276463
    outer loop
      vertex 9.18753 -46.1889 64
      vertex 12.1888 -45.4891 64
      vertex 8.96293 -45.0597 68
    endloop
  endfacet
  facet normal 0.221378 -0.949446 0.222584
    outer loop
      vertex 11.8908 -44.377 68
      vertex 11.6543 -43.4944 72
      vertex 8.78467 -44.1635 72
    endloop
  endfacet
  facet normal 0.221385 -0.949444 0.222589
    outer loop
      vertex 8.96293 -45.0597 68
      vertex 11.8908 -44.377 68
      vertex 8.78467 -44.1635 72
    endloop
  endfacet
  facet normal 0.224678 -0.963582 0.145018
    outer loop
      vertex 11.6543 -43.4944 72
      vertex 11.5025 -42.9278 76
      vertex 8.67023 -43.5882 76
    endloop
  endfacet
  facet normal 0.224675 -0.963583 0.145015
    outer loop
      vertex 8.78467 -44.1635 72
      vertex 11.6543 -43.4944 72
      vertex 8.67023 -43.5882 76
    endloop
  endfacet
  facet normal 0.226789 -0.972636 0.0504542
    outer loop
      vertex 11.5025 -42.9278 76
      vertex 11.4502 -42.7325 80
      vertex 8.63079 -43.3899 80
    endloop
  endfacet
  facet normal 0.226789 -0.972636 0.0504546
    outer loop
      vertex 8.67023 -43.5882 76
      vertex 11.5025 -42.9278 76
      vertex 8.63079 -43.3899 80
    endloop
  endfacet
  facet normal -0.227078 0.973877 0
    outer loop
      vertex 11.4502 -42.7325 0
      vertex 8.63079 -43.3899 80
      vertex 11.4502 -42.7325 80
    endloop
  endfacet
  facet normal -0.227078 0.973877 0
    outer loop
      vertex 8.63079 -43.3899 80
      vertex 11.4502 -42.7325 0
      vertex 8.63079 -43.3899 0
    endloop
  endfacet
  facet normal 0.226789 -0.972636 -0.0504542
    outer loop
      vertex 11.4502 -42.7325 0
      vertex 11.5025 -42.9278 4
      vertex 8.67023 -43.5882 4
    endloop
  endfacet
  facet normal 0.226789 -0.972636 -0.0504546
    outer loop
      vertex 11.4502 -42.7325 0
      vertex 8.67023 -43.5882 4
      vertex 8.63079 -43.3899 0
    endloop
  endfacet
  facet normal 0.161178 -0.976213 -0.145015
    outer loop
      vertex 8.67023 -43.5882 4
      vertex 8.78467 -44.1635 8
      vertex 5.87743 -44.6435 8
    endloop
  endfacet
  facet normal 0.161162 -0.976214 -0.145027
    outer loop
      vertex 8.67023 -43.5882 4
      vertex 5.87743 -44.6435 8
      vertex 5.80086 -44.0619 4
    endloop
  endfacet
  facet normal 0.1588 -0.961892 -0.222589
    outer loop
      vertex 8.78467 -44.1635 8
      vertex 8.96293 -45.0597 12
      vertex 5.99669 -45.5494 12
    endloop
  endfacet
  facet normal 0.158813 -0.961892 -0.22258
    outer loop
      vertex 8.78467 -44.1635 8
      vertex 5.99669 -45.5494 12
      vertex 5.87743 -44.6435 8
    endloop
  endfacet
  facet normal 0.156547 -0.948188 -0.276464
    outer loop
      vertex 8.96293 -45.0597 12
      vertex 9.18753 -46.1889 16
      vertex 6.14697 -46.6909 16
    endloop
  endfacet
  facet normal 0.156537 -0.948188 -0.27647
    outer loop
      vertex 8.96293 -45.0597 12
      vertex 6.14697 -46.6909 16
      vertex 5.99669 -45.5494 12
    endloop
  endfacet
  facet normal 0.155193 -0.940007 -0.303812
    outer loop
      vertex 9.18753 -46.1889 16
      vertex 9.6855 -48.6923 24
      vertex 6.48013 -49.2215 24
    endloop
  endfacet
  facet normal 0.155196 -0.940007 -0.303811
    outer loop
      vertex 9.18753 -46.1889 16
      vertex 6.48013 -49.2215 24
      vertex 6.14697 -46.6909 16
    endloop
  endfacet
  facet normal 0.156552 -0.948187 -0.276464
    outer loop
      vertex 9.6855 -48.6923 24
      vertex 9.91011 -49.8215 28
      vertex 6.63041 -50.363 28
    endloop
  endfacet
  facet normal 0.156544 -0.948187 -0.27647
    outer loop
      vertex 9.6855 -48.6923 24
      vertex 6.63041 -50.363 28
      vertex 6.48013 -49.2215 24
    endloop
  endfacet
  facet normal 0.158802 -0.961897 -0.222567
    outer loop
      vertex 9.91011 -49.8215 28
      vertex 10.0884 -50.7176 32
      vertex 6.74967 -51.2688 32
    endloop
  endfacet
  facet normal 0.158816 -0.961897 -0.222557
    outer loop
      vertex 9.91011 -49.8215 28
      vertex 6.74967 -51.2688 32
      vertex 6.63041 -50.363 28
    endloop
  endfacet
  facet normal 0.161153 -0.976214 -0.145037
    outer loop
      vertex 10.0884 -50.7176 32
      vertex 10.2028 -51.293 36
      vertex 6.82624 -51.8504 36
    endloop
  endfacet
  facet normal 0.161166 -0.976214 -0.145027
    outer loop
      vertex 10.0884 -50.7176 32
      vertex 6.82624 -51.8504 36
      vertex 6.74967 -51.2688 32
    endloop
  endfacet
  facet normal 0.16271 -0.985384 -0.0504285
    outer loop
      vertex 10.2028 -51.293 36
      vertex 10.2422 -51.4912 40
      vertex 6.85262 -52.0509 40
    endloop
  endfacet
  facet normal 0.162667 -0.98539 -0.0504654
    outer loop
      vertex 10.2028 -51.293 36
      vertex 6.85262 -52.0509 40
      vertex 6.82624 -51.8504 36
    endloop
  endfacet
  facet normal 0.162668 -0.985391 0.0504284
    outer loop
      vertex 10.2422 -51.4912 40
      vertex 10.2028 -51.293 44
      vertex 6.82624 -51.8504 44
    endloop
  endfacet
  facet normal 0.16271 -0.985383 0.0504654
    outer loop
      vertex 6.85262 -52.0509 40
      vertex 10.2422 -51.4912 40
      vertex 6.82624 -51.8504 44
    endloop
  endfacet
  facet normal 0.161165 -0.976212 0.145037
    outer loop
      vertex 10.2028 -51.293 44
      vertex 10.0884 -50.7176 48
      vertex 6.74967 -51.2688 48
    endloop
  endfacet
  facet normal 0.161153 -0.976216 0.145027
    outer loop
      vertex 6.82624 -51.8504 44
      vertex 10.2028 -51.293 44
      vertex 6.74967 -51.2688 48
    endloop
  endfacet
  facet normal 0.158815 -0.961895 0.222567
    outer loop
      vertex 10.0884 -50.7176 48
      vertex 9.91011 -49.8215 52
      vertex 6.63041 -50.363 52
    endloop
  endfacet
  facet normal 0.158803 -0.961899 0.222557
    outer loop
      vertex 6.74967 -51.2688 48
      vertex 10.0884 -50.7176 48
      vertex 6.63041 -50.363 52
    endloop
  endfacet
  facet normal 0.156544 -0.948189 0.276464
    outer loop
      vertex 9.91011 -49.8215 52
      vertex 9.6855 -48.6923 56
      vertex 6.48013 -49.2215 56
    endloop
  endfacet
  facet normal 0.156552 -0.948186 0.27647
    outer loop
      vertex 6.63041 -50.363 52
      vertex 9.91011 -49.8215 52
      vertex 6.48013 -49.2215 56
    endloop
  endfacet
  facet normal 0.155196 -0.940007 0.303812
    outer loop
      vertex 9.6855 -48.6923 56
      vertex 9.18753 -46.1889 64
      vertex 6.14697 -46.6909 64
    endloop
  endfacet
  facet normal 0.155193 -0.940007 0.303811
    outer loop
      vertex 6.48013 -49.2215 56
      vertex 9.6855 -48.6923 56
      vertex 6.14697 -46.6909 64
    endloop
  endfacet
  facet normal 0.156538 -0.94819 0.276464
    outer loop
      vertex 9.18753 -46.1889 64
      vertex 8.96293 -45.0597 68
      vertex 5.99669 -45.5494 68
    endloop
  endfacet
  facet normal 0.156547 -0.948186 0.27647
    outer loop
      vertex 6.14697 -46.6909 64
      vertex 9.18753 -46.1889 64
      vertex 5.99669 -45.5494 68
    endloop
  endfacet
  facet normal 0.158813 -0.96189 0.222589
    outer loop
      vertex 8.96293 -45.0597 68
      vertex 8.78467 -44.1635 72
      vertex 5.87743 -44.6435 72
    endloop
  endfacet
  facet normal 0.1588 -0.961894 0.22258
    outer loop
      vertex 5.99669 -45.5494 68
      vertex 8.96293 -45.0597 68
      vertex 5.87743 -44.6435 72
    endloop
  endfacet
  facet normal 0.161162 -0.976216 0.145015
    outer loop
      vertex 8.78467 -44.1635 72
      vertex 8.67023 -43.5882 76
      vertex 5.80086 -44.0619 76
    endloop
  endfacet
  facet normal 0.161177 -0.976212 0.145027
    outer loop
      vertex 5.87743 -44.6435 72
      vertex 8.78467 -44.1635 72
      vertex 5.80086 -44.0619 76
    endloop
  endfacet
  facet normal 0.162695 -0.985386 0.0504547
    outer loop
      vertex 8.67023 -43.5882 76
      vertex 8.63079 -43.3899 80
      vertex 5.77448 -43.8615 80
    endloop
  endfacet
  facet normal 0.162676 -0.985389 0.0504409
    outer loop
      vertex 5.80086 -44.0619 76
      vertex 8.67023 -43.5882 76
      vertex 5.77448 -43.8615 80
    endloop
  endfacet
  facet normal -0.162903 0.986642 0
    outer loop
      vertex 8.63079 -43.3899 0
      vertex 5.77448 -43.8615 80
      vertex 8.63079 -43.3899 80
    endloop
  endfacet
  facet normal -0.162903 0.986642 0
    outer loop
      vertex 5.77448 -43.8615 80
      vertex 8.63079 -43.3899 0
      vertex 5.77448 -43.8615 0
    endloop
  endfacet
  facet normal 0.162676 -0.985389 -0.0504546
    outer loop
      vertex 8.63079 -43.3899 0
      vertex 8.67023 -43.5882 4
      vertex 5.80086 -44.0619 4
    endloop
  endfacet
  facet normal 0.162695 -0.985386 -0.0504408
    outer loop
      vertex 8.63079 -43.3899 0
      vertex 5.80086 -44.0619 4
      vertex 5.77448 -43.8615 0
    endloop
  endfacet
  facet normal 0.0969752 -0.984664 -0.145026
    outer loop
      vertex 5.80086 -44.0619 4
      vertex 5.87743 -44.6435 8
      vertex 2.94502 -44.9323 8
    endloop
  endfacet
  facet normal 0.0969963 -0.984664 -0.145011
    outer loop
      vertex 5.80086 -44.0619 4
      vertex 2.94502 -44.9323 8
      vertex 2.90665 -44.347 4
    endloop
  endfacet
  facet normal 0.0955656 -0.970219 -0.22258
    outer loop
      vertex 5.87743 -44.6435 8
      vertex 5.99669 -45.5494 12
      vertex 3.00478 -45.8441 12
    endloop
  endfacet
  facet normal 0.0955525 -0.970218 -0.222589
    outer loop
      vertex 5.87743 -44.6435 8
      vertex 3.00478 -45.8441 12
      vertex 2.94502 -44.9323 8
    endloop
  endfacet
  facet normal 0.0941774 -0.956397 -0.27647
    outer loop
      vertex 5.99669 -45.5494 12
      vertex 6.14697 -46.6909 16
      vertex 3.08008 -46.9929 16
    endloop
  endfacet
  facet normal 0.0942044 -0.9564 -0.276451
    outer loop
      vertex 5.99669 -45.5494 12
      vertex 3.08008 -46.9929 16
      vertex 3.00478 -45.8441 12
    endloop
  endfacet
  facet normal 0.0933744 -0.948146 -0.303811
    outer loop
      vertex 6.14697 -46.6909 16
      vertex 6.48013 -49.2215 24
      vertex 3.24702 -49.5399 24
    endloop
  endfacet
  facet normal 0.0933649 -0.948146 -0.303814
    outer loop
      vertex 6.14697 -46.6909 16
      vertex 3.24702 -49.5399 24
      vertex 3.08008 -46.9929 16
    endloop
  endfacet
  facet normal 0.0941914 -0.956395 -0.27647
    outer loop
      vertex 6.48013 -49.2215 24
      vertex 6.63041 -50.363 28
      vertex 3.32232 -50.6888 28
    endloop
  endfacet
  facet normal 0.0941868 -0.956395 -0.276474
    outer loop
      vertex 6.48013 -49.2215 24
      vertex 3.32232 -50.6888 28
      vertex 3.24702 -49.5399 24
    endloop
  endfacet
  facet normal 0.0955649 -0.970225 -0.222557
    outer loop
      vertex 6.63041 -50.363 28
      vertex 6.74967 -51.2688 32
      vertex 3.38208 -51.6005 32
    endloop
  endfacet
  facet normal 0.0955533 -0.970224 -0.222566
    outer loop
      vertex 6.63041 -50.363 28
      vertex 3.38208 -51.6005 32
      vertex 3.32232 -50.6888 28
    endloop
  endfacet
  facet normal 0.0969975 -0.984662 -0.145027
    outer loop
      vertex 6.74967 -51.2688 32
      vertex 6.82624 -51.8504 36
      vertex 3.42044 -52.1859 36
    endloop
  endfacet
  facet normal 0.0969869 -0.984662 -0.145035
    outer loop
      vertex 6.74967 -51.2688 32
      vertex 3.42044 -52.1859 36
      vertex 3.38208 -51.6005 32
    endloop
  endfacet
  facet normal 0.0978813 -0.993918 -0.0504657
    outer loop
      vertex 6.82624 -51.8504 36
      vertex 6.85262 -52.0509 40
      vertex 3.43366 -52.3876 40
    endloop
  endfacet
  facet normal 0.0979091 -0.993916 -0.0504418
    outer loop
      vertex 6.82624 -51.8504 36
      vertex 3.43366 -52.3876 40
      vertex 3.42044 -52.1859 36
    endloop
  endfacet
  facet normal 0.097909 -0.993915 0.0504657
    outer loop
      vertex 6.85262 -52.0509 40
      vertex 6.82624 -51.8504 44
      vertex 3.42044 -52.1859 44
    endloop
  endfacet
  facet normal 0.0978814 -0.993919 0.0504419
    outer loop
      vertex 3.43366 -52.3876 40
      vertex 6.85262 -52.0509 40
      vertex 3.42044 -52.1859 44
    endloop
  endfacet
  facet normal 0.0969871 -0.984663 0.145027
    outer loop
      vertex 6.82624 -51.8504 44
      vertex 6.74967 -51.2688 48
      vertex 3.38208 -51.6005 48
    endloop
  endfacet
  facet normal 0.0969974 -0.98466 0.145035
    outer loop
      vertex 3.42044 -52.1859 44
      vertex 6.82624 -51.8504 44
      vertex 3.38208 -51.6005 48
    endloop
  endfacet
  facet normal 0.0955535 -0.970226 0.222557
    outer loop
      vertex 6.74967 -51.2688 48
      vertex 6.63041 -50.363 52
      vertex 3.32232 -50.6888 52
    endloop
  endfacet
  facet normal 0.0955647 -0.970223 0.222566
    outer loop
      vertex 3.38208 -51.6005 48
      vertex 6.74967 -51.2688 48
      vertex 3.32232 -50.6888 52
    endloop
  endfacet
  facet normal 0.0941869 -0.956396 0.27647
    outer loop
      vertex 6.63041 -50.363 52
      vertex 6.48013 -49.2215 56
      vertex 3.24702 -49.5399 56
    endloop
  endfacet
  facet normal 0.0941913 -0.956394 0.276474
    outer loop
      vertex 3.32232 -50.6888 52
      vertex 6.63041 -50.363 52
      vertex 3.24702 -49.5399 56
    endloop
  endfacet
  facet normal 0.093365 -0.948147 0.303811
    outer loop
      vertex 6.48013 -49.2215 56
      vertex 6.14697 -46.6909 64
      vertex 3.08008 -46.9929 64
    endloop
  endfacet
  facet normal 0.0933743 -0.948145 0.303814
    outer loop
      vertex 3.24702 -49.5399 56
      vertex 6.48013 -49.2215 56
      vertex 3.08008 -46.9929 64
    endloop
  endfacet
  facet normal 0.0942038 -0.956394 0.27647
    outer loop
      vertex 6.14697 -46.6909 64
      vertex 5.99669 -45.5494 68
      vertex 3.00478 -45.8441 68
    endloop
  endfacet
  facet normal 0.094178 -0.956402 0.276452
    outer loop
      vertex 3.08008 -46.9929 64
      vertex 6.14697 -46.6909 64
      vertex 3.00478 -45.8441 68
    endloop
  endfacet
  facet normal 0.0955527 -0.970221 0.22258
    outer loop
      vertex 5.99669 -45.5494 68
      vertex 5.87743 -44.6435 72
      vertex 2.94502 -44.9323 72
    endloop
  endfacet
  facet normal 0.0955654 -0.970217 0.222589
    outer loop
      vertex 3.00478 -45.8441 68
      vertex 5.99669 -45.5494 68
      vertex 2.94502 -44.9323 72
    endloop
  endfacet
  facet normal 0.0969961 -0.984662 0.145027
    outer loop
      vertex 5.87743 -44.6435 72
      vertex 5.80086 -44.0619 76
      vertex 2.90665 -44.347 76
    endloop
  endfacet
  facet normal 0.0969754 -0.984666 0.145012
    outer loop
      vertex 2.94502 -44.9323 72
      vertex 5.87743 -44.6435 72
      vertex 2.90665 -44.347 76
    endloop
  endfacet
  facet normal 0.0979065 -0.993917 0.0504409
    outer loop
      vertex 5.80086 -44.0619 76
      vertex 5.77448 -43.8615 80
      vertex 2.89343 -44.1453 80
    endloop
  endfacet
  facet normal 0.0979077 -0.993916 0.0504418
    outer loop
      vertex 2.90665 -44.347 76
      vertex 5.80086 -44.0619 76
      vertex 2.89343 -44.1453 80
    endloop
  endfacet
  facet normal -0.0980313 0.995183 0
    outer loop
      vertex 5.77448 -43.8615 0
      vertex 2.89343 -44.1453 80
      vertex 5.77448 -43.8615 80
    endloop
  endfacet
  facet normal -0.0980313 0.995183 0
    outer loop
      vertex 2.89343 -44.1453 80
      vertex 5.77448 -43.8615 0
      vertex 2.89343 -44.1453 0
    endloop
  endfacet
  facet normal 0.0979077 -0.993916 -0.0504409
    outer loop
      vertex 5.77448 -43.8615 0
      vertex 5.80086 -44.0619 4
      vertex 2.90665 -44.347 4
    endloop
  endfacet
  facet normal 0.0979065 -0.993916 -0.0504418
    outer loop
      vertex 5.77448 -43.8615 0
      vertex 2.90665 -44.347 4
      vertex 2.89343 -44.1453 0
    endloop
  endfacet
  facet normal 0.0323699 -0.9889 -0.145011
    outer loop
      vertex 2.90665 -44.347 4
      vertex 2.94502 -44.9323 8
      vertex 0 -45.0287 8
    endloop
  endfacet
  facet normal 0.0323549 -0.988899 -0.145022
    outer loop
      vertex 0 -44.4421 4
      vertex 2.90665 -44.347 4
      vertex 0 -45.0287 8
    endloop
  endfacet
  facet normal 0.0318768 -0.974391 -0.222589
    outer loop
      vertex 2.94502 -44.9323 8
      vertex 3.00478 -45.8441 12
      vertex 0 -45.9424 12
    endloop
  endfacet
  facet normal 0.031895 -0.974394 -0.222576
    outer loop
      vertex 0 -45.0287 8
      vertex 2.94502 -44.9323 8
      vertex 0 -45.9424 12
    endloop
  endfacet
  facet normal 0.0314653 -0.960513 -0.276452
    outer loop
      vertex 3.00478 -45.8441 12
      vertex 3.08008 -46.9929 16
      vertex 0 -47.0938 16
    endloop
  endfacet
  facet normal 0.0314225 -0.960505 -0.276481
    outer loop
      vertex 0 -45.9424 12
      vertex 3.00478 -45.8441 12
      vertex 0 -47.0938 16
    endloop
  endfacet
  facet normal 0.0311735 -0.952221 -0.303814
    outer loop
      vertex 3.08008 -46.9929 16
      vertex 3.24702 -49.5399 24
      vertex 0 -49.6462 24
    endloop
  endfacet
  facet normal 0.0311938 -0.952223 -0.303807
    outer loop
      vertex 0 -47.0938 16
      vertex 3.08008 -46.9929 16
      vertex 0 -49.6462 24
    endloop
  endfacet
  facet normal 0.031426 -0.960508 -0.276473
    outer loop
      vertex 3.24702 -49.5399 24
      vertex 3.32232 -50.6888 28
      vertex 0 -50.7975 28
    endloop
  endfacet
  facet normal 0.0314449 -0.960511 -0.276459
    outer loop
      vertex 0 -49.6462 24
      vertex 3.24702 -49.5399 24
      vertex 0 -50.7975 28
    endloop
  endfacet
  facet normal 0.0318933 -0.974396 -0.222566
    outer loop
      vertex 3.32232 -50.6888 28
      vertex 3.38208 -51.6005 32
      vertex 0 -51.7112 32
    endloop
  endfacet
  facet normal 0.0318803 -0.974394 -0.222576
    outer loop
      vertex 0 -50.7975 28
      vertex 3.32232 -50.6888 28
      vertex 0 -51.7112 32
    endloop
  endfacet
  facet normal 0.0323807 -0.988896 -0.145036
    outer loop
      vertex 3.38208 -51.6005 32
      vertex 3.42044 -52.1859 36
      vertex 0 -52.2979 36
    endloop
  endfacet
  facet normal 0.0323679 -0.988895 -0.145046
    outer loop
      vertex 0 -51.7112 32
      vertex 3.38208 -51.6005 32
      vertex 0 -52.2979 36
    endloop
  endfacet
  facet normal 0.0326756 -0.998192 -0.0504418
    outer loop
      vertex 3.42044 -52.1859 36
      vertex 3.43366 -52.3876 40
      vertex 0 -52.5 40
    endloop
  endfacet
  facet normal 0.0326851 -0.998192 -0.0504337
    outer loop
      vertex 0 -52.2979 36
      vertex 3.42044 -52.1859 36
      vertex 0 -52.5 40
    endloop
  endfacet
  facet normal 0.0326851 -0.998192 0.0504419
    outer loop
      vertex 3.43366 -52.3876 40
      vertex 3.42044 -52.1859 44
      vertex 0 -52.2979 44
    endloop
  endfacet
  facet normal 0.0326756 -0.998193 0.0504337
    outer loop
      vertex 3.43366 -52.3876 40
      vertex 0 -52.2979 44
      vertex 0 -52.5 40
    endloop
  endfacet
  facet normal 0.0323679 -0.988897 0.145035
    outer loop
      vertex 3.42044 -52.1859 44
      vertex 3.38208 -51.6005 48
      vertex 0 -51.7112 48
    endloop
  endfacet
  facet normal 0.0323807 -0.988895 0.145046
    outer loop
      vertex 3.42044 -52.1859 44
      vertex 0 -51.7112 48
      vertex 0 -52.2979 44
    endloop
  endfacet
  facet normal 0.0318804 -0.974396 0.222566
    outer loop
      vertex 3.38208 -51.6005 48
      vertex 3.32232 -50.6888 52
      vertex 0 -50.7975 52
    endloop
  endfacet
  facet normal 0.0318932 -0.974394 0.222576
    outer loop
      vertex 3.38208 -51.6005 48
      vertex 0 -50.7975 52
      vertex 0 -51.7112 48
    endloop
  endfacet
  facet normal 0.0314448 -0.960507 0.276474
    outer loop
      vertex 3.32232 -50.6888 52
      vertex 3.24702 -49.5399 56
      vertex 0 -49.6462 56
    endloop
  endfacet
  facet normal 0.0314261 -0.960512 0.276459
    outer loop
      vertex 3.32232 -50.6888 52
      vertex 0 -49.6462 56
      vertex 0 -50.7975 52
    endloop
  endfacet
  facet normal 0.0311937 -0.952221 0.303814
    outer loop
      vertex 3.24702 -49.5399 56
      vertex 3.08008 -46.9929 64
      vertex 0 -47.0938 64
    endloop
  endfacet
  facet normal 0.0311736 -0.952223 0.303807
    outer loop
      vertex 3.24702 -49.5399 56
      vertex 0 -47.0938 64
      vertex 0 -49.6462 56
    endloop
  endfacet
  facet normal 0.0314228 -0.960514 0.276451
    outer loop
      vertex 3.08008 -46.9929 64
      vertex 3.00478 -45.8441 68
      vertex 0 -45.9424 68
    endloop
  endfacet
  facet normal 0.031465 -0.960504 0.276481
    outer loop
      vertex 3.08008 -46.9929 64
      vertex 0 -45.9424 68
      vertex 0 -47.0938 64
    endloop
  endfacet
  facet normal 0.0318949 -0.974391 0.222589
    outer loop
      vertex 3.00478 -45.8441 68
      vertex 2.94502 -44.9323 72
      vertex 0 -45.0287 72
    endloop
  endfacet
  facet normal 0.0318769 -0.974394 0.222576
    outer loop
      vertex 3.00478 -45.8441 68
      vertex 0 -45.0287 72
      vertex 0 -45.9424 68
    endloop
  endfacet
  facet normal 0.0323549 -0.988901 0.145011
    outer loop
      vertex 2.94502 -44.9323 72
      vertex 2.90665 -44.347 76
      vertex 0 -44.4421 76
    endloop
  endfacet
  facet normal 0.0323698 -0.988899 0.145022
    outer loop
      vertex 2.94502 -44.9323 72
      vertex 0 -44.4421 76
      vertex 0 -45.0287 72
    endloop
  endfacet
  facet normal 0.0326702 -0.998193 0.0504418
    outer loop
      vertex 2.90665 -44.347 76
      vertex 2.89343 -44.1453 80
      vertex 0 -44.24 80
    endloop
  endfacet
  facet normal 0.032659 -0.998193 0.0504337
    outer loop
      vertex 2.90665 -44.347 76
      vertex 0 -44.24 80
      vertex 0 -44.4421 76
    endloop
  endfacet
  facet normal -0.0327118 0.999465 0
    outer loop
      vertex 2.89343 -44.1453 0
      vertex 0 -44.24 80
      vertex 2.89343 -44.1453 80
    endloop
  endfacet
  facet normal -0.0327118 0.999465 0
    outer loop
      vertex 0 -44.24 80
      vertex 2.89343 -44.1453 0
      vertex 0 -44.24 0
    endloop
  endfacet
  facet normal 0.032659 -0.998193 -0.0504418
    outer loop
      vertex 2.89343 -44.1453 0
      vertex 2.90665 -44.347 4
      vertex 0 -44.4421 4
    endloop
  endfacet
  facet normal 0.0326702 -0.998193 -0.0504337
    outer loop
      vertex 0 -44.24 0
      vertex 2.89343 -44.1453 0
      vertex 0 -44.4421 4
    endloop
  endfacet
  facet normal -0.0323698 -0.988899 -0.145022
    outer loop
      vertex 0 -44.4421 4
      vertex 0 -45.0287 8
      vertex -2.94502 -44.9323 8
    endloop
  endfacet
  facet normal -0.0323549 -0.988901 -0.145011
    outer loop
      vertex -2.90665 -44.347 4
      vertex 0 -44.4421 4
      vertex -2.94502 -44.9323 8
    endloop
  endfacet
  facet normal -0.0318769 -0.974394 -0.222576
    outer loop
      vertex 0 -45.0287 8
      vertex 0 -45.9424 12
      vertex -3.00478 -45.8441 12
    endloop
  endfacet
  facet normal -0.0318949 -0.974391 -0.222589
    outer loop
      vertex -2.94502 -44.9323 8
      vertex 0 -45.0287 8
      vertex -3.00478 -45.8441 12
    endloop
  endfacet
  facet normal -0.031465 -0.960504 -0.276481
    outer loop
      vertex 0 -45.9424 12
      vertex 0 -47.0938 16
      vertex -3.08008 -46.9929 16
    endloop
  endfacet
  facet normal -0.0314228 -0.960514 -0.276451
    outer loop
      vertex -3.00478 -45.8441 12
      vertex 0 -45.9424 12
      vertex -3.08008 -46.9929 16
    endloop
  endfacet
  facet normal -0.0311736 -0.952223 -0.303807
    outer loop
      vertex 0 -47.0938 16
      vertex 0 -49.6462 24
      vertex -3.24702 -49.5399 24
    endloop
  endfacet
  facet normal -0.0311937 -0.952221 -0.303814
    outer loop
      vertex -3.08008 -46.9929 16
      vertex 0 -47.0938 16
      vertex -3.24702 -49.5399 24
    endloop
  endfacet
  facet normal -0.0314261 -0.960512 -0.276459
    outer loop
      vertex 0 -49.6462 24
      vertex 0 -50.7975 28
      vertex -3.32232 -50.6888 28
    endloop
  endfacet
  facet normal -0.0314448 -0.960507 -0.276474
    outer loop
      vertex -3.24702 -49.5399 24
      vertex 0 -49.6462 24
      vertex -3.32232 -50.6888 28
    endloop
  endfacet
  facet normal -0.0318932 -0.974394 -0.222576
    outer loop
      vertex 0 -50.7975 28
      vertex 0 -51.7112 32
      vertex -3.38208 -51.6005 32
    endloop
  endfacet
  facet normal -0.0318804 -0.974396 -0.222566
    outer loop
      vertex -3.32232 -50.6888 28
      vertex 0 -50.7975 28
      vertex -3.38208 -51.6005 32
    endloop
  endfacet
  facet normal -0.0323807 -0.988895 -0.145046
    outer loop
      vertex 0 -51.7112 32
      vertex 0 -52.2979 36
      vertex -3.42044 -52.1859 36
    endloop
  endfacet
  facet normal -0.0323679 -0.988897 -0.145035
    outer loop
      vertex -3.38208 -51.6005 32
      vertex 0 -51.7112 32
      vertex -3.42044 -52.1859 36
    endloop
  endfacet
  facet normal -0.0326756 -0.998193 -0.0504337
    outer loop
      vertex 0 -52.2979 36
      vertex 0 -52.5 40
      vertex -3.43366 -52.3876 40
    endloop
  endfacet
  facet normal -0.0326851 -0.998192 -0.0504419
    outer loop
      vertex -3.42044 -52.1859 36
      vertex 0 -52.2979 36
      vertex -3.43366 -52.3876 40
    endloop
  endfacet
  facet normal -0.0326851 -0.998192 0.0504337
    outer loop
      vertex 0 -52.5 40
      vertex 0 -52.2979 44
      vertex -3.42044 -52.1859 44
    endloop
  endfacet
  facet normal -0.0326756 -0.998192 0.0504418
    outer loop
      vertex 0 -52.5 40
      vertex -3.42044 -52.1859 44
      vertex -3.43366 -52.3876 40
    endloop
  endfacet
  facet normal -0.0323679 -0.988895 0.145046
    outer loop
      vertex 0 -52.2979 44
      vertex 0 -51.7112 48
      vertex -3.38208 -51.6005 48
    endloop
  endfacet
  facet normal -0.0323807 -0.988896 0.145036
    outer loop
      vertex 0 -52.2979 44
      vertex -3.38208 -51.6005 48
      vertex -3.42044 -52.1859 44
    endloop
  endfacet
  facet normal -0.0318803 -0.974394 0.222576
    outer loop
      vertex 0 -51.7112 48
      vertex 0 -50.7975 52
      vertex -3.32232 -50.6888 52
    endloop
  endfacet
  facet normal -0.0318933 -0.974396 0.222566
    outer loop
      vertex 0 -51.7112 48
      vertex -3.32232 -50.6888 52
      vertex -3.38208 -51.6005 48
    endloop
  endfacet
  facet normal -0.0314449 -0.960511 0.276459
    outer loop
      vertex 0 -50.7975 52
      vertex 0 -49.6462 56
      vertex -3.24702 -49.5399 56
    endloop
  endfacet
  facet normal -0.031426 -0.960508 0.276473
    outer loop
      vertex 0 -50.7975 52
      vertex -3.24702 -49.5399 56
      vertex -3.32232 -50.6888 52
    endloop
  endfacet
  facet normal -0.0311938 -0.952223 0.303807
    outer loop
      vertex 0 -49.6462 56
      vertex 0 -47.0938 64
      vertex -3.08008 -46.9929 64
    endloop
  endfacet
  facet normal -0.0311735 -0.952221 0.303814
    outer loop
      vertex 0 -49.6462 56
      vertex -3.08008 -46.9929 64
      vertex -3.24702 -49.5399 56
    endloop
  endfacet
  facet normal -0.0314225 -0.960505 0.276481
    outer loop
      vertex 0 -47.0938 64
      vertex 0 -45.9424 68
      vertex -3.00478 -45.8441 68
    endloop
  endfacet
  facet normal -0.0314653 -0.960513 0.276452
    outer loop
      vertex 0 -47.0938 64
      vertex -3.00478 -45.8441 68
      vertex -3.08008 -46.9929 64
    endloop
  endfacet
  facet normal -0.031895 -0.974394 0.222576
    outer loop
      vertex 0 -45.9424 68
      vertex 0 -45.0287 72
      vertex -2.94502 -44.9323 72
    endloop
  endfacet
  facet normal -0.0318768 -0.974391 0.222589
    outer loop
      vertex 0 -45.9424 68
      vertex -2.94502 -44.9323 72
      vertex -3.00478 -45.8441 68
    endloop
  endfacet
  facet normal -0.0323549 -0.988899 0.145022
    outer loop
      vertex 0 -45.0287 72
      vertex 0 -44.4421 76
      vertex -2.90665 -44.347 76
    endloop
  endfacet
  facet normal -0.0323699 -0.9889 0.145011
    outer loop
      vertex 0 -45.0287 72
      vertex -2.90665 -44.347 76
      vertex -2.94502 -44.9323 72
    endloop
  endfacet
  facet normal -0.0326702 -0.998193 0.0504337
    outer loop
      vertex 0 -44.4421 76
      vertex 0 -44.24 80
      vertex -2.89343 -44.1453 80
    endloop
  endfacet
  facet normal -0.032659 -0.998193 0.0504418
    outer loop
      vertex 0 -44.4421 76
      vertex -2.89343 -44.1453 80
      vertex -2.90665 -44.347 76
    endloop
  endfacet
  facet normal 0.0327118 0.999465 -0
    outer loop
      vertex 0 -44.24 0
      vertex -2.89343 -44.1453 80
      vertex 0 -44.24 80
    endloop
  endfacet
  facet normal 0.0327118 0.999465 0
    outer loop
      vertex -2.89343 -44.1453 80
      vertex 0 -44.24 0
      vertex -2.89343 -44.1453 0
    endloop
  endfacet
  facet normal -0.032659 -0.998193 -0.0504337
    outer loop
      vertex 0 -44.24 0
      vertex 0 -44.4421 4
      vertex -2.90665 -44.347 4
    endloop
  endfacet
  facet normal -0.0326702 -0.998193 -0.0504418
    outer loop
      vertex -2.89343 -44.1453 0
      vertex 0 -44.24 0
      vertex -2.90665 -44.347 4
    endloop
  endfacet
  facet normal -0.0969754 -0.984666 -0.145012
    outer loop
      vertex -2.90665 -44.347 4
      vertex -2.94502 -44.9323 8
      vertex -5.87743 -44.6435 8
    endloop
  endfacet
  facet normal -0.0969961 -0.984662 -0.145027
    outer loop
      vertex -5.80086 -44.0619 4
      vertex -2.90665 -44.347 4
      vertex -5.87743 -44.6435 8
    endloop
  endfacet
  facet normal -0.0955654 -0.970217 -0.222589
    outer loop
      vertex -2.94502 -44.9323 8
      vertex -3.00478 -45.8441 12
      vertex -5.99669 -45.5494 12
    endloop
  endfacet
  facet normal -0.0955527 -0.970221 -0.22258
    outer loop
      vertex -5.87743 -44.6435 8
      vertex -2.94502 -44.9323 8
      vertex -5.99669 -45.5494 12
    endloop
  endfacet
  facet normal -0.094178 -0.956402 -0.276452
    outer loop
      vertex -3.00478 -45.8441 12
      vertex -3.08008 -46.9929 16
      vertex -6.14697 -46.6909 16
    endloop
  endfacet
  facet normal -0.0942038 -0.956394 -0.27647
    outer loop
      vertex -5.99669 -45.5494 12
      vertex -3.00478 -45.8441 12
      vertex -6.14697 -46.6909 16
    endloop
  endfacet
  facet normal -0.0933743 -0.948145 -0.303814
    outer loop
      vertex -3.08008 -46.9929 16
      vertex -3.24702 -49.5399 24
      vertex -6.48013 -49.2215 24
    endloop
  endfacet
  facet normal -0.093365 -0.948147 -0.303811
    outer loop
      vertex -6.14697 -46.6909 16
      vertex -3.08008 -46.9929 16
      vertex -6.48013 -49.2215 24
    endloop
  endfacet
  facet normal -0.0941913 -0.956394 -0.276474
    outer loop
      vertex -3.24702 -49.5399 24
      vertex -3.32232 -50.6888 28
      vertex -6.63041 -50.363 28
    endloop
  endfacet
  facet normal -0.0941869 -0.956396 -0.27647
    outer loop
      vertex -6.48013 -49.2215 24
      vertex -3.24702 -49.5399 24
      vertex -6.63041 -50.363 28
    endloop
  endfacet
  facet normal -0.0955647 -0.970223 -0.222566
    outer loop
      vertex -3.32232 -50.6888 28
      vertex -3.38208 -51.6005 32
      vertex -6.74967 -51.2688 32
    endloop
  endfacet
  facet normal -0.0955535 -0.970226 -0.222557
    outer loop
      vertex -6.63041 -50.363 28
      vertex -3.32232 -50.6888 28
      vertex -6.74967 -51.2688 32
    endloop
  endfacet
  facet normal -0.0969974 -0.98466 -0.145035
    outer loop
      vertex -3.38208 -51.6005 32
      vertex -3.42044 -52.1859 36
      vertex -6.82624 -51.8504 36
    endloop
  endfacet
  facet normal -0.0969871 -0.984663 -0.145027
    outer loop
      vertex -6.74967 -51.2688 32
      vertex -3.38208 -51.6005 32
      vertex -6.82624 -51.8504 36
    endloop
  endfacet
  facet normal -0.0978814 -0.993919 -0.0504419
    outer loop
      vertex -3.42044 -52.1859 36
      vertex -3.43366 -52.3876 40
      vertex -6.85262 -52.0509 40
    endloop
  endfacet
  facet normal -0.097909 -0.993915 -0.0504657
    outer loop
      vertex -6.82624 -51.8504 36
      vertex -3.42044 -52.1859 36
      vertex -6.85262 -52.0509 40
    endloop
  endfacet
  facet normal -0.0979091 -0.993916 0.0504418
    outer loop
      vertex -3.43366 -52.3876 40
      vertex -3.42044 -52.1859 44
      vertex -6.82624 -51.8504 44
    endloop
  endfacet
  facet normal -0.0978813 -0.993918 0.0504657
    outer loop
      vertex -3.43366 -52.3876 40
      vertex -6.82624 -51.8504 44
      vertex -6.85262 -52.0509 40
    endloop
  endfacet
  facet normal -0.0969869 -0.984662 0.145035
    outer loop
      vertex -3.42044 -52.1859 44
      vertex -3.38208 -51.6005 48
      vertex -6.74967 -51.2688 48
    endloop
  endfacet
  facet normal -0.0969975 -0.984662 0.145027
    outer loop
      vertex -3.42044 -52.1859 44
      vertex -6.74967 -51.2688 48
      vertex -6.82624 -51.8504 44
    endloop
  endfacet
  facet normal -0.0955533 -0.970224 0.222566
    outer loop
      vertex -3.38208 -51.6005 48
      vertex -3.32232 -50.6888 52
      vertex -6.63041 -50.363 52
    endloop
  endfacet
  facet normal -0.0955649 -0.970225 0.222557
    outer loop
      vertex -3.38208 -51.6005 48
      vertex -6.63041 -50.363 52
      vertex -6.74967 -51.2688 48
    endloop
  endfacet
  facet normal -0.0941868 -0.956395 0.276474
    outer loop
      vertex -3.32232 -50.6888 52
      vertex -3.24702 -49.5399 56
      vertex -6.48013 -49.2215 56
    endloop
  endfacet
  facet normal -0.0941914 -0.956395 0.27647
    outer loop
      vertex -3.32232 -50.6888 52
      vertex -6.48013 -49.2215 56
      vertex -6.63041 -50.363 52
    endloop
  endfacet
  facet normal -0.0933649 -0.948146 0.303814
    outer loop
      vertex -3.24702 -49.5399 56
      vertex -3.08008 -46.9929 64
      vertex -6.14697 -46.6909 64
    endloop
  endfacet
  facet normal -0.0933744 -0.948146 0.303811
    outer loop
      vertex -3.24702 -49.5399 56
      vertex -6.14697 -46.6909 64
      vertex -6.48013 -49.2215 56
    endloop
  endfacet
  facet normal -0.0942044 -0.9564 0.276451
    outer loop
      vertex -3.08008 -46.9929 64
      vertex -3.00478 -45.8441 68
      vertex -5.99669 -45.5494 68
    endloop
  endfacet
  facet normal -0.0941774 -0.956397 0.27647
    outer loop
      vertex -3.08008 -46.9929 64
      vertex -5.99669 -45.5494 68
      vertex -6.14697 -46.6909 64
    endloop
  endfacet
  facet normal -0.0955525 -0.970218 0.222589
    outer loop
      vertex -3.00478 -45.8441 68
      vertex -2.94502 -44.9323 72
      vertex -5.87743 -44.6435 72
    endloop
  endfacet
  facet normal -0.0955656 -0.970219 0.22258
    outer loop
      vertex -3.00478 -45.8441 68
      vertex -5.87743 -44.6435 72
      vertex -5.99669 -45.5494 68
    endloop
  endfacet
  facet normal -0.0969963 -0.984664 0.145011
    outer loop
      vertex -2.94502 -44.9323 72
      vertex -2.90665 -44.347 76
      vertex -5.80086 -44.0619 76
    endloop
  endfacet
  facet normal -0.0969752 -0.984664 0.145026
    outer loop
      vertex -2.94502 -44.9323 72
      vertex -5.80086 -44.0619 76
      vertex -5.87743 -44.6435 72
    endloop
  endfacet
  facet normal -0.0979065 -0.993916 0.0504418
    outer loop
      vertex -2.90665 -44.347 76
      vertex -2.89343 -44.1453 80
      vertex -5.77448 -43.8615 80
    endloop
  endfacet
  facet normal -0.0979077 -0.993916 0.0504409
    outer loop
      vertex -2.90665 -44.347 76
      vertex -5.77448 -43.8615 80
      vertex -5.80086 -44.0619 76
    endloop
  endfacet
  facet normal 0.0980313 0.995183 -0
    outer loop
      vertex -2.89343 -44.1453 0
      vertex -5.77448 -43.8615 80
      vertex -2.89343 -44.1453 80
    endloop
  endfacet
  facet normal 0.0980313 0.995183 0
    outer loop
      vertex -5.77448 -43.8615 80
      vertex -2.89343 -44.1453 0
      vertex -5.77448 -43.8615 0
    endloop
  endfacet
  facet normal -0.0979077 -0.993916 -0.0504418
    outer loop
      vertex -2.89343 -44.1453 0
      vertex -2.90665 -44.347 4
      vertex -5.80086 -44.0619 4
    endloop
  endfacet
  facet normal -0.0979065 -0.993917 -0.0504409
    outer loop
      vertex -5.77448 -43.8615 0
      vertex -2.89343 -44.1453 0
      vertex -5.80086 -44.0619 4
    endloop
  endfacet
  facet normal -0.161177 -0.976212 -0.145027
    outer loop
      vertex -5.80086 -44.0619 4
      vertex -5.87743 -44.6435 8
      vertex -8.78467 -44.1635 8
    endloop
  endfacet
  facet normal -0.161162 -0.976216 -0.145015
    outer loop
      vertex -8.67023 -43.5882 4
      vertex -5.80086 -44.0619 4
      vertex -8.78467 -44.1635 8
    endloop
  endfacet
  facet normal -0.1588 -0.961894 -0.22258
    outer loop
      vertex -5.87743 -44.6435 8
      vertex -5.99669 -45.5494 12
      vertex -8.96293 -45.0597 12
    endloop
  endfacet
  facet normal -0.158813 -0.96189 -0.222589
    outer loop
      vertex -8.78467 -44.1635 8
      vertex -5.87743 -44.6435 8
      vertex -8.96293 -45.0597 12
    endloop
  endfacet
  facet normal -0.156547 -0.948186 -0.27647
    outer loop
      vertex -5.99669 -45.5494 12
      vertex -6.14697 -46.6909 16
      vertex -9.18753 -46.1889 16
    endloop
  endfacet
  facet normal -0.156538 -0.94819 -0.276464
    outer loop
      vertex -8.96293 -45.0597 12
      vertex -5.99669 -45.5494 12
      vertex -9.18753 -46.1889 16
    endloop
  endfacet
  facet normal -0.155193 -0.940007 -0.303811
    outer loop
      vertex -6.14697 -46.6909 16
      vertex -6.48013 -49.2215 24
      vertex -9.6855 -48.6923 24
    endloop
  endfacet
  facet normal -0.155196 -0.940007 -0.303812
    outer loop
      vertex -9.18753 -46.1889 16
      vertex -6.14697 -46.6909 16
      vertex -9.6855 -48.6923 24
    endloop
  endfacet
  facet normal -0.156552 -0.948186 -0.27647
    outer loop
      vertex -6.48013 -49.2215 24
      vertex -6.63041 -50.363 28
      vertex -9.91011 -49.8215 28
    endloop
  endfacet
  facet normal -0.156544 -0.948189 -0.276464
    outer loop
      vertex -9.6855 -48.6923 24
      vertex -6.48013 -49.2215 24
      vertex -9.91011 -49.8215 28
    endloop
  endfacet
  facet normal -0.158803 -0.961899 -0.222557
    outer loop
      vertex -6.63041 -50.363 28
      vertex -6.74967 -51.2688 32
      vertex -10.0884 -50.7176 32
    endloop
  endfacet
  facet normal -0.158815 -0.961895 -0.222567
    outer loop
      vertex -9.91011 -49.8215 28
      vertex -6.63041 -50.363 28
      vertex -10.0884 -50.7176 32
    endloop
  endfacet
  facet normal -0.161153 -0.976216 -0.145027
    outer loop
      vertex -6.74967 -51.2688 32
      vertex -6.82624 -51.8504 36
      vertex -10.2028 -51.293 36
    endloop
  endfacet
  facet normal -0.161165 -0.976212 -0.145037
    outer loop
      vertex -10.0884 -50.7176 32
      vertex -6.74967 -51.2688 32
      vertex -10.2028 -51.293 36
    endloop
  endfacet
  facet normal -0.16271 -0.985383 -0.0504654
    outer loop
      vertex -6.82624 -51.8504 36
      vertex -6.85262 -52.0509 40
      vertex -10.2422 -51.4912 40
    endloop
  endfacet
  facet normal -0.162668 -0.985391 -0.0504284
    outer loop
      vertex -10.2028 -51.293 36
      vertex -6.82624 -51.8504 36
      vertex -10.2422 -51.4912 40
    endloop
  endfacet
  facet normal -0.162667 -0.98539 0.0504654
    outer loop
      vertex -6.85262 -52.0509 40
      vertex -6.82624 -51.8504 44
      vertex -10.2028 -51.293 44
    endloop
  endfacet
  facet normal -0.16271 -0.985384 0.0504285
    outer loop
      vertex -6.85262 -52.0509 40
      vertex -10.2028 -51.293 44
      vertex -10.2422 -51.4912 40
    endloop
  endfacet
  facet normal -0.161166 -0.976214 0.145027
    outer loop
      vertex -6.82624 -51.8504 44
      vertex -6.74967 -51.2688 48
      vertex -10.0884 -50.7176 48
    endloop
  endfacet
  facet normal -0.161153 -0.976214 0.145037
    outer loop
      vertex -6.82624 -51.8504 44
      vertex -10.0884 -50.7176 48
      vertex -10.2028 -51.293 44
    endloop
  endfacet
  facet normal -0.158816 -0.961897 0.222557
    outer loop
      vertex -6.74967 -51.2688 48
      vertex -6.63041 -50.363 52
      vertex -9.91011 -49.8215 52
    endloop
  endfacet
  facet normal -0.158802 -0.961897 0.222567
    outer loop
      vertex -6.74967 -51.2688 48
      vertex -9.91011 -49.8215 52
      vertex -10.0884 -50.7176 48
    endloop
  endfacet
  facet normal -0.156544 -0.948187 0.27647
    outer loop
      vertex -6.63041 -50.363 52
      vertex -6.48013 -49.2215 56
      vertex -9.6855 -48.6923 56
    endloop
  endfacet
  facet normal -0.156552 -0.948187 0.276464
    outer loop
      vertex -6.63041 -50.363 52
      vertex -9.6855 -48.6923 56
      vertex -9.91011 -49.8215 52
    endloop
  endfacet
  facet normal -0.155196 -0.940007 0.303811
    outer loop
      vertex -6.48013 -49.2215 56
      vertex -6.14697 -46.6909 64
      vertex -9.18753 -46.1889 64
    endloop
  endfacet
  facet normal -0.155193 -0.940007 0.303812
    outer loop
      vertex -6.48013 -49.2215 56
      vertex -9.18753 -46.1889 64
      vertex -9.6855 -48.6923 56
    endloop
  endfacet
  facet normal -0.156537 -0.948188 0.27647
    outer loop
      vertex -6.14697 -46.6909 64
      vertex -5.99669 -45.5494 68
      vertex -8.96293 -45.0597 68
    endloop
  endfacet
  facet normal -0.156547 -0.948188 0.276464
    outer loop
      vertex -6.14697 -46.6909 64
      vertex -8.96293 -45.0597 68
      vertex -9.18753 -46.1889 64
    endloop
  endfacet
  facet normal -0.158813 -0.961892 0.22258
    outer loop
      vertex -5.99669 -45.5494 68
      vertex -5.87743 -44.6435 72
      vertex -8.78467 -44.1635 72
    endloop
  endfacet
  facet normal -0.1588 -0.961892 0.222589
    outer loop
      vertex -5.99669 -45.5494 68
      vertex -8.78467 -44.1635 72
      vertex -8.96293 -45.0597 68
    endloop
  endfacet
  facet normal -0.161162 -0.976214 0.145027
    outer loop
      vertex -5.87743 -44.6435 72
      vertex -5.80086 -44.0619 76
      vertex -8.67023 -43.5882 76
    endloop
  endfacet
  facet normal -0.161178 -0.976213 0.145015
    outer loop
      vertex -5.87743 -44.6435 72
      vertex -8.67023 -43.5882 76
      vertex -8.78467 -44.1635 72
    endloop
  endfacet
  facet normal -0.162695 -0.985386 0.0504408
    outer loop
      vertex -5.80086 -44.0619 76
      vertex -5.77448 -43.8615 80
      vertex -8.63079 -43.3899 80
    endloop
  endfacet
  facet normal -0.162676 -0.985389 0.0504546
    outer loop
      vertex -5.80086 -44.0619 76
      vertex -8.63079 -43.3899 80
      vertex -8.67023 -43.5882 76
    endloop
  endfacet
  facet normal 0.162903 0.986642 -0
    outer loop
      vertex -5.77448 -43.8615 0
      vertex -8.63079 -43.3899 80
      vertex -5.77448 -43.8615 80
    endloop
  endfacet
  facet normal 0.162903 0.986642 0
    outer loop
      vertex -8.63079 -43.3899 80
      vertex -5.77448 -43.8615 0
      vertex -8.63079 -43.3899 0
    endloop
  endfacet
  facet normal -0.162676 -0.985389 -0.0504409
    outer loop
      vertex -5.77448 -43.8615 0
      vertex -5.80086 -44.0619 4
      vertex -8.67023 -43.5882 4
    endloop
  endfacet
  facet normal -0.162695 -0.985386 -0.0504547
    outer loop
      vertex -8.63079 -43.3899 0
      vertex -5.77448 -43.8615 0
      vertex -8.67023 -43.5882 4
    endloop
  endfacet
  facet normal -0.224675 -0.963583 -0.145015
    outer loop
      vertex -8.67023 -43.5882 4
      vertex -8.78467 -44.1635 8
      vertex -11.6543 -43.4944 8
    endloop
  endfacet
  facet normal -0.224678 -0.963582 -0.145018
    outer loop
      vertex -11.5025 -42.9278 4
      vertex -8.67023 -43.5882 4
      vertex -11.6543 -43.4944 8
    endloop
  endfacet
  facet normal -0.221385 -0.949444 -0.222589
    outer loop
      vertex -8.78467 -44.1635 8
      vertex -8.96293 -45.0597 12
      vertex -11.8908 -44.377 12
    endloop
  endfacet
  facet normal -0.221378 -0.949446 -0.222584
    outer loop
      vertex -11.6543 -43.4944 8
      vertex -8.78467 -44.1635 8
      vertex -11.8908 -44.377 12
    endloop
  endfacet
  facet normal -0.218226 -0.935919 -0.276463
    outer loop
      vertex -8.96293 -45.0597 12
      vertex -9.18753 -46.1889 16
      vertex -12.1888 -45.4891 16
    endloop
  endfacet
  facet normal -0.218231 -0.935918 -0.276467
    outer loop
      vertex -11.8908 -44.377 12
      vertex -8.96293 -45.0597 12
      vertex -12.1888 -45.4891 16
    endloop
  endfacet
  facet normal -0.216338 -0.927845 -0.303812
    outer loop
      vertex -9.18753 -46.1889 16
      vertex -9.6855 -48.6923 24
      vertex -12.8494 -47.9546 24
    endloop
  endfacet
  facet normal -0.216343 -0.927843 -0.303814
    outer loop
      vertex -12.1888 -45.4891 16
      vertex -9.18753 -46.1889 16
      vertex -12.8494 -47.9546 24
    endloop
  endfacet
  facet normal -0.218218 -0.935921 -0.276464
    outer loop
      vertex -9.6855 -48.6923 24
      vertex -9.91011 -49.8215 28
      vertex -13.1474 -49.0667 28
    endloop
  endfacet
  facet normal -0.218221 -0.93592 -0.276467
    outer loop
      vertex -12.8494 -47.9546 24
      vertex -9.6855 -48.6923 24
      vertex -13.1474 -49.0667 28
    endloop
  endfacet
  facet normal -0.22138 -0.94945 -0.222568
    outer loop
      vertex -9.91011 -49.8215 28
      vertex -10.0884 -50.7176 32
      vertex -13.3839 -49.9492 32
    endloop
  endfacet
  facet normal -0.221372 -0.949453 -0.222562
    outer loop
      vertex -13.1474 -49.0667 28
      vertex -9.91011 -49.8215 28
      vertex -13.3839 -49.9492 32
    endloop
  endfacet
  facet normal -0.224696 -0.963575 -0.145037
    outer loop
      vertex -10.0884 -50.7176 32
      vertex -10.2028 -51.293 36
      vertex -13.5357 -50.5158 36
    endloop
  endfacet
  facet normal -0.224675 -0.963582 -0.145018
    outer loop
      vertex -13.3839 -49.9492 32
      vertex -10.0884 -50.7176 32
      vertex -13.5357 -50.5158 36
    endloop
  endfacet
  facet normal -0.226779 -0.97264 -0.0504281
    outer loop
      vertex -10.2028 -51.293 36
      vertex -10.2422 -51.4912 40
      vertex -13.588 -50.7111 40
    endloop
  endfacet
  facet normal -0.226808 -0.972632 -0.0504543
    outer loop
      vertex -13.5357 -50.5158 36
      vertex -10.2028 -51.293 36
      vertex -13.588 -50.7111 40
    endloop
  endfacet
  facet normal -0.226809 -0.972633 0.050428
    outer loop
      vertex -10.2422 -51.4912 40
      vertex -10.2028 -51.293 44
      vertex -13.5357 -50.5158 44
    endloop
  endfacet
  facet normal -0.226778 -0.972639 0.0504542
    outer loop
      vertex -10.2422 -51.4912 40
      vertex -13.5357 -50.5158 44
      vertex -13.588 -50.7111 40
    endloop
  endfacet
  facet normal -0.224674 -0.96358 0.145037
    outer loop
      vertex -10.2028 -51.293 44
      vertex -10.0884 -50.7176 48
      vertex -13.3839 -49.9492 48
    endloop
  endfacet
  facet normal -0.224697 -0.963577 0.145018
    outer loop
      vertex -10.2028 -51.293 44
      vertex -13.3839 -49.9492 48
      vertex -13.5357 -50.5158 44
    endloop
  endfacet
  facet normal -0.221372 -0.949451 0.222568
    outer loop
      vertex -10.0884 -50.7176 48
      vertex -9.91011 -49.8215 52
      vertex -13.1474 -49.0667 52
    endloop
  endfacet
  facet normal -0.22138 -0.949451 0.222562
    outer loop
      vertex -10.0884 -50.7176 48
      vertex -13.1474 -49.0667 52
      vertex -13.3839 -49.9492 48
    endloop
  endfacet
  facet normal -0.218221 -0.935921 0.276464
    outer loop
      vertex -9.91011 -49.8215 52
      vertex -9.6855 -48.6923 56
      vertex -12.8494 -47.9546 56
    endloop
  endfacet
  facet normal -0.218217 -0.935921 0.276467
    outer loop
      vertex -9.91011 -49.8215 52
      vertex -12.8494 -47.9546 56
      vertex -13.1474 -49.0667 52
    endloop
  endfacet
  facet normal -0.216343 -0.927844 0.303812
    outer loop
      vertex -9.6855 -48.6923 56
      vertex -9.18753 -46.1889 64
      vertex -12.1888 -45.4891 64
    endloop
  endfacet
  facet normal -0.216338 -0.927844 0.303814
    outer loop
      vertex -9.6855 -48.6923 56
      vertex -12.1888 -45.4891 64
      vertex -12.8494 -47.9546 56
    endloop
  endfacet
  facet normal -0.218231 -0.935918 0.276463
    outer loop
      vertex -9.18753 -46.1889 64
      vertex -8.96293 -45.0597 68
      vertex -11.8908 -44.377 68
    endloop
  endfacet
  facet normal -0.218226 -0.935919 0.276467
    outer loop
      vertex -9.18753 -46.1889 64
      vertex -11.8908 -44.377 68
      vertex -12.1888 -45.4891 64
    endloop
  endfacet
  facet normal -0.221378 -0.949445 0.222589
    outer loop
      vertex -8.96293 -45.0597 68
      vertex -8.78467 -44.1635 72
      vertex -11.6543 -43.4944 72
    endloop
  endfacet
  facet normal -0.221385 -0.949445 0.222584
    outer loop
      vertex -8.96293 -45.0597 68
      vertex -11.6543 -43.4944 72
      vertex -11.8908 -44.377 68
    endloop
  endfacet
  facet normal -0.224678 -0.963582 0.145015
    outer loop
      vertex -8.78467 -44.1635 72
      vertex -8.67023 -43.5882 76
      vertex -11.5025 -42.9278 76
    endloop
  endfacet
  facet normal -0.224675 -0.963582 0.145018
    outer loop
      vertex -8.78467 -44.1635 72
      vertex -11.5025 -42.9278 76
      vertex -11.6543 -43.4944 72
    endloop
  endfacet
  facet normal -0.226789 -0.972636 0.0504546
    outer loop
      vertex -8.67023 -43.5882 76
      vertex -8.63079 -43.3899 80
      vertex -11.4502 -42.7325 80
    endloop
  endfacet
  facet normal -0.226789 -0.972636 0.0504542
    outer loop
      vertex -8.67023 -43.5882 76
      vertex -11.4502 -42.7325 80
      vertex -11.5025 -42.9278 76
    endloop
  endfacet
  facet normal 0.227078 0.973877 -0
    outer loop
      vertex -8.63079 -43.3899 0
      vertex -11.4502 -42.7325 80
      vertex -8.63079 -43.3899 80
    endloop
  endfacet
  facet normal 0.227078 0.973877 0
    outer loop
      vertex -11.4502 -42.7325 80
      vertex -8.63079 -43.3899 0
      vertex -11.4502 -42.7325 0
    endloop
  endfacet
  facet normal -0.226789 -0.972636 -0.0504546
    outer loop
      vertex -8.63079 -43.3899 0
      vertex -8.67023 -43.5882 4
      vertex -11.5025 -42.9278 4
    endloop
  endfacet
  facet normal -0.226789 -0.972636 -0.0504542
    outer loop
      vertex -11.4502 -42.7325 0
      vertex -8.63079 -43.3899 0
      vertex -11.5025 -42.9278 4
    endloop
  endfacet
  facet normal -0.287202 -0.946829 -0.145018
    outer loop
      vertex -11.5025 -42.9278 4
      vertex -11.6543 -43.4944 8
      vertex -14.474 -42.6391 8
    endloop
  endfacet
  facet normal -0.287211 -0.946825 -0.145025
    outer loop
      vertex -14.2855 -42.0836 4
      vertex -11.5025 -42.9278 4
      vertex -14.474 -42.6391 8
    endloop
  endfacet
  facet normal -0.283003 -0.932934 -0.222584
    outer loop
      vertex -11.6543 -43.4944 8
      vertex -11.8908 -44.377 12
      vertex -14.7677 -43.5043 12
    endloop
  endfacet
  facet normal -0.282989 -0.932941 -0.222574
    outer loop
      vertex -14.474 -42.6391 8
      vertex -11.6543 -43.4944 8
      vertex -14.7677 -43.5043 12
    endloop
  endfacet
  facet normal -0.278979 -0.919639 -0.276467
    outer loop
      vertex -11.8908 -44.377 12
      vertex -12.1888 -45.4891 16
      vertex -15.1378 -44.5945 16
    endloop
  endfacet
  facet normal -0.278971 -0.919644 -0.276461
    outer loop
      vertex -14.7677 -43.5043 12
      vertex -11.8908 -44.377 12
      vertex -15.1378 -44.5945 16
    endloop
  endfacet
  facet normal -0.27657 -0.911705 -0.303814
    outer loop
      vertex -12.1888 -45.4891 16
      vertex -12.8494 -47.9546 24
      vertex -15.9583 -47.0115 24
    endloop
  endfacet
  facet normal -0.276572 -0.911704 -0.303815
    outer loop
      vertex -15.1378 -44.5945 16
      vertex -12.1888 -45.4891 16
      vertex -15.9583 -47.0115 24
    endloop
  endfacet
  facet normal -0.278993 -0.919635 -0.276467
    outer loop
      vertex -12.8494 -47.9546 24
      vertex -13.1474 -49.0667 28
      vertex -16.3283 -48.1017 28
    endloop
  endfacet
  facet normal -0.278978 -0.919643 -0.276454
    outer loop
      vertex -15.9583 -47.0115 24
      vertex -12.8494 -47.9546 24
      vertex -16.3283 -48.1017 28
    endloop
  endfacet
  facet normal -0.283013 -0.932936 -0.222562
    outer loop
      vertex -13.1474 -49.0667 28
      vertex -13.3839 -49.9492 32
      vertex -16.622 -48.9669 32
    endloop
  endfacet
  facet normal -0.283026 -0.932929 -0.222574
    outer loop
      vertex -16.3283 -48.1017 28
      vertex -13.1474 -49.0667 28
      vertex -16.622 -48.9669 32
    endloop
  endfacet
  facet normal -0.287208 -0.946827 -0.145018
    outer loop
      vertex -13.3839 -49.9492 32
      vertex -13.5357 -50.5158 36
      vertex -16.8106 -49.5224 36
    endloop
  endfacet
  facet normal -0.287224 -0.94682 -0.145032
    outer loop
      vertex -16.622 -48.9669 32
      vertex -13.3839 -49.9492 32
      vertex -16.8106 -49.5224 36
    endloop
  endfacet
  facet normal -0.28992 -0.95572 -0.0504537
    outer loop
      vertex -13.5357 -50.5158 36
      vertex -13.588 -50.7111 40
      vertex -16.8756 -49.7138 40
    endloop
  endfacet
  facet normal -0.289907 -0.955725 -0.0504424
    outer loop
      vertex -16.8106 -49.5224 36
      vertex -13.5357 -50.5158 36
      vertex -16.8756 -49.7138 40
    endloop
  endfacet
  facet normal -0.289907 -0.955724 0.0504538
    outer loop
      vertex -13.588 -50.7111 40
      vertex -13.5357 -50.5158 44
      vertex -16.8106 -49.5224 44
    endloop
  endfacet
  facet normal -0.28992 -0.955721 0.0504424
    outer loop
      vertex -13.588 -50.7111 40
      vertex -16.8106 -49.5224 44
      vertex -16.8756 -49.7138 40
    endloop
  endfacet
  facet normal -0.287225 -0.946822 0.145018
    outer loop
      vertex -13.5357 -50.5158 44
      vertex -13.3839 -49.9492 48
      vertex -16.622 -48.9669 48
    endloop
  endfacet
  facet normal -0.287208 -0.946825 0.145032
    outer loop
      vertex -13.5357 -50.5158 44
      vertex -16.622 -48.9669 48
      vertex -16.8106 -49.5224 44
    endloop
  endfacet
  facet normal -0.283027 -0.932932 0.222562
    outer loop
      vertex -13.3839 -49.9492 48
      vertex -13.1474 -49.0667 52
      vertex -16.3283 -48.1017 52
    endloop
  endfacet
  facet normal -0.283012 -0.932934 0.222574
    outer loop
      vertex -13.3839 -49.9492 48
      vertex -16.3283 -48.1017 52
      vertex -16.622 -48.9669 48
    endloop
  endfacet
  facet normal -0.278977 -0.91964 0.276467
    outer loop
      vertex -13.1474 -49.0667 52
      vertex -12.8494 -47.9546 56
      vertex -15.9583 -47.0115 56
    endloop
  endfacet
  facet normal -0.278994 -0.919639 0.276454
    outer loop
      vertex -13.1474 -49.0667 52
      vertex -15.9583 -47.0115 56
      vertex -16.3283 -48.1017 52
    endloop
  endfacet
  facet normal -0.276572 -0.911704 0.303814
    outer loop
      vertex -12.8494 -47.9546 56
      vertex -12.1888 -45.4891 64
      vertex -15.1378 -44.5945 64
    endloop
  endfacet
  facet normal -0.27657 -0.911705 0.303815
    outer loop
      vertex -12.8494 -47.9546 56
      vertex -15.1378 -44.5945 64
      vertex -15.9583 -47.0115 56
    endloop
  endfacet
  facet normal -0.278971 -0.919642 0.276467
    outer loop
      vertex -12.1888 -45.4891 64
      vertex -11.8908 -44.377 68
      vertex -14.7677 -43.5043 68
    endloop
  endfacet
  facet normal -0.27898 -0.919641 0.276461
    outer loop
      vertex -12.1888 -45.4891 64
      vertex -14.7677 -43.5043 68
      vertex -15.1378 -44.5945 64
    endloop
  endfacet
  facet normal -0.282988 -0.932938 0.222585
    outer loop
      vertex -11.8908 -44.377 68
      vertex -11.6543 -43.4944 72
      vertex -14.474 -42.6391 72
    endloop
  endfacet
  facet normal -0.283004 -0.932936 0.222574
    outer loop
      vertex -11.8908 -44.377 68
      vertex -14.474 -42.6391 72
      vertex -14.7677 -43.5043 68
    endloop
  endfacet
  facet normal -0.287212 -0.946826 0.145018
    outer loop
      vertex -11.6543 -43.4944 72
      vertex -11.5025 -42.9278 76
      vertex -14.2855 -42.0836 76
    endloop
  endfacet
  facet normal -0.287201 -0.946828 0.145025
    outer loop
      vertex -11.6543 -43.4944 72
      vertex -14.2855 -42.0836 76
      vertex -14.474 -42.6391 72
    endloop
  endfacet
  facet normal -0.289896 -0.955727 0.0504538
    outer loop
      vertex -11.5025 -42.9278 76
      vertex -11.4502 -42.7325 80
      vertex -14.2205 -41.8922 80
    endloop
  endfacet
  facet normal -0.289911 -0.955723 0.0504424
    outer loop
      vertex -11.5025 -42.9278 76
      vertex -14.2205 -41.8922 80
      vertex -14.2855 -42.0836 76
    endloop
  endfacet
  facet normal 0.290265 0.956946 -0
    outer loop
      vertex -11.4502 -42.7325 0
      vertex -14.2205 -41.8922 80
      vertex -11.4502 -42.7325 80
    endloop
  endfacet
  facet normal 0.290265 0.956946 0
    outer loop
      vertex -14.2205 -41.8922 80
      vertex -11.4502 -42.7325 0
      vertex -14.2205 -41.8922 0
    endloop
  endfacet
  facet normal -0.289911 -0.955723 -0.0504538
    outer loop
      vertex -11.4502 -42.7325 0
      vertex -11.5025 -42.9278 4
      vertex -14.2855 -42.0836 4
    endloop
  endfacet
  facet normal -0.289896 -0.955728 -0.0504424
    outer loop
      vertex -14.2205 -41.8922 0
      vertex -11.4502 -42.7325 0
      vertex -14.2855 -42.0836 4
    endloop
  endfacet
  facet normal -0.348537 -0.926007 -0.145024
    outer loop
      vertex -14.2855 -42.0836 4
      vertex -14.474 -42.6391 8
      vertex -17.2318 -41.6011 8
    endloop
  endfacet
  facet normal -0.348523 -0.926015 -0.145013
    outer loop
      vertex -17.0073 -41.0592 4
      vertex -14.2855 -42.0836 4
      vertex -17.2318 -41.6011 8
    endloop
  endfacet
  facet normal -0.343414 -0.91243 -0.222574
    outer loop
      vertex -14.474 -42.6391 8
      vertex -14.7677 -43.5043 12
      vertex -17.5814 -42.4453 12
    endloop
  endfacet
  facet normal -0.343424 -0.912424 -0.222582
    outer loop
      vertex -17.2318 -41.6011 8
      vertex -14.474 -42.6391 8
      vertex -17.5814 -42.4453 12
    endloop
  endfacet
  facet normal -0.338539 -0.899423 -0.276461
    outer loop
      vertex -14.7677 -43.5043 12
      vertex -15.1378 -44.5945 16
      vertex -18.022 -43.5089 16
    endloop
  endfacet
  facet normal -0.338522 -0.899433 -0.276447
    outer loop
      vertex -17.5814 -42.4453 12
      vertex -14.7677 -43.5043 12
      vertex -18.022 -43.5089 16
    endloop
  endfacet
  facet normal -0.335609 -0.891663 -0.303815
    outer loop
      vertex -15.1378 -44.5945 16
      vertex -15.9583 -47.0115 24
      vertex -18.9988 -45.8671 24
    endloop
  endfacet
  facet normal -0.335617 -0.891659 -0.303818
    outer loop
      vertex -18.022 -43.5089 16
      vertex -15.1378 -44.5945 16
      vertex -18.9988 -45.8671 24
    endloop
  endfacet
  facet normal -0.338513 -0.899435 -0.276453
    outer loop
      vertex -15.9583 -47.0115 24
      vertex -16.3283 -48.1017 28
      vertex -19.4394 -46.9308 28
    endloop
  endfacet
  facet normal -0.33853 -0.899424 -0.276468
    outer loop
      vertex -18.9988 -45.8671 24
      vertex -15.9583 -47.0115 24
      vertex -19.4394 -46.9308 28
    endloop
  endfacet
  facet normal -0.343421 -0.912427 -0.222574
    outer loop
      vertex -16.3283 -48.1017 28
      vertex -16.622 -48.9669 32
      vertex -19.789 -47.7749 32
    endloop
  endfacet
  facet normal -0.343406 -0.912436 -0.22256
    outer loop
      vertex -19.4394 -46.9308 28
      vertex -16.3283 -48.1017 28
      vertex -19.789 -47.7749 32
    endloop
  endfacet
  facet normal -0.348529 -0.926009 -0.145033
    outer loop
      vertex -16.622 -48.9669 32
      vertex -16.8106 -49.5224 36
      vertex -20.0135 -48.3169 36
    endloop
  endfacet
  facet normal -0.348532 -0.926008 -0.145035
    outer loop
      vertex -19.789 -47.7749 32
      vertex -16.622 -48.9669 32
      vertex -20.0135 -48.3169 36
    endloop
  endfacet
  facet normal -0.351788 -0.93472 -0.0504429
    outer loop
      vertex -16.8106 -49.5224 36
      vertex -16.8756 -49.7138 40
      vertex -20.0909 -48.5037 40
    endloop
  endfacet
  facet normal -0.351805 -0.934712 -0.0504585
    outer loop
      vertex -20.0135 -48.3169 36
      vertex -16.8106 -49.5224 36
      vertex -20.0909 -48.5037 40
    endloop
  endfacet
  facet normal -0.351805 -0.934713 0.0504429
    outer loop
      vertex -16.8756 -49.7138 40
      vertex -16.8106 -49.5224 44
      vertex -20.0135 -48.3169 44
    endloop
  endfacet
  facet normal -0.351788 -0.934719 0.0504585
    outer loop
      vertex -16.8756 -49.7138 40
      vertex -20.0135 -48.3169 44
      vertex -20.0909 -48.5037 40
    endloop
  endfacet
  facet normal -0.348532 -0.926008 0.145033
    outer loop
      vertex -16.8106 -49.5224 44
      vertex -16.622 -48.9669 48
      vertex -19.789 -47.7749 48
    endloop
  endfacet
  facet normal -0.348529 -0.926009 0.145035
    outer loop
      vertex -16.8106 -49.5224 44
      vertex -19.789 -47.7749 48
      vertex -20.0135 -48.3169 44
    endloop
  endfacet
  facet normal -0.343405 -0.912433 0.222574
    outer loop
      vertex -16.622 -48.9669 48
      vertex -16.3283 -48.1017 52
      vertex -19.4394 -46.9308 52
    endloop
  endfacet
  facet normal -0.343422 -0.91243 0.222561
    outer loop
      vertex -16.622 -48.9669 48
      vertex -19.4394 -46.9308 52
      vertex -19.789 -47.7749 48
    endloop
  endfacet
  facet normal -0.338531 -0.899428 0.276453
    outer loop
      vertex -16.3283 -48.1017 52
      vertex -15.9583 -47.0115 56
      vertex -18.9988 -45.8671 56
    endloop
  endfacet
  facet normal -0.338512 -0.899431 0.276468
    outer loop
      vertex -16.3283 -48.1017 52
      vertex -18.9988 -45.8671 56
      vertex -19.4394 -46.9308 52
    endloop
  endfacet
  facet normal -0.335617 -0.89166 0.303815
    outer loop
      vertex -15.9583 -47.0115 56
      vertex -15.1378 -44.5945 64
      vertex -18.022 -43.5089 64
    endloop
  endfacet
  facet normal -0.335609 -0.891662 0.303818
    outer loop
      vertex -15.9583 -47.0115 56
      vertex -18.022 -43.5089 64
      vertex -18.9988 -45.8671 56
    endloop
  endfacet
  facet normal -0.338521 -0.899429 0.276461
    outer loop
      vertex -15.1378 -44.5945 64
      vertex -14.7677 -43.5043 68
      vertex -17.5814 -42.4453 68
    endloop
  endfacet
  facet normal -0.33854 -0.899426 0.276448
    outer loop
      vertex -15.1378 -44.5945 64
      vertex -17.5814 -42.4453 68
      vertex -18.022 -43.5089 64
    endloop
  endfacet
  facet normal -0.343425 -0.912425 0.222574
    outer loop
      vertex -14.7677 -43.5043 68
      vertex -14.474 -42.6391 72
      vertex -17.2318 -41.6011 72
    endloop
  endfacet
  facet normal -0.343413 -0.912428 0.222582
    outer loop
      vertex -14.7677 -43.5043 68
      vertex -17.2318 -41.6011 72
      vertex -17.5814 -42.4453 68
    endloop
  endfacet
  facet normal -0.348522 -0.926013 0.145024
    outer loop
      vertex -14.474 -42.6391 72
      vertex -14.2855 -42.0836 76
      vertex -17.0073 -41.0592 76
    endloop
  endfacet
  facet normal -0.348538 -0.926009 0.145013
    outer loop
      vertex -14.474 -42.6391 72
      vertex -17.0073 -41.0592 76
      vertex -17.2318 -41.6011 72
    endloop
  endfacet
  facet normal -0.351818 -0.934708 0.0504428
    outer loop
      vertex -14.2855 -42.0836 76
      vertex -14.2205 -41.8922 80
      vertex -16.9299 -40.8724 80
    endloop
  endfacet
  facet normal -0.351797 -0.934715 0.0504585
    outer loop
      vertex -14.2855 -42.0836 76
      vertex -16.9299 -40.8724 80
      vertex -17.0073 -41.0592 76
    endloop
  endfacet
  facet normal 0.352266 0.9359 -0
    outer loop
      vertex -14.2205 -41.8922 0
      vertex -16.9299 -40.8724 80
      vertex -14.2205 -41.8922 80
    endloop
  endfacet
  facet normal 0.352266 0.9359 0
    outer loop
      vertex -16.9299 -40.8724 80
      vertex -14.2205 -41.8922 0
      vertex -16.9299 -40.8724 0
    endloop
  endfacet
  facet normal -0.351798 -0.934716 -0.0504429
    outer loop
      vertex -14.2205 -41.8922 0
      vertex -14.2855 -42.0836 4
      vertex -17.0073 -41.0592 4
    endloop
  endfacet
  facet normal -0.351818 -0.934708 -0.0504585
    outer loop
      vertex -16.9299 -40.8724 0
      vertex -14.2205 -41.8922 0
      vertex -17.0073 -41.0592 4
    endloop
  endfacet
  facet normal -0.408328 -0.901243 -0.145013
    outer loop
      vertex -17.0073 -41.0592 4
      vertex -17.2318 -41.6011 8
      vertex -19.9157 -40.3851 8
    endloop
  endfacet
  facet normal -0.40837 -0.901218 -0.145048
    outer loop
      vertex -19.6562 -39.8589 4
      vertex -17.0073 -41.0592 4
      vertex -19.9157 -40.3851 8
    endloop
  endfacet
  facet normal -0.402367 -0.888008 -0.222581
    outer loop
      vertex -17.2318 -41.6011 8
      vertex -17.5814 -42.4453 12
      vertex -20.3198 -41.2045 12
    endloop
  endfacet
  facet normal -0.40234 -0.888026 -0.222559
    outer loop
      vertex -19.9157 -40.3851 8
      vertex -17.2318 -41.6011 8
      vertex -20.3198 -41.2045 12
    endloop
  endfacet
  facet normal -0.396614 -0.875371 -0.276448
    outer loop
      vertex -17.5814 -42.4453 12
      vertex -18.022 -43.5089 16
      vertex -20.829 -42.2371 16
    endloop
  endfacet
  facet normal -0.396634 -0.875356 -0.276465
    outer loop
      vertex -20.3198 -41.2045 12
      vertex -17.5814 -42.4453 12
      vertex -20.829 -42.2371 16
    endloop
  endfacet
  facet normal -0.393199 -0.867807 -0.303817
    outer loop
      vertex -18.022 -43.5089 16
      vertex -18.9988 -45.8671 24
      vertex -21.958 -44.5263 24
    endloop
  endfacet
  facet normal -0.39319 -0.867813 -0.303814
    outer loop
      vertex -20.829 -42.2371 16
      vertex -18.022 -43.5089 16
      vertex -21.958 -44.5263 24
    endloop
  endfacet
  facet normal -0.396626 -0.875359 -0.276468
    outer loop
      vertex -18.9988 -45.8671 24
      vertex -19.4394 -46.9308 28
      vertex -22.4672 -45.5589 28
    endloop
  endfacet
  facet normal -0.396622 -0.875362 -0.276465
    outer loop
      vertex -21.958 -44.5263 24
      vertex -18.9988 -45.8671 24
      vertex -22.4672 -45.5589 28
    endloop
  endfacet
  facet normal -0.402339 -0.888026 -0.22256
    outer loop
      vertex -19.4394 -46.9308 28
      vertex -19.789 -47.7749 32
      vertex -22.8713 -46.3784 32
    endloop
  endfacet
  facet normal -0.402359 -0.888012 -0.22258
    outer loop
      vertex -22.4672 -45.5589 28
      vertex -19.4394 -46.9308 28
      vertex -22.8713 -46.3784 32
    endloop
  endfacet
  facet normal -0.408347 -0.901231 -0.145035
    outer loop
      vertex -19.789 -47.7749 32
      vertex -20.0135 -48.3169 36
      vertex -23.1307 -46.9045 36
    endloop
  endfacet
  facet normal -0.408327 -0.901243 -0.145016
    outer loop
      vertex -22.8713 -46.3784 32
      vertex -19.789 -47.7749 32
      vertex -23.1307 -46.9045 36
    endloop
  endfacet
  facet normal -0.412189 -0.9097 -0.0504588
    outer loop
      vertex -20.0135 -48.3169 36
      vertex -20.0909 -48.5037 40
      vertex -23.2202 -47.0858 40
    endloop
  endfacet
  facet normal -0.412185 -0.909702 -0.0504549
    outer loop
      vertex -23.1307 -46.9045 36
      vertex -20.0135 -48.3169 36
      vertex -23.2202 -47.0858 40
    endloop
  endfacet
  facet normal -0.412185 -0.909702 0.0504589
    outer loop
      vertex -20.0909 -48.5037 40
      vertex -20.0135 -48.3169 44
      vertex -23.1307 -46.9045 44
    endloop
  endfacet
  facet normal -0.412189 -0.9097 0.0504549
    outer loop
      vertex -20.0909 -48.5037 40
      vertex -23.1307 -46.9045 44
      vertex -23.2202 -47.0858 40
    endloop
  endfacet
  facet normal -0.408326 -0.901241 0.145035
    outer loop
      vertex -20.0135 -48.3169 44
      vertex -19.789 -47.7749 48
      vertex -22.8713 -46.3784 48
    endloop
  endfacet
  facet normal -0.408348 -0.901234 0.145016
    outer loop
      vertex -20.0135 -48.3169 44
      vertex -22.8713 -46.3784 48
      vertex -23.1307 -46.9045 44
    endloop
  endfacet
  facet normal -0.402361 -0.888016 0.22256
    outer loop
      vertex -19.789 -47.7749 48
      vertex -19.4394 -46.9308 52
      vertex -22.4672 -45.5589 52
    endloop
  endfacet
  facet normal -0.402337 -0.888022 0.22258
    outer loop
      vertex -19.789 -47.7749 48
      vertex -22.4672 -45.5589 52
      vertex -22.8713 -46.3784 48
    endloop
  endfacet
  facet normal -0.396622 -0.875361 0.276468
    outer loop
      vertex -19.4394 -46.9308 52
      vertex -18.9988 -45.8671 56
      vertex -21.958 -44.5263 56
    endloop
  endfacet
  facet normal -0.396627 -0.87536 0.276465
    outer loop
      vertex -19.4394 -46.9308 52
      vertex -21.958 -44.5263 56
      vertex -22.4672 -45.5589 52
    endloop
  endfacet
  facet normal -0.393189 -0.867812 0.303818
    outer loop
      vertex -18.9988 -45.8671 56
      vertex -18.022 -43.5089 64
      vertex -20.829 -42.2371 64
    endloop
  endfacet
  facet normal -0.3932 -0.867808 0.303814
    outer loop
      vertex -18.9988 -45.8671 56
      vertex -20.829 -42.2371 64
      vertex -21.958 -44.5263 56
    endloop
  endfacet
  facet normal -0.396636 -0.875361 0.276448
    outer loop
      vertex -18.022 -43.5089 64
      vertex -17.5814 -42.4453 68
      vertex -20.3198 -41.2045 68
    endloop
  endfacet
  facet normal -0.396612 -0.875366 0.276465
    outer loop
      vertex -18.022 -43.5089 64
      vertex -20.3198 -41.2045 68
      vertex -20.829 -42.2371 64
    endloop
  endfacet
  facet normal -0.402338 -0.888021 0.222581
    outer loop
      vertex -17.5814 -42.4453 68
      vertex -17.2318 -41.6011 72
      vertex -19.9157 -40.3851 72
    endloop
  endfacet
  facet normal -0.402369 -0.888013 0.222559
    outer loop
      vertex -17.5814 -42.4453 68
      vertex -19.9157 -40.3851 72
      vertex -20.3198 -41.2045 68
    endloop
  endfacet
  facet normal -0.408373 -0.901223 0.145013
    outer loop
      vertex -17.2318 -41.6011 72
      vertex -17.0073 -41.0592 76
      vertex -19.6562 -39.8589 76
    endloop
  endfacet
  facet normal -0.408326 -0.901239 0.145048
    outer loop
      vertex -17.2318 -41.6011 72
      vertex -19.6562 -39.8589 76
      vertex -19.9157 -40.3851 72
    endloop
  endfacet
  facet normal -0.412192 -0.909699 0.0504588
    outer loop
      vertex -17.0073 -41.0592 76
      vertex -16.9299 -40.8724 80
      vertex -19.5668 -39.6776 80
    endloop
  endfacet
  facet normal -0.41221 -0.909691 0.0504447
    outer loop
      vertex -17.0073 -41.0592 76
      vertex -19.5668 -39.6776 80
      vertex -19.6562 -39.8589 76
    endloop
  endfacet
  facet normal 0.412717 0.910859 -0
    outer loop
      vertex -16.9299 -40.8724 0
      vertex -19.5668 -39.6776 80
      vertex -16.9299 -40.8724 80
    endloop
  endfacet
  facet normal 0.412717 0.910859 0
    outer loop
      vertex -19.5668 -39.6776 80
      vertex -16.9299 -40.8724 0
      vertex -19.5668 -39.6776 0
    endloop
  endfacet
  facet normal -0.41221 -0.909691 -0.0504588
    outer loop
      vertex -16.9299 -40.8724 0
      vertex -17.0073 -41.0592 4
      vertex -19.6562 -39.8589 4
    endloop
  endfacet
  facet normal -0.412192 -0.909699 -0.0504446
    outer loop
      vertex -19.5668 -39.6776 0
      vertex -16.9299 -40.8724 0
      vertex -19.6562 -39.8589 4
    endloop
  endfacet
  facet normal -0.466429 -0.872585 -0.145048
    outer loop
      vertex -19.6562 -39.8589 4
      vertex -19.9157 -40.3851 8
      vertex -22.5144 -38.996 8
    endloop
  endfacet
  facet normal -0.466396 -0.872608 -0.14502
    outer loop
      vertex -22.2211 -38.488 4
      vertex -19.6562 -39.8589 4
      vertex -22.5144 -38.996 8
    endloop
  endfacet
  facet normal -0.459573 -0.859802 -0.222559
    outer loop
      vertex -19.9157 -40.3851 8
      vertex -20.3198 -41.2045 12
      vertex -22.9712 -39.7873 12
    endloop
  endfacet
  facet normal -0.459589 -0.85979 -0.222573
    outer loop
      vertex -22.5144 -38.996 8
      vertex -19.9157 -40.3851 8
      vertex -22.9712 -39.7873 12
    endloop
  endfacet
  facet normal -0.453012 -0.847554 -0.276464
    outer loop
      vertex -20.3198 -41.2045 12
      vertex -20.829 -42.2371 16
      vertex -23.5469 -40.7844 16
    endloop
  endfacet
  facet normal -0.453022 -0.847546 -0.276473
    outer loop
      vertex -22.9712 -39.7873 12
      vertex -20.3198 -41.2045 12
      vertex -23.5469 -40.7844 16
    endloop
  endfacet
  facet normal -0.449108 -0.840237 -0.303814
    outer loop
      vertex -20.829 -42.2371 16
      vertex -21.958 -44.5263 24
      vertex -24.8231 -42.9949 24
    endloop
  endfacet
  facet normal -0.449103 -0.840241 -0.303812
    outer loop
      vertex -23.5469 -40.7844 16
      vertex -20.829 -42.2371 16
      vertex -24.8231 -42.9949 24
    endloop
  endfacet
  facet normal -0.453007 -0.847556 -0.276465
    outer loop
      vertex -21.958 -44.5263 24
      vertex -22.4672 -45.5589 28
      vertex -25.3988 -43.992 28
    endloop
  endfacet
  facet normal -0.453016 -0.847549 -0.276473
    outer loop
      vertex -24.8231 -42.9949 24
      vertex -21.958 -44.5263 24
      vertex -25.3988 -43.992 28
    endloop
  endfacet
  facet normal -0.459585 -0.859791 -0.222579
    outer loop
      vertex -22.4672 -45.5589 28
      vertex -22.8713 -46.3784 32
      vertex -25.8556 -44.7832 32
    endloop
  endfacet
  facet normal -0.459558 -0.859812 -0.222552
    outer loop
      vertex -25.3988 -43.992 28
      vertex -22.4672 -45.5589 28
      vertex -25.8556 -44.7832 32
    endloop
  endfacet
  facet normal -0.4664 -0.872606 -0.145016
    outer loop
      vertex -22.8713 -46.3784 32
      vertex -23.1307 -46.9045 36
      vertex -26.1489 -45.2913 36
    endloop
  endfacet
  facet normal -0.466425 -0.872588 -0.145041
    outer loop
      vertex -25.8556 -44.7832 32
      vertex -22.8713 -46.3784 32
      vertex -26.1489 -45.2913 36
    endloop
  endfacet
  facet normal -0.470805 -0.880793 -0.0504562
    outer loop
      vertex -23.1307 -46.9045 36
      vertex -23.2202 -47.0858 40
      vertex -26.25 -45.4663 40
    endloop
  endfacet
  facet normal -0.470783 -0.880806 -0.0504343
    outer loop
      vertex -26.1489 -45.2913 36
      vertex -23.1307 -46.9045 36
      vertex -26.25 -45.4663 40
    endloop
  endfacet
  facet normal -0.470782 -0.880805 0.0504563
    outer loop
      vertex -23.2202 -47.0858 40
      vertex -23.1307 -46.9045 44
      vertex -26.1489 -45.2913 44
    endloop
  endfacet
  facet normal -0.470805 -0.880794 0.0504344
    outer loop
      vertex -23.2202 -47.0858 40
      vertex -26.1489 -45.2913 44
      vertex -26.25 -45.4663 40
    endloop
  endfacet
  facet normal -0.466427 -0.872592 0.145015
    outer loop
      vertex -23.1307 -46.9045 44
      vertex -22.8713 -46.3784 48
      vertex -25.8556 -44.7832 48
    endloop
  endfacet
  facet normal -0.466398 -0.872603 0.145041
    outer loop
      vertex -23.1307 -46.9045 44
      vertex -25.8556 -44.7832 48
      vertex -26.1489 -45.2913 44
    endloop
  endfacet
  facet normal -0.459555 -0.859807 0.222579
    outer loop
      vertex -22.8713 -46.3784 48
      vertex -22.4672 -45.5589 52
      vertex -25.3988 -43.992 52
    endloop
  endfacet
  facet normal -0.459588 -0.859796 0.222553
    outer loop
      vertex -22.8713 -46.3784 48
      vertex -25.3988 -43.992 52
      vertex -25.8556 -44.7832 48
    endloop
  endfacet
  facet normal -0.453017 -0.847551 0.276464
    outer loop
      vertex -22.4672 -45.5589 52
      vertex -21.958 -44.5263 56
      vertex -24.8231 -42.9949 56
    endloop
  endfacet
  facet normal -0.453006 -0.847554 0.276473
    outer loop
      vertex -22.4672 -45.5589 52
      vertex -24.8231 -42.9949 56
      vertex -25.3988 -43.992 52
    endloop
  endfacet
  facet normal -0.449103 -0.84024 0.303814
    outer loop
      vertex -21.958 -44.5263 56
      vertex -20.829 -42.2371 64
      vertex -23.5469 -40.7844 64
    endloop
  endfacet
  facet normal -0.449108 -0.840238 0.303812
    outer loop
      vertex -21.958 -44.5263 56
      vertex -23.5469 -40.7844 64
      vertex -24.8231 -42.9949 56
    endloop
  endfacet
  facet normal -0.453023 -0.847548 0.276464
    outer loop
      vertex -20.829 -42.2371 64
      vertex -20.3198 -41.2045 68
      vertex -22.9712 -39.7873 68
    endloop
  endfacet
  facet normal -0.453011 -0.847552 0.276473
    outer loop
      vertex -20.829 -42.2371 64
      vertex -22.9712 -39.7873 68
      vertex -23.5469 -40.7844 64
    endloop
  endfacet
  facet normal -0.459591 -0.859793 0.222559
    outer loop
      vertex -20.3198 -41.2045 68
      vertex -19.9157 -40.3851 72
      vertex -22.5144 -38.996 72
    endloop
  endfacet
  facet normal -0.459572 -0.8598 0.222573
    outer loop
      vertex -20.3198 -41.2045 68
      vertex -22.5144 -38.996 72
      vertex -22.9712 -39.7873 68
    endloop
  endfacet
  facet normal -0.466394 -0.872604 0.145048
    outer loop
      vertex -19.9157 -40.3851 72
      vertex -19.6562 -39.8589 76
      vertex -22.2211 -38.488 76
    endloop
  endfacet
  facet normal -0.466431 -0.872589 0.14502
    outer loop
      vertex -19.9157 -40.3851 72
      vertex -22.2211 -38.488 76
      vertex -22.5144 -38.996 72
    endloop
  endfacet
  facet normal -0.470766 -0.880815 0.0504446
    outer loop
      vertex -19.6562 -39.8589 76
      vertex -19.5668 -39.6776 80
      vertex -22.12 -38.313 80
    endloop
  endfacet
  facet normal -0.470779 -0.880809 0.0504343
    outer loop
      vertex -19.6562 -39.8589 76
      vertex -22.12 -38.313 80
      vertex -22.2211 -38.488 76
    endloop
  endfacet
  facet normal 0.471366 0.881938 -0
    outer loop
      vertex -19.5668 -39.6776 0
      vertex -22.12 -38.313 80
      vertex -19.5668 -39.6776 80
    endloop
  endfacet
  facet normal 0.471366 0.881938 0
    outer loop
      vertex -22.12 -38.313 80
      vertex -19.5668 -39.6776 0
      vertex -22.12 -38.313 0
    endloop
  endfacet
  facet normal -0.470779 -0.880808 -0.0504445
    outer loop
      vertex -19.5668 -39.6776 0
      vertex -19.6562 -39.8589 4
      vertex -22.2211 -38.488 4
    endloop
  endfacet
  facet normal -0.470766 -0.880815 -0.0504343
    outer loop
      vertex -22.12 -38.313 0
      vertex -19.5668 -39.6776 0
      vertex -22.2211 -38.488 4
    endloop
  endfacet
  facet normal -0.522493 -0.84022 -0.14502
    outer loop
      vertex -22.2211 -38.488 4
      vertex -22.5144 -38.996 8
      vertex -25.0166 -37.44 8
    endloop
  endfacet
  facet normal -0.522487 -0.840225 -0.145014
    outer loop
      vertex -24.6907 -36.9523 4
      vertex -22.2211 -38.488 4
      vertex -25.0166 -37.44 8
    endloop
  endfacet
  facet normal -0.514817 -0.827904 -0.222572
    outer loop
      vertex -22.5144 -38.996 8
      vertex -22.9712 -39.7873 12
      vertex -25.5243 -38.1997 12
    endloop
  endfacet
  facet normal -0.514828 -0.827894 -0.222582
    outer loop
      vertex -25.0166 -37.44 8
      vertex -22.5144 -38.996 8
      vertex -25.5243 -38.1997 12
    endloop
  endfacet
  facet normal -0.507495 -0.816095 -0.276473
    outer loop
      vertex -22.9712 -39.7873 12
      vertex -23.5469 -40.7844 16
      vertex -26.1639 -39.157 16
    endloop
  endfacet
  facet normal -0.507482 -0.816107 -0.276461
    outer loop
      vertex -25.5243 -38.1997 12
      vertex -22.9712 -39.7873 12
      vertex -26.1639 -39.157 16
    endloop
  endfacet
  facet normal -0.503108 -0.809061 -0.303812
    outer loop
      vertex -23.5469 -40.7844 16
      vertex -24.8231 -42.9949 24
      vertex -27.582 -41.2793 24
    endloop
  endfacet
  facet normal -0.503116 -0.809055 -0.303816
    outer loop
      vertex -26.1639 -39.157 16
      vertex -23.5469 -40.7844 16
      vertex -27.582 -41.2793 24
    endloop
  endfacet
  facet normal -0.507499 -0.816093 -0.276473
    outer loop
      vertex -24.8231 -42.9949 24
      vertex -25.3988 -43.992 28
      vertex -28.2216 -42.2366 28
    endloop
  endfacet
  facet normal -0.507488 -0.816104 -0.276461
    outer loop
      vertex -27.582 -41.2793 24
      vertex -24.8231 -42.9949 24
      vertex -28.2216 -42.2366 28
    endloop
  endfacet
  facet normal -0.51482 -0.827907 -0.222553
    outer loop
      vertex -25.3988 -43.992 28
      vertex -25.8556 -44.7832 32
      vertex -28.7292 -42.9963 32
    endloop
  endfacet
  facet normal -0.514837 -0.827892 -0.22257
    outer loop
      vertex -28.2216 -42.2366 28
      vertex -25.3988 -43.992 28
      vertex -28.7292 -42.9963 32
    endloop
  endfacet
  facet normal -0.522486 -0.840221 -0.14504
    outer loop
      vertex -25.8556 -44.7832 32
      vertex -26.1489 -45.2913 36
      vertex -29.0551 -43.4841 36
    endloop
  endfacet
  facet normal -0.52248 -0.840226 -0.145035
    outer loop
      vertex -28.7292 -42.9963 32
      vertex -25.8556 -44.7832 32
      vertex -29.0551 -43.4841 36
    endloop
  endfacet
  facet normal -0.527384 -0.848129 -0.0504353
    outer loop
      vertex -26.1489 -45.2913 36
      vertex -26.25 -45.4663 40
      vertex -29.1674 -43.6522 40
    endloop
  endfacet
  facet normal -0.527397 -0.84812 -0.0504489
    outer loop
      vertex -29.0551 -43.4841 36
      vertex -26.1489 -45.2913 36
      vertex -29.1674 -43.6522 40
    endloop
  endfacet
  facet normal -0.527398 -0.84812 0.0504352
    outer loop
      vertex -26.25 -45.4663 40
      vertex -26.1489 -45.2913 44
      vertex -29.0551 -43.4841 44
    endloop
  endfacet
  facet normal -0.527384 -0.848128 0.0504489
    outer loop
      vertex -26.25 -45.4663 40
      vertex -29.0551 -43.4841 44
      vertex -29.1674 -43.6522 40
    endloop
  endfacet
  facet normal -0.52248 -0.840225 0.14504
    outer loop
      vertex -26.1489 -45.2913 44
      vertex -25.8556 -44.7832 48
      vertex -28.7292 -42.9963 48
    endloop
  endfacet
  facet normal -0.522486 -0.840222 0.145035
    outer loop
      vertex -26.1489 -45.2913 44
      vertex -28.7292 -42.9963 48
      vertex -29.0551 -43.4841 44
    endloop
  endfacet
  facet normal -0.514839 -0.827896 0.222552
    outer loop
      vertex -25.8556 -44.7832 48
      vertex -25.3988 -43.992 52
      vertex -28.2216 -42.2366 52
    endloop
  endfacet
  facet normal -0.514818 -0.827904 0.22257
    outer loop
      vertex -25.8556 -44.7832 48
      vertex -28.2216 -42.2366 52
      vertex -28.7292 -42.9963 48
    endloop
  endfacet
  facet normal -0.507486 -0.816101 0.276473
    outer loop
      vertex -25.3988 -43.992 52
      vertex -24.8231 -42.9949 56
      vertex -27.582 -41.2793 56
    endloop
  endfacet
  facet normal -0.507501 -0.816095 0.276461
    outer loop
      vertex -25.3988 -43.992 52
      vertex -27.582 -41.2793 56
      vertex -28.2216 -42.2366 52
    endloop
  endfacet
  facet normal -0.503117 -0.809056 0.303812
    outer loop
      vertex -24.8231 -42.9949 56
      vertex -23.5469 -40.7844 64
      vertex -26.1639 -39.157 64
    endloop
  endfacet
  facet normal -0.503108 -0.80906 0.303816
    outer loop
      vertex -24.8231 -42.9949 56
      vertex -26.1639 -39.157 64
      vertex -27.582 -41.2793 56
    endloop
  endfacet
  facet normal -0.50748 -0.816104 0.276473
    outer loop
      vertex -23.5469 -40.7844 64
      vertex -22.9712 -39.7873 68
      vertex -25.5243 -38.1997 68
    endloop
  endfacet
  facet normal -0.507496 -0.816098 0.276461
    outer loop
      vertex -23.5469 -40.7844 64
      vertex -25.5243 -38.1997 68
      vertex -26.1639 -39.157 64
    endloop
  endfacet
  facet normal -0.51483 -0.827896 0.222572
    outer loop
      vertex -22.9712 -39.7873 68
      vertex -22.5144 -38.996 72
      vertex -25.0166 -37.44 72
    endloop
  endfacet
  facet normal -0.514816 -0.827902 0.222582
    outer loop
      vertex -22.9712 -39.7873 68
      vertex -25.0166 -37.44 72
      vertex -25.5243 -38.1997 68
    endloop
  endfacet
  facet normal -0.522487 -0.840224 0.14502
    outer loop
      vertex -22.5144 -38.996 72
      vertex -22.2211 -38.488 76
      vertex -24.6907 -36.9523 76
    endloop
  endfacet
  facet normal -0.522494 -0.840221 0.145014
    outer loop
      vertex -22.5144 -38.996 72
      vertex -24.6907 -36.9523 76
      vertex -25.0166 -37.44 72
    endloop
  endfacet
  facet normal -0.527413 -0.848111 0.0504352
    outer loop
      vertex -22.2211 -38.488 76
      vertex -22.12 -38.313 80
      vertex -24.5784 -36.7842 80
    endloop
  endfacet
  facet normal -0.527396 -0.84812 0.0504489
    outer loop
      vertex -22.2211 -38.488 76
      vertex -24.5784 -36.7842 80
      vertex -24.6907 -36.9523 76
    endloop
  endfacet
  facet normal 0.528085 0.849192 -0
    outer loop
      vertex -22.12 -38.313 0
      vertex -24.5784 -36.7842 80
      vertex -22.12 -38.313 80
    endloop
  endfacet
  facet normal 0.528085 0.849192 0
    outer loop
      vertex -24.5784 -36.7842 80
      vertex -22.12 -38.313 0
      vertex -24.5784 -36.7842 0
    endloop
  endfacet
  facet normal -0.527397 -0.848121 -0.0504352
    outer loop
      vertex -22.12 -38.313 0
      vertex -22.2211 -38.488 4
      vertex -24.6907 -36.9523 4
    endloop
  endfacet
  facet normal -0.527413 -0.84811 -0.0504489
    outer loop
      vertex -24.5784 -36.7842 0
      vertex -22.12 -38.313 0
      vertex -24.6907 -36.9523 4
    endloop
  endfacet
  facet normal -0.576304 -0.804267 -0.145015
    outer loop
      vertex -24.6907 -36.9523 4
      vertex -25.0166 -37.44 8
      vertex -27.4118 -35.7237 8
    endloop
  endfacet
  facet normal -0.57633 -0.804243 -0.14504
    outer loop
      vertex -27.0546 -35.2583 4
      vertex -24.6907 -36.9523 4
      vertex -27.4118 -35.7237 8
    endloop
  endfacet
  facet normal -0.567859 -0.79246 -0.222583
    outer loop
      vertex -25.0166 -37.44 8
      vertex -25.5243 -38.1997 12
      vertex -27.968 -36.4486 12
    endloop
  endfacet
  facet normal -0.56785 -0.792469 -0.222575
    outer loop
      vertex -27.4118 -35.7237 8
      vertex -25.0166 -37.44 8
      vertex -27.968 -36.4486 12
    endloop
  endfacet
  facet normal -0.559764 -0.781175 -0.276461
    outer loop
      vertex -25.5243 -38.1997 12
      vertex -26.1639 -39.157 16
      vertex -28.6689 -37.362 16
    endloop
  endfacet
  facet normal -0.559768 -0.78117 -0.276466
    outer loop
      vertex -27.968 -36.4486 12
      vertex -25.5243 -38.1997 12
      vertex -28.6689 -37.362 16
    endloop
  endfacet
  facet normal -0.554945 -0.774424 -0.303816
    outer loop
      vertex -26.1639 -39.157 16
      vertex -27.582 -41.2793 24
      vertex -30.2227 -39.387 24
    endloop
  endfacet
  facet normal -0.554934 -0.774434 -0.303811
    outer loop
      vertex -28.6689 -37.362 16
      vertex -26.1639 -39.157 16
      vertex -30.2227 -39.387 24
    endloop
  endfacet
  facet normal -0.559771 -0.78117 -0.276461
    outer loop
      vertex -27.582 -41.2793 24
      vertex -28.2216 -42.2366 28
      vertex -30.9236 -40.3004 28
    endloop
  endfacet
  facet normal -0.559775 -0.781165 -0.276466
    outer loop
      vertex -30.2227 -39.387 24
      vertex -27.582 -41.2793 24
      vertex -30.9236 -40.3004 28
    endloop
  endfacet
  facet normal -0.567857 -0.792465 -0.22257
    outer loop
      vertex -28.2216 -42.2366 28
      vertex -28.7292 -42.9963 32
      vertex -31.4798 -41.0253 32
    endloop
  endfacet
  facet normal -0.567862 -0.792461 -0.222575
    outer loop
      vertex -30.9236 -40.3004 28
      vertex -28.2216 -42.2366 28
      vertex -31.4798 -41.0253 32
    endloop
  endfacet
  facet normal -0.576317 -0.804253 -0.145034
    outer loop
      vertex -28.7292 -42.9963 32
      vertex -29.0551 -43.4841 36
      vertex -31.8369 -41.4907 36
    endloop
  endfacet
  facet normal -0.57631 -0.80426 -0.145026
    outer loop
      vertex -31.4798 -41.0253 32
      vertex -28.7292 -42.9963 32
      vertex -31.8369 -41.4907 36
    endloop
  endfacet
  facet normal -0.581727 -0.811818 -0.0504486
    outer loop
      vertex -29.0551 -43.4841 36
      vertex -29.1674 -43.6522 40
      vertex -31.96 -41.6511 40
    endloop
  endfacet
  facet normal -0.581734 -0.811813 -0.0504565
    outer loop
      vertex -31.8369 -41.4907 36
      vertex -29.0551 -43.4841 36
      vertex -31.96 -41.6511 40
    endloop
  endfacet
  facet normal -0.581734 -0.811813 0.0504486
    outer loop
      vertex -29.1674 -43.6522 40
      vertex -29.0551 -43.4841 44
      vertex -31.8369 -41.4907 44
    endloop
  endfacet
  facet normal -0.581726 -0.811818 0.0504565
    outer loop
      vertex -29.1674 -43.6522 40
      vertex -31.8369 -41.4907 44
      vertex -31.96 -41.6511 40
    endloop
  endfacet
  facet normal -0.576309 -0.804259 0.145034
    outer loop
      vertex -29.0551 -43.4841 44
      vertex -28.7292 -42.9963 48
      vertex -31.4798 -41.0253 48
    endloop
  endfacet
  facet normal -0.576318 -0.804254 0.145026
    outer loop
      vertex -29.0551 -43.4841 44
      vertex -31.4798 -41.0253 48
      vertex -31.8369 -41.4907 44
    endloop
  endfacet
  facet normal -0.567862 -0.792461 0.22257
    outer loop
      vertex -28.7292 -42.9963 48
      vertex -28.2216 -42.2366 52
      vertex -30.9236 -40.3004 52
    endloop
  endfacet
  facet normal -0.567857 -0.792464 0.222575
    outer loop
      vertex -28.7292 -42.9963 48
      vertex -30.9236 -40.3004 52
      vertex -31.4798 -41.0253 48
    endloop
  endfacet
  facet normal -0.559776 -0.781166 0.276461
    outer loop
      vertex -28.2216 -42.2366 52
      vertex -27.582 -41.2793 56
      vertex -30.2227 -39.387 56
    endloop
  endfacet
  facet normal -0.55977 -0.781169 0.276466
    outer loop
      vertex -28.2216 -42.2366 52
      vertex -30.2227 -39.387 56
      vertex -30.9236 -40.3004 52
    endloop
  endfacet
  facet normal -0.554933 -0.774432 0.303816
    outer loop
      vertex -27.582 -41.2793 56
      vertex -26.1639 -39.157 64
      vertex -28.6689 -37.362 64
    endloop
  endfacet
  facet normal -0.554946 -0.774425 0.303811
    outer loop
      vertex -27.582 -41.2793 56
      vertex -28.6689 -37.362 64
      vertex -30.2227 -39.387 56
    endloop
  endfacet
  facet normal -0.559769 -0.781171 0.276461
    outer loop
      vertex -26.1639 -39.157 64
      vertex -25.5243 -38.1997 68
      vertex -27.968 -36.4486 68
    endloop
  endfacet
  facet normal -0.559763 -0.781174 0.276465
    outer loop
      vertex -26.1639 -39.157 64
      vertex -27.968 -36.4486 68
      vertex -28.6689 -37.362 64
    endloop
  endfacet
  facet normal -0.567849 -0.792467 0.222584
    outer loop
      vertex -25.5243 -38.1997 68
      vertex -25.0166 -37.44 72
      vertex -27.4118 -35.7237 72
    endloop
  endfacet
  facet normal -0.56786 -0.792462 0.222575
    outer loop
      vertex -25.5243 -38.1997 68
      vertex -27.4118 -35.7237 72
      vertex -27.968 -36.4486 68
    endloop
  endfacet
  facet normal -0.576333 -0.804246 0.145014
    outer loop
      vertex -25.0166 -37.44 72
      vertex -24.6907 -36.9523 76
      vertex -27.0546 -35.2583 76
    endloop
  endfacet
  facet normal -0.576302 -0.804264 0.14504
    outer loop
      vertex -25.0166 -37.44 72
      vertex -27.0546 -35.2583 76
      vertex -27.4118 -35.7237 72
    endloop
  endfacet
  facet normal -0.581741 -0.811808 0.0504486
    outer loop
      vertex -24.6907 -36.9523 76
      vertex -24.5784 -36.7842 80
      vertex -26.9316 -35.0979 80
    endloop
  endfacet
  facet normal -0.581748 -0.811803 0.0504421
    outer loop
      vertex -24.6907 -36.9523 76
      vertex -26.9316 -35.0979 80
      vertex -27.0546 -35.2583 76
    endloop
  endfacet
  facet normal 0.582482 0.812843 -0
    outer loop
      vertex -24.5784 -36.7842 0
      vertex -26.9316 -35.0979 80
      vertex -24.5784 -36.7842 80
    endloop
  endfacet
  facet normal 0.582482 0.812843 0
    outer loop
      vertex -26.9316 -35.0979 80
      vertex -24.5784 -36.7842 0
      vertex -26.9316 -35.0979 0
    endloop
  endfacet
  facet normal -0.581748 -0.811803 -0.0504486
    outer loop
      vertex -24.5784 -36.7842 0
      vertex -24.6907 -36.9523 4
      vertex -27.0546 -35.2583 4
    endloop
  endfacet
  facet normal -0.581741 -0.811809 -0.0504421
    outer loop
      vertex -26.9316 -35.0979 0
      vertex -24.5784 -36.7842 0
      vertex -27.0546 -35.2583 4
    endloop
  endfacet
  facet normal -0.627693 -0.76483 -0.145041
    outer loop
      vertex -27.0546 -35.2583 4
      vertex -27.4118 -35.7237 8
      vertex -29.6895 -33.8544 8
    endloop
  endfacet
  facet normal -0.627673 -0.76485 -0.145021
    outer loop
      vertex -29.3027 -33.4134 4
      vertex -27.0546 -35.2583 4
      vertex -29.6895 -33.8544 8
    endloop
  endfacet
  facet normal -0.618469 -0.753629 -0.222575
    outer loop
      vertex -27.4118 -35.7237 8
      vertex -27.968 -36.4486 12
      vertex -30.292 -34.5414 12
    endloop
  endfacet
  facet normal -0.618485 -0.75361 -0.222592
    outer loop
      vertex -29.6895 -33.8544 8
      vertex -27.4118 -35.7237 8
      vertex -30.292 -34.5414 12
    endloop
  endfacet
  facet normal -0.609663 -0.742885 -0.276466
    outer loop
      vertex -27.968 -36.4486 12
      vertex -28.6689 -37.362 16
      vertex -31.0511 -35.407 16
    endloop
  endfacet
  facet normal -0.609657 -0.742892 -0.276459
    outer loop
      vertex -30.292 -34.5414 12
      vertex -27.968 -36.4486 12
      vertex -31.0511 -35.407 16
    endloop
  endfacet
  facet normal -0.604412 -0.736468 -0.30381
    outer loop
      vertex -28.6689 -37.362 16
      vertex -30.2227 -39.387 24
      vertex -32.734 -37.326 24
    endloop
  endfacet
  facet normal -0.604404 -0.736476 -0.303806
    outer loop
      vertex -31.0511 -35.407 16
      vertex -28.6689 -37.362 16
      vertex -32.734 -37.326 24
    endloop
  endfacet
  facet normal -0.609678 -0.742872 -0.276466
    outer loop
      vertex -30.2227 -39.387 24
      vertex -30.9236 -40.3004 28
      vertex -33.4931 -38.1916 28
    endloop
  endfacet
  facet normal -0.609673 -0.742879 -0.27646
    outer loop
      vertex -32.734 -37.326 24
      vertex -30.2227 -39.387 24
      vertex -33.4931 -38.1916 28
    endloop
  endfacet
  facet normal -0.618475 -0.753624 -0.222574
    outer loop
      vertex -30.9236 -40.3004 28
      vertex -31.4798 -41.0253 32
      vertex -34.0956 -38.8786 32
    endloop
  endfacet
  facet normal -0.618489 -0.753607 -0.222592
    outer loop
      vertex -33.4931 -38.1916 28
      vertex -30.9236 -40.3004 28
      vertex -34.0956 -38.8786 32
    endloop
  endfacet
  facet normal -0.627685 -0.764839 -0.145026
    outer loop
      vertex -31.4798 -41.0253 32
      vertex -31.8369 -41.4907 36
      vertex -34.4824 -39.3196 36
    endloop
  endfacet
  facet normal -0.627681 -0.764843 -0.145021
    outer loop
      vertex -34.0956 -38.8786 32
      vertex -31.4798 -41.0253 32
      vertex -34.4824 -39.3196 36
    endloop
  endfacet
  facet normal -0.633589 -0.772022 -0.0504568
    outer loop
      vertex -31.8369 -41.4907 36
      vertex -31.96 -41.6511 40
      vertex -34.6157 -39.4716 40
    endloop
  endfacet
  facet normal -0.633584 -0.772027 -0.0504512
    outer loop
      vertex -34.4824 -39.3196 36
      vertex -31.8369 -41.4907 36
      vertex -34.6157 -39.4716 40
    endloop
  endfacet
  facet normal -0.633584 -0.772027 0.0504568
    outer loop
      vertex -31.96 -41.6511 40
      vertex -31.8369 -41.4907 44
      vertex -34.4824 -39.3196 44
    endloop
  endfacet
  facet normal -0.633589 -0.772023 0.0504512
    outer loop
      vertex -31.96 -41.6511 40
      vertex -34.4824 -39.3196 44
      vertex -34.6157 -39.4716 40
    endloop
  endfacet
  facet normal -0.627681 -0.764843 0.145026
    outer loop
      vertex -31.8369 -41.4907 44
      vertex -31.4798 -41.0253 48
      vertex -34.0956 -38.8786 48
    endloop
  endfacet
  facet normal -0.627686 -0.764839 0.145021
    outer loop
      vertex -31.8369 -41.4907 44
      vertex -34.0956 -38.8786 48
      vertex -34.4824 -39.3196 44
    endloop
  endfacet
  facet normal -0.618492 -0.753611 0.222574
    outer loop
      vertex -31.4798 -41.0253 48
      vertex -30.9236 -40.3004 52
      vertex -33.4931 -38.1916 52
    endloop
  endfacet
  facet normal -0.618472 -0.753621 0.222592
    outer loop
      vertex -31.4798 -41.0253 48
      vertex -33.4931 -38.1916 52
      vertex -34.0956 -38.8786 48
    endloop
  endfacet
  facet normal -0.609672 -0.742877 0.276466
    outer loop
      vertex -30.9236 -40.3004 52
      vertex -30.2227 -39.387 56
      vertex -32.734 -37.326 56
    endloop
  endfacet
  facet normal -0.609679 -0.742873 0.27646
    outer loop
      vertex -30.9236 -40.3004 52
      vertex -32.734 -37.326 56
      vertex -33.4931 -38.1916 52
    endloop
  endfacet
  facet normal -0.604403 -0.736475 0.303811
    outer loop
      vertex -30.2227 -39.387 56
      vertex -28.6689 -37.362 64
      vertex -31.0511 -35.407 64
    endloop
  endfacet
  facet normal -0.604413 -0.736469 0.303806
    outer loop
      vertex -30.2227 -39.387 56
      vertex -31.0511 -35.407 64
      vertex -32.734 -37.326 56
    endloop
  endfacet
  facet normal -0.609656 -0.74289 0.276466
    outer loop
      vertex -28.6689 -37.362 64
      vertex -27.968 -36.4486 68
      vertex -30.292 -34.5414 68
    endloop
  endfacet
  facet normal -0.609664 -0.742886 0.27646
    outer loop
      vertex -28.6689 -37.362 64
      vertex -30.292 -34.5414 68
      vertex -31.0511 -35.407 64
    endloop
  endfacet
  facet normal -0.618488 -0.753614 0.222574
    outer loop
      vertex -27.968 -36.4486 68
      vertex -27.4118 -35.7237 72
      vertex -29.6895 -33.8544 72
    endloop
  endfacet
  facet normal -0.618466 -0.753626 0.222592
    outer loop
      vertex -27.968 -36.4486 68
      vertex -29.6895 -33.8544 72
      vertex -30.292 -34.5414 68
    endloop
  endfacet
  facet normal -0.627671 -0.764848 0.145041
    outer loop
      vertex -27.4118 -35.7237 72
      vertex -27.0546 -35.2583 76
      vertex -29.3027 -33.4134 76
    endloop
  endfacet
  facet normal -0.627695 -0.764832 0.145021
    outer loop
      vertex -27.4118 -35.7237 72
      vertex -29.3027 -33.4134 76
      vertex -29.6895 -33.8544 72
    endloop
  endfacet
  facet normal -0.633566 -0.772043 0.0504411
    outer loop
      vertex -27.0546 -35.2583 76
      vertex -26.9316 -35.0979 80
      vertex -29.1695 -33.2614 80
    endloop
  endfacet
  facet normal -0.633572 -0.772038 0.0504354
    outer loop
      vertex -27.0546 -35.2583 76
      vertex -29.1695 -33.2614 80
      vertex -29.3027 -33.4134 76
    endloop
  endfacet
  facet normal 0.634373 0.773027 -0
    outer loop
      vertex -26.9316 -35.0979 0
      vertex -29.1695 -33.2614 80
      vertex -26.9316 -35.0979 80
    endloop
  endfacet
  facet normal 0.634373 0.773027 0
    outer loop
      vertex -29.1695 -33.2614 80
      vertex -26.9316 -35.0979 0
      vertex -29.1695 -33.2614 0
    endloop
  endfacet
  facet normal -0.633572 -0.772038 -0.0504411
    outer loop
      vertex -26.9316 -35.0979 0
      vertex -27.0546 -35.2583 4
      vertex -29.3027 -33.4134 4
    endloop
  endfacet
  facet normal -0.633566 -0.772043 -0.0504354
    outer loop
      vertex -29.1695 -33.2614 0
      vertex -26.9316 -35.0979 0
      vertex -29.3027 -33.4134 4
    endloop
  endfacet
  facet normal -0.676373 -0.722141 -0.145021
    outer loop
      vertex -29.3027 -33.4134 4
      vertex -29.6895 -33.8544 8
      vertex -31.8401 -31.8401 8
    endloop
  endfacet
  facet normal -0.676378 -0.722136 -0.145026
    outer loop
      vertex -31.4253 -31.4253 4
      vertex -29.3027 -33.4134 4
      vertex -31.8401 -31.8401 8
    endloop
  endfacet
  facet normal -0.666461 -0.711536 -0.222592
    outer loop
      vertex -29.6895 -33.8544 8
      vertex -30.292 -34.5414 12
      vertex -32.4862 -32.4862 12
    endloop
  endfacet
  facet normal -0.666451 -0.711548 -0.222581
    outer loop
      vertex -31.8401 -31.8401 8
      vertex -29.6895 -33.8544 8
      vertex -32.4862 -32.4862 12
    endloop
  endfacet
  facet normal -0.656965 -0.701403 -0.276459
    outer loop
      vertex -30.292 -34.5414 12
      vertex -31.0511 -35.407 16
      vertex -33.3003 -33.3003 16
    endloop
  endfacet
  facet normal -0.656968 -0.7014 -0.276462
    outer loop
      vertex -32.4862 -32.4862 12
      vertex -30.292 -34.5414 12
      vertex -33.3003 -33.3003 16
    endloop
  endfacet
  facet normal -0.65127 -0.695377 -0.303806
    outer loop
      vertex -31.0511 -35.407 16
      vertex -32.734 -37.326 24
      vertex -35.1052 -35.1052 24
    endloop
  endfacet
  facet normal -0.651294 -0.695349 -0.303819
    outer loop
      vertex -33.3003 -33.3003 16
      vertex -31.0511 -35.407 16
      vertex -35.1052 -35.1052 24
    endloop
  endfacet
  facet normal -0.656937 -0.70143 -0.27646
    outer loop
      vertex -32.734 -37.326 24
      vertex -33.4931 -38.1916 28
      vertex -35.9193 -35.9193 28
    endloop
  endfacet
  facet normal -0.656938 -0.701428 -0.276461
    outer loop
      vertex -35.1052 -35.1052 24
      vertex -32.734 -37.326 24
      vertex -35.9193 -35.9193 28
    endloop
  endfacet
  facet normal -0.666439 -0.711556 -0.222592
    outer loop
      vertex -33.4931 -38.1916 28
      vertex -34.0956 -38.8786 32
      vertex -36.5654 -36.5654 32
    endloop
  endfacet
  facet normal -0.666431 -0.711567 -0.222581
    outer loop
      vertex -35.9193 -35.9193 28
      vertex -33.4931 -38.1916 28
      vertex -36.5654 -36.5654 32
    endloop
  endfacet
  facet normal -0.676359 -0.722155 -0.145021
    outer loop
      vertex -34.0956 -38.8786 32
      vertex -34.4824 -39.3196 36
      vertex -36.9802 -36.9802 36
    endloop
  endfacet
  facet normal -0.676362 -0.722151 -0.145026
    outer loop
      vertex -36.5654 -36.5654 32
      vertex -34.0956 -38.8786 32
      vertex -36.9802 -36.9802 36
    endloop
  endfacet
  facet normal -0.682732 -0.728925 -0.0504512
    outer loop
      vertex -34.4824 -39.3196 36
      vertex -34.6157 -39.4716 40
      vertex -37.1231 -37.1231 40
    endloop
  endfacet
  facet normal -0.682715 -0.728942 -0.0504315
    outer loop
      vertex -36.9802 -36.9802 36
      vertex -34.4824 -39.3196 36
      vertex -37.1231 -37.1231 40
    endloop
  endfacet
  facet normal -0.682715 -0.728941 0.0504512
    outer loop
      vertex -34.6157 -39.4716 40
      vertex -34.4824 -39.3196 44
      vertex -36.9802 -36.9802 44
    endloop
  endfacet
  facet normal -0.682732 -0.728926 0.0504315
    outer loop
      vertex -34.6157 -39.4716 40
      vertex -36.9802 -36.9802 44
      vertex -37.1231 -37.1231 40
    endloop
  endfacet
  facet normal -0.676363 -0.722151 0.145021
    outer loop
      vertex -34.4824 -39.3196 44
      vertex -34.0956 -38.8786 48
      vertex -36.5654 -36.5654 48
    endloop
  endfacet
  facet normal -0.676358 -0.722154 0.145026
    outer loop
      vertex -34.4824 -39.3196 44
      vertex -36.5654 -36.5654 48
      vertex -36.9802 -36.9802 44
    endloop
  endfacet
  facet normal -0.666429 -0.711565 0.222592
    outer loop
      vertex -34.0956 -38.8786 48
      vertex -33.4931 -38.1916 52
      vertex -35.9193 -35.9193 52
    endloop
  endfacet
  facet normal -0.666441 -0.711558 0.222581
    outer loop
      vertex -34.0956 -38.8786 48
      vertex -35.9193 -35.9193 52
      vertex -36.5654 -36.5654 48
    endloop
  endfacet
  facet normal -0.656938 -0.701429 0.27646
    outer loop
      vertex -33.4931 -38.1916 52
      vertex -32.734 -37.326 56
      vertex -35.1052 -35.1052 56
    endloop
  endfacet
  facet normal -0.656936 -0.70143 0.276461
    outer loop
      vertex -33.4931 -38.1916 52
      vertex -35.1052 -35.1052 56
      vertex -35.9193 -35.9193 52
    endloop
  endfacet
  facet normal -0.651297 -0.695352 0.303806
    outer loop
      vertex -32.734 -37.326 56
      vertex -31.0511 -35.407 64
      vertex -33.3003 -33.3003 64
    endloop
  endfacet
  facet normal -0.651268 -0.695374 0.303819
    outer loop
      vertex -32.734 -37.326 56
      vertex -33.3003 -33.3003 64
      vertex -35.1052 -35.1052 56
    endloop
  endfacet
  facet normal -0.656968 -0.701401 0.276459
    outer loop
      vertex -31.0511 -35.407 64
      vertex -30.292 -34.5414 68
      vertex -32.4862 -32.4862 68
    endloop
  endfacet
  facet normal -0.656965 -0.701403 0.276462
    outer loop
      vertex -31.0511 -35.407 64
      vertex -32.4862 -32.4862 68
      vertex -33.3003 -33.3003 64
    endloop
  endfacet
  facet normal -0.66645 -0.711546 0.222592
    outer loop
      vertex -30.292 -34.5414 68
      vertex -29.6895 -33.8544 72
      vertex -31.8401 -31.8401 72
    endloop
  endfacet
  facet normal -0.666462 -0.711537 0.222581
    outer loop
      vertex -30.292 -34.5414 68
      vertex -31.8401 -31.8401 72
      vertex -32.4862 -32.4862 68
    endloop
  endfacet
  facet normal -0.676378 -0.722137 0.145021
    outer loop
      vertex -29.6895 -33.8544 72
      vertex -29.3027 -33.4134 76
      vertex -31.4253 -31.4253 76
    endloop
  endfacet
  facet normal -0.676373 -0.722141 0.145026
    outer loop
      vertex -29.6895 -33.8544 72
      vertex -31.4253 -31.4253 76
      vertex -31.8401 -31.8401 72
    endloop
  endfacet
  facet normal -0.682732 -0.728926 0.0504342
    outer loop
      vertex -29.3027 -33.4134 76
      vertex -29.1695 -33.2614 80
      vertex -31.2824 -31.2824 80
    endloop
  endfacet
  facet normal -0.682735 -0.728924 0.0504315
    outer loop
      vertex -29.3027 -33.4134 76
      vertex -31.2824 -31.2824 80
      vertex -31.4253 -31.4253 76
    endloop
  endfacet
  facet normal 0.683602 0.729855 -0
    outer loop
      vertex -29.1695 -33.2614 0
      vertex -31.2824 -31.2824 80
      vertex -29.1695 -33.2614 80
    endloop
  endfacet
  facet normal 0.683602 0.729855 0
    outer loop
      vertex -31.2824 -31.2824 80
      vertex -29.1695 -33.2614 0
      vertex -31.2824 -31.2824 0
    endloop
  endfacet
  facet normal -0.682735 -0.728924 -0.0504342
    outer loop
      vertex -29.1695 -33.2614 0
      vertex -29.3027 -33.4134 4
      vertex -31.4253 -31.4253 4
    endloop
  endfacet
  facet normal -0.682732 -0.728926 -0.0504315
    outer loop
      vertex -31.2824 -31.2824 0
      vertex -29.1695 -33.2614 0
      vertex -31.4253 -31.4253 4
    endloop
  endfacet
  facet normal -0.722141 -0.676373 -0.145026
    outer loop
      vertex -31.4253 -31.4253 4
      vertex -31.8401 -31.8401 8
      vertex -33.8544 -29.6895 8
    endloop
  endfacet
  facet normal -0.722137 -0.676378 -0.145021
    outer loop
      vertex -33.4134 -29.3027 4
      vertex -31.4253 -31.4253 4
      vertex -33.8544 -29.6895 8
    endloop
  endfacet
  facet normal -0.711537 -0.666462 -0.222581
    outer loop
      vertex -31.8401 -31.8401 8
      vertex -32.4862 -32.4862 12
      vertex -34.5414 -30.292 12
    endloop
  endfacet
  facet normal -0.711546 -0.66645 -0.222592
    outer loop
      vertex -33.8544 -29.6895 8
      vertex -31.8401 -31.8401 8
      vertex -34.5414 -30.292 12
    endloop
  endfacet
  facet normal -0.701403 -0.656965 -0.276462
    outer loop
      vertex -32.4862 -32.4862 12
      vertex -33.3003 -33.3003 16
      vertex -35.407 -31.0511 16
    endloop
  endfacet
  facet normal -0.701401 -0.656968 -0.276459
    outer loop
      vertex -34.5414 -30.292 12
      vertex -32.4862 -32.4862 12
      vertex -35.407 -31.0511 16
    endloop
  endfacet
  facet normal -0.695374 -0.651268 -0.303819
    outer loop
      vertex -33.3003 -33.3003 16
      vertex -35.1052 -35.1052 24
      vertex -37.326 -32.734 24
    endloop
  endfacet
  facet normal -0.695352 -0.651297 -0.303806
    outer loop
      vertex -35.407 -31.0511 16
      vertex -33.3003 -33.3003 16
      vertex -37.326 -32.734 24
    endloop
  endfacet
  facet normal -0.70143 -0.656936 -0.276461
    outer loop
      vertex -35.1052 -35.1052 24
      vertex -35.9193 -35.9193 28
      vertex -38.1916 -33.4931 28
    endloop
  endfacet
  facet normal -0.701429 -0.656938 -0.27646
    outer loop
      vertex -37.326 -32.734 24
      vertex -35.1052 -35.1052 24
      vertex -38.1916 -33.4931 28
    endloop
  endfacet
  facet normal -0.711558 -0.666441 -0.222581
    outer loop
      vertex -35.9193 -35.9193 28
      vertex -36.5654 -36.5654 32
      vertex -38.8786 -34.0956 32
    endloop
  endfacet
  facet normal -0.711565 -0.666429 -0.222592
    outer loop
      vertex -38.1916 -33.4931 28
      vertex -35.9193 -35.9193 28
      vertex -38.8786 -34.0956 32
    endloop
  endfacet
  facet normal -0.722154 -0.676358 -0.145026
    outer loop
      vertex -36.5654 -36.5654 32
      vertex -36.9802 -36.9802 36
      vertex -39.3196 -34.4824 36
    endloop
  endfacet
  facet normal -0.722151 -0.676363 -0.145021
    outer loop
      vertex -38.8786 -34.0956 32
      vertex -36.5654 -36.5654 32
      vertex -39.3196 -34.4824 36
    endloop
  endfacet
  facet normal -0.728926 -0.682732 -0.0504315
    outer loop
      vertex -36.9802 -36.9802 36
      vertex -37.1231 -37.1231 40
      vertex -39.4716 -34.6157 40
    endloop
  endfacet
  facet normal -0.728941 -0.682715 -0.0504512
    outer loop
      vertex -39.3196 -34.4824 36
      vertex -36.9802 -36.9802 36
      vertex -39.4716 -34.6157 40
    endloop
  endfacet
  facet normal -0.728942 -0.682715 0.0504315
    outer loop
      vertex -37.1231 -37.1231 40
      vertex -36.9802 -36.9802 44
      vertex -39.3196 -34.4824 44
    endloop
  endfacet
  facet normal -0.728925 -0.682732 0.0504512
    outer loop
      vertex -37.1231 -37.1231 40
      vertex -39.3196 -34.4824 44
      vertex -39.4716 -34.6157 40
    endloop
  endfacet
  facet normal -0.722151 -0.676362 0.145026
    outer loop
      vertex -36.9802 -36.9802 44
      vertex -36.5654 -36.5654 48
      vertex -38.8786 -34.0956 48
    endloop
  endfacet
  facet normal -0.722155 -0.676359 0.145021
    outer loop
      vertex -36.9802 -36.9802 44
      vertex -38.8786 -34.0956 48
      vertex -39.3196 -34.4824 44
    endloop
  endfacet
  facet normal -0.711567 -0.666431 0.222581
    outer loop
      vertex -36.5654 -36.5654 48
      vertex -35.9193 -35.9193 52
      vertex -38.1916 -33.4931 52
    endloop
  endfacet
  facet normal -0.711556 -0.666439 0.222592
    outer loop
      vertex -36.5654 -36.5654 48
      vertex -38.1916 -33.4931 52
      vertex -38.8786 -34.0956 48
    endloop
  endfacet
  facet normal -0.701428 -0.656938 0.276461
    outer loop
      vertex -35.9193 -35.9193 52
      vertex -35.1052 -35.1052 56
      vertex -37.326 -32.734 56
    endloop
  endfacet
  facet normal -0.70143 -0.656937 0.27646
    outer loop
      vertex -35.9193 -35.9193 52
      vertex -37.326 -32.734 56
      vertex -38.1916 -33.4931 52
    endloop
  endfacet
  facet normal -0.695349 -0.651294 0.303819
    outer loop
      vertex -35.1052 -35.1052 56
      vertex -33.3003 -33.3003 64
      vertex -35.407 -31.0511 64
    endloop
  endfacet
  facet normal -0.695377 -0.65127 0.303806
    outer loop
      vertex -35.1052 -35.1052 56
      vertex -35.407 -31.0511 64
      vertex -37.326 -32.734 56
    endloop
  endfacet
  facet normal -0.7014 -0.656968 0.276462
    outer loop
      vertex -33.3003 -33.3003 64
      vertex -32.4862 -32.4862 68
      vertex -34.5414 -30.292 68
    endloop
  endfacet
  facet normal -0.701403 -0.656965 0.276459
    outer loop
      vertex -33.3003 -33.3003 64
      vertex -34.5414 -30.292 68
      vertex -35.407 -31.0511 64
    endloop
  endfacet
  facet normal -0.711548 -0.666451 0.222581
    outer loop
      vertex -32.4862 -32.4862 68
      vertex -31.8401 -31.8401 72
      vertex -33.8544 -29.6895 72
    endloop
  endfacet
  facet normal -0.711536 -0.666461 0.222592
    outer loop
      vertex -32.4862 -32.4862 68
      vertex -33.8544 -29.6895 72
      vertex -34.5414 -30.292 68
    endloop
  endfacet
  facet normal -0.722136 -0.676378 0.145026
    outer loop
      vertex -31.8401 -31.8401 72
      vertex -31.4253 -31.4253 76
      vertex -33.4134 -29.3027 76
    endloop
  endfacet
  facet normal -0.722141 -0.676373 0.145021
    outer loop
      vertex -31.8401 -31.8401 72
      vertex -33.4134 -29.3027 76
      vertex -33.8544 -29.6895 72
    endloop
  endfacet
  facet normal -0.728926 -0.682732 0.0504315
    outer loop
      vertex -31.4253 -31.4253 76
      vertex -31.2824 -31.2824 80
      vertex -33.2614 -29.1695 80
    endloop
  endfacet
  facet normal -0.728924 -0.682735 0.0504342
    outer loop
      vertex -31.4253 -31.4253 76
      vertex -33.2614 -29.1695 80
      vertex -33.4134 -29.3027 76
    endloop
  endfacet
  facet normal 0.729855 0.683602 0
    outer loop
      vertex -31.2824 -31.2824 80
      vertex -33.2614 -29.1695 0
      vertex -33.2614 -29.1695 80
    endloop
  endfacet
  facet normal 0.729855 0.683602 0
    outer loop
      vertex -33.2614 -29.1695 0
      vertex -31.2824 -31.2824 80
      vertex -31.2824 -31.2824 0
    endloop
  endfacet
  facet normal -0.728924 -0.682735 -0.0504315
    outer loop
      vertex -31.2824 -31.2824 0
      vertex -31.4253 -31.4253 4
      vertex -33.4134 -29.3027 4
    endloop
  endfacet
  facet normal -0.728926 -0.682732 -0.0504342
    outer loop
      vertex -33.2614 -29.1695 0
      vertex -31.2824 -31.2824 0
      vertex -33.4134 -29.3027 4
    endloop
  endfacet
  facet normal -0.764832 -0.627695 -0.145021
    outer loop
      vertex -33.4134 -29.3027 4
      vertex -33.8544 -29.6895 8
      vertex -35.7237 -27.4118 8
    endloop
  endfacet
  facet normal -0.764848 -0.627671 -0.145041
    outer loop
      vertex -35.2583 -27.0546 4
      vertex -33.4134 -29.3027 4
      vertex -35.7237 -27.4118 8
    endloop
  endfacet
  facet normal -0.753626 -0.618466 -0.222592
    outer loop
      vertex -33.8544 -29.6895 8
      vertex -34.5414 -30.292 12
      vertex -36.4486 -27.968 12
    endloop
  endfacet
  facet normal -0.753614 -0.618488 -0.222574
    outer loop
      vertex -35.7237 -27.4118 8
      vertex -33.8544 -29.6895 8
      vertex -36.4486 -27.968 12
    endloop
  endfacet
  facet normal -0.742886 -0.609664 -0.27646
    outer loop
      vertex -34.5414 -30.292 12
      vertex -35.407 -31.0511 16
      vertex -37.362 -28.6689 16
    endloop
  endfacet
  facet normal -0.74289 -0.609656 -0.276466
    outer loop
      vertex -36.4486 -27.968 12
      vertex -34.5414 -30.292 12
      vertex -37.362 -28.6689 16
    endloop
  endfacet
  facet normal -0.736469 -0.604413 -0.303806
    outer loop
      vertex -35.407 -31.0511 16
      vertex -37.326 -32.734 24
      vertex -39.387 -30.2227 24
    endloop
  endfacet
  facet normal -0.736475 -0.604403 -0.303811
    outer loop
      vertex -37.362 -28.6689 16
      vertex -35.407 -31.0511 16
      vertex -39.387 -30.2227 24
    endloop
  endfacet
  facet normal -0.742873 -0.609679 -0.27646
    outer loop
      vertex -37.326 -32.734 24
      vertex -38.1916 -33.4931 28
      vertex -40.3004 -30.9236 28
    endloop
  endfacet
  facet normal -0.742877 -0.609672 -0.276466
    outer loop
      vertex -39.387 -30.2227 24
      vertex -37.326 -32.734 24
      vertex -40.3004 -30.9236 28
    endloop
  endfacet
  facet normal -0.753621 -0.618472 -0.222592
    outer loop
      vertex -38.1916 -33.4931 28
      vertex -38.8786 -34.0956 32
      vertex -41.0253 -31.4798 32
    endloop
  endfacet
  facet normal -0.753611 -0.618492 -0.222574
    outer loop
      vertex -40.3004 -30.9236 28
      vertex -38.1916 -33.4931 28
      vertex -41.0253 -31.4798 32
    endloop
  endfacet
  facet normal -0.764839 -0.627686 -0.145021
    outer loop
      vertex -38.8786 -34.0956 32
      vertex -39.3196 -34.4824 36
      vertex -41.4907 -31.8369 36
    endloop
  endfacet
  facet normal -0.764843 -0.627681 -0.145026
    outer loop
      vertex -41.0253 -31.4798 32
      vertex -38.8786 -34.0956 32
      vertex -41.4907 -31.8369 36
    endloop
  endfacet
  facet normal -0.772023 -0.633589 -0.0504512
    outer loop
      vertex -39.3196 -34.4824 36
      vertex -39.4716 -34.6157 40
      vertex -41.6511 -31.96 40
    endloop
  endfacet
  facet normal -0.772027 -0.633584 -0.0504568
    outer loop
      vertex -41.4907 -31.8369 36
      vertex -39.3196 -34.4824 36
      vertex -41.6511 -31.96 40
    endloop
  endfacet
  facet normal -0.772027 -0.633584 0.0504512
    outer loop
      vertex -39.4716 -34.6157 40
      vertex -39.3196 -34.4824 44
      vertex -41.4907 -31.8369 44
    endloop
  endfacet
  facet normal -0.772022 -0.633589 0.0504568
    outer loop
      vertex -39.4716 -34.6157 40
      vertex -41.4907 -31.8369 44
      vertex -41.6511 -31.96 40
    endloop
  endfacet
  facet normal -0.764843 -0.627681 0.145021
    outer loop
      vertex -39.3196 -34.4824 44
      vertex -38.8786 -34.0956 48
      vertex -41.0253 -31.4798 48
    endloop
  endfacet
  facet normal -0.764839 -0.627685 0.145026
    outer loop
      vertex -39.3196 -34.4824 44
      vertex -41.0253 -31.4798 48
      vertex -41.4907 -31.8369 44
    endloop
  endfacet
  facet normal -0.753607 -0.618489 0.222592
    outer loop
      vertex -38.8786 -34.0956 48
      vertex -38.1916 -33.4931 52
      vertex -40.3004 -30.9236 52
    endloop
  endfacet
  facet normal -0.753624 -0.618475 0.222574
    outer loop
      vertex -38.8786 -34.0956 48
      vertex -40.3004 -30.9236 52
      vertex -41.0253 -31.4798 48
    endloop
  endfacet
  facet normal -0.742879 -0.609673 0.27646
    outer loop
      vertex -38.1916 -33.4931 52
      vertex -37.326 -32.734 56
      vertex -39.387 -30.2227 56
    endloop
  endfacet
  facet normal -0.742872 -0.609678 0.276466
    outer loop
      vertex -38.1916 -33.4931 52
      vertex -39.387 -30.2227 56
      vertex -40.3004 -30.9236 52
    endloop
  endfacet
  facet normal -0.736476 -0.604404 0.303806
    outer loop
      vertex -37.326 -32.734 56
      vertex -35.407 -31.0511 64
      vertex -37.362 -28.6689 64
    endloop
  endfacet
  facet normal -0.736468 -0.604412 0.30381
    outer loop
      vertex -37.326 -32.734 56
      vertex -37.362 -28.6689 64
      vertex -39.387 -30.2227 56
    endloop
  endfacet
  facet normal -0.742892 -0.609657 0.276459
    outer loop
      vertex -35.407 -31.0511 64
      vertex -34.5414 -30.292 68
      vertex -36.4486 -27.968 68
    endloop
  endfacet
  facet normal -0.742885 -0.609663 0.276466
    outer loop
      vertex -35.407 -31.0511 64
      vertex -36.4486 -27.968 68
      vertex -37.362 -28.6689 64
    endloop
  endfacet
  facet normal -0.75361 -0.618485 0.222592
    outer loop
      vertex -34.5414 -30.292 68
      vertex -33.8544 -29.6895 72
      vertex -35.7237 -27.4118 72
    endloop
  endfacet
  facet normal -0.753629 -0.618469 0.222575
    outer loop
      vertex -34.5414 -30.292 68
      vertex -35.7237 -27.4118 72
      vertex -36.4486 -27.968 68
    endloop
  endfacet
  facet normal -0.76485 -0.627673 0.145021
    outer loop
      vertex -33.8544 -29.6895 72
      vertex -33.4134 -29.3027 76
      vertex -35.2583 -27.0546 76
    endloop
  endfacet
  facet normal -0.76483 -0.627693 0.145041
    outer loop
      vertex -33.8544 -29.6895 72
      vertex -35.2583 -27.0546 76
      vertex -35.7237 -27.4118 72
    endloop
  endfacet
  facet normal -0.772043 -0.633566 0.0504354
    outer loop
      vertex -33.4134 -29.3027 76
      vertex -33.2614 -29.1695 80
      vertex -35.0979 -26.9316 80
    endloop
  endfacet
  facet normal -0.772038 -0.633572 0.0504411
    outer loop
      vertex -33.4134 -29.3027 76
      vertex -35.0979 -26.9316 80
      vertex -35.2583 -27.0546 76
    endloop
  endfacet
  facet normal 0.773027 0.634373 0
    outer loop
      vertex -33.2614 -29.1695 80
      vertex -35.0979 -26.9316 0
      vertex -35.0979 -26.9316 80
    endloop
  endfacet
  facet normal 0.773027 0.634373 0
    outer loop
      vertex -35.0979 -26.9316 0
      vertex -33.2614 -29.1695 80
      vertex -33.2614 -29.1695 0
    endloop
  endfacet
  facet normal -0.772038 -0.633572 -0.0504354
    outer loop
      vertex -33.2614 -29.1695 0
      vertex -33.4134 -29.3027 4
      vertex -35.2583 -27.0546 4
    endloop
  endfacet
  facet normal -0.772043 -0.633566 -0.0504411
    outer loop
      vertex -35.0979 -26.9316 0
      vertex -33.2614 -29.1695 0
      vertex -35.2583 -27.0546 4
    endloop
  endfacet
  facet normal -0.804264 -0.576302 -0.14504
    outer loop
      vertex -35.2583 -27.0546 4
      vertex -35.7237 -27.4118 8
      vertex -37.44 -25.0166 8
    endloop
  endfacet
  facet normal -0.804246 -0.576333 -0.145014
    outer loop
      vertex -36.9523 -24.6907 4
      vertex -35.2583 -27.0546 4
      vertex -37.44 -25.0166 8
    endloop
  endfacet
  facet normal -0.792462 -0.56786 -0.222575
    outer loop
      vertex -35.7237 -27.4118 8
      vertex -36.4486 -27.968 12
      vertex -38.1997 -25.5243 12
    endloop
  endfacet
  facet normal -0.792467 -0.567849 -0.222584
    outer loop
      vertex -37.44 -25.0166 8
      vertex -35.7237 -27.4118 8
      vertex -38.1997 -25.5243 12
    endloop
  endfacet
  facet normal -0.781174 -0.559763 -0.276465
    outer loop
      vertex -36.4486 -27.968 12
      vertex -37.362 -28.6689 16
      vertex -39.157 -26.1639 16
    endloop
  endfacet
  facet normal -0.781171 -0.559769 -0.276461
    outer loop
      vertex -38.1997 -25.5243 12
      vertex -36.4486 -27.968 12
      vertex -39.157 -26.1639 16
    endloop
  endfacet
  facet normal -0.774425 -0.554946 -0.303811
    outer loop
      vertex -37.362 -28.6689 16
      vertex -39.387 -30.2227 24
      vertex -41.2793 -27.582 24
    endloop
  endfacet
  facet normal -0.774432 -0.554933 -0.303816
    outer loop
      vertex -39.157 -26.1639 16
      vertex -37.362 -28.6689 16
      vertex -41.2793 -27.582 24
    endloop
  endfacet
  facet normal -0.781169 -0.55977 -0.276466
    outer loop
      vertex -39.387 -30.2227 24
      vertex -40.3004 -30.9236 28
      vertex -42.2366 -28.2216 28
    endloop
  endfacet
  facet normal -0.781166 -0.559776 -0.276461
    outer loop
      vertex -41.2793 -27.582 24
      vertex -39.387 -30.2227 24
      vertex -42.2366 -28.2216 28
    endloop
  endfacet
  facet normal -0.792464 -0.567857 -0.222575
    outer loop
      vertex -40.3004 -30.9236 28
      vertex -41.0253 -31.4798 32
      vertex -42.9963 -28.7292 32
    endloop
  endfacet
  facet normal -0.792461 -0.567862 -0.22257
    outer loop
      vertex -42.2366 -28.2216 28
      vertex -40.3004 -30.9236 28
      vertex -42.9963 -28.7292 32
    endloop
  endfacet
  facet normal -0.804254 -0.576318 -0.145026
    outer loop
      vertex -41.0253 -31.4798 32
      vertex -41.4907 -31.8369 36
      vertex -43.4841 -29.0551 36
    endloop
  endfacet
  facet normal -0.804259 -0.576309 -0.145034
    outer loop
      vertex -42.9963 -28.7292 32
      vertex -41.0253 -31.4798 32
      vertex -43.4841 -29.0551 36
    endloop
  endfacet
  facet normal -0.811818 -0.581726 -0.0504565
    outer loop
      vertex -41.4907 -31.8369 36
      vertex -41.6511 -31.96 40
      vertex -43.6522 -29.1674 40
    endloop
  endfacet
  facet normal -0.811813 -0.581734 -0.0504486
    outer loop
      vertex -43.4841 -29.0551 36
      vertex -41.4907 -31.8369 36
      vertex -43.6522 -29.1674 40
    endloop
  endfacet
  facet normal -0.811813 -0.581734 0.0504565
    outer loop
      vertex -41.6511 -31.96 40
      vertex -41.4907 -31.8369 44
      vertex -43.4841 -29.0551 44
    endloop
  endfacet
  facet normal -0.811818 -0.581727 0.0504486
    outer loop
      vertex -41.6511 -31.96 40
      vertex -43.4841 -29.0551 44
      vertex -43.6522 -29.1674 40
    endloop
  endfacet
  facet normal -0.80426 -0.57631 0.145026
    outer loop
      vertex -41.4907 -31.8369 44
      vertex -41.0253 -31.4798 48
      vertex -42.9963 -28.7292 48
    endloop
  endfacet
  facet normal -0.804253 -0.576317 0.145034
    outer loop
      vertex -41.4907 -31.8369 44
      vertex -42.9963 -28.7292 48
      vertex -43.4841 -29.0551 44
    endloop
  endfacet
  facet normal -0.792461 -0.567862 0.222575
    outer loop
      vertex -41.0253 -31.4798 48
      vertex -40.3004 -30.9236 52
      vertex -42.2366 -28.2216 52
    endloop
  endfacet
  facet normal -0.792465 -0.567857 0.22257
    outer loop
      vertex -41.0253 -31.4798 48
      vertex -42.2366 -28.2216 52
      vertex -42.9963 -28.7292 48
    endloop
  endfacet
  facet normal -0.781165 -0.559775 0.276466
    outer loop
      vertex -40.3004 -30.9236 52
      vertex -39.387 -30.2227 56
      vertex -41.2793 -27.582 56
    endloop
  endfacet
  facet normal -0.78117 -0.559771 0.276461
    outer loop
      vertex -40.3004 -30.9236 52
      vertex -41.2793 -27.582 56
      vertex -42.2366 -28.2216 52
    endloop
  endfacet
  facet normal -0.774434 -0.554934 0.303811
    outer loop
      vertex -37.362 -28.6689 64
      vertex -39.157 -26.1639 64
      vertex -39.387 -30.2227 56
    endloop
  endfacet
  facet normal -0.774424 -0.554945 0.303816
    outer loop
      vertex -39.387 -30.2227 56
      vertex -39.157 -26.1639 64
      vertex -41.2793 -27.582 56
    endloop
  endfacet
  facet normal -0.78117 -0.559768 0.276466
    outer loop
      vertex -37.362 -28.6689 64
      vertex -36.4486 -27.968 68
      vertex -38.1997 -25.5243 68
    endloop
  endfacet
  facet normal -0.781175 -0.559764 0.276461
    outer loop
      vertex -37.362 -28.6689 64
      vertex -38.1997 -25.5243 68
      vertex -39.157 -26.1639 64
    endloop
  endfacet
  facet normal -0.792469 -0.56785 0.222575
    outer loop
      vertex -36.4486 -27.968 68
      vertex -35.7237 -27.4118 72
      vertex -37.44 -25.0166 72
    endloop
  endfacet
  facet normal -0.79246 -0.567859 0.222583
    outer loop
      vertex -36.4486 -27.968 68
      vertex -37.44 -25.0166 72
      vertex -38.1997 -25.5243 68
    endloop
  endfacet
  facet normal -0.804243 -0.57633 0.14504
    outer loop
      vertex -35.7237 -27.4118 72
      vertex -35.2583 -27.0546 76
      vertex -36.9523 -24.6907 76
    endloop
  endfacet
  facet normal -0.804267 -0.576304 0.145015
    outer loop
      vertex -35.7237 -27.4118 72
      vertex -36.9523 -24.6907 76
      vertex -37.44 -25.0166 72
    endloop
  endfacet
  facet normal -0.811809 -0.581741 0.0504421
    outer loop
      vertex -35.2583 -27.0546 76
      vertex -35.0979 -26.9316 80
      vertex -36.7842 -24.5784 80
    endloop
  endfacet
  facet normal -0.811803 -0.581748 0.0504486
    outer loop
      vertex -35.2583 -27.0546 76
      vertex -36.7842 -24.5784 80
      vertex -36.9523 -24.6907 76
    endloop
  endfacet
  facet normal 0.812843 0.582482 0
    outer loop
      vertex -35.0979 -26.9316 80
      vertex -36.7842 -24.5784 0
      vertex -36.7842 -24.5784 80
    endloop
  endfacet
  facet normal 0.812843 0.582482 0
    outer loop
      vertex -36.7842 -24.5784 0
      vertex -35.0979 -26.9316 80
      vertex -35.0979 -26.9316 0
    endloop
  endfacet
  facet normal -0.811803 -0.581748 -0.0504421
    outer loop
      vertex -35.0979 -26.9316 0
      vertex -35.2583 -27.0546 4
      vertex -36.9523 -24.6907 4
    endloop
  endfacet
  facet normal -0.811808 -0.581741 -0.0504486
    outer loop
      vertex -36.7842 -24.5784 0
      vertex -35.0979 -26.9316 0
      vertex -36.9523 -24.6907 4
    endloop
  endfacet
  facet normal -0.840221 -0.522494 -0.145014
    outer loop
      vertex -36.9523 -24.6907 4
      vertex -37.44 -25.0166 8
      vertex -38.996 -22.5144 8
    endloop
  endfacet
  facet normal -0.840224 -0.522487 -0.14502
    outer loop
      vertex -38.488 -22.2211 4
      vertex -36.9523 -24.6907 4
      vertex -38.996 -22.5144 8
    endloop
  endfacet
  facet normal -0.827902 -0.514816 -0.222582
    outer loop
      vertex -37.44 -25.0166 8
      vertex -38.1997 -25.5243 12
      vertex -39.7873 -22.9712 12
    endloop
  endfacet
  facet normal -0.827896 -0.51483 -0.222572
    outer loop
      vertex -38.996 -22.5144 8
      vertex -37.44 -25.0166 8
      vertex -39.7873 -22.9712 12
    endloop
  endfacet
  facet normal -0.816098 -0.507496 -0.276461
    outer loop
      vertex -38.1997 -25.5243 12
      vertex -39.157 -26.1639 16
      vertex -40.7844 -23.5469 16
    endloop
  endfacet
  facet normal -0.816104 -0.50748 -0.276473
    outer loop
      vertex -39.7873 -22.9712 12
      vertex -38.1997 -25.5243 12
      vertex -40.7844 -23.5469 16
    endloop
  endfacet
  facet normal -0.80906 -0.503108 -0.303816
    outer loop
      vertex -39.157 -26.1639 16
      vertex -41.2793 -27.582 24
      vertex -42.9949 -24.8231 24
    endloop
  endfacet
  facet normal -0.809056 -0.503117 -0.303812
    outer loop
      vertex -40.7844 -23.5469 16
      vertex -39.157 -26.1639 16
      vertex -42.9949 -24.8231 24
    endloop
  endfacet
  facet normal -0.816095 -0.507501 -0.276461
    outer loop
      vertex -41.2793 -27.582 24
      vertex -42.2366 -28.2216 28
      vertex -43.992 -25.3988 28
    endloop
  endfacet
  facet normal -0.816101 -0.507486 -0.276473
    outer loop
      vertex -42.9949 -24.8231 24
      vertex -41.2793 -27.582 24
      vertex -43.992 -25.3988 28
    endloop
  endfacet
  facet normal -0.827904 -0.514818 -0.22257
    outer loop
      vertex -42.2366 -28.2216 28
      vertex -42.9963 -28.7292 32
      vertex -44.7832 -25.8556 32
    endloop
  endfacet
  facet normal -0.827896 -0.514839 -0.222552
    outer loop
      vertex -43.992 -25.3988 28
      vertex -42.2366 -28.2216 28
      vertex -44.7832 -25.8556 32
    endloop
  endfacet
  facet normal -0.840222 -0.522486 -0.145035
    outer loop
      vertex -42.9963 -28.7292 32
      vertex -43.4841 -29.0551 36
      vertex -45.2913 -26.1489 36
    endloop
  endfacet
  facet normal -0.840225 -0.52248 -0.14504
    outer loop
      vertex -44.7832 -25.8556 32
      vertex -42.9963 -28.7292 32
      vertex -45.2913 -26.1489 36
    endloop
  endfacet
  facet normal -0.848128 -0.527384 -0.0504489
    outer loop
      vertex -43.4841 -29.0551 36
      vertex -43.6522 -29.1674 40
      vertex -45.4663 -26.25 40
    endloop
  endfacet
  facet normal -0.84812 -0.527398 -0.0504352
    outer loop
      vertex -45.2913 -26.1489 36
      vertex -43.4841 -29.0551 36
      vertex -45.4663 -26.25 40
    endloop
  endfacet
  facet normal -0.84812 -0.527397 0.0504489
    outer loop
      vertex -43.6522 -29.1674 40
      vertex -43.4841 -29.0551 44
      vertex -45.2913 -26.1489 44
    endloop
  endfacet
  facet normal -0.848129 -0.527384 0.0504353
    outer loop
      vertex -43.6522 -29.1674 40
      vertex -45.2913 -26.1489 44
      vertex -45.4663 -26.25 40
    endloop
  endfacet
  facet normal -0.840226 -0.52248 0.145035
    outer loop
      vertex -43.4841 -29.0551 44
      vertex -42.9963 -28.7292 48
      vertex -44.7832 -25.8556 48
    endloop
  endfacet
  facet normal -0.840221 -0.522486 0.14504
    outer loop
      vertex -43.4841 -29.0551 44
      vertex -44.7832 -25.8556 48
      vertex -45.2913 -26.1489 44
    endloop
  endfacet
  facet normal -0.827892 -0.514837 0.22257
    outer loop
      vertex -42.9963 -28.7292 48
      vertex -42.2366 -28.2216 52
      vertex -43.992 -25.3988 52
    endloop
  endfacet
  facet normal -0.827907 -0.51482 0.222553
    outer loop
      vertex -42.9963 -28.7292 48
      vertex -43.992 -25.3988 52
      vertex -44.7832 -25.8556 48
    endloop
  endfacet
  facet normal -0.816104 -0.507488 0.276461
    outer loop
      vertex -42.2366 -28.2216 52
      vertex -41.2793 -27.582 56
      vertex -42.9949 -24.8231 56
    endloop
  endfacet
  facet normal -0.816093 -0.507499 0.276473
    outer loop
      vertex -42.2366 -28.2216 52
      vertex -42.9949 -24.8231 56
      vertex -43.992 -25.3988 52
    endloop
  endfacet
  facet normal -0.809055 -0.503116 0.303816
    outer loop
      vertex -39.157 -26.1639 64
      vertex -40.7844 -23.5469 64
      vertex -41.2793 -27.582 56
    endloop
  endfacet
  facet normal -0.809061 -0.503108 0.303812
    outer loop
      vertex -41.2793 -27.582 56
      vertex -40.7844 -23.5469 64
      vertex -42.9949 -24.8231 56
    endloop
  endfacet
  facet normal -0.816107 -0.507482 0.276461
    outer loop
      vertex -39.157 -26.1639 64
      vertex -38.1997 -25.5243 68
      vertex -39.7873 -22.9712 68
    endloop
  endfacet
  facet normal -0.816095 -0.507495 0.276473
    outer loop
      vertex -39.157 -26.1639 64
      vertex -39.7873 -22.9712 68
      vertex -40.7844 -23.5469 64
    endloop
  endfacet
  facet normal -0.827894 -0.514828 0.222582
    outer loop
      vertex -38.1997 -25.5243 68
      vertex -37.44 -25.0166 72
      vertex -38.996 -22.5144 72
    endloop
  endfacet
  facet normal -0.827904 -0.514817 0.222572
    outer loop
      vertex -38.1997 -25.5243 68
      vertex -38.996 -22.5144 72
      vertex -39.7873 -22.9712 68
    endloop
  endfacet
  facet normal -0.840225 -0.522487 0.145014
    outer loop
      vertex -37.44 -25.0166 72
      vertex -36.9523 -24.6907 76
      vertex -38.488 -22.2211 76
    endloop
  endfacet
  facet normal -0.84022 -0.522493 0.14502
    outer loop
      vertex -37.44 -25.0166 72
      vertex -38.488 -22.2211 76
      vertex -38.996 -22.5144 72
    endloop
  endfacet
  facet normal -0.84811 -0.527413 0.0504489
    outer loop
      vertex -36.9523 -24.6907 76
      vertex -36.7842 -24.5784 80
      vertex -38.313 -22.12 80
    endloop
  endfacet
  facet normal -0.848121 -0.527397 0.0504352
    outer loop
      vertex -36.9523 -24.6907 76
      vertex -38.313 -22.12 80
      vertex -38.488 -22.2211 76
    endloop
  endfacet
  facet normal 0.849192 0.528085 0
    outer loop
      vertex -36.7842 -24.5784 80
      vertex -38.313 -22.12 0
      vertex -38.313 -22.12 80
    endloop
  endfacet
  facet normal 0.849192 0.528085 0
    outer loop
      vertex -38.313 -22.12 0
      vertex -36.7842 -24.5784 80
      vertex -36.7842 -24.5784 0
    endloop
  endfacet
  facet normal -0.84812 -0.527396 -0.0504489
    outer loop
      vertex -36.7842 -24.5784 0
      vertex -36.9523 -24.6907 4
      vertex -38.488 -22.2211 4
    endloop
  endfacet
  facet normal -0.848111 -0.527413 -0.0504352
    outer loop
      vertex -38.313 -22.12 0
      vertex -36.7842 -24.5784 0
      vertex -38.488 -22.2211 4
    endloop
  endfacet
  facet normal -0.872589 -0.466431 -0.14502
    outer loop
      vertex -38.488 -22.2211 4
      vertex -38.996 -22.5144 8
      vertex -40.3851 -19.9157 8
    endloop
  endfacet
  facet normal -0.872604 -0.466394 -0.145048
    outer loop
      vertex -39.8589 -19.6562 4
      vertex -38.488 -22.2211 4
      vertex -40.3851 -19.9157 8
    endloop
  endfacet
  facet normal -0.8598 -0.459572 -0.222573
    outer loop
      vertex -38.996 -22.5144 8
      vertex -39.7873 -22.9712 12
      vertex -41.2045 -20.3198 12
    endloop
  endfacet
  facet normal -0.859793 -0.459591 -0.222559
    outer loop
      vertex -40.3851 -19.9157 8
      vertex -38.996 -22.5144 8
      vertex -41.2045 -20.3198 12
    endloop
  endfacet
  facet normal -0.847552 -0.453011 -0.276473
    outer loop
      vertex -39.7873 -22.9712 12
      vertex -40.7844 -23.5469 16
      vertex -42.2371 -20.829 16
    endloop
  endfacet
  facet normal -0.847548 -0.453023 -0.276464
    outer loop
      vertex -41.2045 -20.3198 12
      vertex -39.7873 -22.9712 12
      vertex -42.2371 -20.829 16
    endloop
  endfacet
  facet normal -0.840238 -0.449108 -0.303812
    outer loop
      vertex -40.7844 -23.5469 16
      vertex -42.9949 -24.8231 24
      vertex -44.5263 -21.958 24
    endloop
  endfacet
  facet normal -0.84024 -0.449103 -0.303814
    outer loop
      vertex -42.2371 -20.829 16
      vertex -40.7844 -23.5469 16
      vertex -44.5263 -21.958 24
    endloop
  endfacet
  facet normal -0.847554 -0.453006 -0.276473
    outer loop
      vertex -42.9949 -24.8231 24
      vertex -43.992 -25.3988 28
      vertex -45.5589 -22.4672 28
    endloop
  endfacet
  facet normal -0.847551 -0.453017 -0.276464
    outer loop
      vertex -44.5263 -21.958 24
      vertex -42.9949 -24.8231 24
      vertex -45.5589 -22.4672 28
    endloop
  endfacet
  facet normal -0.859796 -0.459588 -0.222553
    outer loop
      vertex -43.992 -25.3988 28
      vertex -44.7832 -25.8556 32
      vertex -46.3784 -22.8713 32
    endloop
  endfacet
  facet normal -0.859807 -0.459555 -0.222579
    outer loop
      vertex -45.5589 -22.4672 28
      vertex -43.992 -25.3988 28
      vertex -46.3784 -22.8713 32
    endloop
  endfacet
  facet normal -0.872603 -0.466398 -0.145041
    outer loop
      vertex -44.7832 -25.8556 32
      vertex -45.2913 -26.1489 36
      vertex -46.9045 -23.1307 36
    endloop
  endfacet
  facet normal -0.872592 -0.466427 -0.145015
    outer loop
      vertex -46.3784 -22.8713 32
      vertex -44.7832 -25.8556 32
      vertex -46.9045 -23.1307 36
    endloop
  endfacet
  facet normal -0.880794 -0.470805 -0.0504344
    outer loop
      vertex -45.2913 -26.1489 36
      vertex -45.4663 -26.25 40
      vertex -47.0858 -23.2202 40
    endloop
  endfacet
  facet normal -0.880805 -0.470782 -0.0504563
    outer loop
      vertex -46.9045 -23.1307 36
      vertex -45.2913 -26.1489 36
      vertex -47.0858 -23.2202 40
    endloop
  endfacet
  facet normal -0.880806 -0.470783 0.0504343
    outer loop
      vertex -45.4663 -26.25 40
      vertex -45.2913 -26.1489 44
      vertex -46.9045 -23.1307 44
    endloop
  endfacet
  facet normal -0.880793 -0.470805 0.0504562
    outer loop
      vertex -45.4663 -26.25 40
      vertex -46.9045 -23.1307 44
      vertex -47.0858 -23.2202 40
    endloop
  endfacet
  facet normal -0.872588 -0.466425 0.145041
    outer loop
      vertex -45.2913 -26.1489 44
      vertex -44.7832 -25.8556 48
      vertex -46.3784 -22.8713 48
    endloop
  endfacet
  facet normal -0.872606 -0.4664 0.145016
    outer loop
      vertex -45.2913 -26.1489 44
      vertex -46.3784 -22.8713 48
      vertex -46.9045 -23.1307 44
    endloop
  endfacet
  facet normal -0.859812 -0.459558 0.222552
    outer loop
      vertex -44.7832 -25.8556 48
      vertex -43.992 -25.3988 52
      vertex -45.5589 -22.4672 52
    endloop
  endfacet
  facet normal -0.859791 -0.459585 0.222579
    outer loop
      vertex -44.7832 -25.8556 48
      vertex -45.5589 -22.4672 52
      vertex -46.3784 -22.8713 48
    endloop
  endfacet
  facet normal -0.847549 -0.453016 0.276473
    outer loop
      vertex -43.992 -25.3988 52
      vertex -42.9949 -24.8231 56
      vertex -44.5263 -21.958 56
    endloop
  endfacet
  facet normal -0.847556 -0.453007 0.276465
    outer loop
      vertex -43.992 -25.3988 52
      vertex -44.5263 -21.958 56
      vertex -45.5589 -22.4672 52
    endloop
  endfacet
  facet normal -0.840241 -0.449103 0.303812
    outer loop
      vertex -40.7844 -23.5469 64
      vertex -42.2371 -20.829 64
      vertex -42.9949 -24.8231 56
    endloop
  endfacet
  facet normal -0.840237 -0.449108 0.303814
    outer loop
      vertex -42.9949 -24.8231 56
      vertex -42.2371 -20.829 64
      vertex -44.5263 -21.958 56
    endloop
  endfacet
  facet normal -0.847546 -0.453022 0.276473
    outer loop
      vertex -40.7844 -23.5469 64
      vertex -39.7873 -22.9712 68
      vertex -41.2045 -20.3198 68
    endloop
  endfacet
  facet normal -0.847554 -0.453012 0.276464
    outer loop
      vertex -40.7844 -23.5469 64
      vertex -41.2045 -20.3198 68
      vertex -42.2371 -20.829 64
    endloop
  endfacet
  facet normal -0.85979 -0.459589 0.222573
    outer loop
      vertex -39.7873 -22.9712 68
      vertex -38.996 -22.5144 72
      vertex -40.3851 -19.9157 72
    endloop
  endfacet
  facet normal -0.859802 -0.459573 0.222559
    outer loop
      vertex -39.7873 -22.9712 68
      vertex -40.3851 -19.9157 72
      vertex -41.2045 -20.3198 68
    endloop
  endfacet
  facet normal -0.872608 -0.466396 0.14502
    outer loop
      vertex -38.996 -22.5144 72
      vertex -38.488 -22.2211 76
      vertex -39.8589 -19.6562 76
    endloop
  endfacet
  facet normal -0.872585 -0.466429 0.145048
    outer loop
      vertex -38.996 -22.5144 72
      vertex -39.8589 -19.6562 76
      vertex -40.3851 -19.9157 72
    endloop
  endfacet
  facet normal -0.880815 -0.470766 0.0504343
    outer loop
      vertex -38.488 -22.2211 76
      vertex -38.313 -22.12 80
      vertex -39.6776 -19.5668 80
    endloop
  endfacet
  facet normal -0.880808 -0.470779 0.0504445
    outer loop
      vertex -38.488 -22.2211 76
      vertex -39.6776 -19.5668 80
      vertex -39.8589 -19.6562 76
    endloop
  endfacet
  facet normal 0.881938 0.471366 0
    outer loop
      vertex -38.313 -22.12 80
      vertex -39.6776 -19.5668 0
      vertex -39.6776 -19.5668 80
    endloop
  endfacet
  facet normal 0.881938 0.471366 0
    outer loop
      vertex -39.6776 -19.5668 0
      vertex -38.313 -22.12 80
      vertex -38.313 -22.12 0
    endloop
  endfacet
  facet normal -0.880809 -0.470779 -0.0504343
    outer loop
      vertex -38.313 -22.12 0
      vertex -38.488 -22.2211 4
      vertex -39.8589 -19.6562 4
    endloop
  endfacet
  facet normal -0.880815 -0.470766 -0.0504446
    outer loop
      vertex -39.6776 -19.5668 0
      vertex -38.313 -22.12 0
      vertex -39.8589 -19.6562 4
    endloop
  endfacet
  facet normal -0.901239 -0.408326 -0.145048
    outer loop
      vertex -39.8589 -19.6562 4
      vertex -40.3851 -19.9157 8
      vertex -41.6011 -17.2318 8
    endloop
  endfacet
  facet normal -0.901223 -0.408373 -0.145013
    outer loop
      vertex -41.0592 -17.0073 4
      vertex -39.8589 -19.6562 4
      vertex -41.6011 -17.2318 8
    endloop
  endfacet
  facet normal -0.888013 -0.402369 -0.222559
    outer loop
      vertex -40.3851 -19.9157 8
      vertex -41.2045 -20.3198 12
      vertex -42.4453 -17.5814 12
    endloop
  endfacet
  facet normal -0.888021 -0.402338 -0.222581
    outer loop
      vertex -41.6011 -17.2318 8
      vertex -40.3851 -19.9157 8
      vertex -42.4453 -17.5814 12
    endloop
  endfacet
  facet normal -0.875366 -0.396612 -0.276465
    outer loop
      vertex -41.2045 -20.3198 12
      vertex -42.2371 -20.829 16
      vertex -43.5089 -18.022 16
    endloop
  endfacet
  facet normal -0.875361 -0.396636 -0.276448
    outer loop
      vertex -42.4453 -17.5814 12
      vertex -41.2045 -20.3198 12
      vertex -43.5089 -18.022 16
    endloop
  endfacet
  facet normal -0.867808 -0.3932 -0.303814
    outer loop
      vertex -42.2371 -20.829 16
      vertex -44.5263 -21.958 24
      vertex -45.8671 -18.9988 24
    endloop
  endfacet
  facet normal -0.867812 -0.393189 -0.303818
    outer loop
      vertex -43.5089 -18.022 16
      vertex -42.2371 -20.829 16
      vertex -45.8671 -18.9988 24
    endloop
  endfacet
  facet normal -0.87536 -0.396627 -0.276465
    outer loop
      vertex -44.5263 -21.958 24
      vertex -45.5589 -22.4672 28
      vertex -46.9308 -19.4394 28
    endloop
  endfacet
  facet normal -0.875361 -0.396622 -0.276468
    outer loop
      vertex -45.8671 -18.9988 24
      vertex -44.5263 -21.958 24
      vertex -46.9308 -19.4394 28
    endloop
  endfacet
  facet normal -0.888022 -0.402337 -0.22258
    outer loop
      vertex -45.5589 -22.4672 28
      vertex -46.3784 -22.8713 32
      vertex -47.7749 -19.789 32
    endloop
  endfacet
  facet normal -0.888016 -0.402361 -0.22256
    outer loop
      vertex -46.9308 -19.4394 28
      vertex -45.5589 -22.4672 28
      vertex -47.7749 -19.789 32
    endloop
  endfacet
  facet normal -0.901234 -0.408348 -0.145016
    outer loop
      vertex -46.3784 -22.8713 32
      vertex -46.9045 -23.1307 36
      vertex -48.3169 -20.0135 36
    endloop
  endfacet
  facet normal -0.901241 -0.408326 -0.145035
    outer loop
      vertex -47.7749 -19.789 32
      vertex -46.3784 -22.8713 32
      vertex -48.3169 -20.0135 36
    endloop
  endfacet
  facet normal -0.9097 -0.412189 -0.0504549
    outer loop
      vertex -46.9045 -23.1307 36
      vertex -47.0858 -23.2202 40
      vertex -48.5037 -20.0909 40
    endloop
  endfacet
  facet normal -0.909702 -0.412185 -0.0504589
    outer loop
      vertex -48.3169 -20.0135 36
      vertex -46.9045 -23.1307 36
      vertex -48.5037 -20.0909 40
    endloop
  endfacet
  facet normal -0.909702 -0.412185 0.0504549
    outer loop
      vertex -47.0858 -23.2202 40
      vertex -46.9045 -23.1307 44
      vertex -48.3169 -20.0135 44
    endloop
  endfacet
  facet normal -0.9097 -0.412189 0.0504588
    outer loop
      vertex -47.0858 -23.2202 40
      vertex -48.3169 -20.0135 44
      vertex -48.5037 -20.0909 40
    endloop
  endfacet
  facet normal -0.901243 -0.408327 0.145016
    outer loop
      vertex -46.9045 -23.1307 44
      vertex -46.3784 -22.8713 48
      vertex -47.7749 -19.789 48
    endloop
  endfacet
  facet normal -0.901231 -0.408347 0.145035
    outer loop
      vertex -46.9045 -23.1307 44
      vertex -47.7749 -19.789 48
      vertex -48.3169 -20.0135 44
    endloop
  endfacet
  facet normal -0.888012 -0.402359 0.22258
    outer loop
      vertex -46.3784 -22.8713 48
      vertex -45.5589 -22.4672 52
      vertex -46.9308 -19.4394 52
    endloop
  endfacet
  facet normal -0.888026 -0.402339 0.22256
    outer loop
      vertex -46.3784 -22.8713 48
      vertex -46.9308 -19.4394 52
      vertex -47.7749 -19.789 48
    endloop
  endfacet
  facet normal -0.875362 -0.396622 0.276465
    outer loop
      vertex -45.5589 -22.4672 52
      vertex -44.5263 -21.958 56
      vertex -45.8671 -18.9988 56
    endloop
  endfacet
  facet normal -0.875359 -0.396626 0.276468
    outer loop
      vertex -45.5589 -22.4672 52
      vertex -45.8671 -18.9988 56
      vertex -46.9308 -19.4394 52
    endloop
  endfacet
  facet normal -0.867813 -0.39319 0.303814
    outer loop
      vertex -42.2371 -20.829 64
      vertex -43.5089 -18.022 64
      vertex -44.5263 -21.958 56
    endloop
  endfacet
  facet normal -0.867807 -0.393199 0.303817
    outer loop
      vertex -44.5263 -21.958 56
      vertex -43.5089 -18.022 64
      vertex -45.8671 -18.9988 56
    endloop
  endfacet
  facet normal -0.875356 -0.396634 0.276465
    outer loop
      vertex -42.2371 -20.829 64
      vertex -41.2045 -20.3198 68
      vertex -42.4453 -17.5814 68
    endloop
  endfacet
  facet normal -0.875371 -0.396614 0.276448
    outer loop
      vertex -42.2371 -20.829 64
      vertex -42.4453 -17.5814 68
      vertex -43.5089 -18.022 64
    endloop
  endfacet
  facet normal -0.888026 -0.40234 0.222559
    outer loop
      vertex -41.2045 -20.3198 68
      vertex -40.3851 -19.9157 72
      vertex -41.6011 -17.2318 72
    endloop
  endfacet
  facet normal -0.888008 -0.402367 0.222581
    outer loop
      vertex -41.2045 -20.3198 68
      vertex -41.6011 -17.2318 72
      vertex -42.4453 -17.5814 68
    endloop
  endfacet
  facet normal -0.901218 -0.40837 0.145048
    outer loop
      vertex -40.3851 -19.9157 72
      vertex -39.8589 -19.6562 76
      vertex -41.0592 -17.0073 76
    endloop
  endfacet
  facet normal -0.901243 -0.408328 0.145013
    outer loop
      vertex -40.3851 -19.9157 72
      vertex -41.0592 -17.0073 76
      vertex -41.6011 -17.2318 72
    endloop
  endfacet
  facet normal -0.909699 -0.412192 0.0504446
    outer loop
      vertex -39.8589 -19.6562 76
      vertex -39.6776 -19.5668 80
      vertex -40.8724 -16.9299 80
    endloop
  endfacet
  facet normal -0.909691 -0.41221 0.0504588
    outer loop
      vertex -39.8589 -19.6562 76
      vertex -40.8724 -16.9299 80
      vertex -41.0592 -17.0073 76
    endloop
  endfacet
  facet normal 0.910859 0.412717 0
    outer loop
      vertex -39.6776 -19.5668 80
      vertex -40.8724 -16.9299 0
      vertex -40.8724 -16.9299 80
    endloop
  endfacet
  facet normal 0.910859 0.412717 0
    outer loop
      vertex -40.8724 -16.9299 0
      vertex -39.6776 -19.5668 80
      vertex -39.6776 -19.5668 0
    endloop
  endfacet
  facet normal -0.909691 -0.41221 -0.0504447
    outer loop
      vertex -39.6776 -19.5668 0
      vertex -39.8589 -19.6562 4
      vertex -41.0592 -17.0073 4
    endloop
  endfacet
  facet normal -0.909699 -0.412192 -0.0504588
    outer loop
      vertex -40.8724 -16.9299 0
      vertex -39.6776 -19.5668 0
      vertex -41.0592 -17.0073 4
    endloop
  endfacet
  facet normal -0.926009 -0.348538 -0.145013
    outer loop
      vertex -41.0592 -17.0073 4
      vertex -41.6011 -17.2318 8
      vertex -42.6391 -14.474 8
    endloop
  endfacet
  facet normal -0.926013 -0.348522 -0.145024
    outer loop
      vertex -42.0836 -14.2855 4
      vertex -41.0592 -17.0073 4
      vertex -42.6391 -14.474 8
    endloop
  endfacet
  facet normal -0.912428 -0.343413 -0.222582
    outer loop
      vertex -41.6011 -17.2318 8
      vertex -42.4453 -17.5814 12
      vertex -43.5043 -14.7677 12
    endloop
  endfacet
  facet normal -0.912425 -0.343425 -0.222574
    outer loop
      vertex -42.6391 -14.474 8
      vertex -41.6011 -17.2318 8
      vertex -43.5043 -14.7677 12
    endloop
  endfacet
  facet normal -0.899426 -0.33854 -0.276448
    outer loop
      vertex -42.4453 -17.5814 12
      vertex -43.5089 -18.022 16
      vertex -44.5945 -15.1378 16
    endloop
  endfacet
  facet normal -0.899429 -0.338521 -0.276461
    outer loop
      vertex -43.5043 -14.7677 12
      vertex -42.4453 -17.5814 12
      vertex -44.5945 -15.1378 16
    endloop
  endfacet
  facet normal -0.891662 -0.335609 -0.303818
    outer loop
      vertex -43.5089 -18.022 16
      vertex -45.8671 -18.9988 24
      vertex -47.0115 -15.9583 24
    endloop
  endfacet
  facet normal -0.89166 -0.335617 -0.303815
    outer loop
      vertex -44.5945 -15.1378 16
      vertex -43.5089 -18.022 16
      vertex -47.0115 -15.9583 24
    endloop
  endfacet
  facet normal -0.899431 -0.338512 -0.276468
    outer loop
      vertex -45.8671 -18.9988 24
      vertex -46.9308 -19.4394 28
      vertex -48.1017 -16.3283 28
    endloop
  endfacet
  facet normal -0.899428 -0.338531 -0.276453
    outer loop
      vertex -47.0115 -15.9583 24
      vertex -45.8671 -18.9988 24
      vertex -48.1017 -16.3283 28
    endloop
  endfacet
  facet normal -0.91243 -0.343422 -0.222561
    outer loop
      vertex -46.9308 -19.4394 28
      vertex -47.7749 -19.789 32
      vertex -48.9669 -16.622 32
    endloop
  endfacet
  facet normal -0.912433 -0.343405 -0.222574
    outer loop
      vertex -48.1017 -16.3283 28
      vertex -46.9308 -19.4394 28
      vertex -48.9669 -16.622 32
    endloop
  endfacet
  facet normal -0.926009 -0.348529 -0.145035
    outer loop
      vertex -47.7749 -19.789 32
      vertex -48.3169 -20.0135 36
      vertex -49.5224 -16.8106 36
    endloop
  endfacet
  facet normal -0.926008 -0.348532 -0.145033
    outer loop
      vertex -48.9669 -16.622 32
      vertex -47.7749 -19.789 32
      vertex -49.5224 -16.8106 36
    endloop
  endfacet
  facet normal -0.934719 -0.351788 -0.0504585
    outer loop
      vertex -48.3169 -20.0135 36
      vertex -48.5037 -20.0909 40
      vertex -49.7138 -16.8756 40
    endloop
  endfacet
  facet normal -0.934713 -0.351805 -0.0504429
    outer loop
      vertex -49.5224 -16.8106 36
      vertex -48.3169 -20.0135 36
      vertex -49.7138 -16.8756 40
    endloop
  endfacet
  facet normal -0.934712 -0.351805 0.0504585
    outer loop
      vertex -48.5037 -20.0909 40
      vertex -48.3169 -20.0135 44
      vertex -49.5224 -16.8106 44
    endloop
  endfacet
  facet normal -0.93472 -0.351788 0.0504429
    outer loop
      vertex -48.5037 -20.0909 40
      vertex -49.5224 -16.8106 44
      vertex -49.7138 -16.8756 40
    endloop
  endfacet
  facet normal -0.926008 -0.348532 0.145035
    outer loop
      vertex -48.3169 -20.0135 44
      vertex -47.7749 -19.789 48
      vertex -48.9669 -16.622 48
    endloop
  endfacet
  facet normal -0.926009 -0.348529 0.145033
    outer loop
      vertex -48.3169 -20.0135 44
      vertex -48.9669 -16.622 48
      vertex -49.5224 -16.8106 44
    endloop
  endfacet
  facet normal -0.912436 -0.343406 0.22256
    outer loop
      vertex -47.7749 -19.789 48
      vertex -46.9308 -19.4394 52
      vertex -48.1017 -16.3283 52
    endloop
  endfacet
  facet normal -0.912427 -0.343421 0.222574
    outer loop
      vertex -47.7749 -19.789 48
      vertex -48.1017 -16.3283 52
      vertex -48.9669 -16.622 48
    endloop
  endfacet
  facet normal -0.899424 -0.33853 0.276468
    outer loop
      vertex -46.9308 -19.4394 52
      vertex -45.8671 -18.9988 56
      vertex -47.0115 -15.9583 56
    endloop
  endfacet
  facet normal -0.899435 -0.338513 0.276453
    outer loop
      vertex -46.9308 -19.4394 52
      vertex -47.0115 -15.9583 56
      vertex -48.1017 -16.3283 52
    endloop
  endfacet
  facet normal -0.891659 -0.335617 0.303818
    outer loop
      vertex -43.5089 -18.022 64
      vertex -44.5945 -15.1378 64
      vertex -45.8671 -18.9988 56
    endloop
  endfacet
  facet normal -0.891663 -0.335609 0.303815
    outer loop
      vertex -45.8671 -18.9988 56
      vertex -44.5945 -15.1378 64
      vertex -47.0115 -15.9583 56
    endloop
  endfacet
  facet normal -0.899433 -0.338522 0.276447
    outer loop
      vertex -42.4453 -17.5814 68
      vertex -43.5043 -14.7677 68
      vertex -43.5089 -18.022 64
    endloop
  endfacet
  facet normal -0.899423 -0.338539 0.276461
    outer loop
      vertex -43.5089 -18.022 64
      vertex -43.5043 -14.7677 68
      vertex -44.5945 -15.1378 64
    endloop
  endfacet
  facet normal -0.912424 -0.343424 0.222582
    outer loop
      vertex -42.4453 -17.5814 68
      vertex -41.6011 -17.2318 72
      vertex -42.6391 -14.474 72
    endloop
  endfacet
  facet normal -0.91243 -0.343414 0.222574
    outer loop
      vertex -42.4453 -17.5814 68
      vertex -42.6391 -14.474 72
      vertex -43.5043 -14.7677 68
    endloop
  endfacet
  facet normal -0.926015 -0.348523 0.145013
    outer loop
      vertex -41.6011 -17.2318 72
      vertex -41.0592 -17.0073 76
      vertex -42.0836 -14.2855 76
    endloop
  endfacet
  facet normal -0.926007 -0.348537 0.145024
    outer loop
      vertex -41.6011 -17.2318 72
      vertex -42.0836 -14.2855 76
      vertex -42.6391 -14.474 72
    endloop
  endfacet
  facet normal -0.934708 -0.351818 0.0504585
    outer loop
      vertex -41.0592 -17.0073 76
      vertex -40.8724 -16.9299 80
      vertex -41.8922 -14.2205 80
    endloop
  endfacet
  facet normal -0.934716 -0.351798 0.0504429
    outer loop
      vertex -41.0592 -17.0073 76
      vertex -41.8922 -14.2205 80
      vertex -42.0836 -14.2855 76
    endloop
  endfacet
  facet normal 0.9359 0.352266 0
    outer loop
      vertex -40.8724 -16.9299 80
      vertex -41.8922 -14.2205 0
      vertex -41.8922 -14.2205 80
    endloop
  endfacet
  facet normal 0.9359 0.352266 0
    outer loop
      vertex -41.8922 -14.2205 0
      vertex -40.8724 -16.9299 80
      vertex -40.8724 -16.9299 0
    endloop
  endfacet
  facet normal -0.934715 -0.351797 -0.0504585
    outer loop
      vertex -40.8724 -16.9299 0
      vertex -41.0592 -17.0073 4
      vertex -42.0836 -14.2855 4
    endloop
  endfacet
  facet normal -0.934708 -0.351818 -0.0504428
    outer loop
      vertex -41.8922 -14.2205 0
      vertex -40.8724 -16.9299 0
      vertex -42.0836 -14.2855 4
    endloop
  endfacet
  facet normal -0.946828 -0.287201 -0.145025
    outer loop
      vertex -42.0836 -14.2855 4
      vertex -42.6391 -14.474 8
      vertex -43.4944 -11.6543 8
    endloop
  endfacet
  facet normal -0.946826 -0.287212 -0.145018
    outer loop
      vertex -42.9278 -11.5025 4
      vertex -42.0836 -14.2855 4
      vertex -43.4944 -11.6543 8
    endloop
  endfacet
  facet normal -0.932936 -0.283004 -0.222574
    outer loop
      vertex -42.6391 -14.474 8
      vertex -43.5043 -14.7677 12
      vertex -44.377 -11.8908 12
    endloop
  endfacet
  facet normal -0.932938 -0.282988 -0.222585
    outer loop
      vertex -43.4944 -11.6543 8
      vertex -42.6391 -14.474 8
      vertex -44.377 -11.8908 12
    endloop
  endfacet
  facet normal -0.919641 -0.27898 -0.276461
    outer loop
      vertex -43.5043 -14.7677 12
      vertex -44.5945 -15.1378 16
      vertex -45.4891 -12.1888 16
    endloop
  endfacet
  facet normal -0.919642 -0.278971 -0.276467
    outer loop
      vertex -44.377 -11.8908 12
      vertex -43.5043 -14.7677 12
      vertex -45.4891 -12.1888 16
    endloop
  endfacet
  facet normal -0.911705 -0.27657 -0.303815
    outer loop
      vertex -44.5945 -15.1378 16
      vertex -47.0115 -15.9583 24
      vertex -47.9546 -12.8494 24
    endloop
  endfacet
  facet normal -0.911704 -0.276572 -0.303814
    outer loop
      vertex -45.4891 -12.1888 16
      vertex -44.5945 -15.1378 16
      vertex -47.9546 -12.8494 24
    endloop
  endfacet
  facet normal -0.919639 -0.278994 -0.276454
    outer loop
      vertex -47.0115 -15.9583 24
      vertex -48.1017 -16.3283 28
      vertex -49.0667 -13.1474 28
    endloop
  endfacet
  facet normal -0.91964 -0.278977 -0.276467
    outer loop
      vertex -47.9546 -12.8494 24
      vertex -47.0115 -15.9583 24
      vertex -49.0667 -13.1474 28
    endloop
  endfacet
  facet normal -0.932934 -0.283012 -0.222574
    outer loop
      vertex -48.1017 -16.3283 28
      vertex -48.9669 -16.622 32
      vertex -49.9492 -13.3839 32
    endloop
  endfacet
  facet normal -0.932932 -0.283027 -0.222562
    outer loop
      vertex -49.0667 -13.1474 28
      vertex -48.1017 -16.3283 28
      vertex -49.9492 -13.3839 32
    endloop
  endfacet
  facet normal -0.946825 -0.287208 -0.145032
    outer loop
      vertex -48.9669 -16.622 32
      vertex -49.5224 -16.8106 36
      vertex -50.5158 -13.5357 36
    endloop
  endfacet
  facet normal -0.946822 -0.287225 -0.145018
    outer loop
      vertex -49.9492 -13.3839 32
      vertex -48.9669 -16.622 32
      vertex -50.5158 -13.5357 36
    endloop
  endfacet
  facet normal -0.955721 -0.28992 -0.0504424
    outer loop
      vertex -49.5224 -16.8106 36
      vertex -49.7138 -16.8756 40
      vertex -50.7111 -13.588 40
    endloop
  endfacet
  facet normal -0.955724 -0.289907 -0.0504538
    outer loop
      vertex -50.5158 -13.5357 36
      vertex -49.5224 -16.8106 36
      vertex -50.7111 -13.588 40
    endloop
  endfacet
  facet normal -0.955725 -0.289907 0.0504424
    outer loop
      vertex -49.7138 -16.8756 40
      vertex -49.5224 -16.8106 44
      vertex -50.5158 -13.5357 44
    endloop
  endfacet
  facet normal -0.95572 -0.28992 0.0504537
    outer loop
      vertex -49.7138 -16.8756 40
      vertex -50.5158 -13.5357 44
      vertex -50.7111 -13.588 40
    endloop
  endfacet
  facet normal -0.94682 -0.287224 0.145032
    outer loop
      vertex -49.5224 -16.8106 44
      vertex -48.9669 -16.622 48
      vertex -49.9492 -13.3839 48
    endloop
  endfacet
  facet normal -0.946827 -0.287208 0.145018
    outer loop
      vertex -49.5224 -16.8106 44
      vertex -49.9492 -13.3839 48
      vertex -50.5158 -13.5357 44
    endloop
  endfacet
  facet normal -0.932929 -0.283026 0.222574
    outer loop
      vertex -48.9669 -16.622 48
      vertex -48.1017 -16.3283 52
      vertex -49.0667 -13.1474 52
    endloop
  endfacet
  facet normal -0.932936 -0.283013 0.222562
    outer loop
      vertex -48.9669 -16.622 48
      vertex -49.0667 -13.1474 52
      vertex -49.9492 -13.3839 48
    endloop
  endfacet
  facet normal -0.919643 -0.278978 0.276454
    outer loop
      vertex -47.0115 -15.9583 56
      vertex -47.9546 -12.8494 56
      vertex -48.1017 -16.3283 52
    endloop
  endfacet
  facet normal -0.919635 -0.278993 0.276467
    outer loop
      vertex -48.1017 -16.3283 52
      vertex -47.9546 -12.8494 56
      vertex -49.0667 -13.1474 52
    endloop
  endfacet
  facet normal -0.911704 -0.276572 0.303815
    outer loop
      vertex -44.5945 -15.1378 64
      vertex -45.4891 -12.1888 64
      vertex -47.0115 -15.9583 56
    endloop
  endfacet
  facet normal -0.911705 -0.27657 0.303814
    outer loop
      vertex -47.0115 -15.9583 56
      vertex -45.4891 -12.1888 64
      vertex -47.9546 -12.8494 56
    endloop
  endfacet
  facet normal -0.919644 -0.278971 0.276461
    outer loop
      vertex -43.5043 -14.7677 68
      vertex -44.377 -11.8908 68
      vertex -44.5945 -15.1378 64
    endloop
  endfacet
  facet normal -0.919639 -0.278979 0.276467
    outer loop
      vertex -44.5945 -15.1378 64
      vertex -44.377 -11.8908 68
      vertex -45.4891 -12.1888 64
    endloop
  endfacet
  facet normal -0.932941 -0.282989 0.222574
    outer loop
      vertex -42.6391 -14.474 72
      vertex -43.4944 -11.6543 72
      vertex -43.5043 -14.7677 68
    endloop
  endfacet
  facet normal -0.932934 -0.283003 0.222584
    outer loop
      vertex -43.5043 -14.7677 68
      vertex -43.4944 -11.6543 72
      vertex -44.377 -11.8908 68
    endloop
  endfacet
  facet normal -0.946825 -0.287211 0.145025
    outer loop
      vertex -42.6391 -14.474 72
      vertex -42.0836 -14.2855 76
      vertex -42.9278 -11.5025 76
    endloop
  endfacet
  facet normal -0.946829 -0.287202 0.145018
    outer loop
      vertex -42.6391 -14.474 72
      vertex -42.9278 -11.5025 76
      vertex -43.4944 -11.6543 72
    endloop
  endfacet
  facet normal -0.955728 -0.289896 0.0504424
    outer loop
      vertex -42.0836 -14.2855 76
      vertex -41.8922 -14.2205 80
      vertex -42.7325 -11.4502 80
    endloop
  endfacet
  facet normal -0.955723 -0.289911 0.0504538
    outer loop
      vertex -42.0836 -14.2855 76
      vertex -42.7325 -11.4502 80
      vertex -42.9278 -11.5025 76
    endloop
  endfacet
  facet normal 0.956946 0.290265 0
    outer loop
      vertex -41.8922 -14.2205 80
      vertex -42.7325 -11.4502 0
      vertex -42.7325 -11.4502 80
    endloop
  endfacet
  facet normal 0.956946 0.290265 0
    outer loop
      vertex -42.7325 -11.4502 0
      vertex -41.8922 -14.2205 80
      vertex -41.8922 -14.2205 0
    endloop
  endfacet
  facet normal -0.955723 -0.289911 -0.0504424
    outer loop
      vertex -41.8922 -14.2205 0
      vertex -42.0836 -14.2855 4
      vertex -42.9278 -11.5025 4
    endloop
  endfacet
  facet normal -0.955727 -0.289896 -0.0504538
    outer loop
      vertex -42.7325 -11.4502 0
      vertex -41.8922 -14.2205 0
      vertex -42.9278 -11.5025 4
    endloop
  endfacet
  facet normal -0.963582 -0.224675 -0.145018
    outer loop
      vertex -42.9278 -11.5025 4
      vertex -43.4944 -11.6543 8
      vertex -44.1635 -8.78467 8
    endloop
  endfacet
  facet normal -0.963582 -0.224678 -0.145015
    outer loop
      vertex -43.5882 -8.67023 4
      vertex -42.9278 -11.5025 4
      vertex -44.1635 -8.78467 8
    endloop
  endfacet
  facet normal -0.949445 -0.221385 -0.222584
    outer loop
      vertex -43.4944 -11.6543 8
      vertex -44.377 -11.8908 12
      vertex -45.0597 -8.96293 12
    endloop
  endfacet
  facet normal -0.949445 -0.221378 -0.222589
    outer loop
      vertex -44.1635 -8.78467 8
      vertex -43.4944 -11.6543 8
      vertex -45.0597 -8.96293 12
    endloop
  endfacet
  facet normal -0.935919 -0.218226 -0.276467
    outer loop
      vertex -44.377 -11.8908 12
      vertex -45.4891 -12.1888 16
      vertex -46.1889 -9.18753 16
    endloop
  endfacet
  facet normal -0.935918 -0.218231 -0.276463
    outer loop
      vertex -45.0597 -8.96293 12
      vertex -44.377 -11.8908 12
      vertex -46.1889 -9.18753 16
    endloop
  endfacet
  facet normal -0.927844 -0.216338 -0.303814
    outer loop
      vertex -45.4891 -12.1888 16
      vertex -47.9546 -12.8494 24
      vertex -48.6923 -9.6855 24
    endloop
  endfacet
  facet normal -0.927844 -0.216343 -0.303812
    outer loop
      vertex -46.1889 -9.18753 16
      vertex -45.4891 -12.1888 16
      vertex -48.6923 -9.6855 24
    endloop
  endfacet
  facet normal -0.935921 -0.218217 -0.276467
    outer loop
      vertex -47.9546 -12.8494 24
      vertex -49.0667 -13.1474 28
      vertex -49.8215 -9.91011 28
    endloop
  endfacet
  facet normal -0.935921 -0.218221 -0.276464
    outer loop
      vertex -48.6923 -9.6855 24
      vertex -47.9546 -12.8494 24
      vertex -49.8215 -9.91011 28
    endloop
  endfacet
  facet normal -0.949451 -0.22138 -0.222562
    outer loop
      vertex -49.0667 -13.1474 28
      vertex -49.9492 -13.3839 32
      vertex -50.7176 -10.0884 32
    endloop
  endfacet
  facet normal -0.949451 -0.221372 -0.222568
    outer loop
      vertex -49.8215 -9.91011 28
      vertex -49.0667 -13.1474 28
      vertex -50.7176 -10.0884 32
    endloop
  endfacet
  facet normal -0.963577 -0.224697 -0.145018
    outer loop
      vertex -49.9492 -13.3839 32
      vertex -50.5158 -13.5357 36
      vertex -51.293 -10.2028 36
    endloop
  endfacet
  facet normal -0.96358 -0.224674 -0.145037
    outer loop
      vertex -50.7176 -10.0884 32
      vertex -49.9492 -13.3839 32
      vertex -51.293 -10.2028 36
    endloop
  endfacet
  facet normal -0.972639 -0.226778 -0.0504542
    outer loop
      vertex -50.5158 -13.5357 36
      vertex -50.7111 -13.588 40
      vertex -51.4912 -10.2422 40
    endloop
  endfacet
  facet normal -0.972633 -0.226809 -0.050428
    outer loop
      vertex -51.293 -10.2028 36
      vertex -50.5158 -13.5357 36
      vertex -51.4912 -10.2422 40
    endloop
  endfacet
  facet normal -0.972632 -0.226808 0.0504543
    outer loop
      vertex -50.7111 -13.588 40
      vertex -50.5158 -13.5357 44
      vertex -51.293 -10.2028 44
    endloop
  endfacet
  facet normal -0.97264 -0.226779 0.0504281
    outer loop
      vertex -50.7111 -13.588 40
      vertex -51.293 -10.2028 44
      vertex -51.4912 -10.2422 40
    endloop
  endfacet
  facet normal -0.963582 -0.224675 0.145018
    outer loop
      vertex -50.5158 -13.5357 44
      vertex -49.9492 -13.3839 48
      vertex -50.7176 -10.0884 48
    endloop
  endfacet
  facet normal -0.963575 -0.224696 0.145037
    outer loop
      vertex -50.5158 -13.5357 44
      vertex -50.7176 -10.0884 48
      vertex -51.293 -10.2028 44
    endloop
  endfacet
  facet normal -0.949453 -0.221372 0.222562
    outer loop
      vertex -49.0667 -13.1474 52
      vertex -49.8215 -9.91011 52
      vertex -49.9492 -13.3839 48
    endloop
  endfacet
  facet normal -0.94945 -0.22138 0.222568
    outer loop
      vertex -49.9492 -13.3839 48
      vertex -49.8215 -9.91011 52
      vertex -50.7176 -10.0884 48
    endloop
  endfacet
  facet normal -0.93592 -0.218221 0.276467
    outer loop
      vertex -47.9546 -12.8494 56
      vertex -48.6923 -9.6855 56
      vertex -49.0667 -13.1474 52
    endloop
  endfacet
  facet normal -0.935921 -0.218218 0.276464
    outer loop
      vertex -49.0667 -13.1474 52
      vertex -48.6923 -9.6855 56
      vertex -49.8215 -9.91011 52
    endloop
  endfacet
  facet normal -0.927843 -0.216343 0.303814
    outer loop
      vertex -45.4891 -12.1888 64
      vertex -46.1889 -9.18753 64
      vertex -47.9546 -12.8494 56
    endloop
  endfacet
  facet normal -0.927845 -0.216338 0.303812
    outer loop
      vertex -47.9546 -12.8494 56
      vertex -46.1889 -9.18753 64
      vertex -48.6923 -9.6855 56
    endloop
  endfacet
  facet normal -0.935918 -0.218231 0.276467
    outer loop
      vertex -44.377 -11.8908 68
      vertex -45.0597 -8.96293 68
      vertex -45.4891 -12.1888 64
    endloop
  endfacet
  facet normal -0.935919 -0.218226 0.276463
    outer loop
      vertex -45.4891 -12.1888 64
      vertex -45.0597 -8.96293 68
      vertex -46.1889 -9.18753 64
    endloop
  endfacet
  facet normal -0.949446 -0.221378 0.222584
    outer loop
      vertex -43.4944 -11.6543 72
      vertex -44.1635 -8.78467 72
      vertex -44.377 -11.8908 68
    endloop
  endfacet
  facet normal -0.949444 -0.221385 0.222589
    outer loop
      vertex -44.377 -11.8908 68
      vertex -44.1635 -8.78467 72
      vertex -45.0597 -8.96293 68
    endloop
  endfacet
  facet normal -0.963582 -0.224678 0.145018
    outer loop
      vertex -43.4944 -11.6543 72
      vertex -42.9278 -11.5025 76
      vertex -43.5882 -8.67023 76
    endloop
  endfacet
  facet normal -0.963583 -0.224675 0.145015
    outer loop
      vertex -43.4944 -11.6543 72
      vertex -43.5882 -8.67023 76
      vertex -44.1635 -8.78467 72
    endloop
  endfacet
  facet normal -0.972636 -0.226789 0.0504542
    outer loop
      vertex -42.9278 -11.5025 76
      vertex -42.7325 -11.4502 80
      vertex -43.3899 -8.63079 80
    endloop
  endfacet
  facet normal -0.972636 -0.226789 0.0504546
    outer loop
      vertex -42.9278 -11.5025 76
      vertex -43.3899 -8.63079 80
      vertex -43.5882 -8.67023 76
    endloop
  endfacet
  facet normal 0.973877 0.227078 0
    outer loop
      vertex -42.7325 -11.4502 80
      vertex -43.3899 -8.63079 0
      vertex -43.3899 -8.63079 80
    endloop
  endfacet
  facet normal 0.973877 0.227078 0
    outer loop
      vertex -43.3899 -8.63079 0
      vertex -42.7325 -11.4502 80
      vertex -42.7325 -11.4502 0
    endloop
  endfacet
  facet normal -0.972636 -0.226789 -0.0504542
    outer loop
      vertex -42.7325 -11.4502 0
      vertex -42.9278 -11.5025 4
      vertex -43.5882 -8.67023 4
    endloop
  endfacet
  facet normal -0.972636 -0.226789 -0.0504546
    outer loop
      vertex -43.3899 -8.63079 0
      vertex -42.7325 -11.4502 0
      vertex -43.5882 -8.67023 4
    endloop
  endfacet
  facet normal -0.976213 -0.161178 -0.145015
    outer loop
      vertex -43.5882 -8.67023 4
      vertex -44.1635 -8.78467 8
      vertex -44.6435 -5.87743 8
    endloop
  endfacet
  facet normal -0.976214 -0.161162 -0.145027
    outer loop
      vertex -44.0619 -5.80086 4
      vertex -43.5882 -8.67023 4
      vertex -44.6435 -5.87743 8
    endloop
  endfacet
  facet normal -0.961892 -0.1588 -0.222589
    outer loop
      vertex -44.1635 -8.78467 8
      vertex -45.0597 -8.96293 12
      vertex -45.5494 -5.99669 12
    endloop
  endfacet
  facet normal -0.961892 -0.158813 -0.22258
    outer loop
      vertex -44.6435 -5.87743 8
      vertex -44.1635 -8.78467 8
      vertex -45.5494 -5.99669 12
    endloop
  endfacet
  facet normal -0.948188 -0.156547 -0.276464
    outer loop
      vertex -45.0597 -8.96293 12
      vertex -46.1889 -9.18753 16
      vertex -46.6909 -6.14697 16
    endloop
  endfacet
  facet normal -0.948188 -0.156537 -0.27647
    outer loop
      vertex -45.5494 -5.99669 12
      vertex -45.0597 -8.96293 12
      vertex -46.6909 -6.14697 16
    endloop
  endfacet
  facet normal -0.940007 -0.155193 -0.303812
    outer loop
      vertex -46.1889 -9.18753 16
      vertex -48.6923 -9.6855 24
      vertex -49.2215 -6.48013 24
    endloop
  endfacet
  facet normal -0.940007 -0.155196 -0.303811
    outer loop
      vertex -46.6909 -6.14697 16
      vertex -46.1889 -9.18753 16
      vertex -49.2215 -6.48013 24
    endloop
  endfacet
  facet normal -0.948187 -0.156552 -0.276464
    outer loop
      vertex -48.6923 -9.6855 24
      vertex -49.8215 -9.91011 28
      vertex -50.363 -6.63041 28
    endloop
  endfacet
  facet normal -0.948187 -0.156544 -0.27647
    outer loop
      vertex -49.2215 -6.48013 24
      vertex -48.6923 -9.6855 24
      vertex -50.363 -6.63041 28
    endloop
  endfacet
  facet normal -0.961897 -0.158802 -0.222567
    outer loop
      vertex -49.8215 -9.91011 28
      vertex -50.7176 -10.0884 32
      vertex -51.2688 -6.74967 32
    endloop
  endfacet
  facet normal -0.961897 -0.158816 -0.222557
    outer loop
      vertex -50.363 -6.63041 28
      vertex -49.8215 -9.91011 28
      vertex -51.2688 -6.74967 32
    endloop
  endfacet
  facet normal -0.976214 -0.161153 -0.145037
    outer loop
      vertex -50.7176 -10.0884 32
      vertex -51.293 -10.2028 36
      vertex -51.8504 -6.82624 36
    endloop
  endfacet
  facet normal -0.976214 -0.161166 -0.145027
    outer loop
      vertex -51.2688 -6.74967 32
      vertex -50.7176 -10.0884 32
      vertex -51.8504 -6.82624 36
    endloop
  endfacet
  facet normal -0.985384 -0.16271 -0.0504285
    outer loop
      vertex -51.293 -10.2028 36
      vertex -51.4912 -10.2422 40
      vertex -52.0509 -6.85262 40
    endloop
  endfacet
  facet normal -0.98539 -0.162667 -0.0504654
    outer loop
      vertex -51.8504 -6.82624 36
      vertex -51.293 -10.2028 36
      vertex -52.0509 -6.85262 40
    endloop
  endfacet
  facet normal -0.985391 -0.162668 0.0504284
    outer loop
      vertex -51.4912 -10.2422 40
      vertex -51.293 -10.2028 44
      vertex -51.8504 -6.82624 44
    endloop
  endfacet
  facet normal -0.985383 -0.16271 0.0504654
    outer loop
      vertex -51.4912 -10.2422 40
      vertex -51.8504 -6.82624 44
      vertex -52.0509 -6.85262 40
    endloop
  endfacet
  facet normal -0.976212 -0.161165 0.145037
    outer loop
      vertex -50.7176 -10.0884 48
      vertex -51.2688 -6.74967 48
      vertex -51.293 -10.2028 44
    endloop
  endfacet
  facet normal -0.976216 -0.161153 0.145027
    outer loop
      vertex -51.293 -10.2028 44
      vertex -51.2688 -6.74967 48
      vertex -51.8504 -6.82624 44
    endloop
  endfacet
  facet normal -0.961895 -0.158815 0.222567
    outer loop
      vertex -49.8215 -9.91011 52
      vertex -50.363 -6.63041 52
      vertex -50.7176 -10.0884 48
    endloop
  endfacet
  facet normal -0.961899 -0.158803 0.222557
    outer loop
      vertex -50.7176 -10.0884 48
      vertex -50.363 -6.63041 52
      vertex -51.2688 -6.74967 48
    endloop
  endfacet
  facet normal -0.948189 -0.156544 0.276464
    outer loop
      vertex -48.6923 -9.6855 56
      vertex -49.2215 -6.48013 56
      vertex -49.8215 -9.91011 52
    endloop
  endfacet
  facet normal -0.948186 -0.156552 0.27647
    outer loop
      vertex -49.8215 -9.91011 52
      vertex -49.2215 -6.48013 56
      vertex -50.363 -6.63041 52
    endloop
  endfacet
  facet normal -0.940007 -0.155196 0.303812
    outer loop
      vertex -46.1889 -9.18753 64
      vertex -46.6909 -6.14697 64
      vertex -48.6923 -9.6855 56
    endloop
  endfacet
  facet normal -0.940007 -0.155193 0.303811
    outer loop
      vertex -48.6923 -9.6855 56
      vertex -46.6909 -6.14697 64
      vertex -49.2215 -6.48013 56
    endloop
  endfacet
  facet normal -0.94819 -0.156538 0.276464
    outer loop
      vertex -45.0597 -8.96293 68
      vertex -45.5494 -5.99669 68
      vertex -46.1889 -9.18753 64
    endloop
  endfacet
  facet normal -0.948186 -0.156547 0.27647
    outer loop
      vertex -46.1889 -9.18753 64
      vertex -45.5494 -5.99669 68
      vertex -46.6909 -6.14697 64
    endloop
  endfacet
  facet normal -0.96189 -0.158813 0.222589
    outer loop
      vertex -44.1635 -8.78467 72
      vertex -44.6435 -5.87743 72
      vertex -45.0597 -8.96293 68
    endloop
  endfacet
  facet normal -0.961894 -0.1588 0.22258
    outer loop
      vertex -45.0597 -8.96293 68
      vertex -44.6435 -5.87743 72
      vertex -45.5494 -5.99669 68
    endloop
  endfacet
  facet normal -0.976216 -0.161162 0.145015
    outer loop
      vertex -43.5882 -8.67023 76
      vertex -44.0619 -5.80086 76
      vertex -44.1635 -8.78467 72
    endloop
  endfacet
  facet normal -0.976212 -0.161177 0.145027
    outer loop
      vertex -44.1635 -8.78467 72
      vertex -44.0619 -5.80086 76
      vertex -44.6435 -5.87743 72
    endloop
  endfacet
  facet normal -0.985386 -0.162695 0.0504547
    outer loop
      vertex -43.5882 -8.67023 76
      vertex -43.3899 -8.63079 80
      vertex -43.8615 -5.77448 80
    endloop
  endfacet
  facet normal -0.985389 -0.162676 0.0504409
    outer loop
      vertex -43.5882 -8.67023 76
      vertex -43.8615 -5.77448 80
      vertex -44.0619 -5.80086 76
    endloop
  endfacet
  facet normal 0.986642 0.162903 0
    outer loop
      vertex -43.3899 -8.63079 80
      vertex -43.8615 -5.77448 0
      vertex -43.8615 -5.77448 80
    endloop
  endfacet
  facet normal 0.986642 0.162903 0
    outer loop
      vertex -43.8615 -5.77448 0
      vertex -43.3899 -8.63079 80
      vertex -43.3899 -8.63079 0
    endloop
  endfacet
  facet normal -0.985389 -0.162676 -0.0504546
    outer loop
      vertex -43.3899 -8.63079 0
      vertex -43.5882 -8.67023 4
      vertex -44.0619 -5.80086 4
    endloop
  endfacet
  facet normal -0.985386 -0.162695 -0.0504408
    outer loop
      vertex -43.8615 -5.77448 0
      vertex -43.3899 -8.63079 0
      vertex -44.0619 -5.80086 4
    endloop
  endfacet
  facet normal -0.984664 -0.0969752 -0.145026
    outer loop
      vertex -44.0619 -5.80086 4
      vertex -44.6435 -5.87743 8
      vertex -44.9323 -2.94502 8
    endloop
  endfacet
  facet normal -0.984664 -0.0969963 -0.145011
    outer loop
      vertex -44.347 -2.90665 4
      vertex -44.0619 -5.80086 4
      vertex -44.9323 -2.94502 8
    endloop
  endfacet
  facet normal -0.970219 -0.0955656 -0.22258
    outer loop
      vertex -44.6435 -5.87743 8
      vertex -45.5494 -5.99669 12
      vertex -45.8441 -3.00478 12
    endloop
  endfacet
  facet normal -0.970218 -0.0955525 -0.222589
    outer loop
      vertex -44.9323 -2.94502 8
      vertex -44.6435 -5.87743 8
      vertex -45.8441 -3.00478 12
    endloop
  endfacet
  facet normal -0.956397 -0.0941774 -0.27647
    outer loop
      vertex -45.5494 -5.99669 12
      vertex -46.6909 -6.14697 16
      vertex -46.9929 -3.08008 16
    endloop
  endfacet
  facet normal -0.9564 -0.0942044 -0.276451
    outer loop
      vertex -45.8441 -3.00478 12
      vertex -45.5494 -5.99669 12
      vertex -46.9929 -3.08008 16
    endloop
  endfacet
  facet normal -0.948146 -0.0933744 -0.303811
    outer loop
      vertex -46.6909 -6.14697 16
      vertex -49.2215 -6.48013 24
      vertex -49.5399 -3.24702 24
    endloop
  endfacet
  facet normal -0.948146 -0.0933649 -0.303814
    outer loop
      vertex -46.9929 -3.08008 16
      vertex -46.6909 -6.14697 16
      vertex -49.5399 -3.24702 24
    endloop
  endfacet
  facet normal -0.956395 -0.0941914 -0.27647
    outer loop
      vertex -49.2215 -6.48013 24
      vertex -50.363 -6.63041 28
      vertex -50.6888 -3.32232 28
    endloop
  endfacet
  facet normal -0.956395 -0.0941868 -0.276474
    outer loop
      vertex -49.5399 -3.24702 24
      vertex -49.2215 -6.48013 24
      vertex -50.6888 -3.32232 28
    endloop
  endfacet
  facet normal -0.970225 -0.0955649 -0.222557
    outer loop
      vertex -50.363 -6.63041 28
      vertex -51.2688 -6.74967 32
      vertex -51.6005 -3.38208 32
    endloop
  endfacet
  facet normal -0.970224 -0.0955533 -0.222566
    outer loop
      vertex -50.6888 -3.32232 28
      vertex -50.363 -6.63041 28
      vertex -51.6005 -3.38208 32
    endloop
  endfacet
  facet normal -0.984662 -0.0969975 -0.145027
    outer loop
      vertex -51.2688 -6.74967 32
      vertex -51.8504 -6.82624 36
      vertex -52.1859 -3.42044 36
    endloop
  endfacet
  facet normal -0.984662 -0.0969869 -0.145035
    outer loop
      vertex -51.6005 -3.38208 32
      vertex -51.2688 -6.74967 32
      vertex -52.1859 -3.42044 36
    endloop
  endfacet
  facet normal -0.993918 -0.0978813 -0.0504657
    outer loop
      vertex -51.8504 -6.82624 36
      vertex -52.0509 -6.85262 40
      vertex -52.3876 -3.43366 40
    endloop
  endfacet
  facet normal -0.993916 -0.0979091 -0.0504418
    outer loop
      vertex -52.1859 -3.42044 36
      vertex -51.8504 -6.82624 36
      vertex -52.3876 -3.43366 40
    endloop
  endfacet
  facet normal -0.993915 -0.097909 0.0504657
    outer loop
      vertex -52.0509 -6.85262 40
      vertex -51.8504 -6.82624 44
      vertex -52.1859 -3.42044 44
    endloop
  endfacet
  facet normal -0.993919 -0.0978814 0.0504419
    outer loop
      vertex -52.0509 -6.85262 40
      vertex -52.1859 -3.42044 44
      vertex -52.3876 -3.43366 40
    endloop
  endfacet
  facet normal -0.984663 -0.0969871 0.145027
    outer loop
      vertex -51.2688 -6.74967 48
      vertex -51.6005 -3.38208 48
      vertex -51.8504 -6.82624 44
    endloop
  endfacet
  facet normal -0.98466 -0.0969974 0.145035
    outer loop
      vertex -51.8504 -6.82624 44
      vertex -51.6005 -3.38208 48
      vertex -52.1859 -3.42044 44
    endloop
  endfacet
  facet normal -0.970226 -0.0955535 0.222557
    outer loop
      vertex -50.363 -6.63041 52
      vertex -50.6888 -3.32232 52
      vertex -51.2688 -6.74967 48
    endloop
  endfacet
  facet normal -0.970223 -0.0955647 0.222566
    outer loop
      vertex -51.2688 -6.74967 48
      vertex -50.6888 -3.32232 52
      vertex -51.6005 -3.38208 48
    endloop
  endfacet
  facet normal -0.956396 -0.0941869 0.27647
    outer loop
      vertex -49.2215 -6.48013 56
      vertex -49.5399 -3.24702 56
      vertex -50.363 -6.63041 52
    endloop
  endfacet
  facet normal -0.956394 -0.0941913 0.276474
    outer loop
      vertex -50.363 -6.63041 52
      vertex -49.5399 -3.24702 56
      vertex -50.6888 -3.32232 52
    endloop
  endfacet
  facet normal -0.948147 -0.093365 0.303811
    outer loop
      vertex -46.6909 -6.14697 64
      vertex -46.9929 -3.08008 64
      vertex -49.2215 -6.48013 56
    endloop
  endfacet
  facet normal -0.948145 -0.0933743 0.303814
    outer loop
      vertex -49.2215 -6.48013 56
      vertex -46.9929 -3.08008 64
      vertex -49.5399 -3.24702 56
    endloop
  endfacet
  facet normal -0.956394 -0.0942038 0.27647
    outer loop
      vertex -45.5494 -5.99669 68
      vertex -45.8441 -3.00478 68
      vertex -46.6909 -6.14697 64
    endloop
  endfacet
  facet normal -0.956402 -0.094178 0.276452
    outer loop
      vertex -46.6909 -6.14697 64
      vertex -45.8441 -3.00478 68
      vertex -46.9929 -3.08008 64
    endloop
  endfacet
  facet normal -0.970221 -0.0955527 0.22258
    outer loop
      vertex -44.6435 -5.87743 72
      vertex -44.9323 -2.94502 72
      vertex -45.5494 -5.99669 68
    endloop
  endfacet
  facet normal -0.970217 -0.0955654 0.222589
    outer loop
      vertex -45.5494 -5.99669 68
      vertex -44.9323 -2.94502 72
      vertex -45.8441 -3.00478 68
    endloop
  endfacet
  facet normal -0.984662 -0.0969961 0.145027
    outer loop
      vertex -44.0619 -5.80086 76
      vertex -44.347 -2.90665 76
      vertex -44.6435 -5.87743 72
    endloop
  endfacet
  facet normal -0.984666 -0.0969754 0.145012
    outer loop
      vertex -44.6435 -5.87743 72
      vertex -44.347 -2.90665 76
      vertex -44.9323 -2.94502 72
    endloop
  endfacet
  facet normal -0.993917 -0.0979065 0.0504409
    outer loop
      vertex -44.0619 -5.80086 76
      vertex -43.8615 -5.77448 80
      vertex -44.1453 -2.89343 80
    endloop
  endfacet
  facet normal -0.993916 -0.0979077 0.0504418
    outer loop
      vertex -44.0619 -5.80086 76
      vertex -44.1453 -2.89343 80
      vertex -44.347 -2.90665 76
    endloop
  endfacet
  facet normal 0.995183 0.0980313 0
    outer loop
      vertex -43.8615 -5.77448 80
      vertex -44.1453 -2.89343 0
      vertex -44.1453 -2.89343 80
    endloop
  endfacet
  facet normal 0.995183 0.0980313 0
    outer loop
      vertex -44.1453 -2.89343 0
      vertex -43.8615 -5.77448 80
      vertex -43.8615 -5.77448 0
    endloop
  endfacet
  facet normal -0.993916 -0.0979077 -0.0504409
    outer loop
      vertex -43.8615 -5.77448 0
      vertex -44.0619 -5.80086 4
      vertex -44.347 -2.90665 4
    endloop
  endfacet
  facet normal -0.993916 -0.0979065 -0.0504418
    outer loop
      vertex -44.1453 -2.89343 0
      vertex -43.8615 -5.77448 0
      vertex -44.347 -2.90665 4
    endloop
  endfacet
  facet normal -0.9889 -0.0323699 -0.145011
    outer loop
      vertex -44.347 -2.90665 4
      vertex -44.9323 -2.94502 8
      vertex -45.0287 0 8
    endloop
  endfacet
  facet normal -0.988899 -0.0323549 -0.145022
    outer loop
      vertex -44.4421 0 4
      vertex -44.347 -2.90665 4
      vertex -45.0287 0 8
    endloop
  endfacet
  facet normal -0.974391 -0.0318768 -0.222589
    outer loop
      vertex -44.9323 -2.94502 8
      vertex -45.8441 -3.00478 12
      vertex -45.9424 0 12
    endloop
  endfacet
  facet normal -0.974394 -0.031895 -0.222576
    outer loop
      vertex -45.0287 0 8
      vertex -44.9323 -2.94502 8
      vertex -45.9424 0 12
    endloop
  endfacet
  facet normal -0.960513 -0.0314653 -0.276452
    outer loop
      vertex -45.8441 -3.00478 12
      vertex -46.9929 -3.08008 16
      vertex -47.0938 0 16
    endloop
  endfacet
  facet normal -0.960505 -0.0314225 -0.276481
    outer loop
      vertex -45.9424 0 12
      vertex -45.8441 -3.00478 12
      vertex -47.0938 0 16
    endloop
  endfacet
  facet normal -0.952221 -0.0311735 -0.303814
    outer loop
      vertex -46.9929 -3.08008 16
      vertex -49.5399 -3.24702 24
      vertex -49.6462 0 24
    endloop
  endfacet
  facet normal -0.952223 -0.0311938 -0.303807
    outer loop
      vertex -47.0938 0 16
      vertex -46.9929 -3.08008 16
      vertex -49.6462 0 24
    endloop
  endfacet
  facet normal -0.960508 -0.031426 -0.276473
    outer loop
      vertex -49.5399 -3.24702 24
      vertex -50.6888 -3.32232 28
      vertex -50.7975 0 28
    endloop
  endfacet
  facet normal -0.960511 -0.0314449 -0.276459
    outer loop
      vertex -49.6462 0 24
      vertex -49.5399 -3.24702 24
      vertex -50.7975 0 28
    endloop
  endfacet
  facet normal -0.974396 -0.0318933 -0.222566
    outer loop
      vertex -50.6888 -3.32232 28
      vertex -51.6005 -3.38208 32
      vertex -51.7112 0 32
    endloop
  endfacet
  facet normal -0.974394 -0.0318803 -0.222576
    outer loop
      vertex -50.7975 0 28
      vertex -50.6888 -3.32232 28
      vertex -51.7112 0 32
    endloop
  endfacet
  facet normal -0.988896 -0.0323807 -0.145036
    outer loop
      vertex -51.6005 -3.38208 32
      vertex -52.1859 -3.42044 36
      vertex -52.2979 0 36
    endloop
  endfacet
  facet normal -0.988895 -0.0323679 -0.145046
    outer loop
      vertex -51.7112 0 32
      vertex -51.6005 -3.38208 32
      vertex -52.2979 0 36
    endloop
  endfacet
  facet normal -0.998192 -0.0326756 -0.0504418
    outer loop
      vertex -52.1859 -3.42044 36
      vertex -52.3876 -3.43366 40
      vertex -52.5 0 40
    endloop
  endfacet
  facet normal -0.998192 -0.0326851 -0.0504337
    outer loop
      vertex -52.2979 0 36
      vertex -52.1859 -3.42044 36
      vertex -52.5 0 40
    endloop
  endfacet
  facet normal -0.998192 -0.0326851 0.0504419
    outer loop
      vertex -52.1859 -3.42044 44
      vertex -52.2979 0 44
      vertex -52.3876 -3.43366 40
    endloop
  endfacet
  facet normal -0.998193 -0.0326756 0.0504337
    outer loop
      vertex -52.3876 -3.43366 40
      vertex -52.2979 0 44
      vertex -52.5 0 40
    endloop
  endfacet
  facet normal -0.988897 -0.0323679 0.145035
    outer loop
      vertex -51.6005 -3.38208 48
      vertex -51.7112 0 48
      vertex -52.1859 -3.42044 44
    endloop
  endfacet
  facet normal -0.988895 -0.0323807 0.145046
    outer loop
      vertex -52.1859 -3.42044 44
      vertex -51.7112 0 48
      vertex -52.2979 0 44
    endloop
  endfacet
  facet normal -0.974396 -0.0318804 0.222566
    outer loop
      vertex -50.6888 -3.32232 52
      vertex -50.7975 0 52
      vertex -51.6005 -3.38208 48
    endloop
  endfacet
  facet normal -0.974394 -0.0318932 0.222576
    outer loop
      vertex -51.6005 -3.38208 48
      vertex -50.7975 0 52
      vertex -51.7112 0 48
    endloop
  endfacet
  facet normal -0.960507 -0.0314448 0.276474
    outer loop
      vertex -49.5399 -3.24702 56
      vertex -49.6462 0 56
      vertex -50.6888 -3.32232 52
    endloop
  endfacet
  facet normal -0.960512 -0.0314261 0.276459
    outer loop
      vertex -50.6888 -3.32232 52
      vertex -49.6462 0 56
      vertex -50.7975 0 52
    endloop
  endfacet
  facet normal -0.952221 -0.0311937 0.303814
    outer loop
      vertex -46.9929 -3.08008 64
      vertex -47.0938 0 64
      vertex -49.5399 -3.24702 56
    endloop
  endfacet
  facet normal -0.952223 -0.0311736 0.303807
    outer loop
      vertex -49.5399 -3.24702 56
      vertex -47.0938 0 64
      vertex -49.6462 0 56
    endloop
  endfacet
  facet normal -0.960514 -0.0314228 0.276451
    outer loop
      vertex -45.8441 -3.00478 68
      vertex -45.9424 0 68
      vertex -46.9929 -3.08008 64
    endloop
  endfacet
  facet normal -0.960504 -0.031465 0.276481
    outer loop
      vertex -46.9929 -3.08008 64
      vertex -45.9424 0 68
      vertex -47.0938 0 64
    endloop
  endfacet
  facet normal -0.974391 -0.0318949 0.222589
    outer loop
      vertex -44.9323 -2.94502 72
      vertex -45.0287 0 72
      vertex -45.8441 -3.00478 68
    endloop
  endfacet
  facet normal -0.974394 -0.0318769 0.222576
    outer loop
      vertex -45.8441 -3.00478 68
      vertex -45.0287 0 72
      vertex -45.9424 0 68
    endloop
  endfacet
  facet normal -0.988901 -0.0323549 0.145011
    outer loop
      vertex -44.347 -2.90665 76
      vertex -44.4421 0 76
      vertex -44.9323 -2.94502 72
    endloop
  endfacet
  facet normal -0.988899 -0.0323698 0.145022
    outer loop
      vertex -44.9323 -2.94502 72
      vertex -44.4421 0 76
      vertex -45.0287 0 72
    endloop
  endfacet
  facet normal -0.998193 -0.0326702 0.0504418
    outer loop
      vertex -44.1453 -2.89343 80
      vertex -44.24 0 80
      vertex -44.347 -2.90665 76
    endloop
  endfacet
  facet normal -0.998193 -0.032659 0.0504337
    outer loop
      vertex -44.347 -2.90665 76
      vertex -44.24 0 80
      vertex -44.4421 0 76
    endloop
  endfacet
  facet normal 0.999465 0.0327118 0
    outer loop
      vertex -44.1453 -2.89343 80
      vertex -44.24 0 0
      vertex -44.24 0 80
    endloop
  endfacet
  facet normal 0.999465 0.0327118 0
    outer loop
      vertex -44.24 0 0
      vertex -44.1453 -2.89343 80
      vertex -44.1453 -2.89343 0
    endloop
  endfacet
  facet normal -0.998193 -0.032659 -0.0504418
    outer loop
      vertex -44.1453 -2.89343 0
      vertex -44.347 -2.90665 4
      vertex -44.4421 0 4
    endloop
  endfacet
  facet normal -0.998193 -0.0326702 -0.0504337
    outer loop
      vertex -44.24 0 0
      vertex -44.1453 -2.89343 0
      vertex -44.4421 0 4
    endloop
  endfacet
  facet normal 0.989178 0.14672 0
    outer loop
      vertex 41.5191 4.08927 80
      vertex 40.9184 8.13917 0
      vertex 40.9184 8.13917 80
    endloop
  endfacet
  facet normal 0.989178 0.14672 0
    outer loop
      vertex 40.9184 8.13917 0
      vertex 41.5191 4.08927 80
      vertex 41.5191 4.08927 0
    endloop
  endfacet
  facet normal 0.998795 0.0490694 0
    outer loop
      vertex 41.72 0 80
      vertex 41.5191 4.08927 0
      vertex 41.5191 4.08927 80
    endloop
  endfacet
  facet normal 0.998795 0.0490694 0
    outer loop
      vertex 41.5191 4.08927 0
      vertex 41.72 0 80
      vertex 41.72 0 0
    endloop
  endfacet
  facet normal 0.970026 0.242999 0
    outer loop
      vertex 40.9184 8.13917 80
      vertex 39.9235 12.1107 0
      vertex 39.9235 12.1107 80
    endloop
  endfacet
  facet normal 0.970026 0.242999 0
    outer loop
      vertex 39.9235 12.1107 0
      vertex 40.9184 8.13917 80
      vertex 40.9184 8.13917 0
    endloop
  endfacet
  facet normal -0.14672 0.989178 0
    outer loop
      vertex -4.08927 41.5191 0
      vertex -8.13917 40.9184 80
      vertex -4.08927 41.5191 80
    endloop
  endfacet
  facet normal -0.14672 0.989178 0
    outer loop
      vertex -8.13917 40.9184 80
      vertex -4.08927 41.5191 0
      vertex -8.13917 40.9184 0
    endloop
  endfacet
  facet normal -0.941552 -0.336867 0
    outer loop
      vertex -38.5443 -15.9656 0
      vertex -39.9235 -12.1107 80
      vertex -39.9235 -12.1107 0
    endloop
  endfacet
  facet normal -0.941552 -0.336867 0
    outer loop
      vertex -39.9235 -12.1107 80
      vertex -38.5443 -15.9656 0
      vertex -38.5443 -15.9656 80
    endloop
  endfacet
  facet normal 0.514115 0.857721 -0
    outer loop
      vertex 23.1784 34.6889 0
      vertex 19.6667 36.7938 80
      vertex 23.1784 34.6889 80
    endloop
  endfacet
  facet normal 0.514115 0.857721 0
    outer loop
      vertex 19.6667 36.7938 80
      vertex 23.1784 34.6889 0
      vertex 19.6667 36.7938 0
    endloop
  endfacet
  facet normal 0.514115 -0.857721 0
    outer loop
      vertex 19.6667 -36.7938 0
      vertex 23.1784 -34.6889 80
      vertex 19.6667 -36.7938 80
    endloop
  endfacet
  facet normal 0.514115 -0.857721 0
    outer loop
      vertex 23.1784 -34.6889 80
      vertex 19.6667 -36.7938 0
      vertex 23.1784 -34.6889 0
    endloop
  endfacet
  facet normal 0.242999 -0.970026 0
    outer loop
      vertex 8.13917 -40.9184 0
      vertex 12.1107 -39.9235 80
      vertex 8.13917 -40.9184 80
    endloop
  endfacet
  facet normal 0.242999 -0.970026 0
    outer loop
      vertex 12.1107 -39.9235 80
      vertex 8.13917 -40.9184 0
      vertex 12.1107 -39.9235 0
    endloop
  endfacet
  facet normal -0.857721 -0.514115 0
    outer loop
      vertex -34.6889 -23.1784 0
      vertex -36.7938 -19.6667 80
      vertex -36.7938 -19.6667 0
    endloop
  endfacet
  facet normal -0.857721 -0.514115 0
    outer loop
      vertex -36.7938 -19.6667 80
      vertex -34.6889 -23.1784 0
      vertex -34.6889 -23.1784 80
    endloop
  endfacet
  facet normal -0.595696 0.80321 0
    outer loop
      vertex -23.1784 34.6889 0
      vertex -26.4669 32.25 80
      vertex -23.1784 34.6889 80
    endloop
  endfacet
  facet normal -0.595696 0.80321 0
    outer loop
      vertex -26.4669 32.25 80
      vertex -23.1784 34.6889 0
      vertex -26.4669 32.25 0
    endloop
  endfacet
  facet normal 0.0490694 -0.998795 0
    outer loop
      vertex 0 -41.72 0
      vertex 4.08927 -41.5191 80
      vertex 0 -41.72 80
    endloop
  endfacet
  facet normal 0.0490694 -0.998795 0
    outer loop
      vertex 4.08927 -41.5191 80
      vertex 0 -41.72 0
      vertex 4.08927 -41.5191 0
    endloop
  endfacet
  facet normal -0.514115 -0.857721 0
    outer loop
      vertex -23.1784 -34.6889 0
      vertex -19.6667 -36.7938 80
      vertex -23.1784 -34.6889 80
    endloop
  endfacet
  facet normal -0.514115 -0.857721 -0
    outer loop
      vertex -19.6667 -36.7938 80
      vertex -23.1784 -34.6889 0
      vertex -19.6667 -36.7938 0
    endloop
  endfacet
  facet normal 0 0 -1
    outer loop
      vertex -1.14121 -32.6801 0
      vertex -3.12094 -31.8367 0
      vertex 0 -31.9901 0
    endloop
  endfacet
  facet normal 0 0 -1
    outer loop
      vertex -1.14121 -32.6801 0
      vertex -3.13557 -31.836 0
      vertex -3.12094 -31.8367 0
    endloop
  endfacet
  facet normal 0 0 -1
    outer loop
      vertex -5.11541 -32.2974 0
      vertex -3.13557 -31.836 0
      vertex -1.14121 -32.6801 0
    endloop
  endfacet
  facet normal -0 0 -1
    outer loop
      vertex -3.13557 -31.836 0
      vertex -5.11541 -32.2974 0
      vertex -3.15006 -31.8339 0
    endloop
  endfacet
  facet normal 0 0 -1
    outer loop
      vertex -5.11541 -32.2974 0
      vertex -6.24095 -31.3754 0
      vertex -3.15006 -31.8339 0
    endloop
  endfacet
  facet normal 0 0 -1
    outer loop
      vertex -9.01334 -31.4333 0
      vertex -6.24095 -31.3754 0
      vertex -5.11541 -32.2974 0
    endloop
  endfacet
  facet normal 0 0 -1
    outer loop
      vertex -9.01334 -31.4333 0
      vertex -9.27201 -30.6161 0
      vertex -6.24095 -31.3754 0
    endloop
  endfacet
  facet normal 0 0 -1
    outer loop
      vertex -9.01334 -31.4333 0
      vertex -9.28622 -30.6126 0
      vertex -9.27201 -30.6161 0
    endloop
  endfacet
  facet normal 0 0 -1
    outer loop
      vertex -9.01334 -31.4333 0
      vertex -9.30001 -30.6076 0
      vertex -9.28622 -30.6126 0
    endloop
  endfacet
  facet normal 0 0 -1
    outer loop
      vertex -12.7769 -30.1005 0
      vertex -9.30001 -30.6076 0
      vertex -9.01334 -31.4333 0
    endloop
  endfacet
  facet normal 0 0 -1
    outer loop
      vertex -9.30001 -30.6076 0
      vertex -12.7769 -30.1005 0
      vertex -12.2421 -29.555 0
    endloop
  endfacet
  facet normal 0 0 -1
    outer loop
      vertex -12.7769 -30.1005 0
      vertex -15.0668 -28.219 0
      vertex -12.2421 -29.555 0
    endloop
  endfacet
  facet normal 0 0 -1
    outer loop
      vertex -16.35 -28.319 0
      vertex -15.0668 -28.219 0
      vertex -12.7769 -30.1005 0
    endloop
  endfacet
  facet normal -0 0 -1
    outer loop
      vertex -15.0668 -28.219 0
      vertex -16.35 -28.319 0
      vertex -15.08 -28.2127 0
    endloop
  endfacet
  facet normal 0 0 -1
    outer loop
      vertex -16.35 -28.319 0
      vertex -17.7602 -26.6063 0
      vertex -15.08 -28.2127 0
    endloop
  endfacet
  facet normal 0 0 -1
    outer loop
      vertex -17.7602 -26.6063 0
      vertex -16.35 -28.319 0
      vertex -16.4773 -28.5396 0
    endloop
  endfacet
  facet normal -0 0 -1
    outer loop
      vertex -12.2421 29.555 0
      vertex -16.4773 28.5396 0
      vertex -15.9656 38.5443 0
    endloop
  endfacet
  facet normal 0 0 -1
    outer loop
      vertex -23.1784 34.6889 0
      vertex -16.4773 28.5396 0
      vertex -18.3198 27.4352 0
    endloop
  endfacet
  facet normal 0 0 -1
    outer loop
      vertex -23.1784 34.6889 0
      vertex -18.3198 27.4352 0
      vertex -18.3283 27.4302 0
    endloop
  endfacet
  facet normal 0 0 -1
    outer loop
      vertex -23.1784 34.6889 0
      vertex -18.3283 27.4302 0
      vertex -18.3361 27.4243 0
    endloop
  endfacet
  facet normal 0 0 -1
    outer loop
      vertex -16.4773 28.5396 0
      vertex -19.6667 36.7938 0
      vertex -15.9656 38.5443 0
    endloop
  endfacet
  facet normal 0 0 -1
    outer loop
      vertex -23.1784 34.6889 0
      vertex -18.3361 27.4243 0
      vertex -20.9286 25.5016 0
    endloop
  endfacet
  facet normal 0 0 -1
    outer loop
      vertex -16.4773 28.5396 0
      vertex -23.1784 34.6889 0
      vertex -19.6667 36.7938 0
    endloop
  endfacet
  facet normal 0 0 -1
    outer loop
      vertex -26.4669 32.25 0
      vertex -20.9286 25.5016 0
      vertex -23.3202 23.334 0
    endloop
  endfacet
  facet normal 0 0 -1
    outer loop
      vertex -29.5005 29.5005 0
      vertex -23.3202 23.334 0
      vertex -23.3275 23.3275 0
    endloop
  endfacet
  facet normal 0 0 -1
    outer loop
      vertex -29.5005 29.5005 0
      vertex -23.3275 23.3275 0
      vertex -23.334 23.3202 0
    endloop
  endfacet
  facet normal 0 0 -1
    outer loop
      vertex -29.5005 29.5005 0
      vertex -23.334 23.3202 0
      vertex -25.5016 20.9286 0
    endloop
  endfacet
  facet normal 0 0 -1
    outer loop
      vertex -20.9286 25.5016 0
      vertex -26.4669 32.25 0
      vertex -23.1784 34.6889 0
    endloop
  endfacet
  facet normal 0 0 -1
    outer loop
      vertex -32.25 26.4669 0
      vertex -25.5016 20.9286 0
      vertex -27.4243 18.3361 0
    endloop
  endfacet
  facet normal 0 0 -1
    outer loop
      vertex -34.6889 23.1784 0
      vertex -27.4243 18.3361 0
      vertex -27.4302 18.3283 0
    endloop
  endfacet
  facet normal 0 0 -1
    outer loop
      vertex -34.6889 23.1784 0
      vertex -27.4302 18.3283 0
      vertex -27.4352 18.3198 0
    endloop
  endfacet
  facet normal 0 0 -1
    outer loop
      vertex -34.6889 23.1784 0
      vertex -27.4352 18.3198 0
      vertex -27.9482 17.464 0
    endloop
  endfacet
  facet normal 0 0 -1
    outer loop
      vertex -28.219 15.0668 0
      vertex -27.9482 17.464 0
      vertex -28.2127 15.08 0
    endloop
  endfacet
  facet normal -0 0 -1
    outer loop
      vertex -27.9482 17.464 0
      vertex -28.219 15.0668 0
      vertex -36.7938 19.6667 0
    endloop
  endfacet
  facet normal 0 0 -1
    outer loop
      vertex -23.3202 23.334 0
      vertex -29.5005 29.5005 0
      vertex -26.4669 32.25 0
    endloop
  endfacet
  facet normal 0 0 -1
    outer loop
      vertex -36.7938 19.6667 0
      vertex -28.219 15.0668 0
      vertex -29.555 12.2421 0
    endloop
  endfacet
  facet normal 0 0 -1
    outer loop
      vertex -38.5443 15.9656 0
      vertex -29.555 12.2421 0
      vertex -30.6076 9.30001 0
    endloop
  endfacet
  facet normal 0 0 -1
    outer loop
      vertex -39.9235 12.1107 0
      vertex -30.6076 9.30001 0
      vertex -30.6126 9.28622 0
    endloop
  endfacet
  facet normal 0 0 -1
    outer loop
      vertex -39.9235 12.1107 0
      vertex -30.6126 9.28622 0
      vertex -30.6161 9.27201 0
    endloop
  endfacet
  facet normal 0 0 -1
    outer loop
      vertex -39.9235 12.1107 0
      vertex -30.6161 9.27201 0
      vertex -31.3754 6.24095 0
    endloop
  endfacet
  facet normal 0 0 -1
    outer loop
      vertex -40.9184 8.13917 0
      vertex -31.3754 6.24095 0
      vertex -31.8339 3.15006 0
    endloop
  endfacet
  facet normal 0 0 -1
    outer loop
      vertex -41.5191 4.08927 0
      vertex -31.8339 3.15006 0
      vertex -31.836 3.13557 0
    endloop
  endfacet
  facet normal 0 0 -1
    outer loop
      vertex -41.5191 4.08927 0
      vertex -31.8367 3.12094 0
      vertex -31.9901 0 0
    endloop
  endfacet
  facet normal 0 0 -1
    outer loop
      vertex -25.5016 20.9286 0
      vertex -32.25 26.4669 0
      vertex -29.5005 29.5005 0
    endloop
  endfacet
  facet normal 0 0 -1
    outer loop
      vertex -31.8367 3.12094 0
      vertex -41.5191 4.08927 0
      vertex -31.836 3.13557 0
    endloop
  endfacet
  facet normal 0 0 -1
    outer loop
      vertex -40.9184 -8.13917 0
      vertex -31.3754 -6.24095 0
      vertex -39.9235 -12.1107 0
    endloop
  endfacet
  facet normal -0 0 -1
    outer loop
      vertex -31.3754 -6.24095 0
      vertex -40.9184 -8.13917 0
      vertex -31.8339 -3.15006 0
    endloop
  endfacet
  facet normal 0 0 -1
    outer loop
      vertex -27.4243 18.3361 0
      vertex -34.6889 23.1784 0
      vertex -32.25 26.4669 0
    endloop
  endfacet
  facet normal 0 0 -1
    outer loop
      vertex -41.5191 -4.08927 0
      vertex -31.8339 -3.15006 0
      vertex -40.9184 -8.13917 0
    endloop
  endfacet
  facet normal 0 0 -1
    outer loop
      vertex -27.9482 17.464 0
      vertex -36.7938 19.6667 0
      vertex -34.6889 23.1784 0
    endloop
  endfacet
  facet normal -0 0 -1
    outer loop
      vertex -31.8339 -3.15006 0
      vertex -41.5191 -4.08927 0
      vertex -31.836 -3.13557 0
    endloop
  endfacet
  facet normal 0 0 -1
    outer loop
      vertex -29.555 12.2421 0
      vertex -38.5443 15.9656 0
      vertex -36.7938 19.6667 0
    endloop
  endfacet
  facet normal -0 0 -1
    outer loop
      vertex -31.836 -3.13557 0
      vertex -41.5191 -4.08927 0
      vertex -31.8367 -3.12094 0
    endloop
  endfacet
  facet normal 0 0 -1
    outer loop
      vertex -30.6076 9.30001 0
      vertex -39.9235 12.1107 0
      vertex -38.5443 15.9656 0
    endloop
  endfacet
  facet normal -0 0 -1
    outer loop
      vertex -31.8367 -3.12094 0
      vertex -41.5191 -4.08927 0
      vertex -31.9901 0 0
    endloop
  endfacet
  facet normal 0 0 -1
    outer loop
      vertex -31.3754 6.24095 0
      vertex -40.9184 8.13917 0
      vertex -39.9235 12.1107 0
    endloop
  endfacet
  facet normal 0 0 -1
    outer loop
      vertex -41.72 0 0
      vertex -31.9901 0 0
      vertex -41.5191 -4.08927 0
    endloop
  endfacet
  facet normal 0 0 -1
    outer loop
      vertex -31.8339 3.15006 0
      vertex -41.5191 4.08927 0
      vertex -40.9184 8.13917 0
    endloop
  endfacet
  facet normal 0 0 -1
    outer loop
      vertex -31.9901 0 0
      vertex -41.72 0 0
      vertex -41.5191 4.08927 0
    endloop
  endfacet
  facet normal -0 0 -1
    outer loop
      vertex 32.7 0 0
      vertex 31.8367 -3.12094 0
      vertex 31.9901 0 0
    endloop
  endfacet
  facet normal 0 0 -1
    outer loop
      vertex 34.6889 -23.1784 0
      vertex 31.836 -3.13557 0
      vertex 31.8367 -3.12094 0
    endloop
  endfacet
  facet normal 0 0 -1
    outer loop
      vertex 34.6889 -23.1784 0
      vertex 31.8339 -3.15006 0
      vertex 31.836 -3.13557 0
    endloop
  endfacet
  facet normal 0 0 -1
    outer loop
      vertex 34.6889 -23.1784 0
      vertex 31.3754 -6.24095 0
      vertex 31.8339 -3.15006 0
    endloop
  endfacet
  facet normal 0 0 -1
    outer loop
      vertex 34.6889 -23.1784 0
      vertex 30.6161 -9.27201 0
      vertex 31.3754 -6.24095 0
    endloop
  endfacet
  facet normal 0 0 -1
    outer loop
      vertex 34.6889 -23.1784 0
      vertex 30.6126 -9.28622 0
      vertex 30.6161 -9.27201 0
    endloop
  endfacet
  facet normal 0 0 -1
    outer loop
      vertex 34.6889 -23.1784 0
      vertex 30.6076 -9.30001 0
      vertex 30.6126 -9.28622 0
    endloop
  endfacet
  facet normal 0 0 -1
    outer loop
      vertex 34.6889 -23.1784 0
      vertex 29.555 -12.2421 0
      vertex 30.6076 -9.30001 0
    endloop
  endfacet
  facet normal 0 0 -1
    outer loop
      vertex 24.7188 -20.3051 0
      vertex 32.25 -26.4669 0
      vertex 29.5005 -29.5005 0
    endloop
  endfacet
  facet normal 0 0 -1
    outer loop
      vertex 34.6889 -23.1784 0
      vertex 28.219 -15.0668 0
      vertex 29.555 -12.2421 0
    endloop
  endfacet
  facet normal 0 0 -1
    outer loop
      vertex 34.6889 -23.1784 0
      vertex 28.2127 -15.08 0
      vertex 28.219 -15.0668 0
    endloop
  endfacet
  facet normal 0 0 -1
    outer loop
      vertex 34.6889 -23.1784 0
      vertex 26.6063 -17.7602 0
      vertex 28.2127 -15.08 0
    endloop
  endfacet
  facet normal 0 0 -1
    outer loop
      vertex 34.6889 -23.1784 0
      vertex 26.5988 -17.7727 0
      vertex 26.6063 -17.7602 0
    endloop
  endfacet
  facet normal 0 0 -1
    outer loop
      vertex 34.6889 -23.1784 0
      vertex 26.59 -17.7845 0
      vertex 26.5988 -17.7727 0
    endloop
  endfacet
  facet normal 0 0 -1
    outer loop
      vertex 22.6204 -22.6204 0
      vertex 29.5005 -29.5005 0
      vertex 26.4669 -32.25 0
    endloop
  endfacet
  facet normal 0 0 -1
    outer loop
      vertex 32.25 -26.4669 0
      vertex 24.7286 -20.2943 0
      vertex 26.59 -17.7845 0
    endloop
  endfacet
  facet normal 0 0 -1
    outer loop
      vertex 32.25 -26.4669 0
      vertex 24.7188 -20.3051 0
      vertex 24.7286 -20.2943 0
    endloop
  endfacet
  facet normal 0 0 -1
    outer loop
      vertex 20.2943 -24.7286 0
      vertex 26.4669 -32.25 0
      vertex 23.1784 -34.6889 0
    endloop
  endfacet
  facet normal 0 0 -1
    outer loop
      vertex 29.5005 -29.5005 0
      vertex 22.6204 -22.6204 0
      vertex 24.7188 -20.3051 0
    endloop
  endfacet
  facet normal 0 0 -1
    outer loop
      vertex 26.4669 -32.25 0
      vertex 20.3051 -24.7188 0
      vertex 22.6204 -22.6204 0
    endloop
  endfacet
  facet normal 0 0 -1
    outer loop
      vertex 26.4669 -32.25 0
      vertex 20.2943 -24.7286 0
      vertex 20.3051 -24.7188 0
    endloop
  endfacet
  facet normal 0 0 -1
    outer loop
      vertex 17.7602 -26.6063 0
      vertex 23.1784 -34.6889 0
      vertex 19.6667 -36.7938 0
    endloop
  endfacet
  facet normal 0 0 -1
    outer loop
      vertex 23.1784 -34.6889 0
      vertex 17.7845 -26.59 0
      vertex 20.2943 -24.7286 0
    endloop
  endfacet
  facet normal 0 0 -1
    outer loop
      vertex 23.1784 -34.6889 0
      vertex 17.7727 -26.5988 0
      vertex 17.7845 -26.59 0
    endloop
  endfacet
  facet normal 0 0 -1
    outer loop
      vertex 23.1784 -34.6889 0
      vertex 17.7602 -26.6063 0
      vertex 17.7727 -26.5988 0
    endloop
  endfacet
  facet normal 0 0 -1
    outer loop
      vertex 15.0668 -28.219 0
      vertex 19.6667 -36.7938 0
      vertex 15.9656 -38.5443 0
    endloop
  endfacet
  facet normal 0 0 -1
    outer loop
      vertex 19.6667 -36.7938 0
      vertex 15.08 -28.2127 0
      vertex 17.7602 -26.6063 0
    endloop
  endfacet
  facet normal 0 0 -1
    outer loop
      vertex 19.6667 -36.7938 0
      vertex 15.0668 -28.219 0
      vertex 15.08 -28.2127 0
    endloop
  endfacet
  facet normal 0 0 -1
    outer loop
      vertex 15.9656 -38.5443 0
      vertex 12.2421 -29.555 0
      vertex 15.0668 -28.219 0
    endloop
  endfacet
  facet normal 0 0 -1
    outer loop
      vertex 12.1107 -39.9235 0
      vertex 12.2421 -29.555 0
      vertex 15.9656 -38.5443 0
    endloop
  endfacet
  facet normal 0 0 -1
    outer loop
      vertex 12.1107 -39.9235 0
      vertex 9.30001 -30.6076 0
      vertex 12.2421 -29.555 0
    endloop
  endfacet
  facet normal 0 0 -1
    outer loop
      vertex 12.1107 -39.9235 0
      vertex 9.28622 -30.6126 0
      vertex 9.30001 -30.6076 0
    endloop
  endfacet
  facet normal 0 0 -1
    outer loop
      vertex 12.1107 -39.9235 0
      vertex 9.27201 -30.6161 0
      vertex 9.28622 -30.6126 0
    endloop
  endfacet
  facet normal 0 0 -1
    outer loop
      vertex 8.13917 -40.9184 0
      vertex 9.27201 -30.6161 0
      vertex 12.1107 -39.9235 0
    endloop
  endfacet
  facet normal 0 0 -1
    outer loop
      vertex 8.13917 -40.9184 0
      vertex 6.24095 -31.3754 0
      vertex 9.27201 -30.6161 0
    endloop
  endfacet
  facet normal 0 0 -1
    outer loop
      vertex 4.08927 -41.5191 0
      vertex 6.24095 -31.3754 0
      vertex 8.13917 -40.9184 0
    endloop
  endfacet
  facet normal 0 0 -1
    outer loop
      vertex 4.08927 -41.5191 0
      vertex 3.15006 -31.8339 0
      vertex 6.24095 -31.3754 0
    endloop
  endfacet
  facet normal 0 0 -1
    outer loop
      vertex 4.08927 -41.5191 0
      vertex 3.13557 -31.836 0
      vertex 3.15006 -31.8339 0
    endloop
  endfacet
  facet normal 0 0 -1
    outer loop
      vertex 4.08927 -41.5191 0
      vertex 3.12094 -31.8367 0
      vertex 3.13557 -31.836 0
    endloop
  endfacet
  facet normal 0 0 -1
    outer loop
      vertex -1.15006 -32.9335 0
      vertex 4.08927 -41.5191 0
      vertex 0 -41.72 0
    endloop
  endfacet
  facet normal 0 0 -1
    outer loop
      vertex 4.08927 -41.5191 0
      vertex -1.15006 -32.9335 0
      vertex 3.12094 -31.8367 0
    endloop
  endfacet
  facet normal 0 0 -1
    outer loop
      vertex 3.12094 -31.8367 0
      vertex -1.15006 -32.9335 0
      vertex 0 -31.9901 0
    endloop
  endfacet
  facet normal 0 0 -1
    outer loop
      vertex 0 -31.9901 0
      vertex -1.15006 -32.9335 0
      vertex -1.14121 -32.6801 0
    endloop
  endfacet
  facet normal 0 0 -1
    outer loop
      vertex -4.08927 -41.5191 0
      vertex -1.15006 -32.9335 0
      vertex 0 -41.72 0
    endloop
  endfacet
  facet normal -0 0 -1
    outer loop
      vertex -1.15006 -32.9335 0
      vertex -4.08927 -41.5191 0
      vertex -3.22378 -32.8316 0
    endloop
  endfacet
  facet normal -0 0 -1
    outer loop
      vertex -3.22378 -32.8316 0
      vertex -4.08927 -41.5191 0
      vertex -3.23358 -32.8311 0
    endloop
  endfacet
  facet normal -0 0 -1
    outer loop
      vertex -3.23358 -32.8311 0
      vertex -4.08927 -41.5191 0
      vertex -3.24329 -32.8297 0
    endloop
  endfacet
  facet normal 0 0 -1
    outer loop
      vertex -4.08927 -41.5191 0
      vertex -6.43603 -32.3561 0
      vertex -3.24329 -32.8297 0
    endloop
  endfacet
  facet normal 0 0 -1
    outer loop
      vertex -8.13917 -40.9184 0
      vertex -6.43603 -32.3561 0
      vertex -4.08927 -41.5191 0
    endloop
  endfacet
  facet normal 0 0 -1
    outer loop
      vertex -8.13917 -40.9184 0
      vertex -9.56697 -31.5718 0
      vertex -6.43603 -32.3561 0
    endloop
  endfacet
  facet normal 0 0 -1
    outer loop
      vertex -12.1107 -39.9235 0
      vertex -9.56697 -31.5718 0
      vertex -8.13917 -40.9184 0
    endloop
  endfacet
  facet normal -0 0 -1
    outer loop
      vertex -9.56697 -31.5718 0
      vertex -12.1107 -39.9235 0
      vertex -9.57649 -31.5695 0
    endloop
  endfacet
  facet normal -0 0 -1
    outer loop
      vertex -9.57649 -31.5695 0
      vertex -12.1107 -39.9235 0
      vertex -9.58573 -31.5662 0
    endloop
  endfacet
  facet normal 0 0 -1
    outer loop
      vertex -12.1107 -39.9235 0
      vertex -12.6247 -30.4788 0
      vertex -9.58573 -31.5662 0
    endloop
  endfacet
  facet normal 0 0 -1
    outer loop
      vertex -15.9656 -38.5443 0
      vertex -12.6247 -30.4788 0
      vertex -12.1107 -39.9235 0
    endloop
  endfacet
  facet normal -0 0 -1
    outer loop
      vertex -12.6247 -30.4788 0
      vertex -15.9656 -38.5443 0
      vertex -15.5425 -29.0988 0
    endloop
  endfacet
  facet normal 0 0 -1
    outer loop
      vertex -19.6667 -36.7938 0
      vertex -15.5425 -29.0988 0
      vertex -15.9656 -38.5443 0
    endloop
  endfacet
  facet normal -0 0 -1
    outer loop
      vertex -15.5425 -29.0988 0
      vertex -19.6667 -36.7938 0
      vertex -15.5514 -29.0946 0
    endloop
  endfacet
  facet normal -0 0 -1
    outer loop
      vertex -15.5514 -29.0946 0
      vertex -19.6667 -36.7938 0
      vertex -16.4773 -28.5396 0
    endloop
  endfacet
  facet normal 0 0 -1
    outer loop
      vertex -23.1784 -34.6889 0
      vertex -16.4773 -28.5396 0
      vertex -19.6667 -36.7938 0
    endloop
  endfacet
  facet normal 0 -0 -1
    outer loop
      vertex -17.7845 -26.59 0
      vertex -16.4773 -28.5396 0
      vertex -23.1784 -34.6889 0
    endloop
  endfacet
  facet normal 0 0 -1
    outer loop
      vertex -16.4773 -28.5396 0
      vertex -17.7727 -26.5988 0
      vertex -17.7602 -26.6063 0
    endloop
  endfacet
  facet normal 0 0 -1
    outer loop
      vertex -16.4773 -28.5396 0
      vertex -17.7845 -26.59 0
      vertex -17.7727 -26.5988 0
    endloop
  endfacet
  facet normal -0 0 -1
    outer loop
      vertex -17.7845 -26.59 0
      vertex -23.1784 -34.6889 0
      vertex -20.2943 -24.7286 0
    endloop
  endfacet
  facet normal 0 0 -1
    outer loop
      vertex -26.4669 -32.25 0
      vertex -20.2943 -24.7286 0
      vertex -23.1784 -34.6889 0
    endloop
  endfacet
  facet normal -0 0 -1
    outer loop
      vertex -20.2943 -24.7286 0
      vertex -26.4669 -32.25 0
      vertex -20.3051 -24.7188 0
    endloop
  endfacet
  facet normal -0 0 -1
    outer loop
      vertex -20.3051 -24.7188 0
      vertex -26.4669 -32.25 0
      vertex -22.6204 -22.6204 0
    endloop
  endfacet
  facet normal 0 0 -1
    outer loop
      vertex -29.5005 -29.5005 0
      vertex -22.6204 -22.6204 0
      vertex -26.4669 -32.25 0
    endloop
  endfacet
  facet normal -0 0 -1
    outer loop
      vertex -22.6204 -22.6204 0
      vertex -29.5005 -29.5005 0
      vertex -24.7188 -20.3051 0
    endloop
  endfacet
  facet normal 0 0 -1
    outer loop
      vertex -32.25 -26.4669 0
      vertex -24.7188 -20.3051 0
      vertex -29.5005 -29.5005 0
    endloop
  endfacet
  facet normal -0 0 -1
    outer loop
      vertex -24.7188 -20.3051 0
      vertex -32.25 -26.4669 0
      vertex -24.7286 -20.2943 0
    endloop
  endfacet
  facet normal -0 0 -1
    outer loop
      vertex -24.7286 -20.2943 0
      vertex -32.25 -26.4669 0
      vertex -26.59 -17.7845 0
    endloop
  endfacet
  facet normal 0 0 -1
    outer loop
      vertex -34.6889 -23.1784 0
      vertex -26.59 -17.7845 0
      vertex -32.25 -26.4669 0
    endloop
  endfacet
  facet normal -0 0 -1
    outer loop
      vertex -26.59 -17.7845 0
      vertex -34.6889 -23.1784 0
      vertex -26.5988 -17.7727 0
    endloop
  endfacet
  facet normal -0 0 -1
    outer loop
      vertex -26.5988 -17.7727 0
      vertex -34.6889 -23.1784 0
      vertex -26.6063 -17.7602 0
    endloop
  endfacet
  facet normal -0 0 -1
    outer loop
      vertex -26.6063 -17.7602 0
      vertex -34.6889 -23.1784 0
      vertex -28.2127 -15.08 0
    endloop
  endfacet
  facet normal 0 0 -1
    outer loop
      vertex -36.7938 -19.6667 0
      vertex -28.2127 -15.08 0
      vertex -34.6889 -23.1784 0
    endloop
  endfacet
  facet normal -0 0 -1
    outer loop
      vertex -28.2127 -15.08 0
      vertex -36.7938 -19.6667 0
      vertex -28.219 -15.0668 0
    endloop
  endfacet
  facet normal -0 0 -1
    outer loop
      vertex -28.219 -15.0668 0
      vertex -36.7938 -19.6667 0
      vertex -29.555 -12.2421 0
    endloop
  endfacet
  facet normal 0 0 -1
    outer loop
      vertex -38.5443 -15.9656 0
      vertex -29.555 -12.2421 0
      vertex -36.7938 -19.6667 0
    endloop
  endfacet
  facet normal -0 0 -1
    outer loop
      vertex -29.555 -12.2421 0
      vertex -38.5443 -15.9656 0
      vertex -30.6076 -9.30001 0
    endloop
  endfacet
  facet normal 0 0 -1
    outer loop
      vertex -39.9235 -12.1107 0
      vertex -30.6076 -9.30001 0
      vertex -38.5443 -15.9656 0
    endloop
  endfacet
  facet normal -0 0 -1
    outer loop
      vertex -30.6161 -9.27201 0
      vertex -39.9235 -12.1107 0
      vertex -31.3754 -6.24095 0
    endloop
  endfacet
  facet normal -0 0 -1
    outer loop
      vertex -30.6126 -9.28622 0
      vertex -39.9235 -12.1107 0
      vertex -30.6161 -9.27201 0
    endloop
  endfacet
  facet normal -0 0 -1
    outer loop
      vertex -30.6076 -9.30001 0
      vertex -39.9235 -12.1107 0
      vertex -30.6126 -9.28622 0
    endloop
  endfacet
  facet normal 0 0 -1
    outer loop
      vertex 32.99 0 0
      vertex 41.72 0 0
      vertex 41.5191 -4.08927 0
    endloop
  endfacet
  facet normal 0 0 -1
    outer loop
      vertex 31.8367 -3.12094 0
      vertex 41.5191 -4.08927 0
      vertex 40.9184 -8.13917 0
    endloop
  endfacet
  facet normal 0 0 -1
    outer loop
      vertex 41.72 0 0
      vertex 32.99 0 0
      vertex 41.5191 4.08927 0
    endloop
  endfacet
  facet normal 0 0 -1
    outer loop
      vertex 31.8367 -3.12094 0
      vertex 40.9184 -8.13917 0
      vertex 39.9235 -12.1107 0
    endloop
  endfacet
  facet normal 0 0 -1
    outer loop
      vertex 32.8316 3.22378 0
      vertex 41.5191 4.08927 0
      vertex 32.99 0 0
    endloop
  endfacet
  facet normal 0 0 -1
    outer loop
      vertex 31.8367 -3.12094 0
      vertex 39.9235 -12.1107 0
      vertex 38.5443 -15.9656 0
    endloop
  endfacet
  facet normal 0 0 -1
    outer loop
      vertex 32.8311 3.23358 0
      vertex 41.5191 4.08927 0
      vertex 32.8316 3.22378 0
    endloop
  endfacet
  facet normal 0 0 -1
    outer loop
      vertex 31.8367 -3.12094 0
      vertex 38.5443 -15.9656 0
      vertex 36.7938 -19.6667 0
    endloop
  endfacet
  facet normal 0 0 -1
    outer loop
      vertex 32.8297 3.24329 0
      vertex 41.5191 4.08927 0
      vertex 32.8311 3.23358 0
    endloop
  endfacet
  facet normal 0 0 -1
    outer loop
      vertex 31.8367 -3.12094 0
      vertex 36.7938 -19.6667 0
      vertex 34.6889 -23.1784 0
    endloop
  endfacet
  facet normal -0 0 -1
    outer loop
      vertex 41.5191 4.08927 0
      vertex 32.8297 3.24329 0
      vertex 40.9184 8.13917 0
    endloop
  endfacet
  facet normal 0 0 -1
    outer loop
      vertex 32.3561 6.43603 0
      vertex 40.9184 8.13917 0
      vertex 32.8297 3.24329 0
    endloop
  endfacet
  facet normal 0 0 -1
    outer loop
      vertex 41.5191 -4.08927 0
      vertex 31.8367 -3.12094 0
      vertex 32.99 0 0
    endloop
  endfacet
  facet normal 0 0 -1
    outer loop
      vertex 26.59 -17.7845 0
      vertex 34.6889 -23.1784 0
      vertex 32.25 -26.4669 0
    endloop
  endfacet
  facet normal -0 0 -1
    outer loop
      vertex 32.99 0 0
      vertex 31.8367 -3.12094 0
      vertex 32.7 0 0
    endloop
  endfacet
  facet normal 0 0 -1
    outer loop
      vertex 31.8367 3.12094 0
      vertex 32.7 0 0
      vertex 31.9901 0 0
    endloop
  endfacet
  facet normal 0 0 -1
    outer loop
      vertex 32.7 0 0
      vertex 31.8367 3.12094 0
      vertex 32.4563 3.98513 0
    endloop
  endfacet
  facet normal 0 0 -1
    outer loop
      vertex 31.836 3.13557 0
      vertex 32.4563 3.98513 0
      vertex 31.8367 3.12094 0
    endloop
  endfacet
  facet normal 0 0 -1
    outer loop
      vertex 31.8339 3.15006 0
      vertex 32.4563 3.98513 0
      vertex 31.836 3.13557 0
    endloop
  endfacet
  facet normal 0 0 -1
    outer loop
      vertex 31.3754 6.24095 0
      vertex 32.4563 3.98513 0
      vertex 31.8339 3.15006 0
    endloop
  endfacet
  facet normal 0 0 -1
    outer loop
      vertex 32.4563 3.98513 0
      vertex 31.3754 6.24095 0
      vertex 31.7287 7.91085 0
    endloop
  endfacet
  facet normal 0 0 -1
    outer loop
      vertex 30.6161 9.27201 0
      vertex 31.7287 7.91085 0
      vertex 31.3754 6.24095 0
    endloop
  endfacet
  facet normal 0 0 -1
    outer loop
      vertex 30.6126 9.28622 0
      vertex 31.7287 7.91085 0
      vertex 30.6161 9.27201 0
    endloop
  endfacet
  facet normal 0 0 -1
    outer loop
      vertex 30.6076 9.30001 0
      vertex 31.7287 7.91085 0
      vertex 30.6126 9.28622 0
    endloop
  endfacet
  facet normal 0 0 -1
    outer loop
      vertex 30.6076 9.30001 0
      vertex 30.5281 11.7186 0
      vertex 31.7287 7.91085 0
    endloop
  endfacet
  facet normal 0 0 -1
    outer loop
      vertex 29.555 12.2421 0
      vertex 30.5281 11.7186 0
      vertex 30.6076 9.30001 0
    endloop
  endfacet
  facet normal 0 0 -1
    outer loop
      vertex 29.555 12.2421 0
      vertex 28.8724 15.3517 0
      vertex 30.5281 11.7186 0
    endloop
  endfacet
  facet normal 0 -0 -1
    outer loop
      vertex 28.8724 15.3517 0
      vertex 29.555 12.2421 0
      vertex 28.219 15.0668 0
    endloop
  endfacet
  facet normal -0 0 -1
    outer loop
      vertex 40.9184 8.13917 0
      vertex 32.3561 6.43603 0
      vertex 39.9235 12.1107 0
    endloop
  endfacet
  facet normal 0 0 -1
    outer loop
      vertex 31.5718 9.56697 0
      vertex 39.9235 12.1107 0
      vertex 32.3561 6.43603 0
    endloop
  endfacet
  facet normal 0 0 -1
    outer loop
      vertex 31.5695 9.57649 0
      vertex 39.9235 12.1107 0
      vertex 31.5718 9.56697 0
    endloop
  endfacet
  facet normal 0 0 -1
    outer loop
      vertex 31.5662 9.58573 0
      vertex 39.9235 12.1107 0
      vertex 31.5695 9.57649 0
    endloop
  endfacet
  facet normal -0 0 -1
    outer loop
      vertex 39.9235 12.1107 0
      vertex 31.5662 9.58573 0
      vertex 38.5443 15.9656 0
    endloop
  endfacet
  facet normal 0 0 -1
    outer loop
      vertex 30.4788 12.6247 0
      vertex 38.5443 15.9656 0
      vertex 31.5662 9.58573 0
    endloop
  endfacet
  facet normal -0 0 -1
    outer loop
      vertex 38.5443 15.9656 0
      vertex 30.4788 12.6247 0
      vertex 36.7938 19.6667 0
    endloop
  endfacet
  facet normal 0 0 -1
    outer loop
      vertex 29.1254 15.4862 0
      vertex 36.7938 19.6667 0
      vertex 30.4788 12.6247 0
    endloop
  endfacet
  facet normal -0 0 -1
    outer loop
      vertex 36.7938 19.6667 0
      vertex 29.1254 15.4862 0
      vertex 34.6889 23.1784 0
    endloop
  endfacet
  facet normal 0 0 -1
    outer loop
      vertex 26.6063 17.7602 0
      vertex 34.6889 23.1784 0
      vertex 29.1254 15.4862 0
    endloop
  endfacet
  facet normal 0 0 -1
    outer loop
      vertex 26.59 17.7845 0
      vertex 34.6889 23.1784 0
      vertex 26.5988 17.7727 0
    endloop
  endfacet
  facet normal 0 0 -1
    outer loop
      vertex 26.6063 17.7602 0
      vertex 29.1254 15.4862 0
      vertex 28.8724 15.3517 0
    endloop
  endfacet
  facet normal 0 0 -1
    outer loop
      vertex 28.2127 15.08 0
      vertex 28.8724 15.3517 0
      vertex 28.219 15.0668 0
    endloop
  endfacet
  facet normal 0 0 -1
    outer loop
      vertex 26.6063 17.7602 0
      vertex 28.8724 15.3517 0
      vertex 28.2127 15.08 0
    endloop
  endfacet
  facet normal 0 0 -1
    outer loop
      vertex 34.6889 23.1784 0
      vertex 26.6063 17.7602 0
      vertex 26.5988 17.7727 0
    endloop
  endfacet
  facet normal -0 0 -1
    outer loop
      vertex 34.6889 23.1784 0
      vertex 26.59 17.7845 0
      vertex 32.25 26.4669 0
    endloop
  endfacet
  facet normal 0 0 -1
    outer loop
      vertex 24.7286 20.2943 0
      vertex 32.25 26.4669 0
      vertex 26.59 17.7845 0
    endloop
  endfacet
  facet normal 0 0 -1
    outer loop
      vertex 24.7188 20.3051 0
      vertex 32.25 26.4669 0
      vertex 24.7286 20.2943 0
    endloop
  endfacet
  facet normal -0 0 -1
    outer loop
      vertex 32.25 26.4669 0
      vertex 24.7188 20.3051 0
      vertex 29.5005 29.5005 0
    endloop
  endfacet
  facet normal 0 0 -1
    outer loop
      vertex 22.6204 22.6204 0
      vertex 29.5005 29.5005 0
      vertex 24.7188 20.3051 0
    endloop
  endfacet
  facet normal -0 0 -1
    outer loop
      vertex 29.5005 29.5005 0
      vertex 22.6204 22.6204 0
      vertex 26.4669 32.25 0
    endloop
  endfacet
  facet normal 0 0 -1
    outer loop
      vertex 20.3051 24.7188 0
      vertex 26.4669 32.25 0
      vertex 22.6204 22.6204 0
    endloop
  endfacet
  facet normal 0 0 -1
    outer loop
      vertex 20.2943 24.7286 0
      vertex 26.4669 32.25 0
      vertex 20.3051 24.7188 0
    endloop
  endfacet
  facet normal -0 0 -1
    outer loop
      vertex 26.4669 32.25 0
      vertex 20.2943 24.7286 0
      vertex 23.1784 34.6889 0
    endloop
  endfacet
  facet normal 0 0 -1
    outer loop
      vertex 17.7845 26.59 0
      vertex 23.1784 34.6889 0
      vertex 20.2943 24.7286 0
    endloop
  endfacet
  facet normal 0 0 -1
    outer loop
      vertex 17.7727 26.5988 0
      vertex 23.1784 34.6889 0
      vertex 17.7845 26.59 0
    endloop
  endfacet
  facet normal 0 0 -1
    outer loop
      vertex 17.7602 26.6063 0
      vertex 23.1784 34.6889 0
      vertex 17.7727 26.5988 0
    endloop
  endfacet
  facet normal -0 0 -1
    outer loop
      vertex 23.1784 34.6889 0
      vertex 17.7602 26.6063 0
      vertex 19.6667 36.7938 0
    endloop
  endfacet
  facet normal 0 0 -1
    outer loop
      vertex 15.08 28.2127 0
      vertex 19.6667 36.7938 0
      vertex 17.7602 26.6063 0
    endloop
  endfacet
  facet normal 0 0 -1
    outer loop
      vertex 15.0668 28.219 0
      vertex 19.6667 36.7938 0
      vertex 15.08 28.2127 0
    endloop
  endfacet
  facet normal -0 0 -1
    outer loop
      vertex 19.6667 36.7938 0
      vertex 15.0668 28.219 0
      vertex 15.9656 38.5443 0
    endloop
  endfacet
  facet normal 0 0 -1
    outer loop
      vertex 12.2421 29.555 0
      vertex 15.9656 38.5443 0
      vertex 15.0668 28.219 0
    endloop
  endfacet
  facet normal 0 0 -1
    outer loop
      vertex 12.2421 29.555 0
      vertex 12.1107 39.9235 0
      vertex 15.9656 38.5443 0
    endloop
  endfacet
  facet normal 0 0 -1
    outer loop
      vertex 9.30001 30.6076 0
      vertex 12.1107 39.9235 0
      vertex 12.2421 29.555 0
    endloop
  endfacet
  facet normal 0 0 -1
    outer loop
      vertex 9.28622 30.6126 0
      vertex 12.1107 39.9235 0
      vertex 9.30001 30.6076 0
    endloop
  endfacet
  facet normal 0 0 -1
    outer loop
      vertex 9.27201 30.6161 0
      vertex 12.1107 39.9235 0
      vertex 9.28622 30.6126 0
    endloop
  endfacet
  facet normal 0 0 -1
    outer loop
      vertex 9.27201 30.6161 0
      vertex 8.13917 40.9184 0
      vertex 12.1107 39.9235 0
    endloop
  endfacet
  facet normal 0 0 -1
    outer loop
      vertex 6.24095 31.3754 0
      vertex 8.13917 40.9184 0
      vertex 9.27201 30.6161 0
    endloop
  endfacet
  facet normal 0 0 -1
    outer loop
      vertex 6.24095 31.3754 0
      vertex 4.08927 41.5191 0
      vertex 8.13917 40.9184 0
    endloop
  endfacet
  facet normal 0 0 -1
    outer loop
      vertex 3.15006 31.8339 0
      vertex 4.08927 41.5191 0
      vertex 6.24095 31.3754 0
    endloop
  endfacet
  facet normal 0 0 -1
    outer loop
      vertex 3.13557 31.836 0
      vertex 4.08927 41.5191 0
      vertex 3.15006 31.8339 0
    endloop
  endfacet
  facet normal 0 0 -1
    outer loop
      vertex 3.12094 31.8367 0
      vertex 4.08927 41.5191 0
      vertex 3.13557 31.836 0
    endloop
  endfacet
  facet normal 0 0 -1
    outer loop
      vertex 0 31.9901 0
      vertex 4.08927 41.5191 0
      vertex 3.12094 31.8367 0
    endloop
  endfacet
  facet normal 0 0 -1
    outer loop
      vertex 0 31.9901 0
      vertex 0 41.72 0
      vertex 4.08927 41.5191 0
    endloop
  endfacet
  facet normal 0 0 -1
    outer loop
      vertex -3.12094 31.8367 0
      vertex 0 41.72 0
      vertex 0 31.9901 0
    endloop
  endfacet
  facet normal 0 0 -1
    outer loop
      vertex -4.08927 41.5191 0
      vertex -3.12094 31.8367 0
      vertex -3.13557 31.836 0
    endloop
  endfacet
  facet normal 0 0 -1
    outer loop
      vertex -4.08927 41.5191 0
      vertex -3.13557 31.836 0
      vertex -3.15006 31.8339 0
    endloop
  endfacet
  facet normal 0 0 -1
    outer loop
      vertex -3.12094 31.8367 0
      vertex -4.08927 41.5191 0
      vertex 0 41.72 0
    endloop
  endfacet
  facet normal 0 0 -1
    outer loop
      vertex -6.24095 31.3754 0
      vertex -4.08927 41.5191 0
      vertex -3.15006 31.8339 0
    endloop
  endfacet
  facet normal 0 0 -1
    outer loop
      vertex -6.24095 31.3754 0
      vertex -8.13917 40.9184 0
      vertex -4.08927 41.5191 0
    endloop
  endfacet
  facet normal 0 0 -1
    outer loop
      vertex -9.27201 30.6161 0
      vertex -8.13917 40.9184 0
      vertex -6.24095 31.3754 0
    endloop
  endfacet
  facet normal 0 0 -1
    outer loop
      vertex -12.1107 39.9235 0
      vertex -9.27201 30.6161 0
      vertex -9.28622 30.6126 0
    endloop
  endfacet
  facet normal 0 0 -1
    outer loop
      vertex -12.1107 39.9235 0
      vertex -9.28622 30.6126 0
      vertex -9.30001 30.6076 0
    endloop
  endfacet
  facet normal 0 0 -1
    outer loop
      vertex -9.27201 30.6161 0
      vertex -12.1107 39.9235 0
      vertex -8.13917 40.9184 0
    endloop
  endfacet
  facet normal 0 0 -1
    outer loop
      vertex -12.2421 29.555 0
      vertex -12.1107 39.9235 0
      vertex -9.30001 30.6076 0
    endloop
  endfacet
  facet normal 0 0 -1
    outer loop
      vertex -15.08 28.2127 0
      vertex -16.4773 28.5396 0
      vertex -15.0668 28.219 0
    endloop
  endfacet
  facet normal 0 0 -1
    outer loop
      vertex -16.4773 28.5396 0
      vertex -15.08 28.2127 0
      vertex -16.35 28.319 0
    endloop
  endfacet
  facet normal 0 0 -1
    outer loop
      vertex -12.2421 29.555 0
      vertex -15.9656 38.5443 0
      vertex -12.1107 39.9235 0
    endloop
  endfacet
  facet normal 0 0 -1
    outer loop
      vertex -15.0668 28.219 0
      vertex -16.4773 28.5396 0
      vertex -12.2421 29.555 0
    endloop
  endfacet
  facet normal 0 0 -1
    outer loop
      vertex -17.7602 26.6063 0
      vertex -16.35 28.319 0
      vertex -15.08 28.2127 0
    endloop
  endfacet
  facet normal 0 0 -1
    outer loop
      vertex -17.7727 26.5988 0
      vertex -16.35 28.319 0
      vertex -17.7602 26.6063 0
    endloop
  endfacet
  facet normal 0 0 -1
    outer loop
      vertex -19.6794 26.1154 0
      vertex -17.7727 26.5988 0
      vertex -17.7845 26.59 0
    endloop
  endfacet
  facet normal -0 0 -1
    outer loop
      vertex -17.7727 26.5988 0
      vertex -19.6794 26.1154 0
      vertex -16.35 28.319 0
    endloop
  endfacet
  facet normal 0 0 -1
    outer loop
      vertex -20.2943 24.7286 0
      vertex -19.6794 26.1154 0
      vertex -17.7845 26.59 0
    endloop
  endfacet
  facet normal 0 0 -1
    outer loop
      vertex -20.3051 24.7188 0
      vertex -19.6794 26.1154 0
      vertex -20.2943 24.7286 0
    endloop
  endfacet
  facet normal 0 0 -1
    outer loop
      vertex -22.7153 23.5224 0
      vertex -20.3051 24.7188 0
      vertex -22.6204 22.6204 0
    endloop
  endfacet
  facet normal -0 0 -1
    outer loop
      vertex -20.3051 24.7188 0
      vertex -22.7153 23.5224 0
      vertex -19.6794 26.1154 0
    endloop
  endfacet
  facet normal 0 0 -1
    outer loop
      vertex -25.4127 20.5788 0
      vertex -22.6204 22.6204 0
      vertex -24.7188 20.3051 0
    endloop
  endfacet
  facet normal 0 0 -1
    outer loop
      vertex -25.4127 20.5788 0
      vertex -24.7188 20.3051 0
      vertex -24.7286 20.2943 0
    endloop
  endfacet
  facet normal -0 0 -1
    outer loop
      vertex -22.6204 22.6204 0
      vertex -25.4127 20.5788 0
      vertex -22.7153 23.5224 0
    endloop
  endfacet
  facet normal 0 0 -1
    outer loop
      vertex -26.59 17.7845 0
      vertex -25.4127 20.5788 0
      vertex -24.7286 20.2943 0
    endloop
  endfacet
  facet normal 0 0 -1
    outer loop
      vertex -27.7312 17.3284 0
      vertex -26.59 17.7845 0
      vertex -26.5988 17.7727 0
    endloop
  endfacet
  facet normal 0 0 -1
    outer loop
      vertex -27.7312 17.3284 0
      vertex -26.5988 17.7727 0
      vertex -26.6063 17.7602 0
    endloop
  endfacet
  facet normal -0 0 -1
    outer loop
      vertex -26.59 17.7845 0
      vertex -27.7312 17.3284 0
      vertex -25.4127 20.5788 0
    endloop
  endfacet
  facet normal -0 0 -1
    outer loop
      vertex -27.7312 17.3284 0
      vertex -28.2127 15.08 0
      vertex -27.9482 17.464 0
    endloop
  endfacet
  facet normal 0 0 -1
    outer loop
      vertex -28.2127 15.08 0
      vertex -27.7312 17.3284 0
      vertex -26.6063 17.7602 0
    endloop
  endfacet
  facet normal 0.903988 0.427557 0
    outer loop
      vertex 38.5443 15.9656 80
      vertex 36.7938 19.6667 0
      vertex 36.7938 19.6667 80
    endloop
  endfacet
  facet normal 0.903988 0.427557 0
    outer loop
      vertex 36.7938 19.6667 0
      vertex 38.5443 15.9656 80
      vertex 38.5443 15.9656 0
    endloop
  endfacet
  facet normal 0.80321 -0.595696 0
    outer loop
      vertex 32.25 -26.4669 80
      vertex 34.6889 -23.1784 0
      vertex 34.6889 -23.1784 80
    endloop
  endfacet
  facet normal 0.80321 -0.595696 0
    outer loop
      vertex 34.6889 -23.1784 0
      vertex 32.25 -26.4669 80
      vertex 32.25 -26.4669 0
    endloop
  endfacet
  facet normal -0.970026 0.242999 0
    outer loop
      vertex -40.9184 8.13917 0
      vertex -39.9235 12.1107 80
      vertex -39.9235 12.1107 0
    endloop
  endfacet
  facet normal -0.970026 0.242999 0
    outer loop
      vertex -39.9235 12.1107 80
      vertex -40.9184 8.13917 0
      vertex -40.9184 8.13917 80
    endloop
  endfacet
  facet normal -0.514115 0.857721 0
    outer loop
      vertex -19.6667 36.7938 0
      vertex -23.1784 34.6889 80
      vertex -19.6667 36.7938 80
    endloop
  endfacet
  facet normal -0.514115 0.857721 0
    outer loop
      vertex -23.1784 34.6889 80
      vertex -19.6667 36.7938 0
      vertex -23.1784 34.6889 0
    endloop
  endfacet
  facet normal 0.80321 0.595696 0
    outer loop
      vertex 34.6889 23.1784 80
      vertex 32.25 26.4669 0
      vertex 32.25 26.4669 80
    endloop
  endfacet
  facet normal 0.80321 0.595696 0
    outer loop
      vertex 32.25 26.4669 0
      vertex 34.6889 23.1784 80
      vertex 34.6889 23.1784 0
    endloop
  endfacet
  facet normal -0.903988 -0.427557 0
    outer loop
      vertex -36.7938 -19.6667 0
      vertex -38.5443 -15.9656 80
      vertex -38.5443 -15.9656 0
    endloop
  endfacet
  facet normal -0.903988 -0.427557 0
    outer loop
      vertex -38.5443 -15.9656 80
      vertex -36.7938 -19.6667 0
      vertex -36.7938 -19.6667 80
    endloop
  endfacet
  facet normal -0.0490694 0.998795 0
    outer loop
      vertex 0 41.72 0
      vertex -4.08927 41.5191 80
      vertex 0 41.72 80
    endloop
  endfacet
  facet normal -0.0490694 0.998795 0
    outer loop
      vertex -4.08927 41.5191 80
      vertex 0 41.72 0
      vertex -4.08927 41.5191 0
    endloop
  endfacet
  facet normal 0.427557 -0.903988 0
    outer loop
      vertex 15.9656 -38.5443 0
      vertex 19.6667 -36.7938 80
      vertex 15.9656 -38.5443 80
    endloop
  endfacet
  facet normal 0.427557 -0.903988 0
    outer loop
      vertex 19.6667 -36.7938 80
      vertex 15.9656 -38.5443 0
      vertex 19.6667 -36.7938 0
    endloop
  endfacet
  facet normal 0.336867 -0.941552 0
    outer loop
      vertex 12.1107 -39.9235 0
      vertex 15.9656 -38.5443 80
      vertex 12.1107 -39.9235 80
    endloop
  endfacet
  facet normal 0.336867 -0.941552 0
    outer loop
      vertex 15.9656 -38.5443 80
      vertex 12.1107 -39.9235 0
      vertex 15.9656 -38.5443 0
    endloop
  endfacet
  facet normal -0.970026 -0.242999 0
    outer loop
      vertex -39.9235 -12.1107 0
      vertex -40.9184 -8.13917 80
      vertex -40.9184 -8.13917 0
    endloop
  endfacet
  facet normal -0.970026 -0.242999 0
    outer loop
      vertex -40.9184 -8.13917 80
      vertex -39.9235 -12.1107 0
      vertex -39.9235 -12.1107 80
    endloop
  endfacet
  facet normal -0.336867 0.941552 0
    outer loop
      vertex -12.1107 39.9235 0
      vertex -15.9656 38.5443 80
      vertex -12.1107 39.9235 80
    endloop
  endfacet
  facet normal -0.336867 0.941552 0
    outer loop
      vertex -15.9656 38.5443 80
      vertex -12.1107 39.9235 0
      vertex -15.9656 38.5443 0
    endloop
  endfacet
  facet normal 0.903988 -0.427557 0
    outer loop
      vertex 36.7938 -19.6667 80
      vertex 38.5443 -15.9656 0
      vertex 38.5443 -15.9656 80
    endloop
  endfacet
  facet normal 0.903988 -0.427557 0
    outer loop
      vertex 38.5443 -15.9656 0
      vertex 36.7938 -19.6667 80
      vertex 36.7938 -19.6667 0
    endloop
  endfacet
  facet normal -0.74095 0.67156 0
    outer loop
      vertex -32.25 26.4669 0
      vertex -29.5005 29.5005 80
      vertex -29.5005 29.5005 0
    endloop
  endfacet
  facet normal -0.74095 0.67156 0
    outer loop
      vertex -29.5005 29.5005 80
      vertex -32.25 26.4669 0
      vertex -32.25 26.4669 80
    endloop
  endfacet
  facet normal 0.998795 -0.0490694 0
    outer loop
      vertex 41.5191 -4.08927 80
      vertex 41.72 0 0
      vertex 41.72 0 80
    endloop
  endfacet
  facet normal 0.998795 -0.0490694 0
    outer loop
      vertex 41.72 0 0
      vertex 41.5191 -4.08927 80
      vertex 41.5191 -4.08927 0
    endloop
  endfacet
  facet normal 0.941552 -0.336867 0
    outer loop
      vertex 38.5443 -15.9656 80
      vertex 39.9235 -12.1107 0
      vertex 39.9235 -12.1107 80
    endloop
  endfacet
  facet normal 0.941552 -0.336867 0
    outer loop
      vertex 39.9235 -12.1107 0
      vertex 38.5443 -15.9656 80
      vertex 38.5443 -15.9656 0
    endloop
  endfacet
  facet normal 0.14672 -0.989178 0
    outer loop
      vertex 4.08927 -41.5191 0
      vertex 8.13917 -40.9184 80
      vertex 4.08927 -41.5191 80
    endloop
  endfacet
  facet normal 0.14672 -0.989178 0
    outer loop
      vertex 8.13917 -40.9184 80
      vertex 4.08927 -41.5191 0
      vertex 8.13917 -40.9184 0
    endloop
  endfacet
  facet normal 0.857721 0.514115 0
    outer loop
      vertex 36.7938 19.6667 80
      vertex 34.6889 23.1784 0
      vertex 34.6889 23.1784 80
    endloop
  endfacet
  facet normal 0.857721 0.514115 0
    outer loop
      vertex 34.6889 23.1784 0
      vertex 36.7938 19.6667 80
      vertex 36.7938 19.6667 0
    endloop
  endfacet
  facet normal -0.903988 0.427557 0
    outer loop
      vertex -38.5443 15.9656 0
      vertex -36.7938 19.6667 80
      vertex -36.7938 19.6667 0
    endloop
  endfacet
  facet normal -0.903988 0.427557 0
    outer loop
      vertex -36.7938 19.6667 80
      vertex -38.5443 15.9656 0
      vertex -38.5443 15.9656 80
    endloop
  endfacet
  facet normal 0.941552 0.336867 0
    outer loop
      vertex 39.9235 12.1107 80
      vertex 38.5443 15.9656 0
      vertex 38.5443 15.9656 80
    endloop
  endfacet
  facet normal 0.941552 0.336867 0
    outer loop
      vertex 38.5443 15.9656 0
      vertex 39.9235 12.1107 80
      vertex 39.9235 12.1107 0
    endloop
  endfacet
  facet normal 0.989178 -0.14672 0
    outer loop
      vertex 40.9184 -8.13917 80
      vertex 41.5191 -4.08927 0
      vertex 41.5191 -4.08927 80
    endloop
  endfacet
  facet normal 0.989178 -0.14672 0
    outer loop
      vertex 41.5191 -4.08927 0
      vertex 40.9184 -8.13917 80
      vertex 40.9184 -8.13917 0
    endloop
  endfacet
  facet normal 0.970026 -0.242999 0
    outer loop
      vertex 39.9235 -12.1107 80
      vertex 40.9184 -8.13917 0
      vertex 40.9184 -8.13917 80
    endloop
  endfacet
  facet normal 0.970026 -0.242999 0
    outer loop
      vertex 40.9184 -8.13917 0
      vertex 39.9235 -12.1107 80
      vertex 39.9235 -12.1107 0
    endloop
  endfacet
  facet normal 0.67156 0.74095 -0
    outer loop
      vertex 29.5005 29.5005 0
      vertex 26.4669 32.25 80
      vertex 29.5005 29.5005 80
    endloop
  endfacet
  facet normal 0.67156 0.74095 0
    outer loop
      vertex 26.4669 32.25 80
      vertex 29.5005 29.5005 0
      vertex 26.4669 32.25 0
    endloop
  endfacet
  facet normal 0.336867 0.941552 -0
    outer loop
      vertex 15.9656 38.5443 0
      vertex 12.1107 39.9235 80
      vertex 15.9656 38.5443 80
    endloop
  endfacet
  facet normal 0.336867 0.941552 0
    outer loop
      vertex 12.1107 39.9235 80
      vertex 15.9656 38.5443 0
      vertex 12.1107 39.9235 0
    endloop
  endfacet
  facet normal -0.242999 0.970026 0
    outer loop
      vertex -8.13917 40.9184 0
      vertex -12.1107 39.9235 80
      vertex -8.13917 40.9184 80
    endloop
  endfacet
  facet normal -0.242999 0.970026 0
    outer loop
      vertex -12.1107 39.9235 80
      vertex -8.13917 40.9184 0
      vertex -12.1107 39.9235 0
    endloop
  endfacet
  facet normal 0.595696 0.80321 -0
    outer loop
      vertex 26.4669 32.25 0
      vertex 23.1784 34.6889 80
      vertex 26.4669 32.25 80
    endloop
  endfacet
  facet normal 0.595696 0.80321 0
    outer loop
      vertex 23.1784 34.6889 80
      vertex 26.4669 32.25 0
      vertex 23.1784 34.6889 0
    endloop
  endfacet
  facet normal 0.857721 -0.514115 0
    outer loop
      vertex 34.6889 -23.1784 80
      vertex 36.7938 -19.6667 0
      vertex 36.7938 -19.6667 80
    endloop
  endfacet
  facet normal 0.857721 -0.514115 0
    outer loop
      vertex 36.7938 -19.6667 0
      vertex 34.6889 -23.1784 80
      vertex 34.6889 -23.1784 0
    endloop
  endfacet
  facet normal 0.427557 0.903988 -0
    outer loop
      vertex 19.6667 36.7938 0
      vertex 15.9656 38.5443 80
      vertex 19.6667 36.7938 80
    endloop
  endfacet
  facet normal 0.427557 0.903988 0
    outer loop
      vertex 15.9656 38.5443 80
      vertex 19.6667 36.7938 0
      vertex 15.9656 38.5443 0
    endloop
  endfacet
  facet normal 0.242999 0.970026 -0
    outer loop
      vertex 12.1107 39.9235 0
      vertex 8.13917 40.9184 80
      vertex 12.1107 39.9235 80
    endloop
  endfacet
  facet normal 0.242999 0.970026 0
    outer loop
      vertex 8.13917 40.9184 80
      vertex 12.1107 39.9235 0
      vertex 8.13917 40.9184 0
    endloop
  endfacet
  facet normal 0 0 1
    outer loop
      vertex 31.9901 0 80
      vertex 41.72 0 80
      vertex 41.5191 4.08927 80
    endloop
  endfacet
  facet normal 0 0 1
    outer loop
      vertex 31.8339 3.15006 80
      vertex 41.5191 4.08927 80
      vertex 40.9184 8.13917 80
    endloop
  endfacet
  facet normal 0 0 1
    outer loop
      vertex 41.72 0 80
      vertex 31.9901 0 80
      vertex 41.5191 -4.08927 80
    endloop
  endfacet
  facet normal 0 0 1
    outer loop
      vertex 31.3754 6.24095 80
      vertex 40.9184 8.13917 80
      vertex 39.9235 12.1107 80
    endloop
  endfacet
  facet normal -0 0 1
    outer loop
      vertex 31.8367 -3.12094 80
      vertex 41.5191 -4.08927 80
      vertex 31.9901 0 80
    endloop
  endfacet
  facet normal 0 0 1
    outer loop
      vertex 30.6076 9.30001 80
      vertex 39.9235 12.1107 80
      vertex 38.5443 15.9656 80
    endloop
  endfacet
  facet normal -0 0 1
    outer loop
      vertex 31.836 -3.13557 80
      vertex 41.5191 -4.08927 80
      vertex 31.8367 -3.12094 80
    endloop
  endfacet
  facet normal 0 0 1
    outer loop
      vertex 29.555 12.2421 80
      vertex 38.5443 15.9656 80
      vertex 36.7938 19.6667 80
    endloop
  endfacet
  facet normal -0 0 1
    outer loop
      vertex 31.8339 -3.15006 80
      vertex 41.5191 -4.08927 80
      vertex 31.836 -3.13557 80
    endloop
  endfacet
  facet normal 0 0 1
    outer loop
      vertex 28.2127 15.08 80
      vertex 36.7938 19.6667 80
      vertex 34.6889 23.1784 80
    endloop
  endfacet
  facet normal 0 0 1
    outer loop
      vertex 41.5191 -4.08927 80
      vertex 31.8339 -3.15006 80
      vertex 40.9184 -8.13917 80
    endloop
  endfacet
  facet normal 0 0 1
    outer loop
      vertex 26.59 17.7845 80
      vertex 34.6889 23.1784 80
      vertex 32.25 26.4669 80
    endloop
  endfacet
  facet normal -0 0 1
    outer loop
      vertex 31.3754 -6.24095 80
      vertex 40.9184 -8.13917 80
      vertex 31.8339 -3.15006 80
    endloop
  endfacet
  facet normal 0 0 1
    outer loop
      vertex 40.9184 -8.13917 80
      vertex 31.3754 -6.24095 80
      vertex 39.9235 -12.1107 80
    endloop
  endfacet
  facet normal 0 0 1
    outer loop
      vertex 41.5191 4.08927 80
      vertex 31.8367 3.12094 80
      vertex 31.9901 0 80
    endloop
  endfacet
  facet normal 0 0 1
    outer loop
      vertex 41.5191 4.08927 80
      vertex 31.836 3.13557 80
      vertex 31.8367 3.12094 80
    endloop
  endfacet
  facet normal 0 0 1
    outer loop
      vertex 41.5191 4.08927 80
      vertex 31.8339 3.15006 80
      vertex 31.836 3.13557 80
    endloop
  endfacet
  facet normal 0 0 1
    outer loop
      vertex 40.9184 8.13917 80
      vertex 31.3754 6.24095 80
      vertex 31.8339 3.15006 80
    endloop
  endfacet
  facet normal 0 0 1
    outer loop
      vertex 39.9235 12.1107 80
      vertex 30.6161 9.27201 80
      vertex 31.3754 6.24095 80
    endloop
  endfacet
  facet normal 0 0 1
    outer loop
      vertex 39.9235 12.1107 80
      vertex 30.6126 9.28622 80
      vertex 30.6161 9.27201 80
    endloop
  endfacet
  facet normal 0 0 1
    outer loop
      vertex 39.9235 12.1107 80
      vertex 30.6076 9.30001 80
      vertex 30.6126 9.28622 80
    endloop
  endfacet
  facet normal 0 0 1
    outer loop
      vertex 38.5443 15.9656 80
      vertex 29.555 12.2421 80
      vertex 30.6076 9.30001 80
    endloop
  endfacet
  facet normal 0 0 1
    outer loop
      vertex 24.7188 20.3051 80
      vertex 32.25 26.4669 80
      vertex 29.5005 29.5005 80
    endloop
  endfacet
  facet normal 0 0 1
    outer loop
      vertex 36.7938 19.6667 80
      vertex 28.219 15.0668 80
      vertex 29.555 12.2421 80
    endloop
  endfacet
  facet normal 0 0 1
    outer loop
      vertex 36.7938 19.6667 80
      vertex 28.2127 15.08 80
      vertex 28.219 15.0668 80
    endloop
  endfacet
  facet normal 0 0 1
    outer loop
      vertex 34.6889 23.1784 80
      vertex 26.6063 17.7602 80
      vertex 28.2127 15.08 80
    endloop
  endfacet
  facet normal 0 0 1
    outer loop
      vertex 34.6889 23.1784 80
      vertex 26.5988 17.7727 80
      vertex 26.6063 17.7602 80
    endloop
  endfacet
  facet normal 0 0 1
    outer loop
      vertex 34.6889 23.1784 80
      vertex 26.59 17.7845 80
      vertex 26.5988 17.7727 80
    endloop
  endfacet
  facet normal 0 0 1
    outer loop
      vertex 22.6204 22.6204 80
      vertex 29.5005 29.5005 80
      vertex 26.4669 32.25 80
    endloop
  endfacet
  facet normal 0 0 1
    outer loop
      vertex 32.25 26.4669 80
      vertex 24.7286 20.2943 80
      vertex 26.59 17.7845 80
    endloop
  endfacet
  facet normal 0 0 1
    outer loop
      vertex 32.25 26.4669 80
      vertex 24.7188 20.3051 80
      vertex 24.7286 20.2943 80
    endloop
  endfacet
  facet normal 0 0 1
    outer loop
      vertex 20.2943 24.7286 80
      vertex 26.4669 32.25 80
      vertex 23.1784 34.6889 80
    endloop
  endfacet
  facet normal 0 0 1
    outer loop
      vertex 29.5005 29.5005 80
      vertex 22.6204 22.6204 80
      vertex 24.7188 20.3051 80
    endloop
  endfacet
  facet normal 0 0 1
    outer loop
      vertex 26.4669 32.25 80
      vertex 20.3051 24.7188 80
      vertex 22.6204 22.6204 80
    endloop
  endfacet
  facet normal 0 0 1
    outer loop
      vertex 26.4669 32.25 80
      vertex 20.2943 24.7286 80
      vertex 20.3051 24.7188 80
    endloop
  endfacet
  facet normal 0 0 1
    outer loop
      vertex 17.7602 26.6063 80
      vertex 23.1784 34.6889 80
      vertex 19.6667 36.7938 80
    endloop
  endfacet
  facet normal 0 0 1
    outer loop
      vertex 23.1784 34.6889 80
      vertex 17.7845 26.59 80
      vertex 20.2943 24.7286 80
    endloop
  endfacet
  facet normal 0 0 1
    outer loop
      vertex 23.1784 34.6889 80
      vertex 17.7727 26.5988 80
      vertex 17.7845 26.59 80
    endloop
  endfacet
  facet normal 0 0 1
    outer loop
      vertex 23.1784 34.6889 80
      vertex 17.7602 26.6063 80
      vertex 17.7727 26.5988 80
    endloop
  endfacet
  facet normal 0 0 1
    outer loop
      vertex 15.0668 28.219 80
      vertex 19.6667 36.7938 80
      vertex 15.9656 38.5443 80
    endloop
  endfacet
  facet normal 0 0 1
    outer loop
      vertex 19.6667 36.7938 80
      vertex 15.08 28.2127 80
      vertex 17.7602 26.6063 80
    endloop
  endfacet
  facet normal 0 0 1
    outer loop
      vertex 19.6667 36.7938 80
      vertex 15.0668 28.219 80
      vertex 15.08 28.2127 80
    endloop
  endfacet
  facet normal 0 0 1
    outer loop
      vertex 15.9656 38.5443 80
      vertex 12.2421 29.555 80
      vertex 15.0668 28.219 80
    endloop
  endfacet
  facet normal 0 0 1
    outer loop
      vertex 12.1107 39.9235 80
      vertex 12.2421 29.555 80
      vertex 15.9656 38.5443 80
    endloop
  endfacet
  facet normal 0 0 1
    outer loop
      vertex 12.1107 39.9235 80
      vertex 9.30001 30.6076 80
      vertex 12.2421 29.555 80
    endloop
  endfacet
  facet normal 0 0 1
    outer loop
      vertex 12.1107 39.9235 80
      vertex 9.28622 30.6126 80
      vertex 9.30001 30.6076 80
    endloop
  endfacet
  facet normal 0 0 1
    outer loop
      vertex 12.1107 39.9235 80
      vertex 9.27201 30.6161 80
      vertex 9.28622 30.6126 80
    endloop
  endfacet
  facet normal 0 0 1
    outer loop
      vertex 8.13917 40.9184 80
      vertex 9.27201 30.6161 80
      vertex 12.1107 39.9235 80
    endloop
  endfacet
  facet normal 0 0 1
    outer loop
      vertex 8.13917 40.9184 80
      vertex 6.24095 31.3754 80
      vertex 9.27201 30.6161 80
    endloop
  endfacet
  facet normal 0 0 1
    outer loop
      vertex 4.08927 41.5191 80
      vertex 6.24095 31.3754 80
      vertex 8.13917 40.9184 80
    endloop
  endfacet
  facet normal 0 0 1
    outer loop
      vertex 4.08927 41.5191 80
      vertex 3.15006 31.8339 80
      vertex 6.24095 31.3754 80
    endloop
  endfacet
  facet normal 0 0 1
    outer loop
      vertex 4.08927 41.5191 80
      vertex 3.13557 31.836 80
      vertex 3.15006 31.8339 80
    endloop
  endfacet
  facet normal 0 0 1
    outer loop
      vertex 4.08927 41.5191 80
      vertex 3.12094 31.8367 80
      vertex 3.13557 31.836 80
    endloop
  endfacet
  facet normal 0 0 1
    outer loop
      vertex 0 41.72 80
      vertex 3.12094 31.8367 80
      vertex 4.08927 41.5191 80
    endloop
  endfacet
  facet normal 0 0 1
    outer loop
      vertex 0 41.72 80
      vertex 0 31.9901 80
      vertex 3.12094 31.8367 80
    endloop
  endfacet
  facet normal 0 0 1
    outer loop
      vertex 0 41.72 80
      vertex -3.12094 31.8367 80
      vertex 0 31.9901 80
    endloop
  endfacet
  facet normal -0 0 1
    outer loop
      vertex -4.08927 41.5191 80
      vertex -3.12094 31.8367 80
      vertex 0 41.72 80
    endloop
  endfacet
  facet normal 0 0 1
    outer loop
      vertex -3.12094 31.8367 80
      vertex -4.08927 41.5191 80
      vertex -3.13557 31.836 80
    endloop
  endfacet
  facet normal 0 0 1
    outer loop
      vertex -3.13557 31.836 80
      vertex -4.08927 41.5191 80
      vertex -3.15006 31.8339 80
    endloop
  endfacet
  facet normal 0 0 1
    outer loop
      vertex -4.08927 41.5191 80
      vertex -6.24095 31.3754 80
      vertex -3.15006 31.8339 80
    endloop
  endfacet
  facet normal -0 0 1
    outer loop
      vertex -8.13917 40.9184 80
      vertex -6.24095 31.3754 80
      vertex -4.08927 41.5191 80
    endloop
  endfacet
  facet normal 0 0 1
    outer loop
      vertex -8.13917 40.9184 80
      vertex -9.27201 30.6161 80
      vertex -6.24095 31.3754 80
    endloop
  endfacet
  facet normal -0 0 1
    outer loop
      vertex -12.1107 39.9235 80
      vertex -9.27201 30.6161 80
      vertex -8.13917 40.9184 80
    endloop
  endfacet
  facet normal 0 0 1
    outer loop
      vertex -9.27201 30.6161 80
      vertex -12.1107 39.9235 80
      vertex -9.28622 30.6126 80
    endloop
  endfacet
  facet normal 0 0 1
    outer loop
      vertex -9.28622 30.6126 80
      vertex -12.1107 39.9235 80
      vertex -9.30001 30.6076 80
    endloop
  endfacet
  facet normal 0 0 1
    outer loop
      vertex -12.1107 39.9235 80
      vertex -12.2421 29.555 80
      vertex -9.30001 30.6076 80
    endloop
  endfacet
  facet normal -0 0 1
    outer loop
      vertex -15.9656 38.5443 80
      vertex -12.2421 29.555 80
      vertex -12.1107 39.9235 80
    endloop
  endfacet
  facet normal 0 0 1
    outer loop
      vertex -12.2421 29.555 80
      vertex -15.9656 38.5443 80
      vertex -15.0668 28.219 80
    endloop
  endfacet
  facet normal -0 0 1
    outer loop
      vertex -19.6667 36.7938 80
      vertex -15.0668 28.219 80
      vertex -15.9656 38.5443 80
    endloop
  endfacet
  facet normal 0 0 1
    outer loop
      vertex -15.0668 28.219 80
      vertex -19.6667 36.7938 80
      vertex -15.08 28.2127 80
    endloop
  endfacet
  facet normal 0 0 1
    outer loop
      vertex -15.08 28.2127 80
      vertex -19.6667 36.7938 80
      vertex -17.7602 26.6063 80
    endloop
  endfacet
  facet normal -0 0 1
    outer loop
      vertex -23.1784 34.6889 80
      vertex -17.7602 26.6063 80
      vertex -19.6667 36.7938 80
    endloop
  endfacet
  facet normal 0 0 1
    outer loop
      vertex -17.7602 26.6063 80
      vertex -23.1784 34.6889 80
      vertex -17.7727 26.5988 80
    endloop
  endfacet
  facet normal 0 0 1
    outer loop
      vertex -17.7727 26.5988 80
      vertex -23.1784 34.6889 80
      vertex -17.7845 26.59 80
    endloop
  endfacet
  facet normal 0 0 1
    outer loop
      vertex -17.7845 26.59 80
      vertex -23.1784 34.6889 80
      vertex -20.2943 24.7286 80
    endloop
  endfacet
  facet normal -0 0 1
    outer loop
      vertex -26.4669 32.25 80
      vertex -20.2943 24.7286 80
      vertex -23.1784 34.6889 80
    endloop
  endfacet
  facet normal 0 0 1
    outer loop
      vertex -20.2943 24.7286 80
      vertex -26.4669 32.25 80
      vertex -20.3051 24.7188 80
    endloop
  endfacet
  facet normal 0 0 1
    outer loop
      vertex -20.3051 24.7188 80
      vertex -26.4669 32.25 80
      vertex -22.6204 22.6204 80
    endloop
  endfacet
  facet normal -0 0 1
    outer loop
      vertex -29.5005 29.5005 80
      vertex -22.6204 22.6204 80
      vertex -26.4669 32.25 80
    endloop
  endfacet
  facet normal 0 0 1
    outer loop
      vertex -22.6204 22.6204 80
      vertex -29.5005 29.5005 80
      vertex -24.7188 20.3051 80
    endloop
  endfacet
  facet normal -0 0 1
    outer loop
      vertex -32.25 26.4669 80
      vertex -24.7188 20.3051 80
      vertex -29.5005 29.5005 80
    endloop
  endfacet
  facet normal 0 0 1
    outer loop
      vertex -24.7188 20.3051 80
      vertex -32.25 26.4669 80
      vertex -24.7286 20.2943 80
    endloop
  endfacet
  facet normal 0 0 1
    outer loop
      vertex -24.7286 20.2943 80
      vertex -32.25 26.4669 80
      vertex -26.59 17.7845 80
    endloop
  endfacet
  facet normal -0 0 1
    outer loop
      vertex -34.6889 23.1784 80
      vertex -26.59 17.7845 80
      vertex -32.25 26.4669 80
    endloop
  endfacet
  facet normal 0 0 1
    outer loop
      vertex -26.59 17.7845 80
      vertex -34.6889 23.1784 80
      vertex -26.5988 17.7727 80
    endloop
  endfacet
  facet normal 0 0 1
    outer loop
      vertex -26.5988 17.7727 80
      vertex -34.6889 23.1784 80
      vertex -26.6063 17.7602 80
    endloop
  endfacet
  facet normal 0 0 1
    outer loop
      vertex -26.6063 17.7602 80
      vertex -34.6889 23.1784 80
      vertex -28.2127 15.08 80
    endloop
  endfacet
  facet normal -0 0 1
    outer loop
      vertex -36.7938 19.6667 80
      vertex -28.2127 15.08 80
      vertex -34.6889 23.1784 80
    endloop
  endfacet
  facet normal 0 0 1
    outer loop
      vertex -28.2127 15.08 80
      vertex -36.7938 19.6667 80
      vertex -28.219 15.0668 80
    endloop
  endfacet
  facet normal 0 0 1
    outer loop
      vertex -28.219 15.0668 80
      vertex -36.7938 19.6667 80
      vertex -29.555 12.2421 80
    endloop
  endfacet
  facet normal -0 0 1
    outer loop
      vertex -38.5443 15.9656 80
      vertex -29.555 12.2421 80
      vertex -36.7938 19.6667 80
    endloop
  endfacet
  facet normal 0 0 1
    outer loop
      vertex -29.555 12.2421 80
      vertex -38.5443 15.9656 80
      vertex -30.6076 9.30001 80
    endloop
  endfacet
  facet normal -0 0 1
    outer loop
      vertex -39.9235 12.1107 80
      vertex -30.6076 9.30001 80
      vertex -38.5443 15.9656 80
    endloop
  endfacet
  facet normal 0 0 1
    outer loop
      vertex -41.5191 4.08927 80
      vertex -31.8367 3.12094 80
      vertex -31.836 3.13557 80
    endloop
  endfacet
  facet normal 0 0 1
    outer loop
      vertex -30.6126 9.28622 80
      vertex -39.9235 12.1107 80
      vertex -30.6161 9.27201 80
    endloop
  endfacet
  facet normal 0 0 1
    outer loop
      vertex -30.6076 9.30001 80
      vertex -39.9235 12.1107 80
      vertex -30.6126 9.28622 80
    endloop
  endfacet
  facet normal -0 0 1
    outer loop
      vertex 30.6161 -9.27201 80
      vertex 39.9235 -12.1107 80
      vertex 31.3754 -6.24095 80
    endloop
  endfacet
  facet normal -0 0 1
    outer loop
      vertex 30.6126 -9.28622 80
      vertex 39.9235 -12.1107 80
      vertex 30.6161 -9.27201 80
    endloop
  endfacet
  facet normal -0 0 1
    outer loop
      vertex 30.6076 -9.30001 80
      vertex 39.9235 -12.1107 80
      vertex 30.6126 -9.28622 80
    endloop
  endfacet
  facet normal 0 0 1
    outer loop
      vertex 39.9235 -12.1107 80
      vertex 30.6076 -9.30001 80
      vertex 38.5443 -15.9656 80
    endloop
  endfacet
  facet normal -0 0 1
    outer loop
      vertex 29.555 -12.2421 80
      vertex 38.5443 -15.9656 80
      vertex 30.6076 -9.30001 80
    endloop
  endfacet
  facet normal 0 0 1
    outer loop
      vertex 38.5443 -15.9656 80
      vertex 29.555 -12.2421 80
      vertex 36.7938 -19.6667 80
    endloop
  endfacet
  facet normal -0 0 1
    outer loop
      vertex 28.219 -15.0668 80
      vertex 36.7938 -19.6667 80
      vertex 29.555 -12.2421 80
    endloop
  endfacet
  facet normal -0 0 1
    outer loop
      vertex 28.2127 -15.08 80
      vertex 36.7938 -19.6667 80
      vertex 28.219 -15.0668 80
    endloop
  endfacet
  facet normal 0 0 1
    outer loop
      vertex 36.7938 -19.6667 80
      vertex 28.2127 -15.08 80
      vertex 34.6889 -23.1784 80
    endloop
  endfacet
  facet normal -0 0 1
    outer loop
      vertex 26.6063 -17.7602 80
      vertex 34.6889 -23.1784 80
      vertex 28.2127 -15.08 80
    endloop
  endfacet
  facet normal -0 0 1
    outer loop
      vertex 26.5988 -17.7727 80
      vertex 34.6889 -23.1784 80
      vertex 26.6063 -17.7602 80
    endloop
  endfacet
  facet normal -0 0 1
    outer loop
      vertex 26.59 -17.7845 80
      vertex 34.6889 -23.1784 80
      vertex 26.5988 -17.7727 80
    endloop
  endfacet
  facet normal 0 0 1
    outer loop
      vertex 34.6889 -23.1784 80
      vertex 26.59 -17.7845 80
      vertex 32.25 -26.4669 80
    endloop
  endfacet
  facet normal -0 0 1
    outer loop
      vertex 24.7286 -20.2943 80
      vertex 32.25 -26.4669 80
      vertex 26.59 -17.7845 80
    endloop
  endfacet
  facet normal -0 0 1
    outer loop
      vertex 24.7188 -20.3051 80
      vertex 32.25 -26.4669 80
      vertex 24.7286 -20.2943 80
    endloop
  endfacet
  facet normal 0 0 1
    outer loop
      vertex 32.25 -26.4669 80
      vertex 24.7188 -20.3051 80
      vertex 29.5005 -29.5005 80
    endloop
  endfacet
  facet normal -0 0 1
    outer loop
      vertex 22.6204 -22.6204 80
      vertex 29.5005 -29.5005 80
      vertex 24.7188 -20.3051 80
    endloop
  endfacet
  facet normal 0 0 1
    outer loop
      vertex 29.5005 -29.5005 80
      vertex 22.6204 -22.6204 80
      vertex 26.4669 -32.25 80
    endloop
  endfacet
  facet normal -0 0 1
    outer loop
      vertex 20.3051 -24.7188 80
      vertex 26.4669 -32.25 80
      vertex 22.6204 -22.6204 80
    endloop
  endfacet
  facet normal -0 0 1
    outer loop
      vertex 20.2943 -24.7286 80
      vertex 26.4669 -32.25 80
      vertex 20.3051 -24.7188 80
    endloop
  endfacet
  facet normal 0 0 1
    outer loop
      vertex 26.4669 -32.25 80
      vertex 20.2943 -24.7286 80
      vertex 23.1784 -34.6889 80
    endloop
  endfacet
  facet normal -0 0 1
    outer loop
      vertex 17.7845 -26.59 80
      vertex 23.1784 -34.6889 80
      vertex 20.2943 -24.7286 80
    endloop
  endfacet
  facet normal -0 0 1
    outer loop
      vertex 17.7727 -26.5988 80
      vertex 23.1784 -34.6889 80
      vertex 17.7845 -26.59 80
    endloop
  endfacet
  facet normal -0 0 1
    outer loop
      vertex 17.7602 -26.6063 80
      vertex 23.1784 -34.6889 80
      vertex 17.7727 -26.5988 80
    endloop
  endfacet
  facet normal 0 0 1
    outer loop
      vertex 23.1784 -34.6889 80
      vertex 17.7602 -26.6063 80
      vertex 19.6667 -36.7938 80
    endloop
  endfacet
  facet normal -0 0 1
    outer loop
      vertex 15.08 -28.2127 80
      vertex 19.6667 -36.7938 80
      vertex 17.7602 -26.6063 80
    endloop
  endfacet
  facet normal -0 0 1
    outer loop
      vertex 15.0668 -28.219 80
      vertex 19.6667 -36.7938 80
      vertex 15.08 -28.2127 80
    endloop
  endfacet
  facet normal 0 0 1
    outer loop
      vertex 19.6667 -36.7938 80
      vertex 15.0668 -28.219 80
      vertex 15.9656 -38.5443 80
    endloop
  endfacet
  facet normal -0 0 1
    outer loop
      vertex 12.2421 -29.555 80
      vertex 15.9656 -38.5443 80
      vertex 15.0668 -28.219 80
    endloop
  endfacet
  facet normal 0 0 1
    outer loop
      vertex 12.2421 -29.555 80
      vertex 12.1107 -39.9235 80
      vertex 15.9656 -38.5443 80
    endloop
  endfacet
  facet normal -0 0 1
    outer loop
      vertex 9.30001 -30.6076 80
      vertex 12.1107 -39.9235 80
      vertex 12.2421 -29.555 80
    endloop
  endfacet
  facet normal -0 0 1
    outer loop
      vertex 9.28622 -30.6126 80
      vertex 12.1107 -39.9235 80
      vertex 9.30001 -30.6076 80
    endloop
  endfacet
  facet normal -0 0 1
    outer loop
      vertex 9.27201 -30.6161 80
      vertex 12.1107 -39.9235 80
      vertex 9.28622 -30.6126 80
    endloop
  endfacet
  facet normal 0 0 1
    outer loop
      vertex 9.27201 -30.6161 80
      vertex 8.13917 -40.9184 80
      vertex 12.1107 -39.9235 80
    endloop
  endfacet
  facet normal -0 0 1
    outer loop
      vertex 6.24095 -31.3754 80
      vertex 8.13917 -40.9184 80
      vertex 9.27201 -30.6161 80
    endloop
  endfacet
  facet normal 0 0 1
    outer loop
      vertex 6.24095 -31.3754 80
      vertex 4.08927 -41.5191 80
      vertex 8.13917 -40.9184 80
    endloop
  endfacet
  facet normal -0 0 1
    outer loop
      vertex 3.15006 -31.8339 80
      vertex 4.08927 -41.5191 80
      vertex 6.24095 -31.3754 80
    endloop
  endfacet
  facet normal -0 0 1
    outer loop
      vertex 3.13557 -31.836 80
      vertex 4.08927 -41.5191 80
      vertex 3.15006 -31.8339 80
    endloop
  endfacet
  facet normal -0 0 1
    outer loop
      vertex 3.12094 -31.8367 80
      vertex 4.08927 -41.5191 80
      vertex 3.13557 -31.836 80
    endloop
  endfacet
  facet normal -0 0 1
    outer loop
      vertex 0 -31.9901 80
      vertex 4.08927 -41.5191 80
      vertex 3.12094 -31.8367 80
    endloop
  endfacet
  facet normal 0 0 1
    outer loop
      vertex 0 -31.9901 80
      vertex 0 -41.72 80
      vertex 4.08927 -41.5191 80
    endloop
  endfacet
  facet normal 0 0 1
    outer loop
      vertex -3.12094 -31.8367 80
      vertex 0 -41.72 80
      vertex 0 -31.9901 80
    endloop
  endfacet
  facet normal 0 0 1
    outer loop
      vertex -4.08927 -41.5191 80
      vertex -3.12094 -31.8367 80
      vertex -3.13557 -31.836 80
    endloop
  endfacet
  facet normal 0 0 1
    outer loop
      vertex -4.08927 -41.5191 80
      vertex -3.13557 -31.836 80
      vertex -3.15006 -31.8339 80
    endloop
  endfacet
  facet normal 0 0 1
    outer loop
      vertex -3.12094 -31.8367 80
      vertex -4.08927 -41.5191 80
      vertex 0 -41.72 80
    endloop
  endfacet
  facet normal 0 0 1
    outer loop
      vertex -6.24095 -31.3754 80
      vertex -4.08927 -41.5191 80
      vertex -3.15006 -31.8339 80
    endloop
  endfacet
  facet normal 0 0 1
    outer loop
      vertex -6.24095 -31.3754 80
      vertex -8.13917 -40.9184 80
      vertex -4.08927 -41.5191 80
    endloop
  endfacet
  facet normal 0 0 1
    outer loop
      vertex -9.27201 -30.6161 80
      vertex -8.13917 -40.9184 80
      vertex -6.24095 -31.3754 80
    endloop
  endfacet
  facet normal 0 0 1
    outer loop
      vertex -12.1107 -39.9235 80
      vertex -9.27201 -30.6161 80
      vertex -9.28622 -30.6126 80
    endloop
  endfacet
  facet normal 0 0 1
    outer loop
      vertex -12.1107 -39.9235 80
      vertex -9.28622 -30.6126 80
      vertex -9.30001 -30.6076 80
    endloop
  endfacet
  facet normal 0 0 1
    outer loop
      vertex -9.27201 -30.6161 80
      vertex -12.1107 -39.9235 80
      vertex -8.13917 -40.9184 80
    endloop
  endfacet
  facet normal 0 0 1
    outer loop
      vertex -12.2421 -29.555 80
      vertex -12.1107 -39.9235 80
      vertex -9.30001 -30.6076 80
    endloop
  endfacet
  facet normal 0 0 1
    outer loop
      vertex -15.9656 -38.5443 80
      vertex -12.2421 -29.555 80
      vertex -15.0668 -28.219 80
    endloop
  endfacet
  facet normal 0 0 1
    outer loop
      vertex -19.6667 -36.7938 80
      vertex -15.0668 -28.219 80
      vertex -15.08 -28.2127 80
    endloop
  endfacet
  facet normal 0 0 1
    outer loop
      vertex -12.2421 -29.555 80
      vertex -15.9656 -38.5443 80
      vertex -12.1107 -39.9235 80
    endloop
  endfacet
  facet normal 0 0 1
    outer loop
      vertex -19.6667 -36.7938 80
      vertex -15.08 -28.2127 80
      vertex -17.7602 -26.6063 80
    endloop
  endfacet
  facet normal 0 0 1
    outer loop
      vertex -23.1784 -34.6889 80
      vertex -17.7602 -26.6063 80
      vertex -17.7727 -26.5988 80
    endloop
  endfacet
  facet normal 0 0 1
    outer loop
      vertex -23.1784 -34.6889 80
      vertex -17.7727 -26.5988 80
      vertex -17.7845 -26.59 80
    endloop
  endfacet
  facet normal 0 0 1
    outer loop
      vertex -15.0668 -28.219 80
      vertex -19.6667 -36.7938 80
      vertex -15.9656 -38.5443 80
    endloop
  endfacet
  facet normal 0 0 1
    outer loop
      vertex -23.1784 -34.6889 80
      vertex -17.7845 -26.59 80
      vertex -20.2943 -24.7286 80
    endloop
  endfacet
  facet normal 0 0 1
    outer loop
      vertex -26.4669 -32.25 80
      vertex -20.2943 -24.7286 80
      vertex -20.3051 -24.7188 80
    endloop
  endfacet
  facet normal 0 0 1
    outer loop
      vertex -26.4669 -32.25 80
      vertex -20.3051 -24.7188 80
      vertex -22.6204 -22.6204 80
    endloop
  endfacet
  facet normal 0 0 1
    outer loop
      vertex -17.7602 -26.6063 80
      vertex -23.1784 -34.6889 80
      vertex -19.6667 -36.7938 80
    endloop
  endfacet
  facet normal 0 0 1
    outer loop
      vertex -29.5005 -29.5005 80
      vertex -22.6204 -22.6204 80
      vertex -24.7188 -20.3051 80
    endloop
  endfacet
  facet normal 0 0 1
    outer loop
      vertex -32.25 -26.4669 80
      vertex -24.7188 -20.3051 80
      vertex -24.7286 -20.2943 80
    endloop
  endfacet
  facet normal 0 0 1
    outer loop
      vertex -20.2943 -24.7286 80
      vertex -26.4669 -32.25 80
      vertex -23.1784 -34.6889 80
    endloop
  endfacet
  facet normal 0 0 1
    outer loop
      vertex -32.25 -26.4669 80
      vertex -24.7286 -20.2943 80
      vertex -26.59 -17.7845 80
    endloop
  endfacet
  facet normal 0 0 1
    outer loop
      vertex -34.6889 -23.1784 80
      vertex -26.59 -17.7845 80
      vertex -26.5988 -17.7727 80
    endloop
  endfacet
  facet normal 0 0 1
    outer loop
      vertex -34.6889 -23.1784 80
      vertex -26.5988 -17.7727 80
      vertex -26.6063 -17.7602 80
    endloop
  endfacet
  facet normal 0 0 1
    outer loop
      vertex -34.6889 -23.1784 80
      vertex -26.6063 -17.7602 80
      vertex -28.2127 -15.08 80
    endloop
  endfacet
  facet normal 0 0 1
    outer loop
      vertex -36.7938 -19.6667 80
      vertex -28.2127 -15.08 80
      vertex -28.219 -15.0668 80
    endloop
  endfacet
  facet normal 0 0 1
    outer loop
      vertex -22.6204 -22.6204 80
      vertex -29.5005 -29.5005 80
      vertex -26.4669 -32.25 80
    endloop
  endfacet
  facet normal 0 0 1
    outer loop
      vertex -36.7938 -19.6667 80
      vertex -28.219 -15.0668 80
      vertex -29.555 -12.2421 80
    endloop
  endfacet
  facet normal 0 0 1
    outer loop
      vertex -38.5443 -15.9656 80
      vertex -29.555 -12.2421 80
      vertex -30.6076 -9.30001 80
    endloop
  endfacet
  facet normal 0 0 1
    outer loop
      vertex -39.9235 -12.1107 80
      vertex -30.6076 -9.30001 80
      vertex -30.6126 -9.28622 80
    endloop
  endfacet
  facet normal 0 0 1
    outer loop
      vertex -39.9235 -12.1107 80
      vertex -30.6126 -9.28622 80
      vertex -30.6161 -9.27201 80
    endloop
  endfacet
  facet normal 0 0 1
    outer loop
      vertex -39.9235 -12.1107 80
      vertex -30.6161 -9.27201 80
      vertex -31.3754 -6.24095 80
    endloop
  endfacet
  facet normal 0 0 1
    outer loop
      vertex -40.9184 -8.13917 80
      vertex -31.3754 -6.24095 80
      vertex -31.8339 -3.15006 80
    endloop
  endfacet
  facet normal 0 0 1
    outer loop
      vertex -41.5191 -4.08927 80
      vertex -31.8339 -3.15006 80
      vertex -31.836 -3.13557 80
    endloop
  endfacet
  facet normal 0 0 1
    outer loop
      vertex -41.5191 -4.08927 80
      vertex -31.8367 -3.12094 80
      vertex -31.9901 0 80
    endloop
  endfacet
  facet normal 0 0 1
    outer loop
      vertex -24.7188 -20.3051 80
      vertex -32.25 -26.4669 80
      vertex -29.5005 -29.5005 80
    endloop
  endfacet
  facet normal 0 0 1
    outer loop
      vertex -31.8367 -3.12094 80
      vertex -41.5191 -4.08927 80
      vertex -31.836 -3.13557 80
    endloop
  endfacet
  facet normal 0 0 1
    outer loop
      vertex -30.6161 9.27201 80
      vertex -39.9235 12.1107 80
      vertex -31.3754 6.24095 80
    endloop
  endfacet
  facet normal -0 0 1
    outer loop
      vertex -40.9184 8.13917 80
      vertex -31.3754 6.24095 80
      vertex -39.9235 12.1107 80
    endloop
  endfacet
  facet normal 0 0 1
    outer loop
      vertex -26.59 -17.7845 80
      vertex -34.6889 -23.1784 80
      vertex -32.25 -26.4669 80
    endloop
  endfacet
  facet normal 0 0 1
    outer loop
      vertex -31.3754 6.24095 80
      vertex -40.9184 8.13917 80
      vertex -31.8339 3.15006 80
    endloop
  endfacet
  facet normal 0 0 1
    outer loop
      vertex -28.2127 -15.08 80
      vertex -36.7938 -19.6667 80
      vertex -34.6889 -23.1784 80
    endloop
  endfacet
  facet normal -0 0 1
    outer loop
      vertex -41.5191 4.08927 80
      vertex -31.8339 3.15006 80
      vertex -40.9184 8.13917 80
    endloop
  endfacet
  facet normal 0 0 1
    outer loop
      vertex -29.555 -12.2421 80
      vertex -38.5443 -15.9656 80
      vertex -36.7938 -19.6667 80
    endloop
  endfacet
  facet normal 0 0 1
    outer loop
      vertex -31.8339 3.15006 80
      vertex -41.5191 4.08927 80
      vertex -31.836 3.13557 80
    endloop
  endfacet
  facet normal 0 0 1
    outer loop
      vertex -30.6076 -9.30001 80
      vertex -39.9235 -12.1107 80
      vertex -38.5443 -15.9656 80
    endloop
  endfacet
  facet normal 0 0 1
    outer loop
      vertex -31.8367 3.12094 80
      vertex -41.5191 4.08927 80
      vertex -31.9901 0 80
    endloop
  endfacet
  facet normal 0 0 1
    outer loop
      vertex -31.3754 -6.24095 80
      vertex -40.9184 -8.13917 80
      vertex -39.9235 -12.1107 80
    endloop
  endfacet
  facet normal 0 0 1
    outer loop
      vertex -41.72 0 80
      vertex -31.9901 0 80
      vertex -41.5191 4.08927 80
    endloop
  endfacet
  facet normal 0 0 1
    outer loop
      vertex -31.8339 -3.15006 80
      vertex -41.5191 -4.08927 80
      vertex -40.9184 -8.13917 80
    endloop
  endfacet
  facet normal 0 0 1
    outer loop
      vertex -31.9901 0 80
      vertex -41.72 0 80
      vertex -41.5191 -4.08927 80
    endloop
  endfacet
  facet normal -0.14672 -0.989178 0
    outer loop
      vertex -8.13917 -40.9184 0
      vertex -4.08927 -41.5191 80
      vertex -8.13917 -40.9184 80
    endloop
  endfacet
  facet normal -0.14672 -0.989178 -0
    outer loop
      vertex -4.08927 -41.5191 80
      vertex -8.13917 -40.9184 0
      vertex -4.08927 -41.5191 0
    endloop
  endfacet
  facet normal -0.427557 0.903988 0
    outer loop
      vertex -15.9656 38.5443 0
      vertex -19.6667 36.7938 80
      vertex -15.9656 38.5443 80
    endloop
  endfacet
  facet normal -0.427557 0.903988 0
    outer loop
      vertex -19.6667 36.7938 80
      vertex -15.9656 38.5443 0
      vertex -19.6667 36.7938 0
    endloop
  endfacet
  facet normal -0.67156 0.74095 0
    outer loop
      vertex -26.4669 32.25 0
      vertex -29.5005 29.5005 80
      vertex -26.4669 32.25 80
    endloop
  endfacet
  facet normal -0.67156 0.74095 0
    outer loop
      vertex -29.5005 29.5005 80
      vertex -26.4669 32.25 0
      vertex -29.5005 29.5005 0
    endloop
  endfacet
  facet normal -0.941552 0.336867 0
    outer loop
      vertex -39.9235 12.1107 0
      vertex -38.5443 15.9656 80
      vertex -38.5443 15.9656 0
    endloop
  endfacet
  facet normal -0.941552 0.336867 0
    outer loop
      vertex -38.5443 15.9656 80
      vertex -39.9235 12.1107 0
      vertex -39.9235 12.1107 80
    endloop
  endfacet
  facet normal -0.242999 -0.970026 0
    outer loop
      vertex -12.1107 -39.9235 0
      vertex -8.13917 -40.9184 80
      vertex -12.1107 -39.9235 80
    endloop
  endfacet
  facet normal -0.242999 -0.970026 -0
    outer loop
      vertex -8.13917 -40.9184 80
      vertex -12.1107 -39.9235 0
      vertex -8.13917 -40.9184 0
    endloop
  endfacet
  facet normal 0.67156 -0.74095 0
    outer loop
      vertex 26.4669 -32.25 0
      vertex 29.5005 -29.5005 80
      vertex 26.4669 -32.25 80
    endloop
  endfacet
  facet normal 0.67156 -0.74095 0
    outer loop
      vertex 29.5005 -29.5005 80
      vertex 26.4669 -32.25 0
      vertex 29.5005 -29.5005 0
    endloop
  endfacet
  facet normal -0.74095 -0.67156 0
    outer loop
      vertex -29.5005 -29.5005 0
      vertex -32.25 -26.4669 80
      vertex -32.25 -26.4669 0
    endloop
  endfacet
  facet normal -0.74095 -0.67156 0
    outer loop
      vertex -32.25 -26.4669 80
      vertex -29.5005 -29.5005 0
      vertex -29.5005 -29.5005 80
    endloop
  endfacet
  facet normal 0.0490694 0.998795 -0
    outer loop
      vertex 4.08927 41.5191 0
      vertex 0 41.72 80
      vertex 4.08927 41.5191 80
    endloop
  endfacet
  facet normal 0.0490694 0.998795 0
    outer loop
      vertex 0 41.72 80
      vertex 4.08927 41.5191 0
      vertex 0 41.72 0
    endloop
  endfacet
  facet normal 0.14672 0.989178 -0
    outer loop
      vertex 8.13917 40.9184 0
      vertex 4.08927 41.5191 80
      vertex 8.13917 40.9184 80
    endloop
  endfacet
  facet normal 0.14672 0.989178 0
    outer loop
      vertex 4.08927 41.5191 80
      vertex 8.13917 40.9184 0
      vertex 4.08927 41.5191 0
    endloop
  endfacet
  facet normal -0.595696 -0.80321 0
    outer loop
      vertex -26.4669 -32.25 0
      vertex -23.1784 -34.6889 80
      vertex -26.4669 -32.25 80
    endloop
  endfacet
  facet normal -0.595696 -0.80321 -0
    outer loop
      vertex -23.1784 -34.6889 80
      vertex -26.4669 -32.25 0
      vertex -23.1784 -34.6889 0
    endloop
  endfacet
  facet normal -0.989178 -0.14672 0
    outer loop
      vertex -40.9184 -8.13917 0
      vertex -41.5191 -4.08927 80
      vertex -41.5191 -4.08927 0
    endloop
  endfacet
  facet normal -0.989178 -0.14672 0
    outer loop
      vertex -41.5191 -4.08927 80
      vertex -40.9184 -8.13917 0
      vertex -40.9184 -8.13917 80
    endloop
  endfacet
  facet normal -0.427557 -0.903988 0
    outer loop
      vertex -19.6667 -36.7938 0
      vertex -15.9656 -38.5443 80
      vertex -19.6667 -36.7938 80
    endloop
  endfacet
  facet normal -0.427557 -0.903988 -0
    outer loop
      vertex -15.9656 -38.5443 80
      vertex -19.6667 -36.7938 0
      vertex -15.9656 -38.5443 0
    endloop
  endfacet
  facet normal -0.80321 -0.595696 0
    outer loop
      vertex -32.25 -26.4669 0
      vertex -34.6889 -23.1784 80
      vertex -34.6889 -23.1784 0
    endloop
  endfacet
  facet normal -0.80321 -0.595696 0
    outer loop
      vertex -34.6889 -23.1784 80
      vertex -32.25 -26.4669 0
      vertex -32.25 -26.4669 80
    endloop
  endfacet
  facet normal -0.998795 -0.0490694 0
    outer loop
      vertex -41.5191 -4.08927 0
      vertex -41.72 0 80
      vertex -41.72 0 0
    endloop
  endfacet
  facet normal -0.998795 -0.0490694 0
    outer loop
      vertex -41.72 0 80
      vertex -41.5191 -4.08927 0
      vertex -41.5191 -4.08927 80
    endloop
  endfacet
  facet normal 0.74095 0.67156 0
    outer loop
      vertex 32.25 26.4669 80
      vertex 29.5005 29.5005 0
      vertex 29.5005 29.5005 80
    endloop
  endfacet
  facet normal 0.74095 0.67156 0
    outer loop
      vertex 29.5005 29.5005 0
      vertex 32.25 26.4669 80
      vertex 32.25 26.4669 0
    endloop
  endfacet
  facet normal -0.80321 0.595696 0
    outer loop
      vertex -34.6889 23.1784 0
      vertex -32.25 26.4669 80
      vertex -32.25 26.4669 0
    endloop
  endfacet
  facet normal -0.80321 0.595696 0
    outer loop
      vertex -32.25 26.4669 80
      vertex -34.6889 23.1784 0
      vertex -34.6889 23.1784 80
    endloop
  endfacet
  facet normal 0.595696 -0.80321 0
    outer loop
      vertex 23.1784 -34.6889 0
      vertex 26.4669 -32.25 80
      vertex 23.1784 -34.6889 80
    endloop
  endfacet
  facet normal 0.595696 -0.80321 0
    outer loop
      vertex 26.4669 -32.25 80
      vertex 23.1784 -34.6889 0
      vertex 26.4669 -32.25 0
    endloop
  endfacet
  facet normal -0.0490694 -0.998795 0
    outer loop
      vertex -4.08927 -41.5191 0
      vertex 0 -41.72 80
      vertex -4.08927 -41.5191 80
    endloop
  endfacet
  facet normal -0.0490694 -0.998795 -0
    outer loop
      vertex 0 -41.72 80
      vertex -4.08927 -41.5191 0
      vertex 0 -41.72 0
    endloop
  endfacet
  facet normal -0.989178 0.14672 0
    outer loop
      vertex -41.5191 4.08927 0
      vertex -40.9184 8.13917 80
      vertex -40.9184 8.13917 0
    endloop
  endfacet
  facet normal -0.989178 0.14672 0
    outer loop
      vertex -40.9184 8.13917 80
      vertex -41.5191 4.08927 0
      vertex -41.5191 4.08927 80
    endloop
  endfacet
  facet normal -0.998795 0.0490694 0
    outer loop
      vertex -41.72 0 0
      vertex -41.5191 4.08927 80
      vertex -41.5191 4.08927 0
    endloop
  endfacet
  facet normal -0.998795 0.0490694 0
    outer loop
      vertex -41.5191 4.08927 80
      vertex -41.72 0 0
      vertex -41.72 0 80
    endloop
  endfacet
  facet normal -0.336867 -0.941552 0
    outer loop
      vertex -15.9656 -38.5443 0
      vertex -12.1107 -39.9235 80
      vertex -15.9656 -38.5443 80
    endloop
  endfacet
  facet normal -0.336867 -0.941552 -0
    outer loop
      vertex -12.1107 -39.9235 80
      vertex -15.9656 -38.5443 0
      vertex -12.1107 -39.9235 0
    endloop
  endfacet
  facet normal -0.67156 -0.74095 0
    outer loop
      vertex -29.5005 -29.5005 0
      vertex -26.4669 -32.25 80
      vertex -29.5005 -29.5005 80
    endloop
  endfacet
  facet normal -0.67156 -0.74095 -0
    outer loop
      vertex -26.4669 -32.25 80
      vertex -29.5005 -29.5005 0
      vertex -26.4669 -32.25 0
    endloop
  endfacet
  facet normal 0.74095 -0.67156 0
    outer loop
      vertex 29.5005 -29.5005 80
      vertex 32.25 -26.4669 0
      vertex 32.25 -26.4669 80
    endloop
  endfacet
  facet normal 0.74095 -0.67156 0
    outer loop
      vertex 32.25 -26.4669 0
      vertex 29.5005 -29.5005 80
      vertex 29.5005 -29.5005 0
    endloop
  endfacet
  facet normal -0.857721 0.514115 0
    outer loop
      vertex -36.7938 19.6667 0
      vertex -34.6889 23.1784 80
      vertex -34.6889 23.1784 0
    endloop
  endfacet
  facet normal -0.857721 0.514115 0
    outer loop
      vertex -34.6889 23.1784 80
      vertex -36.7938 19.6667 0
      vertex -36.7938 19.6667 80
    endloop
  endfacet
  facet normal -0.949526 -0.313688 0
    outer loop
      vertex 28.7082 8.70854 2
      vertex 28.2463 10.1067 78.0364
      vertex 28.2463 10.1067 1.96364
    endloop
  endfacet
  facet normal -0.949526 -0.313688 0
    outer loop
      vertex 28.2463 10.1067 78.0364
      vertex 28.7082 8.70854 2
      vertex 28.7082 8.70854 78
    endloop
  endfacet
  facet normal 0.870113 0.492851 0
    outer loop
      vertex -25.7319 -15.4231 78.0364
      vertex -26.4576 -14.1419 2
      vertex -26.4576 -14.1419 78
    endloop
  endfacet
  facet normal 0.870113 0.492851 0
    outer loop
      vertex -26.4576 -14.1419 2
      vertex -25.7319 -15.4231 78.0364
      vertex -25.7319 -15.4231 1.96364
    endloop
  endfacet
  facet normal 0.689542 -0.724246 0
    outer loop
      vertex -21.2132 21.2132 2
      vertex -20.1468 22.2285 78.0364
      vertex -21.2132 21.2132 78
    endloop
  endfacet
  facet normal 0.689542 -0.724246 0
    outer loop
      vertex -20.1468 22.2285 78.0364
      vertex -21.2132 21.2132 2
      vertex -20.1468 22.2285 1.96364
    endloop
  endfacet
  facet normal -0.992483 0.12238 0
    outer loop
      vertex 29.6753 -4.40191 1.96364
      vertex 29.8555 -2.94051 78
      vertex 29.8555 -2.94051 2
    endloop
  endfacet
  facet normal -0.992483 0.12238 0
    outer loop
      vertex 29.8555 -2.94051 78
      vertex 29.6753 -4.40191 1.96364
      vertex 29.6753 -4.40191 78.0364
    endloop
  endfacet
  facet normal 0.53502 -0.84484 0
    outer loop
      vertex -16.6671 24.9441 2
      vertex -15.4231 25.7319 78.0364
      vertex -16.6671 24.9441 78
    endloop
  endfacet
  facet normal 0.53502 -0.84484 0
    outer loop
      vertex -15.4231 25.7319 78.0364
      vertex -16.6671 24.9441 2
      vertex -15.4231 25.7319 1.96364
    endloop
  endfacet
  facet normal 0.893201 0.449657 0
    outer loop
      vertex -26.4576 -14.1419 78
      vertex -27.1197 -12.8267 1.96364
      vertex -27.1197 -12.8267 78.0364
    endloop
  endfacet
  facet normal 0.893201 0.449657 0
    outer loop
      vertex -27.1197 -12.8267 1.96364
      vertex -26.4576 -14.1419 78
      vertex -26.4576 -14.1419 2
    endloop
  endfacet
  facet normal -0.963781 -0.266695 0
    outer loop
      vertex 29.1009 7.2894 1.96364
      vertex 28.7082 8.70854 78
      vertex 28.7082 8.70854 2
    endloop
  endfacet
  facet normal -0.963781 -0.266695 0
    outer loop
      vertex 28.7082 8.70854 78
      vertex 29.1009 7.2894 1.96364
      vertex 29.1009 7.2894 78.0364
    endloop
  endfacet
  facet normal 0.313688 0.949526 -0
    outer loop
      vertex -8.70854 -28.7082 2
      vertex -10.1067 -28.2463 78.0364
      vertex -8.70854 -28.7082 78
    endloop
  endfacet
  facet normal 0.313688 0.949526 0
    outer loop
      vertex -10.1067 -28.2463 78.0364
      vertex -8.70854 -28.7082 2
      vertex -10.1067 -28.2463 1.96364
    endloop
  endfacet
  facet normal -0.893201 -0.449657 0
    outer loop
      vertex 27.1197 12.8267 1.96364
      vertex 26.4576 14.1419 78
      vertex 26.4576 14.1419 2
    endloop
  endfacet
  facet normal -0.893201 -0.449657 0
    outer loop
      vertex 26.4576 14.1419 78
      vertex 27.1197 12.8267 1.96364
      vertex 27.1197 12.8267 78.0364
    endloop
  endfacet
  facet normal 0.449657 0.893201 0
    outer loop
      vertex -12.8267 -27.1197 78.0364
      vertex -14.1419 -26.4576 2
      vertex -14.1419 -26.4576 78
    endloop
  endfacet
  facet normal 0.449657 0.893201 0
    outer loop
      vertex -14.1419 -26.4576 2
      vertex -12.8267 -27.1197 78.0364
      vertex -12.8267 -27.1197 1.96364
    endloop
  endfacet
  facet normal 0.84484 0.53502 0
    outer loop
      vertex -24.9441 -16.6671 78
      vertex -25.7319 -15.4231 1.96364
      vertex -25.7319 -15.4231 78.0364
    endloop
  endfacet
  facet normal 0.84484 0.53502 0
    outer loop
      vertex -25.7319 -15.4231 1.96364
      vertex -24.9441 -16.6671 78
      vertex -24.9441 -16.6671 2
    endloop
  endfacet
  facet normal 0.757211 0.653171 0
    outer loop
      vertex -22.2285 -20.1468 78.0364
      vertex -23.1903 -19.0318 2
      vertex -23.1903 -19.0318 78
    endloop
  endfacet
  facet normal 0.757211 0.653171 0
    outer loop
      vertex -23.1903 -19.0318 2
      vertex -22.2285 -20.1468 78.0364
      vertex -22.2285 -20.1468 1.96364
    endloop
  endfacet
  facet normal -0.615233 -0.788346 0
    outer loop
      vertex 17.871 24.0962 78.0364
      vertex 19.0318 23.1903 2
      vertex 19.0318 23.1903 78
    endloop
  endfacet
  facet normal -0.615233 -0.788346 0
    outer loop
      vertex 19.0318 23.1903 2
      vertex 17.871 24.0962 78.0364
      vertex 17.871 24.0962 1.96364
    endloop
  endfacet
  facet normal 0.170937 -0.985282 0
    outer loop
      vertex -5.85271 29.4236 2
      vertex -4.40191 29.6753 78.0364
      vertex -5.85271 29.4236 78
    endloop
  endfacet
  facet normal 0.170937 -0.985282 0
    outer loop
      vertex -4.40191 29.6753 78.0364
      vertex -5.85271 29.4236 2
      vertex -4.40191 29.6753 1.96364
    endloop
  endfacet
  facet normal 0.313688 -0.949526 0
    outer loop
      vertex -10.1067 28.2463 78.0364
      vertex -8.70854 28.7082 2
      vertex -8.70854 28.7082 78
    endloop
  endfacet
  facet normal 0.313688 -0.949526 0
    outer loop
      vertex -8.70854 28.7082 2
      vertex -10.1067 28.2463 78.0364
      vertex -10.1067 28.2463 1.96364
    endloop
  endfacet
  facet normal -0.757211 0.653171 0
    outer loop
      vertex 22.2285 -20.1468 1.96364
      vertex 23.1903 -19.0318 78
      vertex 23.1903 -19.0318 2
    endloop
  endfacet
  facet normal -0.757211 0.653171 0
    outer loop
      vertex 23.1903 -19.0318 78
      vertex 22.2285 -20.1468 1.96364
      vertex 22.2285 -20.1468 78.0364
    endloop
  endfacet
  facet normal -0.0245166 0.999699 0
    outer loop
      vertex 1.47203 -29.9639 78.0364
      vertex 0 -30 2
      vertex 0 -30 78
    endloop
  endfacet
  facet normal -0.0245166 0.999699 0
    outer loop
      vertex 0 -30 2
      vertex 1.47203 -29.9639 78.0364
      vertex 1.47203 -29.9639 1.96364
    endloop
  endfacet
  facet normal -0.97569 -0.219153 0
    outer loop
      vertex 29.4236 5.85271 2
      vertex 29.1009 7.2894 78.0364
      vertex 29.1009 7.2894 1.96364
    endloop
  endfacet
  facet normal -0.97569 -0.219153 0
    outer loop
      vertex 29.1009 7.2894 78.0364
      vertex 29.4236 5.85271 2
      vertex 29.4236 5.85271 78
    endloop
  endfacet
  facet normal 0.757211 -0.653171 0
    outer loop
      vertex -23.1903 19.0318 78
      vertex -22.2285 20.1468 1.96364
      vertex -22.2285 20.1468 78.0364
    endloop
  endfacet
  facet normal 0.757211 -0.653171 0
    outer loop
      vertex -22.2285 20.1468 1.96364
      vertex -23.1903 19.0318 78
      vertex -23.1903 19.0318 2
    endloop
  endfacet
  facet normal 0.985282 -0.170937 0
    outer loop
      vertex -29.6753 4.40191 78.0364
      vertex -29.4236 5.85271 2
      vertex -29.4236 5.85271 78
    endloop
  endfacet
  facet normal 0.985282 -0.170937 0
    outer loop
      vertex -29.4236 5.85271 2
      vertex -29.6753 4.40191 78.0364
      vertex -29.6753 4.40191 1.96364
    endloop
  endfacet
  facet normal 0.914217 0.405225 0
    outer loop
      vertex -27.1197 -12.8267 78.0364
      vertex -27.7164 -11.4805 2
      vertex -27.7164 -11.4805 78
    endloop
  endfacet
  facet normal 0.914217 0.405225 0
    outer loop
      vertex -27.7164 -11.4805 2
      vertex -27.1197 -12.8267 78.0364
      vertex -27.1197 -12.8267 1.96364
    endloop
  endfacet
  facet normal -0.992483 -0.12238 0
    outer loop
      vertex 29.8555 2.94051 2
      vertex 29.6753 4.40191 78.0364
      vertex 29.6753 4.40191 1.96364
    endloop
  endfacet
  facet normal -0.992483 -0.12238 0
    outer loop
      vertex 29.6753 4.40191 78.0364
      vertex 29.8555 2.94051 2
      vertex 29.8555 2.94051 78
    endloop
  endfacet
  facet normal 0.992483 -0.12238 0
    outer loop
      vertex -29.8555 2.94051 78
      vertex -29.6753 4.40191 1.96364
      vertex -29.6753 4.40191 78.0364
    endloop
  endfacet
  facet normal 0.992483 -0.12238 0
    outer loop
      vertex -29.6753 4.40191 1.96364
      vertex -29.8555 2.94051 78
      vertex -29.8555 2.94051 2
    endloop
  endfacet
  facet normal 0.405225 -0.914217 0
    outer loop
      vertex -12.8267 27.1197 78.0364
      vertex -11.4805 27.7164 2
      vertex -11.4805 27.7164 78
    endloop
  endfacet
  facet normal 0.405225 -0.914217 0
    outer loop
      vertex -11.4805 27.7164 2
      vertex -12.8267 27.1197 78.0364
      vertex -12.8267 27.1197 1.96364
    endloop
  endfacet
  facet normal -0.999699 0.0245166 0
    outer loop
      vertex 29.9639 -1.47203 1.96364
      vertex 30 0 78
      vertex 30 0 2
    endloop
  endfacet
  facet normal -0.999699 0.0245166 0
    outer loop
      vertex 30 0 78
      vertex 29.9639 -1.47203 1.96364
      vertex 29.9639 -1.47203 78.0364
    endloop
  endfacet
  facet normal -0.893201 0.449657 0
    outer loop
      vertex 26.4576 -14.1419 2
      vertex 27.1197 -12.8267 78.0364
      vertex 27.1197 -12.8267 1.96364
    endloop
  endfacet
  facet normal -0.893201 0.449657 0
    outer loop
      vertex 27.1197 -12.8267 78.0364
      vertex 26.4576 -14.1419 2
      vertex 26.4576 -14.1419 78
    endloop
  endfacet
  facet normal -0.949526 0.313688 0
    outer loop
      vertex 28.2463 -10.1067 1.96364
      vertex 28.7082 -8.70854 78
      vertex 28.7082 -8.70854 2
    endloop
  endfacet
  facet normal -0.949526 0.313688 0
    outer loop
      vertex 28.7082 -8.70854 78
      vertex 28.2463 -10.1067 1.96364
      vertex 28.2463 -10.1067 78.0364
    endloop
  endfacet
  facet normal 0.359875 -0.933 0
    outer loop
      vertex -11.4805 27.7164 2
      vertex -10.1067 28.2463 78.0364
      vertex -11.4805 27.7164 78
    endloop
  endfacet
  facet normal 0.359875 -0.933 0
    outer loop
      vertex -10.1067 28.2463 78.0364
      vertex -11.4805 27.7164 2
      vertex -10.1067 28.2463 1.96364
    endloop
  endfacet
  facet normal 0.788346 -0.615233 0
    outer loop
      vertex -24.0962 17.871 78.0364
      vertex -23.1903 19.0318 2
      vertex -23.1903 19.0318 78
    endloop
  endfacet
  facet normal 0.788346 -0.615233 0
    outer loop
      vertex -23.1903 19.0318 2
      vertex -24.0962 17.871 78.0364
      vertex -24.0962 17.871 1.96364
    endloop
  endfacet
  facet normal -0.359875 0.933 0
    outer loop
      vertex 11.4805 -27.7164 2
      vertex 10.1067 -28.2463 78.0364
      vertex 11.4805 -27.7164 78
    endloop
  endfacet
  facet normal -0.359875 0.933 0
    outer loop
      vertex 10.1067 -28.2463 78.0364
      vertex 11.4805 -27.7164 2
      vertex 10.1067 -28.2463 1.96364
    endloop
  endfacet
  facet normal -0.53502 0.84484 0
    outer loop
      vertex 16.6671 -24.9441 2
      vertex 15.4231 -25.7319 78.0364
      vertex 16.6671 -24.9441 78
    endloop
  endfacet
  facet normal -0.53502 0.84484 0
    outer loop
      vertex 15.4231 -25.7319 78.0364
      vertex 16.6671 -24.9441 2
      vertex 15.4231 -25.7319 1.96364
    endloop
  endfacet
  facet normal -0.999699 -0.0245166 0
    outer loop
      vertex 30 0 2
      vertex 29.9639 1.47203 78.0364
      vertex 29.9639 1.47203 1.96364
    endloop
  endfacet
  facet normal -0.999699 -0.0245166 0
    outer loop
      vertex 29.9639 1.47203 78.0364
      vertex 30 0 2
      vertex 30 0 78
    endloop
  endfacet
  facet normal 0.0245166 -0.999699 0
    outer loop
      vertex -1.47203 29.9639 78.0364
      vertex 0 30 2
      vertex 0 30 78
    endloop
  endfacet
  facet normal 0.0245166 -0.999699 0
    outer loop
      vertex 0 30 2
      vertex -1.47203 29.9639 78.0364
      vertex -1.47203 29.9639 1.96364
    endloop
  endfacet
  facet normal -0.757211 -0.653171 0
    outer loop
      vertex 23.1903 19.0318 2
      vertex 22.2285 20.1468 78.0364
      vertex 22.2285 20.1468 1.96364
    endloop
  endfacet
  facet normal -0.757211 -0.653171 0
    outer loop
      vertex 22.2285 20.1468 78.0364
      vertex 23.1903 19.0318 2
      vertex 23.1903 19.0318 78
    endloop
  endfacet
  facet normal 0.653171 0.757211 -0
    outer loop
      vertex -19.0318 -23.1903 2
      vertex -20.1468 -22.2285 78.0364
      vertex -19.0318 -23.1903 78
    endloop
  endfacet
  facet normal 0.653171 0.757211 0
    outer loop
      vertex -20.1468 -22.2285 78.0364
      vertex -19.0318 -23.1903 2
      vertex -20.1468 -22.2285 1.96364
    endloop
  endfacet
  facet normal -0.788346 -0.615233 0
    outer loop
      vertex 24.0962 17.871 1.96364
      vertex 23.1903 19.0318 78
      vertex 23.1903 19.0318 2
    endloop
  endfacet
  facet normal -0.788346 -0.615233 0
    outer loop
      vertex 23.1903 19.0318 78
      vertex 24.0962 17.871 1.96364
      vertex 24.0962 17.871 78.0364
    endloop
  endfacet
  facet normal -0.870113 -0.492851 0
    outer loop
      vertex 26.4576 14.1419 2
      vertex 25.7319 15.4231 78.0364
      vertex 25.7319 15.4231 1.96364
    endloop
  endfacet
  facet normal -0.870113 -0.492851 0
    outer loop
      vertex 25.7319 15.4231 78.0364
      vertex 26.4576 14.1419 2
      vertex 26.4576 14.1419 78
    endloop
  endfacet
  facet normal 0.492851 -0.870113 0
    outer loop
      vertex -15.4231 25.7319 78.0364
      vertex -14.1419 26.4576 2
      vertex -14.1419 26.4576 78
    endloop
  endfacet
  facet normal 0.492851 -0.870113 0
    outer loop
      vertex -14.1419 26.4576 2
      vertex -15.4231 25.7319 78.0364
      vertex -15.4231 25.7319 1.96364
    endloop
  endfacet
  facet normal -0.219153 -0.97569 0
    outer loop
      vertex 5.85271 29.4236 2
      vertex 7.2894 29.1009 78.0364
      vertex 5.85271 29.4236 78
    endloop
  endfacet
  facet normal -0.219153 -0.97569 -0
    outer loop
      vertex 7.2894 29.1009 78.0364
      vertex 5.85271 29.4236 2
      vertex 7.2894 29.1009 1.96364
    endloop
  endfacet
  facet normal -0.689542 -0.724246 0
    outer loop
      vertex 20.1468 22.2285 78.0364
      vertex 21.2132 21.2132 2
      vertex 21.2132 21.2132 78
    endloop
  endfacet
  facet normal -0.689542 -0.724246 0
    outer loop
      vertex 21.2132 21.2132 2
      vertex 20.1468 22.2285 78.0364
      vertex 20.1468 22.2285 1.96364
    endloop
  endfacet
  facet normal -0.689542 0.724246 0
    outer loop
      vertex 21.2132 -21.2132 2
      vertex 20.1468 -22.2285 78.0364
      vertex 21.2132 -21.2132 78
    endloop
  endfacet
  facet normal -0.689542 0.724246 0
    outer loop
      vertex 20.1468 -22.2285 78.0364
      vertex 21.2132 -21.2132 2
      vertex 20.1468 -22.2285 1.96364
    endloop
  endfacet
  facet normal -0.817579 -0.575816 0
    outer loop
      vertex 24.9441 16.6671 2
      vertex 24.0962 17.871 78.0364
      vertex 24.0962 17.871 1.96364
    endloop
  endfacet
  facet normal -0.817579 -0.575816 0
    outer loop
      vertex 24.0962 17.871 78.0364
      vertex 24.9441 16.6671 2
      vertex 24.9441 16.6671 78
    endloop
  endfacet
  facet normal -0.405225 -0.914217 0
    outer loop
      vertex 11.4805 27.7164 2
      vertex 12.8267 27.1197 78.0364
      vertex 11.4805 27.7164 78
    endloop
  endfacet
  facet normal -0.405225 -0.914217 -0
    outer loop
      vertex 12.8267 27.1197 78.0364
      vertex 11.4805 27.7164 2
      vertex 12.8267 27.1197 1.96364
    endloop
  endfacet
  facet normal -0.933 0.359875 0
    outer loop
      vertex 27.7164 -11.4805 2
      vertex 28.2463 -10.1067 78.0364
      vertex 28.2463 -10.1067 1.96364
    endloop
  endfacet
  facet normal -0.933 0.359875 0
    outer loop
      vertex 28.2463 -10.1067 78.0364
      vertex 27.7164 -11.4805 2
      vertex 27.7164 -11.4805 78
    endloop
  endfacet
  facet normal 0.788346 0.615233 0
    outer loop
      vertex -23.1903 -19.0318 78
      vertex -24.0962 -17.871 1.96364
      vertex -24.0962 -17.871 78.0364
    endloop
  endfacet
  facet normal 0.788346 0.615233 0
    outer loop
      vertex -24.0962 -17.871 1.96364
      vertex -23.1903 -19.0318 78
      vertex -23.1903 -19.0318 2
    endloop
  endfacet
  facet normal 0.949526 0.313688 0
    outer loop
      vertex -28.2463 -10.1067 78.0364
      vertex -28.7082 -8.70854 2
      vertex -28.7082 -8.70854 78
    endloop
  endfacet
  facet normal 0.949526 0.313688 0
    outer loop
      vertex -28.7082 -8.70854 2
      vertex -28.2463 -10.1067 78.0364
      vertex -28.2463 -10.1067 1.96364
    endloop
  endfacet
  facet normal 0.12238 -0.992483 0
    outer loop
      vertex -4.40191 29.6753 78.0364
      vertex -2.94051 29.8555 2
      vertex -2.94051 29.8555 78
    endloop
  endfacet
  facet normal 0.12238 -0.992483 0
    outer loop
      vertex -2.94051 29.8555 2
      vertex -4.40191 29.6753 78.0364
      vertex -4.40191 29.6753 1.96364
    endloop
  endfacet
  facet normal -0.724246 0.689542 0
    outer loop
      vertex 21.2132 -21.2132 2
      vertex 22.2285 -20.1468 78.0364
      vertex 22.2285 -20.1468 1.96364
    endloop
  endfacet
  facet normal -0.724246 0.689542 0
    outer loop
      vertex 22.2285 -20.1468 78.0364
      vertex 21.2132 -21.2132 2
      vertex 21.2132 -21.2132 78
    endloop
  endfacet
  facet normal 0.575816 -0.817579 0
    outer loop
      vertex -17.871 24.0962 78.0364
      vertex -16.6671 24.9441 2
      vertex -16.6671 24.9441 78
    endloop
  endfacet
  facet normal 0.575816 -0.817579 0
    outer loop
      vertex -16.6671 24.9441 2
      vertex -17.871 24.0962 78.0364
      vertex -17.871 24.0962 1.96364
    endloop
  endfacet
  facet normal 0.992483 0.12238 0
    outer loop
      vertex -29.6753 -4.40191 78.0364
      vertex -29.8555 -2.94051 2
      vertex -29.8555 -2.94051 78
    endloop
  endfacet
  facet normal 0.992483 0.12238 0
    outer loop
      vertex -29.8555 -2.94051 2
      vertex -29.6753 -4.40191 78.0364
      vertex -29.6753 -4.40191 1.96364
    endloop
  endfacet
  facet normal 0.997287 -0.0736175 0
    outer loop
      vertex -29.9639 1.47203 78.0364
      vertex -29.8555 2.94051 2
      vertex -29.8555 2.94051 78
    endloop
  endfacet
  facet normal 0.997287 -0.0736175 0
    outer loop
      vertex -29.8555 2.94051 2
      vertex -29.9639 1.47203 78.0364
      vertex -29.9639 1.47203 1.96364
    endloop
  endfacet
  facet normal -0.84484 -0.53502 0
    outer loop
      vertex 25.7319 15.4231 1.96364
      vertex 24.9441 16.6671 78
      vertex 24.9441 16.6671 2
    endloop
  endfacet
  facet normal -0.84484 -0.53502 0
    outer loop
      vertex 24.9441 16.6671 78
      vertex 25.7319 15.4231 1.96364
      vertex 25.7319 15.4231 78.0364
    endloop
  endfacet
  facet normal -0.12238 0.992483 0
    outer loop
      vertex 4.40191 -29.6753 78.0364
      vertex 2.94051 -29.8555 2
      vertex 2.94051 -29.8555 78
    endloop
  endfacet
  facet normal -0.12238 0.992483 0
    outer loop
      vertex 2.94051 -29.8555 2
      vertex 4.40191 -29.6753 78.0364
      vertex 4.40191 -29.6753 1.96364
    endloop
  endfacet
  facet normal -0.653171 -0.757211 0
    outer loop
      vertex 19.0318 23.1903 2
      vertex 20.1468 22.2285 78.0364
      vertex 19.0318 23.1903 78
    endloop
  endfacet
  facet normal -0.653171 -0.757211 -0
    outer loop
      vertex 20.1468 22.2285 78.0364
      vertex 19.0318 23.1903 2
      vertex 20.1468 22.2285 1.96364
    endloop
  endfacet
  facet normal -0.266695 -0.963781 0
    outer loop
      vertex 7.2894 29.1009 78.0364
      vertex 8.70854 28.7082 2
      vertex 8.70854 28.7082 78
    endloop
  endfacet
  facet normal -0.266695 -0.963781 0
    outer loop
      vertex 8.70854 28.7082 2
      vertex 7.2894 29.1009 78.0364
      vertex 7.2894 29.1009 1.96364
    endloop
  endfacet
  facet normal -0.997287 -0.0736175 0
    outer loop
      vertex 29.9639 1.47203 1.96364
      vertex 29.8555 2.94051 78
      vertex 29.8555 2.94051 2
    endloop
  endfacet
  facet normal -0.997287 -0.0736175 0
    outer loop
      vertex 29.8555 2.94051 78
      vertex 29.9639 1.47203 1.96364
      vertex 29.9639 1.47203 78.0364
    endloop
  endfacet
  facet normal 0.870113 -0.492851 0
    outer loop
      vertex -26.4576 14.1419 78
      vertex -25.7319 15.4231 1.96364
      vertex -25.7319 15.4231 78.0364
    endloop
  endfacet
  facet normal 0.870113 -0.492851 0
    outer loop
      vertex -25.7319 15.4231 1.96364
      vertex -26.4576 14.1419 78
      vertex -26.4576 14.1419 2
    endloop
  endfacet
  facet normal -0.788346 0.615233 0
    outer loop
      vertex 23.1903 -19.0318 2
      vertex 24.0962 -17.871 78.0364
      vertex 24.0962 -17.871 1.96364
    endloop
  endfacet
  facet normal -0.788346 0.615233 0
    outer loop
      vertex 24.0962 -17.871 78.0364
      vertex 23.1903 -19.0318 2
      vertex 23.1903 -19.0318 78
    endloop
  endfacet
  facet normal -0.12238 -0.992483 0
    outer loop
      vertex 2.94051 29.8555 2
      vertex 4.40191 29.6753 78.0364
      vertex 2.94051 29.8555 78
    endloop
  endfacet
  facet normal -0.12238 -0.992483 -0
    outer loop
      vertex 4.40191 29.6753 78.0364
      vertex 2.94051 29.8555 2
      vertex 4.40191 29.6753 1.96364
    endloop
  endfacet
  facet normal -0.914217 -0.405225 0
    outer loop
      vertex 27.7164 11.4805 2
      vertex 27.1197 12.8267 78.0364
      vertex 27.1197 12.8267 1.96364
    endloop
  endfacet
  facet normal -0.914217 -0.405225 0
    outer loop
      vertex 27.1197 12.8267 78.0364
      vertex 27.7164 11.4805 2
      vertex 27.7164 11.4805 78
    endloop
  endfacet
  facet normal -0.84484 0.53502 0
    outer loop
      vertex 24.9441 -16.6671 2
      vertex 25.7319 -15.4231 78.0364
      vertex 25.7319 -15.4231 1.96364
    endloop
  endfacet
  facet normal -0.84484 0.53502 0
    outer loop
      vertex 25.7319 -15.4231 78.0364
      vertex 24.9441 -16.6671 2
      vertex 24.9441 -16.6671 78
    endloop
  endfacet
  facet normal -0.359875 -0.933 0
    outer loop
      vertex 10.1067 28.2463 78.0364
      vertex 11.4805 27.7164 2
      vertex 11.4805 27.7164 78
    endloop
  endfacet
  facet normal -0.359875 -0.933 0
    outer loop
      vertex 11.4805 27.7164 2
      vertex 10.1067 28.2463 78.0364
      vertex 10.1067 28.2463 1.96364
    endloop
  endfacet
  facet normal -0.266695 0.963781 0
    outer loop
      vertex 8.70854 -28.7082 2
      vertex 7.2894 -29.1009 78.0364
      vertex 8.70854 -28.7082 78
    endloop
  endfacet
  facet normal -0.266695 0.963781 0
    outer loop
      vertex 7.2894 -29.1009 78.0364
      vertex 8.70854 -28.7082 2
      vertex 7.2894 -29.1009 1.96364
    endloop
  endfacet
  facet normal -0.615233 0.788346 0
    outer loop
      vertex 19.0318 -23.1903 2
      vertex 17.871 -24.0962 78.0364
      vertex 19.0318 -23.1903 78
    endloop
  endfacet
  facet normal -0.615233 0.788346 0
    outer loop
      vertex 17.871 -24.0962 78.0364
      vertex 19.0318 -23.1903 2
      vertex 17.871 -24.0962 1.96364
    endloop
  endfacet
  facet normal 0.266695 0.963781 0
    outer loop
      vertex -7.2894 -29.1009 78.0364
      vertex -8.70854 -28.7082 2
      vertex -8.70854 -28.7082 78
    endloop
  endfacet
  facet normal 0.266695 0.963781 0
    outer loop
      vertex -8.70854 -28.7082 2
      vertex -7.2894 -29.1009 78.0364
      vertex -7.2894 -29.1009 1.96364
    endloop
  endfacet
  facet normal -0.170937 -0.985282 0
    outer loop
      vertex 4.40191 29.6753 78.0364
      vertex 5.85271 29.4236 2
      vertex 5.85271 29.4236 78
    endloop
  endfacet
  facet normal -0.170937 -0.985282 0
    outer loop
      vertex 5.85271 29.4236 2
      vertex 4.40191 29.6753 78.0364
      vertex 4.40191 29.6753 1.96364
    endloop
  endfacet
  facet normal 0.963781 -0.266695 0
    outer loop
      vertex -29.1009 7.2894 78.0364
      vertex -28.7082 8.70854 2
      vertex -28.7082 8.70854 78
    endloop
  endfacet
  facet normal 0.963781 -0.266695 0
    outer loop
      vertex -28.7082 8.70854 2
      vertex -29.1009 7.2894 78.0364
      vertex -29.1009 7.2894 1.96364
    endloop
  endfacet
  facet normal 0.170937 0.985282 0
    outer loop
      vertex -4.40191 -29.6753 78.0364
      vertex -5.85271 -29.4236 2
      vertex -5.85271 -29.4236 78
    endloop
  endfacet
  facet normal 0.170937 0.985282 0
    outer loop
      vertex -5.85271 -29.4236 2
      vertex -4.40191 -29.6753 78.0364
      vertex -4.40191 -29.6753 1.96364
    endloop
  endfacet
  facet normal -0.449657 -0.893201 0
    outer loop
      vertex 12.8267 27.1197 78.0364
      vertex 14.1419 26.4576 2
      vertex 14.1419 26.4576 78
    endloop
  endfacet
  facet normal -0.449657 -0.893201 0
    outer loop
      vertex 14.1419 26.4576 2
      vertex 12.8267 27.1197 78.0364
      vertex 12.8267 27.1197 1.96364
    endloop
  endfacet
  facet normal -0.405225 0.914217 0
    outer loop
      vertex 12.8267 -27.1197 78.0364
      vertex 11.4805 -27.7164 2
      vertex 11.4805 -27.7164 78
    endloop
  endfacet
  facet normal -0.405225 0.914217 0
    outer loop
      vertex 11.4805 -27.7164 2
      vertex 12.8267 -27.1197 78.0364
      vertex 12.8267 -27.1197 1.96364
    endloop
  endfacet
  facet normal -0.963781 0.266695 0
    outer loop
      vertex 28.7082 -8.70854 2
      vertex 29.1009 -7.2894 78.0364
      vertex 29.1009 -7.2894 1.96364
    endloop
  endfacet
  facet normal -0.963781 0.266695 0
    outer loop
      vertex 29.1009 -7.2894 78.0364
      vertex 28.7082 -8.70854 2
      vertex 28.7082 -8.70854 78
    endloop
  endfacet
  facet normal -0.985282 0.170937 0
    outer loop
      vertex 29.4236 -5.85271 2
      vertex 29.6753 -4.40191 78.0364
      vertex 29.6753 -4.40191 1.96364
    endloop
  endfacet
  facet normal -0.985282 0.170937 0
    outer loop
      vertex 29.6753 -4.40191 78.0364
      vertex 29.4236 -5.85271 2
      vertex 29.4236 -5.85271 78
    endloop
  endfacet
  facet normal -0.985282 -0.170937 0
    outer loop
      vertex 29.6753 4.40191 1.96364
      vertex 29.4236 5.85271 78
      vertex 29.4236 5.85271 2
    endloop
  endfacet
  facet normal -0.985282 -0.170937 0
    outer loop
      vertex 29.4236 5.85271 78
      vertex 29.6753 4.40191 1.96364
      vertex 29.6753 4.40191 78.0364
    endloop
  endfacet
  facet normal -0.313688 -0.949526 0
    outer loop
      vertex 8.70854 28.7082 2
      vertex 10.1067 28.2463 78.0364
      vertex 8.70854 28.7082 78
    endloop
  endfacet
  facet normal -0.313688 -0.949526 -0
    outer loop
      vertex 10.1067 28.2463 78.0364
      vertex 8.70854 28.7082 2
      vertex 10.1067 28.2463 1.96364
    endloop
  endfacet
  facet normal 0.0245166 0.999699 -0
    outer loop
      vertex 0 -30 2
      vertex -1.47203 -29.9639 78.0364
      vertex 0 -30 78
    endloop
  endfacet
  facet normal 0.0245166 0.999699 0
    outer loop
      vertex -1.47203 -29.9639 78.0364
      vertex 0 -30 2
      vertex -1.47203 -29.9639 1.96364
    endloop
  endfacet
  facet normal -0.997287 0.0736175 0
    outer loop
      vertex 29.8555 -2.94051 2
      vertex 29.9639 -1.47203 78.0364
      vertex 29.9639 -1.47203 1.96364
    endloop
  endfacet
  facet normal -0.997287 0.0736175 0
    outer loop
      vertex 29.9639 -1.47203 78.0364
      vertex 29.8555 -2.94051 2
      vertex 29.8555 -2.94051 78
    endloop
  endfacet
  facet normal 0.653171 -0.757211 0
    outer loop
      vertex -20.1468 22.2285 78.0364
      vertex -19.0318 23.1903 2
      vertex -19.0318 23.1903 78
    endloop
  endfacet
  facet normal 0.653171 -0.757211 0
    outer loop
      vertex -19.0318 23.1903 2
      vertex -20.1468 22.2285 78.0364
      vertex -20.1468 22.2285 1.96364
    endloop
  endfacet
  facet normal 0.949526 -0.313688 0
    outer loop
      vertex -28.7082 8.70854 78
      vertex -28.2463 10.1067 1.96364
      vertex -28.2463 10.1067 78.0364
    endloop
  endfacet
  facet normal 0.949526 -0.313688 0
    outer loop
      vertex -28.2463 10.1067 1.96364
      vertex -28.7082 8.70854 78
      vertex -28.7082 8.70854 2
    endloop
  endfacet
  facet normal -0.170937 0.985282 0
    outer loop
      vertex 5.85271 -29.4236 2
      vertex 4.40191 -29.6753 78.0364
      vertex 5.85271 -29.4236 78
    endloop
  endfacet
  facet normal -0.170937 0.985282 0
    outer loop
      vertex 4.40191 -29.6753 78.0364
      vertex 5.85271 -29.4236 2
      vertex 4.40191 -29.6753 1.96364
    endloop
  endfacet
  facet normal -0.817579 0.575816 0
    outer loop
      vertex 24.0962 -17.871 1.96364
      vertex 24.9441 -16.6671 78
      vertex 24.9441 -16.6671 2
    endloop
  endfacet
  facet normal -0.817579 0.575816 0
    outer loop
      vertex 24.9441 -16.6671 78
      vertex 24.0962 -17.871 1.96364
      vertex 24.0962 -17.871 78.0364
    endloop
  endfacet
  facet normal -0.492851 -0.870113 0
    outer loop
      vertex 14.1419 26.4576 2
      vertex 15.4231 25.7319 78.0364
      vertex 14.1419 26.4576 78
    endloop
  endfacet
  facet normal -0.492851 -0.870113 -0
    outer loop
      vertex 15.4231 25.7319 78.0364
      vertex 14.1419 26.4576 2
      vertex 15.4231 25.7319 1.96364
    endloop
  endfacet
  facet normal 0.359875 0.933 0
    outer loop
      vertex -10.1067 -28.2463 78.0364
      vertex -11.4805 -27.7164 2
      vertex -11.4805 -27.7164 78
    endloop
  endfacet
  facet normal 0.359875 0.933 0
    outer loop
      vertex -11.4805 -27.7164 2
      vertex -10.1067 -28.2463 78.0364
      vertex -10.1067 -28.2463 1.96364
    endloop
  endfacet
  facet normal 0.12238 0.992483 -0
    outer loop
      vertex -2.94051 -29.8555 2
      vertex -4.40191 -29.6753 78.0364
      vertex -2.94051 -29.8555 78
    endloop
  endfacet
  facet normal 0.12238 0.992483 0
    outer loop
      vertex -4.40191 -29.6753 78.0364
      vertex -2.94051 -29.8555 2
      vertex -4.40191 -29.6753 1.96364
    endloop
  endfacet
  facet normal -0.0245166 -0.999699 0
    outer loop
      vertex 0 30 2
      vertex 1.47203 29.9639 78.0364
      vertex 0 30 78
    endloop
  endfacet
  facet normal -0.0245166 -0.999699 -0
    outer loop
      vertex 1.47203 29.9639 78.0364
      vertex 0 30 2
      vertex 1.47203 29.9639 1.96364
    endloop
  endfacet
  facet normal 0.97569 -0.219153 0
    outer loop
      vertex -29.4236 5.85271 78
      vertex -29.1009 7.2894 1.96364
      vertex -29.1009 7.2894 78.0364
    endloop
  endfacet
  facet normal 0.97569 -0.219153 0
    outer loop
      vertex -29.1009 7.2894 1.96364
      vertex -29.4236 5.85271 78
      vertex -29.4236 5.85271 2
    endloop
  endfacet
  facet normal -0.933 -0.359875 0
    outer loop
      vertex 28.2463 10.1067 1.96364
      vertex 27.7164 11.4805 78
      vertex 27.7164 11.4805 2
    endloop
  endfacet
  facet normal -0.933 -0.359875 0
    outer loop
      vertex 27.7164 11.4805 78
      vertex 28.2463 10.1067 1.96364
      vertex 28.2463 10.1067 78.0364
    endloop
  endfacet
  facet normal -0.724246 -0.689542 0
    outer loop
      vertex 22.2285 20.1468 1.96364
      vertex 21.2132 21.2132 78
      vertex 21.2132 21.2132 2
    endloop
  endfacet
  facet normal -0.724246 -0.689542 0
    outer loop
      vertex 21.2132 21.2132 78
      vertex 22.2285 20.1468 1.96364
      vertex 22.2285 20.1468 78.0364
    endloop
  endfacet
  facet normal 0.0736175 0.997287 0
    outer loop
      vertex -1.47203 -29.9639 78.0364
      vertex -2.94051 -29.8555 2
      vertex -2.94051 -29.8555 78
    endloop
  endfacet
  facet normal 0.0736175 0.997287 0
    outer loop
      vertex -2.94051 -29.8555 2
      vertex -1.47203 -29.9639 78.0364
      vertex -1.47203 -29.9639 1.96364
    endloop
  endfacet
  facet normal -0.653171 0.757211 0
    outer loop
      vertex 20.1468 -22.2285 78.0364
      vertex 19.0318 -23.1903 2
      vertex 19.0318 -23.1903 78
    endloop
  endfacet
  facet normal -0.653171 0.757211 0
    outer loop
      vertex 19.0318 -23.1903 2
      vertex 20.1468 -22.2285 78.0364
      vertex 20.1468 -22.2285 1.96364
    endloop
  endfacet
  facet normal 0.933 0.359875 0
    outer loop
      vertex -27.7164 -11.4805 78
      vertex -28.2463 -10.1067 1.96364
      vertex -28.2463 -10.1067 78.0364
    endloop
  endfacet
  facet normal 0.933 0.359875 0
    outer loop
      vertex -28.2463 -10.1067 1.96364
      vertex -27.7164 -11.4805 78
      vertex -27.7164 -11.4805 2
    endloop
  endfacet
  facet normal 0.914217 -0.405225 0
    outer loop
      vertex -27.7164 11.4805 78
      vertex -27.1197 12.8267 1.96364
      vertex -27.1197 12.8267 78.0364
    endloop
  endfacet
  facet normal 0.914217 -0.405225 0
    outer loop
      vertex -27.1197 12.8267 1.96364
      vertex -27.7164 11.4805 78
      vertex -27.7164 11.4805 2
    endloop
  endfacet
  facet normal -0.575816 -0.817579 0
    outer loop
      vertex 16.6671 24.9441 2
      vertex 17.871 24.0962 78.0364
      vertex 16.6671 24.9441 78
    endloop
  endfacet
  facet normal -0.575816 -0.817579 -0
    outer loop
      vertex 17.871 24.0962 78.0364
      vertex 16.6671 24.9441 2
      vertex 17.871 24.0962 1.96364
    endloop
  endfacet
  facet normal 0.724246 0.689542 0
    outer loop
      vertex -21.2132 -21.2132 78
      vertex -22.2285 -20.1468 1.96364
      vertex -22.2285 -20.1468 78.0364
    endloop
  endfacet
  facet normal 0.724246 0.689542 0
    outer loop
      vertex -22.2285 -20.1468 1.96364
      vertex -21.2132 -21.2132 78
      vertex -21.2132 -21.2132 2
    endloop
  endfacet
  facet normal 0.893201 -0.449657 0
    outer loop
      vertex -27.1197 12.8267 78.0364
      vertex -26.4576 14.1419 2
      vertex -26.4576 14.1419 78
    endloop
  endfacet
  facet normal 0.893201 -0.449657 0
    outer loop
      vertex -26.4576 14.1419 2
      vertex -27.1197 12.8267 78.0364
      vertex -27.1197 12.8267 1.96364
    endloop
  endfacet
  facet normal 0.53502 0.84484 0
    outer loop
      vertex -15.4231 -25.7319 78.0364
      vertex -16.6671 -24.9441 2
      vertex -16.6671 -24.9441 78
    endloop
  endfacet
  facet normal 0.53502 0.84484 0
    outer loop
      vertex -16.6671 -24.9441 2
      vertex -15.4231 -25.7319 78.0364
      vertex -15.4231 -25.7319 1.96364
    endloop
  endfacet
  facet normal 0.817579 -0.575816 0
    outer loop
      vertex -24.9441 16.6671 78
      vertex -24.0962 17.871 1.96364
      vertex -24.0962 17.871 78.0364
    endloop
  endfacet
  facet normal 0.817579 -0.575816 0
    outer loop
      vertex -24.0962 17.871 1.96364
      vertex -24.9441 16.6671 78
      vertex -24.9441 16.6671 2
    endloop
  endfacet
  facet normal -0.492851 0.870113 0
    outer loop
      vertex 15.4231 -25.7319 78.0364
      vertex 14.1419 -26.4576 2
      vertex 14.1419 -26.4576 78
    endloop
  endfacet
  facet normal -0.492851 0.870113 0
    outer loop
      vertex 14.1419 -26.4576 2
      vertex 15.4231 -25.7319 78.0364
      vertex 15.4231 -25.7319 1.96364
    endloop
  endfacet
  facet normal -0.449657 0.893201 0
    outer loop
      vertex 14.1419 -26.4576 2
      vertex 12.8267 -27.1197 78.0364
      vertex 14.1419 -26.4576 78
    endloop
  endfacet
  facet normal -0.449657 0.893201 0
    outer loop
      vertex 12.8267 -27.1197 78.0364
      vertex 14.1419 -26.4576 2
      vertex 12.8267 -27.1197 1.96364
    endloop
  endfacet
  facet normal 0.0736175 -0.997287 0
    outer loop
      vertex -2.94051 29.8555 2
      vertex -1.47203 29.9639 78.0364
      vertex -2.94051 29.8555 78
    endloop
  endfacet
  facet normal 0.0736175 -0.997287 0
    outer loop
      vertex -1.47203 29.9639 78.0364
      vertex -2.94051 29.8555 2
      vertex -1.47203 29.9639 1.96364
    endloop
  endfacet
  facet normal 0.615233 -0.788346 0
    outer loop
      vertex -19.0318 23.1903 2
      vertex -17.871 24.0962 78.0364
      vertex -19.0318 23.1903 78
    endloop
  endfacet
  facet normal 0.615233 -0.788346 0
    outer loop
      vertex -17.871 24.0962 78.0364
      vertex -19.0318 23.1903 2
      vertex -17.871 24.0962 1.96364
    endloop
  endfacet
  facet normal 0.999699 0.0245166 0
    outer loop
      vertex -29.9639 -1.47203 78.0364
      vertex -30 0 2
      vertex -30 0 78
    endloop
  endfacet
  facet normal 0.999699 0.0245166 0
    outer loop
      vertex -30 0 2
      vertex -29.9639 -1.47203 78.0364
      vertex -29.9639 -1.47203 1.96364
    endloop
  endfacet
  facet normal 0.997287 0.0736175 0
    outer loop
      vertex -29.8555 -2.94051 78
      vertex -29.9639 -1.47203 1.96364
      vertex -29.9639 -1.47203 78.0364
    endloop
  endfacet
  facet normal 0.997287 0.0736175 0
    outer loop
      vertex -29.9639 -1.47203 1.96364
      vertex -29.8555 -2.94051 78
      vertex -29.8555 -2.94051 2
    endloop
  endfacet
  facet normal -0.870113 0.492851 0
    outer loop
      vertex 25.7319 -15.4231 1.96364
      vertex 26.4576 -14.1419 78
      vertex 26.4576 -14.1419 2
    endloop
  endfacet
  facet normal -0.870113 0.492851 0
    outer loop
      vertex 26.4576 -14.1419 78
      vertex 25.7319 -15.4231 1.96364
      vertex 25.7319 -15.4231 78.0364
    endloop
  endfacet
  facet normal 0.449657 -0.893201 0
    outer loop
      vertex -14.1419 26.4576 2
      vertex -12.8267 27.1197 78.0364
      vertex -14.1419 26.4576 78
    endloop
  endfacet
  facet normal 0.449657 -0.893201 0
    outer loop
      vertex -12.8267 27.1197 78.0364
      vertex -14.1419 26.4576 2
      vertex -12.8267 27.1197 1.96364
    endloop
  endfacet
  facet normal 0.985282 0.170937 0
    outer loop
      vertex -29.4236 -5.85271 78
      vertex -29.6753 -4.40191 1.96364
      vertex -29.6753 -4.40191 78.0364
    endloop
  endfacet
  facet normal 0.985282 0.170937 0
    outer loop
      vertex -29.6753 -4.40191 1.96364
      vertex -29.4236 -5.85271 78
      vertex -29.4236 -5.85271 2
    endloop
  endfacet
  facet normal -0.313688 0.949526 0
    outer loop
      vertex 10.1067 -28.2463 78.0364
      vertex 8.70854 -28.7082 2
      vertex 8.70854 -28.7082 78
    endloop
  endfacet
  facet normal -0.313688 0.949526 0
    outer loop
      vertex 8.70854 -28.7082 2
      vertex 10.1067 -28.2463 78.0364
      vertex 10.1067 -28.2463 1.96364
    endloop
  endfacet
  facet normal -0.219153 0.97569 0
    outer loop
      vertex 7.2894 -29.1009 78.0364
      vertex 5.85271 -29.4236 2
      vertex 5.85271 -29.4236 78
    endloop
  endfacet
  facet normal -0.219153 0.97569 0
    outer loop
      vertex 5.85271 -29.4236 2
      vertex 7.2894 -29.1009 78.0364
      vertex 7.2894 -29.1009 1.96364
    endloop
  endfacet
  facet normal 0.689542 0.724246 0
    outer loop
      vertex -20.1468 -22.2285 78.0364
      vertex -21.2132 -21.2132 2
      vertex -21.2132 -21.2132 78
    endloop
  endfacet
  facet normal 0.689542 0.724246 0
    outer loop
      vertex -21.2132 -21.2132 2
      vertex -20.1468 -22.2285 78.0364
      vertex -20.1468 -22.2285 1.96364
    endloop
  endfacet
  facet normal -0.0736175 0.997287 0
    outer loop
      vertex 2.94051 -29.8555 2
      vertex 1.47203 -29.9639 78.0364
      vertex 2.94051 -29.8555 78
    endloop
  endfacet
  facet normal -0.0736175 0.997287 0
    outer loop
      vertex 1.47203 -29.9639 78.0364
      vertex 2.94051 -29.8555 2
      vertex 1.47203 -29.9639 1.96364
    endloop
  endfacet
  facet normal 0.219153 0.97569 -0
    outer loop
      vertex -5.85271 -29.4236 2
      vertex -7.2894 -29.1009 78.0364
      vertex -5.85271 -29.4236 78
    endloop
  endfacet
  facet normal 0.219153 0.97569 0
    outer loop
      vertex -7.2894 -29.1009 78.0364
      vertex -5.85271 -29.4236 2
      vertex -7.2894 -29.1009 1.96364
    endloop
  endfacet
  facet normal 0.492851 0.870113 -0
    outer loop
      vertex -14.1419 -26.4576 2
      vertex -15.4231 -25.7319 78.0364
      vertex -14.1419 -26.4576 78
    endloop
  endfacet
  facet normal 0.492851 0.870113 0
    outer loop
      vertex -15.4231 -25.7319 78.0364
      vertex -14.1419 -26.4576 2
      vertex -15.4231 -25.7319 1.96364
    endloop
  endfacet
  facet normal -0.97569 0.219153 0
    outer loop
      vertex 29.1009 -7.2894 1.96364
      vertex 29.4236 -5.85271 78
      vertex 29.4236 -5.85271 2
    endloop
  endfacet
  facet normal -0.97569 0.219153 0
    outer loop
      vertex 29.4236 -5.85271 78
      vertex 29.1009 -7.2894 1.96364
      vertex 29.1009 -7.2894 78.0364
    endloop
  endfacet
  facet normal 0.933 -0.359875 0
    outer loop
      vertex -28.2463 10.1067 78.0364
      vertex -27.7164 11.4805 2
      vertex -27.7164 11.4805 78
    endloop
  endfacet
  facet normal 0.933 -0.359875 0
    outer loop
      vertex -27.7164 11.4805 2
      vertex -28.2463 10.1067 78.0364
      vertex -28.2463 10.1067 1.96364
    endloop
  endfacet
  facet normal -0.53502 -0.84484 0
    outer loop
      vertex 15.4231 25.7319 78.0364
      vertex 16.6671 24.9441 2
      vertex 16.6671 24.9441 78
    endloop
  endfacet
  facet normal -0.53502 -0.84484 0
    outer loop
      vertex 16.6671 24.9441 2
      vertex 15.4231 25.7319 78.0364
      vertex 15.4231 25.7319 1.96364
    endloop
  endfacet
  facet normal -0.0736175 -0.997287 0
    outer loop
      vertex 1.47203 29.9639 78.0364
      vertex 2.94051 29.8555 2
      vertex 2.94051 29.8555 78
    endloop
  endfacet
  facet normal -0.0736175 -0.997287 0
    outer loop
      vertex 2.94051 29.8555 2
      vertex 1.47203 29.9639 78.0364
      vertex 1.47203 29.9639 1.96364
    endloop
  endfacet
  facet normal -0.914217 0.405225 0
    outer loop
      vertex 27.1197 -12.8267 1.96364
      vertex 27.7164 -11.4805 78
      vertex 27.7164 -11.4805 2
    endloop
  endfacet
  facet normal -0.914217 0.405225 0
    outer loop
      vertex 27.7164 -11.4805 78
      vertex 27.1197 -12.8267 1.96364
      vertex 27.1197 -12.8267 78.0364
    endloop
  endfacet
  facet normal 0.999699 -0.0245166 0
    outer loop
      vertex -30 0 78
      vertex -29.9639 1.47203 1.96364
      vertex -29.9639 1.47203 78.0364
    endloop
  endfacet
  facet normal 0.999699 -0.0245166 0
    outer loop
      vertex -29.9639 1.47203 1.96364
      vertex -30 0 78
      vertex -30 0 2
    endloop
  endfacet
  facet normal 0.219153 -0.97569 0
    outer loop
      vertex -7.2894 29.1009 78.0364
      vertex -5.85271 29.4236 2
      vertex -5.85271 29.4236 78
    endloop
  endfacet
  facet normal 0.219153 -0.97569 0
    outer loop
      vertex -5.85271 29.4236 2
      vertex -7.2894 29.1009 78.0364
      vertex -7.2894 29.1009 1.96364
    endloop
  endfacet
  facet normal 0.266695 -0.963781 0
    outer loop
      vertex -8.70854 28.7082 2
      vertex -7.2894 29.1009 78.0364
      vertex -8.70854 28.7082 78
    endloop
  endfacet
  facet normal 0.266695 -0.963781 0
    outer loop
      vertex -7.2894 29.1009 78.0364
      vertex -8.70854 28.7082 2
      vertex -7.2894 29.1009 1.96364
    endloop
  endfacet
  facet normal 0.97569 0.219153 0
    outer loop
      vertex -29.1009 -7.2894 78.0364
      vertex -29.4236 -5.85271 2
      vertex -29.4236 -5.85271 78
    endloop
  endfacet
  facet normal 0.97569 0.219153 0
    outer loop
      vertex -29.4236 -5.85271 2
      vertex -29.1009 -7.2894 78.0364
      vertex -29.1009 -7.2894 1.96364
    endloop
  endfacet
  facet normal 0.817579 0.575816 0
    outer loop
      vertex -24.0962 -17.871 78.0364
      vertex -24.9441 -16.6671 2
      vertex -24.9441 -16.6671 78
    endloop
  endfacet
  facet normal 0.817579 0.575816 0
    outer loop
      vertex -24.9441 -16.6671 2
      vertex -24.0962 -17.871 78.0364
      vertex -24.0962 -17.871 1.96364
    endloop
  endfacet
  facet normal 0.963781 0.266695 0
    outer loop
      vertex -28.7082 -8.70854 78
      vertex -29.1009 -7.2894 1.96364
      vertex -29.1009 -7.2894 78.0364
    endloop
  endfacet
  facet normal 0.963781 0.266695 0
    outer loop
      vertex -29.1009 -7.2894 1.96364
      vertex -28.7082 -8.70854 78
      vertex -28.7082 -8.70854 2
    endloop
  endfacet
  facet normal 0.405225 0.914217 -0
    outer loop
      vertex -11.4805 -27.7164 2
      vertex -12.8267 -27.1197 78.0364
      vertex -11.4805 -27.7164 78
    endloop
  endfacet
  facet normal 0.405225 0.914217 0
    outer loop
      vertex -12.8267 -27.1197 78.0364
      vertex -11.4805 -27.7164 2
      vertex -12.8267 -27.1197 1.96364
    endloop
  endfacet
  facet normal 0.724246 -0.689542 0
    outer loop
      vertex -22.2285 20.1468 78.0364
      vertex -21.2132 21.2132 2
      vertex -21.2132 21.2132 78
    endloop
  endfacet
  facet normal 0.724246 -0.689542 0
    outer loop
      vertex -21.2132 21.2132 2
      vertex -22.2285 20.1468 78.0364
      vertex -22.2285 20.1468 1.96364
    endloop
  endfacet
  facet normal 0.575816 0.817579 -0
    outer loop
      vertex -16.6671 -24.9441 2
      vertex -17.871 -24.0962 78.0364
      vertex -16.6671 -24.9441 78
    endloop
  endfacet
  facet normal 0.575816 0.817579 0
    outer loop
      vertex -17.871 -24.0962 78.0364
      vertex -16.6671 -24.9441 2
      vertex -17.871 -24.0962 1.96364
    endloop
  endfacet
  facet normal 0.615233 0.788346 0
    outer loop
      vertex -17.871 -24.0962 78.0364
      vertex -19.0318 -23.1903 2
      vertex -19.0318 -23.1903 78
    endloop
  endfacet
  facet normal 0.615233 0.788346 0
    outer loop
      vertex -19.0318 -23.1903 2
      vertex -17.871 -24.0962 78.0364
      vertex -17.871 -24.0962 1.96364
    endloop
  endfacet
  facet normal -0.575816 0.817579 0
    outer loop
      vertex 17.871 -24.0962 78.0364
      vertex 16.6671 -24.9441 2
      vertex 16.6671 -24.9441 78
    endloop
  endfacet
  facet normal -0.575816 0.817579 0
    outer loop
      vertex 16.6671 -24.9441 2
      vertex 17.871 -24.0962 78.0364
      vertex 17.871 -24.0962 1.96364
    endloop
  endfacet
  facet normal 0.84484 -0.53502 0
    outer loop
      vertex -25.7319 15.4231 78.0364
      vertex -24.9441 16.6671 2
      vertex -24.9441 16.6671 78
    endloop
  endfacet
  facet normal 0.84484 -0.53502 0
    outer loop
      vertex -24.9441 16.6671 2
      vertex -25.7319 15.4231 78.0364
      vertex -25.7319 15.4231 1.96364
    endloop
  endfacet
  facet normal -0.706674 -0.0347223 -0.706687
    outer loop
      vertex 32.99 0 0
      vertex 32.5242 2.87382 0.324589
      vertex 32.8316 3.22378 0
    endloop
  endfacet
  facet normal -0.706682 -0.0347245 -0.706679
    outer loop
      vertex 32.5242 2.87382 0.324589
      vertex 32.99 0 0
      vertex 32.7 0 0.290001
    endloop
  endfacet
  facet normal 0.103803 0.69984 -0.706717
    outer loop
      vertex -3.24329 -32.8297 0
      vertex -5.11541 -32.2974 0.252142
      vertex -3.53446 -32.4496 0.333634
    endloop
  endfacet
  facet normal 0.103817 0.699872 -0.706684
    outer loop
      vertex -6.43603 -32.3561 0
      vertex -5.11541 -32.2974 0.252142
      vertex -3.24329 -32.8297 0
    endloop
  endfacet
  facet normal 0.103809 0.699905 -0.706652
    outer loop
      vertex -5.11541 -32.2974 0.252142
      vertex -6.43603 -32.3561 0
      vertex -6.36907 -32.0195 0.343223
    endloop
  endfacet
  facet normal 0.36373 0.606825 -0.706727
    outer loop
      vertex -15.5514 -29.0946 0
      vertex -16.35 -28.319 0.254948
      vertex -15.3921 -28.7966 0.337862
    endloop
  endfacet
  facet normal 0.363749 0.606838 -0.706707
    outer loop
      vertex -16.35 -28.319 0.254948
      vertex -15.5514 -29.0946 0
      vertex -16.4773 -28.5396 0
    endloop
  endfacet
  facet normal -0.666234 -0.237941 -0.706765
    outer loop
      vertex 31.2354 9.47517 0.349051
      vertex 31.5662 9.58573 0
      vertex 31.5695 9.57649 0
    endloop
  endfacet
  facet normal -0.666104 -0.238317 -0.706761
    outer loop
      vertex 31.5662 9.58573 0
      vertex 31.2354 9.47517 0.349051
      vertex 31.1334 9.79871 0.336087
    endloop
  endfacet
  facet normal 0.0346887 0.706689 -0.706673
    outer loop
      vertex -3.22378 -32.8316 0
      vertex -3.19919 -32.4819 0.350915
      vertex -2.86255 -32.5143 0.335039
    endloop
  endfacet
  facet normal 0.0360514 0.706607 -0.706687
    outer loop
      vertex -3.19919 -32.4819 0.350915
      vertex -3.22378 -32.8316 0
      vertex -3.23358 -32.8311 0
    endloop
  endfacet
  facet normal -0.700277 -0.100967 -0.706695
    outer loop
      vertex 32.5042 3.20138 0.328532
      vertex 32.8297 3.24329 0
      vertex 32.8311 3.23358 0
    endloop
  endfacet
  facet normal -0.699883 -0.103835 -0.70667
    outer loop
      vertex 32.8297 3.24329 0
      vertex 32.5042 3.20138 0.328532
      vertex 32.4855 3.50698 0.302149
    endloop
  endfacet
  facet normal 0.302496 0.639587 -0.7067
    outer loop
      vertex -12.6247 -30.4788 0
      vertex -12.7769 -30.1005 0.277226
      vertex -12.5075 -30.1959 0.3062
    endloop
  endfacet
  facet normal 0.302498 0.639587 -0.706699
    outer loop
      vertex -15.5425 -29.0988 0
      vertex -12.7769 -30.1005 0.277226
      vertex -12.6247 -30.4788 0
    endloop
  endfacet
  facet normal 0.3025 0.639594 -0.706692
    outer loop
      vertex -12.7769 -30.1005 0.277226
      vertex -15.5425 -29.0988 0
      vertex -15.0929 -28.9458 0.330925
    endloop
  endfacet
  facet normal 0.238345 0.666105 -0.70675
    outer loop
      vertex -12.6247 -30.4788 0
      vertex -9.78577 -31.1597 0.315661
      vertex -9.58573 -31.5662 0
    endloop
  endfacet
  facet normal 0.238352 0.666158 -0.706698
    outer loop
      vertex -9.78577 -31.1597 0.315661
      vertex -12.6247 -30.4788 0
      vertex -12.5075 -30.1959 0.3062
    endloop
  endfacet
  facet normal 0.302534 0.639549 -0.706717
    outer loop
      vertex -15.5425 -29.0988 0
      vertex -15.3921 -28.7966 0.337862
      vertex -15.0929 -28.9458 0.330925
    endloop
  endfacet
  facet normal 0.301945 0.639835 -0.706711
    outer loop
      vertex -15.3921 -28.7966 0.337862
      vertex -15.5425 -29.0988 0
      vertex -15.5514 -29.0946 0
    endloop
  endfacet
  facet normal 0.475227 -0.524306 -0.706585
    outer loop
      vertex -22.7153 23.5224 0.266944
      vertex -20.9286 25.5016 0
      vertex -20.71 25.2352 0.3447
    endloop
  endfacet
  facet normal 0.475141 -0.524327 -0.706627
    outer loop
      vertex -23.3202 23.334 0
      vertex -22.7153 23.5224 0.266944
      vertex -22.9008 23.32 0.292396
    endloop
  endfacet
  facet normal 0.475142 -0.524244 -0.706688
    outer loop
      vertex -22.7153 23.5224 0.266944
      vertex -23.3202 23.334 0
      vertex -20.9286 25.5016 0
    endloop
  endfacet
  facet normal 0.421517 -0.568374 -0.706594
    outer loop
      vertex -19.6794 26.1154 0.251519
      vertex -18.3361 27.4243 0
      vertex -18.4136 26.9532 0.332714
    endloop
  endfacet
  facet normal 0.421537 -0.568367 -0.706588
    outer loop
      vertex -20.9286 25.5016 0
      vertex -19.6794 26.1154 0.251519
      vertex -20.71 25.2352 0.3447
    endloop
  endfacet
  facet normal 0.421546 -0.568397 -0.706558
    outer loop
      vertex -19.6794 26.1154 0.251519
      vertex -20.9286 25.5016 0
      vertex -18.3361 27.4243 0
    endloop
  endfacet
  facet normal -0.68631 -0.172014 -0.706675
    outer loop
      vertex 31.2354 9.47517 0.349051
      vertex 31.5718 9.56697 0
      vertex 31.3354 9.15816 0.329097
    endloop
  endfacet
  facet normal -0.687825 -0.166176 -0.706599
    outer loop
      vertex 31.5718 9.56697 0
      vertex 31.2354 9.47517 0.349051
      vertex 31.5695 9.57649 0
    endloop
  endfacet
  facet normal -0.706719 -0.0346443 -0.706646
    outer loop
      vertex 32.5042 3.20138 0.328532
      vertex 32.8316 3.22378 0
      vertex 32.5242 2.87382 0.324589
    endloop
  endfacet
  facet normal -0.706635 -0.0360528 -0.706659
    outer loop
      vertex 32.8316 3.22378 0
      vertex 32.5042 3.20138 0.328532
      vertex 32.8311 3.23358 0
    endloop
  endfacet
  facet normal 0.363735 -0.606911 -0.706651
    outer loop
      vertex -18.1334 27.1386 0.350682
      vertex -18.3198 27.4352 0
      vertex -17.851 27.3255 0.335522
    endloop
  endfacet
  facet normal 0.358785 -0.609935 -0.706578
    outer loop
      vertex -18.3198 27.4352 0
      vertex -18.1334 27.1386 0.350682
      vertex -18.3283 27.4302 0
    endloop
  endfacet
  facet normal 0.171954 0.686383 -0.706619
    outer loop
      vertex -9.56697 -31.5718 0
      vertex -9.48456 -31.2664 0.316708
      vertex -9.20811 -31.3643 0.288885
    endloop
  endfacet
  facet normal 0.166187 0.68787 -0.706553
    outer loop
      vertex -9.48456 -31.2664 0.316708
      vertex -9.56697 -31.5718 0
      vertex -9.57649 -31.5695 0
    endloop
  endfacet
  facet normal 0.568314 -0.42156 -0.706616
    outer loop
      vertex -25.4127 20.5788 0.280187
      vertex -25.5016 20.9286 0
      vertex -25.2679 20.7368 0.302385
    endloop
  endfacet
  facet normal 0.568387 -0.421515 -0.706584
    outer loop
      vertex -26.9576 18.4128 0.32958
      vertex -25.5016 20.9286 0
      vertex -25.4127 20.5788 0.280187
    endloop
  endfacet
  facet normal 0.568311 -0.421481 -0.706666
    outer loop
      vertex -25.5016 20.9286 0
      vertex -26.9576 18.4128 0.32958
      vertex -27.4243 18.3361 0
    endloop
  endfacet
  facet normal -0.639598 -0.302511 -0.706683
    outer loop
      vertex 28.9648 15.1489 0.289738
      vertex 30.4788 12.6247 0
      vertex 30.1729 12.498 0.331098
    endloop
  endfacet
  facet normal -0.639594 -0.302508 -0.706689
    outer loop
      vertex 30.4788 12.6247 0
      vertex 28.9648 15.1489 0.289738
      vertex 29.1254 15.4862 0
    endloop
  endfacet
  facet normal -0.639307 -0.30277 -0.706836
    outer loop
      vertex 29.1254 15.4862 0
      vertex 28.9648 15.1489 0.289738
      vertex 29.0695 15.4565 0.0632814
    endloop
  endfacet
  facet normal -0.666106 -0.23833 -0.706755
    outer loop
      vertex 30.5281 11.7186 0.259154
      vertex 31.5662 9.58573 0
      vertex 31.1334 9.79871 0.336087
    endloop
  endfacet
  facet normal -0.666163 -0.238366 -0.706689
    outer loop
      vertex 30.5281 11.7186 0.259154
      vertex 30.4788 12.6247 0
      vertex 31.5662 9.58573 0
    endloop
  endfacet
  facet normal -0.666168 -0.238364 -0.706684
    outer loop
      vertex 30.4788 12.6247 0
      vertex 30.5281 11.7186 0.259154
      vertex 30.1729 12.498 0.331098
    endloop
  endfacet
  facet normal -0.686337 -0.171903 -0.706676
    outer loop
      vertex 31.7287 7.91085 0.250584
      vertex 32.3561 6.43603 0
      vertex 32.0146 6.3681 0.348196
    endloop
  endfacet
  facet normal -0.686403 -0.171944 -0.706602
    outer loop
      vertex 31.7287 7.91085 0.250584
      vertex 31.5718 9.56697 0
      vertex 32.3561 6.43603 0
    endloop
  endfacet
  facet normal -0.68637 -0.171946 -0.706633
    outer loop
      vertex 31.5718 9.56697 0
      vertex 31.7287 7.91085 0.250584
      vertex 31.3354 9.15816 0.329097
    endloop
  endfacet
  facet normal -0.699855 -0.103753 -0.706709
    outer loop
      vertex 32.4563 3.98513 0.260868
      vertex 32.8297 3.24329 0
      vertex 32.4855 3.50698 0.302149
    endloop
  endfacet
  facet normal -0.699937 -0.103826 -0.706618
    outer loop
      vertex 32.4563 3.98513 0.260868
      vertex 32.3561 6.43603 0
      vertex 32.8297 3.24329 0
    endloop
  endfacet
  facet normal -0.699878 -0.10383 -0.706675
    outer loop
      vertex 32.3561 6.43603 0
      vertex 32.4563 3.98513 0.260868
      vertex 32.0146 6.3681 0.348196
    endloop
  endfacet
  facet normal 0.363731 -0.606848 -0.706707
    outer loop
      vertex -17.851 27.3255 0.335522
      vertex -16.4773 28.5396 0
      vertex -16.35 28.319 0.254948
    endloop
  endfacet
  facet normal 0.36376 -0.60687 -0.706673
    outer loop
      vertex -16.4773 28.5396 0
      vertex -17.851 27.3255 0.335522
      vertex -18.3198 27.4352 0
    endloop
  endfacet
  facet normal 0.606902 -0.363753 -0.706649
    outer loop
      vertex -27.4352 18.3198 0
      vertex -27.151 18.1417 0.335762
      vertex -27.3336 17.8857 0.310715
    endloop
  endfacet
  facet normal 0.609934 -0.358784 -0.70658
    outer loop
      vertex -27.151 18.1417 0.335762
      vertex -27.4352 18.3198 0
      vertex -27.4302 18.3283 0
    endloop
  endfacet
  facet normal 0.100963 0.70025 -0.706722
    outer loop
      vertex -3.24329 -32.8297 0
      vertex -3.19919 -32.4819 0.350915
      vertex -3.23358 -32.8311 0
    endloop
  endfacet
  facet normal 0.10385 0.699856 -0.706694
    outer loop
      vertex -3.19919 -32.4819 0.350915
      vertex -3.24329 -32.8297 0
      vertex -3.53446 -32.4496 0.333634
    endloop
  endfacet
  facet normal 0.52436 -0.475173 -0.706581
    outer loop
      vertex -23.334 23.3202 0
      vertex -23.1013 23.1013 0.319898
      vertex -23.3188 22.8639 0.31814
    endloop
  endfacet
  facet normal 0.528544 -0.470621 -0.70651
    outer loop
      vertex -23.1013 23.1013 0.319898
      vertex -23.334 23.3202 0
      vertex -23.3275 23.3275 0
    endloop
  endfacet
  facet normal -0.639687 -0.302479 -0.706616
    outer loop
      vertex 29.0695 15.4565 0.0632814
      vertex 28.9648 15.1489 0.289738
      vertex 28.8724 15.3517 0.286574
    endloop
  endfacet
  facet normal 0.0347435 0.70671 -0.706649
    outer loop
      vertex -1.15006 -32.9335 0
      vertex -2.86255 -32.5143 0.335039
      vertex -1.14121 -32.6801 0.253857
    endloop
  endfacet
  facet normal 0.0347248 0.706668 -0.706692
    outer loop
      vertex -2.86255 -32.5143 0.335039
      vertex -1.15006 -32.9335 0
      vertex -3.22378 -32.8316 0
    endloop
  endfacet
  facet normal 0.524298 -0.47519 -0.706616
    outer loop
      vertex -25.5016 20.9286 0
      vertex -23.3188 22.8639 0.31814
      vertex -25.2679 20.7368 0.302385
    endloop
  endfacet
  facet normal 0.524302 -0.475195 -0.70661
    outer loop
      vertex -23.3188 22.8639 0.31814
      vertex -25.5016 20.9286 0
      vertex -23.334 23.3202 0
    endloop
  endfacet
  facet normal 0.606883 -0.363844 -0.706619
    outer loop
      vertex -27.9482 17.464 0
      vertex -27.3336 17.8857 0.310715
      vertex -27.7312 17.3284 0.256193
    endloop
  endfacet
  facet normal 0.606863 -0.363777 -0.70667
    outer loop
      vertex -27.3336 17.8857 0.310715
      vertex -27.9482 17.464 0
      vertex -27.4352 18.3198 0
    endloop
  endfacet
  facet normal 0.426904 -0.564382 -0.706559
    outer loop
      vertex -18.1334 27.1386 0.350682
      vertex -18.3361 27.4243 0
      vertex -18.3283 27.4302 0
    endloop
  endfacet
  facet normal 0.421403 -0.568393 -0.706646
    outer loop
      vertex -18.3361 27.4243 0
      vertex -18.1334 27.1386 0.350682
      vertex -18.4136 26.9532 0.332714
    endloop
  endfacet
  facet normal 0.171916 0.686358 -0.706653
    outer loop
      vertex -6.43603 -32.3561 0
      vertex -9.01334 -31.4333 0.269282
      vertex -6.36907 -32.0195 0.343223
    endloop
  endfacet
  facet normal 0.171951 0.68643 -0.706574
    outer loop
      vertex -9.56697 -31.5718 0
      vertex -9.01334 -31.4333 0.269282
      vertex -6.43603 -32.3561 0
    endloop
  endfacet
  facet normal 0.172018 0.686326 -0.706658
    outer loop
      vertex -9.01334 -31.4333 0.269282
      vertex -9.56697 -31.5718 0
      vertex -9.20811 -31.3643 0.288885
    endloop
  endfacet
  facet normal 0.475106 -0.524422 -0.70658
    outer loop
      vertex -23.1013 23.1013 0.319898
      vertex -23.3202 23.334 0
      vertex -22.9008 23.32 0.292396
    endloop
  endfacet
  facet normal 0.470621 -0.528544 -0.70651
    outer loop
      vertex -23.3202 23.334 0
      vertex -23.1013 23.1013 0.319898
      vertex -23.3275 23.3275 0
    endloop
  endfacet
  facet normal 0.237956 0.666277 -0.70672
    outer loop
      vertex -9.58573 -31.5662 0
      vertex -9.48456 -31.2664 0.316708
      vertex -9.57649 -31.5695 0
    endloop
  endfacet
  facet normal 0.23842 0.666115 -0.706715
    outer loop
      vertex -9.48456 -31.2664 0.316708
      vertex -9.58573 -31.5662 0
      vertex -9.78577 -31.1597 0.315661
    endloop
  endfacet
  facet normal 0.568302 -0.421535 -0.706641
    outer loop
      vertex -27.151 18.1417 0.335762
      vertex -27.4243 18.3361 0
      vertex -26.9576 18.4128 0.32958
    endloop
  endfacet
  facet normal 0.564382 -0.426904 -0.706559
    outer loop
      vertex -27.4243 18.3361 0
      vertex -27.151 18.1417 0.335762
      vertex -27.4302 18.3283 0
    endloop
  endfacet
  facet normal 0 1 0
    outer loop
      vertex 32.99 0 0
      vertex 32.7 0 0
      vertex 32.7 0 0.290001
    endloop
  endfacet
  facet normal 0.469472 -0.882947 0
    outer loop
      vertex 28.8724 15.3517 0
      vertex 29.0695 15.4565 0.0632814
      vertex 28.8724 15.3517 0.286574
    endloop
  endfacet
  facet normal 0.46941 -0.88298 0.000245422
    outer loop
      vertex 29.0695 15.4565 0.0632814
      vertex 28.8724 15.3517 0
      vertex 29.1254 15.4862 0
    endloop
  endfacet
  facet normal 0.998141 0.0609551 0
    outer loop
      vertex 32.4855 3.50698 0.302149
      vertex 32.4563 3.98513 0
      vertex 32.4563 3.98513 0.260868
    endloop
  endfacet
  facet normal 0.998132 0.0610961 0.000223924
    outer loop
      vertex 32.5042 3.20138 0.328532
      vertex 32.4563 3.98513 0
      vertex 32.4855 3.50698 0.302149
    endloop
  endfacet
  facet normal 0.998141 0.0609457 -0.000136362
    outer loop
      vertex 32.5242 2.87382 0.324589
      vertex 32.4563 3.98513 0
      vertex 32.5042 3.20138 0.328532
    endloop
  endfacet
  facet normal 0.998134 0.0610588 -0
    outer loop
      vertex 32.7 0 0
      vertex 32.5242 2.87382 0.324589
      vertex 32.7 0 0.290001
    endloop
  endfacet
  facet normal 0.998135 0.0610383 0.000182045
    outer loop
      vertex 32.5242 2.87382 0.324589
      vertex 32.7 0 0
      vertex 32.4563 3.98513 0
    endloop
  endfacet
  facet normal 0.983259 0.182216 0
    outer loop
      vertex 32.0146 6.3681 0.348196
      vertex 31.7287 7.91085 0
      vertex 31.7287 7.91085 0.250584
    endloop
  endfacet
  facet normal 0.983252 0.182253 -0
    outer loop
      vertex 32.4563 3.98513 0
      vertex 32.0146 6.3681 0.348196
      vertex 32.4563 3.98513 0.260868
    endloop
  endfacet
  facet normal 0.983254 0.182238 0.000101821
    outer loop
      vertex 32.0146 6.3681 0.348196
      vertex 32.4563 3.98513 0
      vertex 31.7287 7.91085 0
    endloop
  endfacet
  facet normal 0.953723 0.300688 0
    outer loop
      vertex 31.1334 9.79871 0.336087
      vertex 30.5281 11.7186 0
      vertex 30.5281 11.7186 0.259154
    endloop
  endfacet
  facet normal 0.953706 0.300736 0.00171323
    outer loop
      vertex 31.3354 9.15816 0.329097
      vertex 31.1334 9.79871 0.336087
      vertex 31.2354 9.47517 0.349051
    endloop
  endfacet
  facet normal 0.953701 0.300755 -0.00013358
    outer loop
      vertex 31.1334 9.79871 0.336087
      vertex 31.3354 9.15816 0.329097
      vertex 31.7287 7.91085 0
    endloop
  endfacet
  facet normal 0.953712 0.300723 -0
    outer loop
      vertex 31.7287 7.91085 0
      vertex 31.3354 9.15816 0.329097
      vertex 31.7287 7.91085 0.250584
    endloop
  endfacet
  facet normal 0.953715 0.300711 0.000140746
    outer loop
      vertex 31.1334 9.79871 0.336087
      vertex 31.7287 7.91085 0
      vertex 30.5281 11.7186 0
    endloop
  endfacet
  facet normal 0.909997 0.414614 0
    outer loop
      vertex 28.9648 15.1489 0.289738
      vertex 28.8724 15.3517 0
      vertex 28.8724 15.3517 0.286574
    endloop
  endfacet
  facet normal 0.909959 0.414699 7.12943e-05
    outer loop
      vertex 30.1729 12.498 0.331098
      vertex 28.8724 15.3517 0
      vertex 28.9648 15.1489 0.289738
    endloop
  endfacet
  facet normal 0.909958 0.4147 -0
    outer loop
      vertex 30.5281 11.7186 0
      vertex 30.1729 12.498 0.331098
      vertex 30.5281 11.7186 0.259154
    endloop
  endfacet
  facet normal 0.909961 0.414693 1.85637e-05
    outer loop
      vertex 30.1729 12.498 0.331098
      vertex 30.5281 11.7186 0
      vertex 28.8724 15.3517 0
    endloop
  endfacet
  facet normal -0.866133 -0.499813 -0
    outer loop
      vertex -16.35 28.319 0.254948
      vertex -16.4773 28.5396 0
      vertex -16.35 28.319 0
    endloop
  endfacet
  facet normal 0.529929 0.848042 -0
    outer loop
      vertex -27.7312 17.3284 0
      vertex -27.9482 17.464 0
      vertex -27.7312 17.3284 0.256193
    endloop
  endfacet
  facet normal -0.551861 0.833935 0.00111108
    outer loop
      vertex -17.851 27.3255 0.335522
      vertex -18.4136 26.9532 0.332714
      vertex -18.1334 27.1386 0.350682
    endloop
  endfacet
  facet normal -0.551941 0.833883 0
    outer loop
      vertex -16.35 28.319 0
      vertex -17.851 27.3255 0.335522
      vertex -16.35 28.319 0.254948
    endloop
  endfacet
  facet normal -0.551923 0.833895 0.00011593
    outer loop
      vertex -19.6794 26.1154 0
      vertex -17.851 27.3255 0.335522
      vertex -16.35 28.319 0
    endloop
  endfacet
  facet normal -0.551856 0.833939 -0.000403912
    outer loop
      vertex -17.851 27.3255 0.335522
      vertex -19.6794 26.1154 0
      vertex -18.4136 26.9532 0.332714
    endloop
  endfacet
  facet normal -0.55193 0.83389 0
    outer loop
      vertex -18.4136 26.9532 0.332714
      vertex -19.6794 26.1154 0
      vertex -19.6794 26.1154 0.251519
    endloop
  endfacet
  facet normal -0.649441 0.760412 0
    outer loop
      vertex -19.6794 26.1154 0
      vertex -20.71 25.2352 0.3447
      vertex -19.6794 26.1154 0.251519
    endloop
  endfacet
  facet normal -0.649462 0.760394 -0.000106538
    outer loop
      vertex -22.7153 23.5224 0
      vertex -20.71 25.2352 0.3447
      vertex -19.6794 26.1154 0
    endloop
  endfacet
  facet normal -0.649473 0.760385 0
    outer loop
      vertex -20.71 25.2352 0.3447
      vertex -22.7153 23.5224 0
      vertex -22.7153 23.5224 0.266944
    endloop
  endfacet
  facet normal -0.737215 0.675659 0
    outer loop
      vertex -22.7153 23.5224 0
      vertex -22.9008 23.32 0.292396
      vertex -22.7153 23.5224 0.266944
    endloop
  endfacet
  facet normal -0.737102 0.675781 0.000155929
    outer loop
      vertex -22.7153 23.5224 0
      vertex -23.1013 23.1013 0.319898
      vertex -22.9008 23.32 0.292396
    endloop
  endfacet
  facet normal -0.737333 0.675529 -0.000453357
    outer loop
      vertex -22.7153 23.5224 0
      vertex -23.3188 22.8639 0.31814
      vertex -23.1013 23.1013 0.319898
    endloop
  endfacet
  facet normal -0.737266 0.675602 -0.000176901
    outer loop
      vertex -25.4127 20.5788 0
      vertex -23.3188 22.8639 0.31814
      vertex -22.7153 23.5224 0
    endloop
  endfacet
  facet normal -0.737282 0.675585 5.32553e-05
    outer loop
      vertex -23.3188 22.8639 0.31814
      vertex -25.4127 20.5788 0
      vertex -25.2679 20.7368 0.302385
    endloop
  endfacet
  facet normal -0.737232 0.67564 0
    outer loop
      vertex -25.2679 20.7368 0.302385
      vertex -25.4127 20.5788 0
      vertex -25.4127 20.5788 0.280187
    endloop
  endfacet
  facet normal -0.814132 0.58068 0
    outer loop
      vertex -25.4127 20.5788 0
      vertex -26.9576 18.4128 0.32958
      vertex -25.4127 20.5788 0.280187
    endloop
  endfacet
  facet normal -0.814114 0.580705 0.000249295
    outer loop
      vertex -27.7312 17.3284 0
      vertex -26.9576 18.4128 0.32958
      vertex -25.4127 20.5788 0
    endloop
  endfacet
  facet normal -0.814078 0.580755 0
    outer loop
      vertex -26.9576 18.4128 0.32958
      vertex -27.7312 17.3284 0
      vertex -27.151 18.1417 0.335762
    endloop
  endfacet
  facet normal -0.814133 0.580678 0.000280794
    outer loop
      vertex -27.151 18.1417 0.335762
      vertex -27.7312 17.3284 0
      vertex -27.3336 17.8857 0.310715
    endloop
  endfacet
  facet normal -0.814059 0.580782 0
    outer loop
      vertex -27.3336 17.8857 0.310715
      vertex -27.7312 17.3284 0
      vertex -27.7312 17.3284 0.256193
    endloop
  endfacet
  facet normal 0.866133 -0.499813 0
    outer loop
      vertex -16.35 -28.319 0.254948
      vertex -16.4773 -28.5396 0
      vertex -16.35 -28.319 0
    endloop
  endfacet
  facet normal -0.999391 0.0349037 0
    outer loop
      vertex -1.14121 -32.6801 0
      vertex -1.15006 -32.9335 0
      vertex -1.14121 -32.6801 0.253857
    endloop
  endfacet
  facet normal -0.446253 -0.894907 0.000172447
    outer loop
      vertex -16.35 -28.319 0
      vertex -15.0929 -28.9458 0.330925
      vertex -15.3921 -28.7966 0.337862
    endloop
  endfacet
  facet normal -0.446204 -0.894931 0
    outer loop
      vertex -16.35 -28.319 0
      vertex -15.3921 -28.7966 0.337862
      vertex -16.35 -28.319 0.254948
    endloop
  endfacet
  facet normal -0.446201 -0.894933 -7.22272e-05
    outer loop
      vertex -15.0929 -28.9458 0.330925
      vertex -16.35 -28.319 0
      vertex -12.7769 -30.1005 0
    endloop
  endfacet
  facet normal -0.446193 -0.894937 0
    outer loop
      vertex -15.0929 -28.9458 0.330925
      vertex -12.7769 -30.1005 0
      vertex -12.7769 -30.1005 0.277226
    endloop
  endfacet
  facet normal -0.333802 -0.942643 -6.03813e-06
    outer loop
      vertex -12.7769 -30.1005 0
      vertex -9.78577 -31.1597 0.315661
      vertex -12.5075 -30.1959 0.3062
    endloop
  endfacet
  facet normal -0.333819 -0.942637 0.000170841
    outer loop
      vertex -9.01334 -31.4333 0
      vertex -9.78577 -31.1597 0.315661
      vertex -12.7769 -30.1005 0
    endloop
  endfacet
  facet normal -0.333808 -0.942641 0
    outer loop
      vertex -12.7769 -30.1005 0
      vertex -12.5075 -30.1959 0.3062
      vertex -12.7769 -30.1005 0.277226
    endloop
  endfacet
  facet normal -0.333907 -0.942606 -7.10231e-05
    outer loop
      vertex -9.78577 -31.1597 0.315661
      vertex -9.01334 -31.4333 0
      vertex -9.48456 -31.2664 0.316708
    endloop
  endfacet
  facet normal -0.333811 -0.94264 8.94862e-05
    outer loop
      vertex -9.48456 -31.2664 0.316708
      vertex -9.01334 -31.4333 0
      vertex -9.20811 -31.3643 0.288885
    endloop
  endfacet
  facet normal -0.333929 -0.942598 0
    outer loop
      vertex -9.20811 -31.3643 0.288885
      vertex -9.01334 -31.4333 0
      vertex -9.01334 -31.4333 0.269282
    endloop
  endfacet
  facet normal -0.216432 -0.976298 0
    outer loop
      vertex -9.01334 -31.4333 0
      vertex -6.36907 -32.0195 0.343223
      vertex -9.01334 -31.4333 0.269282
    endloop
  endfacet
  facet normal -0.216428 -0.976299 -3.85737e-05
    outer loop
      vertex -5.11541 -32.2974 0
      vertex -6.36907 -32.0195 0.343223
      vertex -9.01334 -31.4333 0
    endloop
  endfacet
  facet normal -0.216418 -0.976301 0
    outer loop
      vertex -6.36907 -32.0195 0.343223
      vertex -5.11541 -32.2974 0
      vertex -5.11541 -32.2974 0.252142
    endloop
  endfacet
  facet normal -0.0958473 -0.995396 -0.000958205
    outer loop
      vertex -3.53446 -32.4496 0.333634
      vertex -2.86255 -32.5143 0.335039
      vertex -3.19919 -32.4819 0.350915
    endloop
  endfacet
  facet normal -0.0958495 -0.995396 0.000102087
    outer loop
      vertex -5.11541 -32.2974 0
      vertex -2.86255 -32.5143 0.335039
      vertex -3.53446 -32.4496 0.333634
    endloop
  endfacet
  facet normal -0.0958282 -0.995398 0
    outer loop
      vertex -5.11541 -32.2974 0
      vertex -3.53446 -32.4496 0.333634
      vertex -5.11541 -32.2974 0.252142
    endloop
  endfacet
  facet normal -0.0958527 -0.995396 0.000123754
    outer loop
      vertex -2.86255 -32.5143 0.335039
      vertex -5.11541 -32.2974 0
      vertex -1.14121 -32.6801 0
    endloop
  endfacet
  facet normal -0.0958766 -0.995393 0
    outer loop
      vertex -2.86255 -32.5143 0.335039
      vertex -1.14121 -32.6801 0
      vertex -1.14121 -32.6801 0.253857
    endloop
  endfacet
  facet normal -0.708429 -0.0348206 -0.704922
    outer loop
      vertex 31.8367 3.12094 0
      vertex 31.9901 0 0
      vertex 30 0 2
    endloop
  endfacet
  facet normal 0.525553 0.476335 -0.70491
    outer loop
      vertex -24.7188 -20.3051 0
      vertex -22.2285 -20.1468 1.96364
      vertex -21.2132 -21.2132 2
    endloop
  endfacet
  facet normal 0.525555 0.476331 -0.704912
    outer loop
      vertex -24.7188 -20.3051 0
      vertex -23.1903 -19.0318 2
      vertex -22.2285 -20.1468 1.96364
    endloop
  endfacet
  facet normal 0.525282 0.476645 -0.704903
    outer loop
      vertex -23.1903 -19.0318 2
      vertex -24.7188 -20.3051 0
      vertex -24.7286 -20.2943 0
    endloop
  endfacet
  facet normal -0.701898 -0.101724 -0.704976
    outer loop
      vertex 29.8555 2.94051 2
      vertex 31.8339 3.15006 0
      vertex 31.836 3.13557 0
    endloop
  endfacet
  facet normal -0.701604 -0.104051 -0.704929
    outer loop
      vertex 29.6753 4.40191 1.96364
      vertex 31.8339 3.15006 0
      vertex 29.8555 2.94051 2
    endloop
  endfacet
  facet normal -0.701605 -0.104055 -0.704927
    outer loop
      vertex 31.8339 3.15006 0
      vertex 29.6753 4.40191 1.96364
      vertex 29.4236 5.85271 2
    endloop
  endfacet
  facet normal -0.66688 -0.241798 -0.704844
    outer loop
      vertex 28.7082 8.70854 2
      vertex 30.6076 9.30001 0
      vertex 30.6126 9.28622 0
    endloop
  endfacet
  facet normal -0.667833 -0.238959 -0.70491
    outer loop
      vertex 28.2463 10.1067 1.96364
      vertex 30.6076 9.30001 0
      vertex 28.7082 8.70854 2
    endloop
  endfacet
  facet normal -0.667832 -0.238938 -0.704917
    outer loop
      vertex 30.6076 9.30001 0
      vertex 28.2463 10.1067 1.96364
      vertex 27.7164 11.4805 2
    endloop
  endfacet
  facet normal 0.422527 -0.56971 -0.704912
    outer loop
      vertex -17.7845 26.59 0
      vertex -19.0318 23.1903 2
      vertex -20.2943 24.7286 0
    endloop
  endfacet
  facet normal -0.641203 -0.303251 -0.704909
    outer loop
      vertex 27.1197 12.8267 1.96364
      vertex 28.219 15.0668 0
      vertex 27.7164 11.4805 2
    endloop
  endfacet
  facet normal -0.641164 -0.303288 -0.704929
    outer loop
      vertex 26.4576 14.1419 2
      vertex 28.219 15.0668 0
      vertex 27.1197 12.8267 1.96364
    endloop
  endfacet
  facet normal -0.640066 -0.305486 -0.704978
    outer loop
      vertex 28.219 15.0668 0
      vertex 26.4576 14.1419 2
      vertex 28.2127 15.08 0
    endloop
  endfacet
  facet normal -0.525282 -0.476645 -0.704903
    outer loop
      vertex 23.1903 19.0318 2
      vertex 24.7188 20.3051 0
      vertex 24.7286 20.2943 0
    endloop
  endfacet
  facet normal -0.525555 -0.476331 -0.704912
    outer loop
      vertex 22.2285 20.1468 1.96364
      vertex 24.7188 20.3051 0
      vertex 23.1903 19.0318 2
    endloop
  endfacet
  facet normal -0.525553 -0.476335 -0.70491
    outer loop
      vertex 24.7188 20.3051 0
      vertex 22.2285 20.1468 1.96364
      vertex 21.2132 21.2132 2
    endloop
  endfacet
  facet normal 0.0338995 -0.708499 -0.704897
    outer loop
      vertex -3.12094 31.8367 0
      vertex -2.94051 29.8555 2
      vertex -3.13557 31.836 0
    endloop
  endfacet
  facet normal 0.034841 -0.708433 -0.704917
    outer loop
      vertex -2.94051 29.8555 2
      vertex -3.12094 31.8367 0
      vertex -1.47203 29.9639 1.96364
    endloop
  endfacet
  facet normal 0.0347855 -0.708459 -0.704895
    outer loop
      vertex -1.47203 29.9639 1.96364
      vertex -3.12094 31.8367 0
      vertex 0 30 2
    endloop
  endfacet
  facet normal 0.688772 0.169648 -0.70485
    outer loop
      vertex -30.6161 -9.27201 0
      vertex -28.7082 -8.70854 2
      vertex -30.6126 -9.28622 0
    endloop
  endfacet
  facet normal 0.688043 0.172332 -0.70491
    outer loop
      vertex -28.7082 -8.70854 2
      vertex -30.6161 -9.27201 0
      vertex -29.1009 -7.2894 1.96364
    endloop
  endfacet
  facet normal 0.688011 0.172377 -0.704931
    outer loop
      vertex -29.1009 -7.2894 1.96364
      vertex -30.6161 -9.27201 0
      vertex -29.4236 -5.85271 2
    endloop
  endfacet
  facet normal -0.476335 -0.525553 -0.70491
    outer loop
      vertex 20.1468 22.2285 1.96364
      vertex 20.3051 24.7188 0
      vertex 21.2132 21.2132 2
    endloop
  endfacet
  facet normal -0.476331 -0.525555 -0.704912
    outer loop
      vertex 19.0318 23.1903 2
      vertex 20.3051 24.7188 0
      vertex 20.1468 22.2285 1.96364
    endloop
  endfacet
  facet normal -0.476645 -0.525282 -0.704903
    outer loop
      vertex 20.3051 24.7188 0
      vertex 19.0318 23.1903 2
      vertex 20.2943 24.7286 0
    endloop
  endfacet
  facet normal -0.688035 -0.172357 -0.704912
    outer loop
      vertex 30.6161 9.27201 0
      vertex 31.3754 6.24095 0
      vertex 29.4236 5.85271 2
    endloop
  endfacet
  facet normal 0.172377 -0.688011 -0.704931
    outer loop
      vertex -7.2894 29.1009 1.96364
      vertex -9.27201 30.6161 0
      vertex -5.85271 29.4236 2
    endloop
  endfacet
  facet normal 0.172332 -0.688043 -0.70491
    outer loop
      vertex -8.70854 28.7082 2
      vertex -9.27201 30.6161 0
      vertex -7.2894 29.1009 1.96364
    endloop
  endfacet
  facet normal 0.169648 -0.688772 -0.70485
    outer loop
      vertex -9.27201 30.6161 0
      vertex -8.70854 28.7082 2
      vertex -9.28622 30.6126 0
    endloop
  endfacet
  facet normal 0.101724 -0.701898 -0.704976
    outer loop
      vertex -2.94051 29.8555 2
      vertex -3.15006 31.8339 0
      vertex -3.13557 31.836 0
    endloop
  endfacet
  facet normal 0.104051 -0.701604 -0.704929
    outer loop
      vertex -4.40191 29.6753 1.96364
      vertex -3.15006 31.8339 0
      vertex -2.94051 29.8555 2
    endloop
  endfacet
  facet normal 0.104055 -0.701605 -0.704927
    outer loop
      vertex -3.15006 31.8339 0
      vertex -4.40191 29.6753 1.96364
      vertex -5.85271 29.4236 2
    endloop
  endfacet
  facet normal -0.608382 -0.364638 -0.704919
    outer loop
      vertex 26.6063 17.7602 0
      vertex 28.2127 15.08 0
      vertex 26.4576 14.1419 2
    endloop
  endfacet
  facet normal -0.034841 0.708433 -0.704917
    outer loop
      vertex 2.94051 -29.8555 2
      vertex 3.12094 -31.8367 0
      vertex 1.47203 -29.9639 1.96364
    endloop
  endfacet
  facet normal -0.0347855 0.708459 -0.704895
    outer loop
      vertex 1.47203 -29.9639 1.96364
      vertex 3.12094 -31.8367 0
      vertex 0 -30 2
    endloop
  endfacet
  facet normal -0.0338995 0.708499 -0.704897
    outer loop
      vertex 3.12094 -31.8367 0
      vertex 2.94051 -29.8555 2
      vertex 3.13557 -31.836 0
    endloop
  endfacet
  facet normal 0.364638 0.608382 -0.704919
    outer loop
      vertex -14.1419 -26.4576 2
      vertex -15.08 -28.2127 0
      vertex -17.7602 -26.6063 0
    endloop
  endfacet
  facet normal 0.476331 -0.525555 -0.704912
    outer loop
      vertex -20.3051 24.7188 0
      vertex -19.0318 23.1903 2
      vertex -20.1468 22.2285 1.96364
    endloop
  endfacet
  facet normal 0.476645 -0.525282 -0.704903
    outer loop
      vertex -19.0318 23.1903 2
      vertex -20.3051 24.7188 0
      vertex -20.2943 24.7286 0
    endloop
  endfacet
  facet normal 0.476335 -0.525553 -0.70491
    outer loop
      vertex -20.3051 24.7188 0
      vertex -20.1468 22.2285 1.96364
      vertex -21.2132 21.2132 2
    endloop
  endfacet
  facet normal -0.238932 0.66783 -0.704922
    outer loop
      vertex 11.4805 -27.7164 2
      vertex 12.2421 -29.555 0
      vertex 9.30001 -30.6076 0
    endloop
  endfacet
  facet normal 0.708429 0.0348206 -0.704922
    outer loop
      vertex -30 0 2
      vertex -31.8367 -3.12094 0
      vertex -31.9901 0 0
    endloop
  endfacet
  facet normal -0.525555 -0.47632 -0.704919
    outer loop
      vertex 22.6204 22.6204 0
      vertex 24.7188 20.3051 0
      vertex 21.2132 21.2132 2
    endloop
  endfacet
  facet normal -0.104055 0.701605 -0.704927
    outer loop
      vertex 3.15006 -31.8339 0
      vertex 4.40191 -29.6753 1.96364
      vertex 5.85271 -29.4236 2
    endloop
  endfacet
  facet normal -0.101724 0.701898 -0.704976
    outer loop
      vertex 2.94051 -29.8555 2
      vertex 3.15006 -31.8339 0
      vertex 3.13557 -31.836 0
    endloop
  endfacet
  facet normal -0.104051 0.701604 -0.704929
    outer loop
      vertex 3.15006 -31.8339 0
      vertex 2.94051 -29.8555 2
      vertex 4.40191 -29.6753 1.96364
    endloop
  endfacet
  facet normal 0.641184 -0.303261 -0.704922
    outer loop
      vertex -28.219 15.0668 0
      vertex -27.7164 11.4805 2
      vertex -29.555 12.2421 0
    endloop
  endfacet
  facet normal 0.66783 0.238932 -0.704922
    outer loop
      vertex -27.7164 -11.4805 2
      vertex -29.555 -12.2421 0
      vertex -30.6076 -9.30001 0
    endloop
  endfacet
  facet normal 0.708429 -0.0348206 -0.704922
    outer loop
      vertex -31.8367 3.12094 0
      vertex -30 0 2
      vertex -31.9901 0 0
    endloop
  endfacet
  facet normal -0.56971 -0.422527 -0.704912
    outer loop
      vertex 24.7286 20.2943 0
      vertex 26.59 17.7845 0
      vertex 23.1903 19.0318 2
    endloop
  endfacet
  facet normal -0.47632 -0.525555 -0.704919
    outer loop
      vertex 22.6204 22.6204 0
      vertex 21.2132 21.2132 2
      vertex 20.3051 24.7188 0
    endloop
  endfacet
  facet normal -0.701617 0.104077 -0.704912
    outer loop
      vertex 31.8339 -3.15006 0
      vertex 31.3754 -6.24095 0
      vertex 29.4236 -5.85271 2
    endloop
  endfacet
  facet normal 0.608382 0.364638 -0.704919
    outer loop
      vertex -26.4576 -14.1419 2
      vertex -26.6063 -17.7602 0
      vertex -28.2127 -15.08 0
    endloop
  endfacet
  facet normal 0.0348206 0.708429 -0.704922
    outer loop
      vertex 0 -30 2
      vertex 0 -31.9901 0
      vertex -3.12094 -31.8367 0
    endloop
  endfacet
  facet normal 0.172357 -0.688035 -0.704912
    outer loop
      vertex -6.24095 31.3754 0
      vertex -5.85271 29.4236 2
      vertex -9.27201 30.6161 0
    endloop
  endfacet
  facet normal 0.303251 0.641203 -0.704909
    outer loop
      vertex -15.0668 -28.219 0
      vertex -12.8267 -27.1197 1.96364
      vertex -11.4805 -27.7164 2
    endloop
  endfacet
  facet normal 0.303288 0.641164 -0.704929
    outer loop
      vertex -15.0668 -28.219 0
      vertex -14.1419 -26.4576 2
      vertex -12.8267 -27.1197 1.96364
    endloop
  endfacet
  facet normal 0.305486 0.640066 -0.704978
    outer loop
      vertex -14.1419 -26.4576 2
      vertex -15.0668 -28.219 0
      vertex -15.08 -28.2127 0
    endloop
  endfacet
  facet normal -0.303261 -0.641184 -0.704922
    outer loop
      vertex 12.2421 29.555 0
      vertex 15.0668 28.219 0
      vertex 11.4805 27.7164 2
    endloop
  endfacet
  facet normal -0.104077 0.701617 -0.704912
    outer loop
      vertex 5.85271 -29.4236 2
      vertex 6.24095 -31.3754 0
      vertex 3.15006 -31.8339 0
    endloop
  endfacet
  facet normal -0.305486 -0.640066 -0.704978
    outer loop
      vertex 14.1419 26.4576 2
      vertex 15.0668 28.219 0
      vertex 15.08 28.2127 0
    endloop
  endfacet
  facet normal -0.303288 -0.641164 -0.704929
    outer loop
      vertex 12.8267 27.1197 1.96364
      vertex 15.0668 28.219 0
      vertex 14.1419 26.4576 2
    endloop
  endfacet
  facet normal -0.303251 -0.641203 -0.704909
    outer loop
      vertex 15.0668 28.219 0
      vertex 12.8267 27.1197 1.96364
      vertex 11.4805 27.7164 2
    endloop
  endfacet
  facet normal 0.364625 -0.608416 -0.704897
    outer loop
      vertex -15.4231 25.7319 1.96364
      vertex -17.7602 26.6063 0
      vertex -14.1419 26.4576 2
    endloop
  endfacet
  facet normal 0.364663 -0.608366 -0.70492
    outer loop
      vertex -16.6671 24.9441 2
      vertex -17.7602 26.6063 0
      vertex -15.4231 25.7319 1.96364
    endloop
  endfacet
  facet normal 0.364922 -0.608203 -0.704926
    outer loop
      vertex -17.7602 26.6063 0
      vertex -16.6671 24.9441 2
      vertex -17.7727 26.5988 0
    endloop
  endfacet
  facet normal -0.66783 -0.238932 -0.704922
    outer loop
      vertex 29.555 12.2421 0
      vertex 30.6076 9.30001 0
      vertex 27.7164 11.4805 2
    endloop
  endfacet
  facet normal -0.422527 -0.56971 -0.704912
    outer loop
      vertex 20.2943 24.7286 0
      vertex 19.0318 23.1903 2
      vertex 17.7845 26.59 0
    endloop
  endfacet
  facet normal -0.708429 0.0348206 -0.704922
    outer loop
      vertex 31.9901 0 0
      vertex 31.8367 -3.12094 0
      vertex 30 0 2
    endloop
  endfacet
  facet normal -0.688011 -0.172377 -0.704931
    outer loop
      vertex 29.1009 7.2894 1.96364
      vertex 30.6161 9.27201 0
      vertex 29.4236 5.85271 2
    endloop
  endfacet
  facet normal -0.688043 -0.172332 -0.70491
    outer loop
      vertex 28.7082 8.70854 2
      vertex 30.6161 9.27201 0
      vertex 29.1009 7.2894 1.96364
    endloop
  endfacet
  facet normal -0.688772 -0.169648 -0.70485
    outer loop
      vertex 30.6161 9.27201 0
      vertex 28.7082 8.70854 2
      vertex 30.6126 9.28622 0
    endloop
  endfacet
  facet normal -0.169648 -0.688772 -0.70485
    outer loop
      vertex 8.70854 28.7082 2
      vertex 9.27201 30.6161 0
      vertex 9.28622 30.6126 0
    endloop
  endfacet
  facet normal -0.172332 -0.688043 -0.70491
    outer loop
      vertex 7.2894 29.1009 1.96364
      vertex 9.27201 30.6161 0
      vertex 8.70854 28.7082 2
    endloop
  endfacet
  facet normal -0.172377 -0.688011 -0.704931
    outer loop
      vertex 9.27201 30.6161 0
      vertex 7.2894 29.1009 1.96364
      vertex 5.85271 29.4236 2
    endloop
  endfacet
  facet normal -0.708499 -0.0338995 -0.704897
    outer loop
      vertex 31.8367 3.12094 0
      vertex 29.8555 2.94051 2
      vertex 31.836 3.13557 0
    endloop
  endfacet
  facet normal -0.708433 -0.034841 -0.704917
    outer loop
      vertex 31.8367 3.12094 0
      vertex 29.9639 1.47203 1.96364
      vertex 29.8555 2.94051 2
    endloop
  endfacet
  facet normal -0.708459 -0.0347855 -0.704895
    outer loop
      vertex 29.9639 1.47203 1.96364
      vertex 31.8367 3.12094 0
      vertex 30 0 2
    endloop
  endfacet
  facet normal -0.525555 0.47632 -0.704919
    outer loop
      vertex 24.7188 -20.3051 0
      vertex 22.6204 -22.6204 0
      vertex 21.2132 -21.2132 2
    endloop
  endfacet
  facet normal 0.708499 -0.0338995 -0.704897
    outer loop
      vertex -29.8555 2.94051 2
      vertex -31.8367 3.12094 0
      vertex -31.836 3.13557 0
    endloop
  endfacet
  facet normal 0.708433 -0.034841 -0.704917
    outer loop
      vertex -29.9639 1.47203 1.96364
      vertex -31.8367 3.12094 0
      vertex -29.8555 2.94051 2
    endloop
  endfacet
  facet normal 0.708459 -0.0347855 -0.704895
    outer loop
      vertex -31.8367 3.12094 0
      vertex -29.9639 1.47203 1.96364
      vertex -30 0 2
    endloop
  endfacet
  facet normal 0.667832 -0.238938 -0.704917
    outer loop
      vertex -28.2463 10.1067 1.96364
      vertex -30.6076 9.30001 0
      vertex -27.7164 11.4805 2
    endloop
  endfacet
  facet normal 0.667833 -0.238959 -0.70491
    outer loop
      vertex -28.7082 8.70854 2
      vertex -30.6076 9.30001 0
      vertex -28.2463 10.1067 1.96364
    endloop
  endfacet
  facet normal 0.66688 -0.241798 -0.704844
    outer loop
      vertex -30.6076 9.30001 0
      vertex -28.7082 8.70854 2
      vertex -30.6126 9.28622 0
    endloop
  endfacet
  facet normal -0.641184 -0.303261 -0.704922
    outer loop
      vertex 28.219 15.0668 0
      vertex 29.555 12.2421 0
      vertex 27.7164 11.4805 2
    endloop
  endfacet
  facet normal -0.422527 0.56971 -0.704912
    outer loop
      vertex 19.0318 -23.1903 2
      vertex 20.2943 -24.7286 0
      vertex 17.7845 -26.59 0
    endloop
  endfacet
  facet normal -0.364638 -0.608382 -0.704919
    outer loop
      vertex 15.08 28.2127 0
      vertex 17.7602 26.6063 0
      vertex 14.1419 26.4576 2
    endloop
  endfacet
  facet normal -0.364922 0.608203 -0.704926
    outer loop
      vertex 17.7602 -26.6063 0
      vertex 16.6671 -24.9441 2
      vertex 17.7727 -26.5988 0
    endloop
  endfacet
  facet normal -0.364663 0.608366 -0.70492
    outer loop
      vertex 17.7602 -26.6063 0
      vertex 15.4231 -25.7319 1.96364
      vertex 16.6671 -24.9441 2
    endloop
  endfacet
  facet normal -0.364625 0.608416 -0.704897
    outer loop
      vertex 15.4231 -25.7319 1.96364
      vertex 17.7602 -26.6063 0
      vertex 14.1419 -26.4576 2
    endloop
  endfacet
  facet normal 0.66783 -0.238932 -0.704922
    outer loop
      vertex -29.555 12.2421 0
      vertex -27.7164 11.4805 2
      vertex -30.6076 9.30001 0
    endloop
  endfacet
  facet normal 0.701605 0.104055 -0.704927
    outer loop
      vertex -31.8339 -3.15006 0
      vertex -29.6753 -4.40191 1.96364
      vertex -29.4236 -5.85271 2
    endloop
  endfacet
  facet normal 0.701604 0.104051 -0.704929
    outer loop
      vertex -31.8339 -3.15006 0
      vertex -29.8555 -2.94051 2
      vertex -29.6753 -4.40191 1.96364
    endloop
  endfacet
  facet normal 0.701898 0.101724 -0.704976
    outer loop
      vertex -29.8555 -2.94051 2
      vertex -31.8339 -3.15006 0
      vertex -31.836 -3.13557 0
    endloop
  endfacet
  facet normal 0.0347855 0.708459 -0.704895
    outer loop
      vertex 0 -30 2
      vertex -3.12094 -31.8367 0
      vertex -1.47203 -29.9639 1.96364
    endloop
  endfacet
  facet normal 0.034841 0.708433 -0.704917
    outer loop
      vertex -3.12094 -31.8367 0
      vertex -2.94051 -29.8555 2
      vertex -1.47203 -29.9639 1.96364
    endloop
  endfacet
  facet normal 0.0338995 0.708499 -0.704897
    outer loop
      vertex -2.94051 -29.8555 2
      vertex -3.12094 -31.8367 0
      vertex -3.13557 -31.836 0
    endloop
  endfacet
  facet normal -0.0347855 -0.708459 -0.704895
    outer loop
      vertex 0 30 2
      vertex 3.12094 31.8367 0
      vertex 1.47203 29.9639 1.96364
    endloop
  endfacet
  facet normal -0.034841 -0.708433 -0.704917
    outer loop
      vertex 3.12094 31.8367 0
      vertex 2.94051 29.8555 2
      vertex 1.47203 29.9639 1.96364
    endloop
  endfacet
  facet normal -0.0338995 -0.708499 -0.704897
    outer loop
      vertex 2.94051 29.8555 2
      vertex 3.12094 31.8367 0
      vertex 3.13557 31.836 0
    endloop
  endfacet
  facet normal 0.688035 0.172357 -0.704912
    outer loop
      vertex -29.4236 -5.85271 2
      vertex -30.6161 -9.27201 0
      vertex -31.3754 -6.24095 0
    endloop
  endfacet
  facet normal -0.66783 0.238932 -0.704922
    outer loop
      vertex 30.6076 -9.30001 0
      vertex 29.555 -12.2421 0
      vertex 27.7164 -11.4805 2
    endloop
  endfacet
  facet normal -0.688772 0.169648 -0.70485
    outer loop
      vertex 28.7082 -8.70854 2
      vertex 30.6161 -9.27201 0
      vertex 30.6126 -9.28622 0
    endloop
  endfacet
  facet normal -0.688011 0.172377 -0.704931
    outer loop
      vertex 30.6161 -9.27201 0
      vertex 29.1009 -7.2894 1.96364
      vertex 29.4236 -5.85271 2
    endloop
  endfacet
  facet normal -0.688043 0.172332 -0.70491
    outer loop
      vertex 30.6161 -9.27201 0
      vertex 28.7082 -8.70854 2
      vertex 29.1009 -7.2894 1.96364
    endloop
  endfacet
  facet normal -0.422527 -0.56971 -0.704912
    outer loop
      vertex 17.871 24.0962 1.96364
      vertex 17.7845 26.59 0
      vertex 19.0318 23.1903 2
    endloop
  endfacet
  facet normal -0.422532 -0.569709 -0.70491
    outer loop
      vertex 16.6671 24.9441 2
      vertex 17.7845 26.59 0
      vertex 17.871 24.0962 1.96364
    endloop
  endfacet
  facet normal -0.424058 -0.568624 -0.70487
    outer loop
      vertex 17.7845 26.59 0
      vertex 16.6671 24.9441 2
      vertex 17.7727 26.5988 0
    endloop
  endfacet
  facet normal -0.0348206 -0.708429 -0.704922
    outer loop
      vertex 0 31.9901 0
      vertex 3.12094 31.8367 0
      vertex 0 30 2
    endloop
  endfacet
  facet normal -0.104055 -0.701605 -0.704927
    outer loop
      vertex 4.40191 29.6753 1.96364
      vertex 3.15006 31.8339 0
      vertex 5.85271 29.4236 2
    endloop
  endfacet
  facet normal -0.104051 -0.701604 -0.704929
    outer loop
      vertex 2.94051 29.8555 2
      vertex 3.15006 31.8339 0
      vertex 4.40191 29.6753 1.96364
    endloop
  endfacet
  facet normal -0.101724 -0.701898 -0.704976
    outer loop
      vertex 3.15006 31.8339 0
      vertex 2.94051 29.8555 2
      vertex 3.13557 31.836 0
    endloop
  endfacet
  facet normal -0.701617 -0.104077 -0.704912
    outer loop
      vertex 31.3754 6.24095 0
      vertex 31.8339 3.15006 0
      vertex 29.4236 5.85271 2
    endloop
  endfacet
  facet normal 0.422527 0.56971 -0.704912
    outer loop
      vertex -19.0318 -23.1903 2
      vertex -17.7845 -26.59 0
      vertex -20.2943 -24.7286 0
    endloop
  endfacet
  facet normal -0.688035 0.172357 -0.704912
    outer loop
      vertex 31.3754 -6.24095 0
      vertex 30.6161 -9.27201 0
      vertex 29.4236 -5.85271 2
    endloop
  endfacet
  facet normal 0.0348206 -0.708429 -0.704922
    outer loop
      vertex 0 31.9901 0
      vertex 0 30 2
      vertex -3.12094 31.8367 0
    endloop
  endfacet
  facet normal -0.238938 -0.667832 -0.704917
    outer loop
      vertex 10.1067 28.2463 1.96364
      vertex 9.30001 30.6076 0
      vertex 11.4805 27.7164 2
    endloop
  endfacet
  facet normal -0.238959 -0.667833 -0.70491
    outer loop
      vertex 8.70854 28.7082 2
      vertex 9.30001 30.6076 0
      vertex 10.1067 28.2463 1.96364
    endloop
  endfacet
  facet normal -0.241798 -0.66688 -0.704844
    outer loop
      vertex 9.30001 30.6076 0
      vertex 8.70854 28.7082 2
      vertex 9.28622 30.6126 0
    endloop
  endfacet
  facet normal -0.568624 0.424058 -0.70487
    outer loop
      vertex 26.59 -17.7845 0
      vertex 24.9441 -16.6671 2
      vertex 26.5988 -17.7727 0
    endloop
  endfacet
  facet normal -0.569709 0.422532 -0.70491
    outer loop
      vertex 26.59 -17.7845 0
      vertex 24.0962 -17.871 1.96364
      vertex 24.9441 -16.6671 2
    endloop
  endfacet
  facet normal -0.56971 0.422527 -0.704912
    outer loop
      vertex 24.0962 -17.871 1.96364
      vertex 26.59 -17.7845 0
      vertex 23.1903 -19.0318 2
    endloop
  endfacet
  facet normal -0.608382 0.364638 -0.704919
    outer loop
      vertex 28.2127 -15.08 0
      vertex 26.6063 -17.7602 0
      vertex 26.4576 -14.1419 2
    endloop
  endfacet
  facet normal 0.238932 0.66783 -0.704922
    outer loop
      vertex -11.4805 -27.7164 2
      vertex -9.30001 -30.6076 0
      vertex -12.2421 -29.555 0
    endloop
  endfacet
  facet normal -0.708459 0.0347855 -0.704895
    outer loop
      vertex 31.8367 -3.12094 0
      vertex 29.9639 -1.47203 1.96364
      vertex 30 0 2
    endloop
  endfacet
  facet normal -0.708433 0.034841 -0.704917
    outer loop
      vertex 31.8367 -3.12094 0
      vertex 29.8555 -2.94051 2
      vertex 29.9639 -1.47203 1.96364
    endloop
  endfacet
  facet normal -0.708499 0.0338995 -0.704897
    outer loop
      vertex 29.8555 -2.94051 2
      vertex 31.8367 -3.12094 0
      vertex 31.836 -3.13557 0
    endloop
  endfacet
  facet normal 0.641164 -0.303288 -0.704929
    outer loop
      vertex -28.219 15.0668 0
      vertex -26.4576 14.1419 2
      vertex -27.1197 12.8267 1.96364
    endloop
  endfacet
  facet normal 0.641203 -0.303251 -0.704909
    outer loop
      vertex -28.219 15.0668 0
      vertex -27.1197 12.8267 1.96364
      vertex -27.7164 11.4805 2
    endloop
  endfacet
  facet normal 0.640066 -0.305486 -0.704978
    outer loop
      vertex -26.4576 14.1419 2
      vertex -28.219 15.0668 0
      vertex -28.2127 15.08 0
    endloop
  endfacet
  facet normal 0.701617 0.104077 -0.704912
    outer loop
      vertex -29.4236 -5.85271 2
      vertex -31.3754 -6.24095 0
      vertex -31.8339 -3.15006 0
    endloop
  endfacet
  facet normal 0.104077 -0.701617 -0.704912
    outer loop
      vertex -3.15006 31.8339 0
      vertex -5.85271 29.4236 2
      vertex -6.24095 31.3754 0
    endloop
  endfacet
  facet normal 0.701605 -0.104055 -0.704927
    outer loop
      vertex -29.6753 4.40191 1.96364
      vertex -31.8339 3.15006 0
      vertex -29.4236 5.85271 2
    endloop
  endfacet
  facet normal 0.701604 -0.104051 -0.704929
    outer loop
      vertex -29.8555 2.94051 2
      vertex -31.8339 3.15006 0
      vertex -29.6753 4.40191 1.96364
    endloop
  endfacet
  facet normal 0.701898 -0.101724 -0.704976
    outer loop
      vertex -31.8339 3.15006 0
      vertex -29.8555 2.94051 2
      vertex -31.836 3.13557 0
    endloop
  endfacet
  facet normal 0.47632 -0.525555 -0.704919
    outer loop
      vertex -20.3051 24.7188 0
      vertex -21.2132 21.2132 2
      vertex -22.6204 22.6204 0
    endloop
  endfacet
  facet normal 0.47632 0.525555 -0.704919
    outer loop
      vertex -21.2132 -21.2132 2
      vertex -20.3051 -24.7188 0
      vertex -22.6204 -22.6204 0
    endloop
  endfacet
  facet normal 0.641184 0.303261 -0.704922
    outer loop
      vertex -27.7164 -11.4805 2
      vertex -28.219 -15.0668 0
      vertex -29.555 -12.2421 0
    endloop
  endfacet
  facet normal -0.238932 -0.66783 -0.704922
    outer loop
      vertex 12.2421 29.555 0
      vertex 11.4805 27.7164 2
      vertex 9.30001 30.6076 0
    endloop
  endfacet
  facet normal 0.56971 -0.422527 -0.704912
    outer loop
      vertex -24.7286 20.2943 0
      vertex -23.1903 19.0318 2
      vertex -26.59 17.7845 0
    endloop
  endfacet
  facet normal 0.708459 0.0347855 -0.704895
    outer loop
      vertex -29.9639 -1.47203 1.96364
      vertex -31.8367 -3.12094 0
      vertex -30 0 2
    endloop
  endfacet
  facet normal 0.708433 0.034841 -0.704917
    outer loop
      vertex -29.8555 -2.94051 2
      vertex -31.8367 -3.12094 0
      vertex -29.9639 -1.47203 1.96364
    endloop
  endfacet
  facet normal 0.708499 0.0338995 -0.704897
    outer loop
      vertex -31.8367 -3.12094 0
      vertex -29.8555 -2.94051 2
      vertex -31.836 -3.13557 0
    endloop
  endfacet
  facet normal 0.476645 0.525282 -0.704903
    outer loop
      vertex -20.3051 -24.7188 0
      vertex -19.0318 -23.1903 2
      vertex -20.2943 -24.7286 0
    endloop
  endfacet
  facet normal 0.476331 0.525555 -0.704912
    outer loop
      vertex -19.0318 -23.1903 2
      vertex -20.3051 -24.7188 0
      vertex -20.1468 -22.2285 1.96364
    endloop
  endfacet
  facet normal 0.476335 0.525553 -0.70491
    outer loop
      vertex -20.1468 -22.2285 1.96364
      vertex -20.3051 -24.7188 0
      vertex -21.2132 -21.2132 2
    endloop
  endfacet
  facet normal -0.305486 0.640066 -0.704978
    outer loop
      vertex 15.0668 -28.219 0
      vertex 14.1419 -26.4576 2
      vertex 15.08 -28.2127 0
    endloop
  endfacet
  facet normal -0.303288 0.641164 -0.704929
    outer loop
      vertex 15.0668 -28.219 0
      vertex 12.8267 -27.1197 1.96364
      vertex 14.1419 -26.4576 2
    endloop
  endfacet
  facet normal -0.303251 0.641203 -0.704909
    outer loop
      vertex 12.8267 -27.1197 1.96364
      vertex 15.0668 -28.219 0
      vertex 11.4805 -27.7164 2
    endloop
  endfacet
  facet normal -0.303261 0.641184 -0.704922
    outer loop
      vertex 15.0668 -28.219 0
      vertex 12.2421 -29.555 0
      vertex 11.4805 -27.7164 2
    endloop
  endfacet
  facet normal -0.364922 -0.608203 -0.704926
    outer loop
      vertex 16.6671 24.9441 2
      vertex 17.7602 26.6063 0
      vertex 17.7727 26.5988 0
    endloop
  endfacet
  facet normal -0.364663 -0.608366 -0.70492
    outer loop
      vertex 15.4231 25.7319 1.96364
      vertex 17.7602 26.6063 0
      vertex 16.6671 24.9441 2
    endloop
  endfacet
  facet normal -0.364625 -0.608416 -0.704897
    outer loop
      vertex 17.7602 26.6063 0
      vertex 15.4231 25.7319 1.96364
      vertex 14.1419 26.4576 2
    endloop
  endfacet
  facet normal -0.422527 0.56971 -0.704912
    outer loop
      vertex 17.7845 -26.59 0
      vertex 17.871 -24.0962 1.96364
      vertex 19.0318 -23.1903 2
    endloop
  endfacet
  facet normal -0.424058 0.568624 -0.70487
    outer loop
      vertex 16.6671 -24.9441 2
      vertex 17.7845 -26.59 0
      vertex 17.7727 -26.5988 0
    endloop
  endfacet
  facet normal -0.422532 0.569709 -0.70491
    outer loop
      vertex 17.7845 -26.59 0
      vertex 16.6671 -24.9441 2
      vertex 17.871 -24.0962 1.96364
    endloop
  endfacet
  facet normal -0.608203 0.364922 -0.704926
    outer loop
      vertex 24.9441 -16.6671 2
      vertex 26.6063 -17.7602 0
      vertex 26.5988 -17.7727 0
    endloop
  endfacet
  facet normal -0.608416 0.364625 -0.704897
    outer loop
      vertex 26.6063 -17.7602 0
      vertex 25.7319 -15.4231 1.96364
      vertex 26.4576 -14.1419 2
    endloop
  endfacet
  facet normal -0.608366 0.364663 -0.70492
    outer loop
      vertex 26.6063 -17.7602 0
      vertex 24.9441 -16.6671 2
      vertex 25.7319 -15.4231 1.96364
    endloop
  endfacet
  facet normal -0.641184 0.303261 -0.704922
    outer loop
      vertex 29.555 -12.2421 0
      vertex 28.219 -15.0668 0
      vertex 27.7164 -11.4805 2
    endloop
  endfacet
  facet normal -0.104077 -0.701617 -0.704912
    outer loop
      vertex 6.24095 31.3754 0
      vertex 5.85271 29.4236 2
      vertex 3.15006 31.8339 0
    endloop
  endfacet
  facet normal 0.424058 -0.568624 -0.70487
    outer loop
      vertex -16.6671 24.9441 2
      vertex -17.7845 26.59 0
      vertex -17.7727 26.5988 0
    endloop
  endfacet
  facet normal 0.422532 -0.569709 -0.70491
    outer loop
      vertex -17.871 24.0962 1.96364
      vertex -17.7845 26.59 0
      vertex -16.6671 24.9441 2
    endloop
  endfacet
  facet normal 0.422527 -0.56971 -0.704912
    outer loop
      vertex -17.7845 26.59 0
      vertex -17.871 24.0962 1.96364
      vertex -19.0318 23.1903 2
    endloop
  endfacet
  facet normal -0.608416 -0.364625 -0.704897
    outer loop
      vertex 25.7319 15.4231 1.96364
      vertex 26.6063 17.7602 0
      vertex 26.4576 14.1419 2
    endloop
  endfacet
  facet normal -0.608366 -0.364663 -0.70492
    outer loop
      vertex 24.9441 16.6671 2
      vertex 26.6063 17.7602 0
      vertex 25.7319 15.4231 1.96364
    endloop
  endfacet
  facet normal -0.608203 -0.364922 -0.704926
    outer loop
      vertex 26.6063 17.7602 0
      vertex 24.9441 16.6671 2
      vertex 26.5988 17.7727 0
    endloop
  endfacet
  facet normal -0.66688 0.241798 -0.704844
    outer loop
      vertex 30.6076 -9.30001 0
      vertex 28.7082 -8.70854 2
      vertex 30.6126 -9.28622 0
    endloop
  endfacet
  facet normal -0.667833 0.238959 -0.70491
    outer loop
      vertex 30.6076 -9.30001 0
      vertex 28.2463 -10.1067 1.96364
      vertex 28.7082 -8.70854 2
    endloop
  endfacet
  facet normal -0.667832 0.238938 -0.704917
    outer loop
      vertex 28.2463 -10.1067 1.96364
      vertex 30.6076 -9.30001 0
      vertex 27.7164 -11.4805 2
    endloop
  endfacet
  facet normal 0.172377 0.688011 -0.704931
    outer loop
      vertex -9.27201 -30.6161 0
      vertex -7.2894 -29.1009 1.96364
      vertex -5.85271 -29.4236 2
    endloop
  endfacet
  facet normal 0.172332 0.688043 -0.70491
    outer loop
      vertex -9.27201 -30.6161 0
      vertex -8.70854 -28.7082 2
      vertex -7.2894 -29.1009 1.96364
    endloop
  endfacet
  facet normal 0.169648 0.688772 -0.70485
    outer loop
      vertex -8.70854 -28.7082 2
      vertex -9.27201 -30.6161 0
      vertex -9.28622 -30.6126 0
    endloop
  endfacet
  facet normal 0.364638 -0.608382 -0.704919
    outer loop
      vertex -15.08 28.2127 0
      vertex -14.1419 26.4576 2
      vertex -17.7602 26.6063 0
    endloop
  endfacet
  facet normal -0.701898 0.101724 -0.704976
    outer loop
      vertex 31.8339 -3.15006 0
      vertex 29.8555 -2.94051 2
      vertex 31.836 -3.13557 0
    endloop
  endfacet
  facet normal -0.701604 0.104051 -0.704929
    outer loop
      vertex 31.8339 -3.15006 0
      vertex 29.6753 -4.40191 1.96364
      vertex 29.8555 -2.94051 2
    endloop
  endfacet
  facet normal -0.701605 0.104055 -0.704927
    outer loop
      vertex 29.6753 -4.40191 1.96364
      vertex 31.8339 -3.15006 0
      vertex 29.4236 -5.85271 2
    endloop
  endfacet
  facet normal -0.172357 -0.688035 -0.704912
    outer loop
      vertex 6.24095 31.3754 0
      vertex 9.27201 30.6161 0
      vertex 5.85271 29.4236 2
    endloop
  endfacet
  facet normal 0.525555 0.47632 -0.704919
    outer loop
      vertex -21.2132 -21.2132 2
      vertex -22.6204 -22.6204 0
      vertex -24.7188 -20.3051 0
    endloop
  endfacet
  facet normal 0.667832 0.238938 -0.704917
    outer loop
      vertex -30.6076 -9.30001 0
      vertex -28.2463 -10.1067 1.96364
      vertex -27.7164 -11.4805 2
    endloop
  endfacet
  facet normal 0.667833 0.238959 -0.70491
    outer loop
      vertex -30.6076 -9.30001 0
      vertex -28.7082 -8.70854 2
      vertex -28.2463 -10.1067 1.96364
    endloop
  endfacet
  facet normal 0.66688 0.241798 -0.704844
    outer loop
      vertex -28.7082 -8.70854 2
      vertex -30.6076 -9.30001 0
      vertex -30.6126 -9.28622 0
    endloop
  endfacet
  facet normal 0.364625 0.608416 -0.704897
    outer loop
      vertex -17.7602 -26.6063 0
      vertex -15.4231 -25.7319 1.96364
      vertex -14.1419 -26.4576 2
    endloop
  endfacet
  facet normal 0.364663 0.608366 -0.70492
    outer loop
      vertex -17.7602 -26.6063 0
      vertex -16.6671 -24.9441 2
      vertex -15.4231 -25.7319 1.96364
    endloop
  endfacet
  facet normal 0.364922 0.608203 -0.704926
    outer loop
      vertex -16.6671 -24.9441 2
      vertex -17.7602 -26.6063 0
      vertex -17.7727 -26.5988 0
    endloop
  endfacet
  facet normal 0.303261 -0.641184 -0.704922
    outer loop
      vertex -12.2421 29.555 0
      vertex -11.4805 27.7164 2
      vertex -15.0668 28.219 0
    endloop
  endfacet
  facet normal 0.688035 -0.172357 -0.704912
    outer loop
      vertex -30.6161 9.27201 0
      vertex -29.4236 5.85271 2
      vertex -31.3754 6.24095 0
    endloop
  endfacet
  facet normal -0.568624 -0.424058 -0.70487
    outer loop
      vertex 24.9441 16.6671 2
      vertex 26.59 17.7845 0
      vertex 26.5988 17.7727 0
    endloop
  endfacet
  facet normal -0.569709 -0.422532 -0.70491
    outer loop
      vertex 24.0962 17.871 1.96364
      vertex 26.59 17.7845 0
      vertex 24.9441 16.6671 2
    endloop
  endfacet
  facet normal -0.56971 -0.422527 -0.704912
    outer loop
      vertex 26.59 17.7845 0
      vertex 24.0962 17.871 1.96364
      vertex 23.1903 19.0318 2
    endloop
  endfacet
  facet normal -0.56971 0.422527 -0.704912
    outer loop
      vertex 26.59 -17.7845 0
      vertex 24.7286 -20.2943 0
      vertex 23.1903 -19.0318 2
    endloop
  endfacet
  facet normal 0.101724 0.701898 -0.704976
    outer loop
      vertex -3.15006 -31.8339 0
      vertex -2.94051 -29.8555 2
      vertex -3.13557 -31.836 0
    endloop
  endfacet
  facet normal 0.104051 0.701604 -0.704929
    outer loop
      vertex -3.15006 -31.8339 0
      vertex -4.40191 -29.6753 1.96364
      vertex -2.94051 -29.8555 2
    endloop
  endfacet
  facet normal 0.104055 0.701605 -0.704927
    outer loop
      vertex -4.40191 -29.6753 1.96364
      vertex -3.15006 -31.8339 0
      vertex -5.85271 -29.4236 2
    endloop
  endfacet
  facet normal -0.476645 0.525282 -0.704903
    outer loop
      vertex 19.0318 -23.1903 2
      vertex 20.3051 -24.7188 0
      vertex 20.2943 -24.7286 0
    endloop
  endfacet
  facet normal -0.476335 0.525553 -0.70491
    outer loop
      vertex 20.3051 -24.7188 0
      vertex 20.1468 -22.2285 1.96364
      vertex 21.2132 -21.2132 2
    endloop
  endfacet
  facet normal -0.476331 0.525555 -0.704912
    outer loop
      vertex 20.3051 -24.7188 0
      vertex 19.0318 -23.1903 2
      vertex 20.1468 -22.2285 1.96364
    endloop
  endfacet
  facet normal -0.47632 0.525555 -0.704919
    outer loop
      vertex 21.2132 -21.2132 2
      vertex 22.6204 -22.6204 0
      vertex 20.3051 -24.7188 0
    endloop
  endfacet
  facet normal 0.238932 -0.66783 -0.704922
    outer loop
      vertex -9.30001 30.6076 0
      vertex -11.4805 27.7164 2
      vertex -12.2421 29.555 0
    endloop
  endfacet
  facet normal -0.0348206 0.708429 -0.704922
    outer loop
      vertex 0 -30 2
      vertex 3.12094 -31.8367 0
      vertex 0 -31.9901 0
    endloop
  endfacet
  facet normal 0.701617 -0.104077 -0.704912
    outer loop
      vertex -31.3754 6.24095 0
      vertex -29.4236 5.85271 2
      vertex -31.8339 3.15006 0
    endloop
  endfacet
  facet normal 0.608203 0.364922 -0.704926
    outer loop
      vertex -26.6063 -17.7602 0
      vertex -24.9441 -16.6671 2
      vertex -26.5988 -17.7727 0
    endloop
  endfacet
  facet normal 0.608366 0.364663 -0.70492
    outer loop
      vertex -24.9441 -16.6671 2
      vertex -26.6063 -17.7602 0
      vertex -25.7319 -15.4231 1.96364
    endloop
  endfacet
  facet normal 0.608416 0.364625 -0.704897
    outer loop
      vertex -25.7319 -15.4231 1.96364
      vertex -26.6063 -17.7602 0
      vertex -26.4576 -14.1419 2
    endloop
  endfacet
  facet normal 0.608382 -0.364638 -0.704919
    outer loop
      vertex -26.6063 17.7602 0
      vertex -26.4576 14.1419 2
      vertex -28.2127 15.08 0
    endloop
  endfacet
  facet normal 0.640066 0.305486 -0.704978
    outer loop
      vertex -28.219 -15.0668 0
      vertex -26.4576 -14.1419 2
      vertex -28.2127 -15.08 0
    endloop
  endfacet
  facet normal 0.641164 0.303288 -0.704929
    outer loop
      vertex -26.4576 -14.1419 2
      vertex -28.219 -15.0668 0
      vertex -27.1197 -12.8267 1.96364
    endloop
  endfacet
  facet normal 0.641203 0.303251 -0.704909
    outer loop
      vertex -27.1197 -12.8267 1.96364
      vertex -28.219 -15.0668 0
      vertex -27.7164 -11.4805 2
    endloop
  endfacet
  facet normal -0.640066 0.305486 -0.704978
    outer loop
      vertex 26.4576 -14.1419 2
      vertex 28.219 -15.0668 0
      vertex 28.2127 -15.08 0
    endloop
  endfacet
  facet normal -0.641203 0.303251 -0.704909
    outer loop
      vertex 28.219 -15.0668 0
      vertex 27.1197 -12.8267 1.96364
      vertex 27.7164 -11.4805 2
    endloop
  endfacet
  facet normal -0.641164 0.303288 -0.704929
    outer loop
      vertex 28.219 -15.0668 0
      vertex 26.4576 -14.1419 2
      vertex 27.1197 -12.8267 1.96364
    endloop
  endfacet
  facet normal 0.241798 -0.66688 -0.704844
    outer loop
      vertex -8.70854 28.7082 2
      vertex -9.30001 30.6076 0
      vertex -9.28622 30.6126 0
    endloop
  endfacet
  facet normal 0.238959 -0.667833 -0.70491
    outer loop
      vertex -10.1067 28.2463 1.96364
      vertex -9.30001 30.6076 0
      vertex -8.70854 28.7082 2
    endloop
  endfacet
  facet normal 0.238938 -0.667832 -0.704917
    outer loop
      vertex -9.30001 30.6076 0
      vertex -10.1067 28.2463 1.96364
      vertex -11.4805 27.7164 2
    endloop
  endfacet
  facet normal 0.172357 0.688035 -0.704912
    outer loop
      vertex -5.85271 -29.4236 2
      vertex -6.24095 -31.3754 0
      vertex -9.27201 -30.6161 0
    endloop
  endfacet
  facet normal -0.364638 0.608382 -0.704919
    outer loop
      vertex 17.7602 -26.6063 0
      vertex 15.08 -28.2127 0
      vertex 14.1419 -26.4576 2
    endloop
  endfacet
  facet normal 0.104077 0.701617 -0.704912
    outer loop
      vertex -5.85271 -29.4236 2
      vertex -3.15006 -31.8339 0
      vertex -6.24095 -31.3754 0
    endloop
  endfacet
  facet normal 0.303251 -0.641203 -0.704909
    outer loop
      vertex -12.8267 27.1197 1.96364
      vertex -15.0668 28.219 0
      vertex -11.4805 27.7164 2
    endloop
  endfacet
  facet normal 0.303288 -0.641164 -0.704929
    outer loop
      vertex -14.1419 26.4576 2
      vertex -15.0668 28.219 0
      vertex -12.8267 27.1197 1.96364
    endloop
  endfacet
  facet normal 0.305486 -0.640066 -0.704978
    outer loop
      vertex -15.0668 28.219 0
      vertex -14.1419 26.4576 2
      vertex -15.08 28.2127 0
    endloop
  endfacet
  facet normal 0.525553 -0.476335 -0.70491
    outer loop
      vertex -22.2285 20.1468 1.96364
      vertex -24.7188 20.3051 0
      vertex -21.2132 21.2132 2
    endloop
  endfacet
  facet normal 0.525555 -0.476331 -0.704912
    outer loop
      vertex -23.1903 19.0318 2
      vertex -24.7188 20.3051 0
      vertex -22.2285 20.1468 1.96364
    endloop
  endfacet
  facet normal 0.525282 -0.476645 -0.704903
    outer loop
      vertex -24.7188 20.3051 0
      vertex -23.1903 19.0318 2
      vertex -24.7286 20.2943 0
    endloop
  endfacet
  facet normal 0.525555 -0.47632 -0.704919
    outer loop
      vertex -22.6204 22.6204 0
      vertex -21.2132 21.2132 2
      vertex -24.7188 20.3051 0
    endloop
  endfacet
  facet normal -0.525282 0.476645 -0.704903
    outer loop
      vertex 24.7188 -20.3051 0
      vertex 23.1903 -19.0318 2
      vertex 24.7286 -20.2943 0
    endloop
  endfacet
  facet normal -0.525555 0.476331 -0.704912
    outer loop
      vertex 24.7188 -20.3051 0
      vertex 22.2285 -20.1468 1.96364
      vertex 23.1903 -19.0318 2
    endloop
  endfacet
  facet normal -0.525553 0.476335 -0.70491
    outer loop
      vertex 22.2285 -20.1468 1.96364
      vertex 24.7188 -20.3051 0
      vertex 21.2132 -21.2132 2
    endloop
  endfacet
  facet normal 0.56971 -0.422527 -0.704912
    outer loop
      vertex -24.0962 17.871 1.96364
      vertex -26.59 17.7845 0
      vertex -23.1903 19.0318 2
    endloop
  endfacet
  facet normal 0.569709 -0.422532 -0.70491
    outer loop
      vertex -24.9441 16.6671 2
      vertex -26.59 17.7845 0
      vertex -24.0962 17.871 1.96364
    endloop
  endfacet
  facet normal 0.568624 -0.424058 -0.70487
    outer loop
      vertex -26.59 17.7845 0
      vertex -24.9441 16.6671 2
      vertex -26.5988 17.7727 0
    endloop
  endfacet
  facet normal 0.688043 -0.172332 -0.70491
    outer loop
      vertex -30.6161 9.27201 0
      vertex -28.7082 8.70854 2
      vertex -29.1009 7.2894 1.96364
    endloop
  endfacet
  facet normal 0.688011 -0.172377 -0.704931
    outer loop
      vertex -30.6161 9.27201 0
      vertex -29.1009 7.2894 1.96364
      vertex -29.4236 5.85271 2
    endloop
  endfacet
  facet normal 0.688772 -0.169648 -0.70485
    outer loop
      vertex -28.7082 8.70854 2
      vertex -30.6161 9.27201 0
      vertex -30.6126 9.28622 0
    endloop
  endfacet
  facet normal 0.303261 0.641184 -0.704922
    outer loop
      vertex -11.4805 -27.7164 2
      vertex -12.2421 -29.555 0
      vertex -15.0668 -28.219 0
    endloop
  endfacet
  facet normal 0.608366 -0.364663 -0.70492
    outer loop
      vertex -26.6063 17.7602 0
      vertex -24.9441 16.6671 2
      vertex -25.7319 15.4231 1.96364
    endloop
  endfacet
  facet normal 0.608416 -0.364625 -0.704897
    outer loop
      vertex -26.6063 17.7602 0
      vertex -25.7319 15.4231 1.96364
      vertex -26.4576 14.1419 2
    endloop
  endfacet
  facet normal 0.608203 -0.364922 -0.704926
    outer loop
      vertex -24.9441 16.6671 2
      vertex -26.6063 17.7602 0
      vertex -26.5988 17.7727 0
    endloop
  endfacet
  facet normal -0.172357 0.688035 -0.704912
    outer loop
      vertex 9.27201 -30.6161 0
      vertex 6.24095 -31.3754 0
      vertex 5.85271 -29.4236 2
    endloop
  endfacet
  facet normal 0.424058 0.568624 -0.70487
    outer loop
      vertex -17.7845 -26.59 0
      vertex -16.6671 -24.9441 2
      vertex -17.7727 -26.5988 0
    endloop
  endfacet
  facet normal 0.422532 0.569709 -0.70491
    outer loop
      vertex -17.7845 -26.59 0
      vertex -17.871 -24.0962 1.96364
      vertex -16.6671 -24.9441 2
    endloop
  endfacet
  facet normal 0.422527 0.56971 -0.704912
    outer loop
      vertex -17.871 -24.0962 1.96364
      vertex -17.7845 -26.59 0
      vertex -19.0318 -23.1903 2
    endloop
  endfacet
  facet normal -0.238938 0.667832 -0.704917
    outer loop
      vertex 9.30001 -30.6076 0
      vertex 10.1067 -28.2463 1.96364
      vertex 11.4805 -27.7164 2
    endloop
  endfacet
  facet normal -0.241798 0.66688 -0.704844
    outer loop
      vertex 8.70854 -28.7082 2
      vertex 9.30001 -30.6076 0
      vertex 9.28622 -30.6126 0
    endloop
  endfacet
  facet normal -0.238959 0.667833 -0.70491
    outer loop
      vertex 9.30001 -30.6076 0
      vertex 8.70854 -28.7082 2
      vertex 10.1067 -28.2463 1.96364
    endloop
  endfacet
  facet normal 0.56971 0.422527 -0.704912
    outer loop
      vertex -26.59 -17.7845 0
      vertex -24.0962 -17.871 1.96364
      vertex -23.1903 -19.0318 2
    endloop
  endfacet
  facet normal 0.569709 0.422532 -0.70491
    outer loop
      vertex -26.59 -17.7845 0
      vertex -24.9441 -16.6671 2
      vertex -24.0962 -17.871 1.96364
    endloop
  endfacet
  facet normal 0.568624 0.424058 -0.70487
    outer loop
      vertex -24.9441 -16.6671 2
      vertex -26.59 -17.7845 0
      vertex -26.5988 -17.7727 0
    endloop
  endfacet
  facet normal 0.56971 0.422527 -0.704912
    outer loop
      vertex -23.1903 -19.0318 2
      vertex -24.7286 -20.2943 0
      vertex -26.59 -17.7845 0
    endloop
  endfacet
  facet normal 0.241798 0.66688 -0.704844
    outer loop
      vertex -9.30001 -30.6076 0
      vertex -8.70854 -28.7082 2
      vertex -9.28622 -30.6126 0
    endloop
  endfacet
  facet normal 0.238959 0.667833 -0.70491
    outer loop
      vertex -9.30001 -30.6076 0
      vertex -10.1067 -28.2463 1.96364
      vertex -8.70854 -28.7082 2
    endloop
  endfacet
  facet normal 0.238938 0.667832 -0.704917
    outer loop
      vertex -10.1067 -28.2463 1.96364
      vertex -9.30001 -30.6076 0
      vertex -11.4805 -27.7164 2
    endloop
  endfacet
  facet normal -0.169648 0.688772 -0.70485
    outer loop
      vertex 9.27201 -30.6161 0
      vertex 8.70854 -28.7082 2
      vertex 9.28622 -30.6126 0
    endloop
  endfacet
  facet normal -0.172332 0.688043 -0.70491
    outer loop
      vertex 9.27201 -30.6161 0
      vertex 7.2894 -29.1009 1.96364
      vertex 8.70854 -28.7082 2
    endloop
  endfacet
  facet normal -0.172377 0.688011 -0.704931
    outer loop
      vertex 7.2894 -29.1009 1.96364
      vertex 9.27201 -30.6161 0
      vertex 5.85271 -29.4236 2
    endloop
  endfacet
  facet normal -0.56971 0.422527 0.704912
    outer loop
      vertex 24.7286 -20.2943 80
      vertex 26.59 -17.7845 80
      vertex 23.1903 -19.0318 78
    endloop
  endfacet
  facet normal 0.476645 -0.525282 0.704903
    outer loop
      vertex -20.3051 24.7188 80
      vertex -19.0318 23.1903 78
      vertex -20.2943 24.7286 80
    endloop
  endfacet
  facet normal 0.476346 -0.525542 0.704911
    outer loop
      vertex -19.0318 23.1903 78
      vertex -20.3051 24.7188 80
      vertex -20.1468 22.2285 78.0364
    endloop
  endfacet
  facet normal 0.47631 -0.525556 0.704925
    outer loop
      vertex -20.1468 22.2285 78.0364
      vertex -20.3051 24.7188 80
      vertex -21.2132 21.2132 78
    endloop
  endfacet
  facet normal 0.241798 0.66688 0.704844
    outer loop
      vertex -8.70854 -28.7082 78
      vertex -9.30001 -30.6076 80
      vertex -9.28622 -30.6126 80
    endloop
  endfacet
  facet normal 0.238977 0.667827 0.704909
    outer loop
      vertex -10.1067 -28.2463 78.0364
      vertex -9.30001 -30.6076 80
      vertex -8.70854 -28.7082 78
    endloop
  endfacet
  facet normal 0.238915 0.667825 0.704932
    outer loop
      vertex -9.30001 -30.6076 80
      vertex -10.1067 -28.2463 78.0364
      vertex -11.4805 -27.7164 78
    endloop
  endfacet
  facet normal 0.608377 0.364646 0.704919
    outer loop
      vertex -26.6063 -17.7602 80
      vertex -24.9441 -16.6671 78
      vertex -25.7319 -15.4231 78.0364
    endloop
  endfacet
  facet normal 0.608392 0.364634 0.704912
    outer loop
      vertex -26.6063 -17.7602 80
      vertex -25.7319 -15.4231 78.0364
      vertex -26.4576 -14.1419 78
    endloop
  endfacet
  facet normal 0.608203 0.364922 0.704926
    outer loop
      vertex -24.9441 -16.6671 78
      vertex -26.6063 -17.7602 80
      vertex -26.5988 -17.7727 80
    endloop
  endfacet
  facet normal -0.708429 -0.0348206 0.704922
    outer loop
      vertex 31.9901 0 80
      vertex 31.8367 3.12094 80
      vertex 30 0 78
    endloop
  endfacet
  facet normal -0.708499 -0.0338995 0.704897
    outer loop
      vertex 29.8555 2.94051 78
      vertex 31.8367 3.12094 80
      vertex 31.836 3.13557 80
    endloop
  endfacet
  facet normal -0.708435 -0.034822 0.704917
    outer loop
      vertex 29.9639 1.47203 78.0364
      vertex 31.8367 3.12094 80
      vertex 29.8555 2.94051 78
    endloop
  endfacet
  facet normal -0.708443 -0.0348047 0.70491
    outer loop
      vertex 31.8367 3.12094 80
      vertex 29.9639 1.47203 78.0364
      vertex 30 0 78
    endloop
  endfacet
  facet normal -0.0348206 0.708429 0.704922
    outer loop
      vertex 3.12094 -31.8367 80
      vertex 0 -30 78
      vertex 0 -31.9901 80
    endloop
  endfacet
  facet normal -0.238932 0.66783 0.704922
    outer loop
      vertex 12.2421 -29.555 80
      vertex 11.4805 -27.7164 78
      vertex 9.30001 -30.6076 80
    endloop
  endfacet
  facet normal 0.104077 -0.701617 0.704912
    outer loop
      vertex -5.85271 29.4236 78
      vertex -3.15006 31.8339 80
      vertex -6.24095 31.3754 80
    endloop
  endfacet
  facet normal -0.701617 0.104077 0.704912
    outer loop
      vertex 31.3754 -6.24095 80
      vertex 31.8339 -3.15006 80
      vertex 29.4236 -5.85271 78
    endloop
  endfacet
  facet normal -0.238932 -0.66783 0.704922
    outer loop
      vertex 11.4805 27.7164 78
      vertex 12.2421 29.555 80
      vertex 9.30001 30.6076 80
    endloop
  endfacet
  facet normal 0.525555 0.47632 0.704919
    outer loop
      vertex -22.6204 -22.6204 80
      vertex -21.2132 -21.2132 78
      vertex -24.7188 -20.3051 80
    endloop
  endfacet
  facet normal -0.525282 0.476645 0.704903
    outer loop
      vertex 23.1903 -19.0318 78
      vertex 24.7188 -20.3051 80
      vertex 24.7286 -20.2943 80
    endloop
  endfacet
  facet normal -0.525542 0.476346 0.704911
    outer loop
      vertex 22.2285 -20.1468 78.0364
      vertex 24.7188 -20.3051 80
      vertex 23.1903 -19.0318 78
    endloop
  endfacet
  facet normal -0.525556 0.47631 0.704925
    outer loop
      vertex 24.7188 -20.3051 80
      vertex 22.2285 -20.1468 78.0364
      vertex 21.2132 -21.2132 78
    endloop
  endfacet
  facet normal 0.303263 -0.641181 0.704924
    outer loop
      vertex -15.0668 28.219 80
      vertex -12.8267 27.1197 78.0364
      vertex -11.4805 27.7164 78
    endloop
  endfacet
  facet normal 0.30327 -0.641173 0.704928
    outer loop
      vertex -15.0668 28.219 80
      vertex -14.1419 26.4576 78
      vertex -12.8267 27.1197 78.0364
    endloop
  endfacet
  facet normal 0.305486 -0.640066 0.704978
    outer loop
      vertex -14.1419 26.4576 78
      vertex -15.0668 28.219 80
      vertex -15.08 28.2127 80
    endloop
  endfacet
  facet normal 0.66783 0.238932 0.704922
    outer loop
      vertex -29.555 -12.2421 80
      vertex -27.7164 -11.4805 78
      vertex -30.6076 -9.30001 80
    endloop
  endfacet
  facet normal 0.238932 0.66783 0.704922
    outer loop
      vertex -9.30001 -30.6076 80
      vertex -11.4805 -27.7164 78
      vertex -12.2421 -29.555 80
    endloop
  endfacet
  facet normal -0.034822 -0.708435 0.704917
    outer loop
      vertex 2.94051 29.8555 78
      vertex 3.12094 31.8367 80
      vertex 1.47203 29.9639 78.0364
    endloop
  endfacet
  facet normal -0.0348047 -0.708443 0.70491
    outer loop
      vertex 1.47203 29.9639 78.0364
      vertex 3.12094 31.8367 80
      vertex 0 30 78
    endloop
  endfacet
  facet normal -0.0338995 -0.708499 0.704897
    outer loop
      vertex 3.12094 31.8367 80
      vertex 2.94051 29.8555 78
      vertex 3.13557 31.836 80
    endloop
  endfacet
  facet normal -0.47632 0.525555 0.704919
    outer loop
      vertex 22.6204 -22.6204 80
      vertex 21.2132 -21.2132 78
      vertex 20.3051 -24.7188 80
    endloop
  endfacet
  facet normal 0.56971 -0.422527 0.704912
    outer loop
      vertex -23.1903 19.0318 78
      vertex -24.7286 20.2943 80
      vertex -26.59 17.7845 80
    endloop
  endfacet
  facet normal 0.424058 -0.568624 0.70487
    outer loop
      vertex -17.7845 26.59 80
      vertex -16.6671 24.9441 78
      vertex -17.7727 26.5988 80
    endloop
  endfacet
  facet normal 0.422548 -0.569698 0.70491
    outer loop
      vertex -17.7845 26.59 80
      vertex -17.871 24.0962 78.0364
      vertex -16.6671 24.9441 78
    endloop
  endfacet
  facet normal 0.422502 -0.56971 0.704927
    outer loop
      vertex -17.871 24.0962 78.0364
      vertex -17.7845 26.59 80
      vertex -19.0318 23.1903 78
    endloop
  endfacet
  facet normal 0.708499 -0.0338995 0.704897
    outer loop
      vertex -31.8367 3.12094 80
      vertex -29.8555 2.94051 78
      vertex -31.836 3.13557 80
    endloop
  endfacet
  facet normal 0.708435 -0.034822 0.704917
    outer loop
      vertex -31.8367 3.12094 80
      vertex -29.9639 1.47203 78.0364
      vertex -29.8555 2.94051 78
    endloop
  endfacet
  facet normal 0.708443 -0.0348047 0.70491
    outer loop
      vertex -29.9639 1.47203 78.0364
      vertex -31.8367 3.12094 80
      vertex -30 0 78
    endloop
  endfacet
  facet normal -0.169648 -0.688772 0.70485
    outer loop
      vertex 9.27201 30.6161 80
      vertex 8.70854 28.7082 78
      vertex 9.28622 30.6126 80
    endloop
  endfacet
  facet normal -0.172314 -0.688048 0.70491
    outer loop
      vertex 9.27201 30.6161 80
      vertex 7.2894 29.1009 78.0364
      vertex 8.70854 28.7082 78
    endloop
  endfacet
  facet normal -0.172393 -0.687991 0.704946
    outer loop
      vertex 7.2894 29.1009 78.0364
      vertex 9.27201 30.6161 80
      vertex 5.85271 29.4236 78
    endloop
  endfacet
  facet normal -0.66783 0.238932 0.704922
    outer loop
      vertex 29.555 -12.2421 80
      vertex 30.6076 -9.30001 80
      vertex 27.7164 -11.4805 78
    endloop
  endfacet
  facet normal -0.688035 0.172357 0.704912
    outer loop
      vertex 30.6161 -9.27201 80
      vertex 31.3754 -6.24095 80
      vertex 29.4236 -5.85271 78
    endloop
  endfacet
  facet normal 0.56971 0.422527 0.704912
    outer loop
      vertex -24.7286 -20.2943 80
      vertex -23.1903 -19.0318 78
      vertex -26.59 -17.7845 80
    endloop
  endfacet
  facet normal -0.641184 -0.303261 0.704922
    outer loop
      vertex 29.555 12.2421 80
      vertex 28.219 15.0668 80
      vertex 27.7164 11.4805 78
    endloop
  endfacet
  facet normal -0.608382 0.364638 0.704919
    outer loop
      vertex 26.6063 -17.7602 80
      vertex 28.2127 -15.08 80
      vertex 26.4576 -14.1419 78
    endloop
  endfacet
  facet normal -0.641184 0.303261 0.704922
    outer loop
      vertex 28.219 -15.0668 80
      vertex 29.555 -12.2421 80
      vertex 27.7164 -11.4805 78
    endloop
  endfacet
  facet normal -0.169648 0.688772 0.70485
    outer loop
      vertex 8.70854 -28.7082 78
      vertex 9.27201 -30.6161 80
      vertex 9.28622 -30.6126 80
    endloop
  endfacet
  facet normal -0.172314 0.688048 0.70491
    outer loop
      vertex 7.2894 -29.1009 78.0364
      vertex 9.27201 -30.6161 80
      vertex 8.70854 -28.7082 78
    endloop
  endfacet
  facet normal -0.172393 0.687991 0.704946
    outer loop
      vertex 9.27201 -30.6161 80
      vertex 7.2894 -29.1009 78.0364
      vertex 5.85271 -29.4236 78
    endloop
  endfacet
  facet normal -0.525555 0.47632 0.704919
    outer loop
      vertex 22.6204 -22.6204 80
      vertex 24.7188 -20.3051 80
      vertex 21.2132 -21.2132 78
    endloop
  endfacet
  facet normal -0.708443 0.0348047 0.70491
    outer loop
      vertex 29.9639 -1.47203 78.0364
      vertex 31.8367 -3.12094 80
      vertex 30 0 78
    endloop
  endfacet
  facet normal -0.708435 0.034822 0.704917
    outer loop
      vertex 29.8555 -2.94051 78
      vertex 31.8367 -3.12094 80
      vertex 29.9639 -1.47203 78.0364
    endloop
  endfacet
  facet normal -0.708499 0.0338995 0.704897
    outer loop
      vertex 31.8367 -3.12094 80
      vertex 29.8555 -2.94051 78
      vertex 31.836 -3.13557 80
    endloop
  endfacet
  facet normal -0.608392 0.364634 0.704912
    outer loop
      vertex 25.7319 -15.4231 78.0364
      vertex 26.6063 -17.7602 80
      vertex 26.4576 -14.1419 78
    endloop
  endfacet
  facet normal -0.608377 0.364646 0.704919
    outer loop
      vertex 24.9441 -16.6671 78
      vertex 26.6063 -17.7602 80
      vertex 25.7319 -15.4231 78.0364
    endloop
  endfacet
  facet normal -0.608203 0.364922 0.704926
    outer loop
      vertex 26.6063 -17.7602 80
      vertex 24.9441 -16.6671 78
      vertex 26.5988 -17.7727 80
    endloop
  endfacet
  facet normal -0.708429 0.0348206 0.704922
    outer loop
      vertex 31.8367 -3.12094 80
      vertex 31.9901 0 80
      vertex 30 0 78
    endloop
  endfacet
  facet normal -0.238915 0.667825 0.704932
    outer loop
      vertex 10.1067 -28.2463 78.0364
      vertex 9.30001 -30.6076 80
      vertex 11.4805 -27.7164 78
    endloop
  endfacet
  facet normal -0.238977 0.667827 0.704909
    outer loop
      vertex 8.70854 -28.7082 78
      vertex 9.30001 -30.6076 80
      vertex 10.1067 -28.2463 78.0364
    endloop
  endfacet
  facet normal -0.241798 0.66688 0.704844
    outer loop
      vertex 9.30001 -30.6076 80
      vertex 8.70854 -28.7082 78
      vertex 9.28622 -30.6126 80
    endloop
  endfacet
  facet normal 0.641173 0.30327 0.704928
    outer loop
      vertex -28.219 -15.0668 80
      vertex -26.4576 -14.1419 78
      vertex -27.1197 -12.8267 78.0364
    endloop
  endfacet
  facet normal 0.641181 0.303263 0.704924
    outer loop
      vertex -28.219 -15.0668 80
      vertex -27.1197 -12.8267 78.0364
      vertex -27.7164 -11.4805 78
    endloop
  endfacet
  facet normal 0.640066 0.305486 0.704978
    outer loop
      vertex -26.4576 -14.1419 78
      vertex -28.219 -15.0668 80
      vertex -28.2127 -15.08 80
    endloop
  endfacet
  facet normal 0.525555 -0.47632 0.704919
    outer loop
      vertex -21.2132 21.2132 78
      vertex -22.6204 22.6204 80
      vertex -24.7188 20.3051 80
    endloop
  endfacet
  facet normal 0.172357 -0.688035 0.704912
    outer loop
      vertex -5.85271 29.4236 78
      vertex -6.24095 31.3754 80
      vertex -9.27201 30.6161 80
    endloop
  endfacet
  facet normal -0.104077 0.701617 0.704912
    outer loop
      vertex 6.24095 -31.3754 80
      vertex 5.85271 -29.4236 78
      vertex 3.15006 -31.8339 80
    endloop
  endfacet
  facet normal -0.701898 0.101724 0.704976
    outer loop
      vertex 29.8555 -2.94051 78
      vertex 31.8339 -3.15006 80
      vertex 31.836 -3.13557 80
    endloop
  endfacet
  facet normal -0.701602 0.10407 0.704929
    outer loop
      vertex 29.6753 -4.40191 78.0364
      vertex 31.8339 -3.15006 80
      vertex 29.8555 -2.94051 78
    endloop
  endfacet
  facet normal -0.701593 0.104033 0.704943
    outer loop
      vertex 31.8339 -3.15006 80
      vertex 29.6753 -4.40191 78.0364
      vertex 29.4236 -5.85271 78
    endloop
  endfacet
  facet normal 0.0348206 0.708429 0.704922
    outer loop
      vertex 0 -31.9901 80
      vertex 0 -30 78
      vertex -3.12094 -31.8367 80
    endloop
  endfacet
  facet normal 0.422527 -0.56971 0.704912
    outer loop
      vertex -19.0318 23.1903 78
      vertex -17.7845 26.59 80
      vertex -20.2943 24.7286 80
    endloop
  endfacet
  facet normal 0.525556 0.47631 0.704925
    outer loop
      vertex -22.2285 -20.1468 78.0364
      vertex -24.7188 -20.3051 80
      vertex -21.2132 -21.2132 78
    endloop
  endfacet
  facet normal 0.525542 0.476346 0.704911
    outer loop
      vertex -23.1903 -19.0318 78
      vertex -24.7188 -20.3051 80
      vertex -22.2285 -20.1468 78.0364
    endloop
  endfacet
  facet normal 0.525282 0.476645 0.704903
    outer loop
      vertex -24.7188 -20.3051 80
      vertex -23.1903 -19.0318 78
      vertex -24.7286 -20.2943 80
    endloop
  endfacet
  facet normal -0.0338995 0.708499 0.704897
    outer loop
      vertex 2.94051 -29.8555 78
      vertex 3.12094 -31.8367 80
      vertex 3.13557 -31.836 80
    endloop
  endfacet
  facet normal -0.034822 0.708435 0.704917
    outer loop
      vertex 3.12094 -31.8367 80
      vertex 2.94051 -29.8555 78
      vertex 1.47203 -29.9639 78.0364
    endloop
  endfacet
  facet normal -0.0348047 0.708443 0.70491
    outer loop
      vertex 3.12094 -31.8367 80
      vertex 1.47203 -29.9639 78.0364
      vertex 0 -30 78
    endloop
  endfacet
  facet normal 0.364638 -0.608382 0.704919
    outer loop
      vertex -14.1419 26.4576 78
      vertex -15.08 28.2127 80
      vertex -17.7602 26.6063 80
    endloop
  endfacet
  facet normal 0.172393 0.687991 0.704946
    outer loop
      vertex -7.2894 -29.1009 78.0364
      vertex -9.27201 -30.6161 80
      vertex -5.85271 -29.4236 78
    endloop
  endfacet
  facet normal 0.172314 0.688048 0.70491
    outer loop
      vertex -8.70854 -28.7082 78
      vertex -9.27201 -30.6161 80
      vertex -7.2894 -29.1009 78.0364
    endloop
  endfacet
  facet normal 0.169648 0.688772 0.70485
    outer loop
      vertex -9.27201 -30.6161 80
      vertex -8.70854 -28.7082 78
      vertex -9.28622 -30.6126 80
    endloop
  endfacet
  facet normal -0.568624 0.424058 0.70487
    outer loop
      vertex 24.9441 -16.6671 78
      vertex 26.59 -17.7845 80
      vertex 26.5988 -17.7727 80
    endloop
  endfacet
  facet normal -0.569698 0.422548 0.70491
    outer loop
      vertex 24.0962 -17.871 78.0364
      vertex 26.59 -17.7845 80
      vertex 24.9441 -16.6671 78
    endloop
  endfacet
  facet normal -0.56971 0.422502 0.704927
    outer loop
      vertex 26.59 -17.7845 80
      vertex 24.0962 -17.871 78.0364
      vertex 23.1903 -19.0318 78
    endloop
  endfacet
  facet normal -0.641181 0.303263 0.704924
    outer loop
      vertex 27.1197 -12.8267 78.0364
      vertex 28.219 -15.0668 80
      vertex 27.7164 -11.4805 78
    endloop
  endfacet
  facet normal -0.641173 0.30327 0.704928
    outer loop
      vertex 26.4576 -14.1419 78
      vertex 28.219 -15.0668 80
      vertex 27.1197 -12.8267 78.0364
    endloop
  endfacet
  facet normal -0.640066 0.305486 0.704978
    outer loop
      vertex 28.219 -15.0668 80
      vertex 26.4576 -14.1419 78
      vertex 28.2127 -15.08 80
    endloop
  endfacet
  facet normal 0.47632 -0.525555 0.704919
    outer loop
      vertex -21.2132 21.2132 78
      vertex -20.3051 24.7188 80
      vertex -22.6204 22.6204 80
    endloop
  endfacet
  facet normal 0.708429 0.0348206 0.704922
    outer loop
      vertex -31.8367 -3.12094 80
      vertex -30 0 78
      vertex -31.9901 0 80
    endloop
  endfacet
  facet normal 0.364634 -0.608392 0.704912
    outer loop
      vertex -17.7602 26.6063 80
      vertex -15.4231 25.7319 78.0364
      vertex -14.1419 26.4576 78
    endloop
  endfacet
  facet normal 0.364646 -0.608377 0.704919
    outer loop
      vertex -17.7602 26.6063 80
      vertex -16.6671 24.9441 78
      vertex -15.4231 25.7319 78.0364
    endloop
  endfacet
  facet normal 0.364922 -0.608203 0.704926
    outer loop
      vertex -16.6671 24.9441 78
      vertex -17.7602 26.6063 80
      vertex -17.7727 26.5988 80
    endloop
  endfacet
  facet normal 0.172357 0.688035 0.704912
    outer loop
      vertex -6.24095 -31.3754 80
      vertex -5.85271 -29.4236 78
      vertex -9.27201 -30.6161 80
    endloop
  endfacet
  facet normal 0.701593 -0.104033 0.704943
    outer loop
      vertex -31.8339 3.15006 80
      vertex -29.6753 4.40191 78.0364
      vertex -29.4236 5.85271 78
    endloop
  endfacet
  facet normal 0.701602 -0.10407 0.704929
    outer loop
      vertex -31.8339 3.15006 80
      vertex -29.8555 2.94051 78
      vertex -29.6753 4.40191 78.0364
    endloop
  endfacet
  facet normal 0.701898 -0.101724 0.704976
    outer loop
      vertex -29.8555 2.94051 78
      vertex -31.8339 3.15006 80
      vertex -31.836 3.13557 80
    endloop
  endfacet
  facet normal 0.034822 0.708435 0.704917
    outer loop
      vertex -2.94051 -29.8555 78
      vertex -3.12094 -31.8367 80
      vertex -1.47203 -29.9639 78.0364
    endloop
  endfacet
  facet normal 0.0348047 0.708443 0.70491
    outer loop
      vertex -1.47203 -29.9639 78.0364
      vertex -3.12094 -31.8367 80
      vertex 0 -30 78
    endloop
  endfacet
  facet normal 0.0338995 0.708499 0.704897
    outer loop
      vertex -3.12094 -31.8367 80
      vertex -2.94051 -29.8555 78
      vertex -3.13557 -31.836 80
    endloop
  endfacet
  facet normal 0.364638 0.608382 0.704919
    outer loop
      vertex -15.08 -28.2127 80
      vertex -14.1419 -26.4576 78
      vertex -17.7602 -26.6063 80
    endloop
  endfacet
  facet normal -0.364922 -0.608203 0.704926
    outer loop
      vertex 17.7602 26.6063 80
      vertex 16.6671 24.9441 78
      vertex 17.7727 26.5988 80
    endloop
  endfacet
  facet normal -0.364646 -0.608377 0.704919
    outer loop
      vertex 17.7602 26.6063 80
      vertex 15.4231 25.7319 78.0364
      vertex 16.6671 24.9441 78
    endloop
  endfacet
  facet normal -0.364634 -0.608392 0.704912
    outer loop
      vertex 15.4231 25.7319 78.0364
      vertex 17.7602 26.6063 80
      vertex 14.1419 26.4576 78
    endloop
  endfacet
  facet normal 0.303261 0.641184 0.704922
    outer loop
      vertex -12.2421 -29.555 80
      vertex -11.4805 -27.7164 78
      vertex -15.0668 -28.219 80
    endloop
  endfacet
  facet normal 0.56971 -0.422502 0.704927
    outer loop
      vertex -26.59 17.7845 80
      vertex -24.0962 17.871 78.0364
      vertex -23.1903 19.0318 78
    endloop
  endfacet
  facet normal 0.569698 -0.422548 0.70491
    outer loop
      vertex -26.59 17.7845 80
      vertex -24.9441 16.6671 78
      vertex -24.0962 17.871 78.0364
    endloop
  endfacet
  facet normal 0.568624 -0.424058 0.70487
    outer loop
      vertex -24.9441 16.6671 78
      vertex -26.59 17.7845 80
      vertex -26.5988 17.7727 80
    endloop
  endfacet
  facet normal -0.688035 -0.172357 0.704912
    outer loop
      vertex 31.3754 6.24095 80
      vertex 30.6161 9.27201 80
      vertex 29.4236 5.85271 78
    endloop
  endfacet
  facet normal -0.172357 0.688035 0.704912
    outer loop
      vertex 6.24095 -31.3754 80
      vertex 9.27201 -30.6161 80
      vertex 5.85271 -29.4236 78
    endloop
  endfacet
  facet normal -0.47631 0.525556 0.704925
    outer loop
      vertex 20.1468 -22.2285 78.0364
      vertex 20.3051 -24.7188 80
      vertex 21.2132 -21.2132 78
    endloop
  endfacet
  facet normal -0.476346 0.525542 0.704911
    outer loop
      vertex 19.0318 -23.1903 78
      vertex 20.3051 -24.7188 80
      vertex 20.1468 -22.2285 78.0364
    endloop
  endfacet
  facet normal -0.476645 0.525282 0.704903
    outer loop
      vertex 20.3051 -24.7188 80
      vertex 19.0318 -23.1903 78
      vertex 20.2943 -24.7286 80
    endloop
  endfacet
  facet normal 0.303263 0.641181 0.704924
    outer loop
      vertex -12.8267 -27.1197 78.0364
      vertex -15.0668 -28.219 80
      vertex -11.4805 -27.7164 78
    endloop
  endfacet
  facet normal 0.30327 0.641173 0.704928
    outer loop
      vertex -14.1419 -26.4576 78
      vertex -15.0668 -28.219 80
      vertex -12.8267 -27.1197 78.0364
    endloop
  endfacet
  facet normal 0.305486 0.640066 0.704978
    outer loop
      vertex -15.0668 -28.219 80
      vertex -14.1419 -26.4576 78
      vertex -15.08 -28.2127 80
    endloop
  endfacet
  facet normal -0.238915 -0.667825 0.704932
    outer loop
      vertex 9.30001 30.6076 80
      vertex 10.1067 28.2463 78.0364
      vertex 11.4805 27.7164 78
    endloop
  endfacet
  facet normal -0.241798 -0.66688 0.704844
    outer loop
      vertex 8.70854 28.7082 78
      vertex 9.30001 30.6076 80
      vertex 9.28622 30.6126 80
    endloop
  endfacet
  facet normal -0.238977 -0.667827 0.704909
    outer loop
      vertex 9.30001 30.6076 80
      vertex 8.70854 28.7082 78
      vertex 10.1067 28.2463 78.0364
    endloop
  endfacet
  facet normal 0.0338995 -0.708499 0.704897
    outer loop
      vertex -2.94051 29.8555 78
      vertex -3.12094 31.8367 80
      vertex -3.13557 31.836 80
    endloop
  endfacet
  facet normal 0.034822 -0.708435 0.704917
    outer loop
      vertex -3.12094 31.8367 80
      vertex -2.94051 29.8555 78
      vertex -1.47203 29.9639 78.0364
    endloop
  endfacet
  facet normal 0.0348047 -0.708443 0.70491
    outer loop
      vertex -3.12094 31.8367 80
      vertex -1.47203 29.9639 78.0364
      vertex 0 30 78
    endloop
  endfacet
  facet normal -0.688772 -0.169648 0.70485
    outer loop
      vertex 28.7082 8.70854 78
      vertex 30.6161 9.27201 80
      vertex 30.6126 9.28622 80
    endloop
  endfacet
  facet normal -0.687991 -0.172393 0.704946
    outer loop
      vertex 30.6161 9.27201 80
      vertex 29.1009 7.2894 78.0364
      vertex 29.4236 5.85271 78
    endloop
  endfacet
  facet normal -0.688048 -0.172314 0.70491
    outer loop
      vertex 30.6161 9.27201 80
      vertex 28.7082 8.70854 78
      vertex 29.1009 7.2894 78.0364
    endloop
  endfacet
  facet normal -0.687991 0.172393 0.704946
    outer loop
      vertex 29.1009 -7.2894 78.0364
      vertex 30.6161 -9.27201 80
      vertex 29.4236 -5.85271 78
    endloop
  endfacet
  facet normal -0.688048 0.172314 0.70491
    outer loop
      vertex 28.7082 -8.70854 78
      vertex 30.6161 -9.27201 80
      vertex 29.1009 -7.2894 78.0364
    endloop
  endfacet
  facet normal -0.688772 0.169648 0.70485
    outer loop
      vertex 30.6161 -9.27201 80
      vertex 28.7082 -8.70854 78
      vertex 30.6126 -9.28622 80
    endloop
  endfacet
  facet normal 0.688035 0.172357 0.704912
    outer loop
      vertex -30.6161 -9.27201 80
      vertex -29.4236 -5.85271 78
      vertex -31.3754 -6.24095 80
    endloop
  endfacet
  facet normal -0.66688 0.241798 0.704844
    outer loop
      vertex 28.7082 -8.70854 78
      vertex 30.6076 -9.30001 80
      vertex 30.6126 -9.28622 80
    endloop
  endfacet
  facet normal -0.667827 0.238977 0.704909
    outer loop
      vertex 28.2463 -10.1067 78.0364
      vertex 30.6076 -9.30001 80
      vertex 28.7082 -8.70854 78
    endloop
  endfacet
  facet normal -0.667825 0.238915 0.704932
    outer loop
      vertex 30.6076 -9.30001 80
      vertex 28.2463 -10.1067 78.0364
      vertex 27.7164 -11.4805 78
    endloop
  endfacet
  facet normal -0.303261 -0.641184 0.704922
    outer loop
      vertex 15.0668 28.219 80
      vertex 12.2421 29.555 80
      vertex 11.4805 27.7164 78
    endloop
  endfacet
  facet normal 0.525556 -0.47631 0.704925
    outer loop
      vertex -24.7188 20.3051 80
      vertex -22.2285 20.1468 78.0364
      vertex -21.2132 21.2132 78
    endloop
  endfacet
  facet normal 0.525542 -0.476346 0.704911
    outer loop
      vertex -24.7188 20.3051 80
      vertex -23.1903 19.0318 78
      vertex -22.2285 20.1468 78.0364
    endloop
  endfacet
  facet normal 0.525282 -0.476645 0.704903
    outer loop
      vertex -23.1903 19.0318 78
      vertex -24.7188 20.3051 80
      vertex -24.7286 20.2943 80
    endloop
  endfacet
  facet normal 0.641184 0.303261 0.704922
    outer loop
      vertex -28.219 -15.0668 80
      vertex -27.7164 -11.4805 78
      vertex -29.555 -12.2421 80
    endloop
  endfacet
  facet normal -0.305486 0.640066 0.704978
    outer loop
      vertex 14.1419 -26.4576 78
      vertex 15.0668 -28.219 80
      vertex 15.08 -28.2127 80
    endloop
  endfacet
  facet normal -0.30327 0.641173 0.704928
    outer loop
      vertex 12.8267 -27.1197 78.0364
      vertex 15.0668 -28.219 80
      vertex 14.1419 -26.4576 78
    endloop
  endfacet
  facet normal -0.303263 0.641181 0.704924
    outer loop
      vertex 15.0668 -28.219 80
      vertex 12.8267 -27.1197 78.0364
      vertex 11.4805 -27.7164 78
    endloop
  endfacet
  facet normal -0.303261 0.641184 0.704922
    outer loop
      vertex 12.2421 -29.555 80
      vertex 15.0668 -28.219 80
      vertex 11.4805 -27.7164 78
    endloop
  endfacet
  facet normal 0.47632 0.525555 0.704919
    outer loop
      vertex -20.3051 -24.7188 80
      vertex -21.2132 -21.2132 78
      vertex -22.6204 -22.6204 80
    endloop
  endfacet
  facet normal 0.701617 0.104077 0.704912
    outer loop
      vertex -31.3754 -6.24095 80
      vertex -29.4236 -5.85271 78
      vertex -31.8339 -3.15006 80
    endloop
  endfacet
  facet normal 0.701593 0.104033 0.704943
    outer loop
      vertex -29.6753 -4.40191 78.0364
      vertex -31.8339 -3.15006 80
      vertex -29.4236 -5.85271 78
    endloop
  endfacet
  facet normal 0.701602 0.10407 0.704929
    outer loop
      vertex -29.8555 -2.94051 78
      vertex -31.8339 -3.15006 80
      vertex -29.6753 -4.40191 78.0364
    endloop
  endfacet
  facet normal 0.701898 0.101724 0.704976
    outer loop
      vertex -31.8339 -3.15006 80
      vertex -29.8555 -2.94051 78
      vertex -31.836 -3.13557 80
    endloop
  endfacet
  facet normal 0.688048 0.172314 0.70491
    outer loop
      vertex -30.6161 -9.27201 80
      vertex -28.7082 -8.70854 78
      vertex -29.1009 -7.2894 78.0364
    endloop
  endfacet
  facet normal 0.687991 0.172393 0.704946
    outer loop
      vertex -30.6161 -9.27201 80
      vertex -29.1009 -7.2894 78.0364
      vertex -29.4236 -5.85271 78
    endloop
  endfacet
  facet normal 0.688772 0.169648 0.70485
    outer loop
      vertex -28.7082 -8.70854 78
      vertex -30.6161 -9.27201 80
      vertex -30.6126 -9.28622 80
    endloop
  endfacet
  facet normal 0.303261 -0.641184 0.704922
    outer loop
      vertex -11.4805 27.7164 78
      vertex -12.2421 29.555 80
      vertex -15.0668 28.219 80
    endloop
  endfacet
  facet normal -0.608382 -0.364638 0.704919
    outer loop
      vertex 28.2127 15.08 80
      vertex 26.6063 17.7602 80
      vertex 26.4576 14.1419 78
    endloop
  endfacet
  facet normal 0.56971 0.422502 0.704927
    outer loop
      vertex -24.0962 -17.871 78.0364
      vertex -26.59 -17.7845 80
      vertex -23.1903 -19.0318 78
    endloop
  endfacet
  facet normal 0.569698 0.422548 0.70491
    outer loop
      vertex -24.9441 -16.6671 78
      vertex -26.59 -17.7845 80
      vertex -24.0962 -17.871 78.0364
    endloop
  endfacet
  facet normal 0.568624 0.424058 0.70487
    outer loop
      vertex -26.59 -17.7845 80
      vertex -24.9441 -16.6671 78
      vertex -26.5988 -17.7727 80
    endloop
  endfacet
  facet normal 0.608382 -0.364638 0.704919
    outer loop
      vertex -26.4576 14.1419 78
      vertex -26.6063 17.7602 80
      vertex -28.2127 15.08 80
    endloop
  endfacet
  facet normal -0.476645 -0.525282 0.704903
    outer loop
      vertex 19.0318 23.1903 78
      vertex 20.3051 24.7188 80
      vertex 20.2943 24.7286 80
    endloop
  endfacet
  facet normal -0.47631 -0.525556 0.704925
    outer loop
      vertex 20.3051 24.7188 80
      vertex 20.1468 22.2285 78.0364
      vertex 21.2132 21.2132 78
    endloop
  endfacet
  facet normal -0.476346 -0.525542 0.704911
    outer loop
      vertex 20.3051 24.7188 80
      vertex 19.0318 23.1903 78
      vertex 20.1468 22.2285 78.0364
    endloop
  endfacet
  facet normal -0.104033 0.701593 0.704943
    outer loop
      vertex 4.40191 -29.6753 78.0364
      vertex 3.15006 -31.8339 80
      vertex 5.85271 -29.4236 78
    endloop
  endfacet
  facet normal -0.10407 0.701602 0.704929
    outer loop
      vertex 2.94051 -29.8555 78
      vertex 3.15006 -31.8339 80
      vertex 4.40191 -29.6753 78.0364
    endloop
  endfacet
  facet normal -0.101724 0.701898 0.704976
    outer loop
      vertex 3.15006 -31.8339 80
      vertex 2.94051 -29.8555 78
      vertex 3.13557 -31.836 80
    endloop
  endfacet
  facet normal 0.476346 0.525542 0.704911
    outer loop
      vertex -20.3051 -24.7188 80
      vertex -19.0318 -23.1903 78
      vertex -20.1468 -22.2285 78.0364
    endloop
  endfacet
  facet normal 0.476645 0.525282 0.704903
    outer loop
      vertex -19.0318 -23.1903 78
      vertex -20.3051 -24.7188 80
      vertex -20.2943 -24.7286 80
    endloop
  endfacet
  facet normal 0.47631 0.525556 0.704925
    outer loop
      vertex -20.3051 -24.7188 80
      vertex -20.1468 -22.2285 78.0364
      vertex -21.2132 -21.2132 78
    endloop
  endfacet
  facet normal 0.608382 0.364638 0.704919
    outer loop
      vertex -26.6063 -17.7602 80
      vertex -26.4576 -14.1419 78
      vertex -28.2127 -15.08 80
    endloop
  endfacet
  facet normal 0.641184 -0.303261 0.704922
    outer loop
      vertex -27.7164 11.4805 78
      vertex -28.219 15.0668 80
      vertex -29.555 12.2421 80
    endloop
  endfacet
  facet normal -0.422527 -0.56971 0.704912
    outer loop
      vertex 19.0318 23.1903 78
      vertex 20.2943 24.7286 80
      vertex 17.7845 26.59 80
    endloop
  endfacet
  facet normal -0.422527 0.56971 0.704912
    outer loop
      vertex 20.2943 -24.7286 80
      vertex 19.0318 -23.1903 78
      vertex 17.7845 -26.59 80
    endloop
  endfacet
  facet normal -0.364638 0.608382 0.704919
    outer loop
      vertex 15.08 -28.2127 80
      vertex 17.7602 -26.6063 80
      vertex 14.1419 -26.4576 78
    endloop
  endfacet
  facet normal 0.608203 -0.364922 0.704926
    outer loop
      vertex -26.6063 17.7602 80
      vertex -24.9441 16.6671 78
      vertex -26.5988 17.7727 80
    endloop
  endfacet
  facet normal 0.608377 -0.364646 0.704919
    outer loop
      vertex -24.9441 16.6671 78
      vertex -26.6063 17.7602 80
      vertex -25.7319 15.4231 78.0364
    endloop
  endfacet
  facet normal 0.608392 -0.364634 0.704912
    outer loop
      vertex -25.7319 15.4231 78.0364
      vertex -26.6063 17.7602 80
      vertex -26.4576 14.1419 78
    endloop
  endfacet
  facet normal 0.422527 0.56971 0.704912
    outer loop
      vertex -17.7845 -26.59 80
      vertex -19.0318 -23.1903 78
      vertex -20.2943 -24.7286 80
    endloop
  endfacet
  facet normal 0.238932 -0.66783 0.704922
    outer loop
      vertex -11.4805 27.7164 78
      vertex -9.30001 30.6076 80
      vertex -12.2421 29.555 80
    endloop
  endfacet
  facet normal 0.172393 -0.687991 0.704946
    outer loop
      vertex -9.27201 30.6161 80
      vertex -7.2894 29.1009 78.0364
      vertex -5.85271 29.4236 78
    endloop
  endfacet
  facet normal 0.172314 -0.688048 0.70491
    outer loop
      vertex -9.27201 30.6161 80
      vertex -8.70854 28.7082 78
      vertex -7.2894 29.1009 78.0364
    endloop
  endfacet
  facet normal 0.169648 -0.688772 0.70485
    outer loop
      vertex -8.70854 28.7082 78
      vertex -9.27201 30.6161 80
      vertex -9.28622 30.6126 80
    endloop
  endfacet
  facet normal 0.101724 -0.701898 0.704976
    outer loop
      vertex -3.15006 31.8339 80
      vertex -2.94051 29.8555 78
      vertex -3.13557 31.836 80
    endloop
  endfacet
  facet normal 0.10407 -0.701602 0.704929
    outer loop
      vertex -3.15006 31.8339 80
      vertex -4.40191 29.6753 78.0364
      vertex -2.94051 29.8555 78
    endloop
  endfacet
  facet normal 0.104033 -0.701593 0.704943
    outer loop
      vertex -4.40191 29.6753 78.0364
      vertex -3.15006 31.8339 80
      vertex -5.85271 29.4236 78
    endloop
  endfacet
  facet normal -0.56971 -0.422527 0.704912
    outer loop
      vertex 26.59 17.7845 80
      vertex 24.7286 20.2943 80
      vertex 23.1903 19.0318 78
    endloop
  endfacet
  facet normal 0.640066 -0.305486 0.704978
    outer loop
      vertex -28.219 15.0668 80
      vertex -26.4576 14.1419 78
      vertex -28.2127 15.08 80
    endloop
  endfacet
  facet normal 0.641173 -0.30327 0.704928
    outer loop
      vertex -26.4576 14.1419 78
      vertex -28.219 15.0668 80
      vertex -27.1197 12.8267 78.0364
    endloop
  endfacet
  facet normal 0.641181 -0.303263 0.704924
    outer loop
      vertex -27.1197 12.8267 78.0364
      vertex -28.219 15.0668 80
      vertex -27.7164 11.4805 78
    endloop
  endfacet
  facet normal -0.104033 -0.701593 0.704943
    outer loop
      vertex 3.15006 31.8339 80
      vertex 4.40191 29.6753 78.0364
      vertex 5.85271 29.4236 78
    endloop
  endfacet
  facet normal -0.101724 -0.701898 0.704976
    outer loop
      vertex 2.94051 29.8555 78
      vertex 3.15006 31.8339 80
      vertex 3.13557 31.836 80
    endloop
  endfacet
  facet normal -0.10407 -0.701602 0.704929
    outer loop
      vertex 3.15006 31.8339 80
      vertex 2.94051 29.8555 78
      vertex 4.40191 29.6753 78.0364
    endloop
  endfacet
  facet normal -0.305486 -0.640066 0.704978
    outer loop
      vertex 15.0668 28.219 80
      vertex 14.1419 26.4576 78
      vertex 15.08 28.2127 80
    endloop
  endfacet
  facet normal -0.30327 -0.641173 0.704928
    outer loop
      vertex 15.0668 28.219 80
      vertex 12.8267 27.1197 78.0364
      vertex 14.1419 26.4576 78
    endloop
  endfacet
  facet normal -0.303263 -0.641181 0.704924
    outer loop
      vertex 12.8267 27.1197 78.0364
      vertex 15.0668 28.219 80
      vertex 11.4805 27.7164 78
    endloop
  endfacet
  facet normal -0.47632 -0.525555 0.704919
    outer loop
      vertex 21.2132 21.2132 78
      vertex 22.6204 22.6204 80
      vertex 20.3051 24.7188 80
    endloop
  endfacet
  facet normal 0.241798 -0.66688 0.704844
    outer loop
      vertex -9.30001 30.6076 80
      vertex -8.70854 28.7082 78
      vertex -9.28622 30.6126 80
    endloop
  endfacet
  facet normal 0.238977 -0.667827 0.704909
    outer loop
      vertex -9.30001 30.6076 80
      vertex -10.1067 28.2463 78.0364
      vertex -8.70854 28.7082 78
    endloop
  endfacet
  facet normal 0.238915 -0.667825 0.704932
    outer loop
      vertex -10.1067 28.2463 78.0364
      vertex -9.30001 30.6076 80
      vertex -11.4805 27.7164 78
    endloop
  endfacet
  facet normal -0.422502 -0.56971 0.704927
    outer loop
      vertex 17.7845 26.59 80
      vertex 17.871 24.0962 78.0364
      vertex 19.0318 23.1903 78
    endloop
  endfacet
  facet normal -0.424058 -0.568624 0.70487
    outer loop
      vertex 16.6671 24.9441 78
      vertex 17.7845 26.59 80
      vertex 17.7727 26.5988 80
    endloop
  endfacet
  facet normal -0.422548 -0.569698 0.70491
    outer loop
      vertex 17.7845 26.59 80
      vertex 16.6671 24.9441 78
      vertex 17.871 24.0962 78.0364
    endloop
  endfacet
  facet normal -0.172357 -0.688035 0.704912
    outer loop
      vertex 9.27201 30.6161 80
      vertex 6.24095 31.3754 80
      vertex 5.85271 29.4236 78
    endloop
  endfacet
  facet normal -0.525555 -0.47632 0.704919
    outer loop
      vertex 24.7188 20.3051 80
      vertex 22.6204 22.6204 80
      vertex 21.2132 21.2132 78
    endloop
  endfacet
  facet normal 0.667825 0.238915 0.704932
    outer loop
      vertex -28.2463 -10.1067 78.0364
      vertex -30.6076 -9.30001 80
      vertex -27.7164 -11.4805 78
    endloop
  endfacet
  facet normal 0.667827 0.238977 0.704909
    outer loop
      vertex -28.7082 -8.70854 78
      vertex -30.6076 -9.30001 80
      vertex -28.2463 -10.1067 78.0364
    endloop
  endfacet
  facet normal 0.66688 0.241798 0.704844
    outer loop
      vertex -30.6076 -9.30001 80
      vertex -28.7082 -8.70854 78
      vertex -30.6126 -9.28622 80
    endloop
  endfacet
  facet normal -0.364922 0.608203 0.704926
    outer loop
      vertex 16.6671 -24.9441 78
      vertex 17.7602 -26.6063 80
      vertex 17.7727 -26.5988 80
    endloop
  endfacet
  facet normal -0.364646 0.608377 0.704919
    outer loop
      vertex 15.4231 -25.7319 78.0364
      vertex 17.7602 -26.6063 80
      vertex 16.6671 -24.9441 78
    endloop
  endfacet
  facet normal -0.364634 0.608392 0.704912
    outer loop
      vertex 17.7602 -26.6063 80
      vertex 15.4231 -25.7319 78.0364
      vertex 14.1419 -26.4576 78
    endloop
  endfacet
  facet normal 0.101724 0.701898 0.704976
    outer loop
      vertex -2.94051 -29.8555 78
      vertex -3.15006 -31.8339 80
      vertex -3.13557 -31.836 80
    endloop
  endfacet
  facet normal 0.10407 0.701602 0.704929
    outer loop
      vertex -4.40191 -29.6753 78.0364
      vertex -3.15006 -31.8339 80
      vertex -2.94051 -29.8555 78
    endloop
  endfacet
  facet normal 0.104033 0.701593 0.704943
    outer loop
      vertex -3.15006 -31.8339 80
      vertex -4.40191 -29.6753 78.0364
      vertex -5.85271 -29.4236 78
    endloop
  endfacet
  facet normal 0.66783 -0.238932 0.704922
    outer loop
      vertex -27.7164 11.4805 78
      vertex -29.555 12.2421 80
      vertex -30.6076 9.30001 80
    endloop
  endfacet
  facet normal 0.708443 0.0348047 0.70491
    outer loop
      vertex -31.8367 -3.12094 80
      vertex -29.9639 -1.47203 78.0364
      vertex -30 0 78
    endloop
  endfacet
  facet normal 0.708435 0.034822 0.704917
    outer loop
      vertex -31.8367 -3.12094 80
      vertex -29.8555 -2.94051 78
      vertex -29.9639 -1.47203 78.0364
    endloop
  endfacet
  facet normal 0.708499 0.0338995 0.704897
    outer loop
      vertex -29.8555 -2.94051 78
      vertex -31.8367 -3.12094 80
      vertex -31.836 -3.13557 80
    endloop
  endfacet
  facet normal -0.364638 -0.608382 0.704919
    outer loop
      vertex 17.7602 26.6063 80
      vertex 15.08 28.2127 80
      vertex 14.1419 26.4576 78
    endloop
  endfacet
  facet normal 0.667825 -0.238915 0.704932
    outer loop
      vertex -30.6076 9.30001 80
      vertex -28.2463 10.1067 78.0364
      vertex -27.7164 11.4805 78
    endloop
  endfacet
  facet normal 0.667827 -0.238977 0.704909
    outer loop
      vertex -30.6076 9.30001 80
      vertex -28.7082 8.70854 78
      vertex -28.2463 10.1067 78.0364
    endloop
  endfacet
  facet normal 0.66688 -0.241798 0.704844
    outer loop
      vertex -28.7082 8.70854 78
      vertex -30.6076 9.30001 80
      vertex -30.6126 9.28622 80
    endloop
  endfacet
  facet normal 0.424058 0.568624 0.70487
    outer loop
      vertex -16.6671 -24.9441 78
      vertex -17.7845 -26.59 80
      vertex -17.7727 -26.5988 80
    endloop
  endfacet
  facet normal 0.422548 0.569698 0.70491
    outer loop
      vertex -17.871 -24.0962 78.0364
      vertex -17.7845 -26.59 80
      vertex -16.6671 -24.9441 78
    endloop
  endfacet
  facet normal 0.422502 0.56971 0.704927
    outer loop
      vertex -17.7845 -26.59 80
      vertex -17.871 -24.0962 78.0364
      vertex -19.0318 -23.1903 78
    endloop
  endfacet
  facet normal -0.104077 -0.701617 0.704912
    outer loop
      vertex 5.85271 29.4236 78
      vertex 6.24095 31.3754 80
      vertex 3.15006 31.8339 80
    endloop
  endfacet
  facet normal -0.525282 -0.476645 0.704903
    outer loop
      vertex 24.7188 20.3051 80
      vertex 23.1903 19.0318 78
      vertex 24.7286 20.2943 80
    endloop
  endfacet
  facet normal -0.525542 -0.476346 0.704911
    outer loop
      vertex 24.7188 20.3051 80
      vertex 22.2285 20.1468 78.0364
      vertex 23.1903 19.0318 78
    endloop
  endfacet
  facet normal -0.525556 -0.47631 0.704925
    outer loop
      vertex 22.2285 20.1468 78.0364
      vertex 24.7188 20.3051 80
      vertex 21.2132 21.2132 78
    endloop
  endfacet
  facet normal -0.0348206 -0.708429 0.704922
    outer loop
      vertex 3.12094 31.8367 80
      vertex 0 31.9901 80
      vertex 0 30 78
    endloop
  endfacet
  facet normal 0.364634 0.608392 0.704912
    outer loop
      vertex -15.4231 -25.7319 78.0364
      vertex -17.7602 -26.6063 80
      vertex -14.1419 -26.4576 78
    endloop
  endfacet
  facet normal 0.364646 0.608377 0.704919
    outer loop
      vertex -16.6671 -24.9441 78
      vertex -17.7602 -26.6063 80
      vertex -15.4231 -25.7319 78.0364
    endloop
  endfacet
  facet normal 0.364922 0.608203 0.704926
    outer loop
      vertex -17.7602 -26.6063 80
      vertex -16.6671 -24.9441 78
      vertex -17.7727 -26.5988 80
    endloop
  endfacet
  facet normal 0.688035 -0.172357 0.704912
    outer loop
      vertex -29.4236 5.85271 78
      vertex -30.6161 9.27201 80
      vertex -31.3754 6.24095 80
    endloop
  endfacet
  facet normal -0.422502 0.56971 0.704927
    outer loop
      vertex 17.871 -24.0962 78.0364
      vertex 17.7845 -26.59 80
      vertex 19.0318 -23.1903 78
    endloop
  endfacet
  facet normal -0.422548 0.569698 0.70491
    outer loop
      vertex 16.6671 -24.9441 78
      vertex 17.7845 -26.59 80
      vertex 17.871 -24.0962 78.0364
    endloop
  endfacet
  facet normal -0.424058 0.568624 0.70487
    outer loop
      vertex 17.7845 -26.59 80
      vertex 16.6671 -24.9441 78
      vertex 17.7727 -26.5988 80
    endloop
  endfacet
  facet normal 0.701617 -0.104077 0.704912
    outer loop
      vertex -29.4236 5.85271 78
      vertex -31.3754 6.24095 80
      vertex -31.8339 3.15006 80
    endloop
  endfacet
  facet normal 0.104077 0.701617 0.704912
    outer loop
      vertex -3.15006 -31.8339 80
      vertex -5.85271 -29.4236 78
      vertex -6.24095 -31.3754 80
    endloop
  endfacet
  facet normal -0.66783 -0.238932 0.704922
    outer loop
      vertex 30.6076 9.30001 80
      vertex 29.555 12.2421 80
      vertex 27.7164 11.4805 78
    endloop
  endfacet
  facet normal -0.568624 -0.424058 0.70487
    outer loop
      vertex 26.59 17.7845 80
      vertex 24.9441 16.6671 78
      vertex 26.5988 17.7727 80
    endloop
  endfacet
  facet normal -0.569698 -0.422548 0.70491
    outer loop
      vertex 26.59 17.7845 80
      vertex 24.0962 17.871 78.0364
      vertex 24.9441 16.6671 78
    endloop
  endfacet
  facet normal -0.56971 -0.422502 0.704927
    outer loop
      vertex 24.0962 17.871 78.0364
      vertex 26.59 17.7845 80
      vertex 23.1903 19.0318 78
    endloop
  endfacet
  facet normal -0.608203 -0.364922 0.704926
    outer loop
      vertex 24.9441 16.6671 78
      vertex 26.6063 17.7602 80
      vertex 26.5988 17.7727 80
    endloop
  endfacet
  facet normal -0.608392 -0.364634 0.704912
    outer loop
      vertex 26.6063 17.7602 80
      vertex 25.7319 15.4231 78.0364
      vertex 26.4576 14.1419 78
    endloop
  endfacet
  facet normal -0.608377 -0.364646 0.704919
    outer loop
      vertex 26.6063 17.7602 80
      vertex 24.9441 16.6671 78
      vertex 25.7319 15.4231 78.0364
    endloop
  endfacet
  facet normal 0.708429 -0.0348206 0.704922
    outer loop
      vertex -30 0 78
      vertex -31.8367 3.12094 80
      vertex -31.9901 0 80
    endloop
  endfacet
  facet normal 0.688772 -0.169648 0.70485
    outer loop
      vertex -30.6161 9.27201 80
      vertex -28.7082 8.70854 78
      vertex -30.6126 9.28622 80
    endloop
  endfacet
  facet normal 0.688048 -0.172314 0.70491
    outer loop
      vertex -28.7082 8.70854 78
      vertex -30.6161 9.27201 80
      vertex -29.1009 7.2894 78.0364
    endloop
  endfacet
  facet normal 0.687991 -0.172393 0.704946
    outer loop
      vertex -29.1009 7.2894 78.0364
      vertex -30.6161 9.27201 80
      vertex -29.4236 5.85271 78
    endloop
  endfacet
  facet normal -0.640066 -0.305486 0.704978
    outer loop
      vertex 26.4576 14.1419 78
      vertex 28.219 15.0668 80
      vertex 28.2127 15.08 80
    endloop
  endfacet
  facet normal -0.641181 -0.303263 0.704924
    outer loop
      vertex 28.219 15.0668 80
      vertex 27.1197 12.8267 78.0364
      vertex 27.7164 11.4805 78
    endloop
  endfacet
  facet normal -0.641173 -0.30327 0.704928
    outer loop
      vertex 28.219 15.0668 80
      vertex 26.4576 14.1419 78
      vertex 27.1197 12.8267 78.0364
    endloop
  endfacet
  facet normal 0.0348206 -0.708429 0.704922
    outer loop
      vertex 0 30 78
      vertex 0 31.9901 80
      vertex -3.12094 31.8367 80
    endloop
  endfacet
  facet normal -0.66688 -0.241798 0.704844
    outer loop
      vertex 30.6076 9.30001 80
      vertex 28.7082 8.70854 78
      vertex 30.6126 9.28622 80
    endloop
  endfacet
  facet normal -0.667827 -0.238977 0.704909
    outer loop
      vertex 30.6076 9.30001 80
      vertex 28.2463 10.1067 78.0364
      vertex 28.7082 8.70854 78
    endloop
  endfacet
  facet normal -0.667825 -0.238915 0.704932
    outer loop
      vertex 28.2463 10.1067 78.0364
      vertex 30.6076 9.30001 80
      vertex 27.7164 11.4805 78
    endloop
  endfacet
  facet normal -0.701617 -0.104077 0.704912
    outer loop
      vertex 31.8339 3.15006 80
      vertex 31.3754 6.24095 80
      vertex 29.4236 5.85271 78
    endloop
  endfacet
  facet normal -0.701898 -0.101724 0.704976
    outer loop
      vertex 31.8339 3.15006 80
      vertex 29.8555 2.94051 78
      vertex 31.836 3.13557 80
    endloop
  endfacet
  facet normal -0.701602 -0.10407 0.704929
    outer loop
      vertex 31.8339 3.15006 80
      vertex 29.6753 4.40191 78.0364
      vertex 29.8555 2.94051 78
    endloop
  endfacet
  facet normal -0.701593 -0.104033 0.704943
    outer loop
      vertex 29.6753 4.40191 78.0364
      vertex 31.8339 3.15006 80
      vertex 29.4236 5.85271 78
    endloop
  endfacet
endsolid OpenSCAD_Model
