solid OpenSCAD_Model
  facet normal 0.707132 0.707082 0
    outer loop
      vertex 43.3856 0.799999 55
      vertex 42.8 1.38564 0
      vertex 42.8 1.38564 55
    endloop
  endfacet
  facet normal 0.707132 0.707082 0
    outer loop
      vertex 42.8 1.38564 0
      vertex 43.3856 0.799999 55
      vertex 43.3856 0.799999 0
    endloop
  endfacet
  facet normal 0.965913 0.258865 0
    outer loop
      vertex 43.6 0 55
      vertex 43.3856 0.799999 0
      vertex 43.3856 0.799999 55
    endloop
  endfacet
  facet normal 0.965913 0.258865 0
    outer loop
      vertex 43.3856 0.799999 0
      vertex 43.6 0 55
      vertex 43.6 0 0
    endloop
  endfacet
  facet normal 0.25882 0.965926 -0
    outer loop
      vertex 42.8 1.38564 0
      vertex 42 1.6 55
      vertex 42.8 1.38564 55
    endloop
  endfacet
  facet normal 0.25882 0.965926 0
    outer loop
      vertex 42 1.6 55
      vertex 42.8 1.38564 0
      vertex 42 1.6 0
    endloop
  endfacet
  facet normal 0.707132 -0.707082 0
    outer loop
      vertex 42.8 -1.38564 55
      vertex 43.3856 -0.799999 0
      vertex 43.3856 -0.799999 55
    endloop
  endfacet
  facet normal 0.707132 -0.707082 0
    outer loop
      vertex 43.3856 -0.799999 0
      vertex 42.8 -1.38564 55
      vertex 42.8 -1.38564 0
    endloop
  endfacet
  facet normal 0.25882 -0.965926 0
    outer loop
      vertex 42 -1.6 0
      vertex 42.8 -1.38564 55
      vertex 42 -1.6 55
    endloop
  endfacet
  facet normal 0.25882 -0.965926 0
    outer loop
      vertex 42.8 -1.38564 55
      vertex 42 -1.6 0
      vertex 42.8 -1.38564 0
    endloop
  endfacet
  facet normal -0.258879 -0.96591 0
    outer loop
      vertex 41.9481 -1.58609 0
      vertex 42 -1.6 55
      vertex 41.9481 -1.58609 55
    endloop
  endfacet
  facet normal -0.258879 -0.96591 -0
    outer loop
      vertex 42 -1.6 55
      vertex 41.9481 -1.58609 0
      vertex 42 -1.6 0
    endloop
  endfacet
  facet normal -0.258879 0.96591 0
    outer loop
      vertex 42 1.6 0
      vertex 41.9481 1.58609 55
      vertex 42 1.6 55
    endloop
  endfacet
  facet normal -0.258879 0.96591 0
    outer loop
      vertex 41.9481 1.58609 55
      vertex 42 1.6 0
      vertex 41.9481 1.58609 0
    endloop
  endfacet
  facet normal 0.965913 -0.258865 0
    outer loop
      vertex 43.3856 -0.799999 55
      vertex 43.6 0 0
      vertex 43.6 0 55
    endloop
  endfacet
  facet normal 0.965913 -0.258865 0
    outer loop
      vertex 43.6 0 0
      vertex 43.3856 -0.799999 55
      vertex 43.3856 -0.799999 0
    endloop
  endfacet
  facet normal 0 0 1
    outer loop
      vertex -5.71753 41.6398 55
      vertex -6.06755 42.3904 55
      vertex -5.7209 41.6013 55
    endloop
  endfacet
  facet normal 0 0 1
    outer loop
      vertex 8.86892 41.0841 55
      vertex 8.79673 41.9092 55
      vertex 8.84851 41.0403 55
    endloop
  endfacet
  facet normal 0 0 1
    outer loop
      vertex 22.3476 35.5351 55
      vertex 22.6 36.3731 55
      vertex 22.3856 37.1731 55
    endloop
  endfacet
  facet normal 0 0 1
    outer loop
      vertex 22.6 36.3731 55
      vertex 22.3476 35.5351 55
      vertex 22.3856 35.5731 55
    endloop
  endfacet
  facet normal 0 -0 1
    outer loop
      vertex 22.3476 35.5351 55
      vertex 22.3856 37.1731 55
      vertex 21.8 37.7587 55
    endloop
  endfacet
  facet normal 0 0 1
    outer loop
      vertex 33.3995 28.0255 55
      vertex 33.6774 26.4498 55
      vertex 33.7496 27.2749 55
    endloop
  endfacet
  facet normal 0 0 1
    outer loop
      vertex 33.1673 25.7551 55
      vertex 33.6774 26.4498 55
      vertex 33.3995 28.0255 55
    endloop
  endfacet
  facet normal 0 0 1
    outer loop
      vertex 33.6774 26.4498 55
      vertex 33.1673 25.7551 55
      vertex 33.2023 25.7714 55
    endloop
  endfacet
  facet normal -0 0 1
    outer loop
      vertex 31.1177 28.1832 55
      vertex 33.1673 25.7551 55
      vertex 32.7211 28.5006 55
    endloop
  endfacet
  facet normal 0 0 1
    outer loop
      vertex 32.7211 28.5006 55
      vertex 33.1673 25.7551 55
      vertex 33.3995 28.0255 55
    endloop
  endfacet
  facet normal 0 0 1
    outer loop
      vertex 40.9706 14.9121 55
      vertex 40.6928 13.3364 55
      vertex 41.0428 14.087 55
    endloop
  endfacet
  facet normal 0 0 1
    outer loop
      vertex 39.9662 12.8571 55
      vertex 40.9706 14.9121 55
      vertex 40.4956 15.5905 55
    endloop
  endfacet
  facet normal 0 0 1
    outer loop
      vertex 40.9706 14.9121 55
      vertex 39.9662 12.8571 55
      vertex 40.6928 13.3364 55
    endloop
  endfacet
  facet normal 0 0 1
    outer loop
      vertex 40.6928 13.3364 55
      vertex 39.9662 12.8571 55
      vertex 40.0143 12.8613 55
    endloop
  endfacet
  facet normal -0 0 1
    outer loop
      vertex 38.8882 15.8462 55
      vertex 39.9662 12.8571 55
      vertex 39.7449 15.9405 55
    endloop
  endfacet
  facet normal 0 0 1
    outer loop
      vertex 39.7449 15.9405 55
      vertex 39.9662 12.8571 55
      vertex 40.4956 15.5905 55
    endloop
  endfacet
  facet normal 0 0 1
    outer loop
      vertex 43.3856 0.799999 55
      vertex 43.3856 -0.799999 55
      vertex 43.6 0 55
    endloop
  endfacet
  facet normal 0 0 1
    outer loop
      vertex 41.9481 1.58609 55
      vertex 43.3856 0.799999 55
      vertex 42.8 1.38564 55
    endloop
  endfacet
  facet normal 0 0 1
    outer loop
      vertex 43.3856 0.799999 55
      vertex 41.9481 1.58609 55
      vertex 43.3856 -0.799999 55
    endloop
  endfacet
  facet normal -0 0 1
    outer loop
      vertex 41.9481 1.58609 55
      vertex 42.8 1.38564 55
      vertex 42 1.6 55
    endloop
  endfacet
  facet normal 0 0 1
    outer loop
      vertex 41.9481 -1.58609 55
      vertex 43.3856 -0.799999 55
      vertex 41.9481 1.58609 55
    endloop
  endfacet
  facet normal 0 0 1
    outer loop
      vertex 43.3856 -0.799999 55
      vertex 41.9481 -1.58609 55
      vertex 42.8 -1.38564 55
    endloop
  endfacet
  facet normal 0 0 1
    outer loop
      vertex 42.8 -1.38564 55
      vertex 41.9481 -1.58609 55
      vertex 42 -1.6 55
    endloop
  endfacet
  facet normal 0 0 1
    outer loop
      vertex 41.6407 5.4821 55
      vertex 41.9481 1.58609 55
      vertex 41.9101 2.74693 55
    endloop
  endfacet
  facet normal 0 0 1
    outer loop
      vertex 41.9481 1.58609 55
      vertex 41.6407 5.4821 55
      vertex 41.9481 -1.58609 55
    endloop
  endfacet
  facet normal 0 0 1
    outer loop
      vertex 41.6407 -5.4821 55
      vertex 41.9481 -1.58609 55
      vertex 41.6407 5.4821 55
    endloop
  endfacet
  facet normal 0 0 1
    outer loop
      vertex 41.9481 -1.58609 55
      vertex 41.6407 -5.4821 55
      vertex 41.9101 -2.74693 55
    endloop
  endfacet
  facet normal 0 0 1
    outer loop
      vertex 41.193 8.19379 55
      vertex 41.6407 -5.4821 55
      vertex 41.6407 5.4821 55
    endloop
  endfacet
  facet normal 0 0 1
    outer loop
      vertex 41.193 8.19379 55
      vertex 41.193 -8.19379 55
      vertex 41.6407 -5.4821 55
    endloop
  endfacet
  facet normal 0 0 1
    outer loop
      vertex 40.5689 10.8704 55
      vertex 41.193 -8.19379 55
      vertex 41.193 8.19379 55
    endloop
  endfacet
  facet normal 0 0 1
    outer loop
      vertex 40.5689 10.8704 55
      vertex 40.5689 -10.8704 55
      vertex 41.193 -8.19379 55
    endloop
  endfacet
  facet normal 0 0 1
    outer loop
      vertex 39.9662 12.8571 55
      vertex 40.5689 -10.8704 55
      vertex 40.5689 10.8704 55
    endloop
  endfacet
  facet normal 0 0 1
    outer loop
      vertex 40.5689 -10.8704 55
      vertex 39.9662 12.8571 55
      vertex 39.9662 -12.8571 55
    endloop
  endfacet
  facet normal 0 0 1
    outer loop
      vertex 40.6928 -13.3364 55
      vertex 40.9706 -14.9121 55
      vertex 41.0428 -14.087 55
    endloop
  endfacet
  facet normal 0 0 1
    outer loop
      vertex 39.9662 -12.8571 55
      vertex 40.9706 -14.9121 55
      vertex 40.6928 -13.3364 55
    endloop
  endfacet
  facet normal 0 0 1
    outer loop
      vertex 39.9662 -12.8571 55
      vertex 40.6928 -13.3364 55
      vertex 40.0143 -12.8613 55
    endloop
  endfacet
  facet normal 0 0 1
    outer loop
      vertex 40.9706 -14.9121 55
      vertex 39.9662 -12.8571 55
      vertex 40.4956 -15.5905 55
    endloop
  endfacet
  facet normal 0 0 1
    outer loop
      vertex 39.9662 -12.8571 55
      vertex 39.7449 -15.9405 55
      vertex 40.4956 -15.5905 55
    endloop
  endfacet
  facet normal 0 0 1
    outer loop
      vertex 39.9662 12.8571 55
      vertex 38.8882 15.8462 55
      vertex 39.9662 -12.8571 55
    endloop
  endfacet
  facet normal 0 0 1
    outer loop
      vertex 38.8882 15.8462 55
      vertex 39.7449 15.9405 55
      vertex 38.9199 15.8684 55
    endloop
  endfacet
  facet normal 0 0 1
    outer loop
      vertex 38.8882 -15.8462 55
      vertex 39.9662 -12.8571 55
      vertex 38.8882 15.8462 55
    endloop
  endfacet
  facet normal 0 0 1
    outer loop
      vertex 39.9662 -12.8571 55
      vertex 38.8882 -15.8462 55
      vertex 39.7449 -15.9405 55
    endloop
  endfacet
  facet normal 0 0 1
    outer loop
      vertex 39.7449 -15.9405 55
      vertex 38.8882 -15.8462 55
      vertex 38.9199 -15.8684 55
    endloop
  endfacet
  facet normal 0 0 1
    outer loop
      vertex 37.6687 18.5761 55
      vertex 38.8882 15.8462 55
      vertex 38.8029 16.0727 55
    endloop
  endfacet
  facet normal 0 0 1
    outer loop
      vertex 38.8882 15.8462 55
      vertex 37.6687 18.5761 55
      vertex 38.8882 -15.8462 55
    endloop
  endfacet
  facet normal 0 0 1
    outer loop
      vertex 37.6687 -18.5761 55
      vertex 38.8882 -15.8462 55
      vertex 37.6687 18.5761 55
    endloop
  endfacet
  facet normal 0 0 1
    outer loop
      vertex 38.8882 -15.8462 55
      vertex 37.6687 -18.5761 55
      vertex 38.8029 -16.0727 55
    endloop
  endfacet
  facet normal 0 0 1
    outer loop
      vertex 36.3731 21 55
      vertex 37.6687 -18.5761 55
      vertex 37.6687 18.5761 55
    endloop
  endfacet
  facet normal 0 0 1
    outer loop
      vertex 36.3731 21 55
      vertex 36.3731 -21 55
      vertex 37.6687 -18.5761 55
    endloop
  endfacet
  facet normal 0 0 1
    outer loop
      vertex 34.9217 23.334 55
      vertex 36.3731 -21 55
      vertex 36.3731 21 55
    endloop
  endfacet
  facet normal 0 0 1
    outer loop
      vertex 34.9217 23.334 55
      vertex 34.9217 -23.334 55
      vertex 36.3731 -21 55
    endloop
  endfacet
  facet normal 0 0 1
    outer loop
      vertex 33.1673 25.7551 55
      vertex 34.9217 23.334 55
      vertex 33.3208 25.568 55
    endloop
  endfacet
  facet normal 0 0 1
    outer loop
      vertex 34.9217 23.334 55
      vertex 33.1673 25.7551 55
      vertex 34.9217 -23.334 55
    endloop
  endfacet
  facet normal 0 0 1
    outer loop
      vertex 33.1673 -25.7551 55
      vertex 34.9217 -23.334 55
      vertex 33.1673 25.7551 55
    endloop
  endfacet
  facet normal 0 0 1
    outer loop
      vertex 34.9217 -23.334 55
      vertex 33.1673 -25.7551 55
      vertex 33.3208 -25.568 55
    endloop
  endfacet
  facet normal 0 0 1
    outer loop
      vertex 33.6774 -26.4498 55
      vertex 33.3995 -28.0255 55
      vertex 33.7496 -27.2749 55
    endloop
  endfacet
  facet normal 0 0 1
    outer loop
      vertex 33.1673 -25.7551 55
      vertex 33.6774 -26.4498 55
      vertex 33.2023 -25.7714 55
    endloop
  endfacet
  facet normal 0 0 1
    outer loop
      vertex 33.6774 -26.4498 55
      vertex 33.1673 -25.7551 55
      vertex 33.3995 -28.0255 55
    endloop
  endfacet
  facet normal 0 0 1
    outer loop
      vertex 33.1673 -25.7551 55
      vertex 32.7211 -28.5006 55
      vertex 33.3995 -28.0255 55
    endloop
  endfacet
  facet normal 0 0 1
    outer loop
      vertex 33.1673 25.7551 55
      vertex 31.9901 0 55
      vertex 33.1673 -25.7551 55
    endloop
  endfacet
  facet normal -0 0 1
    outer loop
      vertex 31.8367 -3.12094 55
      vertex 33.1673 -25.7551 55
      vertex 31.9901 0 55
    endloop
  endfacet
  facet normal 0 0 1
    outer loop
      vertex 31.1177 28.1832 55
      vertex 32.7211 28.5006 55
      vertex 31.896 28.5728 55
    endloop
  endfacet
  facet normal 0 0 1
    outer loop
      vertex 33.1673 25.7551 55
      vertex 31.8367 3.12094 55
      vertex 31.9901 0 55
    endloop
  endfacet
  facet normal 0 0 1
    outer loop
      vertex 33.1673 25.7551 55
      vertex 31.836 3.13557 55
      vertex 31.8367 3.12094 55
    endloop
  endfacet
  facet normal 0 0 1
    outer loop
      vertex 33.1673 25.7551 55
      vertex 31.8339 3.15006 55
      vertex 31.836 3.13557 55
    endloop
  endfacet
  facet normal 0 0 1
    outer loop
      vertex 33.1673 25.7551 55
      vertex 31.3754 6.24095 55
      vertex 31.8339 3.15006 55
    endloop
  endfacet
  facet normal 0 0 1
    outer loop
      vertex 31.1177 28.1832 55
      vertex 31.896 28.5728 55
      vertex 31.1454 28.2228 55
    endloop
  endfacet
  facet normal 0 0 1
    outer loop
      vertex 24.7188 20.3051 55
      vertex 33.1673 25.7551 55
      vertex 31.1177 28.1832 55
    endloop
  endfacet
  facet normal 0 0 1
    outer loop
      vertex 33.1673 25.7551 55
      vertex 30.6161 9.27201 55
      vertex 31.3754 6.24095 55
    endloop
  endfacet
  facet normal 0 0 1
    outer loop
      vertex 33.1673 25.7551 55
      vertex 30.6126 9.28622 55
      vertex 30.6161 9.27201 55
    endloop
  endfacet
  facet normal 0 0 1
    outer loop
      vertex 33.1673 25.7551 55
      vertex 30.6076 9.30001 55
      vertex 30.6126 9.28622 55
    endloop
  endfacet
  facet normal 0 0 1
    outer loop
      vertex 22.6204 22.6204 55
      vertex 31.1177 28.1832 55
      vertex 29.6985 29.6985 55
    endloop
  endfacet
  facet normal 0 0 1
    outer loop
      vertex 33.1673 25.7551 55
      vertex 29.555 12.2421 55
      vertex 30.6076 9.30001 55
    endloop
  endfacet
  facet normal 0 0 1
    outer loop
      vertex 33.1673 25.7551 55
      vertex 28.219 15.0668 55
      vertex 29.555 12.2421 55
    endloop
  endfacet
  facet normal 0 0 1
    outer loop
      vertex 33.1673 25.7551 55
      vertex 28.2127 15.08 55
      vertex 28.219 15.0668 55
    endloop
  endfacet
  facet normal 0 0 1
    outer loop
      vertex 22.6204 22.6204 55
      vertex 29.6985 29.6985 55
      vertex 27.6925 31.5773 55
    endloop
  endfacet
  facet normal 0 0 1
    outer loop
      vertex 33.1673 25.7551 55
      vertex 26.6063 17.7602 55
      vertex 28.2127 15.08 55
    endloop
  endfacet
  facet normal 0 0 1
    outer loop
      vertex 33.1673 25.7551 55
      vertex 26.5988 17.7727 55
      vertex 26.6063 17.7602 55
    endloop
  endfacet
  facet normal 0 0 1
    outer loop
      vertex 33.1673 25.7551 55
      vertex 26.59 17.7845 55
      vertex 26.5988 17.7727 55
    endloop
  endfacet
  facet normal 0 0 1
    outer loop
      vertex 20.2943 24.7286 55
      vertex 27.6925 31.5773 55
      vertex 25.568 33.3208 55
    endloop
  endfacet
  facet normal 0 0 1
    outer loop
      vertex 33.1673 25.7551 55
      vertex 24.7286 20.2943 55
      vertex 26.59 17.7845 55
    endloop
  endfacet
  facet normal 0 0 1
    outer loop
      vertex 33.1673 25.7551 55
      vertex 24.7188 20.3051 55
      vertex 24.7286 20.2943 55
    endloop
  endfacet
  facet normal 0 0 1
    outer loop
      vertex 17.7845 26.59 55
      vertex 25.568 33.3208 55
      vertex 23.334 34.9217 55
    endloop
  endfacet
  facet normal 0 0 1
    outer loop
      vertex 31.1177 28.1832 55
      vertex 22.6204 22.6204 55
      vertex 24.7188 20.3051 55
    endloop
  endfacet
  facet normal 0 0 1
    outer loop
      vertex 17.7602 26.6063 55
      vertex 23.334 34.9217 55
      vertex 22.3476 35.5351 55
    endloop
  endfacet
  facet normal -0 0 1
    outer loop
      vertex 19.6004 37.1211 55
      vertex 22.3476 35.5351 55
      vertex 21.8 37.7587 55
    endloop
  endfacet
  facet normal 0 0 1
    outer loop
      vertex 19.6004 37.1211 55
      vertex 21.8 37.7587 55
      vertex 21 37.9731 55
    endloop
  endfacet
  facet normal 0 0 1
    outer loop
      vertex 27.6925 31.5773 55
      vertex 20.3051 24.7188 55
      vertex 22.6204 22.6204 55
    endloop
  endfacet
  facet normal 0 0 1
    outer loop
      vertex 27.6925 31.5773 55
      vertex 20.2943 24.7286 55
      vertex 20.3051 24.7188 55
    endloop
  endfacet
  facet normal 0 0 1
    outer loop
      vertex 19.6004 37.1211 55
      vertex 21 37.9731 55
      vertex 20.2 37.7587 55
    endloop
  endfacet
  facet normal 0 0 1
    outer loop
      vertex 19.6004 37.1211 55
      vertex 20.2 37.7587 55
      vertex 19.6144 37.1731 55
    endloop
  endfacet
  facet normal 0 0 1
    outer loop
      vertex 15.08 28.2127 55
      vertex 22.3476 35.5351 55
      vertex 19.6004 37.1211 55
    endloop
  endfacet
  facet normal 0 0 1
    outer loop
      vertex 15.0668 28.219 55
      vertex 19.6004 37.1211 55
      vertex 18.5761 37.6687 55
    endloop
  endfacet
  facet normal 0 0 1
    outer loop
      vertex 25.568 33.3208 55
      vertex 17.7845 26.59 55
      vertex 20.2943 24.7286 55
    endloop
  endfacet
  facet normal 0 0 1
    outer loop
      vertex 23.334 34.9217 55
      vertex 17.7727 26.5988 55
      vertex 17.7845 26.59 55
    endloop
  endfacet
  facet normal 0 0 1
    outer loop
      vertex 23.334 34.9217 55
      vertex 17.7602 26.6063 55
      vertex 17.7727 26.5988 55
    endloop
  endfacet
  facet normal 0 0 1
    outer loop
      vertex 12.2421 29.555 55
      vertex 18.5761 37.6687 55
      vertex 16.0727 38.8029 55
    endloop
  endfacet
  facet normal 0 0 1
    outer loop
      vertex 22.3476 35.5351 55
      vertex 15.08 28.2127 55
      vertex 17.7602 26.6063 55
    endloop
  endfacet
  facet normal 0 0 1
    outer loop
      vertex 19.6004 37.1211 55
      vertex 15.0668 28.219 55
      vertex 15.08 28.2127 55
    endloop
  endfacet
  facet normal 0 0 1
    outer loop
      vertex 12.2421 29.555 55
      vertex 16.0727 38.8029 55
      vertex 13.5005 39.7711 55
    endloop
  endfacet
  facet normal 0 0 1
    outer loop
      vertex 18.5761 37.6687 55
      vertex 12.2421 29.555 55
      vertex 15.0668 28.219 55
    endloop
  endfacet
  facet normal 0 0 1
    outer loop
      vertex 9.28622 30.6126 55
      vertex 13.5005 39.7711 55
      vertex 10.8704 40.5689 55
    endloop
  endfacet
  facet normal 0 0 1
    outer loop
      vertex 13.5005 39.7711 55
      vertex 9.30001 30.6076 55
      vertex 12.2421 29.555 55
    endloop
  endfacet
  facet normal 0 0 1
    outer loop
      vertex 13.5005 39.7711 55
      vertex 9.28622 30.6126 55
      vertex 9.30001 30.6076 55
    endloop
  endfacet
  facet normal 0 0 1
    outer loop
      vertex 10.8704 40.5689 55
      vertex 9.27201 30.6161 55
      vertex 9.28622 30.6126 55
    endloop
  endfacet
  facet normal 0 0 1
    outer loop
      vertex 6.24095 31.3754 55
      vertex 10.8704 40.5689 55
      vertex 8.84851 41.0403 55
    endloop
  endfacet
  facet normal 0 0 1
    outer loop
      vertex 8.32168 42.5876 55
      vertex 8.84851 41.0403 55
      vertex 8.79673 41.9092 55
    endloop
  endfacet
  facet normal 0 0 1
    outer loop
      vertex 8.84851 41.0403 55
      vertex 8.32168 42.5876 55
      vertex 5.7209 41.6013 55
    endloop
  endfacet
  facet normal 0 0 1
    outer loop
      vertex 5.7209 41.6013 55
      vertex 8.32168 42.5876 55
      vertex 7.57106 42.9376 55
    endloop
  endfacet
  facet normal 0 0 1
    outer loop
      vertex 5.7209 41.6013 55
      vertex 7.57106 42.9376 55
      vertex 6.74599 42.8654 55
    endloop
  endfacet
  facet normal 0 0 1
    outer loop
      vertex 8.84851 41.0403 55
      vertex 5.7209 41.6013 55
      vertex 6.24095 31.3754 55
    endloop
  endfacet
  facet normal 0 0 1
    outer loop
      vertex 5.7209 41.6013 55
      vertex 6.74599 42.8654 55
      vertex 6.06755 42.3904 55
    endloop
  endfacet
  facet normal 0 0 1
    outer loop
      vertex 10.8704 40.5689 55
      vertex 6.24095 31.3754 55
      vertex 9.27201 30.6161 55
    endloop
  endfacet
  facet normal 0 0 1
    outer loop
      vertex 3.15006 31.8339 55
      vertex 5.7209 41.6013 55
      vertex 5.4821 41.6407 55
    endloop
  endfacet
  facet normal 0 0 1
    outer loop
      vertex 5.7209 41.6013 55
      vertex 3.15006 31.8339 55
      vertex 6.24095 31.3754 55
    endloop
  endfacet
  facet normal 0 0 1
    outer loop
      vertex 5.4821 41.6407 55
      vertex 3.13557 31.836 55
      vertex 3.15006 31.8339 55
    endloop
  endfacet
  facet normal 0 0 1
    outer loop
      vertex 2.74693 41.9101 55
      vertex 3.13557 31.836 55
      vertex 5.4821 41.6407 55
    endloop
  endfacet
  facet normal 0 0 1
    outer loop
      vertex 3.13557 31.836 55
      vertex 2.74693 41.9101 55
      vertex 3.12094 31.8367 55
    endloop
  endfacet
  facet normal 0 0 1
    outer loop
      vertex 0 31.9901 55
      vertex 2.74693 41.9101 55
      vertex 0 42 55
    endloop
  endfacet
  facet normal 0 0 1
    outer loop
      vertex 2.74693 41.9101 55
      vertex 0 31.9901 55
      vertex 3.12094 31.8367 55
    endloop
  endfacet
  facet normal -0 0 1
    outer loop
      vertex -2.74693 41.9101 55
      vertex 0 31.9901 55
      vertex 0 42 55
    endloop
  endfacet
  facet normal 0 0 1
    outer loop
      vertex -2.74693 41.9101 55
      vertex -3.12094 31.8367 55
      vertex 0 31.9901 55
    endloop
  endfacet
  facet normal 0 0 1
    outer loop
      vertex -2.74693 41.9101 55
      vertex -3.13557 31.836 55
      vertex -3.12094 31.8367 55
    endloop
  endfacet
  facet normal -0 0 1
    outer loop
      vertex -5.4821 41.6407 55
      vertex -3.13557 31.836 55
      vertex -2.74693 41.9101 55
    endloop
  endfacet
  facet normal 0 0 1
    outer loop
      vertex -3.13557 31.836 55
      vertex -5.4821 41.6407 55
      vertex -3.15006 31.8339 55
    endloop
  endfacet
  facet normal -0 0 1
    outer loop
      vertex -5.7209 41.6013 55
      vertex -3.15006 31.8339 55
      vertex -5.4821 41.6407 55
    endloop
  endfacet
  facet normal 0 0 1
    outer loop
      vertex -8.84851 41.0403 55
      vertex -5.7209 41.6013 55
      vertex -6.06755 42.3904 55
    endloop
  endfacet
  facet normal 0 -0 1
    outer loop
      vertex -6.24095 31.3754 55
      vertex -5.7209 41.6013 55
      vertex -8.84851 41.0403 55
    endloop
  endfacet
  facet normal 0 0 1
    outer loop
      vertex -8.84851 41.0403 55
      vertex -6.06755 42.3904 55
      vertex -6.74599 42.8654 55
    endloop
  endfacet
  facet normal 0 0 1
    outer loop
      vertex -8.84851 41.0403 55
      vertex -6.74599 42.8654 55
      vertex -7.57106 42.9376 55
    endloop
  endfacet
  facet normal 0 0 1
    outer loop
      vertex -8.84851 41.0403 55
      vertex -7.57106 42.9376 55
      vertex -8.32168 42.5876 55
    endloop
  endfacet
  facet normal 0 0 1
    outer loop
      vertex -8.84851 41.0403 55
      vertex -8.32168 42.5876 55
      vertex -8.79673 41.9092 55
    endloop
  endfacet
  facet normal 0 0 1
    outer loop
      vertex -5.7209 41.6013 55
      vertex -6.24095 31.3754 55
      vertex -3.15006 31.8339 55
    endloop
  endfacet
  facet normal -0 0 1
    outer loop
      vertex -10.8704 40.5689 55
      vertex -6.24095 31.3754 55
      vertex -8.84851 41.0403 55
    endloop
  endfacet
  facet normal 0 0 1
    outer loop
      vertex -6.24095 31.3754 55
      vertex -10.8704 40.5689 55
      vertex -9.27201 30.6161 55
    endloop
  endfacet
  facet normal 0 0 1
    outer loop
      vertex -9.27201 30.6161 55
      vertex -10.8704 40.5689 55
      vertex -9.28622 30.6126 55
    endloop
  endfacet
  facet normal -0 0 1
    outer loop
      vertex -13.5005 39.7711 55
      vertex -9.28622 30.6126 55
      vertex -10.8704 40.5689 55
    endloop
  endfacet
  facet normal 0 0 1
    outer loop
      vertex -9.28622 30.6126 55
      vertex -13.5005 39.7711 55
      vertex -9.30001 30.6076 55
    endloop
  endfacet
  facet normal 0 0 1
    outer loop
      vertex -9.30001 30.6076 55
      vertex -13.5005 39.7711 55
      vertex -12.2421 29.555 55
    endloop
  endfacet
  facet normal -0 0 1
    outer loop
      vertex -16.0727 38.8029 55
      vertex -12.2421 29.555 55
      vertex -13.5005 39.7711 55
    endloop
  endfacet
  facet normal -0 0 1
    outer loop
      vertex -18.5761 37.6687 55
      vertex -12.2421 29.555 55
      vertex -16.0727 38.8029 55
    endloop
  endfacet
  facet normal 0 0 1
    outer loop
      vertex -12.2421 29.555 55
      vertex -18.5761 37.6687 55
      vertex -15.0668 28.219 55
    endloop
  endfacet
  facet normal -0 0 1
    outer loop
      vertex -19.6004 37.1211 55
      vertex -15.0668 28.219 55
      vertex -18.5761 37.6687 55
    endloop
  endfacet
  facet normal 0 0 1
    outer loop
      vertex -15.0668 28.219 55
      vertex -19.6004 37.1211 55
      vertex -15.08 28.2127 55
    endloop
  endfacet
  facet normal -0 0 1
    outer loop
      vertex -22.3476 35.5351 55
      vertex -15.08 28.2127 55
      vertex -19.6004 37.1211 55
    endloop
  endfacet
  facet normal 0 0 1
    outer loop
      vertex -15.08 28.2127 55
      vertex -22.3476 35.5351 55
      vertex -17.7602 26.6063 55
    endloop
  endfacet
  facet normal -0 0 1
    outer loop
      vertex -23.334 34.9217 55
      vertex -17.7602 26.6063 55
      vertex -22.3476 35.5351 55
    endloop
  endfacet
  facet normal 0 0 1
    outer loop
      vertex -20.2 37.7587 55
      vertex -19.6004 37.1211 55
      vertex -19.6144 37.1731 55
    endloop
  endfacet
  facet normal 0 0 1
    outer loop
      vertex -21 37.9731 55
      vertex -19.6004 37.1211 55
      vertex -20.2 37.7587 55
    endloop
  endfacet
  facet normal 0 0 1
    outer loop
      vertex -17.7602 26.6063 55
      vertex -23.334 34.9217 55
      vertex -17.7727 26.5988 55
    endloop
  endfacet
  facet normal 0 0 1
    outer loop
      vertex -17.7727 26.5988 55
      vertex -23.334 34.9217 55
      vertex -17.7845 26.59 55
    endloop
  endfacet
  facet normal 0 0 1
    outer loop
      vertex -19.6004 37.1211 55
      vertex -21 37.9731 55
      vertex -22.3476 35.5351 55
    endloop
  endfacet
  facet normal 0 0 1
    outer loop
      vertex -22.3476 35.5351 55
      vertex -21 37.9731 55
      vertex -21.8 37.7587 55
    endloop
  endfacet
  facet normal -0 0 1
    outer loop
      vertex -25.568 33.3208 55
      vertex -17.7845 26.59 55
      vertex -23.334 34.9217 55
    endloop
  endfacet
  facet normal 0 0 1
    outer loop
      vertex -17.7845 26.59 55
      vertex -25.568 33.3208 55
      vertex -20.2943 24.7286 55
    endloop
  endfacet
  facet normal -0 0 1
    outer loop
      vertex -27.6925 31.5773 55
      vertex -20.2943 24.7286 55
      vertex -25.568 33.3208 55
    endloop
  endfacet
  facet normal 0 0 1
    outer loop
      vertex -20.2943 24.7286 55
      vertex -27.6925 31.5773 55
      vertex -20.3051 24.7188 55
    endloop
  endfacet
  facet normal 0 0 1
    outer loop
      vertex -20.3051 24.7188 55
      vertex -27.6925 31.5773 55
      vertex -22.6204 22.6204 55
    endloop
  endfacet
  facet normal -0 0 1
    outer loop
      vertex -29.6985 29.6985 55
      vertex -22.6204 22.6204 55
      vertex -27.6925 31.5773 55
    endloop
  endfacet
  facet normal -0 0 1
    outer loop
      vertex -31.1177 28.1832 55
      vertex -22.6204 22.6204 55
      vertex -29.6985 29.6985 55
    endloop
  endfacet
  facet normal 0 0 1
    outer loop
      vertex -22.6204 22.6204 55
      vertex -31.1177 28.1832 55
      vertex -24.7188 20.3051 55
    endloop
  endfacet
  facet normal -0 0 1
    outer loop
      vertex -33.1673 25.7551 55
      vertex -24.7188 20.3051 55
      vertex -31.1177 28.1832 55
    endloop
  endfacet
  facet normal 0 0 1
    outer loop
      vertex -24.7188 20.3051 55
      vertex -33.1673 25.7551 55
      vertex -24.7286 20.2943 55
    endloop
  endfacet
  facet normal -0 0 1
    outer loop
      vertex -33.3208 25.568 55
      vertex -24.7286 20.2943 55
      vertex -33.1673 25.7551 55
    endloop
  endfacet
  facet normal 0 0 1
    outer loop
      vertex -24.7286 20.2943 55
      vertex -33.3208 25.568 55
      vertex -26.59 17.7845 55
    endloop
  endfacet
  facet normal -0 0 1
    outer loop
      vertex -34.9217 23.334 55
      vertex -26.59 17.7845 55
      vertex -33.3208 25.568 55
    endloop
  endfacet
  facet normal 0 0 1
    outer loop
      vertex -26.59 17.7845 55
      vertex -34.9217 23.334 55
      vertex -26.5988 17.7727 55
    endloop
  endfacet
  facet normal 0 0 1
    outer loop
      vertex -26.5988 17.7727 55
      vertex -34.9217 23.334 55
      vertex -26.6063 17.7602 55
    endloop
  endfacet
  facet normal -0 0 1
    outer loop
      vertex -36.3731 21 55
      vertex -26.6063 17.7602 55
      vertex -34.9217 23.334 55
    endloop
  endfacet
  facet normal 0 0 1
    outer loop
      vertex -26.6063 17.7602 55
      vertex -36.3731 21 55
      vertex -28.2127 15.08 55
    endloop
  endfacet
  facet normal -0 0 1
    outer loop
      vertex -37.6687 18.5761 55
      vertex -28.2127 15.08 55
      vertex -36.3731 21 55
    endloop
  endfacet
  facet normal 0 0 1
    outer loop
      vertex -31.896 28.5728 55
      vertex -31.1177 28.1832 55
      vertex -31.1454 28.2228 55
    endloop
  endfacet
  facet normal 0 0 1
    outer loop
      vertex -28.2127 15.08 55
      vertex -37.6687 18.5761 55
      vertex -28.219 15.0668 55
    endloop
  endfacet
  facet normal 0 0 1
    outer loop
      vertex -28.219 15.0668 55
      vertex -37.6687 18.5761 55
      vertex -29.555 12.2421 55
    endloop
  endfacet
  facet normal -0 0 1
    outer loop
      vertex -38.8029 16.0727 55
      vertex -29.555 12.2421 55
      vertex -37.6687 18.5761 55
    endloop
  endfacet
  facet normal -0 0 1
    outer loop
      vertex -38.8882 15.8462 55
      vertex -29.555 12.2421 55
      vertex -38.8029 16.0727 55
    endloop
  endfacet
  facet normal -0 0 1
    outer loop
      vertex -32.7211 28.5006 55
      vertex -31.1177 28.1832 55
      vertex -31.896 28.5728 55
    endloop
  endfacet
  facet normal -0 0 1
    outer loop
      vertex -39.9662 12.8571 55
      vertex -29.555 12.2421 55
      vertex -38.8882 15.8462 55
    endloop
  endfacet
  facet normal 0 0 1
    outer loop
      vertex -31.1177 28.1832 55
      vertex -32.7211 28.5006 55
      vertex -33.1673 25.7551 55
    endloop
  endfacet
  facet normal -0 0 1
    outer loop
      vertex 31.836 -3.13557 55
      vertex 33.1673 -25.7551 55
      vertex 31.8367 -3.12094 55
    endloop
  endfacet
  facet normal -0 0 1
    outer loop
      vertex 31.8339 -3.15006 55
      vertex 33.1673 -25.7551 55
      vertex 31.836 -3.13557 55
    endloop
  endfacet
  facet normal -0 0 1
    outer loop
      vertex 31.3754 -6.24095 55
      vertex 33.1673 -25.7551 55
      vertex 31.8339 -3.15006 55
    endloop
  endfacet
  facet normal -0 0 1
    outer loop
      vertex 30.6161 -9.27201 55
      vertex 33.1673 -25.7551 55
      vertex 31.3754 -6.24095 55
    endloop
  endfacet
  facet normal -0 0 1
    outer loop
      vertex 30.6126 -9.28622 55
      vertex 33.1673 -25.7551 55
      vertex 30.6161 -9.27201 55
    endloop
  endfacet
  facet normal -0 0 1
    outer loop
      vertex 30.6076 -9.30001 55
      vertex 33.1673 -25.7551 55
      vertex 30.6126 -9.28622 55
    endloop
  endfacet
  facet normal -0 0 1
    outer loop
      vertex 29.555 -12.2421 55
      vertex 33.1673 -25.7551 55
      vertex 30.6076 -9.30001 55
    endloop
  endfacet
  facet normal -0 0 1
    outer loop
      vertex 28.219 -15.0668 55
      vertex 33.1673 -25.7551 55
      vertex 29.555 -12.2421 55
    endloop
  endfacet
  facet normal -0 0 1
    outer loop
      vertex 28.2127 -15.08 55
      vertex 33.1673 -25.7551 55
      vertex 28.219 -15.0668 55
    endloop
  endfacet
  facet normal -0 0 1
    outer loop
      vertex 26.6063 -17.7602 55
      vertex 33.1673 -25.7551 55
      vertex 28.2127 -15.08 55
    endloop
  endfacet
  facet normal 0 0 1
    outer loop
      vertex 31.896 -28.5728 55
      vertex 31.1177 -28.1832 55
      vertex 31.1454 -28.2228 55
    endloop
  endfacet
  facet normal -0 0 1
    outer loop
      vertex 26.5988 -17.7727 55
      vertex 33.1673 -25.7551 55
      vertex 26.6063 -17.7602 55
    endloop
  endfacet
  facet normal 0 0 1
    outer loop
      vertex 32.7211 -28.5006 55
      vertex 31.1177 -28.1832 55
      vertex 31.896 -28.5728 55
    endloop
  endfacet
  facet normal 0 0 1
    outer loop
      vertex 33.1673 -25.7551 55
      vertex 31.1177 -28.1832 55
      vertex 32.7211 -28.5006 55
    endloop
  endfacet
  facet normal -0 0 1
    outer loop
      vertex 26.59 -17.7845 55
      vertex 33.1673 -25.7551 55
      vertex 26.5988 -17.7727 55
    endloop
  endfacet
  facet normal -0 0 1
    outer loop
      vertex 24.7286 -20.2943 55
      vertex 33.1673 -25.7551 55
      vertex 26.59 -17.7845 55
    endloop
  endfacet
  facet normal -0 0 1
    outer loop
      vertex 24.7188 -20.3051 55
      vertex 33.1673 -25.7551 55
      vertex 24.7286 -20.2943 55
    endloop
  endfacet
  facet normal 0 0 1
    outer loop
      vertex 33.1673 -25.7551 55
      vertex 24.7188 -20.3051 55
      vertex 31.1177 -28.1832 55
    endloop
  endfacet
  facet normal -0 0 1
    outer loop
      vertex 22.6204 -22.6204 55
      vertex 31.1177 -28.1832 55
      vertex 24.7188 -20.3051 55
    endloop
  endfacet
  facet normal 0 0 1
    outer loop
      vertex 31.1177 -28.1832 55
      vertex 22.6204 -22.6204 55
      vertex 29.6985 -29.6985 55
    endloop
  endfacet
  facet normal 0 0 1
    outer loop
      vertex 29.6985 -29.6985 55
      vertex 22.6204 -22.6204 55
      vertex 27.6925 -31.5773 55
    endloop
  endfacet
  facet normal -0 0 1
    outer loop
      vertex 20.3051 -24.7188 55
      vertex 27.6925 -31.5773 55
      vertex 22.6204 -22.6204 55
    endloop
  endfacet
  facet normal -0 0 1
    outer loop
      vertex 20.2943 -24.7286 55
      vertex 27.6925 -31.5773 55
      vertex 20.3051 -24.7188 55
    endloop
  endfacet
  facet normal 0 0 1
    outer loop
      vertex 27.6925 -31.5773 55
      vertex 20.2943 -24.7286 55
      vertex 25.568 -33.3208 55
    endloop
  endfacet
  facet normal -0 0 1
    outer loop
      vertex 17.7845 -26.59 55
      vertex 25.568 -33.3208 55
      vertex 20.2943 -24.7286 55
    endloop
  endfacet
  facet normal 0 0 1
    outer loop
      vertex 25.568 -33.3208 55
      vertex 17.7845 -26.59 55
      vertex 23.334 -34.9217 55
    endloop
  endfacet
  facet normal -0 0 1
    outer loop
      vertex 17.7727 -26.5988 55
      vertex 23.334 -34.9217 55
      vertex 17.7845 -26.59 55
    endloop
  endfacet
  facet normal -0 0 1
    outer loop
      vertex 17.7602 -26.6063 55
      vertex 23.334 -34.9217 55
      vertex 17.7727 -26.5988 55
    endloop
  endfacet
  facet normal 0 0 1
    outer loop
      vertex 21.8 -37.7587 55
      vertex 19.6004 -37.1211 55
      vertex 21 -37.9731 55
    endloop
  endfacet
  facet normal 0 0 1
    outer loop
      vertex 21 -37.9731 55
      vertex 19.6004 -37.1211 55
      vertex 20.2 -37.7587 55
    endloop
  endfacet
  facet normal 0 0 1
    outer loop
      vertex 20.2 -37.7587 55
      vertex 19.6004 -37.1211 55
      vertex 19.6144 -37.1731 55
    endloop
  endfacet
  facet normal 0 0 1
    outer loop
      vertex 22.3476 -35.5351 55
      vertex 19.6004 -37.1211 55
      vertex 21.8 -37.7587 55
    endloop
  endfacet
  facet normal 0 0 1
    outer loop
      vertex 23.334 -34.9217 55
      vertex 17.7602 -26.6063 55
      vertex 22.3476 -35.5351 55
    endloop
  endfacet
  facet normal -0 0 1
    outer loop
      vertex 15.08 -28.2127 55
      vertex 22.3476 -35.5351 55
      vertex 17.7602 -26.6063 55
    endloop
  endfacet
  facet normal 0 0 1
    outer loop
      vertex 22.3476 -35.5351 55
      vertex 15.08 -28.2127 55
      vertex 19.6004 -37.1211 55
    endloop
  endfacet
  facet normal -0 0 1
    outer loop
      vertex 15.0668 -28.219 55
      vertex 19.6004 -37.1211 55
      vertex 15.08 -28.2127 55
    endloop
  endfacet
  facet normal 0 0 1
    outer loop
      vertex 19.6004 -37.1211 55
      vertex 15.0668 -28.219 55
      vertex 18.5761 -37.6687 55
    endloop
  endfacet
  facet normal -0 0 1
    outer loop
      vertex 12.2421 -29.555 55
      vertex 18.5761 -37.6687 55
      vertex 15.0668 -28.219 55
    endloop
  endfacet
  facet normal 0 0 1
    outer loop
      vertex 18.5761 -37.6687 55
      vertex 12.2421 -29.555 55
      vertex 16.0727 -38.8029 55
    endloop
  endfacet
  facet normal 0 0 1
    outer loop
      vertex 16.0727 -38.8029 55
      vertex 12.2421 -29.555 55
      vertex 13.5005 -39.7711 55
    endloop
  endfacet
  facet normal -0 0 1
    outer loop
      vertex 9.30001 -30.6076 55
      vertex 13.5005 -39.7711 55
      vertex 12.2421 -29.555 55
    endloop
  endfacet
  facet normal -0 0 1
    outer loop
      vertex 9.28622 -30.6126 55
      vertex 13.5005 -39.7711 55
      vertex 9.30001 -30.6076 55
    endloop
  endfacet
  facet normal 0 0 1
    outer loop
      vertex 13.5005 -39.7711 55
      vertex 9.28622 -30.6126 55
      vertex 10.8704 -40.5689 55
    endloop
  endfacet
  facet normal -0 0 1
    outer loop
      vertex 9.27201 -30.6161 55
      vertex 10.8704 -40.5689 55
      vertex 9.28622 -30.6126 55
    endloop
  endfacet
  facet normal -0 0 1
    outer loop
      vertex 6.24095 -31.3754 55
      vertex 10.8704 -40.5689 55
      vertex 9.27201 -30.6161 55
    endloop
  endfacet
  facet normal 0 0 1
    outer loop
      vertex 10.8704 -40.5689 55
      vertex 6.24095 -31.3754 55
      vertex 8.84851 -41.0403 55
    endloop
  endfacet
  facet normal 0 0 1
    outer loop
      vertex 5.7209 -41.6013 55
      vertex 8.84851 -41.0403 55
      vertex 6.24095 -31.3754 55
    endloop
  endfacet
  facet normal 0 -0 1
    outer loop
      vertex 8.32168 -42.5876 55
      vertex 8.84851 -41.0403 55
      vertex 5.7209 -41.6013 55
    endloop
  endfacet
  facet normal 0 0 1
    outer loop
      vertex 8.32168 -42.5876 55
      vertex 5.7209 -41.6013 55
      vertex 7.57106 -42.9376 55
    endloop
  endfacet
  facet normal 0 0 1
    outer loop
      vertex 8.84851 -41.0403 55
      vertex 8.32168 -42.5876 55
      vertex 8.79673 -41.9092 55
    endloop
  endfacet
  facet normal 0 0 1
    outer loop
      vertex 7.57106 -42.9376 55
      vertex 5.7209 -41.6013 55
      vertex 6.74599 -42.8654 55
    endloop
  endfacet
  facet normal 0 0 1
    outer loop
      vertex 6.74599 -42.8654 55
      vertex 5.7209 -41.6013 55
      vertex 6.06755 -42.3904 55
    endloop
  endfacet
  facet normal -0 0 1
    outer loop
      vertex 3.15006 -31.8339 55
      vertex 5.7209 -41.6013 55
      vertex 6.24095 -31.3754 55
    endloop
  endfacet
  facet normal 0 0 1
    outer loop
      vertex 5.7209 -41.6013 55
      vertex 3.15006 -31.8339 55
      vertex 5.4821 -41.6407 55
    endloop
  endfacet
  facet normal -0 0 1
    outer loop
      vertex 3.13557 -31.836 55
      vertex 5.4821 -41.6407 55
      vertex 3.15006 -31.8339 55
    endloop
  endfacet
  facet normal 0 0 1
    outer loop
      vertex 2.74693 -41.9101 55
      vertex 3.13557 -31.836 55
      vertex 3.12094 -31.8367 55
    endloop
  endfacet
  facet normal 0 0 1
    outer loop
      vertex 3.13557 -31.836 55
      vertex 2.74693 -41.9101 55
      vertex 5.4821 -41.6407 55
    endloop
  endfacet
  facet normal -0 0 1
    outer loop
      vertex 0 -31.9901 55
      vertex 2.74693 -41.9101 55
      vertex 3.12094 -31.8367 55
    endloop
  endfacet
  facet normal 0 0 1
    outer loop
      vertex 0 -31.9901 55
      vertex 0 -42 55
      vertex 2.74693 -41.9101 55
    endloop
  endfacet
  facet normal 0 0 1
    outer loop
      vertex 0 -31.9901 55
      vertex -2.74693 -41.9101 55
      vertex 0 -42 55
    endloop
  endfacet
  facet normal 0 0 1
    outer loop
      vertex -3.12094 -31.8367 55
      vertex -2.74693 -41.9101 55
      vertex 0 -31.9901 55
    endloop
  endfacet
  facet normal 0 0 1
    outer loop
      vertex -3.13557 -31.836 55
      vertex -2.74693 -41.9101 55
      vertex -3.12094 -31.8367 55
    endloop
  endfacet
  facet normal 0 0 1
    outer loop
      vertex -5.4821 -41.6407 55
      vertex -3.13557 -31.836 55
      vertex -3.15006 -31.8339 55
    endloop
  endfacet
  facet normal 0 0 1
    outer loop
      vertex -3.13557 -31.836 55
      vertex -5.4821 -41.6407 55
      vertex -2.74693 -41.9101 55
    endloop
  endfacet
  facet normal 0 0 1
    outer loop
      vertex -3.15006 -31.8339 55
      vertex -5.7209 -41.6013 55
      vertex -5.4821 -41.6407 55
    endloop
  endfacet
  facet normal 0 0 1
    outer loop
      vertex -6.24095 -31.3754 55
      vertex -5.7209 -41.6013 55
      vertex -3.15006 -31.8339 55
    endloop
  endfacet
  facet normal 0 0 1
    outer loop
      vertex -5.7209 -41.6013 55
      vertex -6.24095 -31.3754 55
      vertex -8.84851 -41.0403 55
    endloop
  endfacet
  facet normal 0 0 1
    outer loop
      vertex -5.7209 -41.6013 55
      vertex -8.84851 -41.0403 55
      vertex -6.06755 -42.3904 55
    endloop
  endfacet
  facet normal 0 0 1
    outer loop
      vertex -6.06755 -42.3904 55
      vertex -8.84851 -41.0403 55
      vertex -6.74599 -42.8654 55
    endloop
  endfacet
  facet normal 0 0 1
    outer loop
      vertex -6.74599 -42.8654 55
      vertex -8.84851 -41.0403 55
      vertex -7.57106 -42.9376 55
    endloop
  endfacet
  facet normal 0 0 1
    outer loop
      vertex -7.57106 -42.9376 55
      vertex -8.84851 -41.0403 55
      vertex -8.32168 -42.5876 55
    endloop
  endfacet
  facet normal 0 0 1
    outer loop
      vertex -8.32168 -42.5876 55
      vertex -8.84851 -41.0403 55
      vertex -8.79673 -41.9092 55
    endloop
  endfacet
  facet normal 0 0 1
    outer loop
      vertex -10.8704 -40.5689 55
      vertex -6.24095 -31.3754 55
      vertex -9.27201 -30.6161 55
    endloop
  endfacet
  facet normal 0 0 1
    outer loop
      vertex -10.8704 -40.5689 55
      vertex -9.27201 -30.6161 55
      vertex -9.28622 -30.6126 55
    endloop
  endfacet
  facet normal 0 0 1
    outer loop
      vertex -13.5005 -39.7711 55
      vertex -9.28622 -30.6126 55
      vertex -9.30001 -30.6076 55
    endloop
  endfacet
  facet normal 0 0 1
    outer loop
      vertex -6.24095 -31.3754 55
      vertex -10.8704 -40.5689 55
      vertex -8.84851 -41.0403 55
    endloop
  endfacet
  facet normal 0 0 1
    outer loop
      vertex -13.5005 -39.7711 55
      vertex -9.30001 -30.6076 55
      vertex -12.2421 -29.555 55
    endloop
  endfacet
  facet normal 0 0 1
    outer loop
      vertex -9.28622 -30.6126 55
      vertex -13.5005 -39.7711 55
      vertex -10.8704 -40.5689 55
    endloop
  endfacet
  facet normal 0 0 1
    outer loop
      vertex -18.5761 -37.6687 55
      vertex -12.2421 -29.555 55
      vertex -15.0668 -28.219 55
    endloop
  endfacet
  facet normal 0 0 1
    outer loop
      vertex -19.6004 -37.1211 55
      vertex -15.0668 -28.219 55
      vertex -15.08 -28.2127 55
    endloop
  endfacet
  facet normal 0 0 1
    outer loop
      vertex -12.2421 -29.555 55
      vertex -16.0727 -38.8029 55
      vertex -13.5005 -39.7711 55
    endloop
  endfacet
  facet normal 0 0 1
    outer loop
      vertex -22.3476 -35.5351 55
      vertex -15.08 -28.2127 55
      vertex -17.7602 -26.6063 55
    endloop
  endfacet
  facet normal 0 0 1
    outer loop
      vertex -23.334 -34.9217 55
      vertex -17.7602 -26.6063 55
      vertex -17.7727 -26.5988 55
    endloop
  endfacet
  facet normal 0 0 1
    outer loop
      vertex -23.334 -34.9217 55
      vertex -17.7727 -26.5988 55
      vertex -17.7845 -26.59 55
    endloop
  endfacet
  facet normal 0 0 1
    outer loop
      vertex -12.2421 -29.555 55
      vertex -18.5761 -37.6687 55
      vertex -16.0727 -38.8029 55
    endloop
  endfacet
  facet normal 0 0 1
    outer loop
      vertex -15.0668 -28.219 55
      vertex -19.6004 -37.1211 55
      vertex -18.5761 -37.6687 55
    endloop
  endfacet
  facet normal 0 0 1
    outer loop
      vertex -15.08 -28.2127 55
      vertex -22.3476 -35.5351 55
      vertex -19.6004 -37.1211 55
    endloop
  endfacet
  facet normal 0 -0 1
    outer loop
      vertex -21 -37.9731 55
      vertex -19.6004 -37.1211 55
      vertex -22.3476 -35.5351 55
    endloop
  endfacet
  facet normal 0 0 1
    outer loop
      vertex -25.568 -33.3208 55
      vertex -17.7845 -26.59 55
      vertex -20.2943 -24.7286 55
    endloop
  endfacet
  facet normal 0 0 1
    outer loop
      vertex -27.6925 -31.5773 55
      vertex -20.2943 -24.7286 55
      vertex -20.3051 -24.7188 55
    endloop
  endfacet
  facet normal 0 0 1
    outer loop
      vertex -19.6004 -37.1211 55
      vertex -20.2 -37.7587 55
      vertex -19.6144 -37.1731 55
    endloop
  endfacet
  facet normal 0 0 1
    outer loop
      vertex -19.6004 -37.1211 55
      vertex -21 -37.9731 55
      vertex -20.2 -37.7587 55
    endloop
  endfacet
  facet normal 0 0 1
    outer loop
      vertex -21 -37.9731 55
      vertex -22.3476 -35.5351 55
      vertex -21.8 -37.7587 55
    endloop
  endfacet
  facet normal 0 0 1
    outer loop
      vertex -27.6925 -31.5773 55
      vertex -20.3051 -24.7188 55
      vertex -22.6204 -22.6204 55
    endloop
  endfacet
  facet normal 0 0 1
    outer loop
      vertex -17.7602 -26.6063 55
      vertex -23.334 -34.9217 55
      vertex -22.3476 -35.5351 55
    endloop
  endfacet
  facet normal 0 0 1
    outer loop
      vertex -31.1177 -28.1832 55
      vertex -22.6204 -22.6204 55
      vertex -24.7188 -20.3051 55
    endloop
  endfacet
  facet normal 0 0 1
    outer loop
      vertex -33.1673 -25.7551 55
      vertex -24.7188 -20.3051 55
      vertex -24.7286 -20.2943 55
    endloop
  endfacet
  facet normal 0 0 1
    outer loop
      vertex -17.7845 -26.59 55
      vertex -25.568 -33.3208 55
      vertex -23.334 -34.9217 55
    endloop
  endfacet
  facet normal 0 0 1
    outer loop
      vertex -33.3208 -25.568 55
      vertex -24.7286 -20.2943 55
      vertex -26.59 -17.7845 55
    endloop
  endfacet
  facet normal 0 0 1
    outer loop
      vertex -34.9217 -23.334 55
      vertex -26.59 -17.7845 55
      vertex -26.5988 -17.7727 55
    endloop
  endfacet
  facet normal 0 0 1
    outer loop
      vertex -34.9217 -23.334 55
      vertex -26.5988 -17.7727 55
      vertex -26.6063 -17.7602 55
    endloop
  endfacet
  facet normal 0 0 1
    outer loop
      vertex -20.2943 -24.7286 55
      vertex -27.6925 -31.5773 55
      vertex -25.568 -33.3208 55
    endloop
  endfacet
  facet normal 0 0 1
    outer loop
      vertex -36.3731 -21 55
      vertex -26.6063 -17.7602 55
      vertex -28.2127 -15.08 55
    endloop
  endfacet
  facet normal 0 0 1
    outer loop
      vertex -37.6687 -18.5761 55
      vertex -28.2127 -15.08 55
      vertex -28.219 -15.0668 55
    endloop
  endfacet
  facet normal 0 0 1
    outer loop
      vertex -37.6687 -18.5761 55
      vertex -28.219 -15.0668 55
      vertex -29.555 -12.2421 55
    endloop
  endfacet
  facet normal 0 0 1
    outer loop
      vertex -22.6204 -22.6204 55
      vertex -29.6985 -29.6985 55
      vertex -27.6925 -31.5773 55
    endloop
  endfacet
  facet normal 0 0 1
    outer loop
      vertex -39.9662 -12.8571 55
      vertex -29.555 -12.2421 55
      vertex -30.6076 -9.30001 55
    endloop
  endfacet
  facet normal 0 0 1
    outer loop
      vertex -39.9662 -12.8571 55
      vertex -30.6076 -9.30001 55
      vertex -30.6126 -9.28622 55
    endloop
  endfacet
  facet normal 0 0 1
    outer loop
      vertex -39.9662 -12.8571 55
      vertex -30.6126 -9.28622 55
      vertex -30.6161 -9.27201 55
    endloop
  endfacet
  facet normal 0 0 1
    outer loop
      vertex -22.6204 -22.6204 55
      vertex -31.1177 -28.1832 55
      vertex -29.6985 -29.6985 55
    endloop
  endfacet
  facet normal 0 0 1
    outer loop
      vertex -24.7188 -20.3051 55
      vertex -33.1673 -25.7551 55
      vertex -31.1177 -28.1832 55
    endloop
  endfacet
  facet normal 0 0 1
    outer loop
      vertex -40.5689 -10.8704 55
      vertex -30.6161 -9.27201 55
      vertex -31.3754 -6.24095 55
    endloop
  endfacet
  facet normal -0 0 1
    outer loop
      vertex -41.6407 -5.4821 55
      vertex -31.3754 -6.24095 55
      vertex -31.8339 -3.15006 55
    endloop
  endfacet
  facet normal 0 0 1
    outer loop
      vertex -41.6407 -5.4821 55
      vertex -31.8339 -3.15006 55
      vertex -31.836 -3.13557 55
    endloop
  endfacet
  facet normal 0 0 1
    outer loop
      vertex -41.9101 -2.74693 55
      vertex -31.836 -3.13557 55
      vertex -31.8367 -3.12094 55
    endloop
  endfacet
  facet normal 0 -0 1
    outer loop
      vertex -32.7211 -28.5006 55
      vertex -31.1177 -28.1832 55
      vertex -33.1673 -25.7551 55
    endloop
  endfacet
  facet normal -0 0 1
    outer loop
      vertex -41.9481 -1.58609 55
      vertex -31.8367 -3.12094 55
      vertex -31.9901 0 55
    endloop
  endfacet
  facet normal 0 0 1
    outer loop
      vertex -29.555 12.2421 55
      vertex -39.9662 12.8571 55
      vertex -30.6076 9.30001 55
    endloop
  endfacet
  facet normal 0 0 1
    outer loop
      vertex -30.6076 9.30001 55
      vertex -39.9662 12.8571 55
      vertex -30.6126 9.28622 55
    endloop
  endfacet
  facet normal 0 0 1
    outer loop
      vertex -31.1177 -28.1832 55
      vertex -31.896 -28.5728 55
      vertex -31.1454 -28.2228 55
    endloop
  endfacet
  facet normal -0 0 1
    outer loop
      vertex -33.3995 28.0255 55
      vertex -33.1673 25.7551 55
      vertex -32.7211 28.5006 55
    endloop
  endfacet
  facet normal -0 0 1
    outer loop
      vertex -33.6774 26.4498 55
      vertex -33.1673 25.7551 55
      vertex -33.3995 28.0255 55
    endloop
  endfacet
  facet normal 0 0 1
    outer loop
      vertex -33.1673 25.7551 55
      vertex -33.6774 26.4498 55
      vertex -33.2023 25.7714 55
    endloop
  endfacet
  facet normal 0 -0 1
    outer loop
      vertex -33.6774 26.4498 55
      vertex -33.3995 28.0255 55
      vertex -33.7496 27.2749 55
    endloop
  endfacet
  facet normal 0 0 1
    outer loop
      vertex 22.3476 -35.5351 55
      vertex 22.6 -36.3731 55
      vertex 22.3856 -35.5731 55
    endloop
  endfacet
  facet normal 0 0 1
    outer loop
      vertex 22.6 -36.3731 55
      vertex 22.3476 -35.5351 55
      vertex 22.3856 -37.1731 55
    endloop
  endfacet
  facet normal 0 0 1
    outer loop
      vertex 22.3856 -37.1731 55
      vertex 22.3476 -35.5351 55
      vertex 21.8 -37.7587 55
    endloop
  endfacet
  facet normal 0 0 1
    outer loop
      vertex 6.06755 42.3904 55
      vertex 5.71753 41.6398 55
      vertex 5.7209 41.6013 55
    endloop
  endfacet
  facet normal 0 0 1
    outer loop
      vertex 8.86892 -41.0841 55
      vertex 8.84851 -41.0403 55
      vertex 8.79673 -41.9092 55
    endloop
  endfacet
  facet normal 0 0 1
    outer loop
      vertex 6.06755 -42.3904 55
      vertex 5.7209 -41.6013 55
      vertex 5.71753 -41.6398 55
    endloop
  endfacet
  facet normal 0 0 1
    outer loop
      vertex -41.9101 2.74693 55
      vertex -31.836 3.13557 55
      vertex -41.6407 5.4821 55
    endloop
  endfacet
  facet normal 0 0 1
    outer loop
      vertex -30.6161 -9.27201 55
      vertex -40.5689 -10.8704 55
      vertex -39.9662 -12.8571 55
    endloop
  endfacet
  facet normal 0 0 1
    outer loop
      vertex -31.836 3.13557 55
      vertex -41.9101 2.74693 55
      vertex -31.8367 3.12094 55
    endloop
  endfacet
  facet normal 0 0 1
    outer loop
      vertex -31.3754 -6.24095 55
      vertex -41.193 -8.19379 55
      vertex -40.5689 -10.8704 55
    endloop
  endfacet
  facet normal 0 0 1
    outer loop
      vertex -41.9481 1.58609 55
      vertex -31.8367 3.12094 55
      vertex -41.9101 2.74693 55
    endloop
  endfacet
  facet normal 0 0 1
    outer loop
      vertex -31.3754 -6.24095 55
      vertex -41.6407 -5.4821 55
      vertex -41.193 -8.19379 55
    endloop
  endfacet
  facet normal 0 0 1
    outer loop
      vertex -31.8367 3.12094 55
      vertex -41.9481 1.58609 55
      vertex -31.9901 0 55
    endloop
  endfacet
  facet normal 0 0 1
    outer loop
      vertex -41.9481 -1.58609 55
      vertex -31.9901 0 55
      vertex -41.9481 1.58609 55
    endloop
  endfacet
  facet normal 0 0 1
    outer loop
      vertex -31.8367 -3.12094 55
      vertex -41.9481 -1.58609 55
      vertex -41.9101 -2.74693 55
    endloop
  endfacet
  facet normal 0 0 1
    outer loop
      vertex -31.836 -3.13557 55
      vertex -41.9101 -2.74693 55
      vertex -41.6407 -5.4821 55
    endloop
  endfacet
  facet normal 0 0 1
    outer loop
      vertex -42.8 1.38564 55
      vertex -41.9481 1.58609 55
      vertex -42 1.6 55
    endloop
  endfacet
  facet normal 0 0 1
    outer loop
      vertex -43.3856 0.799999 55
      vertex -41.9481 1.58609 55
      vertex -42.8 1.38564 55
    endloop
  endfacet
  facet normal 0 0 1
    outer loop
      vertex -41.9481 1.58609 55
      vertex -43.3856 0.799999 55
      vertex -41.9481 -1.58609 55
    endloop
  endfacet
  facet normal 0 0 1
    outer loop
      vertex -41.9481 -1.58609 55
      vertex -42.8 -1.38564 55
      vertex -42 -1.6 55
    endloop
  endfacet
  facet normal -0 0 1
    outer loop
      vertex -43.3856 -0.799999 55
      vertex -41.9481 -1.58609 55
      vertex -43.3856 0.799999 55
    endloop
  endfacet
  facet normal 0 0 1
    outer loop
      vertex -41.9481 -1.58609 55
      vertex -43.3856 -0.799999 55
      vertex -42.8 -1.38564 55
    endloop
  endfacet
  facet normal 0 -0 1
    outer loop
      vertex -43.3856 -0.799999 55
      vertex -43.3856 0.799999 55
      vertex -43.6 0 55
    endloop
  endfacet
  facet normal 0 0 1
    outer loop
      vertex -30.6126 9.28622 55
      vertex -39.9662 12.8571 55
      vertex -30.6161 9.27201 55
    endloop
  endfacet
  facet normal -0 0 1
    outer loop
      vertex -40.5689 10.8704 55
      vertex -30.6161 9.27201 55
      vertex -39.9662 12.8571 55
    endloop
  endfacet
  facet normal 0 0 1
    outer loop
      vertex -26.59 -17.7845 55
      vertex -34.9217 -23.334 55
      vertex -33.3208 -25.568 55
    endloop
  endfacet
  facet normal 0 0 1
    outer loop
      vertex -24.7286 -20.2943 55
      vertex -33.3208 -25.568 55
      vertex -33.1673 -25.7551 55
    endloop
  endfacet
  facet normal 0 0 1
    outer loop
      vertex -30.6161 9.27201 55
      vertex -40.5689 10.8704 55
      vertex -31.3754 6.24095 55
    endloop
  endfacet
  facet normal 0 0 1
    outer loop
      vertex -26.6063 -17.7602 55
      vertex -36.3731 -21 55
      vertex -34.9217 -23.334 55
    endloop
  endfacet
  facet normal -0 0 1
    outer loop
      vertex -41.193 8.19379 55
      vertex -31.3754 6.24095 55
      vertex -40.5689 10.8704 55
    endloop
  endfacet
  facet normal 0 0 1
    outer loop
      vertex -28.2127 -15.08 55
      vertex -37.6687 -18.5761 55
      vertex -36.3731 -21 55
    endloop
  endfacet
  facet normal 0 0 1
    outer loop
      vertex -41.6407 5.4821 55
      vertex -31.3754 6.24095 55
      vertex -41.193 8.19379 55
    endloop
  endfacet
  facet normal 0 0 1
    outer loop
      vertex -31.3754 6.24095 55
      vertex -41.6407 5.4821 55
      vertex -31.8339 3.15006 55
    endloop
  endfacet
  facet normal 0 0 1
    outer loop
      vertex -29.555 -12.2421 55
      vertex -38.8882 -15.8462 55
      vertex -38.8029 -16.0727 55
    endloop
  endfacet
  facet normal 0 0 1
    outer loop
      vertex -29.555 -12.2421 55
      vertex -38.8029 -16.0727 55
      vertex -37.6687 -18.5761 55
    endloop
  endfacet
  facet normal 0 0 1
    outer loop
      vertex -39.7449 15.9405 55
      vertex -38.8882 15.8462 55
      vertex -38.9199 15.8684 55
    endloop
  endfacet
  facet normal 0 0 1
    outer loop
      vertex -31.8339 3.15006 55
      vertex -41.6407 5.4821 55
      vertex -31.836 3.13557 55
    endloop
  endfacet
  facet normal 0 0 1
    outer loop
      vertex -38.8882 15.8462 55
      vertex -39.7449 15.9405 55
      vertex -39.9662 12.8571 55
    endloop
  endfacet
  facet normal 0 0 1
    outer loop
      vertex -29.555 -12.2421 55
      vertex -39.9662 -12.8571 55
      vertex -38.8882 -15.8462 55
    endloop
  endfacet
  facet normal 0 -0 1
    outer loop
      vertex -39.7449 -15.9405 55
      vertex -38.8882 -15.8462 55
      vertex -39.9662 -12.8571 55
    endloop
  endfacet
  facet normal -0 0 1
    outer loop
      vertex -40.4956 15.5905 55
      vertex -39.9662 12.8571 55
      vertex -39.7449 15.9405 55
    endloop
  endfacet
  facet normal -0 0 1
    outer loop
      vertex -40.9706 14.9121 55
      vertex -39.9662 12.8571 55
      vertex -40.4956 15.5905 55
    endloop
  endfacet
  facet normal 0 0 1
    outer loop
      vertex -39.9662 12.8571 55
      vertex -40.6928 13.3364 55
      vertex -40.0143 12.8613 55
    endloop
  endfacet
  facet normal 0 0 1
    outer loop
      vertex -39.9662 12.8571 55
      vertex -40.9706 14.9121 55
      vertex -40.6928 13.3364 55
    endloop
  endfacet
  facet normal 0 0 1
    outer loop
      vertex -40.6928 13.3364 55
      vertex -40.9706 14.9121 55
      vertex -41.0428 14.087 55
    endloop
  endfacet
  facet normal 0 0 1
    outer loop
      vertex -31.1177 -28.1832 55
      vertex -32.7211 -28.5006 55
      vertex -31.896 -28.5728 55
    endloop
  endfacet
  facet normal 0 0 1
    outer loop
      vertex -33.6774 -26.4498 55
      vertex -33.1673 -25.7551 55
      vertex -33.2023 -25.7714 55
    endloop
  endfacet
  facet normal 0 0 1
    outer loop
      vertex -33.1673 -25.7551 55
      vertex -33.3995 -28.0255 55
      vertex -32.7211 -28.5006 55
    endloop
  endfacet
  facet normal 0 0 1
    outer loop
      vertex -33.1673 -25.7551 55
      vertex -33.6774 -26.4498 55
      vertex -33.3995 -28.0255 55
    endloop
  endfacet
  facet normal 0 0 1
    outer loop
      vertex -33.3995 -28.0255 55
      vertex -33.6774 -26.4498 55
      vertex -33.7496 -27.2749 55
    endloop
  endfacet
  facet normal 0 0 1
    outer loop
      vertex -38.8882 -15.8462 55
      vertex -39.7449 -15.9405 55
      vertex -38.9199 -15.8684 55
    endloop
  endfacet
  facet normal 0 0 1
    outer loop
      vertex -40.6928 -13.3364 55
      vertex -39.9662 -12.8571 55
      vertex -40.0143 -12.8613 55
    endloop
  endfacet
  facet normal 0 0 1
    outer loop
      vertex -39.9662 -12.8571 55
      vertex -40.4956 -15.5905 55
      vertex -39.7449 -15.9405 55
    endloop
  endfacet
  facet normal 0 0 1
    outer loop
      vertex -40.9706 -14.9121 55
      vertex -39.9662 -12.8571 55
      vertex -40.6928 -13.3364 55
    endloop
  endfacet
  facet normal 0 0 1
    outer loop
      vertex -39.9662 -12.8571 55
      vertex -40.9706 -14.9121 55
      vertex -40.4956 -15.5905 55
    endloop
  endfacet
  facet normal 0 -0 1
    outer loop
      vertex -40.9706 -14.9121 55
      vertex -40.6928 -13.3364 55
      vertex -41.0428 -14.087 55
    endloop
  endfacet
  facet normal -0 0 1
    outer loop
      vertex -22.3856 37.1731 55
      vertex -22.3476 35.5351 55
      vertex -21.8 37.7587 55
    endloop
  endfacet
  facet normal -0 0 1
    outer loop
      vertex -22.6 36.3731 55
      vertex -22.3476 35.5351 55
      vertex -22.3856 37.1731 55
    endloop
  endfacet
  facet normal 0 0 1
    outer loop
      vertex -22.3476 35.5351 55
      vertex -22.6 36.3731 55
      vertex -22.3856 35.5731 55
    endloop
  endfacet
  facet normal 0 0 1
    outer loop
      vertex -8.79673 41.9092 55
      vertex -8.86892 41.0841 55
      vertex -8.84851 41.0403 55
    endloop
  endfacet
  facet normal 0 0 1
    outer loop
      vertex -5.71753 -41.6398 55
      vertex -5.7209 -41.6013 55
      vertex -6.06755 -42.3904 55
    endloop
  endfacet
  facet normal 0 0 1
    outer loop
      vertex -8.79673 -41.9092 55
      vertex -8.84851 -41.0403 55
      vertex -8.86892 -41.0841 55
    endloop
  endfacet
  facet normal 0 0 1
    outer loop
      vertex -22.6 -36.3731 55
      vertex -22.3476 -35.5351 55
      vertex -22.3856 -35.5731 55
    endloop
  endfacet
  facet normal 0 0 1
    outer loop
      vertex -22.3476 -35.5351 55
      vertex -22.3856 -37.1731 55
      vertex -21.8 -37.7587 55
    endloop
  endfacet
  facet normal 0 0 1
    outer loop
      vertex -22.3476 -35.5351 55
      vertex -22.6 -36.3731 55
      vertex -22.3856 -37.1731 55
    endloop
  endfacet
  facet normal -0 0 -1
    outer loop
      vertex -5.71753 -41.6398 0
      vertex -6.06755 -42.3904 0
      vertex -5.7209 -41.6013 0
    endloop
  endfacet
  facet normal -0 0 -1
    outer loop
      vertex 8.86892 -41.0841 0
      vertex 8.79673 -41.9092 0
      vertex 8.84851 -41.0403 0
    endloop
  endfacet
  facet normal 0 0 -1
    outer loop
      vertex 22.3476 -35.5351 0
      vertex 22.6 -36.3731 0
      vertex 22.3856 -37.1731 0
    endloop
  endfacet
  facet normal 0 0 -1
    outer loop
      vertex 22.6 -36.3731 0
      vertex 22.3476 -35.5351 0
      vertex 22.3856 -35.5731 0
    endloop
  endfacet
  facet normal 0 -0 -1
    outer loop
      vertex 22.3476 -35.5351 0
      vertex 22.3856 -37.1731 0
      vertex 21.8 -37.7587 0
    endloop
  endfacet
  facet normal 0 0 -1
    outer loop
      vertex 22.3476 35.5351 0
      vertex 22.6 36.3731 0
      vertex 22.3856 35.5731 0
    endloop
  endfacet
  facet normal -0 0 -1
    outer loop
      vertex 22.6 36.3731 0
      vertex 22.3476 35.5351 0
      vertex 22.3856 37.1731 0
    endloop
  endfacet
  facet normal -0 0 -1
    outer loop
      vertex 22.3856 37.1731 0
      vertex 22.3476 35.5351 0
      vertex 21.8 37.7587 0
    endloop
  endfacet
  facet normal 0 0 -1
    outer loop
      vertex 6.06755 -42.3904 0
      vertex 5.71753 -41.6398 0
      vertex 5.7209 -41.6013 0
    endloop
  endfacet
  facet normal -0 0 -1
    outer loop
      vertex 8.86892 41.0841 0
      vertex 8.84851 41.0403 0
      vertex 8.79673 41.9092 0
    endloop
  endfacet
  facet normal 0 0 -1
    outer loop
      vertex 6.06755 42.3904 0
      vertex 5.7209 41.6013 0
      vertex 5.71753 41.6398 0
    endloop
  endfacet
  facet normal 0 0 -1
    outer loop
      vertex -1.14121 -32.6801 0
      vertex -3.12094 -31.8367 0
      vertex 0 -31.9901 0
    endloop
  endfacet
  facet normal 0 0 -1
    outer loop
      vertex -1.14121 -32.6801 0
      vertex -3.13557 -31.836 0
      vertex -3.12094 -31.8367 0
    endloop
  endfacet
  facet normal 0 0 -1
    outer loop
      vertex -5.11541 -32.2974 0
      vertex -3.13557 -31.836 0
      vertex -1.14121 -32.6801 0
    endloop
  endfacet
  facet normal -0 0 -1
    outer loop
      vertex -3.13557 -31.836 0
      vertex -5.11541 -32.2974 0
      vertex -3.15006 -31.8339 0
    endloop
  endfacet
  facet normal 0 0 -1
    outer loop
      vertex -5.11541 -32.2974 0
      vertex -6.24095 -31.3754 0
      vertex -3.15006 -31.8339 0
    endloop
  endfacet
  facet normal 0 0 -1
    outer loop
      vertex -9.01334 -31.4333 0
      vertex -6.24095 -31.3754 0
      vertex -5.11541 -32.2974 0
    endloop
  endfacet
  facet normal 0 0 -1
    outer loop
      vertex -9.01334 -31.4333 0
      vertex -9.27201 -30.6161 0
      vertex -6.24095 -31.3754 0
    endloop
  endfacet
  facet normal 0 0 -1
    outer loop
      vertex -9.01334 -31.4333 0
      vertex -9.28622 -30.6126 0
      vertex -9.27201 -30.6161 0
    endloop
  endfacet
  facet normal 0 0 -1
    outer loop
      vertex -9.01334 -31.4333 0
      vertex -9.30001 -30.6076 0
      vertex -9.28622 -30.6126 0
    endloop
  endfacet
  facet normal 0 0 -1
    outer loop
      vertex -12.7769 -30.1005 0
      vertex -9.30001 -30.6076 0
      vertex -9.01334 -31.4333 0
    endloop
  endfacet
  facet normal 0 0 -1
    outer loop
      vertex -9.30001 -30.6076 0
      vertex -12.7769 -30.1005 0
      vertex -12.2421 -29.555 0
    endloop
  endfacet
  facet normal 0 0 -1
    outer loop
      vertex -12.7769 -30.1005 0
      vertex -15.0668 -28.219 0
      vertex -12.2421 -29.555 0
    endloop
  endfacet
  facet normal 0 0 -1
    outer loop
      vertex -16.35 -28.319 0
      vertex -15.0668 -28.219 0
      vertex -12.7769 -30.1005 0
    endloop
  endfacet
  facet normal -0 0 -1
    outer loop
      vertex -15.0668 -28.219 0
      vertex -16.35 -28.319 0
      vertex -15.08 -28.2127 0
    endloop
  endfacet
  facet normal 0 0 -1
    outer loop
      vertex -16.35 -28.319 0
      vertex -17.7602 -26.6063 0
      vertex -15.08 -28.2127 0
    endloop
  endfacet
  facet normal 0 0 -1
    outer loop
      vertex -17.7602 -26.6063 0
      vertex -16.35 -28.319 0
      vertex -16.4773 -28.5396 0
    endloop
  endfacet
  facet normal 0 0 -1
    outer loop
      vertex -41.9101 -2.74693 0
      vertex -31.836 -3.13557 0
      vertex -41.6407 -5.4821 0
    endloop
  endfacet
  facet normal 0 0 -1
    outer loop
      vertex -31.9901 0 0
      vertex -40.5689 10.8704 0
      vertex -39.9662 12.8571 0
    endloop
  endfacet
  facet normal 0 0 -1
    outer loop
      vertex -31.836 -3.13557 0
      vertex -41.9101 -2.74693 0
      vertex -31.8367 -3.12094 0
    endloop
  endfacet
  facet normal 0 0 -1
    outer loop
      vertex -31.9901 0 0
      vertex -41.193 8.19379 0
      vertex -40.5689 10.8704 0
    endloop
  endfacet
  facet normal 0 0 -1
    outer loop
      vertex -41.9481 -1.58609 0
      vertex -31.8367 -3.12094 0
      vertex -41.9101 -2.74693 0
    endloop
  endfacet
  facet normal 0 0 -1
    outer loop
      vertex -31.9901 0 0
      vertex -41.6407 5.4821 0
      vertex -41.193 8.19379 0
    endloop
  endfacet
  facet normal 0 0 -1
    outer loop
      vertex -31.8367 -3.12094 0
      vertex -41.9481 -1.58609 0
      vertex -31.9901 0 0
    endloop
  endfacet
  facet normal 0 0 -1
    outer loop
      vertex -41.9481 1.58609 0
      vertex -31.9901 0 0
      vertex -41.9481 -1.58609 0
    endloop
  endfacet
  facet normal 0 -0 -1
    outer loop
      vertex -41.9101 2.74693 0
      vertex -31.9901 0 0
      vertex -41.9481 1.58609 0
    endloop
  endfacet
  facet normal 0 0 -1
    outer loop
      vertex -31.9901 0 0
      vertex -41.9101 2.74693 0
      vertex -41.6407 5.4821 0
    endloop
  endfacet
  facet normal 0 0 -1
    outer loop
      vertex -42.8 -1.38564 0
      vertex -41.9481 -1.58609 0
      vertex -42 -1.6 0
    endloop
  endfacet
  facet normal 0 0 -1
    outer loop
      vertex -43.3856 -0.799999 0
      vertex -41.9481 -1.58609 0
      vertex -42.8 -1.38564 0
    endloop
  endfacet
  facet normal 0 0 -1
    outer loop
      vertex -41.9481 -1.58609 0
      vertex -43.3856 -0.799999 0
      vertex -41.9481 1.58609 0
    endloop
  endfacet
  facet normal -0 0 -1
    outer loop
      vertex -41.9481 1.58609 0
      vertex -42.8 1.38564 0
      vertex -42 1.6 0
    endloop
  endfacet
  facet normal 0 0 -1
    outer loop
      vertex -43.3856 0.799999 0
      vertex -41.9481 1.58609 0
      vertex -43.3856 -0.799999 0
    endloop
  endfacet
  facet normal 0 0 -1
    outer loop
      vertex -41.9481 1.58609 0
      vertex -43.3856 0.799999 0
      vertex -42.8 1.38564 0
    endloop
  endfacet
  facet normal 0 -0 -1
    outer loop
      vertex -43.3856 0.799999 0
      vertex -43.3856 -0.799999 0
      vertex -43.6 0 0
    endloop
  endfacet
  facet normal -0 0 -1
    outer loop
      vertex -30.6126 -9.28622 0
      vertex -39.9662 -12.8571 0
      vertex -30.6161 -9.27201 0
    endloop
  endfacet
  facet normal 0 0 -1
    outer loop
      vertex -40.5689 -10.8704 0
      vertex -30.6161 -9.27201 0
      vertex -39.9662 -12.8571 0
    endloop
  endfacet
  facet normal 0 -0 -1
    outer loop
      vertex -33.3208 25.568 0
      vertex -31.9901 0 0
      vertex -34.9217 23.334 0
    endloop
  endfacet
  facet normal 0 0 -1
    outer loop
      vertex -31.9901 0 0
      vertex -33.3208 25.568 0
      vertex -33.1673 25.7551 0
    endloop
  endfacet
  facet normal -0 0 -1
    outer loop
      vertex -30.6161 -9.27201 0
      vertex -40.5689 -10.8704 0
      vertex -31.3754 -6.24095 0
    endloop
  endfacet
  facet normal 0 0 -1
    outer loop
      vertex -31.9901 0 0
      vertex -36.3731 21 0
      vertex -34.9217 23.334 0
    endloop
  endfacet
  facet normal 0 0 -1
    outer loop
      vertex -41.193 -8.19379 0
      vertex -31.3754 -6.24095 0
      vertex -40.5689 -10.8704 0
    endloop
  endfacet
  facet normal 0 0 -1
    outer loop
      vertex -31.9901 0 0
      vertex -37.6687 18.5761 0
      vertex -36.3731 21 0
    endloop
  endfacet
  facet normal 0 0 -1
    outer loop
      vertex -41.6407 -5.4821 0
      vertex -31.3754 -6.24095 0
      vertex -41.193 -8.19379 0
    endloop
  endfacet
  facet normal 0 0 -1
    outer loop
      vertex -31.3754 -6.24095 0
      vertex -41.6407 -5.4821 0
      vertex -31.8339 -3.15006 0
    endloop
  endfacet
  facet normal 0 -0 -1
    outer loop
      vertex -38.8029 16.0727 0
      vertex -31.9901 0 0
      vertex -38.8882 15.8462 0
    endloop
  endfacet
  facet normal 0 0 -1
    outer loop
      vertex -31.9901 0 0
      vertex -38.8029 16.0727 0
      vertex -37.6687 18.5761 0
    endloop
  endfacet
  facet normal 0 0 -1
    outer loop
      vertex -39.7449 -15.9405 0
      vertex -38.8882 -15.8462 0
      vertex -38.9199 -15.8684 0
    endloop
  endfacet
  facet normal -0 0 -1
    outer loop
      vertex -31.8339 -3.15006 0
      vertex -41.6407 -5.4821 0
      vertex -31.836 -3.13557 0
    endloop
  endfacet
  facet normal -0 0 -1
    outer loop
      vertex -38.8882 -15.8462 0
      vertex -39.7449 -15.9405 0
      vertex -39.9662 -12.8571 0
    endloop
  endfacet
  facet normal 0 0 -1
    outer loop
      vertex -31.9901 0 0
      vertex -39.9662 12.8571 0
      vertex -38.8882 15.8462 0
    endloop
  endfacet
  facet normal 0 -0 -1
    outer loop
      vertex -39.7449 15.9405 0
      vertex -38.8882 15.8462 0
      vertex -39.9662 12.8571 0
    endloop
  endfacet
  facet normal 0 0 -1
    outer loop
      vertex -40.4956 -15.5905 0
      vertex -39.9662 -12.8571 0
      vertex -39.7449 -15.9405 0
    endloop
  endfacet
  facet normal 0 0 -1
    outer loop
      vertex -40.9706 -14.9121 0
      vertex -39.9662 -12.8571 0
      vertex -40.4956 -15.5905 0
    endloop
  endfacet
  facet normal 0 0 -1
    outer loop
      vertex -39.9662 -12.8571 0
      vertex -40.6928 -13.3364 0
      vertex -40.0143 -12.8613 0
    endloop
  endfacet
  facet normal 0 0 -1
    outer loop
      vertex -39.9662 -12.8571 0
      vertex -40.9706 -14.9121 0
      vertex -40.6928 -13.3364 0
    endloop
  endfacet
  facet normal 0 0 -1
    outer loop
      vertex -40.6928 -13.3364 0
      vertex -40.9706 -14.9121 0
      vertex -41.0428 -14.087 0
    endloop
  endfacet
  facet normal -0 0 -1
    outer loop
      vertex -31.1177 28.1832 0
      vertex -33.1673 25.7551 0
      vertex -32.7211 28.5006 0
    endloop
  endfacet
  facet normal 0 0 -1
    outer loop
      vertex -33.6774 26.4498 0
      vertex -33.1673 25.7551 0
      vertex -33.2023 25.7714 0
    endloop
  endfacet
  facet normal 0 0 -1
    outer loop
      vertex -33.1673 25.7551 0
      vertex -33.3995 28.0255 0
      vertex -32.7211 28.5006 0
    endloop
  endfacet
  facet normal 0 0 -1
    outer loop
      vertex -33.1673 25.7551 0
      vertex -33.6774 26.4498 0
      vertex -33.3995 28.0255 0
    endloop
  endfacet
  facet normal 0 0 -1
    outer loop
      vertex -33.3995 28.0255 0
      vertex -33.6774 26.4498 0
      vertex -33.7496 27.2749 0
    endloop
  endfacet
  facet normal 0 0 -1
    outer loop
      vertex -38.8882 15.8462 0
      vertex -39.7449 15.9405 0
      vertex -38.9199 15.8684 0
    endloop
  endfacet
  facet normal 0 0 -1
    outer loop
      vertex -40.6928 13.3364 0
      vertex -39.9662 12.8571 0
      vertex -40.0143 12.8613 0
    endloop
  endfacet
  facet normal 0 0 -1
    outer loop
      vertex -39.9662 12.8571 0
      vertex -40.4956 15.5905 0
      vertex -39.7449 15.9405 0
    endloop
  endfacet
  facet normal 0 0 -1
    outer loop
      vertex -40.9706 14.9121 0
      vertex -39.9662 12.8571 0
      vertex -40.6928 13.3364 0
    endloop
  endfacet
  facet normal 0 0 -1
    outer loop
      vertex -39.9662 12.8571 0
      vertex -40.9706 14.9121 0
      vertex -40.4956 15.5905 0
    endloop
  endfacet
  facet normal 0 -0 -1
    outer loop
      vertex -40.9706 14.9121 0
      vertex -40.6928 13.3364 0
      vertex -41.0428 14.087 0
    endloop
  endfacet
  facet normal 0 0 -1
    outer loop
      vertex -22.3856 -37.1731 0
      vertex -22.3476 -35.5351 0
      vertex -21.8 -37.7587 0
    endloop
  endfacet
  facet normal 0 0 -1
    outer loop
      vertex -22.6 -36.3731 0
      vertex -22.3476 -35.5351 0
      vertex -22.3856 -37.1731 0
    endloop
  endfacet
  facet normal 0 0 -1
    outer loop
      vertex -22.3476 -35.5351 0
      vertex -22.6 -36.3731 0
      vertex -22.3856 -35.5731 0
    endloop
  endfacet
  facet normal 0 0 -1
    outer loop
      vertex -8.79673 -41.9092 0
      vertex -8.86892 -41.0841 0
      vertex -8.84851 -41.0403 0
    endloop
  endfacet
  facet normal -0 0 -1
    outer loop
      vertex -5.71753 41.6398 0
      vertex -5.7209 41.6013 0
      vertex -6.06755 42.3904 0
    endloop
  endfacet
  facet normal 0 0 -1
    outer loop
      vertex -8.79673 41.9092 0
      vertex -8.84851 41.0403 0
      vertex -8.86892 41.0841 0
    endloop
  endfacet
  facet normal 0 0 -1
    outer loop
      vertex -18.5761 37.6687 0
      vertex -12.2421 29.555 0
      vertex -16.4773 28.5396 0
    endloop
  endfacet
  facet normal 0 0 -1
    outer loop
      vertex -22.3476 35.5351 0
      vertex -16.4773 28.5396 0
      vertex -18.3198 27.4352 0
    endloop
  endfacet
  facet normal 0 0 -1
    outer loop
      vertex -23.334 34.9217 0
      vertex -18.3198 27.4352 0
      vertex -18.3283 27.4302 0
    endloop
  endfacet
  facet normal 0 0 -1
    outer loop
      vertex -23.334 34.9217 0
      vertex -18.3283 27.4302 0
      vertex -18.3361 27.4243 0
    endloop
  endfacet
  facet normal 0 0 -1
    outer loop
      vertex -12.2421 29.555 0
      vertex -18.5761 37.6687 0
      vertex -16.0727 38.8029 0
    endloop
  endfacet
  facet normal 0 0 -1
    outer loop
      vertex -16.4773 28.5396 0
      vertex -19.6004 37.1211 0
      vertex -18.5761 37.6687 0
    endloop
  endfacet
  facet normal 0 0 -1
    outer loop
      vertex -16.4773 28.5396 0
      vertex -22.3476 35.5351 0
      vertex -19.6004 37.1211 0
    endloop
  endfacet
  facet normal 0 -0 -1
    outer loop
      vertex -21 37.9731 0
      vertex -19.6004 37.1211 0
      vertex -22.3476 35.5351 0
    endloop
  endfacet
  facet normal 0 0 -1
    outer loop
      vertex -25.568 33.3208 0
      vertex -18.3361 27.4243 0
      vertex -20.9286 25.5016 0
    endloop
  endfacet
  facet normal 0 0 -1
    outer loop
      vertex -19.6004 37.1211 0
      vertex -20.2 37.7587 0
      vertex -19.6144 37.1731 0
    endloop
  endfacet
  facet normal 0 0 -1
    outer loop
      vertex -19.6004 37.1211 0
      vertex -21 37.9731 0
      vertex -20.2 37.7587 0
    endloop
  endfacet
  facet normal 0 0 -1
    outer loop
      vertex -21 37.9731 0
      vertex -22.3476 35.5351 0
      vertex -21.8 37.7587 0
    endloop
  endfacet
  facet normal 0 0 -1
    outer loop
      vertex -27.6925 31.5773 0
      vertex -20.9286 25.5016 0
      vertex -23.3202 23.334 0
    endloop
  endfacet
  facet normal 0 0 -1
    outer loop
      vertex -29.6985 29.6985 0
      vertex -23.3202 23.334 0
      vertex -23.3275 23.3275 0
    endloop
  endfacet
  facet normal 0 0 -1
    outer loop
      vertex -18.3198 27.4352 0
      vertex -23.334 34.9217 0
      vertex -22.3476 35.5351 0
    endloop
  endfacet
  facet normal 0 0 -1
    outer loop
      vertex -29.6985 29.6985 0
      vertex -23.3275 23.3275 0
      vertex -23.334 23.3202 0
    endloop
  endfacet
  facet normal 0 0 -1
    outer loop
      vertex -31.1177 28.1832 0
      vertex -23.334 23.3202 0
      vertex -25.5016 20.9286 0
    endloop
  endfacet
  facet normal 0 0 -1
    outer loop
      vertex -18.3361 27.4243 0
      vertex -25.568 33.3208 0
      vertex -23.334 34.9217 0
    endloop
  endfacet
  facet normal 0 0 -1
    outer loop
      vertex -33.1673 25.7551 0
      vertex -25.5016 20.9286 0
      vertex -27.4243 18.3361 0
    endloop
  endfacet
  facet normal 0 0 -1
    outer loop
      vertex -33.1673 25.7551 0
      vertex -27.4243 18.3361 0
      vertex -27.4302 18.3283 0
    endloop
  endfacet
  facet normal 0 0 -1
    outer loop
      vertex -33.1673 25.7551 0
      vertex -27.4302 18.3283 0
      vertex -27.4352 18.3198 0
    endloop
  endfacet
  facet normal 0 0 -1
    outer loop
      vertex -20.9286 25.5016 0
      vertex -27.6925 31.5773 0
      vertex -25.568 33.3208 0
    endloop
  endfacet
  facet normal 0 0 -1
    outer loop
      vertex -33.1673 25.7551 0
      vertex -27.4352 18.3198 0
      vertex -27.9482 17.464 0
    endloop
  endfacet
  facet normal 0 0 -1
    outer loop
      vertex -28.219 15.0668 0
      vertex -27.9482 17.464 0
      vertex -28.2127 15.08 0
    endloop
  endfacet
  facet normal 0 0 -1
    outer loop
      vertex -29.555 12.2421 0
      vertex -27.9482 17.464 0
      vertex -28.219 15.0668 0
    endloop
  endfacet
  facet normal 0 0 -1
    outer loop
      vertex -33.1673 25.7551 0
      vertex -27.9482 17.464 0
      vertex -29.555 12.2421 0
    endloop
  endfacet
  facet normal 0 0 -1
    outer loop
      vertex -23.3202 23.334 0
      vertex -29.6985 29.6985 0
      vertex -27.6925 31.5773 0
    endloop
  endfacet
  facet normal 0 0 -1
    outer loop
      vertex -33.1673 25.7551 0
      vertex -29.555 12.2421 0
      vertex -30.6076 9.30001 0
    endloop
  endfacet
  facet normal 0 0 -1
    outer loop
      vertex -33.1673 25.7551 0
      vertex -30.6076 9.30001 0
      vertex -30.6126 9.28622 0
    endloop
  endfacet
  facet normal 0 0 -1
    outer loop
      vertex -33.1673 25.7551 0
      vertex -30.6126 9.28622 0
      vertex -30.6161 9.27201 0
    endloop
  endfacet
  facet normal 0 0 -1
    outer loop
      vertex -23.334 23.3202 0
      vertex -31.1177 28.1832 0
      vertex -29.6985 29.6985 0
    endloop
  endfacet
  facet normal 0 0 -1
    outer loop
      vertex -25.5016 20.9286 0
      vertex -33.1673 25.7551 0
      vertex -31.1177 28.1832 0
    endloop
  endfacet
  facet normal 0 0 -1
    outer loop
      vertex -33.1673 25.7551 0
      vertex -30.6161 9.27201 0
      vertex -31.3754 6.24095 0
    endloop
  endfacet
  facet normal 0 0 -1
    outer loop
      vertex -33.1673 25.7551 0
      vertex -31.3754 6.24095 0
      vertex -31.8339 3.15006 0
    endloop
  endfacet
  facet normal 0 0 -1
    outer loop
      vertex -33.1673 25.7551 0
      vertex -31.8339 3.15006 0
      vertex -31.836 3.13557 0
    endloop
  endfacet
  facet normal 0 0 -1
    outer loop
      vertex -33.1673 25.7551 0
      vertex -31.836 3.13557 0
      vertex -31.8367 3.12094 0
    endloop
  endfacet
  facet normal 0 -0 -1
    outer loop
      vertex -31.896 28.5728 0
      vertex -31.1177 28.1832 0
      vertex -32.7211 28.5006 0
    endloop
  endfacet
  facet normal 0 0 -1
    outer loop
      vertex -33.1673 25.7551 0
      vertex -31.8367 3.12094 0
      vertex -31.9901 0 0
    endloop
  endfacet
  facet normal -0 0 -1
    outer loop
      vertex -29.555 -12.2421 0
      vertex -39.9662 -12.8571 0
      vertex -30.6076 -9.30001 0
    endloop
  endfacet
  facet normal -0 0 -1
    outer loop
      vertex -30.6076 -9.30001 0
      vertex -39.9662 -12.8571 0
      vertex -30.6126 -9.28622 0
    endloop
  endfacet
  facet normal 0 0 -1
    outer loop
      vertex -31.1177 28.1832 0
      vertex -31.896 28.5728 0
      vertex -31.1454 28.2228 0
    endloop
  endfacet
  facet normal 0 0 -1
    outer loop
      vertex -33.3995 -28.0255 0
      vertex -33.1673 -25.7551 0
      vertex -32.7211 -28.5006 0
    endloop
  endfacet
  facet normal 0 0 -1
    outer loop
      vertex -33.6774 -26.4498 0
      vertex -33.1673 -25.7551 0
      vertex -33.3995 -28.0255 0
    endloop
  endfacet
  facet normal 0 0 -1
    outer loop
      vertex -33.1673 -25.7551 0
      vertex -33.6774 -26.4498 0
      vertex -33.2023 -25.7714 0
    endloop
  endfacet
  facet normal 0 -0 -1
    outer loop
      vertex -33.6774 -26.4498 0
      vertex -33.3995 -28.0255 0
      vertex -33.7496 -27.2749 0
    endloop
  endfacet
  facet normal 0 0 -1
    outer loop
      vertex -22.6 36.3731 0
      vertex -22.3476 35.5351 0
      vertex -22.3856 35.5731 0
    endloop
  endfacet
  facet normal 0 0 -1
    outer loop
      vertex -22.3476 35.5351 0
      vertex -22.3856 37.1731 0
      vertex -21.8 37.7587 0
    endloop
  endfacet
  facet normal 0 0 -1
    outer loop
      vertex -22.3476 35.5351 0
      vertex -22.6 36.3731 0
      vertex -22.3856 37.1731 0
    endloop
  endfacet
  facet normal 0 0 -1
    outer loop
      vertex 33.3995 -28.0255 0
      vertex 33.6774 -26.4498 0
      vertex 33.7496 -27.2749 0
    endloop
  endfacet
  facet normal 0 0 -1
    outer loop
      vertex 33.1673 -25.7551 0
      vertex 33.6774 -26.4498 0
      vertex 33.3995 -28.0255 0
    endloop
  endfacet
  facet normal 0 0 -1
    outer loop
      vertex 33.6774 -26.4498 0
      vertex 33.1673 -25.7551 0
      vertex 33.2023 -25.7714 0
    endloop
  endfacet
  facet normal 0 0 -1
    outer loop
      vertex 31.5662 9.58573 0
      vertex 39.9662 12.8571 0
      vertex 31.5695 9.57649 0
    endloop
  endfacet
  facet normal 0 0 -1
    outer loop
      vertex 32.7211 -28.5006 0
      vertex 33.1673 -25.7551 0
      vertex 33.3995 -28.0255 0
    endloop
  endfacet
  facet normal 0 0 -1
    outer loop
      vertex 31.1177 -28.1832 0
      vertex 33.1673 -25.7551 0
      vertex 32.7211 -28.5006 0
    endloop
  endfacet
  facet normal 0 0 -1
    outer loop
      vertex 33.3208 -25.568 0
      vertex 31.3754 -6.24095 0
      vertex 32.99 0 0
    endloop
  endfacet
  facet normal 0 -0 -1
    outer loop
      vertex 31.8339 -3.15006 0
      vertex 32.99 0 0
      vertex 31.3754 -6.24095 0
    endloop
  endfacet
  facet normal -0 0 -1
    outer loop
      vertex 32.99 0 0
      vertex 31.8367 -3.12094 0
      vertex 32.7 0 0
    endloop
  endfacet
  facet normal 0 0 -1
    outer loop
      vertex 31.1177 -28.1832 0
      vertex 32.7211 -28.5006 0
      vertex 31.896 -28.5728 0
    endloop
  endfacet
  facet normal 0 0 -1
    outer loop
      vertex 31.8367 3.12094 0
      vertex 32.7 0 0
      vertex 31.9901 0 0
    endloop
  endfacet
  facet normal 0 -0 -1
    outer loop
      vertex 31.9901 0 0
      vertex 32.7 0 0
      vertex 31.8367 -3.12094 0
    endloop
  endfacet
  facet normal 0 -0 -1
    outer loop
      vertex 31.8367 -3.12094 0
      vertex 32.99 0 0
      vertex 31.836 -3.13557 0
    endloop
  endfacet
  facet normal 0 -0 -1
    outer loop
      vertex 31.836 -3.13557 0
      vertex 32.99 0 0
      vertex 31.8339 -3.15006 0
    endloop
  endfacet
  facet normal 0 0 -1
    outer loop
      vertex 31.1177 -28.1832 0
      vertex 31.896 -28.5728 0
      vertex 31.1454 -28.2228 0
    endloop
  endfacet
  facet normal 0 0 -1
    outer loop
      vertex 24.7188 -20.3051 0
      vertex 33.1673 -25.7551 0
      vertex 31.1177 -28.1832 0
    endloop
  endfacet
  facet normal 0 0 -1
    outer loop
      vertex 33.3208 -25.568 0
      vertex 30.6161 -9.27201 0
      vertex 31.3754 -6.24095 0
    endloop
  endfacet
  facet normal 0 0 -1
    outer loop
      vertex 33.3208 -25.568 0
      vertex 30.6126 -9.28622 0
      vertex 30.6161 -9.27201 0
    endloop
  endfacet
  facet normal 0 0 -1
    outer loop
      vertex 33.3208 -25.568 0
      vertex 30.6076 -9.30001 0
      vertex 30.6126 -9.28622 0
    endloop
  endfacet
  facet normal 0 0 -1
    outer loop
      vertex 22.6204 -22.6204 0
      vertex 31.1177 -28.1832 0
      vertex 29.6985 -29.6985 0
    endloop
  endfacet
  facet normal 0 0 -1
    outer loop
      vertex 33.3208 -25.568 0
      vertex 29.555 -12.2421 0
      vertex 30.6076 -9.30001 0
    endloop
  endfacet
  facet normal 0 0 -1
    outer loop
      vertex 33.3208 -25.568 0
      vertex 28.219 -15.0668 0
      vertex 29.555 -12.2421 0
    endloop
  endfacet
  facet normal 0 0 -1
    outer loop
      vertex 33.3208 -25.568 0
      vertex 28.2127 -15.08 0
      vertex 28.219 -15.0668 0
    endloop
  endfacet
  facet normal 0 0 -1
    outer loop
      vertex 22.6204 -22.6204 0
      vertex 29.6985 -29.6985 0
      vertex 27.6925 -31.5773 0
    endloop
  endfacet
  facet normal 0 0 -1
    outer loop
      vertex 33.3208 -25.568 0
      vertex 26.6063 -17.7602 0
      vertex 28.2127 -15.08 0
    endloop
  endfacet
  facet normal 0 0 -1
    outer loop
      vertex 33.3208 -25.568 0
      vertex 26.5988 -17.7727 0
      vertex 26.6063 -17.7602 0
    endloop
  endfacet
  facet normal 0 0 -1
    outer loop
      vertex 33.3208 -25.568 0
      vertex 26.59 -17.7845 0
      vertex 26.5988 -17.7727 0
    endloop
  endfacet
  facet normal 0 0 -1
    outer loop
      vertex 20.2943 -24.7286 0
      vertex 27.6925 -31.5773 0
      vertex 25.568 -33.3208 0
    endloop
  endfacet
  facet normal 0 0 -1
    outer loop
      vertex 33.3208 -25.568 0
      vertex 24.7286 -20.2943 0
      vertex 26.59 -17.7845 0
    endloop
  endfacet
  facet normal 0 0 -1
    outer loop
      vertex 33.1673 -25.7551 0
      vertex 24.7188 -20.3051 0
      vertex 24.7286 -20.2943 0
    endloop
  endfacet
  facet normal 0 0 -1
    outer loop
      vertex 17.7845 -26.59 0
      vertex 25.568 -33.3208 0
      vertex 23.334 -34.9217 0
    endloop
  endfacet
  facet normal 0 0 -1
    outer loop
      vertex 31.1177 -28.1832 0
      vertex 22.6204 -22.6204 0
      vertex 24.7188 -20.3051 0
    endloop
  endfacet
  facet normal 0 0 -1
    outer loop
      vertex 17.7602 -26.6063 0
      vertex 23.334 -34.9217 0
      vertex 22.3476 -35.5351 0
    endloop
  endfacet
  facet normal 0 0 -1
    outer loop
      vertex 19.6004 -37.1211 0
      vertex 22.3476 -35.5351 0
      vertex 21.8 -37.7587 0
    endloop
  endfacet
  facet normal 0 0 -1
    outer loop
      vertex 19.6004 -37.1211 0
      vertex 21.8 -37.7587 0
      vertex 21 -37.9731 0
    endloop
  endfacet
  facet normal 0 0 -1
    outer loop
      vertex 27.6925 -31.5773 0
      vertex 20.3051 -24.7188 0
      vertex 22.6204 -22.6204 0
    endloop
  endfacet
  facet normal 0 0 -1
    outer loop
      vertex 27.6925 -31.5773 0
      vertex 20.2943 -24.7286 0
      vertex 20.3051 -24.7188 0
    endloop
  endfacet
  facet normal 0 0 -1
    outer loop
      vertex 19.6004 -37.1211 0
      vertex 21 -37.9731 0
      vertex 20.2 -37.7587 0
    endloop
  endfacet
  facet normal 0 0 -1
    outer loop
      vertex 19.6004 -37.1211 0
      vertex 20.2 -37.7587 0
      vertex 19.6144 -37.1731 0
    endloop
  endfacet
  facet normal 0 0 -1
    outer loop
      vertex 15.08 -28.2127 0
      vertex 22.3476 -35.5351 0
      vertex 19.6004 -37.1211 0
    endloop
  endfacet
  facet normal 0 0 -1
    outer loop
      vertex 15.0668 -28.219 0
      vertex 19.6004 -37.1211 0
      vertex 18.5761 -37.6687 0
    endloop
  endfacet
  facet normal 0 0 -1
    outer loop
      vertex 25.568 -33.3208 0
      vertex 17.7845 -26.59 0
      vertex 20.2943 -24.7286 0
    endloop
  endfacet
  facet normal 0 0 -1
    outer loop
      vertex 23.334 -34.9217 0
      vertex 17.7727 -26.5988 0
      vertex 17.7845 -26.59 0
    endloop
  endfacet
  facet normal 0 0 -1
    outer loop
      vertex 23.334 -34.9217 0
      vertex 17.7602 -26.6063 0
      vertex 17.7727 -26.5988 0
    endloop
  endfacet
  facet normal 0 0 -1
    outer loop
      vertex 12.2421 -29.555 0
      vertex 18.5761 -37.6687 0
      vertex 16.0727 -38.8029 0
    endloop
  endfacet
  facet normal 0 0 -1
    outer loop
      vertex 22.3476 -35.5351 0
      vertex 15.08 -28.2127 0
      vertex 17.7602 -26.6063 0
    endloop
  endfacet
  facet normal 0 0 -1
    outer loop
      vertex 19.6004 -37.1211 0
      vertex 15.0668 -28.219 0
      vertex 15.08 -28.2127 0
    endloop
  endfacet
  facet normal 0 0 -1
    outer loop
      vertex 12.2421 -29.555 0
      vertex 16.0727 -38.8029 0
      vertex 13.5005 -39.7711 0
    endloop
  endfacet
  facet normal 0 0 -1
    outer loop
      vertex 18.5761 -37.6687 0
      vertex 12.2421 -29.555 0
      vertex 15.0668 -28.219 0
    endloop
  endfacet
  facet normal 0 0 -1
    outer loop
      vertex 9.28622 -30.6126 0
      vertex 13.5005 -39.7711 0
      vertex 10.8704 -40.5689 0
    endloop
  endfacet
  facet normal 0 0 -1
    outer loop
      vertex 13.5005 -39.7711 0
      vertex 9.30001 -30.6076 0
      vertex 12.2421 -29.555 0
    endloop
  endfacet
  facet normal 0 0 -1
    outer loop
      vertex 13.5005 -39.7711 0
      vertex 9.28622 -30.6126 0
      vertex 9.30001 -30.6076 0
    endloop
  endfacet
  facet normal 0 0 -1
    outer loop
      vertex 10.8704 -40.5689 0
      vertex 9.27201 -30.6161 0
      vertex 9.28622 -30.6126 0
    endloop
  endfacet
  facet normal 0 0 -1
    outer loop
      vertex 6.24095 -31.3754 0
      vertex 10.8704 -40.5689 0
      vertex 8.84851 -41.0403 0
    endloop
  endfacet
  facet normal 0 0 -1
    outer loop
      vertex 8.32168 -42.5876 0
      vertex 8.84851 -41.0403 0
      vertex 8.79673 -41.9092 0
    endloop
  endfacet
  facet normal 0 0 -1
    outer loop
      vertex 8.84851 -41.0403 0
      vertex 8.32168 -42.5876 0
      vertex 5.7209 -41.6013 0
    endloop
  endfacet
  facet normal 0 0 -1
    outer loop
      vertex 5.7209 -41.6013 0
      vertex 8.32168 -42.5876 0
      vertex 7.57106 -42.9376 0
    endloop
  endfacet
  facet normal 0 0 -1
    outer loop
      vertex 5.7209 -41.6013 0
      vertex 7.57106 -42.9376 0
      vertex 6.74599 -42.8654 0
    endloop
  endfacet
  facet normal -0 0 -1
    outer loop
      vertex 8.84851 -41.0403 0
      vertex 5.7209 -41.6013 0
      vertex 6.24095 -31.3754 0
    endloop
  endfacet
  facet normal 0 0 -1
    outer loop
      vertex 5.7209 -41.6013 0
      vertex 6.74599 -42.8654 0
      vertex 6.06755 -42.3904 0
    endloop
  endfacet
  facet normal 0 0 -1
    outer loop
      vertex 10.8704 -40.5689 0
      vertex 6.24095 -31.3754 0
      vertex 9.27201 -30.6161 0
    endloop
  endfacet
  facet normal 0 0 -1
    outer loop
      vertex 3.15006 -31.8339 0
      vertex 5.7209 -41.6013 0
      vertex 5.4821 -41.6407 0
    endloop
  endfacet
  facet normal 0 0 -1
    outer loop
      vertex 5.7209 -41.6013 0
      vertex 3.15006 -31.8339 0
      vertex 6.24095 -31.3754 0
    endloop
  endfacet
  facet normal 0 0 -1
    outer loop
      vertex 5.4821 -41.6407 0
      vertex 3.13557 -31.836 0
      vertex 3.15006 -31.8339 0
    endloop
  endfacet
  facet normal 0 0 -1
    outer loop
      vertex 2.74693 -41.9101 0
      vertex 3.13557 -31.836 0
      vertex 5.4821 -41.6407 0
    endloop
  endfacet
  facet normal 0 0 -1
    outer loop
      vertex 3.13557 -31.836 0
      vertex 2.74693 -41.9101 0
      vertex 3.12094 -31.8367 0
    endloop
  endfacet
  facet normal 0 0 -1
    outer loop
      vertex -1.15006 -32.9335 0
      vertex 2.74693 -41.9101 0
      vertex 0 -42 0
    endloop
  endfacet
  facet normal 0 0 -1
    outer loop
      vertex 2.74693 -41.9101 0
      vertex -1.15006 -32.9335 0
      vertex 3.12094 -31.8367 0
    endloop
  endfacet
  facet normal 0 0 -1
    outer loop
      vertex 3.12094 -31.8367 0
      vertex -1.15006 -32.9335 0
      vertex 0 -31.9901 0
    endloop
  endfacet
  facet normal 0 0 -1
    outer loop
      vertex 0 -31.9901 0
      vertex -1.15006 -32.9335 0
      vertex -1.14121 -32.6801 0
    endloop
  endfacet
  facet normal 0 0 -1
    outer loop
      vertex -2.74693 -41.9101 0
      vertex -1.15006 -32.9335 0
      vertex 0 -42 0
    endloop
  endfacet
  facet normal 0 0 -1
    outer loop
      vertex -2.74693 -41.9101 0
      vertex -3.22378 -32.8316 0
      vertex -1.15006 -32.9335 0
    endloop
  endfacet
  facet normal 0 0 -1
    outer loop
      vertex -2.74693 -41.9101 0
      vertex -3.23358 -32.8311 0
      vertex -3.22378 -32.8316 0
    endloop
  endfacet
  facet normal 0 0 -1
    outer loop
      vertex -5.4821 -41.6407 0
      vertex -3.23358 -32.8311 0
      vertex -2.74693 -41.9101 0
    endloop
  endfacet
  facet normal -0 0 -1
    outer loop
      vertex -3.23358 -32.8311 0
      vertex -5.4821 -41.6407 0
      vertex -3.24329 -32.8297 0
    endloop
  endfacet
  facet normal 0 0 -1
    outer loop
      vertex -5.7209 -41.6013 0
      vertex -3.24329 -32.8297 0
      vertex -5.4821 -41.6407 0
    endloop
  endfacet
  facet normal 0 0 -1
    outer loop
      vertex -8.84851 -41.0403 0
      vertex -5.7209 -41.6013 0
      vertex -6.06755 -42.3904 0
    endloop
  endfacet
  facet normal 0 -0 -1
    outer loop
      vertex -6.43603 -32.3561 0
      vertex -5.7209 -41.6013 0
      vertex -8.84851 -41.0403 0
    endloop
  endfacet
  facet normal 0 0 -1
    outer loop
      vertex -8.84851 -41.0403 0
      vertex -6.06755 -42.3904 0
      vertex -6.74599 -42.8654 0
    endloop
  endfacet
  facet normal 0 0 -1
    outer loop
      vertex -8.84851 -41.0403 0
      vertex -6.74599 -42.8654 0
      vertex -7.57106 -42.9376 0
    endloop
  endfacet
  facet normal 0 0 -1
    outer loop
      vertex -8.84851 -41.0403 0
      vertex -7.57106 -42.9376 0
      vertex -8.32168 -42.5876 0
    endloop
  endfacet
  facet normal 0 0 -1
    outer loop
      vertex -8.84851 -41.0403 0
      vertex -8.32168 -42.5876 0
      vertex -8.79673 -41.9092 0
    endloop
  endfacet
  facet normal 0 0 -1
    outer loop
      vertex -5.7209 -41.6013 0
      vertex -6.43603 -32.3561 0
      vertex -3.24329 -32.8297 0
    endloop
  endfacet
  facet normal 0 0 -1
    outer loop
      vertex -10.8704 -40.5689 0
      vertex -6.43603 -32.3561 0
      vertex -8.84851 -41.0403 0
    endloop
  endfacet
  facet normal -0 0 -1
    outer loop
      vertex -6.43603 -32.3561 0
      vertex -10.8704 -40.5689 0
      vertex -9.56697 -31.5718 0
    endloop
  endfacet
  facet normal -0 0 -1
    outer loop
      vertex -9.56697 -31.5718 0
      vertex -10.8704 -40.5689 0
      vertex -9.57649 -31.5695 0
    endloop
  endfacet
  facet normal 0 0 -1
    outer loop
      vertex -13.5005 -39.7711 0
      vertex -9.57649 -31.5695 0
      vertex -10.8704 -40.5689 0
    endloop
  endfacet
  facet normal -0 0 -1
    outer loop
      vertex -9.57649 -31.5695 0
      vertex -13.5005 -39.7711 0
      vertex -9.58573 -31.5662 0
    endloop
  endfacet
  facet normal -0 0 -1
    outer loop
      vertex -9.58573 -31.5662 0
      vertex -13.5005 -39.7711 0
      vertex -12.6247 -30.4788 0
    endloop
  endfacet
  facet normal 0 0 -1
    outer loop
      vertex -16.0727 -38.8029 0
      vertex -12.6247 -30.4788 0
      vertex -13.5005 -39.7711 0
    endloop
  endfacet
  facet normal 0 0 -1
    outer loop
      vertex -18.5761 -37.6687 0
      vertex -12.6247 -30.4788 0
      vertex -16.0727 -38.8029 0
    endloop
  endfacet
  facet normal -0 0 -1
    outer loop
      vertex -12.6247 -30.4788 0
      vertex -18.5761 -37.6687 0
      vertex -15.5425 -29.0988 0
    endloop
  endfacet
  facet normal 0 0 -1
    outer loop
      vertex -19.6004 -37.1211 0
      vertex -15.5425 -29.0988 0
      vertex -18.5761 -37.6687 0
    endloop
  endfacet
  facet normal -0 0 -1
    outer loop
      vertex -15.5425 -29.0988 0
      vertex -19.6004 -37.1211 0
      vertex -15.5514 -29.0946 0
    endloop
  endfacet
  facet normal -0 0 -1
    outer loop
      vertex -15.5514 -29.0946 0
      vertex -19.6004 -37.1211 0
      vertex -16.4773 -28.5396 0
    endloop
  endfacet
  facet normal 0 0 -1
    outer loop
      vertex -22.3476 -35.5351 0
      vertex -16.4773 -28.5396 0
      vertex -19.6004 -37.1211 0
    endloop
  endfacet
  facet normal 0 0 -1
    outer loop
      vertex -23.334 -34.9217 0
      vertex -16.4773 -28.5396 0
      vertex -22.3476 -35.5351 0
    endloop
  endfacet
  facet normal 0 -0 -1
    outer loop
      vertex -17.7845 -26.59 0
      vertex -16.4773 -28.5396 0
      vertex -23.334 -34.9217 0
    endloop
  endfacet
  facet normal 0 0 -1
    outer loop
      vertex -20.2 -37.7587 0
      vertex -19.6004 -37.1211 0
      vertex -19.6144 -37.1731 0
    endloop
  endfacet
  facet normal 0 0 -1
    outer loop
      vertex -21 -37.9731 0
      vertex -19.6004 -37.1211 0
      vertex -20.2 -37.7587 0
    endloop
  endfacet
  facet normal 0 0 -1
    outer loop
      vertex -16.4773 -28.5396 0
      vertex -17.7727 -26.5988 0
      vertex -17.7602 -26.6063 0
    endloop
  endfacet
  facet normal 0 0 -1
    outer loop
      vertex -16.4773 -28.5396 0
      vertex -17.7845 -26.59 0
      vertex -17.7727 -26.5988 0
    endloop
  endfacet
  facet normal -0 0 -1
    outer loop
      vertex -19.6004 -37.1211 0
      vertex -21 -37.9731 0
      vertex -22.3476 -35.5351 0
    endloop
  endfacet
  facet normal 0 0 -1
    outer loop
      vertex -22.3476 -35.5351 0
      vertex -21 -37.9731 0
      vertex -21.8 -37.7587 0
    endloop
  endfacet
  facet normal 0 0 -1
    outer loop
      vertex -25.568 -33.3208 0
      vertex -17.7845 -26.59 0
      vertex -23.334 -34.9217 0
    endloop
  endfacet
  facet normal -0 0 -1
    outer loop
      vertex -17.7845 -26.59 0
      vertex -25.568 -33.3208 0
      vertex -20.2943 -24.7286 0
    endloop
  endfacet
  facet normal 0 0 -1
    outer loop
      vertex -27.6925 -31.5773 0
      vertex -20.2943 -24.7286 0
      vertex -25.568 -33.3208 0
    endloop
  endfacet
  facet normal -0 0 -1
    outer loop
      vertex -20.2943 -24.7286 0
      vertex -27.6925 -31.5773 0
      vertex -20.3051 -24.7188 0
    endloop
  endfacet
  facet normal -0 0 -1
    outer loop
      vertex -20.3051 -24.7188 0
      vertex -27.6925 -31.5773 0
      vertex -22.6204 -22.6204 0
    endloop
  endfacet
  facet normal 0 0 -1
    outer loop
      vertex -29.6985 -29.6985 0
      vertex -22.6204 -22.6204 0
      vertex -27.6925 -31.5773 0
    endloop
  endfacet
  facet normal 0 0 -1
    outer loop
      vertex -31.1177 -28.1832 0
      vertex -22.6204 -22.6204 0
      vertex -29.6985 -29.6985 0
    endloop
  endfacet
  facet normal -0 0 -1
    outer loop
      vertex -22.6204 -22.6204 0
      vertex -31.1177 -28.1832 0
      vertex -24.7188 -20.3051 0
    endloop
  endfacet
  facet normal 0 0 -1
    outer loop
      vertex -33.1673 -25.7551 0
      vertex -24.7188 -20.3051 0
      vertex -31.1177 -28.1832 0
    endloop
  endfacet
  facet normal -0 0 -1
    outer loop
      vertex -24.7188 -20.3051 0
      vertex -33.1673 -25.7551 0
      vertex -24.7286 -20.2943 0
    endloop
  endfacet
  facet normal 0 0 -1
    outer loop
      vertex -33.3208 -25.568 0
      vertex -24.7286 -20.2943 0
      vertex -33.1673 -25.7551 0
    endloop
  endfacet
  facet normal -0 0 -1
    outer loop
      vertex -24.7286 -20.2943 0
      vertex -33.3208 -25.568 0
      vertex -26.59 -17.7845 0
    endloop
  endfacet
  facet normal 0 0 -1
    outer loop
      vertex -33.1673 -25.7551 0
      vertex -31.1177 -28.1832 0
      vertex -32.7211 -28.5006 0
    endloop
  endfacet
  facet normal 0 0 -1
    outer loop
      vertex -34.9217 -23.334 0
      vertex -26.59 -17.7845 0
      vertex -33.3208 -25.568 0
    endloop
  endfacet
  facet normal -0 0 -1
    outer loop
      vertex -26.59 -17.7845 0
      vertex -34.9217 -23.334 0
      vertex -26.5988 -17.7727 0
    endloop
  endfacet
  facet normal -0 0 -1
    outer loop
      vertex -26.5988 -17.7727 0
      vertex -34.9217 -23.334 0
      vertex -26.6063 -17.7602 0
    endloop
  endfacet
  facet normal 0 0 -1
    outer loop
      vertex -36.3731 -21 0
      vertex -26.6063 -17.7602 0
      vertex -34.9217 -23.334 0
    endloop
  endfacet
  facet normal -0 0 -1
    outer loop
      vertex -26.6063 -17.7602 0
      vertex -36.3731 -21 0
      vertex -28.2127 -15.08 0
    endloop
  endfacet
  facet normal 0 0 -1
    outer loop
      vertex -31.896 -28.5728 0
      vertex -31.1177 -28.1832 0
      vertex -31.1454 -28.2228 0
    endloop
  endfacet
  facet normal 0 0 -1
    outer loop
      vertex -37.6687 -18.5761 0
      vertex -28.2127 -15.08 0
      vertex -36.3731 -21 0
    endloop
  endfacet
  facet normal -0 0 -1
    outer loop
      vertex -28.2127 -15.08 0
      vertex -37.6687 -18.5761 0
      vertex -28.219 -15.0668 0
    endloop
  endfacet
  facet normal -0 0 -1
    outer loop
      vertex -28.219 -15.0668 0
      vertex -37.6687 -18.5761 0
      vertex -29.555 -12.2421 0
    endloop
  endfacet
  facet normal 0 0 -1
    outer loop
      vertex -38.8029 -16.0727 0
      vertex -29.555 -12.2421 0
      vertex -37.6687 -18.5761 0
    endloop
  endfacet
  facet normal 0 0 -1
    outer loop
      vertex -31.1177 -28.1832 0
      vertex -31.896 -28.5728 0
      vertex -32.7211 -28.5006 0
    endloop
  endfacet
  facet normal 0 0 -1
    outer loop
      vertex -38.8882 -15.8462 0
      vertex -29.555 -12.2421 0
      vertex -38.8029 -16.0727 0
    endloop
  endfacet
  facet normal 0 0 -1
    outer loop
      vertex -39.9662 -12.8571 0
      vertex -29.555 -12.2421 0
      vertex -38.8882 -15.8462 0
    endloop
  endfacet
  facet normal 0 0 -1
    outer loop
      vertex 40.9706 -14.9121 0
      vertex 40.6928 -13.3364 0
      vertex 41.0428 -14.087 0
    endloop
  endfacet
  facet normal 0 0 -1
    outer loop
      vertex 39.9662 -12.8571 0
      vertex 40.9706 -14.9121 0
      vertex 40.4956 -15.5905 0
    endloop
  endfacet
  facet normal 0 0 -1
    outer loop
      vertex 40.9706 -14.9121 0
      vertex 39.9662 -12.8571 0
      vertex 40.6928 -13.3364 0
    endloop
  endfacet
  facet normal 0 0 -1
    outer loop
      vertex 40.6928 -13.3364 0
      vertex 39.9662 -12.8571 0
      vertex 40.0143 -12.8613 0
    endloop
  endfacet
  facet normal 0 0 -1
    outer loop
      vertex 38.8882 -15.8462 0
      vertex 39.9662 -12.8571 0
      vertex 39.7449 -15.9405 0
    endloop
  endfacet
  facet normal 0 0 -1
    outer loop
      vertex 39.7449 -15.9405 0
      vertex 39.9662 -12.8571 0
      vertex 40.4956 -15.5905 0
    endloop
  endfacet
  facet normal 0 0 -1
    outer loop
      vertex 43.3856 -0.799999 0
      vertex 43.3856 0.799999 0
      vertex 43.6 0 0
    endloop
  endfacet
  facet normal 0 0 -1
    outer loop
      vertex 41.9481 -1.58609 0
      vertex 43.3856 -0.799999 0
      vertex 42.8 -1.38564 0
    endloop
  endfacet
  facet normal -0 0 -1
    outer loop
      vertex 43.3856 -0.799999 0
      vertex 41.9481 -1.58609 0
      vertex 43.3856 0.799999 0
    endloop
  endfacet
  facet normal 0 0 -1
    outer loop
      vertex 41.9481 -1.58609 0
      vertex 42.8 -1.38564 0
      vertex 42 -1.6 0
    endloop
  endfacet
  facet normal 0 0 -1
    outer loop
      vertex 41.9481 1.58609 0
      vertex 43.3856 0.799999 0
      vertex 41.9481 -1.58609 0
    endloop
  endfacet
  facet normal 0 0 -1
    outer loop
      vertex 43.3856 0.799999 0
      vertex 41.9481 1.58609 0
      vertex 42.8 1.38564 0
    endloop
  endfacet
  facet normal 0 0 -1
    outer loop
      vertex 42.8 1.38564 0
      vertex 41.9481 1.58609 0
      vertex 42 1.6 0
    endloop
  endfacet
  facet normal 0 0 -1
    outer loop
      vertex 32.99 0 0
      vertex 41.9101 -2.74693 0
      vertex 41.6407 -5.4821 0
    endloop
  endfacet
  facet normal 0 0 -1
    outer loop
      vertex 41.9101 -2.74693 0
      vertex 32.99 0 0
      vertex 41.9481 -1.58609 0
    endloop
  endfacet
  facet normal 0 0 -1
    outer loop
      vertex 41.9481 -1.58609 0
      vertex 32.99 0 0
      vertex 41.9481 1.58609 0
    endloop
  endfacet
  facet normal 0 0 -1
    outer loop
      vertex 32.8316 3.22378 0
      vertex 41.9481 1.58609 0
      vertex 32.99 0 0
    endloop
  endfacet
  facet normal 0 0 -1
    outer loop
      vertex 32.99 0 0
      vertex 41.6407 -5.4821 0
      vertex 41.193 -8.19379 0
    endloop
  endfacet
  facet normal 0 0 -1
    outer loop
      vertex 41.9481 1.58609 0
      vertex 32.8316 3.22378 0
      vertex 41.9101 2.74693 0
    endloop
  endfacet
  facet normal 0 0 -1
    outer loop
      vertex 32.99 0 0
      vertex 41.193 -8.19379 0
      vertex 40.5689 -10.8704 0
    endloop
  endfacet
  facet normal 0 0 -1
    outer loop
      vertex 32.8311 3.23358 0
      vertex 41.9101 2.74693 0
      vertex 32.8316 3.22378 0
    endloop
  endfacet
  facet normal 0 0 -1
    outer loop
      vertex 32.99 0 0
      vertex 40.5689 -10.8704 0
      vertex 39.9662 -12.8571 0
    endloop
  endfacet
  facet normal 0 0 -1
    outer loop
      vertex 41.9101 2.74693 0
      vertex 32.8311 3.23358 0
      vertex 41.6407 5.4821 0
    endloop
  endfacet
  facet normal 0 0 -1
    outer loop
      vertex 40.6928 13.3364 0
      vertex 40.9706 14.9121 0
      vertex 41.0428 14.087 0
    endloop
  endfacet
  facet normal 0 0 -1
    outer loop
      vertex 39.9662 12.8571 0
      vertex 40.9706 14.9121 0
      vertex 40.6928 13.3364 0
    endloop
  endfacet
  facet normal 0 0 -1
    outer loop
      vertex 39.9662 12.8571 0
      vertex 40.6928 13.3364 0
      vertex 40.0143 12.8613 0
    endloop
  endfacet
  facet normal -0 0 -1
    outer loop
      vertex 40.9706 14.9121 0
      vertex 39.9662 12.8571 0
      vertex 40.4956 15.5905 0
    endloop
  endfacet
  facet normal 0 0 -1
    outer loop
      vertex 39.9662 12.8571 0
      vertex 39.7449 15.9405 0
      vertex 40.4956 15.5905 0
    endloop
  endfacet
  facet normal 0 0 -1
    outer loop
      vertex 32.99 0 0
      vertex 39.9662 -12.8571 0
      vertex 38.8882 -15.8462 0
    endloop
  endfacet
  facet normal 0 0 -1
    outer loop
      vertex 38.8882 -15.8462 0
      vertex 39.7449 -15.9405 0
      vertex 38.9199 -15.8684 0
    endloop
  endfacet
  facet normal 0 0 -1
    outer loop
      vertex 32.8297 3.24329 0
      vertex 41.6407 5.4821 0
      vertex 32.8311 3.23358 0
    endloop
  endfacet
  facet normal 0 0 -1
    outer loop
      vertex 39.9662 12.8571 0
      vertex 38.8882 15.8462 0
      vertex 39.7449 15.9405 0
    endloop
  endfacet
  facet normal 0 0 -1
    outer loop
      vertex 39.7449 15.9405 0
      vertex 38.8882 15.8462 0
      vertex 38.9199 15.8684 0
    endloop
  endfacet
  facet normal 0 0 -1
    outer loop
      vertex 32.99 0 0
      vertex 38.8029 -16.0727 0
      vertex 37.6687 -18.5761 0
    endloop
  endfacet
  facet normal 0 0 -1
    outer loop
      vertex 38.8029 -16.0727 0
      vertex 32.99 0 0
      vertex 38.8882 -15.8462 0
    endloop
  endfacet
  facet normal 0 0 -1
    outer loop
      vertex 32.3561 6.43603 0
      vertex 41.6407 5.4821 0
      vertex 32.8297 3.24329 0
    endloop
  endfacet
  facet normal 0 0 -1
    outer loop
      vertex 41.6407 5.4821 0
      vertex 32.3561 6.43603 0
      vertex 41.193 8.19379 0
    endloop
  endfacet
  facet normal 0 0 -1
    outer loop
      vertex 32.99 0 0
      vertex 37.6687 -18.5761 0
      vertex 36.3731 -21 0
    endloop
  endfacet
  facet normal -0 0 -1
    outer loop
      vertex 41.193 8.19379 0
      vertex 32.3561 6.43603 0
      vertex 40.5689 10.8704 0
    endloop
  endfacet
  facet normal 0 0 -1
    outer loop
      vertex 32.99 0 0
      vertex 36.3731 -21 0
      vertex 34.9217 -23.334 0
    endloop
  endfacet
  facet normal 0 0 -1
    outer loop
      vertex 31.5718 9.56697 0
      vertex 40.5689 10.8704 0
      vertex 32.3561 6.43603 0
    endloop
  endfacet
  facet normal 0 0 -1
    outer loop
      vertex 24.7286 -20.2943 0
      vertex 33.3208 -25.568 0
      vertex 33.1673 -25.7551 0
    endloop
  endfacet
  facet normal 0 0 -1
    outer loop
      vertex 33.3208 -25.568 0
      vertex 32.99 0 0
      vertex 34.9217 -23.334 0
    endloop
  endfacet
  facet normal -0 0 -1
    outer loop
      vertex 40.5689 10.8704 0
      vertex 31.5718 9.56697 0
      vertex 39.9662 12.8571 0
    endloop
  endfacet
  facet normal 0 0 -1
    outer loop
      vertex 31.5695 9.57649 0
      vertex 39.9662 12.8571 0
      vertex 31.5718 9.56697 0
    endloop
  endfacet
  facet normal 0 0 -1
    outer loop
      vertex 33.6774 26.4498 0
      vertex 33.3995 28.0255 0
      vertex 33.7496 27.2749 0
    endloop
  endfacet
  facet normal 0 0 -1
    outer loop
      vertex 33.1673 25.7551 0
      vertex 33.6774 26.4498 0
      vertex 33.2023 25.7714 0
    endloop
  endfacet
  facet normal -0 0 -1
    outer loop
      vertex 33.6774 26.4498 0
      vertex 33.1673 25.7551 0
      vertex 33.3995 28.0255 0
    endloop
  endfacet
  facet normal 0 0 -1
    outer loop
      vertex 30.4788 12.6247 0
      vertex 39.9662 12.8571 0
      vertex 31.5662 9.58573 0
    endloop
  endfacet
  facet normal -0 0 -1
    outer loop
      vertex 39.9662 12.8571 0
      vertex 30.4788 12.6247 0
      vertex 38.8882 15.8462 0
    endloop
  endfacet
  facet normal -0 0 -1
    outer loop
      vertex 38.8882 15.8462 0
      vertex 30.4788 12.6247 0
      vertex 38.8029 16.0727 0
    endloop
  endfacet
  facet normal 0 0 -1
    outer loop
      vertex 33.1673 25.7551 0
      vertex 32.7211 28.5006 0
      vertex 33.3995 28.0255 0
    endloop
  endfacet
  facet normal -0 0 -1
    outer loop
      vertex 38.8029 16.0727 0
      vertex 30.4788 12.6247 0
      vertex 37.6687 18.5761 0
    endloop
  endfacet
  facet normal 0 0 -1
    outer loop
      vertex 29.1254 15.4862 0
      vertex 37.6687 18.5761 0
      vertex 30.4788 12.6247 0
    endloop
  endfacet
  facet normal -0 0 -1
    outer loop
      vertex 37.6687 18.5761 0
      vertex 29.1254 15.4862 0
      vertex 36.3731 21 0
    endloop
  endfacet
  facet normal -0 0 -1
    outer loop
      vertex 36.3731 21 0
      vertex 29.1254 15.4862 0
      vertex 34.9217 23.334 0
    endloop
  endfacet
  facet normal 0 0 -1
    outer loop
      vertex 26.6063 17.7602 0
      vertex 34.9217 23.334 0
      vertex 29.1254 15.4862 0
    endloop
  endfacet
  facet normal 0 0 -1
    outer loop
      vertex 26.5988 17.7727 0
      vertex 34.9217 23.334 0
      vertex 26.6063 17.7602 0
    endloop
  endfacet
  facet normal 0 0 -1
    outer loop
      vertex 26.59 17.7845 0
      vertex 34.9217 23.334 0
      vertex 26.5988 17.7727 0
    endloop
  endfacet
  facet normal 0 0 -1
    outer loop
      vertex 33.1673 25.7551 0
      vertex 31.1177 28.1832 0
      vertex 32.7211 28.5006 0
    endloop
  endfacet
  facet normal 0 0 -1
    outer loop
      vertex 31.896 28.5728 0
      vertex 31.1177 28.1832 0
      vertex 31.1454 28.2228 0
    endloop
  endfacet
  facet normal -0 0 -1
    outer loop
      vertex 32.7211 28.5006 0
      vertex 31.1177 28.1832 0
      vertex 31.896 28.5728 0
    endloop
  endfacet
  facet normal 0 0 -1
    outer loop
      vertex 24.7286 20.2943 0
      vertex 33.3208 25.568 0
      vertex 26.59 17.7845 0
    endloop
  endfacet
  facet normal 0 0 -1
    outer loop
      vertex 26.6063 17.7602 0
      vertex 29.1254 15.4862 0
      vertex 28.8724 15.3517 0
    endloop
  endfacet
  facet normal 0 0 -1
    outer loop
      vertex 28.2127 15.08 0
      vertex 28.8724 15.3517 0
      vertex 28.219 15.0668 0
    endloop
  endfacet
  facet normal 0 0 -1
    outer loop
      vertex 26.6063 17.7602 0
      vertex 28.8724 15.3517 0
      vertex 28.2127 15.08 0
    endloop
  endfacet
  facet normal -0 0 -1
    outer loop
      vertex 34.9217 23.334 0
      vertex 26.59 17.7845 0
      vertex 33.3208 25.568 0
    endloop
  endfacet
  facet normal -0 0 -1
    outer loop
      vertex 33.3208 25.568 0
      vertex 24.7286 20.2943 0
      vertex 33.1673 25.7551 0
    endloop
  endfacet
  facet normal 0 0 -1
    outer loop
      vertex 24.7188 20.3051 0
      vertex 33.1673 25.7551 0
      vertex 24.7286 20.2943 0
    endloop
  endfacet
  facet normal -0 0 -1
    outer loop
      vertex 33.1673 25.7551 0
      vertex 24.7188 20.3051 0
      vertex 31.1177 28.1832 0
    endloop
  endfacet
  facet normal 0 0 -1
    outer loop
      vertex 22.6204 22.6204 0
      vertex 31.1177 28.1832 0
      vertex 24.7188 20.3051 0
    endloop
  endfacet
  facet normal -0 0 -1
    outer loop
      vertex 31.1177 28.1832 0
      vertex 22.6204 22.6204 0
      vertex 29.6985 29.6985 0
    endloop
  endfacet
  facet normal -0 0 -1
    outer loop
      vertex 29.6985 29.6985 0
      vertex 22.6204 22.6204 0
      vertex 27.6925 31.5773 0
    endloop
  endfacet
  facet normal 0 0 -1
    outer loop
      vertex 20.3051 24.7188 0
      vertex 27.6925 31.5773 0
      vertex 22.6204 22.6204 0
    endloop
  endfacet
  facet normal 0 0 -1
    outer loop
      vertex 20.2943 24.7286 0
      vertex 27.6925 31.5773 0
      vertex 20.3051 24.7188 0
    endloop
  endfacet
  facet normal -0 0 -1
    outer loop
      vertex 27.6925 31.5773 0
      vertex 20.2943 24.7286 0
      vertex 25.568 33.3208 0
    endloop
  endfacet
  facet normal 0 0 -1
    outer loop
      vertex 17.7845 26.59 0
      vertex 25.568 33.3208 0
      vertex 20.2943 24.7286 0
    endloop
  endfacet
  facet normal -0 0 -1
    outer loop
      vertex 25.568 33.3208 0
      vertex 17.7845 26.59 0
      vertex 23.334 34.9217 0
    endloop
  endfacet
  facet normal 0 0 -1
    outer loop
      vertex 17.7727 26.5988 0
      vertex 23.334 34.9217 0
      vertex 17.7845 26.59 0
    endloop
  endfacet
  facet normal 0 0 -1
    outer loop
      vertex 17.7602 26.6063 0
      vertex 23.334 34.9217 0
      vertex 17.7727 26.5988 0
    endloop
  endfacet
  facet normal -0 0 -1
    outer loop
      vertex 21.8 37.7587 0
      vertex 19.6004 37.1211 0
      vertex 21 37.9731 0
    endloop
  endfacet
  facet normal 0 0 -1
    outer loop
      vertex 21 37.9731 0
      vertex 19.6004 37.1211 0
      vertex 20.2 37.7587 0
    endloop
  endfacet
  facet normal 0 0 -1
    outer loop
      vertex 20.2 37.7587 0
      vertex 19.6004 37.1211 0
      vertex 19.6144 37.1731 0
    endloop
  endfacet
  facet normal 0 0 -1
    outer loop
      vertex 22.3476 35.5351 0
      vertex 19.6004 37.1211 0
      vertex 21.8 37.7587 0
    endloop
  endfacet
  facet normal -0 0 -1
    outer loop
      vertex 23.334 34.9217 0
      vertex 17.7602 26.6063 0
      vertex 22.3476 35.5351 0
    endloop
  endfacet
  facet normal 0 0 -1
    outer loop
      vertex 15.08 28.2127 0
      vertex 22.3476 35.5351 0
      vertex 17.7602 26.6063 0
    endloop
  endfacet
  facet normal -0 0 -1
    outer loop
      vertex 22.3476 35.5351 0
      vertex 15.08 28.2127 0
      vertex 19.6004 37.1211 0
    endloop
  endfacet
  facet normal 0 0 -1
    outer loop
      vertex 15.0668 28.219 0
      vertex 19.6004 37.1211 0
      vertex 15.08 28.2127 0
    endloop
  endfacet
  facet normal -0 0 -1
    outer loop
      vertex 19.6004 37.1211 0
      vertex 15.0668 28.219 0
      vertex 18.5761 37.6687 0
    endloop
  endfacet
  facet normal 0 0 -1
    outer loop
      vertex 12.2421 29.555 0
      vertex 18.5761 37.6687 0
      vertex 15.0668 28.219 0
    endloop
  endfacet
  facet normal -0 0 -1
    outer loop
      vertex 18.5761 37.6687 0
      vertex 12.2421 29.555 0
      vertex 16.0727 38.8029 0
    endloop
  endfacet
  facet normal -0 0 -1
    outer loop
      vertex 16.0727 38.8029 0
      vertex 12.2421 29.555 0
      vertex 13.5005 39.7711 0
    endloop
  endfacet
  facet normal 0 0 -1
    outer loop
      vertex 9.30001 30.6076 0
      vertex 13.5005 39.7711 0
      vertex 12.2421 29.555 0
    endloop
  endfacet
  facet normal 0 0 -1
    outer loop
      vertex 9.28622 30.6126 0
      vertex 13.5005 39.7711 0
      vertex 9.30001 30.6076 0
    endloop
  endfacet
  facet normal -0 0 -1
    outer loop
      vertex 13.5005 39.7711 0
      vertex 9.28622 30.6126 0
      vertex 10.8704 40.5689 0
    endloop
  endfacet
  facet normal 0 0 -1
    outer loop
      vertex 9.27201 30.6161 0
      vertex 10.8704 40.5689 0
      vertex 9.28622 30.6126 0
    endloop
  endfacet
  facet normal 0 0 -1
    outer loop
      vertex 6.24095 31.3754 0
      vertex 10.8704 40.5689 0
      vertex 9.27201 30.6161 0
    endloop
  endfacet
  facet normal -0 0 -1
    outer loop
      vertex 10.8704 40.5689 0
      vertex 6.24095 31.3754 0
      vertex 8.84851 41.0403 0
    endloop
  endfacet
  facet normal 0 0 -1
    outer loop
      vertex 5.7209 41.6013 0
      vertex 8.84851 41.0403 0
      vertex 6.24095 31.3754 0
    endloop
  endfacet
  facet normal 0 -0 -1
    outer loop
      vertex 8.32168 42.5876 0
      vertex 8.84851 41.0403 0
      vertex 5.7209 41.6013 0
    endloop
  endfacet
  facet normal -0 0 -1
    outer loop
      vertex 8.32168 42.5876 0
      vertex 5.7209 41.6013 0
      vertex 7.57106 42.9376 0
    endloop
  endfacet
  facet normal 0 0 -1
    outer loop
      vertex 8.84851 41.0403 0
      vertex 8.32168 42.5876 0
      vertex 8.79673 41.9092 0
    endloop
  endfacet
  facet normal 0 0 -1
    outer loop
      vertex 7.57106 42.9376 0
      vertex 5.7209 41.6013 0
      vertex 6.74599 42.8654 0
    endloop
  endfacet
  facet normal 0 0 -1
    outer loop
      vertex 6.74599 42.8654 0
      vertex 5.7209 41.6013 0
      vertex 6.06755 42.3904 0
    endloop
  endfacet
  facet normal 0 0 -1
    outer loop
      vertex 3.15006 31.8339 0
      vertex 5.7209 41.6013 0
      vertex 6.24095 31.3754 0
    endloop
  endfacet
  facet normal -0 0 -1
    outer loop
      vertex 5.7209 41.6013 0
      vertex 3.15006 31.8339 0
      vertex 5.4821 41.6407 0
    endloop
  endfacet
  facet normal 0 0 -1
    outer loop
      vertex 3.13557 31.836 0
      vertex 5.4821 41.6407 0
      vertex 3.15006 31.8339 0
    endloop
  endfacet
  facet normal 0 0 -1
    outer loop
      vertex 2.74693 41.9101 0
      vertex 3.13557 31.836 0
      vertex 3.12094 31.8367 0
    endloop
  endfacet
  facet normal 0 0 -1
    outer loop
      vertex 3.13557 31.836 0
      vertex 2.74693 41.9101 0
      vertex 5.4821 41.6407 0
    endloop
  endfacet
  facet normal 0 0 -1
    outer loop
      vertex 0 31.9901 0
      vertex 2.74693 41.9101 0
      vertex 3.12094 31.8367 0
    endloop
  endfacet
  facet normal 0 0 -1
    outer loop
      vertex 0 31.9901 0
      vertex 0 42 0
      vertex 2.74693 41.9101 0
    endloop
  endfacet
  facet normal 0 0 -1
    outer loop
      vertex 0 31.9901 0
      vertex -2.74693 41.9101 0
      vertex 0 42 0
    endloop
  endfacet
  facet normal 0 0 -1
    outer loop
      vertex -3.12094 31.8367 0
      vertex -2.74693 41.9101 0
      vertex 0 31.9901 0
    endloop
  endfacet
  facet normal 0 0 -1
    outer loop
      vertex -3.13557 31.836 0
      vertex -2.74693 41.9101 0
      vertex -3.12094 31.8367 0
    endloop
  endfacet
  facet normal 0 0 -1
    outer loop
      vertex -5.4821 41.6407 0
      vertex -3.13557 31.836 0
      vertex -3.15006 31.8339 0
    endloop
  endfacet
  facet normal 0 0 -1
    outer loop
      vertex -3.13557 31.836 0
      vertex -5.4821 41.6407 0
      vertex -2.74693 41.9101 0
    endloop
  endfacet
  facet normal 0 0 -1
    outer loop
      vertex -3.15006 31.8339 0
      vertex -5.7209 41.6013 0
      vertex -5.4821 41.6407 0
    endloop
  endfacet
  facet normal 0 0 -1
    outer loop
      vertex -6.24095 31.3754 0
      vertex -5.7209 41.6013 0
      vertex -3.15006 31.8339 0
    endloop
  endfacet
  facet normal 0 0 -1
    outer loop
      vertex -5.7209 41.6013 0
      vertex -6.24095 31.3754 0
      vertex -8.84851 41.0403 0
    endloop
  endfacet
  facet normal -0 0 -1
    outer loop
      vertex -5.7209 41.6013 0
      vertex -8.84851 41.0403 0
      vertex -6.06755 42.3904 0
    endloop
  endfacet
  facet normal -0 0 -1
    outer loop
      vertex -6.06755 42.3904 0
      vertex -8.84851 41.0403 0
      vertex -6.74599 42.8654 0
    endloop
  endfacet
  facet normal -0 0 -1
    outer loop
      vertex -6.74599 42.8654 0
      vertex -8.84851 41.0403 0
      vertex -7.57106 42.9376 0
    endloop
  endfacet
  facet normal 0 0 -1
    outer loop
      vertex -7.57106 42.9376 0
      vertex -8.84851 41.0403 0
      vertex -8.32168 42.5876 0
    endloop
  endfacet
  facet normal 0 0 -1
    outer loop
      vertex -8.32168 42.5876 0
      vertex -8.84851 41.0403 0
      vertex -8.79673 41.9092 0
    endloop
  endfacet
  facet normal 0 0 -1
    outer loop
      vertex -10.8704 40.5689 0
      vertex -6.24095 31.3754 0
      vertex -9.27201 30.6161 0
    endloop
  endfacet
  facet normal 0 0 -1
    outer loop
      vertex -10.8704 40.5689 0
      vertex -9.27201 30.6161 0
      vertex -9.28622 30.6126 0
    endloop
  endfacet
  facet normal 0 0 -1
    outer loop
      vertex -13.5005 39.7711 0
      vertex -9.28622 30.6126 0
      vertex -9.30001 30.6076 0
    endloop
  endfacet
  facet normal 0 0 -1
    outer loop
      vertex -6.24095 31.3754 0
      vertex -10.8704 40.5689 0
      vertex -8.84851 41.0403 0
    endloop
  endfacet
  facet normal 0 0 -1
    outer loop
      vertex -13.5005 39.7711 0
      vertex -9.30001 30.6076 0
      vertex -12.2421 29.555 0
    endloop
  endfacet
  facet normal 0 0 -1
    outer loop
      vertex -9.28622 30.6126 0
      vertex -13.5005 39.7711 0
      vertex -10.8704 40.5689 0
    endloop
  endfacet
  facet normal 0 0 -1
    outer loop
      vertex -15.08 28.2127 0
      vertex -16.4773 28.5396 0
      vertex -15.0668 28.219 0
    endloop
  endfacet
  facet normal 0 0 -1
    outer loop
      vertex -16.4773 28.5396 0
      vertex -15.08 28.2127 0
      vertex -16.35 28.319 0
    endloop
  endfacet
  facet normal 0 0 -1
    outer loop
      vertex -12.2421 29.555 0
      vertex -16.0727 38.8029 0
      vertex -13.5005 39.7711 0
    endloop
  endfacet
  facet normal 0 0 -1
    outer loop
      vertex -15.0668 28.219 0
      vertex -16.4773 28.5396 0
      vertex -12.2421 29.555 0
    endloop
  endfacet
  facet normal 0 0 -1
    outer loop
      vertex -17.7602 26.6063 0
      vertex -16.35 28.319 0
      vertex -15.08 28.2127 0
    endloop
  endfacet
  facet normal 0 0 -1
    outer loop
      vertex -17.7727 26.5988 0
      vertex -16.35 28.319 0
      vertex -17.7602 26.6063 0
    endloop
  endfacet
  facet normal 0 0 -1
    outer loop
      vertex -19.6794 26.1154 0
      vertex -17.7727 26.5988 0
      vertex -17.7845 26.59 0
    endloop
  endfacet
  facet normal -0 0 -1
    outer loop
      vertex -17.7727 26.5988 0
      vertex -19.6794 26.1154 0
      vertex -16.35 28.319 0
    endloop
  endfacet
  facet normal 0 0 -1
    outer loop
      vertex -20.2943 24.7286 0
      vertex -19.6794 26.1154 0
      vertex -17.7845 26.59 0
    endloop
  endfacet
  facet normal 0 0 -1
    outer loop
      vertex -20.3051 24.7188 0
      vertex -19.6794 26.1154 0
      vertex -20.2943 24.7286 0
    endloop
  endfacet
  facet normal 0 0 -1
    outer loop
      vertex -22.7153 23.5224 0
      vertex -20.3051 24.7188 0
      vertex -22.6204 22.6204 0
    endloop
  endfacet
  facet normal -0 0 -1
    outer loop
      vertex -20.3051 24.7188 0
      vertex -22.7153 23.5224 0
      vertex -19.6794 26.1154 0
    endloop
  endfacet
  facet normal 0 0 -1
    outer loop
      vertex -25.4127 20.5788 0
      vertex -22.6204 22.6204 0
      vertex -24.7188 20.3051 0
    endloop
  endfacet
  facet normal 0 0 -1
    outer loop
      vertex -25.4127 20.5788 0
      vertex -24.7188 20.3051 0
      vertex -24.7286 20.2943 0
    endloop
  endfacet
  facet normal -0 0 -1
    outer loop
      vertex -22.6204 22.6204 0
      vertex -25.4127 20.5788 0
      vertex -22.7153 23.5224 0
    endloop
  endfacet
  facet normal 0 0 -1
    outer loop
      vertex -26.59 17.7845 0
      vertex -25.4127 20.5788 0
      vertex -24.7286 20.2943 0
    endloop
  endfacet
  facet normal 0 0 -1
    outer loop
      vertex -27.7312 17.3284 0
      vertex -26.59 17.7845 0
      vertex -26.5988 17.7727 0
    endloop
  endfacet
  facet normal 0 0 -1
    outer loop
      vertex -27.7312 17.3284 0
      vertex -26.5988 17.7727 0
      vertex -26.6063 17.7602 0
    endloop
  endfacet
  facet normal -0 0 -1
    outer loop
      vertex -26.59 17.7845 0
      vertex -27.7312 17.3284 0
      vertex -25.4127 20.5788 0
    endloop
  endfacet
  facet normal -0 0 -1
    outer loop
      vertex -27.7312 17.3284 0
      vertex -28.2127 15.08 0
      vertex -27.9482 17.464 0
    endloop
  endfacet
  facet normal 0 0 -1
    outer loop
      vertex -28.2127 15.08 0
      vertex -27.7312 17.3284 0
      vertex -26.6063 17.7602 0
    endloop
  endfacet
  facet normal 0 0 -1
    outer loop
      vertex 32.7 0 0
      vertex 31.8367 3.12094 0
      vertex 32.4563 3.98513 0
    endloop
  endfacet
  facet normal 0 0 -1
    outer loop
      vertex 31.836 3.13557 0
      vertex 32.4563 3.98513 0
      vertex 31.8367 3.12094 0
    endloop
  endfacet
  facet normal 0 0 -1
    outer loop
      vertex 31.8339 3.15006 0
      vertex 32.4563 3.98513 0
      vertex 31.836 3.13557 0
    endloop
  endfacet
  facet normal 0 0 -1
    outer loop
      vertex 31.3754 6.24095 0
      vertex 32.4563 3.98513 0
      vertex 31.8339 3.15006 0
    endloop
  endfacet
  facet normal 0 0 -1
    outer loop
      vertex 32.4563 3.98513 0
      vertex 31.3754 6.24095 0
      vertex 31.7287 7.91085 0
    endloop
  endfacet
  facet normal 0 0 -1
    outer loop
      vertex 30.6161 9.27201 0
      vertex 31.7287 7.91085 0
      vertex 31.3754 6.24095 0
    endloop
  endfacet
  facet normal 0 0 -1
    outer loop
      vertex 30.6126 9.28622 0
      vertex 31.7287 7.91085 0
      vertex 30.6161 9.27201 0
    endloop
  endfacet
  facet normal 0 0 -1
    outer loop
      vertex 30.6076 9.30001 0
      vertex 31.7287 7.91085 0
      vertex 30.6126 9.28622 0
    endloop
  endfacet
  facet normal 0 0 -1
    outer loop
      vertex 30.6076 9.30001 0
      vertex 30.5281 11.7186 0
      vertex 31.7287 7.91085 0
    endloop
  endfacet
  facet normal 0 0 -1
    outer loop
      vertex 29.555 12.2421 0
      vertex 30.5281 11.7186 0
      vertex 30.6076 9.30001 0
    endloop
  endfacet
  facet normal 0 0 -1
    outer loop
      vertex 29.555 12.2421 0
      vertex 28.8724 15.3517 0
      vertex 30.5281 11.7186 0
    endloop
  endfacet
  facet normal 0 -0 -1
    outer loop
      vertex 28.8724 15.3517 0
      vertex 29.555 12.2421 0
      vertex 28.219 15.0668 0
    endloop
  endfacet
  facet normal 0.422562 0.906334 -0
    outer loop
      vertex 40.4956 15.5905 0
      vertex 39.7449 15.9405 55
      vertex 40.4956 15.5905 55
    endloop
  endfacet
  facet normal 0.422562 0.906334 0
    outer loop
      vertex 39.7449 15.9405 55
      vertex 40.4956 15.5905 0
      vertex 39.7449 15.9405 0
    endloop
  endfacet
  facet normal 0.819164 0.57356 0
    outer loop
      vertex 40.9706 14.9121 55
      vertex 40.4956 15.5905 0
      vertex 40.4956 15.5905 55
    endloop
  endfacet
  facet normal 0.819164 0.57356 0
    outer loop
      vertex 40.4956 15.5905 0
      vertex 40.9706 14.9121 55
      vertex 40.9706 14.9121 0
    endloop
  endfacet
  facet normal -0.0870621 0.996203 0
    outer loop
      vertex 39.7449 15.9405 0
      vertex 38.9199 15.8684 55
      vertex 39.7449 15.9405 55
    endloop
  endfacet
  facet normal -0.0870621 0.996203 0
    outer loop
      vertex 38.9199 15.8684 55
      vertex 39.7449 15.9405 0
      vertex 38.9199 15.8684 0
    endloop
  endfacet
  facet normal 0.573584 -0.819147 0
    outer loop
      vertex 40.0143 12.8613 0
      vertex 40.6928 13.3364 55
      vertex 40.0143 12.8613 55
    endloop
  endfacet
  facet normal 0.573584 -0.819147 0
    outer loop
      vertex 40.6928 13.3364 55
      vertex 40.0143 12.8613 0
      vertex 40.6928 13.3364 0
    endloop
  endfacet
  facet normal -0.573636 0.819111 0
    outer loop
      vertex 38.9199 15.8684 0
      vertex 38.8882 15.8462 55
      vertex 38.9199 15.8684 55
    endloop
  endfacet
  facet normal -0.573636 0.819111 0
    outer loop
      vertex 38.8882 15.8462 55
      vertex 38.9199 15.8684 0
      vertex 38.8882 15.8462 0
    endloop
  endfacet
  facet normal 0.0869871 -0.996209 0
    outer loop
      vertex 39.9662 12.8571 0
      vertex 40.0143 12.8613 55
      vertex 39.9662 12.8571 55
    endloop
  endfacet
  facet normal 0.0869871 -0.996209 0
    outer loop
      vertex 40.0143 12.8613 55
      vertex 39.9662 12.8571 0
      vertex 40.0143 12.8613 0
    endloop
  endfacet
  facet normal 0.906313 -0.422608 0
    outer loop
      vertex 40.6928 13.3364 55
      vertex 41.0428 14.087 0
      vertex 41.0428 14.087 55
    endloop
  endfacet
  facet normal 0.906313 -0.422608 0
    outer loop
      vertex 41.0428 14.087 0
      vertex 40.6928 13.3364 55
      vertex 40.6928 13.3364 0
    endloop
  endfacet
  facet normal 0.996193 0.0871714 0
    outer loop
      vertex 41.0428 14.087 55
      vertex 40.9706 14.9121 0
      vertex 40.9706 14.9121 55
    endloop
  endfacet
  facet normal 0.996193 0.0871714 0
    outer loop
      vertex 40.9706 14.9121 0
      vertex 41.0428 14.087 55
      vertex 41.0428 14.087 0
    endloop
  endfacet
  facet normal 0.422176 -0.906514 0
    outer loop
      vertex 33.1673 25.7551 0
      vertex 33.2023 25.7714 55
      vertex 33.1673 25.7551 55
    endloop
  endfacet
  facet normal 0.422176 -0.906514 0
    outer loop
      vertex 33.2023 25.7714 55
      vertex 33.1673 25.7551 0
      vertex 33.2023 25.7714 0
    endloop
  endfacet
  facet normal 0.0871714 0.996193 -0
    outer loop
      vertex 32.7211 28.5006 0
      vertex 31.896 28.5728 55
      vertex 32.7211 28.5006 55
    endloop
  endfacet
  facet normal 0.0871714 0.996193 0
    outer loop
      vertex 31.896 28.5728 55
      vertex 32.7211 28.5006 0
      vertex 31.896 28.5728 0
    endloop
  endfacet
  facet normal 0.573641 0.819107 -0
    outer loop
      vertex 33.3995 28.0255 0
      vertex 32.7211 28.5006 55
      vertex 33.3995 28.0255 55
    endloop
  endfacet
  facet normal 0.573641 0.819107 0
    outer loop
      vertex 32.7211 28.5006 55
      vertex 33.3995 28.0255 0
      vertex 32.7211 28.5006 0
    endloop
  endfacet
  facet normal -0.422608 0.906313 0
    outer loop
      vertex 31.896 28.5728 0
      vertex 31.1454 28.2228 55
      vertex 31.896 28.5728 55
    endloop
  endfacet
  facet normal -0.422608 0.906313 0
    outer loop
      vertex 31.1454 28.2228 55
      vertex 31.896 28.5728 0
      vertex 31.1454 28.2228 0
    endloop
  endfacet
  facet normal -0.819426 0.573185 0
    outer loop
      vertex 31.1177 28.1832 0
      vertex 31.1454 28.2228 55
      vertex 31.1454 28.2228 0
    endloop
  endfacet
  facet normal -0.819426 0.573185 0
    outer loop
      vertex 31.1454 28.2228 55
      vertex 31.1177 28.1832 0
      vertex 31.1177 28.1832 55
    endloop
  endfacet
  facet normal 0.819107 -0.573641 0
    outer loop
      vertex 33.2023 25.7714 55
      vertex 33.6774 26.4498 0
      vertex 33.6774 26.4498 55
    endloop
  endfacet
  facet normal 0.819107 -0.573641 0
    outer loop
      vertex 33.6774 26.4498 0
      vertex 33.2023 25.7714 55
      vertex 33.2023 25.7714 0
    endloop
  endfacet
  facet normal 0.996193 -0.0871714 0
    outer loop
      vertex 33.6774 26.4498 55
      vertex 33.7496 27.2749 0
      vertex 33.7496 27.2749 55
    endloop
  endfacet
  facet normal 0.996193 -0.0871714 0
    outer loop
      vertex 33.7496 27.2749 0
      vertex 33.6774 26.4498 55
      vertex 33.6774 26.4498 0
    endloop
  endfacet
  facet normal 0.906266 0.422707 0
    outer loop
      vertex 33.7496 27.2749 55
      vertex 33.3995 28.0255 0
      vertex 33.3995 28.0255 55
    endloop
  endfacet
  facet normal 0.906266 0.422707 0
    outer loop
      vertex 33.3995 28.0255 0
      vertex 33.7496 27.2749 55
      vertex 33.7496 27.2749 0
    endloop
  endfacet
  facet normal -0.258865 0.965914 0
    outer loop
      vertex 21 37.9731 0
      vertex 20.2 37.7587 55
      vertex 21 37.9731 55
    endloop
  endfacet
  facet normal -0.258865 0.965914 0
    outer loop
      vertex 20.2 37.7587 55
      vertex 21 37.9731 0
      vertex 20.2 37.7587 0
    endloop
  endfacet
  facet normal 0.258865 0.965914 -0
    outer loop
      vertex 21.8 37.7587 0
      vertex 21 37.9731 55
      vertex 21.8 37.7587 55
    endloop
  endfacet
  facet normal 0.258865 0.965914 0
    outer loop
      vertex 21 37.9731 55
      vertex 21.8 37.7587 0
      vertex 21 37.9731 0
    endloop
  endfacet
  facet normal 0.707107 -0.707107 0
    outer loop
      vertex 22.3476 35.5351 55
      vertex 22.3856 35.5731 0
      vertex 22.3856 35.5731 55
    endloop
  endfacet
  facet normal 0.707107 -0.707107 0
    outer loop
      vertex 22.3856 35.5731 0
      vertex 22.3476 35.5351 55
      vertex 22.3476 35.5351 0
    endloop
  endfacet
  facet normal -0.965616 0.259973 0
    outer loop
      vertex 19.6004 37.1211 0
      vertex 19.6144 37.1731 55
      vertex 19.6144 37.1731 0
    endloop
  endfacet
  facet normal -0.965616 0.259973 0
    outer loop
      vertex 19.6144 37.1731 55
      vertex 19.6004 37.1211 0
      vertex 19.6004 37.1211 55
    endloop
  endfacet
  facet normal 0.965914 0.258865 0
    outer loop
      vertex 22.6 36.3731 55
      vertex 22.3856 37.1731 0
      vertex 22.3856 37.1731 55
    endloop
  endfacet
  facet normal 0.965914 0.258865 0
    outer loop
      vertex 22.3856 37.1731 0
      vertex 22.6 36.3731 55
      vertex 22.6 36.3731 0
    endloop
  endfacet
  facet normal 0.965914 -0.258865 0
    outer loop
      vertex 22.3856 35.5731 55
      vertex 22.6 36.3731 0
      vertex 22.6 36.3731 55
    endloop
  endfacet
  facet normal 0.965914 -0.258865 0
    outer loop
      vertex 22.6 36.3731 0
      vertex 22.3856 35.5731 55
      vertex 22.3856 35.5731 0
    endloop
  endfacet
  facet normal -0.707107 0.707107 0
    outer loop
      vertex 20.2 37.7587 0
      vertex 19.6144 37.1731 55
      vertex 20.2 37.7587 55
    endloop
  endfacet
  facet normal -0.707107 0.707107 0
    outer loop
      vertex 19.6144 37.1731 55
      vertex 20.2 37.7587 0
      vertex 19.6144 37.1731 0
    endloop
  endfacet
  facet normal 0.707107 0.707107 0
    outer loop
      vertex 22.3856 37.1731 55
      vertex 21.8 37.7587 0
      vertex 21.8 37.7587 55
    endloop
  endfacet
  facet normal 0.707107 0.707107 0
    outer loop
      vertex 21.8 37.7587 0
      vertex 22.3856 37.1731 55
      vertex 22.3856 37.1731 0
    endloop
  endfacet
  facet normal -0.573537 0.81918 0
    outer loop
      vertex 6.74599 42.8654 0
      vertex 6.06755 42.3904 55
      vertex 6.74599 42.8654 55
    endloop
  endfacet
  facet normal -0.573537 0.81918 0
    outer loop
      vertex 6.06755 42.3904 55
      vertex 6.74599 42.8654 0
      vertex 6.06755 42.3904 0
    endloop
  endfacet
  facet normal -0.0871746 0.996193 0
    outer loop
      vertex 7.57106 42.9376 0
      vertex 6.74599 42.8654 55
      vertex 7.57106 42.9376 55
    endloop
  endfacet
  facet normal -0.0871746 0.996193 0
    outer loop
      vertex 6.74599 42.8654 55
      vertex 7.57106 42.9376 0
      vertex 6.74599 42.8654 0
    endloop
  endfacet
  facet normal -0.906303 0.422628 0
    outer loop
      vertex 5.71753 41.6398 0
      vertex 6.06755 42.3904 55
      vertex 6.06755 42.3904 0
    endloop
  endfacet
  facet normal -0.906303 0.422628 0
    outer loop
      vertex 6.06755 42.3904 55
      vertex 5.71753 41.6398 0
      vertex 5.71753 41.6398 55
    endloop
  endfacet
  facet normal 0.906421 -0.422376 0
    outer loop
      vertex 8.84851 41.0403 55
      vertex 8.86892 41.0841 0
      vertex 8.86892 41.0841 55
    endloop
  endfacet
  facet normal 0.906421 -0.422376 0
    outer loop
      vertex 8.86892 41.0841 0
      vertex 8.84851 41.0403 55
      vertex 8.84851 41.0403 0
    endloop
  endfacet
  facet normal -0.996191 -0.087199 0
    outer loop
      vertex 5.7209 41.6013 0
      vertex 5.71753 41.6398 55
      vertex 5.71753 41.6398 0
    endloop
  endfacet
  facet normal -0.996191 -0.087199 0
    outer loop
      vertex 5.71753 41.6398 55
      vertex 5.7209 41.6013 0
      vertex 5.7209 41.6013 55
    endloop
  endfacet
  facet normal 0.996194 0.0871595 0
    outer loop
      vertex 8.86892 41.0841 55
      vertex 8.79673 41.9092 0
      vertex 8.79673 41.9092 55
    endloop
  endfacet
  facet normal 0.996194 0.0871595 0
    outer loop
      vertex 8.79673 41.9092 0
      vertex 8.86892 41.0841 55
      vertex 8.86892 41.0841 0
    endloop
  endfacet
  facet normal 0.819135 0.5736 0
    outer loop
      vertex 8.79673 41.9092 55
      vertex 8.32168 42.5876 0
      vertex 8.32168 42.5876 55
    endloop
  endfacet
  facet normal 0.819135 0.5736 0
    outer loop
      vertex 8.32168 42.5876 0
      vertex 8.79673 41.9092 55
      vertex 8.79673 41.9092 0
    endloop
  endfacet
  facet normal 0.422599 0.906317 -0
    outer loop
      vertex 8.32168 42.5876 0
      vertex 7.57106 42.9376 55
      vertex 8.32168 42.5876 55
    endloop
  endfacet
  facet normal 0.422599 0.906317 0
    outer loop
      vertex 7.57106 42.9376 55
      vertex 8.32168 42.5876 0
      vertex 7.57106 42.9376 0
    endloop
  endfacet
  facet normal -0.819135 0.5736 0
    outer loop
      vertex -8.79673 41.9092 0
      vertex -8.32168 42.5876 55
      vertex -8.32168 42.5876 0
    endloop
  endfacet
  facet normal -0.819135 0.5736 0
    outer loop
      vertex -8.32168 42.5876 55
      vertex -8.79673 41.9092 0
      vertex -8.79673 41.9092 55
    endloop
  endfacet
  facet normal -0.422599 0.906317 0
    outer loop
      vertex -7.57106 42.9376 0
      vertex -8.32168 42.5876 55
      vertex -7.57106 42.9376 55
    endloop
  endfacet
  facet normal -0.422599 0.906317 0
    outer loop
      vertex -8.32168 42.5876 55
      vertex -7.57106 42.9376 0
      vertex -8.32168 42.5876 0
    endloop
  endfacet
  facet normal -0.996194 0.0871595 0
    outer loop
      vertex -8.86892 41.0841 0
      vertex -8.79673 41.9092 55
      vertex -8.79673 41.9092 0
    endloop
  endfacet
  facet normal -0.996194 0.0871595 0
    outer loop
      vertex -8.79673 41.9092 55
      vertex -8.86892 41.0841 0
      vertex -8.86892 41.0841 55
    endloop
  endfacet
  facet normal -0.906421 -0.422376 0
    outer loop
      vertex -8.84851 41.0403 0
      vertex -8.86892 41.0841 55
      vertex -8.86892 41.0841 0
    endloop
  endfacet
  facet normal -0.906421 -0.422376 0
    outer loop
      vertex -8.86892 41.0841 55
      vertex -8.84851 41.0403 0
      vertex -8.84851 41.0403 55
    endloop
  endfacet
  facet normal 0.0871746 0.996193 -0
    outer loop
      vertex -6.74599 42.8654 0
      vertex -7.57106 42.9376 55
      vertex -6.74599 42.8654 55
    endloop
  endfacet
  facet normal 0.0871746 0.996193 0
    outer loop
      vertex -7.57106 42.9376 55
      vertex -6.74599 42.8654 0
      vertex -7.57106 42.9376 0
    endloop
  endfacet
  facet normal 0.573537 0.81918 -0
    outer loop
      vertex -6.06755 42.3904 0
      vertex -6.74599 42.8654 55
      vertex -6.06755 42.3904 55
    endloop
  endfacet
  facet normal 0.573537 0.81918 0
    outer loop
      vertex -6.74599 42.8654 55
      vertex -6.06755 42.3904 0
      vertex -6.74599 42.8654 0
    endloop
  endfacet
  facet normal 0.906303 0.422628 0
    outer loop
      vertex -5.71753 41.6398 55
      vertex -6.06755 42.3904 0
      vertex -6.06755 42.3904 55
    endloop
  endfacet
  facet normal 0.906303 0.422628 0
    outer loop
      vertex -6.06755 42.3904 0
      vertex -5.71753 41.6398 55
      vertex -5.71753 41.6398 0
    endloop
  endfacet
  facet normal 0.996191 -0.087199 0
    outer loop
      vertex -5.7209 41.6013 55
      vertex -5.71753 41.6398 0
      vertex -5.71753 41.6398 55
    endloop
  endfacet
  facet normal 0.996191 -0.087199 0
    outer loop
      vertex -5.71753 41.6398 0
      vertex -5.7209 41.6013 55
      vertex -5.7209 41.6013 0
    endloop
  endfacet
  facet normal -0.965914 0.258865 0
    outer loop
      vertex -22.6 36.3731 0
      vertex -22.3856 37.1731 55
      vertex -22.3856 37.1731 0
    endloop
  endfacet
  facet normal -0.965914 0.258865 0
    outer loop
      vertex -22.3856 37.1731 55
      vertex -22.6 36.3731 0
      vertex -22.6 36.3731 55
    endloop
  endfacet
  facet normal -0.707107 0.707107 0
    outer loop
      vertex -22.3856 37.1731 0
      vertex -21.8 37.7587 55
      vertex -21.8 37.7587 0
    endloop
  endfacet
  facet normal -0.707107 0.707107 0
    outer loop
      vertex -21.8 37.7587 55
      vertex -22.3856 37.1731 0
      vertex -22.3856 37.1731 55
    endloop
  endfacet
  facet normal -0.965914 -0.258865 0
    outer loop
      vertex -22.3856 35.5731 0
      vertex -22.6 36.3731 55
      vertex -22.6 36.3731 0
    endloop
  endfacet
  facet normal -0.965914 -0.258865 0
    outer loop
      vertex -22.6 36.3731 55
      vertex -22.3856 35.5731 0
      vertex -22.3856 35.5731 55
    endloop
  endfacet
  facet normal 0.707107 0.707107 -0
    outer loop
      vertex -19.6144 37.1731 0
      vertex -20.2 37.7587 55
      vertex -19.6144 37.1731 55
    endloop
  endfacet
  facet normal 0.707107 0.707107 0
    outer loop
      vertex -20.2 37.7587 55
      vertex -19.6144 37.1731 0
      vertex -20.2 37.7587 0
    endloop
  endfacet
  facet normal 0.258865 0.965914 -0
    outer loop
      vertex -20.2 37.7587 0
      vertex -21 37.9731 55
      vertex -20.2 37.7587 55
    endloop
  endfacet
  facet normal 0.258865 0.965914 0
    outer loop
      vertex -21 37.9731 55
      vertex -20.2 37.7587 0
      vertex -21 37.9731 0
    endloop
  endfacet
  facet normal -0.707107 -0.707107 0
    outer loop
      vertex -22.3476 35.5351 0
      vertex -22.3856 35.5731 55
      vertex -22.3856 35.5731 0
    endloop
  endfacet
  facet normal -0.707107 -0.707107 0
    outer loop
      vertex -22.3856 35.5731 55
      vertex -22.3476 35.5351 0
      vertex -22.3476 35.5351 55
    endloop
  endfacet
  facet normal 0.965616 0.259973 0
    outer loop
      vertex -19.6004 37.1211 55
      vertex -19.6144 37.1731 0
      vertex -19.6144 37.1731 55
    endloop
  endfacet
  facet normal 0.965616 0.259973 0
    outer loop
      vertex -19.6144 37.1731 0
      vertex -19.6004 37.1211 55
      vertex -19.6004 37.1211 0
    endloop
  endfacet
  facet normal -0.258865 0.965914 0
    outer loop
      vertex -21 37.9731 0
      vertex -21.8 37.7587 55
      vertex -21 37.9731 55
    endloop
  endfacet
  facet normal -0.258865 0.965914 0
    outer loop
      vertex -21.8 37.7587 55
      vertex -21 37.9731 0
      vertex -21.8 37.7587 0
    endloop
  endfacet
  facet normal -0.906266 0.422707 0
    outer loop
      vertex -33.7496 27.2749 0
      vertex -33.3995 28.0255 55
      vertex -33.3995 28.0255 0
    endloop
  endfacet
  facet normal -0.906266 0.422707 0
    outer loop
      vertex -33.3995 28.0255 55
      vertex -33.7496 27.2749 0
      vertex -33.7496 27.2749 55
    endloop
  endfacet
  facet normal -0.819107 -0.573641 0
    outer loop
      vertex -33.2023 25.7714 0
      vertex -33.6774 26.4498 55
      vertex -33.6774 26.4498 0
    endloop
  endfacet
  facet normal -0.819107 -0.573641 0
    outer loop
      vertex -33.6774 26.4498 55
      vertex -33.2023 25.7714 0
      vertex -33.2023 25.7714 55
    endloop
  endfacet
  facet normal 0.422608 0.906313 -0
    outer loop
      vertex -31.1454 28.2228 0
      vertex -31.896 28.5728 55
      vertex -31.1454 28.2228 55
    endloop
  endfacet
  facet normal 0.422608 0.906313 0
    outer loop
      vertex -31.896 28.5728 55
      vertex -31.1454 28.2228 0
      vertex -31.896 28.5728 0
    endloop
  endfacet
  facet normal 0.819426 0.573185 0
    outer loop
      vertex -31.1177 28.1832 55
      vertex -31.1454 28.2228 0
      vertex -31.1454 28.2228 55
    endloop
  endfacet
  facet normal 0.819426 0.573185 0
    outer loop
      vertex -31.1454 28.2228 0
      vertex -31.1177 28.1832 55
      vertex -31.1177 28.1832 0
    endloop
  endfacet
  facet normal -0.0871714 0.996193 0
    outer loop
      vertex -31.896 28.5728 0
      vertex -32.7211 28.5006 55
      vertex -31.896 28.5728 55
    endloop
  endfacet
  facet normal -0.0871714 0.996193 0
    outer loop
      vertex -32.7211 28.5006 55
      vertex -31.896 28.5728 0
      vertex -32.7211 28.5006 0
    endloop
  endfacet
  facet normal -0.422176 -0.906514 0
    outer loop
      vertex -33.2023 25.7714 0
      vertex -33.1673 25.7551 55
      vertex -33.2023 25.7714 55
    endloop
  endfacet
  facet normal -0.422176 -0.906514 -0
    outer loop
      vertex -33.1673 25.7551 55
      vertex -33.2023 25.7714 0
      vertex -33.1673 25.7551 0
    endloop
  endfacet
  facet normal -0.996193 -0.0871714 0
    outer loop
      vertex -33.6774 26.4498 0
      vertex -33.7496 27.2749 55
      vertex -33.7496 27.2749 0
    endloop
  endfacet
  facet normal -0.996193 -0.0871714 0
    outer loop
      vertex -33.7496 27.2749 55
      vertex -33.6774 26.4498 0
      vertex -33.6774 26.4498 55
    endloop
  endfacet
  facet normal -0.573641 0.819107 0
    outer loop
      vertex -32.7211 28.5006 0
      vertex -33.3995 28.0255 55
      vertex -32.7211 28.5006 55
    endloop
  endfacet
  facet normal -0.573641 0.819107 0
    outer loop
      vertex -33.3995 28.0255 55
      vertex -32.7211 28.5006 0
      vertex -33.3995 28.0255 0
    endloop
  endfacet
  facet normal -0.996193 0.0871714 0
    outer loop
      vertex -41.0428 14.087 0
      vertex -40.9706 14.9121 55
      vertex -40.9706 14.9121 0
    endloop
  endfacet
  facet normal -0.996193 0.0871714 0
    outer loop
      vertex -40.9706 14.9121 55
      vertex -41.0428 14.087 0
      vertex -41.0428 14.087 55
    endloop
  endfacet
  facet normal -0.573584 -0.819147 0
    outer loop
      vertex -40.6928 13.3364 0
      vertex -40.0143 12.8613 55
      vertex -40.6928 13.3364 55
    endloop
  endfacet
  facet normal -0.573584 -0.819147 -0
    outer loop
      vertex -40.0143 12.8613 55
      vertex -40.6928 13.3364 0
      vertex -40.0143 12.8613 0
    endloop
  endfacet
  facet normal -0.422562 0.906334 0
    outer loop
      vertex -39.7449 15.9405 0
      vertex -40.4956 15.5905 55
      vertex -39.7449 15.9405 55
    endloop
  endfacet
  facet normal -0.422562 0.906334 0
    outer loop
      vertex -40.4956 15.5905 55
      vertex -39.7449 15.9405 0
      vertex -40.4956 15.5905 0
    endloop
  endfacet
  facet normal -0.0869871 -0.996209 0
    outer loop
      vertex -40.0143 12.8613 0
      vertex -39.9662 12.8571 55
      vertex -40.0143 12.8613 55
    endloop
  endfacet
  facet normal -0.0869871 -0.996209 -0
    outer loop
      vertex -39.9662 12.8571 55
      vertex -40.0143 12.8613 0
      vertex -39.9662 12.8571 0
    endloop
  endfacet
  facet normal 0.0870621 0.996203 -0
    outer loop
      vertex -38.9199 15.8684 0
      vertex -39.7449 15.9405 55
      vertex -38.9199 15.8684 55
    endloop
  endfacet
  facet normal 0.0870621 0.996203 0
    outer loop
      vertex -39.7449 15.9405 55
      vertex -38.9199 15.8684 0
      vertex -39.7449 15.9405 0
    endloop
  endfacet
  facet normal 0.573636 0.819111 -0
    outer loop
      vertex -38.8882 15.8462 0
      vertex -38.9199 15.8684 55
      vertex -38.8882 15.8462 55
    endloop
  endfacet
  facet normal 0.573636 0.819111 0
    outer loop
      vertex -38.9199 15.8684 55
      vertex -38.8882 15.8462 0
      vertex -38.9199 15.8684 0
    endloop
  endfacet
  facet normal -0.906313 -0.422608 0
    outer loop
      vertex -40.6928 13.3364 0
      vertex -41.0428 14.087 55
      vertex -41.0428 14.087 0
    endloop
  endfacet
  facet normal -0.906313 -0.422608 0
    outer loop
      vertex -41.0428 14.087 55
      vertex -40.6928 13.3364 0
      vertex -40.6928 13.3364 55
    endloop
  endfacet
  facet normal -0.819164 0.57356 0
    outer loop
      vertex -40.9706 14.9121 0
      vertex -40.4956 15.5905 55
      vertex -40.4956 15.5905 0
    endloop
  endfacet
  facet normal -0.819164 0.57356 0
    outer loop
      vertex -40.4956 15.5905 55
      vertex -40.9706 14.9121 0
      vertex -40.9706 14.9121 55
    endloop
  endfacet
  facet normal -0.25882 -0.965926 0
    outer loop
      vertex -42.8 -1.38564 0
      vertex -42 -1.6 55
      vertex -42.8 -1.38564 55
    endloop
  endfacet
  facet normal -0.25882 -0.965926 -0
    outer loop
      vertex -42 -1.6 55
      vertex -42.8 -1.38564 0
      vertex -42 -1.6 0
    endloop
  endfacet
  facet normal -0.25882 0.965926 0
    outer loop
      vertex -42 1.6 0
      vertex -42.8 1.38564 55
      vertex -42 1.6 55
    endloop
  endfacet
  facet normal -0.25882 0.965926 0
    outer loop
      vertex -42.8 1.38564 55
      vertex -42 1.6 0
      vertex -42.8 1.38564 0
    endloop
  endfacet
  facet normal 0.258879 0.96591 -0
    outer loop
      vertex -41.9481 1.58609 0
      vertex -42 1.6 55
      vertex -41.9481 1.58609 55
    endloop
  endfacet
  facet normal 0.258879 0.96591 0
    outer loop
      vertex -42 1.6 55
      vertex -41.9481 1.58609 0
      vertex -42 1.6 0
    endloop
  endfacet
  facet normal -0.707132 0.707082 0
    outer loop
      vertex -43.3856 0.799999 0
      vertex -42.8 1.38564 55
      vertex -42.8 1.38564 0
    endloop
  endfacet
  facet normal -0.707132 0.707082 0
    outer loop
      vertex -42.8 1.38564 55
      vertex -43.3856 0.799999 0
      vertex -43.3856 0.799999 55
    endloop
  endfacet
  facet normal 0.258879 -0.96591 0
    outer loop
      vertex -42 -1.6 0
      vertex -41.9481 -1.58609 55
      vertex -42 -1.6 55
    endloop
  endfacet
  facet normal 0.258879 -0.96591 0
    outer loop
      vertex -41.9481 -1.58609 55
      vertex -42 -1.6 0
      vertex -41.9481 -1.58609 0
    endloop
  endfacet
  facet normal -0.965913 -0.258865 0
    outer loop
      vertex -43.3856 -0.799999 0
      vertex -43.6 0 55
      vertex -43.6 0 0
    endloop
  endfacet
  facet normal -0.965913 -0.258865 0
    outer loop
      vertex -43.6 0 55
      vertex -43.3856 -0.799999 0
      vertex -43.3856 -0.799999 55
    endloop
  endfacet
  facet normal -0.707132 -0.707082 0
    outer loop
      vertex -42.8 -1.38564 0
      vertex -43.3856 -0.799999 55
      vertex -43.3856 -0.799999 0
    endloop
  endfacet
  facet normal -0.707132 -0.707082 0
    outer loop
      vertex -43.3856 -0.799999 55
      vertex -42.8 -1.38564 0
      vertex -42.8 -1.38564 55
    endloop
  endfacet
  facet normal -0.965913 0.258865 0
    outer loop
      vertex -43.6 0 0
      vertex -43.3856 0.799999 55
      vertex -43.3856 0.799999 0
    endloop
  endfacet
  facet normal -0.965913 0.258865 0
    outer loop
      vertex -43.3856 0.799999 55
      vertex -43.6 0 0
      vertex -43.6 0 55
    endloop
  endfacet
  facet normal 0.0870621 -0.996203 0
    outer loop
      vertex -39.7449 -15.9405 0
      vertex -38.9199 -15.8684 55
      vertex -39.7449 -15.9405 55
    endloop
  endfacet
  facet normal 0.0870621 -0.996203 0
    outer loop
      vertex -38.9199 -15.8684 55
      vertex -39.7449 -15.9405 0
      vertex -38.9199 -15.8684 0
    endloop
  endfacet
  facet normal -0.996193 -0.0871714 0
    outer loop
      vertex -40.9706 -14.9121 0
      vertex -41.0428 -14.087 55
      vertex -41.0428 -14.087 0
    endloop
  endfacet
  facet normal -0.996193 -0.0871714 0
    outer loop
      vertex -41.0428 -14.087 55
      vertex -40.9706 -14.9121 0
      vertex -40.9706 -14.9121 55
    endloop
  endfacet
  facet normal -0.573584 0.819147 0
    outer loop
      vertex -40.0143 -12.8613 0
      vertex -40.6928 -13.3364 55
      vertex -40.0143 -12.8613 55
    endloop
  endfacet
  facet normal -0.573584 0.819147 0
    outer loop
      vertex -40.6928 -13.3364 55
      vertex -40.0143 -12.8613 0
      vertex -40.6928 -13.3364 0
    endloop
  endfacet
  facet normal -0.906313 0.422608 0
    outer loop
      vertex -41.0428 -14.087 0
      vertex -40.6928 -13.3364 55
      vertex -40.6928 -13.3364 0
    endloop
  endfacet
  facet normal -0.906313 0.422608 0
    outer loop
      vertex -40.6928 -13.3364 55
      vertex -41.0428 -14.087 0
      vertex -41.0428 -14.087 55
    endloop
  endfacet
  facet normal -0.819164 -0.57356 0
    outer loop
      vertex -40.4956 -15.5905 0
      vertex -40.9706 -14.9121 55
      vertex -40.9706 -14.9121 0
    endloop
  endfacet
  facet normal -0.819164 -0.57356 0
    outer loop
      vertex -40.9706 -14.9121 55
      vertex -40.4956 -15.5905 0
      vertex -40.4956 -15.5905 55
    endloop
  endfacet
  facet normal 0.573636 -0.819111 0
    outer loop
      vertex -38.9199 -15.8684 0
      vertex -38.8882 -15.8462 55
      vertex -38.9199 -15.8684 55
    endloop
  endfacet
  facet normal 0.573636 -0.819111 0
    outer loop
      vertex -38.8882 -15.8462 55
      vertex -38.9199 -15.8684 0
      vertex -38.8882 -15.8462 0
    endloop
  endfacet
  facet normal -0.422562 -0.906334 0
    outer loop
      vertex -40.4956 -15.5905 0
      vertex -39.7449 -15.9405 55
      vertex -40.4956 -15.5905 55
    endloop
  endfacet
  facet normal -0.422562 -0.906334 -0
    outer loop
      vertex -39.7449 -15.9405 55
      vertex -40.4956 -15.5905 0
      vertex -39.7449 -15.9405 0
    endloop
  endfacet
  facet normal -0.0869871 0.996209 0
    outer loop
      vertex -39.9662 -12.8571 0
      vertex -40.0143 -12.8613 55
      vertex -39.9662 -12.8571 55
    endloop
  endfacet
  facet normal -0.0869871 0.996209 0
    outer loop
      vertex -40.0143 -12.8613 55
      vertex -39.9662 -12.8571 0
      vertex -40.0143 -12.8613 0
    endloop
  endfacet
  facet normal 0.422608 -0.906313 0
    outer loop
      vertex -31.896 -28.5728 0
      vertex -31.1454 -28.2228 55
      vertex -31.896 -28.5728 55
    endloop
  endfacet
  facet normal 0.422608 -0.906313 0
    outer loop
      vertex -31.1454 -28.2228 55
      vertex -31.896 -28.5728 0
      vertex -31.1454 -28.2228 0
    endloop
  endfacet
  facet normal 0.819426 -0.573185 0
    outer loop
      vertex -31.1454 -28.2228 55
      vertex -31.1177 -28.1832 0
      vertex -31.1177 -28.1832 55
    endloop
  endfacet
  facet normal 0.819426 -0.573185 0
    outer loop
      vertex -31.1177 -28.1832 0
      vertex -31.1454 -28.2228 55
      vertex -31.1454 -28.2228 0
    endloop
  endfacet
  facet normal -0.573641 -0.819107 0
    outer loop
      vertex -33.3995 -28.0255 0
      vertex -32.7211 -28.5006 55
      vertex -33.3995 -28.0255 55
    endloop
  endfacet
  facet normal -0.573641 -0.819107 -0
    outer loop
      vertex -32.7211 -28.5006 55
      vertex -33.3995 -28.0255 0
      vertex -32.7211 -28.5006 0
    endloop
  endfacet
  facet normal -0.996193 0.0871714 0
    outer loop
      vertex -33.7496 -27.2749 0
      vertex -33.6774 -26.4498 55
      vertex -33.6774 -26.4498 0
    endloop
  endfacet
  facet normal -0.996193 0.0871714 0
    outer loop
      vertex -33.6774 -26.4498 55
      vertex -33.7496 -27.2749 0
      vertex -33.7496 -27.2749 55
    endloop
  endfacet
  facet normal -0.906266 -0.422707 0
    outer loop
      vertex -33.3995 -28.0255 0
      vertex -33.7496 -27.2749 55
      vertex -33.7496 -27.2749 0
    endloop
  endfacet
  facet normal -0.906266 -0.422707 0
    outer loop
      vertex -33.7496 -27.2749 55
      vertex -33.3995 -28.0255 0
      vertex -33.3995 -28.0255 55
    endloop
  endfacet
  facet normal -0.819107 0.573641 0
    outer loop
      vertex -33.6774 -26.4498 0
      vertex -33.2023 -25.7714 55
      vertex -33.2023 -25.7714 0
    endloop
  endfacet
  facet normal -0.819107 0.573641 0
    outer loop
      vertex -33.2023 -25.7714 55
      vertex -33.6774 -26.4498 0
      vertex -33.6774 -26.4498 55
    endloop
  endfacet
  facet normal -0.422176 0.906514 0
    outer loop
      vertex -33.1673 -25.7551 0
      vertex -33.2023 -25.7714 55
      vertex -33.1673 -25.7551 55
    endloop
  endfacet
  facet normal -0.422176 0.906514 0
    outer loop
      vertex -33.2023 -25.7714 55
      vertex -33.1673 -25.7551 0
      vertex -33.2023 -25.7714 0
    endloop
  endfacet
  facet normal -0.0871714 -0.996193 0
    outer loop
      vertex -32.7211 -28.5006 0
      vertex -31.896 -28.5728 55
      vertex -32.7211 -28.5006 55
    endloop
  endfacet
  facet normal -0.0871714 -0.996193 -0
    outer loop
      vertex -31.896 -28.5728 55
      vertex -32.7211 -28.5006 0
      vertex -31.896 -28.5728 0
    endloop
  endfacet
  facet normal -0.707107 -0.707107 0
    outer loop
      vertex -21.8 -37.7587 0
      vertex -22.3856 -37.1731 55
      vertex -22.3856 -37.1731 0
    endloop
  endfacet
  facet normal -0.707107 -0.707107 0
    outer loop
      vertex -22.3856 -37.1731 55
      vertex -21.8 -37.7587 0
      vertex -21.8 -37.7587 55
    endloop
  endfacet
  facet normal -0.707107 0.707107 0
    outer loop
      vertex -22.3856 -35.5731 0
      vertex -22.3476 -35.5351 55
      vertex -22.3476 -35.5351 0
    endloop
  endfacet
  facet normal -0.707107 0.707107 0
    outer loop
      vertex -22.3476 -35.5351 55
      vertex -22.3856 -35.5731 0
      vertex -22.3856 -35.5731 55
    endloop
  endfacet
  facet normal -0.258865 -0.965914 0
    outer loop
      vertex -21.8 -37.7587 0
      vertex -21 -37.9731 55
      vertex -21.8 -37.7587 55
    endloop
  endfacet
  facet normal -0.258865 -0.965914 -0
    outer loop
      vertex -21 -37.9731 55
      vertex -21.8 -37.7587 0
      vertex -21 -37.9731 0
    endloop
  endfacet
  facet normal 0.258865 -0.965914 0
    outer loop
      vertex -21 -37.9731 0
      vertex -20.2 -37.7587 55
      vertex -21 -37.9731 55
    endloop
  endfacet
  facet normal 0.258865 -0.965914 0
    outer loop
      vertex -20.2 -37.7587 55
      vertex -21 -37.9731 0
      vertex -20.2 -37.7587 0
    endloop
  endfacet
  facet normal -0.965914 0.258865 0
    outer loop
      vertex -22.6 -36.3731 0
      vertex -22.3856 -35.5731 55
      vertex -22.3856 -35.5731 0
    endloop
  endfacet
  facet normal -0.965914 0.258865 0
    outer loop
      vertex -22.3856 -35.5731 55
      vertex -22.6 -36.3731 0
      vertex -22.6 -36.3731 55
    endloop
  endfacet
  facet normal 0.965616 -0.259973 0
    outer loop
      vertex -19.6144 -37.1731 55
      vertex -19.6004 -37.1211 0
      vertex -19.6004 -37.1211 55
    endloop
  endfacet
  facet normal 0.965616 -0.259973 0
    outer loop
      vertex -19.6004 -37.1211 0
      vertex -19.6144 -37.1731 55
      vertex -19.6144 -37.1731 0
    endloop
  endfacet
  facet normal -0.965914 -0.258865 0
    outer loop
      vertex -22.3856 -37.1731 0
      vertex -22.6 -36.3731 55
      vertex -22.6 -36.3731 0
    endloop
  endfacet
  facet normal -0.965914 -0.258865 0
    outer loop
      vertex -22.6 -36.3731 55
      vertex -22.3856 -37.1731 0
      vertex -22.3856 -37.1731 55
    endloop
  endfacet
  facet normal 0.707107 -0.707107 0
    outer loop
      vertex -20.2 -37.7587 0
      vertex -19.6144 -37.1731 55
      vertex -20.2 -37.7587 55
    endloop
  endfacet
  facet normal 0.707107 -0.707107 0
    outer loop
      vertex -19.6144 -37.1731 55
      vertex -20.2 -37.7587 0
      vertex -19.6144 -37.1731 0
    endloop
  endfacet
  facet normal 0.906303 -0.422628 0
    outer loop
      vertex -6.06755 -42.3904 55
      vertex -5.71753 -41.6398 0
      vertex -5.71753 -41.6398 55
    endloop
  endfacet
  facet normal 0.906303 -0.422628 0
    outer loop
      vertex -5.71753 -41.6398 0
      vertex -6.06755 -42.3904 55
      vertex -6.06755 -42.3904 0
    endloop
  endfacet
  facet normal 0.0871746 -0.996193 0
    outer loop
      vertex -7.57106 -42.9376 0
      vertex -6.74599 -42.8654 55
      vertex -7.57106 -42.9376 55
    endloop
  endfacet
  facet normal 0.0871746 -0.996193 0
    outer loop
      vertex -6.74599 -42.8654 55
      vertex -7.57106 -42.9376 0
      vertex -6.74599 -42.8654 0
    endloop
  endfacet
  facet normal 0.996191 0.087199 0
    outer loop
      vertex -5.71753 -41.6398 55
      vertex -5.7209 -41.6013 0
      vertex -5.7209 -41.6013 55
    endloop
  endfacet
  facet normal 0.996191 0.087199 0
    outer loop
      vertex -5.7209 -41.6013 0
      vertex -5.71753 -41.6398 55
      vertex -5.71753 -41.6398 0
    endloop
  endfacet
  facet normal 0.573537 -0.81918 0
    outer loop
      vertex -6.74599 -42.8654 0
      vertex -6.06755 -42.3904 55
      vertex -6.74599 -42.8654 55
    endloop
  endfacet
  facet normal 0.573537 -0.81918 0
    outer loop
      vertex -6.06755 -42.3904 55
      vertex -6.74599 -42.8654 0
      vertex -6.06755 -42.3904 0
    endloop
  endfacet
  facet normal -0.996194 -0.0871595 0
    outer loop
      vertex -8.79673 -41.9092 0
      vertex -8.86892 -41.0841 55
      vertex -8.86892 -41.0841 0
    endloop
  endfacet
  facet normal -0.996194 -0.0871595 0
    outer loop
      vertex -8.86892 -41.0841 55
      vertex -8.79673 -41.9092 0
      vertex -8.79673 -41.9092 55
    endloop
  endfacet
  facet normal -0.422599 -0.906317 0
    outer loop
      vertex -8.32168 -42.5876 0
      vertex -7.57106 -42.9376 55
      vertex -8.32168 -42.5876 55
    endloop
  endfacet
  facet normal -0.422599 -0.906317 -0
    outer loop
      vertex -7.57106 -42.9376 55
      vertex -8.32168 -42.5876 0
      vertex -7.57106 -42.9376 0
    endloop
  endfacet
  facet normal -0.906421 0.422376 0
    outer loop
      vertex -8.86892 -41.0841 0
      vertex -8.84851 -41.0403 55
      vertex -8.84851 -41.0403 0
    endloop
  endfacet
  facet normal -0.906421 0.422376 0
    outer loop
      vertex -8.84851 -41.0403 55
      vertex -8.86892 -41.0841 0
      vertex -8.86892 -41.0841 55
    endloop
  endfacet
  facet normal -0.819135 -0.5736 0
    outer loop
      vertex -8.32168 -42.5876 0
      vertex -8.79673 -41.9092 55
      vertex -8.79673 -41.9092 0
    endloop
  endfacet
  facet normal -0.819135 -0.5736 0
    outer loop
      vertex -8.79673 -41.9092 55
      vertex -8.32168 -42.5876 0
      vertex -8.32168 -42.5876 55
    endloop
  endfacet
  facet normal -0.996191 0.087199 0
    outer loop
      vertex 5.71753 -41.6398 0
      vertex 5.7209 -41.6013 55
      vertex 5.7209 -41.6013 0
    endloop
  endfacet
  facet normal -0.996191 0.087199 0
    outer loop
      vertex 5.7209 -41.6013 55
      vertex 5.71753 -41.6398 0
      vertex 5.71753 -41.6398 55
    endloop
  endfacet
  facet normal 0.996194 -0.0871595 0
    outer loop
      vertex 8.79673 -41.9092 55
      vertex 8.86892 -41.0841 0
      vertex 8.86892 -41.0841 55
    endloop
  endfacet
  facet normal 0.996194 -0.0871595 0
    outer loop
      vertex 8.86892 -41.0841 0
      vertex 8.79673 -41.9092 55
      vertex 8.79673 -41.9092 0
    endloop
  endfacet
  facet normal -0.906303 -0.422628 0
    outer loop
      vertex 6.06755 -42.3904 0
      vertex 5.71753 -41.6398 55
      vertex 5.71753 -41.6398 0
    endloop
  endfacet
  facet normal -0.906303 -0.422628 0
    outer loop
      vertex 5.71753 -41.6398 55
      vertex 6.06755 -42.3904 0
      vertex 6.06755 -42.3904 55
    endloop
  endfacet
  facet normal -0.0871746 -0.996193 0
    outer loop
      vertex 6.74599 -42.8654 0
      vertex 7.57106 -42.9376 55
      vertex 6.74599 -42.8654 55
    endloop
  endfacet
  facet normal -0.0871746 -0.996193 -0
    outer loop
      vertex 7.57106 -42.9376 55
      vertex 6.74599 -42.8654 0
      vertex 7.57106 -42.9376 0
    endloop
  endfacet
  facet normal 0.422599 -0.906317 0
    outer loop
      vertex 7.57106 -42.9376 0
      vertex 8.32168 -42.5876 55
      vertex 7.57106 -42.9376 55
    endloop
  endfacet
  facet normal 0.422599 -0.906317 0
    outer loop
      vertex 8.32168 -42.5876 55
      vertex 7.57106 -42.9376 0
      vertex 8.32168 -42.5876 0
    endloop
  endfacet
  facet normal -0.573537 -0.81918 0
    outer loop
      vertex 6.06755 -42.3904 0
      vertex 6.74599 -42.8654 55
      vertex 6.06755 -42.3904 55
    endloop
  endfacet
  facet normal -0.573537 -0.81918 -0
    outer loop
      vertex 6.74599 -42.8654 55
      vertex 6.06755 -42.3904 0
      vertex 6.74599 -42.8654 0
    endloop
  endfacet
  facet normal 0.906421 0.422376 0
    outer loop
      vertex 8.86892 -41.0841 55
      vertex 8.84851 -41.0403 0
      vertex 8.84851 -41.0403 55
    endloop
  endfacet
  facet normal 0.906421 0.422376 0
    outer loop
      vertex 8.84851 -41.0403 0
      vertex 8.86892 -41.0841 55
      vertex 8.86892 -41.0841 0
    endloop
  endfacet
  facet normal 0.819135 -0.5736 0
    outer loop
      vertex 8.32168 -42.5876 55
      vertex 8.79673 -41.9092 0
      vertex 8.79673 -41.9092 55
    endloop
  endfacet
  facet normal 0.819135 -0.5736 0
    outer loop
      vertex 8.79673 -41.9092 0
      vertex 8.32168 -42.5876 55
      vertex 8.32168 -42.5876 0
    endloop
  endfacet
  facet normal 0.965914 0.258865 0
    outer loop
      vertex 22.6 -36.3731 55
      vertex 22.3856 -35.5731 0
      vertex 22.3856 -35.5731 55
    endloop
  endfacet
  facet normal 0.965914 0.258865 0
    outer loop
      vertex 22.3856 -35.5731 0
      vertex 22.6 -36.3731 55
      vertex 22.6 -36.3731 0
    endloop
  endfacet
  facet normal 0.258865 -0.965914 0
    outer loop
      vertex 21 -37.9731 0
      vertex 21.8 -37.7587 55
      vertex 21 -37.9731 55
    endloop
  endfacet
  facet normal 0.258865 -0.965914 0
    outer loop
      vertex 21.8 -37.7587 55
      vertex 21 -37.9731 0
      vertex 21.8 -37.7587 0
    endloop
  endfacet
  facet normal -0.707107 -0.707107 0
    outer loop
      vertex 19.6144 -37.1731 0
      vertex 20.2 -37.7587 55
      vertex 19.6144 -37.1731 55
    endloop
  endfacet
  facet normal -0.707107 -0.707107 -0
    outer loop
      vertex 20.2 -37.7587 55
      vertex 19.6144 -37.1731 0
      vertex 20.2 -37.7587 0
    endloop
  endfacet
  facet normal 0.707107 -0.707107 0
    outer loop
      vertex 21.8 -37.7587 55
      vertex 22.3856 -37.1731 0
      vertex 22.3856 -37.1731 55
    endloop
  endfacet
  facet normal 0.707107 -0.707107 0
    outer loop
      vertex 22.3856 -37.1731 0
      vertex 21.8 -37.7587 55
      vertex 21.8 -37.7587 0
    endloop
  endfacet
  facet normal 0.707107 0.707107 0
    outer loop
      vertex 22.3856 -35.5731 55
      vertex 22.3476 -35.5351 0
      vertex 22.3476 -35.5351 55
    endloop
  endfacet
  facet normal 0.707107 0.707107 0
    outer loop
      vertex 22.3476 -35.5351 0
      vertex 22.3856 -35.5731 55
      vertex 22.3856 -35.5731 0
    endloop
  endfacet
  facet normal 0.965914 -0.258865 0
    outer loop
      vertex 22.3856 -37.1731 55
      vertex 22.6 -36.3731 0
      vertex 22.6 -36.3731 55
    endloop
  endfacet
  facet normal 0.965914 -0.258865 0
    outer loop
      vertex 22.6 -36.3731 0
      vertex 22.3856 -37.1731 55
      vertex 22.3856 -37.1731 0
    endloop
  endfacet
  facet normal -0.965616 -0.259973 0
    outer loop
      vertex 19.6144 -37.1731 0
      vertex 19.6004 -37.1211 55
      vertex 19.6004 -37.1211 0
    endloop
  endfacet
  facet normal -0.965616 -0.259973 0
    outer loop
      vertex 19.6004 -37.1211 55
      vertex 19.6144 -37.1731 0
      vertex 19.6144 -37.1731 55
    endloop
  endfacet
  facet normal -0.258865 -0.965914 0
    outer loop
      vertex 20.2 -37.7587 0
      vertex 21 -37.9731 55
      vertex 20.2 -37.7587 55
    endloop
  endfacet
  facet normal -0.258865 -0.965914 -0
    outer loop
      vertex 21 -37.9731 55
      vertex 20.2 -37.7587 0
      vertex 21 -37.9731 0
    endloop
  endfacet
  facet normal 0.996193 0.0871714 0
    outer loop
      vertex 33.7496 -27.2749 55
      vertex 33.6774 -26.4498 0
      vertex 33.6774 -26.4498 55
    endloop
  endfacet
  facet normal 0.996193 0.0871714 0
    outer loop
      vertex 33.6774 -26.4498 0
      vertex 33.7496 -27.2749 55
      vertex 33.7496 -27.2749 0
    endloop
  endfacet
  facet normal 0.819107 0.573641 0
    outer loop
      vertex 33.6774 -26.4498 55
      vertex 33.2023 -25.7714 0
      vertex 33.2023 -25.7714 55
    endloop
  endfacet
  facet normal 0.819107 0.573641 0
    outer loop
      vertex 33.2023 -25.7714 0
      vertex 33.6774 -26.4498 55
      vertex 33.6774 -26.4498 0
    endloop
  endfacet
  facet normal 0.0871714 -0.996193 0
    outer loop
      vertex 31.896 -28.5728 0
      vertex 32.7211 -28.5006 55
      vertex 31.896 -28.5728 55
    endloop
  endfacet
  facet normal 0.0871714 -0.996193 0
    outer loop
      vertex 32.7211 -28.5006 55
      vertex 31.896 -28.5728 0
      vertex 32.7211 -28.5006 0
    endloop
  endfacet
  facet normal -0.422608 -0.906313 0
    outer loop
      vertex 31.1454 -28.2228 0
      vertex 31.896 -28.5728 55
      vertex 31.1454 -28.2228 55
    endloop
  endfacet
  facet normal -0.422608 -0.906313 -0
    outer loop
      vertex 31.896 -28.5728 55
      vertex 31.1454 -28.2228 0
      vertex 31.896 -28.5728 0
    endloop
  endfacet
  facet normal -0.819426 -0.573185 0
    outer loop
      vertex 31.1454 -28.2228 0
      vertex 31.1177 -28.1832 55
      vertex 31.1177 -28.1832 0
    endloop
  endfacet
  facet normal -0.819426 -0.573185 0
    outer loop
      vertex 31.1177 -28.1832 55
      vertex 31.1454 -28.2228 0
      vertex 31.1454 -28.2228 55
    endloop
  endfacet
  facet normal 0.422176 0.906514 -0
    outer loop
      vertex 33.2023 -25.7714 0
      vertex 33.1673 -25.7551 55
      vertex 33.2023 -25.7714 55
    endloop
  endfacet
  facet normal 0.422176 0.906514 0
    outer loop
      vertex 33.1673 -25.7551 55
      vertex 33.2023 -25.7714 0
      vertex 33.1673 -25.7551 0
    endloop
  endfacet
  facet normal 0.906266 -0.422707 0
    outer loop
      vertex 33.3995 -28.0255 55
      vertex 33.7496 -27.2749 0
      vertex 33.7496 -27.2749 55
    endloop
  endfacet
  facet normal 0.906266 -0.422707 0
    outer loop
      vertex 33.7496 -27.2749 0
      vertex 33.3995 -28.0255 55
      vertex 33.3995 -28.0255 0
    endloop
  endfacet
  facet normal 0.573641 -0.819107 0
    outer loop
      vertex 32.7211 -28.5006 0
      vertex 33.3995 -28.0255 55
      vertex 32.7211 -28.5006 55
    endloop
  endfacet
  facet normal 0.573641 -0.819107 0
    outer loop
      vertex 33.3995 -28.0255 55
      vertex 32.7211 -28.5006 0
      vertex 33.3995 -28.0255 0
    endloop
  endfacet
  facet normal 0.906313 0.422608 0
    outer loop
      vertex 41.0428 -14.087 55
      vertex 40.6928 -13.3364 0
      vertex 40.6928 -13.3364 55
    endloop
  endfacet
  facet normal 0.906313 0.422608 0
    outer loop
      vertex 40.6928 -13.3364 0
      vertex 41.0428 -14.087 55
      vertex 41.0428 -14.087 0
    endloop
  endfacet
  facet normal 0.573584 0.819147 -0
    outer loop
      vertex 40.6928 -13.3364 0
      vertex 40.0143 -12.8613 55
      vertex 40.6928 -13.3364 55
    endloop
  endfacet
  facet normal 0.573584 0.819147 0
    outer loop
      vertex 40.0143 -12.8613 55
      vertex 40.6928 -13.3364 0
      vertex 40.0143 -12.8613 0
    endloop
  endfacet
  facet normal 0.0869871 0.996209 -0
    outer loop
      vertex 40.0143 -12.8613 0
      vertex 39.9662 -12.8571 55
      vertex 40.0143 -12.8613 55
    endloop
  endfacet
  facet normal 0.0869871 0.996209 0
    outer loop
      vertex 39.9662 -12.8571 55
      vertex 40.0143 -12.8613 0
      vertex 39.9662 -12.8571 0
    endloop
  endfacet
  facet normal 0.422562 -0.906334 0
    outer loop
      vertex 39.7449 -15.9405 0
      vertex 40.4956 -15.5905 55
      vertex 39.7449 -15.9405 55
    endloop
  endfacet
  facet normal 0.422562 -0.906334 0
    outer loop
      vertex 40.4956 -15.5905 55
      vertex 39.7449 -15.9405 0
      vertex 40.4956 -15.5905 0
    endloop
  endfacet
  facet normal 0.996193 -0.0871714 0
    outer loop
      vertex 40.9706 -14.9121 55
      vertex 41.0428 -14.087 0
      vertex 41.0428 -14.087 55
    endloop
  endfacet
  facet normal 0.996193 -0.0871714 0
    outer loop
      vertex 41.0428 -14.087 0
      vertex 40.9706 -14.9121 55
      vertex 40.9706 -14.9121 0
    endloop
  endfacet
  facet normal -0.0870621 -0.996203 0
    outer loop
      vertex 38.9199 -15.8684 0
      vertex 39.7449 -15.9405 55
      vertex 38.9199 -15.8684 55
    endloop
  endfacet
  facet normal -0.0870621 -0.996203 -0
    outer loop
      vertex 39.7449 -15.9405 55
      vertex 38.9199 -15.8684 0
      vertex 39.7449 -15.9405 0
    endloop
  endfacet
  facet normal -0.573636 -0.819111 0
    outer loop
      vertex 38.8882 -15.8462 0
      vertex 38.9199 -15.8684 55
      vertex 38.8882 -15.8462 55
    endloop
  endfacet
  facet normal -0.573636 -0.819111 -0
    outer loop
      vertex 38.9199 -15.8684 55
      vertex 38.8882 -15.8462 0
      vertex 38.9199 -15.8684 0
    endloop
  endfacet
  facet normal 0.819164 -0.57356 0
    outer loop
      vertex 40.4956 -15.5905 55
      vertex 40.9706 -14.9121 0
      vertex 40.9706 -14.9121 55
    endloop
  endfacet
  facet normal 0.819164 -0.57356 0
    outer loop
      vertex 40.9706 -14.9121 0
      vertex 40.4956 -15.5905 55
      vertex 40.4956 -15.5905 0
    endloop
  endfacet
  facet normal -0.973877 -0.227077 0
    outer loop
      vertex -40.5689 -10.8704 0
      vertex -41.193 -8.19379 55
      vertex -41.193 -8.19379 0
    endloop
  endfacet
  facet normal -0.973877 -0.227077 0
    outer loop
      vertex -41.193 -8.19379 55
      vertex -40.5689 -10.8704 0
      vertex -40.5689 -10.8704 55
    endloop
  endfacet
  facet normal 0.995184 0.0980205 0
    outer loop
      vertex 41.9101 2.74693 55
      vertex 41.6407 5.4821 0
      vertex 41.6407 5.4821 55
    endloop
  endfacet
  facet normal 0.995184 0.0980205 0
    outer loop
      vertex 41.6407 5.4821 0
      vertex 41.9101 2.74693 55
      vertex 41.9101 2.74693 0
    endloop
  endfacet
  facet normal 0.999465 0.0327174 0
    outer loop
      vertex 41.9481 1.58609 55
      vertex 41.9101 2.74693 0
      vertex 41.9101 2.74693 55
    endloop
  endfacet
  facet normal 0.999465 0.0327174 0
    outer loop
      vertex 41.9101 2.74693 0
      vertex 41.9481 1.58609 55
      vertex 41.9481 1.58609 0
    endloop
  endfacet
  facet normal 0.986643 0.162895 0
    outer loop
      vertex 41.6407 5.4821 55
      vertex 41.193 8.19379 0
      vertex 41.193 8.19379 55
    endloop
  endfacet
  facet normal 0.986643 0.162895 0
    outer loop
      vertex 41.193 8.19379 0
      vertex 41.6407 5.4821 55
      vertex 41.6407 5.4821 0
    endloop
  endfacet
  facet normal -0.849198 0.528075 0
    outer loop
      vertex -36.3731 21 0
      vertex -34.9217 23.334 55
      vertex -34.9217 23.334 0
    endloop
  endfacet
  facet normal -0.849198 0.528075 0
    outer loop
      vertex -34.9217 23.334 55
      vertex -36.3731 21 0
      vertex -36.3731 21 55
    endloop
  endfacet
  facet normal -0.77311 0.634272 0
    outer loop
      vertex -33.3208 25.568 0
      vertex -33.1673 25.7551 55
      vertex -33.1673 25.7551 0
    endloop
  endfacet
  facet normal -0.77311 0.634272 0
    outer loop
      vertex -33.1673 25.7551 55
      vertex -33.3208 25.568 0
      vertex -33.3208 25.568 55
    endloop
  endfacet
  facet normal -0.227059 -0.973881 0
    outer loop
      vertex -10.8704 -40.5689 0
      vertex -8.84851 -41.0403 55
      vertex -10.8704 -40.5689 55
    endloop
  endfacet
  facet normal -0.227059 -0.973881 -0
    outer loop
      vertex -8.84851 -41.0403 55
      vertex -10.8704 -40.5689 0
      vertex -8.84851 -41.0403 0
    endloop
  endfacet
  facet normal -0.412684 -0.910874 0
    outer loop
      vertex -18.5761 -37.6687 0
      vertex -16.0727 -38.8029 55
      vertex -18.5761 -37.6687 55
    endloop
  endfacet
  facet normal -0.412684 -0.910874 -0
    outer loop
      vertex -16.0727 -38.8029 55
      vertex -18.5761 -37.6687 0
      vertex -16.0727 -38.8029 0
    endloop
  endfacet
  facet normal 0.935836 0.352436 0
    outer loop
      vertex 38.8882 15.8462 55
      vertex 38.8029 16.0727 0
      vertex 38.8029 16.0727 55
    endloop
  endfacet
  facet normal 0.935836 0.352436 0
    outer loop
      vertex 38.8029 16.0727 0
      vertex 38.8882 15.8462 55
      vertex 38.8882 15.8462 0
    endloop
  endfacet
  facet normal 0.973877 0.227077 0
    outer loop
      vertex 41.193 8.19379 55
      vertex 40.5689 10.8704 0
      vertex 40.5689 10.8704 55
    endloop
  endfacet
  facet normal 0.973877 0.227077 0
    outer loop
      vertex 40.5689 10.8704 0
      vertex 41.193 8.19379 55
      vertex 41.193 8.19379 0
    endloop
  endfacet
  facet normal -0.683588 -0.729868 0
    outer loop
      vertex -29.6985 -29.6985 0
      vertex -27.6925 -31.5773 55
      vertex -29.6985 -29.6985 55
    endloop
  endfacet
  facet normal -0.683588 -0.729868 -0
    outer loop
      vertex -27.6925 -31.5773 55
      vertex -29.6985 -29.6985 0
      vertex -27.6925 -31.5773 0
    endloop
  endfacet
  facet normal 0.528078 0.849196 -0
    outer loop
      vertex 23.334 34.9217 0
      vertex 22.3476 35.5351 55
      vertex 23.334 34.9217 55
    endloop
  endfacet
  facet normal 0.528078 0.849196 0
    outer loop
      vertex 22.3476 35.5351 55
      vertex 23.334 34.9217 0
      vertex 22.3476 35.5351 0
    endloop
  endfacet
  facet normal -0.528078 0.849196 0
    outer loop
      vertex -22.3476 35.5351 0
      vertex -23.334 34.9217 55
      vertex -22.3476 35.5351 55
    endloop
  endfacet
  facet normal -0.528078 0.849196 0
    outer loop
      vertex -23.334 34.9217 55
      vertex -22.3476 35.5351 0
      vertex -23.334 34.9217 0
    endloop
  endfacet
  facet normal 0.729872 0.683584 0
    outer loop
      vertex 31.1177 28.1832 55
      vertex 29.6985 29.6985 0
      vertex 29.6985 29.6985 55
    endloop
  endfacet
  facet normal 0.729872 0.683584 0
    outer loop
      vertex 29.6985 29.6985 0
      vertex 31.1177 28.1832 55
      vertex 31.1177 28.1832 0
    endloop
  endfacet
  facet normal 0.986643 -0.162895 0
    outer loop
      vertex 41.193 -8.19379 55
      vertex 41.6407 -5.4821 0
      vertex 41.6407 -5.4821 55
    endloop
  endfacet
  facet normal 0.986643 -0.162895 0
    outer loop
      vertex 41.6407 -5.4821 0
      vertex 41.193 -8.19379 55
      vertex 41.193 -8.19379 0
    endloop
  endfacet
  facet normal -0.81284 -0.582487 0
    outer loop
      vertex -33.3208 -25.568 0
      vertex -34.9217 -23.334 55
      vertex -34.9217 -23.334 0
    endloop
  endfacet
  facet normal -0.81284 -0.582487 0
    outer loop
      vertex -34.9217 -23.334 55
      vertex -33.3208 -25.568 0
      vertex -33.3208 -25.568 55
    endloop
  endfacet
  facet normal 0.227059 0.973881 -0
    outer loop
      vertex 10.8704 40.5689 0
      vertex 8.84851 41.0403 55
      vertex 10.8704 40.5689 55
    endloop
  endfacet
  facet normal 0.227059 0.973881 0
    outer loop
      vertex 8.84851 41.0403 55
      vertex 10.8704 40.5689 0
      vertex 8.84851 41.0403 0
    endloop
  endfacet
  facet normal 0.849198 -0.528075 0
    outer loop
      vertex 34.9217 -23.334 55
      vertex 36.3731 -21 0
      vertex 36.3731 -21 55
    endloop
  endfacet
  facet normal 0.849198 -0.528075 0
    outer loop
      vertex 36.3731 -21 0
      vertex 34.9217 -23.334 55
      vertex 34.9217 -23.334 0
    endloop
  endfacet
  facet normal 0.290274 0.956944 -0
    outer loop
      vertex 13.5005 39.7711 0
      vertex 10.8704 40.5689 55
      vertex 13.5005 39.7711 55
    endloop
  endfacet
  facet normal 0.290274 0.956944 0
    outer loop
      vertex 10.8704 40.5689 55
      vertex 13.5005 39.7711 0
      vertex 10.8704 40.5689 0
    endloop
  endfacet
  facet normal 0.81284 0.582487 0
    outer loop
      vertex 34.9217 23.334 55
      vertex 33.3208 25.568 0
      vertex 33.3208 25.568 55
    endloop
  endfacet
  facet normal 0.81284 0.582487 0
    outer loop
      vertex 33.3208 25.568 0
      vertex 34.9217 23.334 55
      vertex 34.9217 23.334 0
    endloop
  endfacet
  facet normal -0.412684 0.910874 0
    outer loop
      vertex -16.0727 38.8029 0
      vertex -18.5761 37.6687 55
      vertex -16.0727 38.8029 55
    endloop
  endfacet
  facet normal -0.412684 0.910874 0
    outer loop
      vertex -18.5761 37.6687 55
      vertex -16.0727 38.8029 0
      vertex -18.5761 37.6687 0
    endloop
  endfacet
  facet normal 0.956935 0.290303 0
    outer loop
      vertex 40.5689 10.8704 55
      vertex 39.9662 12.8571 0
      vertex 39.9662 12.8571 55
    endloop
  endfacet
  facet normal 0.956935 0.290303 0
    outer loop
      vertex 39.9662 12.8571 0
      vertex 40.5689 10.8704 55
      vertex 40.5689 10.8704 0
    endloop
  endfacet
  facet normal 0.77311 -0.634272 0
    outer loop
      vertex 33.1673 -25.7551 55
      vertex 33.3208 -25.568 0
      vertex 33.3208 -25.568 55
    endloop
  endfacet
  facet normal 0.77311 -0.634272 0
    outer loop
      vertex 33.3208 -25.568 0
      vertex 33.1673 -25.7551 55
      vertex 33.1673 -25.7551 0
    endloop
  endfacet
  facet normal 0.634386 0.773016 -0
    outer loop
      vertex 27.6925 31.5773 0
      vertex 25.568 33.3208 55
      vertex 27.6925 31.5773 55
    endloop
  endfacet
  facet normal 0.634386 0.773016 0
    outer loop
      vertex 25.568 33.3208 55
      vertex 27.6925 31.5773 0
      vertex 25.568 33.3208 0
    endloop
  endfacet
  facet normal 0.0327099 -0.999465 0
    outer loop
      vertex 0 -42 0
      vertex 2.74693 -41.9101 55
      vertex 0 -42 55
    endloop
  endfacet
  facet normal 0.0327099 -0.999465 0
    outer loop
      vertex 2.74693 -41.9101 55
      vertex 0 -42 0
      vertex 2.74693 -41.9101 0
    endloop
  endfacet
  facet normal -0.162791 0.986661 0
    outer loop
      vertex -5.4821 41.6407 0
      vertex -5.7209 41.6013 55
      vertex -5.4821 41.6407 55
    endloop
  endfacet
  facet normal -0.162791 0.986661 0
    outer loop
      vertex -5.7209 41.6013 55
      vertex -5.4821 41.6407 0
      vertex -5.7209 41.6013 0
    endloop
  endfacet
  facet normal 0.582487 0.81284 -0
    outer loop
      vertex 25.568 33.3208 0
      vertex 23.334 34.9217 55
      vertex 25.568 33.3208 55
    endloop
  endfacet
  facet normal 0.582487 0.81284 0
    outer loop
      vertex 23.334 34.9217 55
      vertex 25.568 33.3208 0
      vertex 23.334 34.9217 0
    endloop
  endfacet
  facet normal -0.995184 -0.0980205 0
    outer loop
      vertex -41.6407 -5.4821 0
      vertex -41.9101 -2.74693 55
      vertex -41.9101 -2.74693 0
    endloop
  endfacet
  facet normal -0.995184 -0.0980205 0
    outer loop
      vertex -41.9101 -2.74693 55
      vertex -41.6407 -5.4821 0
      vertex -41.6407 -5.4821 55
    endloop
  endfacet
  facet normal -0.935836 -0.352436 0
    outer loop
      vertex -38.8029 -16.0727 0
      vertex -38.8882 -15.8462 55
      vertex -38.8882 -15.8462 0
    endloop
  endfacet
  facet normal -0.935836 -0.352436 0
    outer loop
      vertex -38.8882 -15.8462 55
      vertex -38.8029 -16.0727 0
      vertex -38.8029 -16.0727 55
    endloop
  endfacet
  facet normal -0.35228 -0.935895 0
    outer loop
      vertex -16.0727 -38.8029 0
      vertex -13.5005 -39.7711 55
      vertex -16.0727 -38.8029 55
    endloop
  endfacet
  facet normal -0.35228 -0.935895 -0
    outer loop
      vertex -13.5005 -39.7711 55
      vertex -16.0727 -38.8029 0
      vertex -13.5005 -39.7711 0
    endloop
  endfacet
  facet normal -0.0327099 0.999465 0
    outer loop
      vertex 0 42 0
      vertex -2.74693 41.9101 55
      vertex 0 42 55
    endloop
  endfacet
  facet normal -0.0327099 0.999465 0
    outer loop
      vertex -2.74693 41.9101 55
      vertex 0 42 0
      vertex -2.74693 41.9101 0
    endloop
  endfacet
  facet normal -0.0327099 -0.999465 0
    outer loop
      vertex -2.74693 -41.9101 0
      vertex 0 -42 55
      vertex -2.74693 -41.9101 55
    endloop
  endfacet
  facet normal -0.0327099 -0.999465 -0
    outer loop
      vertex 0 -42 55
      vertex -2.74693 -41.9101 0
      vertex 0 -42 0
    endloop
  endfacet
  facet normal 0.471464 -0.881885 0
    outer loop
      vertex 18.5761 -37.6687 0
      vertex 19.6004 -37.1211 55
      vertex 18.5761 -37.6687 55
    endloop
  endfacet
  facet normal 0.471464 -0.881885 0
    outer loop
      vertex 19.6004 -37.1211 55
      vertex 18.5761 -37.6687 0
      vertex 19.6004 -37.1211 0
    endloop
  endfacet
  facet normal -0.683588 0.729868 0
    outer loop
      vertex -27.6925 31.5773 0
      vertex -29.6985 29.6985 55
      vertex -27.6925 31.5773 55
    endloop
  endfacet
  facet normal -0.683588 0.729868 0
    outer loop
      vertex -29.6985 29.6985 55
      vertex -27.6925 31.5773 0
      vertex -29.6985 29.6985 0
    endloop
  endfacet
  facet normal -0.995184 0.0980205 0
    outer loop
      vertex -41.9101 2.74693 0
      vertex -41.6407 5.4821 55
      vertex -41.6407 5.4821 0
    endloop
  endfacet
  facet normal -0.995184 0.0980205 0
    outer loop
      vertex -41.6407 5.4821 55
      vertex -41.9101 2.74693 0
      vertex -41.9101 2.74693 55
    endloop
  endfacet
  facet normal 0.162791 -0.986661 0
    outer loop
      vertex 5.4821 -41.6407 0
      vertex 5.7209 -41.6013 55
      vertex 5.4821 -41.6407 55
    endloop
  endfacet
  facet normal 0.162791 -0.986661 0
    outer loop
      vertex 5.7209 -41.6013 55
      vertex 5.4821 -41.6407 0
      vertex 5.7209 -41.6013 0
    endloop
  endfacet
  facet normal -0.986643 -0.162895 0
    outer loop
      vertex -41.193 -8.19379 0
      vertex -41.6407 -5.4821 55
      vertex -41.6407 -5.4821 0
    endloop
  endfacet
  facet normal -0.986643 -0.162895 0
    outer loop
      vertex -41.6407 -5.4821 55
      vertex -41.193 -8.19379 0
      vertex -41.193 -8.19379 55
    endloop
  endfacet
  facet normal 0.77311 0.634272 0
    outer loop
      vertex 33.3208 25.568 55
      vertex 33.1673 25.7551 0
      vertex 33.1673 25.7551 55
    endloop
  endfacet
  facet normal 0.77311 0.634272 0
    outer loop
      vertex 33.1673 25.7551 0
      vertex 33.3208 25.568 55
      vertex 33.3208 25.568 0
    endloop
  endfacet
  facet normal 0.995184 -0.0980205 0
    outer loop
      vertex 41.6407 -5.4821 55
      vertex 41.9101 -2.74693 0
      vertex 41.9101 -2.74693 55
    endloop
  endfacet
  facet normal 0.995184 -0.0980205 0
    outer loop
      vertex 41.9101 -2.74693 0
      vertex 41.6407 -5.4821 55
      vertex 41.6407 -5.4821 0
    endloop
  endfacet
  facet normal -0.582487 0.81284 0
    outer loop
      vertex -23.334 34.9217 0
      vertex -25.568 33.3208 55
      vertex -23.334 34.9217 55
    endloop
  endfacet
  facet normal -0.582487 0.81284 0
    outer loop
      vertex -25.568 33.3208 55
      vertex -23.334 34.9217 0
      vertex -25.568 33.3208 0
    endloop
  endfacet
  facet normal 0.881921 0.471396 0
    outer loop
      vertex 37.6687 18.5761 55
      vertex 36.3731 21 0
      vertex 36.3731 21 55
    endloop
  endfacet
  facet normal 0.881921 0.471396 0
    outer loop
      vertex 36.3731 21 0
      vertex 37.6687 18.5761 55
      vertex 37.6687 18.5761 0
    endloop
  endfacet
  facet normal 0.729872 -0.683584 0
    outer loop
      vertex 29.6985 -29.6985 55
      vertex 31.1177 -28.1832 0
      vertex 31.1177 -28.1832 55
    endloop
  endfacet
  facet normal 0.729872 -0.683584 0
    outer loop
      vertex 31.1177 -28.1832 0
      vertex 29.6985 -29.6985 55
      vertex 29.6985 -29.6985 0
    endloop
  endfacet
  facet normal 0.935836 -0.352436 0
    outer loop
      vertex 38.8029 -16.0727 55
      vertex 38.8882 -15.8462 0
      vertex 38.8882 -15.8462 55
    endloop
  endfacet
  facet normal 0.935836 -0.352436 0
    outer loop
      vertex 38.8882 -15.8462 0
      vertex 38.8029 -16.0727 55
      vertex 38.8029 -16.0727 0
    endloop
  endfacet
  facet normal 0.849198 0.528075 0
    outer loop
      vertex 36.3731 21 55
      vertex 34.9217 23.334 0
      vertex 34.9217 23.334 55
    endloop
  endfacet
  facet normal 0.849198 0.528075 0
    outer loop
      vertex 34.9217 23.334 0
      vertex 36.3731 21 55
      vertex 36.3731 21 0
    endloop
  endfacet
  facet normal -0.881921 -0.471396 0
    outer loop
      vertex -36.3731 -21 0
      vertex -37.6687 -18.5761 55
      vertex -37.6687 -18.5761 0
    endloop
  endfacet
  facet normal -0.881921 -0.471396 0
    outer loop
      vertex -37.6687 -18.5761 55
      vertex -36.3731 -21 0
      vertex -36.3731 -21 55
    endloop
  endfacet
  facet normal 0.973877 -0.227077 0
    outer loop
      vertex 40.5689 -10.8704 55
      vertex 41.193 -8.19379 0
      vertex 41.193 -8.19379 55
    endloop
  endfacet
  facet normal 0.973877 -0.227077 0
    outer loop
      vertex 41.193 -8.19379 0
      vertex 40.5689 -10.8704 55
      vertex 40.5689 -10.8704 0
    endloop
  endfacet
  facet normal 0.910874 -0.412684 0
    outer loop
      vertex 37.6687 -18.5761 55
      vertex 38.8029 -16.0727 0
      vertex 38.8029 -16.0727 55
    endloop
  endfacet
  facet normal 0.910874 -0.412684 0
    outer loop
      vertex 38.8029 -16.0727 0
      vertex 37.6687 -18.5761 55
      vertex 37.6687 -18.5761 0
    endloop
  endfacet
  facet normal 0.412684 -0.910874 0
    outer loop
      vertex 16.0727 -38.8029 0
      vertex 18.5761 -37.6687 55
      vertex 16.0727 -38.8029 55
    endloop
  endfacet
  facet normal 0.412684 -0.910874 0
    outer loop
      vertex 18.5761 -37.6687 55
      vertex 16.0727 -38.8029 0
      vertex 18.5761 -37.6687 0
    endloop
  endfacet
  facet normal -0.935836 0.352436 0
    outer loop
      vertex -38.8882 15.8462 0
      vertex -38.8029 16.0727 55
      vertex -38.8029 16.0727 0
    endloop
  endfacet
  facet normal -0.935836 0.352436 0
    outer loop
      vertex -38.8029 16.0727 55
      vertex -38.8882 15.8462 0
      vertex -38.8882 15.8462 55
    endloop
  endfacet
  facet normal 0.910874 0.412684 0
    outer loop
      vertex 38.8029 16.0727 55
      vertex 37.6687 18.5761 0
      vertex 37.6687 18.5761 55
    endloop
  endfacet
  facet normal 0.910874 0.412684 0
    outer loop
      vertex 37.6687 18.5761 0
      vertex 38.8029 16.0727 55
      vertex 38.8029 16.0727 0
    endloop
  endfacet
  facet normal -0.910874 0.412684 0
    outer loop
      vertex -38.8029 16.0727 0
      vertex -37.6687 18.5761 55
      vertex -37.6687 18.5761 0
    endloop
  endfacet
  facet normal -0.910874 0.412684 0
    outer loop
      vertex -37.6687 18.5761 55
      vertex -38.8029 16.0727 0
      vertex -38.8029 16.0727 55
    endloop
  endfacet
  facet normal -0.35228 0.935895 0
    outer loop
      vertex -13.5005 39.7711 0
      vertex -16.0727 38.8029 55
      vertex -13.5005 39.7711 55
    endloop
  endfacet
  facet normal -0.35228 0.935895 0
    outer loop
      vertex -16.0727 38.8029 55
      vertex -13.5005 39.7711 0
      vertex -16.0727 38.8029 0
    endloop
  endfacet
  facet normal 0.683588 0.729868 -0
    outer loop
      vertex 29.6985 29.6985 0
      vertex 27.6925 31.5773 55
      vertex 29.6985 29.6985 55
    endloop
  endfacet
  facet normal 0.683588 0.729868 0
    outer loop
      vertex 27.6925 31.5773 55
      vertex 29.6985 29.6985 0
      vertex 27.6925 31.5773 0
    endloop
  endfacet
  facet normal 0.162791 0.986661 -0
    outer loop
      vertex 5.7209 41.6013 0
      vertex 5.4821 41.6407 55
      vertex 5.7209 41.6013 55
    endloop
  endfacet
  facet normal 0.162791 0.986661 0
    outer loop
      vertex 5.4821 41.6407 55
      vertex 5.7209 41.6013 0
      vertex 5.4821 41.6407 0
    endloop
  endfacet
  facet normal -0.81284 0.582487 0
    outer loop
      vertex -34.9217 23.334 0
      vertex -33.3208 25.568 55
      vertex -33.3208 25.568 0
    endloop
  endfacet
  facet normal -0.81284 0.582487 0
    outer loop
      vertex -33.3208 25.568 55
      vertex -34.9217 23.334 0
      vertex -34.9217 23.334 55
    endloop
  endfacet
  facet normal 0.471464 0.881885 -0
    outer loop
      vertex 19.6004 37.1211 0
      vertex 18.5761 37.6687 55
      vertex 19.6004 37.1211 55
    endloop
  endfacet
  facet normal 0.471464 0.881885 0
    outer loop
      vertex 18.5761 37.6687 55
      vertex 19.6004 37.1211 0
      vertex 18.5761 37.6687 0
    endloop
  endfacet
  facet normal 0.999465 -0.0327174 0
    outer loop
      vertex 41.9101 -2.74693 55
      vertex 41.9481 -1.58609 0
      vertex 41.9481 -1.58609 55
    endloop
  endfacet
  facet normal 0.999465 -0.0327174 0
    outer loop
      vertex 41.9481 -1.58609 0
      vertex 41.9101 -2.74693 55
      vertex 41.9101 -2.74693 0
    endloop
  endfacet
  facet normal 0.582487 -0.81284 0
    outer loop
      vertex 23.334 -34.9217 0
      vertex 25.568 -33.3208 55
      vertex 23.334 -34.9217 55
    endloop
  endfacet
  facet normal 0.582487 -0.81284 0
    outer loop
      vertex 25.568 -33.3208 55
      vertex 23.334 -34.9217 0
      vertex 25.568 -33.3208 0
    endloop
  endfacet
  facet normal 0.81284 -0.582487 0
    outer loop
      vertex 33.3208 -25.568 55
      vertex 34.9217 -23.334 0
      vertex 34.9217 -23.334 55
    endloop
  endfacet
  facet normal 0.81284 -0.582487 0
    outer loop
      vertex 34.9217 -23.334 0
      vertex 33.3208 -25.568 55
      vertex 33.3208 -25.568 0
    endloop
  endfacet
  facet normal 0.0980205 -0.995184 0
    outer loop
      vertex 2.74693 -41.9101 0
      vertex 5.4821 -41.6407 55
      vertex 2.74693 -41.9101 55
    endloop
  endfacet
  facet normal 0.0980205 -0.995184 0
    outer loop
      vertex 5.4821 -41.6407 55
      vertex 2.74693 -41.9101 0
      vertex 5.4821 -41.6407 0
    endloop
  endfacet
  facet normal -0.0980205 0.995184 0
    outer loop
      vertex -2.74693 41.9101 0
      vertex -5.4821 41.6407 55
      vertex -2.74693 41.9101 55
    endloop
  endfacet
  facet normal -0.0980205 0.995184 0
    outer loop
      vertex -5.4821 41.6407 55
      vertex -2.74693 41.9101 0
      vertex -5.4821 41.6407 0
    endloop
  endfacet
  facet normal 0.881921 -0.471396 0
    outer loop
      vertex 36.3731 -21 55
      vertex 37.6687 -18.5761 0
      vertex 37.6687 -18.5761 55
    endloop
  endfacet
  facet normal 0.881921 -0.471396 0
    outer loop
      vertex 37.6687 -18.5761 0
      vertex 36.3731 -21 55
      vertex 36.3731 -21 0
    endloop
  endfacet
  facet normal -0.290274 -0.956944 0
    outer loop
      vertex -13.5005 -39.7711 0
      vertex -10.8704 -40.5689 55
      vertex -13.5005 -39.7711 55
    endloop
  endfacet
  facet normal -0.290274 -0.956944 -0
    outer loop
      vertex -10.8704 -40.5689 55
      vertex -13.5005 -39.7711 0
      vertex -10.8704 -40.5689 0
    endloop
  endfacet
  facet normal 0.227059 -0.973881 0
    outer loop
      vertex 8.84851 -41.0403 0
      vertex 10.8704 -40.5689 55
      vertex 8.84851 -41.0403 55
    endloop
  endfacet
  facet normal 0.227059 -0.973881 0
    outer loop
      vertex 10.8704 -40.5689 55
      vertex 8.84851 -41.0403 0
      vertex 10.8704 -40.5689 0
    endloop
  endfacet
  facet normal 0.412684 0.910874 -0
    outer loop
      vertex 18.5761 37.6687 0
      vertex 16.0727 38.8029 55
      vertex 18.5761 37.6687 55
    endloop
  endfacet
  facet normal 0.412684 0.910874 0
    outer loop
      vertex 16.0727 38.8029 55
      vertex 18.5761 37.6687 0
      vertex 16.0727 38.8029 0
    endloop
  endfacet
  facet normal -0.528078 -0.849196 0
    outer loop
      vertex -23.334 -34.9217 0
      vertex -22.3476 -35.5351 55
      vertex -23.334 -34.9217 55
    endloop
  endfacet
  facet normal -0.528078 -0.849196 -0
    outer loop
      vertex -22.3476 -35.5351 55
      vertex -23.334 -34.9217 0
      vertex -22.3476 -35.5351 0
    endloop
  endfacet
  facet normal -0.634386 0.773016 0
    outer loop
      vertex -25.568 33.3208 0
      vertex -27.6925 31.5773 55
      vertex -25.568 33.3208 55
    endloop
  endfacet
  facet normal -0.634386 0.773016 0
    outer loop
      vertex -27.6925 31.5773 55
      vertex -25.568 33.3208 0
      vertex -27.6925 31.5773 0
    endloop
  endfacet
  facet normal -0.227059 0.973881 0
    outer loop
      vertex -8.84851 41.0403 0
      vertex -10.8704 40.5689 55
      vertex -8.84851 41.0403 55
    endloop
  endfacet
  facet normal -0.227059 0.973881 0
    outer loop
      vertex -10.8704 40.5689 55
      vertex -8.84851 41.0403 0
      vertex -10.8704 40.5689 0
    endloop
  endfacet
  facet normal -0.849198 -0.528075 0
    outer loop
      vertex -34.9217 -23.334 0
      vertex -36.3731 -21 55
      vertex -36.3731 -21 0
    endloop
  endfacet
  facet normal -0.849198 -0.528075 0
    outer loop
      vertex -36.3731 -21 55
      vertex -34.9217 -23.334 0
      vertex -34.9217 -23.334 55
    endloop
  endfacet
  facet normal -0.290274 0.956944 0
    outer loop
      vertex -10.8704 40.5689 0
      vertex -13.5005 39.7711 55
      vertex -10.8704 40.5689 55
    endloop
  endfacet
  facet normal -0.290274 0.956944 0
    outer loop
      vertex -13.5005 39.7711 55
      vertex -10.8704 40.5689 0
      vertex -13.5005 39.7711 0
    endloop
  endfacet
  facet normal -0.999465 -0.0327174 0
    outer loop
      vertex -41.9101 -2.74693 0
      vertex -41.9481 -1.58609 55
      vertex -41.9481 -1.58609 0
    endloop
  endfacet
  facet normal -0.999465 -0.0327174 0
    outer loop
      vertex -41.9481 -1.58609 55
      vertex -41.9101 -2.74693 0
      vertex -41.9101 -2.74693 55
    endloop
  endfacet
  facet normal 0.290274 -0.956944 0
    outer loop
      vertex 10.8704 -40.5689 0
      vertex 13.5005 -39.7711 55
      vertex 10.8704 -40.5689 55
    endloop
  endfacet
  facet normal 0.290274 -0.956944 0
    outer loop
      vertex 13.5005 -39.7711 55
      vertex 10.8704 -40.5689 0
      vertex 13.5005 -39.7711 0
    endloop
  endfacet
  facet normal -0.986643 0.162895 0
    outer loop
      vertex -41.6407 5.4821 0
      vertex -41.193 8.19379 55
      vertex -41.193 8.19379 0
    endloop
  endfacet
  facet normal -0.986643 0.162895 0
    outer loop
      vertex -41.193 8.19379 55
      vertex -41.6407 5.4821 0
      vertex -41.6407 5.4821 55
    endloop
  endfacet
  facet normal 0.0327099 0.999465 -0
    outer loop
      vertex 2.74693 41.9101 0
      vertex 0 42 55
      vertex 2.74693 41.9101 55
    endloop
  endfacet
  facet normal 0.0327099 0.999465 0
    outer loop
      vertex 0 42 55
      vertex 2.74693 41.9101 0
      vertex 0 42 0
    endloop
  endfacet
  facet normal 0.35228 0.935895 -0
    outer loop
      vertex 16.0727 38.8029 0
      vertex 13.5005 39.7711 55
      vertex 16.0727 38.8029 55
    endloop
  endfacet
  facet normal 0.35228 0.935895 0
    outer loop
      vertex 13.5005 39.7711 55
      vertex 16.0727 38.8029 0
      vertex 13.5005 39.7711 0
    endloop
  endfacet
  facet normal -0.729872 -0.683584 0
    outer loop
      vertex -29.6985 -29.6985 0
      vertex -31.1177 -28.1832 55
      vertex -31.1177 -28.1832 0
    endloop
  endfacet
  facet normal -0.729872 -0.683584 0
    outer loop
      vertex -31.1177 -28.1832 55
      vertex -29.6985 -29.6985 0
      vertex -29.6985 -29.6985 55
    endloop
  endfacet
  facet normal -0.77311 -0.634272 0
    outer loop
      vertex -33.1673 -25.7551 0
      vertex -33.3208 -25.568 55
      vertex -33.3208 -25.568 0
    endloop
  endfacet
  facet normal -0.77311 -0.634272 0
    outer loop
      vertex -33.3208 -25.568 55
      vertex -33.1673 -25.7551 0
      vertex -33.1673 -25.7551 55
    endloop
  endfacet
  facet normal -0.582487 -0.81284 0
    outer loop
      vertex -25.568 -33.3208 0
      vertex -23.334 -34.9217 55
      vertex -25.568 -33.3208 55
    endloop
  endfacet
  facet normal -0.582487 -0.81284 -0
    outer loop
      vertex -23.334 -34.9217 55
      vertex -25.568 -33.3208 0
      vertex -23.334 -34.9217 0
    endloop
  endfacet
  facet normal -0.162791 -0.986661 0
    outer loop
      vertex -5.7209 -41.6013 0
      vertex -5.4821 -41.6407 55
      vertex -5.7209 -41.6013 55
    endloop
  endfacet
  facet normal -0.162791 -0.986661 -0
    outer loop
      vertex -5.4821 -41.6407 55
      vertex -5.7209 -41.6013 0
      vertex -5.4821 -41.6407 0
    endloop
  endfacet
  facet normal 0.634386 -0.773016 0
    outer loop
      vertex 25.568 -33.3208 0
      vertex 27.6925 -31.5773 55
      vertex 25.568 -33.3208 55
    endloop
  endfacet
  facet normal 0.634386 -0.773016 0
    outer loop
      vertex 27.6925 -31.5773 55
      vertex 25.568 -33.3208 0
      vertex 27.6925 -31.5773 0
    endloop
  endfacet
  facet normal 0.528078 -0.849196 0
    outer loop
      vertex 22.3476 -35.5351 0
      vertex 23.334 -34.9217 55
      vertex 22.3476 -35.5351 55
    endloop
  endfacet
  facet normal 0.528078 -0.849196 0
    outer loop
      vertex 23.334 -34.9217 55
      vertex 22.3476 -35.5351 0
      vertex 23.334 -34.9217 0
    endloop
  endfacet
  facet normal 0.35228 -0.935895 0
    outer loop
      vertex 13.5005 -39.7711 0
      vertex 16.0727 -38.8029 55
      vertex 13.5005 -39.7711 55
    endloop
  endfacet
  facet normal 0.35228 -0.935895 0
    outer loop
      vertex 16.0727 -38.8029 55
      vertex 13.5005 -39.7711 0
      vertex 16.0727 -38.8029 0
    endloop
  endfacet
  facet normal -0.729872 0.683584 0
    outer loop
      vertex -31.1177 28.1832 0
      vertex -29.6985 29.6985 55
      vertex -29.6985 29.6985 0
    endloop
  endfacet
  facet normal -0.729872 0.683584 0
    outer loop
      vertex -29.6985 29.6985 55
      vertex -31.1177 28.1832 0
      vertex -31.1177 28.1832 55
    endloop
  endfacet
  facet normal -0.910874 -0.412684 0
    outer loop
      vertex -37.6687 -18.5761 0
      vertex -38.8029 -16.0727 55
      vertex -38.8029 -16.0727 0
    endloop
  endfacet
  facet normal -0.910874 -0.412684 0
    outer loop
      vertex -38.8029 -16.0727 55
      vertex -37.6687 -18.5761 0
      vertex -37.6687 -18.5761 55
    endloop
  endfacet
  facet normal 0.956935 -0.290303 0
    outer loop
      vertex 39.9662 -12.8571 55
      vertex 40.5689 -10.8704 0
      vertex 40.5689 -10.8704 55
    endloop
  endfacet
  facet normal 0.956935 -0.290303 0
    outer loop
      vertex 40.5689 -10.8704 0
      vertex 39.9662 -12.8571 55
      vertex 39.9662 -12.8571 0
    endloop
  endfacet
  facet normal -0.956935 -0.290303 0
    outer loop
      vertex -39.9662 -12.8571 0
      vertex -40.5689 -10.8704 55
      vertex -40.5689 -10.8704 0
    endloop
  endfacet
  facet normal -0.956935 -0.290303 0
    outer loop
      vertex -40.5689 -10.8704 55
      vertex -39.9662 -12.8571 0
      vertex -39.9662 -12.8571 55
    endloop
  endfacet
  facet normal -0.956935 0.290303 0
    outer loop
      vertex -40.5689 10.8704 0
      vertex -39.9662 12.8571 55
      vertex -39.9662 12.8571 0
    endloop
  endfacet
  facet normal -0.956935 0.290303 0
    outer loop
      vertex -39.9662 12.8571 55
      vertex -40.5689 10.8704 0
      vertex -40.5689 10.8704 55
    endloop
  endfacet
  facet normal -0.973877 0.227077 0
    outer loop
      vertex -41.193 8.19379 0
      vertex -40.5689 10.8704 55
      vertex -40.5689 10.8704 0
    endloop
  endfacet
  facet normal -0.973877 0.227077 0
    outer loop
      vertex -40.5689 10.8704 55
      vertex -41.193 8.19379 0
      vertex -41.193 8.19379 55
    endloop
  endfacet
  facet normal 0.0980205 0.995184 -0
    outer loop
      vertex 5.4821 41.6407 0
      vertex 2.74693 41.9101 55
      vertex 5.4821 41.6407 55
    endloop
  endfacet
  facet normal 0.0980205 0.995184 0
    outer loop
      vertex 2.74693 41.9101 55
      vertex 5.4821 41.6407 0
      vertex 2.74693 41.9101 0
    endloop
  endfacet
  facet normal -0.0980205 -0.995184 0
    outer loop
      vertex -5.4821 -41.6407 0
      vertex -2.74693 -41.9101 55
      vertex -5.4821 -41.6407 55
    endloop
  endfacet
  facet normal -0.0980205 -0.995184 -0
    outer loop
      vertex -2.74693 -41.9101 55
      vertex -5.4821 -41.6407 0
      vertex -2.74693 -41.9101 0
    endloop
  endfacet
  facet normal -0.999465 0.0327174 0
    outer loop
      vertex -41.9481 1.58609 0
      vertex -41.9101 2.74693 55
      vertex -41.9101 2.74693 0
    endloop
  endfacet
  facet normal -0.999465 0.0327174 0
    outer loop
      vertex -41.9101 2.74693 55
      vertex -41.9481 1.58609 0
      vertex -41.9481 1.58609 55
    endloop
  endfacet
  facet normal -0.881921 0.471396 0
    outer loop
      vertex -37.6687 18.5761 0
      vertex -36.3731 21 55
      vertex -36.3731 21 0
    endloop
  endfacet
  facet normal -0.881921 0.471396 0
    outer loop
      vertex -36.3731 21 55
      vertex -37.6687 18.5761 0
      vertex -37.6687 18.5761 55
    endloop
  endfacet
  facet normal 0.683588 -0.729868 0
    outer loop
      vertex 27.6925 -31.5773 0
      vertex 29.6985 -29.6985 55
      vertex 27.6925 -31.5773 55
    endloop
  endfacet
  facet normal 0.683588 -0.729868 0
    outer loop
      vertex 29.6985 -29.6985 55
      vertex 27.6925 -31.5773 0
      vertex 29.6985 -29.6985 0
    endloop
  endfacet
  facet normal -0.471464 0.881885 0
    outer loop
      vertex -18.5761 37.6687 0
      vertex -19.6004 37.1211 55
      vertex -18.5761 37.6687 55
    endloop
  endfacet
  facet normal -0.471464 0.881885 0
    outer loop
      vertex -19.6004 37.1211 55
      vertex -18.5761 37.6687 0
      vertex -19.6004 37.1211 0
    endloop
  endfacet
  facet normal -0.634386 -0.773016 0
    outer loop
      vertex -27.6925 -31.5773 0
      vertex -25.568 -33.3208 55
      vertex -27.6925 -31.5773 55
    endloop
  endfacet
  facet normal -0.634386 -0.773016 -0
    outer loop
      vertex -25.568 -33.3208 55
      vertex -27.6925 -31.5773 0
      vertex -25.568 -33.3208 0
    endloop
  endfacet
  facet normal -0.471464 -0.881885 0
    outer loop
      vertex -19.6004 -37.1211 0
      vertex -18.5761 -37.6687 55
      vertex -19.6004 -37.1211 55
    endloop
  endfacet
  facet normal -0.471464 -0.881885 -0
    outer loop
      vertex -18.5761 -37.6687 55
      vertex -19.6004 -37.1211 0
      vertex -18.5761 -37.6687 0
    endloop
  endfacet
  facet normal -0.997287 -0.0736175 0
    outer loop
      vertex 29.9639 1.47203 1.96364
      vertex 29.8555 2.94051 53
      vertex 29.8555 2.94051 2
    endloop
  endfacet
  facet normal -0.997287 -0.0736175 0
    outer loop
      vertex 29.8555 2.94051 53
      vertex 29.9639 1.47203 1.96364
      vertex 29.9639 1.47203 53.0364
    endloop
  endfacet
  facet normal -0.999699 -0.0245166 0
    outer loop
      vertex 30 0 2
      vertex 29.9639 1.47203 53.0364
      vertex 29.9639 1.47203 1.96364
    endloop
  endfacet
  facet normal -0.999699 -0.0245166 0
    outer loop
      vertex 29.9639 1.47203 53.0364
      vertex 30 0 2
      vertex 30 0 53
    endloop
  endfacet
  facet normal -0.992483 -0.12238 0
    outer loop
      vertex 29.8555 2.94051 2
      vertex 29.6753 4.40191 53.0364
      vertex 29.6753 4.40191 1.96364
    endloop
  endfacet
  facet normal -0.992483 -0.12238 0
    outer loop
      vertex 29.6753 4.40191 53.0364
      vertex 29.8555 2.94051 2
      vertex 29.8555 2.94051 53
    endloop
  endfacet
  facet normal -0.817579 0.575816 0
    outer loop
      vertex 24.0962 -17.871 1.96364
      vertex 24.9441 -16.6671 53
      vertex 24.9441 -16.6671 2
    endloop
  endfacet
  facet normal -0.817579 0.575816 0
    outer loop
      vertex 24.9441 -16.6671 53
      vertex 24.0962 -17.871 1.96364
      vertex 24.0962 -17.871 53.0364
    endloop
  endfacet
  facet normal -0.0736175 0.997287 0
    outer loop
      vertex 2.94051 -29.8555 2
      vertex 1.47203 -29.9639 53.0364
      vertex 2.94051 -29.8555 53
    endloop
  endfacet
  facet normal -0.0736175 0.997287 0
    outer loop
      vertex 1.47203 -29.9639 53.0364
      vertex 2.94051 -29.8555 2
      vertex 1.47203 -29.9639 1.96364
    endloop
  endfacet
  facet normal -0.933 0.359875 0
    outer loop
      vertex 27.7164 -11.4805 2
      vertex 28.2463 -10.1067 53.0364
      vertex 28.2463 -10.1067 1.96364
    endloop
  endfacet
  facet normal -0.933 0.359875 0
    outer loop
      vertex 28.2463 -10.1067 53.0364
      vertex 27.7164 -11.4805 2
      vertex 27.7164 -11.4805 53
    endloop
  endfacet
  facet normal -0.689542 -0.724246 0
    outer loop
      vertex 20.1468 22.2285 53.0364
      vertex 21.2132 21.2132 2
      vertex 21.2132 21.2132 53
    endloop
  endfacet
  facet normal -0.689542 -0.724246 0
    outer loop
      vertex 21.2132 21.2132 2
      vertex 20.1468 22.2285 53.0364
      vertex 20.1468 22.2285 1.96364
    endloop
  endfacet
  facet normal -0.359875 0.933 0
    outer loop
      vertex 11.4805 -27.7164 2
      vertex 10.1067 -28.2463 53.0364
      vertex 11.4805 -27.7164 53
    endloop
  endfacet
  facet normal -0.359875 0.933 0
    outer loop
      vertex 10.1067 -28.2463 53.0364
      vertex 11.4805 -27.7164 2
      vertex 10.1067 -28.2463 1.96364
    endloop
  endfacet
  facet normal -0.170937 -0.985282 0
    outer loop
      vertex 4.40191 29.6753 53.0364
      vertex 5.85271 29.4236 2
      vertex 5.85271 29.4236 53
    endloop
  endfacet
  facet normal -0.170937 -0.985282 0
    outer loop
      vertex 5.85271 29.4236 2
      vertex 4.40191 29.6753 53.0364
      vertex 4.40191 29.6753 1.96364
    endloop
  endfacet
  facet normal -0.933 -0.359875 0
    outer loop
      vertex 28.2463 10.1067 1.96364
      vertex 27.7164 11.4805 53
      vertex 27.7164 11.4805 2
    endloop
  endfacet
  facet normal -0.933 -0.359875 0
    outer loop
      vertex 27.7164 11.4805 53
      vertex 28.2463 10.1067 1.96364
      vertex 28.2463 10.1067 53.0364
    endloop
  endfacet
  facet normal -0.97569 0.219153 0
    outer loop
      vertex 29.1009 -7.2894 1.96364
      vertex 29.4236 -5.85271 53
      vertex 29.4236 -5.85271 2
    endloop
  endfacet
  facet normal -0.97569 0.219153 0
    outer loop
      vertex 29.4236 -5.85271 53
      vertex 29.1009 -7.2894 1.96364
      vertex 29.1009 -7.2894 53.0364
    endloop
  endfacet
  facet normal -0.949526 -0.313688 0
    outer loop
      vertex 28.7082 8.70854 2
      vertex 28.2463 10.1067 53.0364
      vertex 28.2463 10.1067 1.96364
    endloop
  endfacet
  facet normal -0.949526 -0.313688 0
    outer loop
      vertex 28.2463 10.1067 53.0364
      vertex 28.7082 8.70854 2
      vertex 28.7082 8.70854 53
    endloop
  endfacet
  facet normal 0.97569 0.219153 0
    outer loop
      vertex -29.1009 -7.2894 53.0364
      vertex -29.4236 -5.85271 2
      vertex -29.4236 -5.85271 53
    endloop
  endfacet
  facet normal 0.97569 0.219153 0
    outer loop
      vertex -29.4236 -5.85271 2
      vertex -29.1009 -7.2894 53.0364
      vertex -29.1009 -7.2894 1.96364
    endloop
  endfacet
  facet normal -0.757211 0.653171 0
    outer loop
      vertex 22.2285 -20.1468 1.96364
      vertex 23.1903 -19.0318 53
      vertex 23.1903 -19.0318 2
    endloop
  endfacet
  facet normal -0.757211 0.653171 0
    outer loop
      vertex 23.1903 -19.0318 53
      vertex 22.2285 -20.1468 1.96364
      vertex 22.2285 -20.1468 53.0364
    endloop
  endfacet
  facet normal -0.893201 0.449657 0
    outer loop
      vertex 26.4576 -14.1419 2
      vertex 27.1197 -12.8267 53.0364
      vertex 27.1197 -12.8267 1.96364
    endloop
  endfacet
  facet normal -0.893201 0.449657 0
    outer loop
      vertex 27.1197 -12.8267 53.0364
      vertex 26.4576 -14.1419 2
      vertex 26.4576 -14.1419 53
    endloop
  endfacet
  facet normal -0.997287 0.0736175 0
    outer loop
      vertex 29.8555 -2.94051 2
      vertex 29.9639 -1.47203 53.0364
      vertex 29.9639 -1.47203 1.96364
    endloop
  endfacet
  facet normal -0.997287 0.0736175 0
    outer loop
      vertex 29.9639 -1.47203 53.0364
      vertex 29.8555 -2.94051 2
      vertex 29.8555 -2.94051 53
    endloop
  endfacet
  facet normal 0.0245166 0.999699 -0
    outer loop
      vertex 0 -30 2
      vertex -1.47203 -29.9639 53.0364
      vertex 0 -30 53
    endloop
  endfacet
  facet normal 0.0245166 0.999699 0
    outer loop
      vertex -1.47203 -29.9639 53.0364
      vertex 0 -30 2
      vertex -1.47203 -29.9639 1.96364
    endloop
  endfacet
  facet normal -0.724246 0.689542 0
    outer loop
      vertex 21.2132 -21.2132 2
      vertex 22.2285 -20.1468 53.0364
      vertex 22.2285 -20.1468 1.96364
    endloop
  endfacet
  facet normal -0.724246 0.689542 0
    outer loop
      vertex 22.2285 -20.1468 53.0364
      vertex 21.2132 -21.2132 2
      vertex 21.2132 -21.2132 53
    endloop
  endfacet
  facet normal -0.313688 -0.949526 0
    outer loop
      vertex 8.70854 28.7082 2
      vertex 10.1067 28.2463 53.0364
      vertex 8.70854 28.7082 53
    endloop
  endfacet
  facet normal -0.313688 -0.949526 -0
    outer loop
      vertex 10.1067 28.2463 53.0364
      vertex 8.70854 28.7082 2
      vertex 10.1067 28.2463 1.96364
    endloop
  endfacet
  facet normal 0.788346 -0.615233 0
    outer loop
      vertex -24.0962 17.871 53.0364
      vertex -23.1903 19.0318 2
      vertex -23.1903 19.0318 53
    endloop
  endfacet
  facet normal 0.788346 -0.615233 0
    outer loop
      vertex -23.1903 19.0318 2
      vertex -24.0962 17.871 53.0364
      vertex -24.0962 17.871 1.96364
    endloop
  endfacet
  facet normal -0.963781 0.266695 0
    outer loop
      vertex 28.7082 -8.70854 2
      vertex 29.1009 -7.2894 53.0364
      vertex 29.1009 -7.2894 1.96364
    endloop
  endfacet
  facet normal -0.963781 0.266695 0
    outer loop
      vertex 29.1009 -7.2894 53.0364
      vertex 28.7082 -8.70854 2
      vertex 28.7082 -8.70854 53
    endloop
  endfacet
  facet normal 0.757211 -0.653171 0
    outer loop
      vertex -23.1903 19.0318 53
      vertex -22.2285 20.1468 1.96364
      vertex -22.2285 20.1468 53.0364
    endloop
  endfacet
  facet normal 0.757211 -0.653171 0
    outer loop
      vertex -22.2285 20.1468 1.96364
      vertex -23.1903 19.0318 53
      vertex -23.1903 19.0318 2
    endloop
  endfacet
  facet normal 0.689542 -0.724246 0
    outer loop
      vertex -21.2132 21.2132 2
      vertex -20.1468 22.2285 53.0364
      vertex -21.2132 21.2132 53
    endloop
  endfacet
  facet normal 0.689542 -0.724246 0
    outer loop
      vertex -20.1468 22.2285 53.0364
      vertex -21.2132 21.2132 2
      vertex -20.1468 22.2285 1.96364
    endloop
  endfacet
  facet normal -0.870113 -0.492851 0
    outer loop
      vertex 26.4576 14.1419 2
      vertex 25.7319 15.4231 53.0364
      vertex 25.7319 15.4231 1.96364
    endloop
  endfacet
  facet normal -0.870113 -0.492851 0
    outer loop
      vertex 25.7319 15.4231 53.0364
      vertex 26.4576 14.1419 2
      vertex 26.4576 14.1419 53
    endloop
  endfacet
  facet normal 0.0736175 -0.997287 0
    outer loop
      vertex -2.94051 29.8555 2
      vertex -1.47203 29.9639 53.0364
      vertex -2.94051 29.8555 53
    endloop
  endfacet
  facet normal 0.0736175 -0.997287 0
    outer loop
      vertex -1.47203 29.9639 53.0364
      vertex -2.94051 29.8555 2
      vertex -1.47203 29.9639 1.96364
    endloop
  endfacet
  facet normal 0.313688 -0.949526 0
    outer loop
      vertex -10.1067 28.2463 53.0364
      vertex -8.70854 28.7082 2
      vertex -8.70854 28.7082 53
    endloop
  endfacet
  facet normal 0.313688 -0.949526 0
    outer loop
      vertex -8.70854 28.7082 2
      vertex -10.1067 28.2463 53.0364
      vertex -10.1067 28.2463 1.96364
    endloop
  endfacet
  facet normal -0.219153 0.97569 0
    outer loop
      vertex 7.2894 -29.1009 53.0364
      vertex 5.85271 -29.4236 2
      vertex 5.85271 -29.4236 53
    endloop
  endfacet
  facet normal -0.219153 0.97569 0
    outer loop
      vertex 5.85271 -29.4236 2
      vertex 7.2894 -29.1009 53.0364
      vertex 7.2894 -29.1009 1.96364
    endloop
  endfacet
  facet normal -0.914217 0.405225 0
    outer loop
      vertex 27.1197 -12.8267 1.96364
      vertex 27.7164 -11.4805 53
      vertex 27.7164 -11.4805 2
    endloop
  endfacet
  facet normal -0.914217 0.405225 0
    outer loop
      vertex 27.7164 -11.4805 53
      vertex 27.1197 -12.8267 1.96364
      vertex 27.1197 -12.8267 53.0364
    endloop
  endfacet
  facet normal -0.893201 -0.449657 0
    outer loop
      vertex 27.1197 12.8267 1.96364
      vertex 26.4576 14.1419 53
      vertex 26.4576 14.1419 2
    endloop
  endfacet
  facet normal -0.893201 -0.449657 0
    outer loop
      vertex 26.4576 14.1419 53
      vertex 27.1197 12.8267 1.96364
      vertex 27.1197 12.8267 53.0364
    endloop
  endfacet
  facet normal 0.999699 -0.0245166 0
    outer loop
      vertex -30 0 53
      vertex -29.9639 1.47203 1.96364
      vertex -29.9639 1.47203 53.0364
    endloop
  endfacet
  facet normal 0.999699 -0.0245166 0
    outer loop
      vertex -29.9639 1.47203 1.96364
      vertex -30 0 53
      vertex -30 0 2
    endloop
  endfacet
  facet normal 0.12238 -0.992483 0
    outer loop
      vertex -4.40191 29.6753 53.0364
      vertex -2.94051 29.8555 2
      vertex -2.94051 29.8555 53
    endloop
  endfacet
  facet normal 0.12238 -0.992483 0
    outer loop
      vertex -2.94051 29.8555 2
      vertex -4.40191 29.6753 53.0364
      vertex -4.40191 29.6753 1.96364
    endloop
  endfacet
  facet normal 0.405225 0.914217 -0
    outer loop
      vertex -11.4805 -27.7164 2
      vertex -12.8267 -27.1197 53.0364
      vertex -11.4805 -27.7164 53
    endloop
  endfacet
  facet normal 0.405225 0.914217 0
    outer loop
      vertex -12.8267 -27.1197 53.0364
      vertex -11.4805 -27.7164 2
      vertex -12.8267 -27.1197 1.96364
    endloop
  endfacet
  facet normal 0.653171 0.757211 -0
    outer loop
      vertex -19.0318 -23.1903 2
      vertex -20.1468 -22.2285 53.0364
      vertex -19.0318 -23.1903 53
    endloop
  endfacet
  facet normal 0.653171 0.757211 0
    outer loop
      vertex -20.1468 -22.2285 53.0364
      vertex -19.0318 -23.1903 2
      vertex -20.1468 -22.2285 1.96364
    endloop
  endfacet
  facet normal 0.53502 -0.84484 0
    outer loop
      vertex -16.6671 24.9441 2
      vertex -15.4231 25.7319 53.0364
      vertex -16.6671 24.9441 53
    endloop
  endfacet
  facet normal 0.53502 -0.84484 0
    outer loop
      vertex -15.4231 25.7319 53.0364
      vertex -16.6671 24.9441 2
      vertex -15.4231 25.7319 1.96364
    endloop
  endfacet
  facet normal 0.492851 0.870113 -0
    outer loop
      vertex -14.1419 -26.4576 2
      vertex -15.4231 -25.7319 53.0364
      vertex -14.1419 -26.4576 53
    endloop
  endfacet
  facet normal 0.492851 0.870113 0
    outer loop
      vertex -15.4231 -25.7319 53.0364
      vertex -14.1419 -26.4576 2
      vertex -15.4231 -25.7319 1.96364
    endloop
  endfacet
  facet normal -0.870113 0.492851 0
    outer loop
      vertex 25.7319 -15.4231 1.96364
      vertex 26.4576 -14.1419 53
      vertex 26.4576 -14.1419 2
    endloop
  endfacet
  facet normal -0.870113 0.492851 0
    outer loop
      vertex 26.4576 -14.1419 53
      vertex 25.7319 -15.4231 1.96364
      vertex 25.7319 -15.4231 53.0364
    endloop
  endfacet
  facet normal -0.992483 0.12238 0
    outer loop
      vertex 29.6753 -4.40191 1.96364
      vertex 29.8555 -2.94051 53
      vertex 29.8555 -2.94051 2
    endloop
  endfacet
  facet normal -0.992483 0.12238 0
    outer loop
      vertex 29.8555 -2.94051 53
      vertex 29.6753 -4.40191 1.96364
      vertex 29.6753 -4.40191 53.0364
    endloop
  endfacet
  facet normal 0.949526 0.313688 0
    outer loop
      vertex -28.2463 -10.1067 53.0364
      vertex -28.7082 -8.70854 2
      vertex -28.7082 -8.70854 53
    endloop
  endfacet
  facet normal 0.949526 0.313688 0
    outer loop
      vertex -28.7082 -8.70854 2
      vertex -28.2463 -10.1067 53.0364
      vertex -28.2463 -10.1067 1.96364
    endloop
  endfacet
  facet normal 0.219153 -0.97569 0
    outer loop
      vertex -7.2894 29.1009 53.0364
      vertex -5.85271 29.4236 2
      vertex -5.85271 29.4236 53
    endloop
  endfacet
  facet normal 0.219153 -0.97569 0
    outer loop
      vertex -5.85271 29.4236 2
      vertex -7.2894 29.1009 53.0364
      vertex -7.2894 29.1009 1.96364
    endloop
  endfacet
  facet normal -0.405225 -0.914217 0
    outer loop
      vertex 11.4805 27.7164 2
      vertex 12.8267 27.1197 53.0364
      vertex 11.4805 27.7164 53
    endloop
  endfacet
  facet normal -0.405225 -0.914217 -0
    outer loop
      vertex 12.8267 27.1197 53.0364
      vertex 11.4805 27.7164 2
      vertex 12.8267 27.1197 1.96364
    endloop
  endfacet
  facet normal -0.170937 0.985282 0
    outer loop
      vertex 5.85271 -29.4236 2
      vertex 4.40191 -29.6753 53.0364
      vertex 5.85271 -29.4236 53
    endloop
  endfacet
  facet normal -0.170937 0.985282 0
    outer loop
      vertex 4.40191 -29.6753 53.0364
      vertex 5.85271 -29.4236 2
      vertex 4.40191 -29.6753 1.96364
    endloop
  endfacet
  facet normal 0.997287 0.0736175 0
    outer loop
      vertex -29.8555 -2.94051 53
      vertex -29.9639 -1.47203 1.96364
      vertex -29.9639 -1.47203 53.0364
    endloop
  endfacet
  facet normal 0.997287 0.0736175 0
    outer loop
      vertex -29.9639 -1.47203 1.96364
      vertex -29.8555 -2.94051 53
      vertex -29.8555 -2.94051 2
    endloop
  endfacet
  facet normal 0.492851 -0.870113 0
    outer loop
      vertex -15.4231 25.7319 53.0364
      vertex -14.1419 26.4576 2
      vertex -14.1419 26.4576 53
    endloop
  endfacet
  facet normal 0.492851 -0.870113 0
    outer loop
      vertex -14.1419 26.4576 2
      vertex -15.4231 25.7319 53.0364
      vertex -15.4231 25.7319 1.96364
    endloop
  endfacet
  facet normal -0.12238 -0.992483 0
    outer loop
      vertex 2.94051 29.8555 2
      vertex 4.40191 29.6753 53.0364
      vertex 2.94051 29.8555 53
    endloop
  endfacet
  facet normal -0.12238 -0.992483 -0
    outer loop
      vertex 4.40191 29.6753 53.0364
      vertex 2.94051 29.8555 2
      vertex 4.40191 29.6753 1.96364
    endloop
  endfacet
  facet normal -0.653171 -0.757211 0
    outer loop
      vertex 19.0318 23.1903 2
      vertex 20.1468 22.2285 53.0364
      vertex 19.0318 23.1903 53
    endloop
  endfacet
  facet normal -0.653171 -0.757211 -0
    outer loop
      vertex 20.1468 22.2285 53.0364
      vertex 19.0318 23.1903 2
      vertex 20.1468 22.2285 1.96364
    endloop
  endfacet
  facet normal -0.949526 0.313688 0
    outer loop
      vertex 28.2463 -10.1067 1.96364
      vertex 28.7082 -8.70854 53
      vertex 28.7082 -8.70854 2
    endloop
  endfacet
  facet normal -0.949526 0.313688 0
    outer loop
      vertex 28.7082 -8.70854 53
      vertex 28.2463 -10.1067 1.96364
      vertex 28.2463 -10.1067 53.0364
    endloop
  endfacet
  facet normal 0.933 -0.359875 0
    outer loop
      vertex -28.2463 10.1067 53.0364
      vertex -27.7164 11.4805 2
      vertex -27.7164 11.4805 53
    endloop
  endfacet
  facet normal 0.933 -0.359875 0
    outer loop
      vertex -27.7164 11.4805 2
      vertex -28.2463 10.1067 53.0364
      vertex -28.2463 10.1067 1.96364
    endloop
  endfacet
  facet normal -0.0245166 0.999699 0
    outer loop
      vertex 1.47203 -29.9639 53.0364
      vertex 0 -30 2
      vertex 0 -30 53
    endloop
  endfacet
  facet normal -0.0245166 0.999699 0
    outer loop
      vertex 0 -30 2
      vertex 1.47203 -29.9639 53.0364
      vertex 1.47203 -29.9639 1.96364
    endloop
  endfacet
  facet normal -0.724246 -0.689542 0
    outer loop
      vertex 22.2285 20.1468 1.96364
      vertex 21.2132 21.2132 53
      vertex 21.2132 21.2132 2
    endloop
  endfacet
  facet normal -0.724246 -0.689542 0
    outer loop
      vertex 21.2132 21.2132 53
      vertex 22.2285 20.1468 1.96364
      vertex 22.2285 20.1468 53.0364
    endloop
  endfacet
  facet normal -0.575816 0.817579 0
    outer loop
      vertex 17.871 -24.0962 53.0364
      vertex 16.6671 -24.9441 2
      vertex 16.6671 -24.9441 53
    endloop
  endfacet
  facet normal -0.575816 0.817579 0
    outer loop
      vertex 16.6671 -24.9441 2
      vertex 17.871 -24.0962 53.0364
      vertex 17.871 -24.0962 1.96364
    endloop
  endfacet
  facet normal -0.449657 -0.893201 0
    outer loop
      vertex 12.8267 27.1197 53.0364
      vertex 14.1419 26.4576 2
      vertex 14.1419 26.4576 53
    endloop
  endfacet
  facet normal -0.449657 -0.893201 0
    outer loop
      vertex 14.1419 26.4576 2
      vertex 12.8267 27.1197 53.0364
      vertex 12.8267 27.1197 1.96364
    endloop
  endfacet
  facet normal 0.992483 -0.12238 0
    outer loop
      vertex -29.8555 2.94051 53
      vertex -29.6753 4.40191 1.96364
      vertex -29.6753 4.40191 53.0364
    endloop
  endfacet
  facet normal 0.992483 -0.12238 0
    outer loop
      vertex -29.6753 4.40191 1.96364
      vertex -29.8555 2.94051 53
      vertex -29.8555 2.94051 2
    endloop
  endfacet
  facet normal -0.653171 0.757211 0
    outer loop
      vertex 20.1468 -22.2285 53.0364
      vertex 19.0318 -23.1903 2
      vertex 19.0318 -23.1903 53
    endloop
  endfacet
  facet normal -0.653171 0.757211 0
    outer loop
      vertex 19.0318 -23.1903 2
      vertex 20.1468 -22.2285 53.0364
      vertex 20.1468 -22.2285 1.96364
    endloop
  endfacet
  facet normal 0.0736175 0.997287 0
    outer loop
      vertex -1.47203 -29.9639 53.0364
      vertex -2.94051 -29.8555 2
      vertex -2.94051 -29.8555 53
    endloop
  endfacet
  facet normal 0.0736175 0.997287 0
    outer loop
      vertex -2.94051 -29.8555 2
      vertex -1.47203 -29.9639 53.0364
      vertex -1.47203 -29.9639 1.96364
    endloop
  endfacet
  facet normal -0.788346 0.615233 0
    outer loop
      vertex 23.1903 -19.0318 2
      vertex 24.0962 -17.871 53.0364
      vertex 24.0962 -17.871 1.96364
    endloop
  endfacet
  facet normal -0.788346 0.615233 0
    outer loop
      vertex 24.0962 -17.871 53.0364
      vertex 23.1903 -19.0318 2
      vertex 23.1903 -19.0318 53
    endloop
  endfacet
  facet normal -0.84484 -0.53502 0
    outer loop
      vertex 25.7319 15.4231 1.96364
      vertex 24.9441 16.6671 53
      vertex 24.9441 16.6671 2
    endloop
  endfacet
  facet normal -0.84484 -0.53502 0
    outer loop
      vertex 24.9441 16.6671 53
      vertex 25.7319 15.4231 1.96364
      vertex 25.7319 15.4231 53.0364
    endloop
  endfacet
  facet normal 0.985282 0.170937 0
    outer loop
      vertex -29.4236 -5.85271 53
      vertex -29.6753 -4.40191 1.96364
      vertex -29.6753 -4.40191 53.0364
    endloop
  endfacet
  facet normal 0.985282 0.170937 0
    outer loop
      vertex -29.6753 -4.40191 1.96364
      vertex -29.4236 -5.85271 53
      vertex -29.4236 -5.85271 2
    endloop
  endfacet
  facet normal 0.757211 0.653171 0
    outer loop
      vertex -22.2285 -20.1468 53.0364
      vertex -23.1903 -19.0318 2
      vertex -23.1903 -19.0318 53
    endloop
  endfacet
  facet normal 0.757211 0.653171 0
    outer loop
      vertex -23.1903 -19.0318 2
      vertex -22.2285 -20.1468 53.0364
      vertex -22.2285 -20.1468 1.96364
    endloop
  endfacet
  facet normal -0.53502 0.84484 0
    outer loop
      vertex 16.6671 -24.9441 2
      vertex 15.4231 -25.7319 53.0364
      vertex 16.6671 -24.9441 53
    endloop
  endfacet
  facet normal -0.53502 0.84484 0
    outer loop
      vertex 15.4231 -25.7319 53.0364
      vertex 16.6671 -24.9441 2
      vertex 15.4231 -25.7319 1.96364
    endloop
  endfacet
  facet normal 0.724246 0.689542 0
    outer loop
      vertex -21.2132 -21.2132 53
      vertex -22.2285 -20.1468 1.96364
      vertex -22.2285 -20.1468 53.0364
    endloop
  endfacet
  facet normal 0.724246 0.689542 0
    outer loop
      vertex -22.2285 -20.1468 1.96364
      vertex -21.2132 -21.2132 53
      vertex -21.2132 -21.2132 2
    endloop
  endfacet
  facet normal -0.757211 -0.653171 0
    outer loop
      vertex 23.1903 19.0318 2
      vertex 22.2285 20.1468 53.0364
      vertex 22.2285 20.1468 1.96364
    endloop
  endfacet
  facet normal -0.757211 -0.653171 0
    outer loop
      vertex 22.2285 20.1468 53.0364
      vertex 23.1903 19.0318 2
      vertex 23.1903 19.0318 53
    endloop
  endfacet
  facet normal -0.492851 -0.870113 0
    outer loop
      vertex 14.1419 26.4576 2
      vertex 15.4231 25.7319 53.0364
      vertex 14.1419 26.4576 53
    endloop
  endfacet
  facet normal -0.492851 -0.870113 -0
    outer loop
      vertex 15.4231 25.7319 53.0364
      vertex 14.1419 26.4576 2
      vertex 15.4231 25.7319 1.96364
    endloop
  endfacet
  facet normal 0.992483 0.12238 0
    outer loop
      vertex -29.6753 -4.40191 53.0364
      vertex -29.8555 -2.94051 2
      vertex -29.8555 -2.94051 53
    endloop
  endfacet
  facet normal 0.992483 0.12238 0
    outer loop
      vertex -29.8555 -2.94051 2
      vertex -29.6753 -4.40191 53.0364
      vertex -29.6753 -4.40191 1.96364
    endloop
  endfacet
  facet normal 0.870113 0.492851 0
    outer loop
      vertex -25.7319 -15.4231 53.0364
      vertex -26.4576 -14.1419 2
      vertex -26.4576 -14.1419 53
    endloop
  endfacet
  facet normal 0.870113 0.492851 0
    outer loop
      vertex -26.4576 -14.1419 2
      vertex -25.7319 -15.4231 53.0364
      vertex -25.7319 -15.4231 1.96364
    endloop
  endfacet
  facet normal -0.985282 -0.170937 0
    outer loop
      vertex 29.6753 4.40191 1.96364
      vertex 29.4236 5.85271 53
      vertex 29.4236 5.85271 2
    endloop
  endfacet
  facet normal -0.985282 -0.170937 0
    outer loop
      vertex 29.4236 5.85271 53
      vertex 29.6753 4.40191 1.96364
      vertex 29.6753 4.40191 53.0364
    endloop
  endfacet
  facet normal -0.689542 0.724246 0
    outer loop
      vertex 21.2132 -21.2132 2
      vertex 20.1468 -22.2285 53.0364
      vertex 21.2132 -21.2132 53
    endloop
  endfacet
  facet normal -0.689542 0.724246 0
    outer loop
      vertex 20.1468 -22.2285 53.0364
      vertex 21.2132 -21.2132 2
      vertex 20.1468 -22.2285 1.96364
    endloop
  endfacet
  facet normal 0.84484 0.53502 0
    outer loop
      vertex -24.9441 -16.6671 53
      vertex -25.7319 -15.4231 1.96364
      vertex -25.7319 -15.4231 53.0364
    endloop
  endfacet
  facet normal 0.84484 0.53502 0
    outer loop
      vertex -25.7319 -15.4231 1.96364
      vertex -24.9441 -16.6671 53
      vertex -24.9441 -16.6671 2
    endloop
  endfacet
  facet normal 0.999699 0.0245166 0
    outer loop
      vertex -29.9639 -1.47203 53.0364
      vertex -30 0 2
      vertex -30 0 53
    endloop
  endfacet
  facet normal 0.999699 0.0245166 0
    outer loop
      vertex -30 0 2
      vertex -29.9639 -1.47203 53.0364
      vertex -29.9639 -1.47203 1.96364
    endloop
  endfacet
  facet normal -0.999699 0.0245166 0
    outer loop
      vertex 29.9639 -1.47203 1.96364
      vertex 30 0 53
      vertex 30 0 2
    endloop
  endfacet
  facet normal -0.999699 0.0245166 0
    outer loop
      vertex 30 0 53
      vertex 29.9639 -1.47203 1.96364
      vertex 29.9639 -1.47203 53.0364
    endloop
  endfacet
  facet normal -0.359875 -0.933 0
    outer loop
      vertex 10.1067 28.2463 53.0364
      vertex 11.4805 27.7164 2
      vertex 11.4805 27.7164 53
    endloop
  endfacet
  facet normal -0.359875 -0.933 0
    outer loop
      vertex 11.4805 27.7164 2
      vertex 10.1067 28.2463 53.0364
      vertex 10.1067 28.2463 1.96364
    endloop
  endfacet
  facet normal 0.893201 -0.449657 0
    outer loop
      vertex -27.1197 12.8267 53.0364
      vertex -26.4576 14.1419 2
      vertex -26.4576 14.1419 53
    endloop
  endfacet
  facet normal 0.893201 -0.449657 0
    outer loop
      vertex -26.4576 14.1419 2
      vertex -27.1197 12.8267 53.0364
      vertex -27.1197 12.8267 1.96364
    endloop
  endfacet
  facet normal 0.12238 0.992483 -0
    outer loop
      vertex -2.94051 -29.8555 2
      vertex -4.40191 -29.6753 53.0364
      vertex -2.94051 -29.8555 53
    endloop
  endfacet
  facet normal 0.12238 0.992483 0
    outer loop
      vertex -4.40191 -29.6753 53.0364
      vertex -2.94051 -29.8555 2
      vertex -4.40191 -29.6753 1.96364
    endloop
  endfacet
  facet normal 0.359875 0.933 0
    outer loop
      vertex -10.1067 -28.2463 53.0364
      vertex -11.4805 -27.7164 2
      vertex -11.4805 -27.7164 53
    endloop
  endfacet
  facet normal 0.359875 0.933 0
    outer loop
      vertex -11.4805 -27.7164 2
      vertex -10.1067 -28.2463 53.0364
      vertex -10.1067 -28.2463 1.96364
    endloop
  endfacet
  facet normal -0.97569 -0.219153 0
    outer loop
      vertex 29.4236 5.85271 2
      vertex 29.1009 7.2894 53.0364
      vertex 29.1009 7.2894 1.96364
    endloop
  endfacet
  facet normal -0.97569 -0.219153 0
    outer loop
      vertex 29.1009 7.2894 53.0364
      vertex 29.4236 5.85271 2
      vertex 29.4236 5.85271 53
    endloop
  endfacet
  facet normal -0.817579 -0.575816 0
    outer loop
      vertex 24.9441 16.6671 2
      vertex 24.0962 17.871 53.0364
      vertex 24.0962 17.871 1.96364
    endloop
  endfacet
  facet normal -0.817579 -0.575816 0
    outer loop
      vertex 24.0962 17.871 53.0364
      vertex 24.9441 16.6671 2
      vertex 24.9441 16.6671 53
    endloop
  endfacet
  facet normal 0.949526 -0.313688 0
    outer loop
      vertex -28.7082 8.70854 53
      vertex -28.2463 10.1067 1.96364
      vertex -28.2463 10.1067 53.0364
    endloop
  endfacet
  facet normal 0.949526 -0.313688 0
    outer loop
      vertex -28.2463 10.1067 1.96364
      vertex -28.7082 8.70854 53
      vertex -28.7082 8.70854 2
    endloop
  endfacet
  facet normal -0.963781 -0.266695 0
    outer loop
      vertex 29.1009 7.2894 1.96364
      vertex 28.7082 8.70854 53
      vertex 28.7082 8.70854 2
    endloop
  endfacet
  facet normal -0.963781 -0.266695 0
    outer loop
      vertex 28.7082 8.70854 53
      vertex 29.1009 7.2894 1.96364
      vertex 29.1009 7.2894 53.0364
    endloop
  endfacet
  facet normal 0.817579 -0.575816 0
    outer loop
      vertex -24.9441 16.6671 53
      vertex -24.0962 17.871 1.96364
      vertex -24.0962 17.871 53.0364
    endloop
  endfacet
  facet normal 0.817579 -0.575816 0
    outer loop
      vertex -24.0962 17.871 1.96364
      vertex -24.9441 16.6671 53
      vertex -24.9441 16.6671 2
    endloop
  endfacet
  facet normal -0.313688 0.949526 0
    outer loop
      vertex 10.1067 -28.2463 53.0364
      vertex 8.70854 -28.7082 2
      vertex 8.70854 -28.7082 53
    endloop
  endfacet
  facet normal -0.313688 0.949526 0
    outer loop
      vertex 8.70854 -28.7082 2
      vertex 10.1067 -28.2463 53.0364
      vertex 10.1067 -28.2463 1.96364
    endloop
  endfacet
  facet normal -0.492851 0.870113 0
    outer loop
      vertex 15.4231 -25.7319 53.0364
      vertex 14.1419 -26.4576 2
      vertex 14.1419 -26.4576 53
    endloop
  endfacet
  facet normal -0.492851 0.870113 0
    outer loop
      vertex 14.1419 -26.4576 2
      vertex 15.4231 -25.7319 53.0364
      vertex 15.4231 -25.7319 1.96364
    endloop
  endfacet
  facet normal -0.575816 -0.817579 0
    outer loop
      vertex 16.6671 24.9441 2
      vertex 17.871 24.0962 53.0364
      vertex 16.6671 24.9441 53
    endloop
  endfacet
  facet normal -0.575816 -0.817579 -0
    outer loop
      vertex 17.871 24.0962 53.0364
      vertex 16.6671 24.9441 2
      vertex 17.871 24.0962 1.96364
    endloop
  endfacet
  facet normal 0.615233 -0.788346 0
    outer loop
      vertex -19.0318 23.1903 2
      vertex -17.871 24.0962 53.0364
      vertex -19.0318 23.1903 53
    endloop
  endfacet
  facet normal 0.615233 -0.788346 0
    outer loop
      vertex -17.871 24.0962 53.0364
      vertex -19.0318 23.1903 2
      vertex -17.871 24.0962 1.96364
    endloop
  endfacet
  facet normal 0.359875 -0.933 0
    outer loop
      vertex -11.4805 27.7164 2
      vertex -10.1067 28.2463 53.0364
      vertex -11.4805 27.7164 53
    endloop
  endfacet
  facet normal 0.359875 -0.933 0
    outer loop
      vertex -10.1067 28.2463 53.0364
      vertex -11.4805 27.7164 2
      vertex -10.1067 28.2463 1.96364
    endloop
  endfacet
  facet normal 0.0245166 -0.999699 0
    outer loop
      vertex -1.47203 29.9639 53.0364
      vertex 0 30 2
      vertex 0 30 53
    endloop
  endfacet
  facet normal 0.0245166 -0.999699 0
    outer loop
      vertex 0 30 2
      vertex -1.47203 29.9639 53.0364
      vertex -1.47203 29.9639 1.96364
    endloop
  endfacet
  facet normal -0.914217 -0.405225 0
    outer loop
      vertex 27.7164 11.4805 2
      vertex 27.1197 12.8267 53.0364
      vertex 27.1197 12.8267 1.96364
    endloop
  endfacet
  facet normal -0.914217 -0.405225 0
    outer loop
      vertex 27.1197 12.8267 53.0364
      vertex 27.7164 11.4805 2
      vertex 27.7164 11.4805 53
    endloop
  endfacet
  facet normal -0.615233 -0.788346 0
    outer loop
      vertex 17.871 24.0962 53.0364
      vertex 19.0318 23.1903 2
      vertex 19.0318 23.1903 53
    endloop
  endfacet
  facet normal -0.615233 -0.788346 0
    outer loop
      vertex 19.0318 23.1903 2
      vertex 17.871 24.0962 53.0364
      vertex 17.871 24.0962 1.96364
    endloop
  endfacet
  facet normal 0.575816 -0.817579 0
    outer loop
      vertex -17.871 24.0962 53.0364
      vertex -16.6671 24.9441 2
      vertex -16.6671 24.9441 53
    endloop
  endfacet
  facet normal 0.575816 -0.817579 0
    outer loop
      vertex -16.6671 24.9441 2
      vertex -17.871 24.0962 53.0364
      vertex -17.871 24.0962 1.96364
    endloop
  endfacet
  facet normal 0.653171 -0.757211 0
    outer loop
      vertex -20.1468 22.2285 53.0364
      vertex -19.0318 23.1903 2
      vertex -19.0318 23.1903 53
    endloop
  endfacet
  facet normal 0.653171 -0.757211 0
    outer loop
      vertex -19.0318 23.1903 2
      vertex -20.1468 22.2285 53.0364
      vertex -20.1468 22.2285 1.96364
    endloop
  endfacet
  facet normal 0.170937 -0.985282 0
    outer loop
      vertex -5.85271 29.4236 2
      vertex -4.40191 29.6753 53.0364
      vertex -5.85271 29.4236 53
    endloop
  endfacet
  facet normal 0.170937 -0.985282 0
    outer loop
      vertex -4.40191 29.6753 53.0364
      vertex -5.85271 29.4236 2
      vertex -4.40191 29.6753 1.96364
    endloop
  endfacet
  facet normal -0.615233 0.788346 0
    outer loop
      vertex 19.0318 -23.1903 2
      vertex 17.871 -24.0962 53.0364
      vertex 19.0318 -23.1903 53
    endloop
  endfacet
  facet normal -0.615233 0.788346 0
    outer loop
      vertex 17.871 -24.0962 53.0364
      vertex 19.0318 -23.1903 2
      vertex 17.871 -24.0962 1.96364
    endloop
  endfacet
  facet normal -0.788346 -0.615233 0
    outer loop
      vertex 24.0962 17.871 1.96364
      vertex 23.1903 19.0318 53
      vertex 23.1903 19.0318 2
    endloop
  endfacet
  facet normal -0.788346 -0.615233 0
    outer loop
      vertex 23.1903 19.0318 53
      vertex 24.0962 17.871 1.96364
      vertex 24.0962 17.871 53.0364
    endloop
  endfacet
  facet normal 0.933 0.359875 0
    outer loop
      vertex -27.7164 -11.4805 53
      vertex -28.2463 -10.1067 1.96364
      vertex -28.2463 -10.1067 53.0364
    endloop
  endfacet
  facet normal 0.933 0.359875 0
    outer loop
      vertex -28.2463 -10.1067 1.96364
      vertex -27.7164 -11.4805 53
      vertex -27.7164 -11.4805 2
    endloop
  endfacet
  facet normal 0.817579 0.575816 0
    outer loop
      vertex -24.0962 -17.871 53.0364
      vertex -24.9441 -16.6671 2
      vertex -24.9441 -16.6671 53
    endloop
  endfacet
  facet normal 0.817579 0.575816 0
    outer loop
      vertex -24.9441 -16.6671 2
      vertex -24.0962 -17.871 53.0364
      vertex -24.0962 -17.871 1.96364
    endloop
  endfacet
  facet normal 0.266695 0.963781 0
    outer loop
      vertex -7.2894 -29.1009 53.0364
      vertex -8.70854 -28.7082 2
      vertex -8.70854 -28.7082 53
    endloop
  endfacet
  facet normal 0.266695 0.963781 0
    outer loop
      vertex -8.70854 -28.7082 2
      vertex -7.2894 -29.1009 53.0364
      vertex -7.2894 -29.1009 1.96364
    endloop
  endfacet
  facet normal -0.266695 -0.963781 0
    outer loop
      vertex 7.2894 29.1009 53.0364
      vertex 8.70854 28.7082 2
      vertex 8.70854 28.7082 53
    endloop
  endfacet
  facet normal -0.266695 -0.963781 0
    outer loop
      vertex 8.70854 28.7082 2
      vertex 7.2894 29.1009 53.0364
      vertex 7.2894 29.1009 1.96364
    endloop
  endfacet
  facet normal 0.914217 0.405225 0
    outer loop
      vertex -27.1197 -12.8267 53.0364
      vertex -27.7164 -11.4805 2
      vertex -27.7164 -11.4805 53
    endloop
  endfacet
  facet normal 0.914217 0.405225 0
    outer loop
      vertex -27.7164 -11.4805 2
      vertex -27.1197 -12.8267 53.0364
      vertex -27.1197 -12.8267 1.96364
    endloop
  endfacet
  facet normal -0.219153 -0.97569 0
    outer loop
      vertex 5.85271 29.4236 2
      vertex 7.2894 29.1009 53.0364
      vertex 5.85271 29.4236 53
    endloop
  endfacet
  facet normal -0.219153 -0.97569 -0
    outer loop
      vertex 7.2894 29.1009 53.0364
      vertex 5.85271 29.4236 2
      vertex 7.2894 29.1009 1.96364
    endloop
  endfacet
  facet normal -0.449657 0.893201 0
    outer loop
      vertex 14.1419 -26.4576 2
      vertex 12.8267 -27.1197 53.0364
      vertex 14.1419 -26.4576 53
    endloop
  endfacet
  facet normal -0.449657 0.893201 0
    outer loop
      vertex 12.8267 -27.1197 53.0364
      vertex 14.1419 -26.4576 2
      vertex 12.8267 -27.1197 1.96364
    endloop
  endfacet
  facet normal 0.219153 0.97569 -0
    outer loop
      vertex -5.85271 -29.4236 2
      vertex -7.2894 -29.1009 53.0364
      vertex -5.85271 -29.4236 53
    endloop
  endfacet
  facet normal 0.219153 0.97569 0
    outer loop
      vertex -7.2894 -29.1009 53.0364
      vertex -5.85271 -29.4236 2
      vertex -7.2894 -29.1009 1.96364
    endloop
  endfacet
  facet normal -0.84484 0.53502 0
    outer loop
      vertex 24.9441 -16.6671 2
      vertex 25.7319 -15.4231 53.0364
      vertex 25.7319 -15.4231 1.96364
    endloop
  endfacet
  facet normal -0.84484 0.53502 0
    outer loop
      vertex 25.7319 -15.4231 53.0364
      vertex 24.9441 -16.6671 2
      vertex 24.9441 -16.6671 53
    endloop
  endfacet
  facet normal -0.12238 0.992483 0
    outer loop
      vertex 4.40191 -29.6753 53.0364
      vertex 2.94051 -29.8555 2
      vertex 2.94051 -29.8555 53
    endloop
  endfacet
  facet normal -0.12238 0.992483 0
    outer loop
      vertex 2.94051 -29.8555 2
      vertex 4.40191 -29.6753 53.0364
      vertex 4.40191 -29.6753 1.96364
    endloop
  endfacet
  facet normal 0.724246 -0.689542 0
    outer loop
      vertex -22.2285 20.1468 53.0364
      vertex -21.2132 21.2132 2
      vertex -21.2132 21.2132 53
    endloop
  endfacet
  facet normal 0.724246 -0.689542 0
    outer loop
      vertex -21.2132 21.2132 2
      vertex -22.2285 20.1468 53.0364
      vertex -22.2285 20.1468 1.96364
    endloop
  endfacet
  facet normal 0.914217 -0.405225 0
    outer loop
      vertex -27.7164 11.4805 53
      vertex -27.1197 12.8267 1.96364
      vertex -27.1197 12.8267 53.0364
    endloop
  endfacet
  facet normal 0.914217 -0.405225 0
    outer loop
      vertex -27.1197 12.8267 1.96364
      vertex -27.7164 11.4805 53
      vertex -27.7164 11.4805 2
    endloop
  endfacet
  facet normal 0.84484 -0.53502 0
    outer loop
      vertex -25.7319 15.4231 53.0364
      vertex -24.9441 16.6671 2
      vertex -24.9441 16.6671 53
    endloop
  endfacet
  facet normal 0.84484 -0.53502 0
    outer loop
      vertex -24.9441 16.6671 2
      vertex -25.7319 15.4231 53.0364
      vertex -25.7319 15.4231 1.96364
    endloop
  endfacet
  facet normal -0.266695 0.963781 0
    outer loop
      vertex 8.70854 -28.7082 2
      vertex 7.2894 -29.1009 53.0364
      vertex 8.70854 -28.7082 53
    endloop
  endfacet
  facet normal -0.266695 0.963781 0
    outer loop
      vertex 7.2894 -29.1009 53.0364
      vertex 8.70854 -28.7082 2
      vertex 7.2894 -29.1009 1.96364
    endloop
  endfacet
  facet normal -0.405225 0.914217 0
    outer loop
      vertex 12.8267 -27.1197 53.0364
      vertex 11.4805 -27.7164 2
      vertex 11.4805 -27.7164 53
    endloop
  endfacet
  facet normal -0.405225 0.914217 0
    outer loop
      vertex 11.4805 -27.7164 2
      vertex 12.8267 -27.1197 53.0364
      vertex 12.8267 -27.1197 1.96364
    endloop
  endfacet
  facet normal 0.97569 -0.219153 0
    outer loop
      vertex -29.4236 5.85271 53
      vertex -29.1009 7.2894 1.96364
      vertex -29.1009 7.2894 53.0364
    endloop
  endfacet
  facet normal 0.97569 -0.219153 0
    outer loop
      vertex -29.1009 7.2894 1.96364
      vertex -29.4236 5.85271 53
      vertex -29.4236 5.85271 2
    endloop
  endfacet
  facet normal 0.893201 0.449657 0
    outer loop
      vertex -26.4576 -14.1419 53
      vertex -27.1197 -12.8267 1.96364
      vertex -27.1197 -12.8267 53.0364
    endloop
  endfacet
  facet normal 0.893201 0.449657 0
    outer loop
      vertex -27.1197 -12.8267 1.96364
      vertex -26.4576 -14.1419 53
      vertex -26.4576 -14.1419 2
    endloop
  endfacet
  facet normal 0.615233 0.788346 0
    outer loop
      vertex -17.871 -24.0962 53.0364
      vertex -19.0318 -23.1903 2
      vertex -19.0318 -23.1903 53
    endloop
  endfacet
  facet normal 0.615233 0.788346 0
    outer loop
      vertex -19.0318 -23.1903 2
      vertex -17.871 -24.0962 53.0364
      vertex -17.871 -24.0962 1.96364
    endloop
  endfacet
  facet normal 0.689542 0.724246 0
    outer loop
      vertex -20.1468 -22.2285 53.0364
      vertex -21.2132 -21.2132 2
      vertex -21.2132 -21.2132 53
    endloop
  endfacet
  facet normal 0.689542 0.724246 0
    outer loop
      vertex -21.2132 -21.2132 2
      vertex -20.1468 -22.2285 53.0364
      vertex -20.1468 -22.2285 1.96364
    endloop
  endfacet
  facet normal 0.963781 -0.266695 0
    outer loop
      vertex -29.1009 7.2894 53.0364
      vertex -28.7082 8.70854 2
      vertex -28.7082 8.70854 53
    endloop
  endfacet
  facet normal 0.963781 -0.266695 0
    outer loop
      vertex -28.7082 8.70854 2
      vertex -29.1009 7.2894 53.0364
      vertex -29.1009 7.2894 1.96364
    endloop
  endfacet
  facet normal -0.0245166 -0.999699 0
    outer loop
      vertex 0 30 2
      vertex 1.47203 29.9639 53.0364
      vertex 0 30 53
    endloop
  endfacet
  facet normal -0.0245166 -0.999699 -0
    outer loop
      vertex 1.47203 29.9639 53.0364
      vertex 0 30 2
      vertex 1.47203 29.9639 1.96364
    endloop
  endfacet
  facet normal -0.0736175 -0.997287 0
    outer loop
      vertex 1.47203 29.9639 53.0364
      vertex 2.94051 29.8555 2
      vertex 2.94051 29.8555 53
    endloop
  endfacet
  facet normal -0.0736175 -0.997287 0
    outer loop
      vertex 2.94051 29.8555 2
      vertex 1.47203 29.9639 53.0364
      vertex 1.47203 29.9639 1.96364
    endloop
  endfacet
  facet normal -0.985282 0.170937 0
    outer loop
      vertex 29.4236 -5.85271 2
      vertex 29.6753 -4.40191 53.0364
      vertex 29.6753 -4.40191 1.96364
    endloop
  endfacet
  facet normal -0.985282 0.170937 0
    outer loop
      vertex 29.6753 -4.40191 53.0364
      vertex 29.4236 -5.85271 2
      vertex 29.4236 -5.85271 53
    endloop
  endfacet
  facet normal 0.449657 -0.893201 0
    outer loop
      vertex -14.1419 26.4576 2
      vertex -12.8267 27.1197 53.0364
      vertex -14.1419 26.4576 53
    endloop
  endfacet
  facet normal 0.449657 -0.893201 0
    outer loop
      vertex -12.8267 27.1197 53.0364
      vertex -14.1419 26.4576 2
      vertex -12.8267 27.1197 1.96364
    endloop
  endfacet
  facet normal -0.53502 -0.84484 0
    outer loop
      vertex 15.4231 25.7319 53.0364
      vertex 16.6671 24.9441 2
      vertex 16.6671 24.9441 53
    endloop
  endfacet
  facet normal -0.53502 -0.84484 0
    outer loop
      vertex 16.6671 24.9441 2
      vertex 15.4231 25.7319 53.0364
      vertex 15.4231 25.7319 1.96364
    endloop
  endfacet
  facet normal 0.313688 0.949526 -0
    outer loop
      vertex -8.70854 -28.7082 2
      vertex -10.1067 -28.2463 53.0364
      vertex -8.70854 -28.7082 53
    endloop
  endfacet
  facet normal 0.313688 0.949526 0
    outer loop
      vertex -10.1067 -28.2463 53.0364
      vertex -8.70854 -28.7082 2
      vertex -10.1067 -28.2463 1.96364
    endloop
  endfacet
  facet normal 0.997287 -0.0736175 0
    outer loop
      vertex -29.9639 1.47203 53.0364
      vertex -29.8555 2.94051 2
      vertex -29.8555 2.94051 53
    endloop
  endfacet
  facet normal 0.997287 -0.0736175 0
    outer loop
      vertex -29.8555 2.94051 2
      vertex -29.9639 1.47203 53.0364
      vertex -29.9639 1.47203 1.96364
    endloop
  endfacet
  facet normal 0.985282 -0.170937 0
    outer loop
      vertex -29.6753 4.40191 53.0364
      vertex -29.4236 5.85271 2
      vertex -29.4236 5.85271 53
    endloop
  endfacet
  facet normal 0.985282 -0.170937 0
    outer loop
      vertex -29.4236 5.85271 2
      vertex -29.6753 4.40191 53.0364
      vertex -29.6753 4.40191 1.96364
    endloop
  endfacet
  facet normal 0.170937 0.985282 0
    outer loop
      vertex -4.40191 -29.6753 53.0364
      vertex -5.85271 -29.4236 2
      vertex -5.85271 -29.4236 53
    endloop
  endfacet
  facet normal 0.170937 0.985282 0
    outer loop
      vertex -5.85271 -29.4236 2
      vertex -4.40191 -29.6753 53.0364
      vertex -4.40191 -29.6753 1.96364
    endloop
  endfacet
  facet normal 0.266695 -0.963781 0
    outer loop
      vertex -8.70854 28.7082 2
      vertex -7.2894 29.1009 53.0364
      vertex -8.70854 28.7082 53
    endloop
  endfacet
  facet normal 0.266695 -0.963781 0
    outer loop
      vertex -7.2894 29.1009 53.0364
      vertex -8.70854 28.7082 2
      vertex -7.2894 29.1009 1.96364
    endloop
  endfacet
  facet normal 0.788346 0.615233 0
    outer loop
      vertex -23.1903 -19.0318 53
      vertex -24.0962 -17.871 1.96364
      vertex -24.0962 -17.871 53.0364
    endloop
  endfacet
  facet normal 0.788346 0.615233 0
    outer loop
      vertex -24.0962 -17.871 1.96364
      vertex -23.1903 -19.0318 53
      vertex -23.1903 -19.0318 2
    endloop
  endfacet
  facet normal 0.963781 0.266695 0
    outer loop
      vertex -28.7082 -8.70854 53
      vertex -29.1009 -7.2894 1.96364
      vertex -29.1009 -7.2894 53.0364
    endloop
  endfacet
  facet normal 0.963781 0.266695 0
    outer loop
      vertex -29.1009 -7.2894 1.96364
      vertex -28.7082 -8.70854 53
      vertex -28.7082 -8.70854 2
    endloop
  endfacet
  facet normal 0.449657 0.893201 0
    outer loop
      vertex -12.8267 -27.1197 53.0364
      vertex -14.1419 -26.4576 2
      vertex -14.1419 -26.4576 53
    endloop
  endfacet
  facet normal 0.449657 0.893201 0
    outer loop
      vertex -14.1419 -26.4576 2
      vertex -12.8267 -27.1197 53.0364
      vertex -12.8267 -27.1197 1.96364
    endloop
  endfacet
  facet normal 0.870113 -0.492851 0
    outer loop
      vertex -26.4576 14.1419 53
      vertex -25.7319 15.4231 1.96364
      vertex -25.7319 15.4231 53.0364
    endloop
  endfacet
  facet normal 0.870113 -0.492851 0
    outer loop
      vertex -25.7319 15.4231 1.96364
      vertex -26.4576 14.1419 53
      vertex -26.4576 14.1419 2
    endloop
  endfacet
  facet normal 0.405225 -0.914217 0
    outer loop
      vertex -12.8267 27.1197 53.0364
      vertex -11.4805 27.7164 2
      vertex -11.4805 27.7164 53
    endloop
  endfacet
  facet normal 0.405225 -0.914217 0
    outer loop
      vertex -11.4805 27.7164 2
      vertex -12.8267 27.1197 53.0364
      vertex -12.8267 27.1197 1.96364
    endloop
  endfacet
  facet normal 0.575816 0.817579 -0
    outer loop
      vertex -16.6671 -24.9441 2
      vertex -17.871 -24.0962 53.0364
      vertex -16.6671 -24.9441 53
    endloop
  endfacet
  facet normal 0.575816 0.817579 0
    outer loop
      vertex -17.871 -24.0962 53.0364
      vertex -16.6671 -24.9441 2
      vertex -17.871 -24.0962 1.96364
    endloop
  endfacet
  facet normal 0.53502 0.84484 0
    outer loop
      vertex -15.4231 -25.7319 53.0364
      vertex -16.6671 -24.9441 2
      vertex -16.6671 -24.9441 53
    endloop
  endfacet
  facet normal 0.53502 0.84484 0
    outer loop
      vertex -16.6671 -24.9441 2
      vertex -15.4231 -25.7319 53.0364
      vertex -15.4231 -25.7319 1.96364
    endloop
  endfacet
  facet normal -0.706674 -0.0347223 -0.706687
    outer loop
      vertex 32.99 0 0
      vertex 32.5242 2.87382 0.324589
      vertex 32.8316 3.22378 0
    endloop
  endfacet
  facet normal -0.706682 -0.0347245 -0.706679
    outer loop
      vertex 32.5242 2.87382 0.324589
      vertex 32.99 0 0
      vertex 32.7 0 0.290001
    endloop
  endfacet
  facet normal 0.103803 0.69984 -0.706717
    outer loop
      vertex -3.24329 -32.8297 0
      vertex -5.11541 -32.2974 0.252142
      vertex -3.53446 -32.4496 0.333634
    endloop
  endfacet
  facet normal 0.103817 0.699872 -0.706684
    outer loop
      vertex -6.43603 -32.3561 0
      vertex -5.11541 -32.2974 0.252142
      vertex -3.24329 -32.8297 0
    endloop
  endfacet
  facet normal 0.103809 0.699905 -0.706652
    outer loop
      vertex -5.11541 -32.2974 0.252142
      vertex -6.43603 -32.3561 0
      vertex -6.36907 -32.0195 0.343223
    endloop
  endfacet
  facet normal 0.36373 0.606825 -0.706727
    outer loop
      vertex -15.5514 -29.0946 0
      vertex -16.35 -28.319 0.254948
      vertex -15.3921 -28.7966 0.337862
    endloop
  endfacet
  facet normal 0.363749 0.606838 -0.706707
    outer loop
      vertex -16.35 -28.319 0.254948
      vertex -15.5514 -29.0946 0
      vertex -16.4773 -28.5396 0
    endloop
  endfacet
  facet normal -0.666234 -0.237941 -0.706765
    outer loop
      vertex 31.2354 9.47517 0.349051
      vertex 31.5662 9.58573 0
      vertex 31.5695 9.57649 0
    endloop
  endfacet
  facet normal -0.666104 -0.238317 -0.706761
    outer loop
      vertex 31.5662 9.58573 0
      vertex 31.2354 9.47517 0.349051
      vertex 31.1334 9.79871 0.336087
    endloop
  endfacet
  facet normal 0.0346887 0.706689 -0.706673
    outer loop
      vertex -3.22378 -32.8316 0
      vertex -3.19919 -32.4819 0.350915
      vertex -2.86255 -32.5143 0.335039
    endloop
  endfacet
  facet normal 0.0360514 0.706607 -0.706687
    outer loop
      vertex -3.19919 -32.4819 0.350915
      vertex -3.22378 -32.8316 0
      vertex -3.23358 -32.8311 0
    endloop
  endfacet
  facet normal -0.700277 -0.100967 -0.706695
    outer loop
      vertex 32.5042 3.20138 0.328532
      vertex 32.8297 3.24329 0
      vertex 32.8311 3.23358 0
    endloop
  endfacet
  facet normal -0.699883 -0.103835 -0.70667
    outer loop
      vertex 32.8297 3.24329 0
      vertex 32.5042 3.20138 0.328532
      vertex 32.4855 3.50698 0.302149
    endloop
  endfacet
  facet normal 0.302496 0.639587 -0.7067
    outer loop
      vertex -12.6247 -30.4788 0
      vertex -12.7769 -30.1005 0.277226
      vertex -12.5075 -30.1959 0.3062
    endloop
  endfacet
  facet normal 0.302498 0.639587 -0.706699
    outer loop
      vertex -15.5425 -29.0988 0
      vertex -12.7769 -30.1005 0.277226
      vertex -12.6247 -30.4788 0
    endloop
  endfacet
  facet normal 0.3025 0.639594 -0.706692
    outer loop
      vertex -12.7769 -30.1005 0.277226
      vertex -15.5425 -29.0988 0
      vertex -15.0929 -28.9458 0.330925
    endloop
  endfacet
  facet normal 0.238345 0.666105 -0.70675
    outer loop
      vertex -12.6247 -30.4788 0
      vertex -9.78577 -31.1597 0.315661
      vertex -9.58573 -31.5662 0
    endloop
  endfacet
  facet normal 0.238352 0.666158 -0.706698
    outer loop
      vertex -9.78577 -31.1597 0.315661
      vertex -12.6247 -30.4788 0
      vertex -12.5075 -30.1959 0.3062
    endloop
  endfacet
  facet normal 0.302534 0.639549 -0.706717
    outer loop
      vertex -15.5425 -29.0988 0
      vertex -15.3921 -28.7966 0.337862
      vertex -15.0929 -28.9458 0.330925
    endloop
  endfacet
  facet normal 0.301945 0.639835 -0.706711
    outer loop
      vertex -15.3921 -28.7966 0.337862
      vertex -15.5425 -29.0988 0
      vertex -15.5514 -29.0946 0
    endloop
  endfacet
  facet normal 0.475227 -0.524306 -0.706585
    outer loop
      vertex -22.7153 23.5224 0.266944
      vertex -20.9286 25.5016 0
      vertex -20.71 25.2352 0.3447
    endloop
  endfacet
  facet normal 0.475141 -0.524327 -0.706627
    outer loop
      vertex -23.3202 23.334 0
      vertex -22.7153 23.5224 0.266944
      vertex -22.9008 23.32 0.292396
    endloop
  endfacet
  facet normal 0.475142 -0.524244 -0.706688
    outer loop
      vertex -22.7153 23.5224 0.266944
      vertex -23.3202 23.334 0
      vertex -20.9286 25.5016 0
    endloop
  endfacet
  facet normal 0.421517 -0.568374 -0.706594
    outer loop
      vertex -19.6794 26.1154 0.251519
      vertex -18.3361 27.4243 0
      vertex -18.4136 26.9532 0.332714
    endloop
  endfacet
  facet normal 0.421537 -0.568367 -0.706588
    outer loop
      vertex -20.9286 25.5016 0
      vertex -19.6794 26.1154 0.251519
      vertex -20.71 25.2352 0.3447
    endloop
  endfacet
  facet normal 0.421546 -0.568397 -0.706558
    outer loop
      vertex -19.6794 26.1154 0.251519
      vertex -20.9286 25.5016 0
      vertex -18.3361 27.4243 0
    endloop
  endfacet
  facet normal -0.68631 -0.172014 -0.706675
    outer loop
      vertex 31.2354 9.47517 0.349051
      vertex 31.5718 9.56697 0
      vertex 31.3354 9.15816 0.329097
    endloop
  endfacet
  facet normal -0.687825 -0.166176 -0.706599
    outer loop
      vertex 31.5718 9.56697 0
      vertex 31.2354 9.47517 0.349051
      vertex 31.5695 9.57649 0
    endloop
  endfacet
  facet normal -0.706719 -0.0346443 -0.706646
    outer loop
      vertex 32.5042 3.20138 0.328532
      vertex 32.8316 3.22378 0
      vertex 32.5242 2.87382 0.324589
    endloop
  endfacet
  facet normal -0.706635 -0.0360528 -0.706659
    outer loop
      vertex 32.8316 3.22378 0
      vertex 32.5042 3.20138 0.328532
      vertex 32.8311 3.23358 0
    endloop
  endfacet
  facet normal 0.363735 -0.606911 -0.706651
    outer loop
      vertex -18.1334 27.1386 0.350682
      vertex -18.3198 27.4352 0
      vertex -17.851 27.3255 0.335522
    endloop
  endfacet
  facet normal 0.358785 -0.609935 -0.706578
    outer loop
      vertex -18.3198 27.4352 0
      vertex -18.1334 27.1386 0.350682
      vertex -18.3283 27.4302 0
    endloop
  endfacet
  facet normal 0.171954 0.686383 -0.706619
    outer loop
      vertex -9.56697 -31.5718 0
      vertex -9.48456 -31.2664 0.316708
      vertex -9.20811 -31.3643 0.288885
    endloop
  endfacet
  facet normal 0.166187 0.68787 -0.706553
    outer loop
      vertex -9.48456 -31.2664 0.316708
      vertex -9.56697 -31.5718 0
      vertex -9.57649 -31.5695 0
    endloop
  endfacet
  facet normal 0.568314 -0.42156 -0.706616
    outer loop
      vertex -25.4127 20.5788 0.280187
      vertex -25.5016 20.9286 0
      vertex -25.2679 20.7368 0.302385
    endloop
  endfacet
  facet normal 0.568387 -0.421515 -0.706584
    outer loop
      vertex -26.9576 18.4128 0.32958
      vertex -25.5016 20.9286 0
      vertex -25.4127 20.5788 0.280187
    endloop
  endfacet
  facet normal 0.568311 -0.421481 -0.706666
    outer loop
      vertex -25.5016 20.9286 0
      vertex -26.9576 18.4128 0.32958
      vertex -27.4243 18.3361 0
    endloop
  endfacet
  facet normal -0.639598 -0.302511 -0.706683
    outer loop
      vertex 28.9648 15.1489 0.289738
      vertex 30.4788 12.6247 0
      vertex 30.1729 12.498 0.331098
    endloop
  endfacet
  facet normal -0.639594 -0.302508 -0.706689
    outer loop
      vertex 30.4788 12.6247 0
      vertex 28.9648 15.1489 0.289738
      vertex 29.1254 15.4862 0
    endloop
  endfacet
  facet normal -0.639307 -0.30277 -0.706836
    outer loop
      vertex 29.1254 15.4862 0
      vertex 28.9648 15.1489 0.289738
      vertex 29.0695 15.4565 0.0632814
    endloop
  endfacet
  facet normal -0.666106 -0.23833 -0.706755
    outer loop
      vertex 30.5281 11.7186 0.259154
      vertex 31.5662 9.58573 0
      vertex 31.1334 9.79871 0.336087
    endloop
  endfacet
  facet normal -0.666163 -0.238366 -0.706689
    outer loop
      vertex 30.5281 11.7186 0.259154
      vertex 30.4788 12.6247 0
      vertex 31.5662 9.58573 0
    endloop
  endfacet
  facet normal -0.666168 -0.238364 -0.706684
    outer loop
      vertex 30.4788 12.6247 0
      vertex 30.5281 11.7186 0.259154
      vertex 30.1729 12.498 0.331098
    endloop
  endfacet
  facet normal -0.686337 -0.171903 -0.706676
    outer loop
      vertex 31.7287 7.91085 0.250584
      vertex 32.3561 6.43603 0
      vertex 32.0146 6.3681 0.348196
    endloop
  endfacet
  facet normal -0.686403 -0.171944 -0.706602
    outer loop
      vertex 31.7287 7.91085 0.250584
      vertex 31.5718 9.56697 0
      vertex 32.3561 6.43603 0
    endloop
  endfacet
  facet normal -0.68637 -0.171946 -0.706633
    outer loop
      vertex 31.5718 9.56697 0
      vertex 31.7287 7.91085 0.250584
      vertex 31.3354 9.15816 0.329097
    endloop
  endfacet
  facet normal -0.699855 -0.103753 -0.706709
    outer loop
      vertex 32.4563 3.98513 0.260868
      vertex 32.8297 3.24329 0
      vertex 32.4855 3.50698 0.302149
    endloop
  endfacet
  facet normal -0.699937 -0.103826 -0.706618
    outer loop
      vertex 32.4563 3.98513 0.260868
      vertex 32.3561 6.43603 0
      vertex 32.8297 3.24329 0
    endloop
  endfacet
  facet normal -0.699878 -0.10383 -0.706675
    outer loop
      vertex 32.3561 6.43603 0
      vertex 32.4563 3.98513 0.260868
      vertex 32.0146 6.3681 0.348196
    endloop
  endfacet
  facet normal 0.363731 -0.606848 -0.706707
    outer loop
      vertex -17.851 27.3255 0.335522
      vertex -16.4773 28.5396 0
      vertex -16.35 28.319 0.254948
    endloop
  endfacet
  facet normal 0.36376 -0.60687 -0.706673
    outer loop
      vertex -16.4773 28.5396 0
      vertex -17.851 27.3255 0.335522
      vertex -18.3198 27.4352 0
    endloop
  endfacet
  facet normal 0.606902 -0.363753 -0.706649
    outer loop
      vertex -27.4352 18.3198 0
      vertex -27.151 18.1417 0.335762
      vertex -27.3336 17.8857 0.310715
    endloop
  endfacet
  facet normal 0.609934 -0.358784 -0.70658
    outer loop
      vertex -27.151 18.1417 0.335762
      vertex -27.4352 18.3198 0
      vertex -27.4302 18.3283 0
    endloop
  endfacet
  facet normal 0.100963 0.70025 -0.706722
    outer loop
      vertex -3.24329 -32.8297 0
      vertex -3.19919 -32.4819 0.350915
      vertex -3.23358 -32.8311 0
    endloop
  endfacet
  facet normal 0.10385 0.699856 -0.706694
    outer loop
      vertex -3.19919 -32.4819 0.350915
      vertex -3.24329 -32.8297 0
      vertex -3.53446 -32.4496 0.333634
    endloop
  endfacet
  facet normal 0.52436 -0.475173 -0.706581
    outer loop
      vertex -23.334 23.3202 0
      vertex -23.1013 23.1013 0.319898
      vertex -23.3188 22.8639 0.31814
    endloop
  endfacet
  facet normal 0.528544 -0.470621 -0.70651
    outer loop
      vertex -23.1013 23.1013 0.319898
      vertex -23.334 23.3202 0
      vertex -23.3275 23.3275 0
    endloop
  endfacet
  facet normal -0.639687 -0.302479 -0.706616
    outer loop
      vertex 29.0695 15.4565 0.0632814
      vertex 28.9648 15.1489 0.289738
      vertex 28.8724 15.3517 0.286574
    endloop
  endfacet
  facet normal 0.0347435 0.70671 -0.706649
    outer loop
      vertex -1.15006 -32.9335 0
      vertex -2.86255 -32.5143 0.335039
      vertex -1.14121 -32.6801 0.253857
    endloop
  endfacet
  facet normal 0.0347248 0.706668 -0.706692
    outer loop
      vertex -2.86255 -32.5143 0.335039
      vertex -1.15006 -32.9335 0
      vertex -3.22378 -32.8316 0
    endloop
  endfacet
  facet normal 0.524298 -0.47519 -0.706616
    outer loop
      vertex -25.5016 20.9286 0
      vertex -23.3188 22.8639 0.31814
      vertex -25.2679 20.7368 0.302385
    endloop
  endfacet
  facet normal 0.524302 -0.475195 -0.70661
    outer loop
      vertex -23.3188 22.8639 0.31814
      vertex -25.5016 20.9286 0
      vertex -23.334 23.3202 0
    endloop
  endfacet
  facet normal 0.606883 -0.363844 -0.706619
    outer loop
      vertex -27.9482 17.464 0
      vertex -27.3336 17.8857 0.310715
      vertex -27.7312 17.3284 0.256193
    endloop
  endfacet
  facet normal 0.606863 -0.363777 -0.70667
    outer loop
      vertex -27.3336 17.8857 0.310715
      vertex -27.9482 17.464 0
      vertex -27.4352 18.3198 0
    endloop
  endfacet
  facet normal 0.426904 -0.564382 -0.706559
    outer loop
      vertex -18.1334 27.1386 0.350682
      vertex -18.3361 27.4243 0
      vertex -18.3283 27.4302 0
    endloop
  endfacet
  facet normal 0.421403 -0.568393 -0.706646
    outer loop
      vertex -18.3361 27.4243 0
      vertex -18.1334 27.1386 0.350682
      vertex -18.4136 26.9532 0.332714
    endloop
  endfacet
  facet normal 0.171916 0.686358 -0.706653
    outer loop
      vertex -6.43603 -32.3561 0
      vertex -9.01334 -31.4333 0.269282
      vertex -6.36907 -32.0195 0.343223
    endloop
  endfacet
  facet normal 0.171951 0.68643 -0.706574
    outer loop
      vertex -9.56697 -31.5718 0
      vertex -9.01334 -31.4333 0.269282
      vertex -6.43603 -32.3561 0
    endloop
  endfacet
  facet normal 0.172018 0.686326 -0.706658
    outer loop
      vertex -9.01334 -31.4333 0.269282
      vertex -9.56697 -31.5718 0
      vertex -9.20811 -31.3643 0.288885
    endloop
  endfacet
  facet normal 0.475106 -0.524422 -0.70658
    outer loop
      vertex -23.1013 23.1013 0.319898
      vertex -23.3202 23.334 0
      vertex -22.9008 23.32 0.292396
    endloop
  endfacet
  facet normal 0.470621 -0.528544 -0.70651
    outer loop
      vertex -23.3202 23.334 0
      vertex -23.1013 23.1013 0.319898
      vertex -23.3275 23.3275 0
    endloop
  endfacet
  facet normal 0.237956 0.666277 -0.70672
    outer loop
      vertex -9.58573 -31.5662 0
      vertex -9.48456 -31.2664 0.316708
      vertex -9.57649 -31.5695 0
    endloop
  endfacet
  facet normal 0.23842 0.666115 -0.706715
    outer loop
      vertex -9.48456 -31.2664 0.316708
      vertex -9.58573 -31.5662 0
      vertex -9.78577 -31.1597 0.315661
    endloop
  endfacet
  facet normal 0.568302 -0.421535 -0.706641
    outer loop
      vertex -27.151 18.1417 0.335762
      vertex -27.4243 18.3361 0
      vertex -26.9576 18.4128 0.32958
    endloop
  endfacet
  facet normal 0.564382 -0.426904 -0.706559
    outer loop
      vertex -27.4243 18.3361 0
      vertex -27.151 18.1417 0.335762
      vertex -27.4302 18.3283 0
    endloop
  endfacet
  facet normal 0 1 0
    outer loop
      vertex 32.99 0 0
      vertex 32.7 0 0
      vertex 32.7 0 0.290001
    endloop
  endfacet
  facet normal 0.469472 -0.882947 0
    outer loop
      vertex 28.8724 15.3517 0
      vertex 29.0695 15.4565 0.0632814
      vertex 28.8724 15.3517 0.286574
    endloop
  endfacet
  facet normal 0.46941 -0.88298 0.000245422
    outer loop
      vertex 29.0695 15.4565 0.0632814
      vertex 28.8724 15.3517 0
      vertex 29.1254 15.4862 0
    endloop
  endfacet
  facet normal 0.998141 0.0609551 0
    outer loop
      vertex 32.4855 3.50698 0.302149
      vertex 32.4563 3.98513 0
      vertex 32.4563 3.98513 0.260868
    endloop
  endfacet
  facet normal 0.998132 0.0610961 0.000223924
    outer loop
      vertex 32.5042 3.20138 0.328532
      vertex 32.4563 3.98513 0
      vertex 32.4855 3.50698 0.302149
    endloop
  endfacet
  facet normal 0.998141 0.0609457 -0.000136362
    outer loop
      vertex 32.5242 2.87382 0.324589
      vertex 32.4563 3.98513 0
      vertex 32.5042 3.20138 0.328532
    endloop
  endfacet
  facet normal 0.998134 0.0610588 -0
    outer loop
      vertex 32.7 0 0
      vertex 32.5242 2.87382 0.324589
      vertex 32.7 0 0.290001
    endloop
  endfacet
  facet normal 0.998135 0.0610383 0.000182045
    outer loop
      vertex 32.5242 2.87382 0.324589
      vertex 32.7 0 0
      vertex 32.4563 3.98513 0
    endloop
  endfacet
  facet normal 0.983259 0.182216 0
    outer loop
      vertex 32.0146 6.3681 0.348196
      vertex 31.7287 7.91085 0
      vertex 31.7287 7.91085 0.250584
    endloop
  endfacet
  facet normal 0.983252 0.182253 -0
    outer loop
      vertex 32.4563 3.98513 0
      vertex 32.0146 6.3681 0.348196
      vertex 32.4563 3.98513 0.260868
    endloop
  endfacet
  facet normal 0.983254 0.182238 0.000101821
    outer loop
      vertex 32.0146 6.3681 0.348196
      vertex 32.4563 3.98513 0
      vertex 31.7287 7.91085 0
    endloop
  endfacet
  facet normal 0.953723 0.300688 0
    outer loop
      vertex 31.1334 9.79871 0.336087
      vertex 30.5281 11.7186 0
      vertex 30.5281 11.7186 0.259154
    endloop
  endfacet
  facet normal 0.953706 0.300736 0.00171323
    outer loop
      vertex 31.3354 9.15816 0.329097
      vertex 31.1334 9.79871 0.336087
      vertex 31.2354 9.47517 0.349051
    endloop
  endfacet
  facet normal 0.953701 0.300755 -0.00013358
    outer loop
      vertex 31.1334 9.79871 0.336087
      vertex 31.3354 9.15816 0.329097
      vertex 31.7287 7.91085 0
    endloop
  endfacet
  facet normal 0.953712 0.300723 -0
    outer loop
      vertex 31.7287 7.91085 0
      vertex 31.3354 9.15816 0.329097
      vertex 31.7287 7.91085 0.250584
    endloop
  endfacet
  facet normal 0.953715 0.300711 0.000140746
    outer loop
      vertex 31.1334 9.79871 0.336087
      vertex 31.7287 7.91085 0
      vertex 30.5281 11.7186 0
    endloop
  endfacet
  facet normal 0.909997 0.414614 0
    outer loop
      vertex 28.9648 15.1489 0.289738
      vertex 28.8724 15.3517 0
      vertex 28.8724 15.3517 0.286574
    endloop
  endfacet
  facet normal 0.909959 0.414699 7.12943e-05
    outer loop
      vertex 30.1729 12.498 0.331098
      vertex 28.8724 15.3517 0
      vertex 28.9648 15.1489 0.289738
    endloop
  endfacet
  facet normal 0.909958 0.4147 -0
    outer loop
      vertex 30.5281 11.7186 0
      vertex 30.1729 12.498 0.331098
      vertex 30.5281 11.7186 0.259154
    endloop
  endfacet
  facet normal 0.909961 0.414693 1.85637e-05
    outer loop
      vertex 30.1729 12.498 0.331098
      vertex 30.5281 11.7186 0
      vertex 28.8724 15.3517 0
    endloop
  endfacet
  facet normal -0.866133 -0.499813 -0
    outer loop
      vertex -16.35 28.319 0.254948
      vertex -16.4773 28.5396 0
      vertex -16.35 28.319 0
    endloop
  endfacet
  facet normal 0.529929 0.848042 -0
    outer loop
      vertex -27.7312 17.3284 0
      vertex -27.9482 17.464 0
      vertex -27.7312 17.3284 0.256193
    endloop
  endfacet
  facet normal -0.551861 0.833935 0.00111108
    outer loop
      vertex -17.851 27.3255 0.335522
      vertex -18.4136 26.9532 0.332714
      vertex -18.1334 27.1386 0.350682
    endloop
  endfacet
  facet normal -0.551941 0.833883 0
    outer loop
      vertex -16.35 28.319 0
      vertex -17.851 27.3255 0.335522
      vertex -16.35 28.319 0.254948
    endloop
  endfacet
  facet normal -0.551923 0.833895 0.00011593
    outer loop
      vertex -19.6794 26.1154 0
      vertex -17.851 27.3255 0.335522
      vertex -16.35 28.319 0
    endloop
  endfacet
  facet normal -0.551856 0.833939 -0.000403912
    outer loop
      vertex -17.851 27.3255 0.335522
      vertex -19.6794 26.1154 0
      vertex -18.4136 26.9532 0.332714
    endloop
  endfacet
  facet normal -0.55193 0.83389 0
    outer loop
      vertex -18.4136 26.9532 0.332714
      vertex -19.6794 26.1154 0
      vertex -19.6794 26.1154 0.251519
    endloop
  endfacet
  facet normal -0.649441 0.760412 0
    outer loop
      vertex -19.6794 26.1154 0
      vertex -20.71 25.2352 0.3447
      vertex -19.6794 26.1154 0.251519
    endloop
  endfacet
  facet normal -0.649462 0.760394 -0.000106538
    outer loop
      vertex -22.7153 23.5224 0
      vertex -20.71 25.2352 0.3447
      vertex -19.6794 26.1154 0
    endloop
  endfacet
  facet normal -0.649473 0.760385 0
    outer loop
      vertex -20.71 25.2352 0.3447
      vertex -22.7153 23.5224 0
      vertex -22.7153 23.5224 0.266944
    endloop
  endfacet
  facet normal -0.737215 0.675659 0
    outer loop
      vertex -22.7153 23.5224 0
      vertex -22.9008 23.32 0.292396
      vertex -22.7153 23.5224 0.266944
    endloop
  endfacet
  facet normal -0.737102 0.675781 0.000155929
    outer loop
      vertex -22.7153 23.5224 0
      vertex -23.1013 23.1013 0.319898
      vertex -22.9008 23.32 0.292396
    endloop
  endfacet
  facet normal -0.737333 0.675529 -0.000453357
    outer loop
      vertex -22.7153 23.5224 0
      vertex -23.3188 22.8639 0.31814
      vertex -23.1013 23.1013 0.319898
    endloop
  endfacet
  facet normal -0.737266 0.675602 -0.000176901
    outer loop
      vertex -25.4127 20.5788 0
      vertex -23.3188 22.8639 0.31814
      vertex -22.7153 23.5224 0
    endloop
  endfacet
  facet normal -0.737282 0.675585 5.32553e-05
    outer loop
      vertex -23.3188 22.8639 0.31814
      vertex -25.4127 20.5788 0
      vertex -25.2679 20.7368 0.302385
    endloop
  endfacet
  facet normal -0.737232 0.67564 0
    outer loop
      vertex -25.2679 20.7368 0.302385
      vertex -25.4127 20.5788 0
      vertex -25.4127 20.5788 0.280187
    endloop
  endfacet
  facet normal -0.814132 0.58068 0
    outer loop
      vertex -25.4127 20.5788 0
      vertex -26.9576 18.4128 0.32958
      vertex -25.4127 20.5788 0.280187
    endloop
  endfacet
  facet normal -0.814114 0.580705 0.000249295
    outer loop
      vertex -27.7312 17.3284 0
      vertex -26.9576 18.4128 0.32958
      vertex -25.4127 20.5788 0
    endloop
  endfacet
  facet normal -0.814078 0.580755 0
    outer loop
      vertex -26.9576 18.4128 0.32958
      vertex -27.7312 17.3284 0
      vertex -27.151 18.1417 0.335762
    endloop
  endfacet
  facet normal -0.814133 0.580678 0.000280794
    outer loop
      vertex -27.151 18.1417 0.335762
      vertex -27.7312 17.3284 0
      vertex -27.3336 17.8857 0.310715
    endloop
  endfacet
  facet normal -0.814059 0.580782 0
    outer loop
      vertex -27.3336 17.8857 0.310715
      vertex -27.7312 17.3284 0
      vertex -27.7312 17.3284 0.256193
    endloop
  endfacet
  facet normal 0.866133 -0.499813 0
    outer loop
      vertex -16.35 -28.319 0.254948
      vertex -16.4773 -28.5396 0
      vertex -16.35 -28.319 0
    endloop
  endfacet
  facet normal -0.999391 0.0349037 0
    outer loop
      vertex -1.14121 -32.6801 0
      vertex -1.15006 -32.9335 0
      vertex -1.14121 -32.6801 0.253857
    endloop
  endfacet
  facet normal -0.446253 -0.894907 0.000172447
    outer loop
      vertex -16.35 -28.319 0
      vertex -15.0929 -28.9458 0.330925
      vertex -15.3921 -28.7966 0.337862
    endloop
  endfacet
  facet normal -0.446204 -0.894931 0
    outer loop
      vertex -16.35 -28.319 0
      vertex -15.3921 -28.7966 0.337862
      vertex -16.35 -28.319 0.254948
    endloop
  endfacet
  facet normal -0.446201 -0.894933 -7.22272e-05
    outer loop
      vertex -15.0929 -28.9458 0.330925
      vertex -16.35 -28.319 0
      vertex -12.7769 -30.1005 0
    endloop
  endfacet
  facet normal -0.446193 -0.894937 0
    outer loop
      vertex -15.0929 -28.9458 0.330925
      vertex -12.7769 -30.1005 0
      vertex -12.7769 -30.1005 0.277226
    endloop
  endfacet
  facet normal -0.333802 -0.942643 -6.03813e-06
    outer loop
      vertex -12.7769 -30.1005 0
      vertex -9.78577 -31.1597 0.315661
      vertex -12.5075 -30.1959 0.3062
    endloop
  endfacet
  facet normal -0.333819 -0.942637 0.000170841
    outer loop
      vertex -9.01334 -31.4333 0
      vertex -9.78577 -31.1597 0.315661
      vertex -12.7769 -30.1005 0
    endloop
  endfacet
  facet normal -0.333808 -0.942641 0
    outer loop
      vertex -12.7769 -30.1005 0
      vertex -12.5075 -30.1959 0.3062
      vertex -12.7769 -30.1005 0.277226
    endloop
  endfacet
  facet normal -0.333907 -0.942606 -7.10231e-05
    outer loop
      vertex -9.78577 -31.1597 0.315661
      vertex -9.01334 -31.4333 0
      vertex -9.48456 -31.2664 0.316708
    endloop
  endfacet
  facet normal -0.333811 -0.94264 8.94862e-05
    outer loop
      vertex -9.48456 -31.2664 0.316708
      vertex -9.01334 -31.4333 0
      vertex -9.20811 -31.3643 0.288885
    endloop
  endfacet
  facet normal -0.333929 -0.942598 0
    outer loop
      vertex -9.20811 -31.3643 0.288885
      vertex -9.01334 -31.4333 0
      vertex -9.01334 -31.4333 0.269282
    endloop
  endfacet
  facet normal -0.216432 -0.976298 0
    outer loop
      vertex -9.01334 -31.4333 0
      vertex -6.36907 -32.0195 0.343223
      vertex -9.01334 -31.4333 0.269282
    endloop
  endfacet
  facet normal -0.216428 -0.976299 -3.85737e-05
    outer loop
      vertex -5.11541 -32.2974 0
      vertex -6.36907 -32.0195 0.343223
      vertex -9.01334 -31.4333 0
    endloop
  endfacet
  facet normal -0.216418 -0.976301 0
    outer loop
      vertex -6.36907 -32.0195 0.343223
      vertex -5.11541 -32.2974 0
      vertex -5.11541 -32.2974 0.252142
    endloop
  endfacet
  facet normal -0.0958473 -0.995396 -0.000958205
    outer loop
      vertex -3.53446 -32.4496 0.333634
      vertex -2.86255 -32.5143 0.335039
      vertex -3.19919 -32.4819 0.350915
    endloop
  endfacet
  facet normal -0.0958495 -0.995396 0.000102087
    outer loop
      vertex -5.11541 -32.2974 0
      vertex -2.86255 -32.5143 0.335039
      vertex -3.53446 -32.4496 0.333634
    endloop
  endfacet
  facet normal -0.0958282 -0.995398 0
    outer loop
      vertex -5.11541 -32.2974 0
      vertex -3.53446 -32.4496 0.333634
      vertex -5.11541 -32.2974 0.252142
    endloop
  endfacet
  facet normal -0.0958527 -0.995396 0.000123754
    outer loop
      vertex -2.86255 -32.5143 0.335039
      vertex -5.11541 -32.2974 0
      vertex -1.14121 -32.6801 0
    endloop
  endfacet
  facet normal -0.0958766 -0.995393 0
    outer loop
      vertex -2.86255 -32.5143 0.335039
      vertex -1.14121 -32.6801 0
      vertex -1.14121 -32.6801 0.253857
    endloop
  endfacet
  facet normal -0.708429 -0.0348206 -0.704922
    outer loop
      vertex 31.8367 3.12094 0
      vertex 31.9901 0 0
      vertex 30 0 2
    endloop
  endfacet
  facet normal 0.708499 -0.0338995 -0.704897
    outer loop
      vertex -29.8555 2.94051 2
      vertex -31.8367 3.12094 0
      vertex -31.836 3.13557 0
    endloop
  endfacet
  facet normal 0.708433 -0.034841 -0.704917
    outer loop
      vertex -29.9639 1.47203 1.96364
      vertex -31.8367 3.12094 0
      vertex -29.8555 2.94051 2
    endloop
  endfacet
  facet normal 0.708459 -0.0347855 -0.704895
    outer loop
      vertex -31.8367 3.12094 0
      vertex -29.9639 1.47203 1.96364
      vertex -30 0 2
    endloop
  endfacet
  facet normal -0.641203 -0.303251 -0.704909
    outer loop
      vertex 27.1197 12.8267 1.96364
      vertex 28.219 15.0668 0
      vertex 27.7164 11.4805 2
    endloop
  endfacet
  facet normal -0.641164 -0.303288 -0.704929
    outer loop
      vertex 26.4576 14.1419 2
      vertex 28.219 15.0668 0
      vertex 27.1197 12.8267 1.96364
    endloop
  endfacet
  facet normal -0.640066 -0.305486 -0.704978
    outer loop
      vertex 28.219 15.0668 0
      vertex 26.4576 14.1419 2
      vertex 28.2127 15.08 0
    endloop
  endfacet
  facet normal -0.169648 0.688772 -0.70485
    outer loop
      vertex 9.27201 -30.6161 0
      vertex 8.70854 -28.7082 2
      vertex 9.28622 -30.6126 0
    endloop
  endfacet
  facet normal -0.172332 0.688043 -0.70491
    outer loop
      vertex 9.27201 -30.6161 0
      vertex 7.2894 -29.1009 1.96364
      vertex 8.70854 -28.7082 2
    endloop
  endfacet
  facet normal -0.172377 0.688011 -0.704931
    outer loop
      vertex 7.2894 -29.1009 1.96364
      vertex 9.27201 -30.6161 0
      vertex 5.85271 -29.4236 2
    endloop
  endfacet
  facet normal 0.525553 0.476335 -0.70491
    outer loop
      vertex -24.7188 -20.3051 0
      vertex -22.2285 -20.1468 1.96364
      vertex -21.2132 -21.2132 2
    endloop
  endfacet
  facet normal 0.525555 0.476331 -0.704912
    outer loop
      vertex -24.7188 -20.3051 0
      vertex -23.1903 -19.0318 2
      vertex -22.2285 -20.1468 1.96364
    endloop
  endfacet
  facet normal 0.525282 0.476645 -0.704903
    outer loop
      vertex -23.1903 -19.0318 2
      vertex -24.7188 -20.3051 0
      vertex -24.7286 -20.2943 0
    endloop
  endfacet
  facet normal -0.238938 0.667832 -0.704917
    outer loop
      vertex 9.30001 -30.6076 0
      vertex 10.1067 -28.2463 1.96364
      vertex 11.4805 -27.7164 2
    endloop
  endfacet
  facet normal -0.241798 0.66688 -0.704844
    outer loop
      vertex 8.70854 -28.7082 2
      vertex 9.30001 -30.6076 0
      vertex 9.28622 -30.6126 0
    endloop
  endfacet
  facet normal -0.238959 0.667833 -0.70491
    outer loop
      vertex 9.30001 -30.6076 0
      vertex 8.70854 -28.7082 2
      vertex 10.1067 -28.2463 1.96364
    endloop
  endfacet
  facet normal 0.608366 -0.364663 -0.70492
    outer loop
      vertex -26.6063 17.7602 0
      vertex -24.9441 16.6671 2
      vertex -25.7319 15.4231 1.96364
    endloop
  endfacet
  facet normal 0.608416 -0.364625 -0.704897
    outer loop
      vertex -26.6063 17.7602 0
      vertex -25.7319 15.4231 1.96364
      vertex -26.4576 14.1419 2
    endloop
  endfacet
  facet normal 0.608203 -0.364922 -0.704926
    outer loop
      vertex -24.9441 16.6671 2
      vertex -26.6063 17.7602 0
      vertex -26.5988 17.7727 0
    endloop
  endfacet
  facet normal -0.608203 0.364922 -0.704926
    outer loop
      vertex 24.9441 -16.6671 2
      vertex 26.6063 -17.7602 0
      vertex 26.5988 -17.7727 0
    endloop
  endfacet
  facet normal -0.608416 0.364625 -0.704897
    outer loop
      vertex 26.6063 -17.7602 0
      vertex 25.7319 -15.4231 1.96364
      vertex 26.4576 -14.1419 2
    endloop
  endfacet
  facet normal -0.608366 0.364663 -0.70492
    outer loop
      vertex 26.6063 -17.7602 0
      vertex 24.9441 -16.6671 2
      vertex 25.7319 -15.4231 1.96364
    endloop
  endfacet
  facet normal 0.66783 -0.238932 -0.704922
    outer loop
      vertex -29.555 12.2421 0
      vertex -27.7164 11.4805 2
      vertex -30.6076 9.30001 0
    endloop
  endfacet
  facet normal -0.66783 0.238932 -0.704922
    outer loop
      vertex 30.6076 -9.30001 0
      vertex 29.555 -12.2421 0
      vertex 27.7164 -11.4805 2
    endloop
  endfacet
  facet normal -0.364922 0.608203 -0.704926
    outer loop
      vertex 17.7602 -26.6063 0
      vertex 16.6671 -24.9441 2
      vertex 17.7727 -26.5988 0
    endloop
  endfacet
  facet normal -0.364663 0.608366 -0.70492
    outer loop
      vertex 17.7602 -26.6063 0
      vertex 15.4231 -25.7319 1.96364
      vertex 16.6671 -24.9441 2
    endloop
  endfacet
  facet normal -0.364625 0.608416 -0.704897
    outer loop
      vertex 15.4231 -25.7319 1.96364
      vertex 17.7602 -26.6063 0
      vertex 14.1419 -26.4576 2
    endloop
  endfacet
  facet normal 0.701617 0.104077 -0.704912
    outer loop
      vertex -29.4236 -5.85271 2
      vertex -31.3754 -6.24095 0
      vertex -31.8339 -3.15006 0
    endloop
  endfacet
  facet normal 0.0348206 -0.708429 -0.704922
    outer loop
      vertex 0 31.9901 0
      vertex 0 30 2
      vertex -3.12094 31.8367 0
    endloop
  endfacet
  facet normal -0.169648 -0.688772 -0.70485
    outer loop
      vertex 8.70854 28.7082 2
      vertex 9.27201 30.6161 0
      vertex 9.28622 30.6126 0
    endloop
  endfacet
  facet normal -0.172332 -0.688043 -0.70491
    outer loop
      vertex 7.2894 29.1009 1.96364
      vertex 9.27201 30.6161 0
      vertex 8.70854 28.7082 2
    endloop
  endfacet
  facet normal -0.172377 -0.688011 -0.704931
    outer loop
      vertex 9.27201 30.6161 0
      vertex 7.2894 29.1009 1.96364
      vertex 5.85271 29.4236 2
    endloop
  endfacet
  facet normal 0.476645 0.525282 -0.704903
    outer loop
      vertex -20.3051 -24.7188 0
      vertex -19.0318 -23.1903 2
      vertex -20.2943 -24.7286 0
    endloop
  endfacet
  facet normal 0.476331 0.525555 -0.704912
    outer loop
      vertex -19.0318 -23.1903 2
      vertex -20.3051 -24.7188 0
      vertex -20.1468 -22.2285 1.96364
    endloop
  endfacet
  facet normal 0.476335 0.525553 -0.70491
    outer loop
      vertex -20.1468 -22.2285 1.96364
      vertex -20.3051 -24.7188 0
      vertex -21.2132 -21.2132 2
    endloop
  endfacet
  facet normal -0.608382 -0.364638 -0.704919
    outer loop
      vertex 26.6063 17.7602 0
      vertex 28.2127 15.08 0
      vertex 26.4576 14.1419 2
    endloop
  endfacet
  facet normal -0.303261 0.641184 -0.704922
    outer loop
      vertex 15.0668 -28.219 0
      vertex 12.2421 -29.555 0
      vertex 11.4805 -27.7164 2
    endloop
  endfacet
  facet normal -0.525555 -0.47632 -0.704919
    outer loop
      vertex 22.6204 22.6204 0
      vertex 24.7188 20.3051 0
      vertex 21.2132 21.2132 2
    endloop
  endfacet
  facet normal 0.667832 -0.238938 -0.704917
    outer loop
      vertex -28.2463 10.1067 1.96364
      vertex -30.6076 9.30001 0
      vertex -27.7164 11.4805 2
    endloop
  endfacet
  facet normal 0.667833 -0.238959 -0.70491
    outer loop
      vertex -28.7082 8.70854 2
      vertex -30.6076 9.30001 0
      vertex -28.2463 10.1067 1.96364
    endloop
  endfacet
  facet normal 0.66688 -0.241798 -0.704844
    outer loop
      vertex -30.6076 9.30001 0
      vertex -28.7082 8.70854 2
      vertex -30.6126 9.28622 0
    endloop
  endfacet
  facet normal 0.701617 -0.104077 -0.704912
    outer loop
      vertex -31.3754 6.24095 0
      vertex -29.4236 5.85271 2
      vertex -31.8339 3.15006 0
    endloop
  endfacet
  facet normal -0.476335 -0.525553 -0.70491
    outer loop
      vertex 20.1468 22.2285 1.96364
      vertex 20.3051 24.7188 0
      vertex 21.2132 21.2132 2
    endloop
  endfacet
  facet normal -0.476331 -0.525555 -0.704912
    outer loop
      vertex 19.0318 23.1903 2
      vertex 20.3051 24.7188 0
      vertex 20.1468 22.2285 1.96364
    endloop
  endfacet
  facet normal -0.476645 -0.525282 -0.704903
    outer loop
      vertex 20.3051 24.7188 0
      vertex 19.0318 23.1903 2
      vertex 20.2943 24.7286 0
    endloop
  endfacet
  facet normal -0.0347855 -0.708459 -0.704895
    outer loop
      vertex 0 30 2
      vertex 3.12094 31.8367 0
      vertex 1.47203 29.9639 1.96364
    endloop
  endfacet
  facet normal -0.034841 -0.708433 -0.704917
    outer loop
      vertex 3.12094 31.8367 0
      vertex 2.94051 29.8555 2
      vertex 1.47203 29.9639 1.96364
    endloop
  endfacet
  facet normal -0.0338995 -0.708499 -0.704897
    outer loop
      vertex 2.94051 29.8555 2
      vertex 3.12094 31.8367 0
      vertex 3.13557 31.836 0
    endloop
  endfacet
  facet normal -0.701898 -0.101724 -0.704976
    outer loop
      vertex 29.8555 2.94051 2
      vertex 31.8339 3.15006 0
      vertex 31.836 3.13557 0
    endloop
  endfacet
  facet normal -0.701604 -0.104051 -0.704929
    outer loop
      vertex 29.6753 4.40191 1.96364
      vertex 31.8339 3.15006 0
      vertex 29.8555 2.94051 2
    endloop
  endfacet
  facet normal -0.701605 -0.104055 -0.704927
    outer loop
      vertex 31.8339 3.15006 0
      vertex 29.6753 4.40191 1.96364
      vertex 29.4236 5.85271 2
    endloop
  endfacet
  facet normal 0.525555 0.47632 -0.704919
    outer loop
      vertex -21.2132 -21.2132 2
      vertex -22.6204 -22.6204 0
      vertex -24.7188 -20.3051 0
    endloop
  endfacet
  facet normal 0.667832 0.238938 -0.704917
    outer loop
      vertex -30.6076 -9.30001 0
      vertex -28.2463 -10.1067 1.96364
      vertex -27.7164 -11.4805 2
    endloop
  endfacet
  facet normal 0.667833 0.238959 -0.70491
    outer loop
      vertex -30.6076 -9.30001 0
      vertex -28.7082 -8.70854 2
      vertex -28.2463 -10.1067 1.96364
    endloop
  endfacet
  facet normal 0.66688 0.241798 -0.704844
    outer loop
      vertex -28.7082 -8.70854 2
      vertex -30.6076 -9.30001 0
      vertex -30.6126 -9.28622 0
    endloop
  endfacet
  facet normal 0.101724 -0.701898 -0.704976
    outer loop
      vertex -2.94051 29.8555 2
      vertex -3.15006 31.8339 0
      vertex -3.13557 31.836 0
    endloop
  endfacet
  facet normal 0.104051 -0.701604 -0.704929
    outer loop
      vertex -4.40191 29.6753 1.96364
      vertex -3.15006 31.8339 0
      vertex -2.94051 29.8555 2
    endloop
  endfacet
  facet normal 0.104055 -0.701605 -0.704927
    outer loop
      vertex -3.15006 31.8339 0
      vertex -4.40191 29.6753 1.96364
      vertex -5.85271 29.4236 2
    endloop
  endfacet
  facet normal -0.303261 -0.641184 -0.704922
    outer loop
      vertex 12.2421 29.555 0
      vertex 15.0668 28.219 0
      vertex 11.4805 27.7164 2
    endloop
  endfacet
  facet normal 0.701605 -0.104055 -0.704927
    outer loop
      vertex -29.6753 4.40191 1.96364
      vertex -31.8339 3.15006 0
      vertex -29.4236 5.85271 2
    endloop
  endfacet
  facet normal 0.701604 -0.104051 -0.704929
    outer loop
      vertex -29.8555 2.94051 2
      vertex -31.8339 3.15006 0
      vertex -29.6753 4.40191 1.96364
    endloop
  endfacet
  facet normal 0.701898 -0.101724 -0.704976
    outer loop
      vertex -31.8339 3.15006 0
      vertex -29.8555 2.94051 2
      vertex -31.836 3.13557 0
    endloop
  endfacet
  facet normal -0.422527 0.56971 -0.704912
    outer loop
      vertex 19.0318 -23.1903 2
      vertex 20.2943 -24.7286 0
      vertex 17.7845 -26.59 0
    endloop
  endfacet
  facet normal -0.66688 -0.241798 -0.704844
    outer loop
      vertex 28.7082 8.70854 2
      vertex 30.6076 9.30001 0
      vertex 30.6126 9.28622 0
    endloop
  endfacet
  facet normal -0.667833 -0.238959 -0.70491
    outer loop
      vertex 28.2463 10.1067 1.96364
      vertex 30.6076 9.30001 0
      vertex 28.7082 8.70854 2
    endloop
  endfacet
  facet normal -0.667832 -0.238938 -0.704917
    outer loop
      vertex 30.6076 9.30001 0
      vertex 28.2463 10.1067 1.96364
      vertex 27.7164 11.4805 2
    endloop
  endfacet
  facet normal -0.47632 -0.525555 -0.704919
    outer loop
      vertex 22.6204 22.6204 0
      vertex 21.2132 21.2132 2
      vertex 20.3051 24.7188 0
    endloop
  endfacet
  facet normal -0.104077 -0.701617 -0.704912
    outer loop
      vertex 6.24095 31.3754 0
      vertex 5.85271 29.4236 2
      vertex 3.15006 31.8339 0
    endloop
  endfacet
  facet normal 0.525555 -0.47632 -0.704919
    outer loop
      vertex -22.6204 22.6204 0
      vertex -21.2132 21.2132 2
      vertex -24.7188 20.3051 0
    endloop
  endfacet
  facet normal 0.101724 0.701898 -0.704976
    outer loop
      vertex -3.15006 -31.8339 0
      vertex -2.94051 -29.8555 2
      vertex -3.13557 -31.836 0
    endloop
  endfacet
  facet normal 0.104051 0.701604 -0.704929
    outer loop
      vertex -3.15006 -31.8339 0
      vertex -4.40191 -29.6753 1.96364
      vertex -2.94051 -29.8555 2
    endloop
  endfacet
  facet normal 0.104055 0.701605 -0.704927
    outer loop
      vertex -4.40191 -29.6753 1.96364
      vertex -3.15006 -31.8339 0
      vertex -5.85271 -29.4236 2
    endloop
  endfacet
  facet normal -0.66688 0.241798 -0.704844
    outer loop
      vertex 30.6076 -9.30001 0
      vertex 28.7082 -8.70854 2
      vertex 30.6126 -9.28622 0
    endloop
  endfacet
  facet normal -0.667833 0.238959 -0.70491
    outer loop
      vertex 30.6076 -9.30001 0
      vertex 28.2463 -10.1067 1.96364
      vertex 28.7082 -8.70854 2
    endloop
  endfacet
  facet normal -0.667832 0.238938 -0.704917
    outer loop
      vertex 28.2463 -10.1067 1.96364
      vertex 30.6076 -9.30001 0
      vertex 27.7164 -11.4805 2
    endloop
  endfacet
  facet normal -0.238938 -0.667832 -0.704917
    outer loop
      vertex 10.1067 28.2463 1.96364
      vertex 9.30001 30.6076 0
      vertex 11.4805 27.7164 2
    endloop
  endfacet
  facet normal -0.238959 -0.667833 -0.70491
    outer loop
      vertex 8.70854 28.7082 2
      vertex 9.30001 30.6076 0
      vertex 10.1067 28.2463 1.96364
    endloop
  endfacet
  facet normal -0.241798 -0.66688 -0.704844
    outer loop
      vertex 9.30001 30.6076 0
      vertex 8.70854 28.7082 2
      vertex 9.28622 30.6126 0
    endloop
  endfacet
  facet normal -0.568624 0.424058 -0.70487
    outer loop
      vertex 26.59 -17.7845 0
      vertex 24.9441 -16.6671 2
      vertex 26.5988 -17.7727 0
    endloop
  endfacet
  facet normal -0.569709 0.422532 -0.70491
    outer loop
      vertex 26.59 -17.7845 0
      vertex 24.0962 -17.871 1.96364
      vertex 24.9441 -16.6671 2
    endloop
  endfacet
  facet normal -0.56971 0.422527 -0.704912
    outer loop
      vertex 24.0962 -17.871 1.96364
      vertex 26.59 -17.7845 0
      vertex 23.1903 -19.0318 2
    endloop
  endfacet
  facet normal -0.364638 -0.608382 -0.704919
    outer loop
      vertex 15.08 28.2127 0
      vertex 17.7602 26.6063 0
      vertex 14.1419 26.4576 2
    endloop
  endfacet
  facet normal -0.422527 -0.56971 -0.704912
    outer loop
      vertex 17.871 24.0962 1.96364
      vertex 17.7845 26.59 0
      vertex 19.0318 23.1903 2
    endloop
  endfacet
  facet normal -0.422532 -0.569709 -0.70491
    outer loop
      vertex 16.6671 24.9441 2
      vertex 17.7845 26.59 0
      vertex 17.871 24.0962 1.96364
    endloop
  endfacet
  facet normal -0.424058 -0.568624 -0.70487
    outer loop
      vertex 17.7845 26.59 0
      vertex 16.6671 24.9441 2
      vertex 17.7727 26.5988 0
    endloop
  endfacet
  facet normal -0.708429 0.0348206 -0.704922
    outer loop
      vertex 31.9901 0 0
      vertex 31.8367 -3.12094 0
      vertex 30 0 2
    endloop
  endfacet
  facet normal -0.422527 -0.56971 -0.704912
    outer loop
      vertex 20.2943 24.7286 0
      vertex 19.0318 23.1903 2
      vertex 17.7845 26.59 0
    endloop
  endfacet
  facet normal 0.104077 -0.701617 -0.704912
    outer loop
      vertex -3.15006 31.8339 0
      vertex -5.85271 29.4236 2
      vertex -6.24095 31.3754 0
    endloop
  endfacet
  facet normal -0.0348206 0.708429 -0.704922
    outer loop
      vertex 0 -30 2
      vertex 3.12094 -31.8367 0
      vertex 0 -31.9901 0
    endloop
  endfacet
  facet normal -0.708499 -0.0338995 -0.704897
    outer loop
      vertex 31.8367 3.12094 0
      vertex 29.8555 2.94051 2
      vertex 31.836 3.13557 0
    endloop
  endfacet
  facet normal -0.708433 -0.034841 -0.704917
    outer loop
      vertex 31.8367 3.12094 0
      vertex 29.9639 1.47203 1.96364
      vertex 29.8555 2.94051 2
    endloop
  endfacet
  facet normal -0.708459 -0.0347855 -0.704895
    outer loop
      vertex 29.9639 1.47203 1.96364
      vertex 31.8367 3.12094 0
      vertex 30 0 2
    endloop
  endfacet
  facet normal 0.238932 -0.66783 -0.704922
    outer loop
      vertex -9.30001 30.6076 0
      vertex -11.4805 27.7164 2
      vertex -12.2421 29.555 0
    endloop
  endfacet
  facet normal 0.364625 -0.608416 -0.704897
    outer loop
      vertex -15.4231 25.7319 1.96364
      vertex -17.7602 26.6063 0
      vertex -14.1419 26.4576 2
    endloop
  endfacet
  facet normal 0.364663 -0.608366 -0.70492
    outer loop
      vertex -16.6671 24.9441 2
      vertex -17.7602 26.6063 0
      vertex -15.4231 25.7319 1.96364
    endloop
  endfacet
  facet normal 0.364922 -0.608203 -0.704926
    outer loop
      vertex -17.7602 26.6063 0
      vertex -16.6671 24.9441 2
      vertex -17.7727 26.5988 0
    endloop
  endfacet
  facet normal 0.641184 -0.303261 -0.704922
    outer loop
      vertex -28.219 15.0668 0
      vertex -27.7164 11.4805 2
      vertex -29.555 12.2421 0
    endloop
  endfacet
  facet normal 0.688772 0.169648 -0.70485
    outer loop
      vertex -30.6161 -9.27201 0
      vertex -28.7082 -8.70854 2
      vertex -30.6126 -9.28622 0
    endloop
  endfacet
  facet normal 0.688043 0.172332 -0.70491
    outer loop
      vertex -28.7082 -8.70854 2
      vertex -30.6161 -9.27201 0
      vertex -29.1009 -7.2894 1.96364
    endloop
  endfacet
  facet normal 0.688011 0.172377 -0.704931
    outer loop
      vertex -29.1009 -7.2894 1.96364
      vertex -30.6161 -9.27201 0
      vertex -29.4236 -5.85271 2
    endloop
  endfacet
  facet normal -0.525282 -0.476645 -0.704903
    outer loop
      vertex 23.1903 19.0318 2
      vertex 24.7188 20.3051 0
      vertex 24.7286 20.2943 0
    endloop
  endfacet
  facet normal -0.525555 -0.476331 -0.704912
    outer loop
      vertex 22.2285 20.1468 1.96364
      vertex 24.7188 20.3051 0
      vertex 23.1903 19.0318 2
    endloop
  endfacet
  facet normal -0.525553 -0.476335 -0.70491
    outer loop
      vertex 24.7188 20.3051 0
      vertex 22.2285 20.1468 1.96364
      vertex 21.2132 21.2132 2
    endloop
  endfacet
  facet normal -0.364638 0.608382 -0.704919
    outer loop
      vertex 17.7602 -26.6063 0
      vertex 15.08 -28.2127 0
      vertex 14.1419 -26.4576 2
    endloop
  endfacet
  facet normal -0.172357 0.688035 -0.704912
    outer loop
      vertex 9.27201 -30.6161 0
      vertex 6.24095 -31.3754 0
      vertex 5.85271 -29.4236 2
    endloop
  endfacet
  facet normal 0.688035 -0.172357 -0.704912
    outer loop
      vertex -30.6161 9.27201 0
      vertex -29.4236 5.85271 2
      vertex -31.3754 6.24095 0
    endloop
  endfacet
  facet normal -0.364922 -0.608203 -0.704926
    outer loop
      vertex 16.6671 24.9441 2
      vertex 17.7602 26.6063 0
      vertex 17.7727 26.5988 0
    endloop
  endfacet
  facet normal -0.364663 -0.608366 -0.70492
    outer loop
      vertex 15.4231 25.7319 1.96364
      vertex 17.7602 26.6063 0
      vertex 16.6671 24.9441 2
    endloop
  endfacet
  facet normal -0.364625 -0.608416 -0.704897
    outer loop
      vertex 17.7602 26.6063 0
      vertex 15.4231 25.7319 1.96364
      vertex 14.1419 26.4576 2
    endloop
  endfacet
  facet normal -0.0348206 -0.708429 -0.704922
    outer loop
      vertex 0 31.9901 0
      vertex 3.12094 31.8367 0
      vertex 0 30 2
    endloop
  endfacet
  facet normal -0.104055 -0.701605 -0.704927
    outer loop
      vertex 4.40191 29.6753 1.96364
      vertex 3.15006 31.8339 0
      vertex 5.85271 29.4236 2
    endloop
  endfacet
  facet normal -0.104051 -0.701604 -0.704929
    outer loop
      vertex 2.94051 29.8555 2
      vertex 3.15006 31.8339 0
      vertex 4.40191 29.6753 1.96364
    endloop
  endfacet
  facet normal -0.101724 -0.701898 -0.704976
    outer loop
      vertex 3.15006 31.8339 0
      vertex 2.94051 29.8555 2
      vertex 3.13557 31.836 0
    endloop
  endfacet
  facet normal -0.688011 -0.172377 -0.704931
    outer loop
      vertex 29.1009 7.2894 1.96364
      vertex 30.6161 9.27201 0
      vertex 29.4236 5.85271 2
    endloop
  endfacet
  facet normal -0.688043 -0.172332 -0.70491
    outer loop
      vertex 28.7082 8.70854 2
      vertex 30.6161 9.27201 0
      vertex 29.1009 7.2894 1.96364
    endloop
  endfacet
  facet normal -0.688772 -0.169648 -0.70485
    outer loop
      vertex 30.6161 9.27201 0
      vertex 28.7082 8.70854 2
      vertex 30.6126 9.28622 0
    endloop
  endfacet
  facet normal -0.476645 0.525282 -0.704903
    outer loop
      vertex 19.0318 -23.1903 2
      vertex 20.3051 -24.7188 0
      vertex 20.2943 -24.7286 0
    endloop
  endfacet
  facet normal -0.476335 0.525553 -0.70491
    outer loop
      vertex 20.3051 -24.7188 0
      vertex 20.1468 -22.2285 1.96364
      vertex 21.2132 -21.2132 2
    endloop
  endfacet
  facet normal -0.476331 0.525555 -0.704912
    outer loop
      vertex 20.3051 -24.7188 0
      vertex 19.0318 -23.1903 2
      vertex 20.1468 -22.2285 1.96364
    endloop
  endfacet
  facet normal -0.56971 -0.422527 -0.704912
    outer loop
      vertex 24.7286 20.2943 0
      vertex 26.59 17.7845 0
      vertex 23.1903 19.0318 2
    endloop
  endfacet
  facet normal 0.525553 -0.476335 -0.70491
    outer loop
      vertex -22.2285 20.1468 1.96364
      vertex -24.7188 20.3051 0
      vertex -21.2132 21.2132 2
    endloop
  endfacet
  facet normal 0.525555 -0.476331 -0.704912
    outer loop
      vertex -23.1903 19.0318 2
      vertex -24.7188 20.3051 0
      vertex -22.2285 20.1468 1.96364
    endloop
  endfacet
  facet normal 0.525282 -0.476645 -0.704903
    outer loop
      vertex -24.7188 20.3051 0
      vertex -23.1903 19.0318 2
      vertex -24.7286 20.2943 0
    endloop
  endfacet
  facet normal 0.303251 -0.641203 -0.704909
    outer loop
      vertex -12.8267 27.1197 1.96364
      vertex -15.0668 28.219 0
      vertex -11.4805 27.7164 2
    endloop
  endfacet
  facet normal 0.303288 -0.641164 -0.704929
    outer loop
      vertex -14.1419 26.4576 2
      vertex -15.0668 28.219 0
      vertex -12.8267 27.1197 1.96364
    endloop
  endfacet
  facet normal 0.305486 -0.640066 -0.704978
    outer loop
      vertex -15.0668 28.219 0
      vertex -14.1419 26.4576 2
      vertex -15.08 28.2127 0
    endloop
  endfacet
  facet normal -0.608382 0.364638 -0.704919
    outer loop
      vertex 28.2127 -15.08 0
      vertex 26.6063 -17.7602 0
      vertex 26.4576 -14.1419 2
    endloop
  endfacet
  facet normal -0.641184 -0.303261 -0.704922
    outer loop
      vertex 28.219 15.0668 0
      vertex 29.555 12.2421 0
      vertex 27.7164 11.4805 2
    endloop
  endfacet
  facet normal -0.238932 0.66783 -0.704922
    outer loop
      vertex 11.4805 -27.7164 2
      vertex 12.2421 -29.555 0
      vertex 9.30001 -30.6076 0
    endloop
  endfacet
  facet normal 0.688035 0.172357 -0.704912
    outer loop
      vertex -29.4236 -5.85271 2
      vertex -30.6161 -9.27201 0
      vertex -31.3754 -6.24095 0
    endloop
  endfacet
  facet normal -0.568624 -0.424058 -0.70487
    outer loop
      vertex 24.9441 16.6671 2
      vertex 26.59 17.7845 0
      vertex 26.5988 17.7727 0
    endloop
  endfacet
  facet normal -0.569709 -0.422532 -0.70491
    outer loop
      vertex 24.0962 17.871 1.96364
      vertex 26.59 17.7845 0
      vertex 24.9441 16.6671 2
    endloop
  endfacet
  facet normal -0.56971 -0.422527 -0.704912
    outer loop
      vertex 26.59 17.7845 0
      vertex 24.0962 17.871 1.96364
      vertex 23.1903 19.0318 2
    endloop
  endfacet
  facet normal -0.525555 0.47632 -0.704919
    outer loop
      vertex 24.7188 -20.3051 0
      vertex 22.6204 -22.6204 0
      vertex 21.2132 -21.2132 2
    endloop
  endfacet
  facet normal -0.688772 0.169648 -0.70485
    outer loop
      vertex 28.7082 -8.70854 2
      vertex 30.6161 -9.27201 0
      vertex 30.6126 -9.28622 0
    endloop
  endfacet
  facet normal -0.688011 0.172377 -0.704931
    outer loop
      vertex 30.6161 -9.27201 0
      vertex 29.1009 -7.2894 1.96364
      vertex 29.4236 -5.85271 2
    endloop
  endfacet
  facet normal -0.688043 0.172332 -0.70491
    outer loop
      vertex 30.6161 -9.27201 0
      vertex 28.7082 -8.70854 2
      vertex 29.1009 -7.2894 1.96364
    endloop
  endfacet
  facet normal -0.688035 0.172357 -0.704912
    outer loop
      vertex 31.3754 -6.24095 0
      vertex 30.6161 -9.27201 0
      vertex 29.4236 -5.85271 2
    endloop
  endfacet
  facet normal 0.56971 0.422527 -0.704912
    outer loop
      vertex -23.1903 -19.0318 2
      vertex -24.7286 -20.2943 0
      vertex -26.59 -17.7845 0
    endloop
  endfacet
  facet normal 0.47632 0.525555 -0.704919
    outer loop
      vertex -21.2132 -21.2132 2
      vertex -20.3051 -24.7188 0
      vertex -22.6204 -22.6204 0
    endloop
  endfacet
  facet normal -0.66783 -0.238932 -0.704922
    outer loop
      vertex 29.555 12.2421 0
      vertex 30.6076 9.30001 0
      vertex 27.7164 11.4805 2
    endloop
  endfacet
  facet normal 0.641164 -0.303288 -0.704929
    outer loop
      vertex -28.219 15.0668 0
      vertex -26.4576 14.1419 2
      vertex -27.1197 12.8267 1.96364
    endloop
  endfacet
  facet normal 0.641203 -0.303251 -0.704909
    outer loop
      vertex -28.219 15.0668 0
      vertex -27.1197 12.8267 1.96364
      vertex -27.7164 11.4805 2
    endloop
  endfacet
  facet normal 0.640066 -0.305486 -0.704978
    outer loop
      vertex -26.4576 14.1419 2
      vertex -28.219 15.0668 0
      vertex -28.2127 15.08 0
    endloop
  endfacet
  facet normal 0.172377 -0.688011 -0.704931
    outer loop
      vertex -7.2894 29.1009 1.96364
      vertex -9.27201 30.6161 0
      vertex -5.85271 29.4236 2
    endloop
  endfacet
  facet normal 0.172332 -0.688043 -0.70491
    outer loop
      vertex -8.70854 28.7082 2
      vertex -9.27201 30.6161 0
      vertex -7.2894 29.1009 1.96364
    endloop
  endfacet
  facet normal 0.169648 -0.688772 -0.70485
    outer loop
      vertex -9.27201 30.6161 0
      vertex -8.70854 28.7082 2
      vertex -9.28622 30.6126 0
    endloop
  endfacet
  facet normal -0.688035 -0.172357 -0.704912
    outer loop
      vertex 30.6161 9.27201 0
      vertex 31.3754 6.24095 0
      vertex 29.4236 5.85271 2
    endloop
  endfacet
  facet normal -0.701617 -0.104077 -0.704912
    outer loop
      vertex 31.3754 6.24095 0
      vertex 31.8339 3.15006 0
      vertex 29.4236 5.85271 2
    endloop
  endfacet
  facet normal 0.424058 -0.568624 -0.70487
    outer loop
      vertex -16.6671 24.9441 2
      vertex -17.7845 26.59 0
      vertex -17.7727 26.5988 0
    endloop
  endfacet
  facet normal 0.422532 -0.569709 -0.70491
    outer loop
      vertex -17.871 24.0962 1.96364
      vertex -17.7845 26.59 0
      vertex -16.6671 24.9441 2
    endloop
  endfacet
  facet normal 0.422527 -0.56971 -0.704912
    outer loop
      vertex -17.7845 26.59 0
      vertex -17.871 24.0962 1.96364
      vertex -19.0318 23.1903 2
    endloop
  endfacet
  facet normal -0.701617 0.104077 -0.704912
    outer loop
      vertex 31.8339 -3.15006 0
      vertex 31.3754 -6.24095 0
      vertex 29.4236 -5.85271 2
    endloop
  endfacet
  facet normal -0.034841 0.708433 -0.704917
    outer loop
      vertex 2.94051 -29.8555 2
      vertex 3.12094 -31.8367 0
      vertex 1.47203 -29.9639 1.96364
    endloop
  endfacet
  facet normal -0.0347855 0.708459 -0.704895
    outer loop
      vertex 1.47203 -29.9639 1.96364
      vertex 3.12094 -31.8367 0
      vertex 0 -30 2
    endloop
  endfacet
  facet normal -0.0338995 0.708499 -0.704897
    outer loop
      vertex 3.12094 -31.8367 0
      vertex 2.94051 -29.8555 2
      vertex 3.13557 -31.836 0
    endloop
  endfacet
  facet normal 0.708429 -0.0348206 -0.704922
    outer loop
      vertex -31.8367 3.12094 0
      vertex -30 0 2
      vertex -31.9901 0 0
    endloop
  endfacet
  facet normal 0.608382 -0.364638 -0.704919
    outer loop
      vertex -26.6063 17.7602 0
      vertex -26.4576 14.1419 2
      vertex -28.2127 15.08 0
    endloop
  endfacet
  facet normal 0.303261 0.641184 -0.704922
    outer loop
      vertex -11.4805 -27.7164 2
      vertex -12.2421 -29.555 0
      vertex -15.0668 -28.219 0
    endloop
  endfacet
  facet normal 0.172357 -0.688035 -0.704912
    outer loop
      vertex -6.24095 31.3754 0
      vertex -5.85271 29.4236 2
      vertex -9.27201 30.6161 0
    endloop
  endfacet
  facet normal 0.422527 0.56971 -0.704912
    outer loop
      vertex -19.0318 -23.1903 2
      vertex -17.7845 -26.59 0
      vertex -20.2943 -24.7286 0
    endloop
  endfacet
  facet normal -0.422527 0.56971 -0.704912
    outer loop
      vertex 17.7845 -26.59 0
      vertex 17.871 -24.0962 1.96364
      vertex 19.0318 -23.1903 2
    endloop
  endfacet
  facet normal -0.424058 0.568624 -0.70487
    outer loop
      vertex 16.6671 -24.9441 2
      vertex 17.7845 -26.59 0
      vertex 17.7727 -26.5988 0
    endloop
  endfacet
  facet normal -0.422532 0.569709 -0.70491
    outer loop
      vertex 17.7845 -26.59 0
      vertex 16.6671 -24.9441 2
      vertex 17.871 -24.0962 1.96364
    endloop
  endfacet
  facet normal -0.172357 -0.688035 -0.704912
    outer loop
      vertex 6.24095 31.3754 0
      vertex 9.27201 30.6161 0
      vertex 5.85271 29.4236 2
    endloop
  endfacet
  facet normal 0.47632 -0.525555 -0.704919
    outer loop
      vertex -20.3051 24.7188 0
      vertex -21.2132 21.2132 2
      vertex -22.6204 22.6204 0
    endloop
  endfacet
  facet normal -0.238932 -0.66783 -0.704922
    outer loop
      vertex 12.2421 29.555 0
      vertex 11.4805 27.7164 2
      vertex 9.30001 30.6076 0
    endloop
  endfacet
  facet normal 0.66783 0.238932 -0.704922
    outer loop
      vertex -27.7164 -11.4805 2
      vertex -29.555 -12.2421 0
      vertex -30.6076 -9.30001 0
    endloop
  endfacet
  facet normal 0.0348206 0.708429 -0.704922
    outer loop
      vertex 0 -30 2
      vertex 0 -31.9901 0
      vertex -3.12094 -31.8367 0
    endloop
  endfacet
  facet normal 0.476331 -0.525555 -0.704912
    outer loop
      vertex -20.3051 24.7188 0
      vertex -19.0318 23.1903 2
      vertex -20.1468 22.2285 1.96364
    endloop
  endfacet
  facet normal 0.476645 -0.525282 -0.704903
    outer loop
      vertex -19.0318 23.1903 2
      vertex -20.3051 24.7188 0
      vertex -20.2943 24.7286 0
    endloop
  endfacet
  facet normal 0.476335 -0.525553 -0.70491
    outer loop
      vertex -20.3051 24.7188 0
      vertex -20.1468 22.2285 1.96364
      vertex -21.2132 21.2132 2
    endloop
  endfacet
  facet normal -0.305486 -0.640066 -0.704978
    outer loop
      vertex 14.1419 26.4576 2
      vertex 15.0668 28.219 0
      vertex 15.08 28.2127 0
    endloop
  endfacet
  facet normal -0.303288 -0.641164 -0.704929
    outer loop
      vertex 12.8267 27.1197 1.96364
      vertex 15.0668 28.219 0
      vertex 14.1419 26.4576 2
    endloop
  endfacet
  facet normal -0.303251 -0.641203 -0.704909
    outer loop
      vertex 15.0668 28.219 0
      vertex 12.8267 27.1197 1.96364
      vertex 11.4805 27.7164 2
    endloop
  endfacet
  facet normal 0.56971 -0.422527 -0.704912
    outer loop
      vertex -24.7286 20.2943 0
      vertex -23.1903 19.0318 2
      vertex -26.59 17.7845 0
    endloop
  endfacet
  facet normal 0.641184 0.303261 -0.704922
    outer loop
      vertex -27.7164 -11.4805 2
      vertex -28.219 -15.0668 0
      vertex -29.555 -12.2421 0
    endloop
  endfacet
  facet normal 0.241798 -0.66688 -0.704844
    outer loop
      vertex -8.70854 28.7082 2
      vertex -9.30001 30.6076 0
      vertex -9.28622 30.6126 0
    endloop
  endfacet
  facet normal 0.238959 -0.667833 -0.70491
    outer loop
      vertex -10.1067 28.2463 1.96364
      vertex -9.30001 30.6076 0
      vertex -8.70854 28.7082 2
    endloop
  endfacet
  facet normal 0.238938 -0.667832 -0.704917
    outer loop
      vertex -9.30001 30.6076 0
      vertex -10.1067 28.2463 1.96364
      vertex -11.4805 27.7164 2
    endloop
  endfacet
  facet normal 0.708429 0.0348206 -0.704922
    outer loop
      vertex -30 0 2
      vertex -31.8367 -3.12094 0
      vertex -31.9901 0 0
    endloop
  endfacet
  facet normal -0.47632 0.525555 -0.704919
    outer loop
      vertex 21.2132 -21.2132 2
      vertex 22.6204 -22.6204 0
      vertex 20.3051 -24.7188 0
    endloop
  endfacet
  facet normal -0.640066 0.305486 -0.704978
    outer loop
      vertex 26.4576 -14.1419 2
      vertex 28.219 -15.0668 0
      vertex 28.2127 -15.08 0
    endloop
  endfacet
  facet normal -0.641203 0.303251 -0.704909
    outer loop
      vertex 28.219 -15.0668 0
      vertex 27.1197 -12.8267 1.96364
      vertex 27.7164 -11.4805 2
    endloop
  endfacet
  facet normal -0.641164 0.303288 -0.704929
    outer loop
      vertex 28.219 -15.0668 0
      vertex 26.4576 -14.1419 2
      vertex 27.1197 -12.8267 1.96364
    endloop
  endfacet
  facet normal -0.641184 0.303261 -0.704922
    outer loop
      vertex 29.555 -12.2421 0
      vertex 28.219 -15.0668 0
      vertex 27.7164 -11.4805 2
    endloop
  endfacet
  facet normal -0.305486 0.640066 -0.704978
    outer loop
      vertex 15.0668 -28.219 0
      vertex 14.1419 -26.4576 2
      vertex 15.08 -28.2127 0
    endloop
  endfacet
  facet normal -0.303288 0.641164 -0.704929
    outer loop
      vertex 15.0668 -28.219 0
      vertex 12.8267 -27.1197 1.96364
      vertex 14.1419 -26.4576 2
    endloop
  endfacet
  facet normal -0.303251 0.641203 -0.704909
    outer loop
      vertex 12.8267 -27.1197 1.96364
      vertex 15.0668 -28.219 0
      vertex 11.4805 -27.7164 2
    endloop
  endfacet
  facet normal 0.422527 -0.56971 -0.704912
    outer loop
      vertex -17.7845 26.59 0
      vertex -19.0318 23.1903 2
      vertex -20.2943 24.7286 0
    endloop
  endfacet
  facet normal 0.0338995 -0.708499 -0.704897
    outer loop
      vertex -3.12094 31.8367 0
      vertex -2.94051 29.8555 2
      vertex -3.13557 31.836 0
    endloop
  endfacet
  facet normal 0.034841 -0.708433 -0.704917
    outer loop
      vertex -2.94051 29.8555 2
      vertex -3.12094 31.8367 0
      vertex -1.47203 29.9639 1.96364
    endloop
  endfacet
  facet normal 0.0347855 -0.708459 -0.704895
    outer loop
      vertex -1.47203 29.9639 1.96364
      vertex -3.12094 31.8367 0
      vertex 0 30 2
    endloop
  endfacet
  facet normal -0.701898 0.101724 -0.704976
    outer loop
      vertex 31.8339 -3.15006 0
      vertex 29.8555 -2.94051 2
      vertex 31.836 -3.13557 0
    endloop
  endfacet
  facet normal -0.701604 0.104051 -0.704929
    outer loop
      vertex 31.8339 -3.15006 0
      vertex 29.6753 -4.40191 1.96364
      vertex 29.8555 -2.94051 2
    endloop
  endfacet
  facet normal -0.701605 0.104055 -0.704927
    outer loop
      vertex 29.6753 -4.40191 1.96364
      vertex 31.8339 -3.15006 0
      vertex 29.4236 -5.85271 2
    endloop
  endfacet
  facet normal -0.708459 0.0347855 -0.704895
    outer loop
      vertex 31.8367 -3.12094 0
      vertex 29.9639 -1.47203 1.96364
      vertex 30 0 2
    endloop
  endfacet
  facet normal -0.708433 0.034841 -0.704917
    outer loop
      vertex 31.8367 -3.12094 0
      vertex 29.8555 -2.94051 2
      vertex 29.9639 -1.47203 1.96364
    endloop
  endfacet
  facet normal -0.708499 0.0338995 -0.704897
    outer loop
      vertex 29.8555 -2.94051 2
      vertex 31.8367 -3.12094 0
      vertex 31.836 -3.13557 0
    endloop
  endfacet
  facet normal 0.0347855 0.708459 -0.704895
    outer loop
      vertex 0 -30 2
      vertex -3.12094 -31.8367 0
      vertex -1.47203 -29.9639 1.96364
    endloop
  endfacet
  facet normal 0.034841 0.708433 -0.704917
    outer loop
      vertex -3.12094 -31.8367 0
      vertex -2.94051 -29.8555 2
      vertex -1.47203 -29.9639 1.96364
    endloop
  endfacet
  facet normal 0.0338995 0.708499 -0.704897
    outer loop
      vertex -2.94051 -29.8555 2
      vertex -3.12094 -31.8367 0
      vertex -3.13557 -31.836 0
    endloop
  endfacet
  facet normal 0.364638 -0.608382 -0.704919
    outer loop
      vertex -15.08 28.2127 0
      vertex -14.1419 26.4576 2
      vertex -17.7602 26.6063 0
    endloop
  endfacet
  facet normal 0.364638 0.608382 -0.704919
    outer loop
      vertex -14.1419 -26.4576 2
      vertex -15.08 -28.2127 0
      vertex -17.7602 -26.6063 0
    endloop
  endfacet
  facet normal 0.104077 0.701617 -0.704912
    outer loop
      vertex -5.85271 -29.4236 2
      vertex -3.15006 -31.8339 0
      vertex -6.24095 -31.3754 0
    endloop
  endfacet
  facet normal 0.172357 0.688035 -0.704912
    outer loop
      vertex -5.85271 -29.4236 2
      vertex -6.24095 -31.3754 0
      vertex -9.27201 -30.6161 0
    endloop
  endfacet
  facet normal 0.303261 -0.641184 -0.704922
    outer loop
      vertex -12.2421 29.555 0
      vertex -11.4805 27.7164 2
      vertex -15.0668 28.219 0
    endloop
  endfacet
  facet normal 0.608203 0.364922 -0.704926
    outer loop
      vertex -26.6063 -17.7602 0
      vertex -24.9441 -16.6671 2
      vertex -26.5988 -17.7727 0
    endloop
  endfacet
  facet normal 0.608366 0.364663 -0.70492
    outer loop
      vertex -24.9441 -16.6671 2
      vertex -26.6063 -17.7602 0
      vertex -25.7319 -15.4231 1.96364
    endloop
  endfacet
  facet normal 0.608416 0.364625 -0.704897
    outer loop
      vertex -25.7319 -15.4231 1.96364
      vertex -26.6063 -17.7602 0
      vertex -26.4576 -14.1419 2
    endloop
  endfacet
  facet normal -0.608416 -0.364625 -0.704897
    outer loop
      vertex 25.7319 15.4231 1.96364
      vertex 26.6063 17.7602 0
      vertex 26.4576 14.1419 2
    endloop
  endfacet
  facet normal -0.608366 -0.364663 -0.70492
    outer loop
      vertex 24.9441 16.6671 2
      vertex 26.6063 17.7602 0
      vertex 25.7319 15.4231 1.96364
    endloop
  endfacet
  facet normal -0.608203 -0.364922 -0.704926
    outer loop
      vertex 26.6063 17.7602 0
      vertex 24.9441 16.6671 2
      vertex 26.5988 17.7727 0
    endloop
  endfacet
  facet normal 0.172377 0.688011 -0.704931
    outer loop
      vertex -9.27201 -30.6161 0
      vertex -7.2894 -29.1009 1.96364
      vertex -5.85271 -29.4236 2
    endloop
  endfacet
  facet normal 0.172332 0.688043 -0.70491
    outer loop
      vertex -9.27201 -30.6161 0
      vertex -8.70854 -28.7082 2
      vertex -7.2894 -29.1009 1.96364
    endloop
  endfacet
  facet normal 0.169648 0.688772 -0.70485
    outer loop
      vertex -8.70854 -28.7082 2
      vertex -9.27201 -30.6161 0
      vertex -9.28622 -30.6126 0
    endloop
  endfacet
  facet normal -0.56971 0.422527 -0.704912
    outer loop
      vertex 26.59 -17.7845 0
      vertex 24.7286 -20.2943 0
      vertex 23.1903 -19.0318 2
    endloop
  endfacet
  facet normal 0.238932 0.66783 -0.704922
    outer loop
      vertex -11.4805 -27.7164 2
      vertex -9.30001 -30.6076 0
      vertex -12.2421 -29.555 0
    endloop
  endfacet
  facet normal 0.303251 0.641203 -0.704909
    outer loop
      vertex -15.0668 -28.219 0
      vertex -12.8267 -27.1197 1.96364
      vertex -11.4805 -27.7164 2
    endloop
  endfacet
  facet normal 0.303288 0.641164 -0.704929
    outer loop
      vertex -15.0668 -28.219 0
      vertex -14.1419 -26.4576 2
      vertex -12.8267 -27.1197 1.96364
    endloop
  endfacet
  facet normal 0.305486 0.640066 -0.704978
    outer loop
      vertex -14.1419 -26.4576 2
      vertex -15.0668 -28.219 0
      vertex -15.08 -28.2127 0
    endloop
  endfacet
  facet normal 0.608382 0.364638 -0.704919
    outer loop
      vertex -26.4576 -14.1419 2
      vertex -26.6063 -17.7602 0
      vertex -28.2127 -15.08 0
    endloop
  endfacet
  facet normal 0.241798 0.66688 -0.704844
    outer loop
      vertex -9.30001 -30.6076 0
      vertex -8.70854 -28.7082 2
      vertex -9.28622 -30.6126 0
    endloop
  endfacet
  facet normal 0.238959 0.667833 -0.70491
    outer loop
      vertex -9.30001 -30.6076 0
      vertex -10.1067 -28.2463 1.96364
      vertex -8.70854 -28.7082 2
    endloop
  endfacet
  facet normal 0.238938 0.667832 -0.704917
    outer loop
      vertex -10.1067 -28.2463 1.96364
      vertex -9.30001 -30.6076 0
      vertex -11.4805 -27.7164 2
    endloop
  endfacet
  facet normal -0.525282 0.476645 -0.704903
    outer loop
      vertex 24.7188 -20.3051 0
      vertex 23.1903 -19.0318 2
      vertex 24.7286 -20.2943 0
    endloop
  endfacet
  facet normal -0.525555 0.476331 -0.704912
    outer loop
      vertex 24.7188 -20.3051 0
      vertex 22.2285 -20.1468 1.96364
      vertex 23.1903 -19.0318 2
    endloop
  endfacet
  facet normal -0.525553 0.476335 -0.70491
    outer loop
      vertex 22.2285 -20.1468 1.96364
      vertex 24.7188 -20.3051 0
      vertex 21.2132 -21.2132 2
    endloop
  endfacet
  facet normal 0.701605 0.104055 -0.704927
    outer loop
      vertex -31.8339 -3.15006 0
      vertex -29.6753 -4.40191 1.96364
      vertex -29.4236 -5.85271 2
    endloop
  endfacet
  facet normal 0.701604 0.104051 -0.704929
    outer loop
      vertex -31.8339 -3.15006 0
      vertex -29.8555 -2.94051 2
      vertex -29.6753 -4.40191 1.96364
    endloop
  endfacet
  facet normal 0.701898 0.101724 -0.704976
    outer loop
      vertex -29.8555 -2.94051 2
      vertex -31.8339 -3.15006 0
      vertex -31.836 -3.13557 0
    endloop
  endfacet
  facet normal 0.708459 0.0347855 -0.704895
    outer loop
      vertex -29.9639 -1.47203 1.96364
      vertex -31.8367 -3.12094 0
      vertex -30 0 2
    endloop
  endfacet
  facet normal 0.708433 0.034841 -0.704917
    outer loop
      vertex -29.8555 -2.94051 2
      vertex -31.8367 -3.12094 0
      vertex -29.9639 -1.47203 1.96364
    endloop
  endfacet
  facet normal 0.708499 0.0338995 -0.704897
    outer loop
      vertex -31.8367 -3.12094 0
      vertex -29.8555 -2.94051 2
      vertex -31.836 -3.13557 0
    endloop
  endfacet
  facet normal 0.640066 0.305486 -0.704978
    outer loop
      vertex -28.219 -15.0668 0
      vertex -26.4576 -14.1419 2
      vertex -28.2127 -15.08 0
    endloop
  endfacet
  facet normal 0.641164 0.303288 -0.704929
    outer loop
      vertex -26.4576 -14.1419 2
      vertex -28.219 -15.0668 0
      vertex -27.1197 -12.8267 1.96364
    endloop
  endfacet
  facet normal 0.641203 0.303251 -0.704909
    outer loop
      vertex -27.1197 -12.8267 1.96364
      vertex -28.219 -15.0668 0
      vertex -27.7164 -11.4805 2
    endloop
  endfacet
  facet normal -0.104077 0.701617 -0.704912
    outer loop
      vertex 5.85271 -29.4236 2
      vertex 6.24095 -31.3754 0
      vertex 3.15006 -31.8339 0
    endloop
  endfacet
  facet normal -0.104055 0.701605 -0.704927
    outer loop
      vertex 3.15006 -31.8339 0
      vertex 4.40191 -29.6753 1.96364
      vertex 5.85271 -29.4236 2
    endloop
  endfacet
  facet normal -0.101724 0.701898 -0.704976
    outer loop
      vertex 2.94051 -29.8555 2
      vertex 3.15006 -31.8339 0
      vertex 3.13557 -31.836 0
    endloop
  endfacet
  facet normal -0.104051 0.701604 -0.704929
    outer loop
      vertex 3.15006 -31.8339 0
      vertex 2.94051 -29.8555 2
      vertex 4.40191 -29.6753 1.96364
    endloop
  endfacet
  facet normal 0.688043 -0.172332 -0.70491
    outer loop
      vertex -30.6161 9.27201 0
      vertex -28.7082 8.70854 2
      vertex -29.1009 7.2894 1.96364
    endloop
  endfacet
  facet normal 0.688011 -0.172377 -0.704931
    outer loop
      vertex -30.6161 9.27201 0
      vertex -29.1009 7.2894 1.96364
      vertex -29.4236 5.85271 2
    endloop
  endfacet
  facet normal 0.688772 -0.169648 -0.70485
    outer loop
      vertex -28.7082 8.70854 2
      vertex -30.6161 9.27201 0
      vertex -30.6126 9.28622 0
    endloop
  endfacet
  facet normal 0.56971 0.422527 -0.704912
    outer loop
      vertex -26.59 -17.7845 0
      vertex -24.0962 -17.871 1.96364
      vertex -23.1903 -19.0318 2
    endloop
  endfacet
  facet normal 0.569709 0.422532 -0.70491
    outer loop
      vertex -26.59 -17.7845 0
      vertex -24.9441 -16.6671 2
      vertex -24.0962 -17.871 1.96364
    endloop
  endfacet
  facet normal 0.568624 0.424058 -0.70487
    outer loop
      vertex -24.9441 -16.6671 2
      vertex -26.59 -17.7845 0
      vertex -26.5988 -17.7727 0
    endloop
  endfacet
  facet normal 0.364625 0.608416 -0.704897
    outer loop
      vertex -17.7602 -26.6063 0
      vertex -15.4231 -25.7319 1.96364
      vertex -14.1419 -26.4576 2
    endloop
  endfacet
  facet normal 0.364663 0.608366 -0.70492
    outer loop
      vertex -17.7602 -26.6063 0
      vertex -16.6671 -24.9441 2
      vertex -15.4231 -25.7319 1.96364
    endloop
  endfacet
  facet normal 0.364922 0.608203 -0.704926
    outer loop
      vertex -16.6671 -24.9441 2
      vertex -17.7602 -26.6063 0
      vertex -17.7727 -26.5988 0
    endloop
  endfacet
  facet normal 0.424058 0.568624 -0.70487
    outer loop
      vertex -17.7845 -26.59 0
      vertex -16.6671 -24.9441 2
      vertex -17.7727 -26.5988 0
    endloop
  endfacet
  facet normal 0.422532 0.569709 -0.70491
    outer loop
      vertex -17.7845 -26.59 0
      vertex -17.871 -24.0962 1.96364
      vertex -16.6671 -24.9441 2
    endloop
  endfacet
  facet normal 0.422527 0.56971 -0.704912
    outer loop
      vertex -17.871 -24.0962 1.96364
      vertex -17.7845 -26.59 0
      vertex -19.0318 -23.1903 2
    endloop
  endfacet
  facet normal 0.56971 -0.422527 -0.704912
    outer loop
      vertex -24.0962 17.871 1.96364
      vertex -26.59 17.7845 0
      vertex -23.1903 19.0318 2
    endloop
  endfacet
  facet normal 0.569709 -0.422532 -0.70491
    outer loop
      vertex -24.9441 16.6671 2
      vertex -26.59 17.7845 0
      vertex -24.0962 17.871 1.96364
    endloop
  endfacet
  facet normal 0.568624 -0.424058 -0.70487
    outer loop
      vertex -26.59 17.7845 0
      vertex -24.9441 16.6671 2
      vertex -26.5988 17.7727 0
    endloop
  endfacet
  facet normal -0.56971 0.422527 0.704912
    outer loop
      vertex 24.7286 -20.2943 55
      vertex 26.59 -17.7845 55
      vertex 23.1903 -19.0318 53
    endloop
  endfacet
  facet normal 0.476645 -0.525282 0.704903
    outer loop
      vertex -20.3051 24.7188 55
      vertex -19.0318 23.1903 53
      vertex -20.2943 24.7286 55
    endloop
  endfacet
  facet normal 0.476346 -0.525542 0.704911
    outer loop
      vertex -19.0318 23.1903 53
      vertex -20.3051 24.7188 55
      vertex -20.1468 22.2285 53.0364
    endloop
  endfacet
  facet normal 0.47631 -0.525556 0.704925
    outer loop
      vertex -20.1468 22.2285 53.0364
      vertex -20.3051 24.7188 55
      vertex -21.2132 21.2132 53
    endloop
  endfacet
  facet normal 0.241798 0.66688 0.704844
    outer loop
      vertex -8.70854 -28.7082 53
      vertex -9.30001 -30.6076 55
      vertex -9.28622 -30.6126 55
    endloop
  endfacet
  facet normal 0.238977 0.667827 0.704909
    outer loop
      vertex -10.1067 -28.2463 53.0364
      vertex -9.30001 -30.6076 55
      vertex -8.70854 -28.7082 53
    endloop
  endfacet
  facet normal 0.238915 0.667825 0.704932
    outer loop
      vertex -9.30001 -30.6076 55
      vertex -10.1067 -28.2463 53.0364
      vertex -11.4805 -27.7164 53
    endloop
  endfacet
  facet normal 0.608377 0.364646 0.704919
    outer loop
      vertex -26.6063 -17.7602 55
      vertex -24.9441 -16.6671 53
      vertex -25.7319 -15.4231 53.0364
    endloop
  endfacet
  facet normal 0.608392 0.364634 0.704912
    outer loop
      vertex -26.6063 -17.7602 55
      vertex -25.7319 -15.4231 53.0364
      vertex -26.4576 -14.1419 53
    endloop
  endfacet
  facet normal 0.608203 0.364922 0.704926
    outer loop
      vertex -24.9441 -16.6671 53
      vertex -26.6063 -17.7602 55
      vertex -26.5988 -17.7727 55
    endloop
  endfacet
  facet normal -0.708429 -0.0348206 0.704922
    outer loop
      vertex 31.9901 0 55
      vertex 31.8367 3.12094 55
      vertex 30 0 53
    endloop
  endfacet
  facet normal -0.708499 -0.0338995 0.704897
    outer loop
      vertex 29.8555 2.94051 53
      vertex 31.8367 3.12094 55
      vertex 31.836 3.13557 55
    endloop
  endfacet
  facet normal -0.708435 -0.034822 0.704917
    outer loop
      vertex 29.9639 1.47203 53.0364
      vertex 31.8367 3.12094 55
      vertex 29.8555 2.94051 53
    endloop
  endfacet
  facet normal -0.708443 -0.0348047 0.70491
    outer loop
      vertex 31.8367 3.12094 55
      vertex 29.9639 1.47203 53.0364
      vertex 30 0 53
    endloop
  endfacet
  facet normal -0.0348206 0.708429 0.704922
    outer loop
      vertex 3.12094 -31.8367 55
      vertex 0 -30 53
      vertex 0 -31.9901 55
    endloop
  endfacet
  facet normal -0.238932 0.66783 0.704922
    outer loop
      vertex 12.2421 -29.555 55
      vertex 11.4805 -27.7164 53
      vertex 9.30001 -30.6076 55
    endloop
  endfacet
  facet normal 0.104077 -0.701617 0.704912
    outer loop
      vertex -5.85271 29.4236 53
      vertex -3.15006 31.8339 55
      vertex -6.24095 31.3754 55
    endloop
  endfacet
  facet normal -0.701617 0.104077 0.704912
    outer loop
      vertex 31.3754 -6.24095 55
      vertex 31.8339 -3.15006 55
      vertex 29.4236 -5.85271 53
    endloop
  endfacet
  facet normal -0.238932 -0.66783 0.704922
    outer loop
      vertex 11.4805 27.7164 53
      vertex 12.2421 29.555 55
      vertex 9.30001 30.6076 55
    endloop
  endfacet
  facet normal 0.525555 0.47632 0.704919
    outer loop
      vertex -22.6204 -22.6204 55
      vertex -21.2132 -21.2132 53
      vertex -24.7188 -20.3051 55
    endloop
  endfacet
  facet normal -0.525282 0.476645 0.704903
    outer loop
      vertex 23.1903 -19.0318 53
      vertex 24.7188 -20.3051 55
      vertex 24.7286 -20.2943 55
    endloop
  endfacet
  facet normal -0.525542 0.476346 0.704911
    outer loop
      vertex 22.2285 -20.1468 53.0364
      vertex 24.7188 -20.3051 55
      vertex 23.1903 -19.0318 53
    endloop
  endfacet
  facet normal -0.525556 0.47631 0.704925
    outer loop
      vertex 24.7188 -20.3051 55
      vertex 22.2285 -20.1468 53.0364
      vertex 21.2132 -21.2132 53
    endloop
  endfacet
  facet normal 0.303263 -0.641181 0.704924
    outer loop
      vertex -15.0668 28.219 55
      vertex -12.8267 27.1197 53.0364
      vertex -11.4805 27.7164 53
    endloop
  endfacet
  facet normal 0.30327 -0.641173 0.704928
    outer loop
      vertex -15.0668 28.219 55
      vertex -14.1419 26.4576 53
      vertex -12.8267 27.1197 53.0364
    endloop
  endfacet
  facet normal 0.305486 -0.640066 0.704978
    outer loop
      vertex -14.1419 26.4576 53
      vertex -15.0668 28.219 55
      vertex -15.08 28.2127 55
    endloop
  endfacet
  facet normal 0.66783 0.238932 0.704922
    outer loop
      vertex -29.555 -12.2421 55
      vertex -27.7164 -11.4805 53
      vertex -30.6076 -9.30001 55
    endloop
  endfacet
  facet normal 0.238932 0.66783 0.704922
    outer loop
      vertex -9.30001 -30.6076 55
      vertex -11.4805 -27.7164 53
      vertex -12.2421 -29.555 55
    endloop
  endfacet
  facet normal -0.034822 -0.708435 0.704917
    outer loop
      vertex 2.94051 29.8555 53
      vertex 3.12094 31.8367 55
      vertex 1.47203 29.9639 53.0364
    endloop
  endfacet
  facet normal -0.0348047 -0.708443 0.70491
    outer loop
      vertex 1.47203 29.9639 53.0364
      vertex 3.12094 31.8367 55
      vertex 0 30 53
    endloop
  endfacet
  facet normal -0.0338995 -0.708499 0.704897
    outer loop
      vertex 3.12094 31.8367 55
      vertex 2.94051 29.8555 53
      vertex 3.13557 31.836 55
    endloop
  endfacet
  facet normal -0.47632 0.525555 0.704919
    outer loop
      vertex 22.6204 -22.6204 55
      vertex 21.2132 -21.2132 53
      vertex 20.3051 -24.7188 55
    endloop
  endfacet
  facet normal 0.56971 -0.422527 0.704912
    outer loop
      vertex -23.1903 19.0318 53
      vertex -24.7286 20.2943 55
      vertex -26.59 17.7845 55
    endloop
  endfacet
  facet normal 0.424058 -0.568624 0.70487
    outer loop
      vertex -17.7845 26.59 55
      vertex -16.6671 24.9441 53
      vertex -17.7727 26.5988 55
    endloop
  endfacet
  facet normal 0.422548 -0.569698 0.70491
    outer loop
      vertex -17.7845 26.59 55
      vertex -17.871 24.0962 53.0364
      vertex -16.6671 24.9441 53
    endloop
  endfacet
  facet normal 0.422502 -0.56971 0.704927
    outer loop
      vertex -17.871 24.0962 53.0364
      vertex -17.7845 26.59 55
      vertex -19.0318 23.1903 53
    endloop
  endfacet
  facet normal 0.708499 -0.0338995 0.704897
    outer loop
      vertex -31.8367 3.12094 55
      vertex -29.8555 2.94051 53
      vertex -31.836 3.13557 55
    endloop
  endfacet
  facet normal 0.708435 -0.034822 0.704917
    outer loop
      vertex -31.8367 3.12094 55
      vertex -29.9639 1.47203 53.0364
      vertex -29.8555 2.94051 53
    endloop
  endfacet
  facet normal 0.708443 -0.0348047 0.70491
    outer loop
      vertex -29.9639 1.47203 53.0364
      vertex -31.8367 3.12094 55
      vertex -30 0 53
    endloop
  endfacet
  facet normal -0.169648 -0.688772 0.70485
    outer loop
      vertex 9.27201 30.6161 55
      vertex 8.70854 28.7082 53
      vertex 9.28622 30.6126 55
    endloop
  endfacet
  facet normal -0.172314 -0.688048 0.70491
    outer loop
      vertex 9.27201 30.6161 55
      vertex 7.2894 29.1009 53.0364
      vertex 8.70854 28.7082 53
    endloop
  endfacet
  facet normal -0.172393 -0.687991 0.704946
    outer loop
      vertex 7.2894 29.1009 53.0364
      vertex 9.27201 30.6161 55
      vertex 5.85271 29.4236 53
    endloop
  endfacet
  facet normal -0.66783 0.238932 0.704922
    outer loop
      vertex 29.555 -12.2421 55
      vertex 30.6076 -9.30001 55
      vertex 27.7164 -11.4805 53
    endloop
  endfacet
  facet normal -0.688035 0.172357 0.704912
    outer loop
      vertex 30.6161 -9.27201 55
      vertex 31.3754 -6.24095 55
      vertex 29.4236 -5.85271 53
    endloop
  endfacet
  facet normal 0.56971 0.422527 0.704912
    outer loop
      vertex -24.7286 -20.2943 55
      vertex -23.1903 -19.0318 53
      vertex -26.59 -17.7845 55
    endloop
  endfacet
  facet normal -0.641184 -0.303261 0.704922
    outer loop
      vertex 29.555 12.2421 55
      vertex 28.219 15.0668 55
      vertex 27.7164 11.4805 53
    endloop
  endfacet
  facet normal -0.608382 0.364638 0.704919
    outer loop
      vertex 26.6063 -17.7602 55
      vertex 28.2127 -15.08 55
      vertex 26.4576 -14.1419 53
    endloop
  endfacet
  facet normal -0.641184 0.303261 0.704922
    outer loop
      vertex 28.219 -15.0668 55
      vertex 29.555 -12.2421 55
      vertex 27.7164 -11.4805 53
    endloop
  endfacet
  facet normal -0.169648 0.688772 0.70485
    outer loop
      vertex 8.70854 -28.7082 53
      vertex 9.27201 -30.6161 55
      vertex 9.28622 -30.6126 55
    endloop
  endfacet
  facet normal -0.172314 0.688048 0.70491
    outer loop
      vertex 7.2894 -29.1009 53.0364
      vertex 9.27201 -30.6161 55
      vertex 8.70854 -28.7082 53
    endloop
  endfacet
  facet normal -0.172393 0.687991 0.704946
    outer loop
      vertex 9.27201 -30.6161 55
      vertex 7.2894 -29.1009 53.0364
      vertex 5.85271 -29.4236 53
    endloop
  endfacet
  facet normal -0.525555 0.47632 0.704919
    outer loop
      vertex 22.6204 -22.6204 55
      vertex 24.7188 -20.3051 55
      vertex 21.2132 -21.2132 53
    endloop
  endfacet
  facet normal -0.708443 0.0348047 0.70491
    outer loop
      vertex 29.9639 -1.47203 53.0364
      vertex 31.8367 -3.12094 55
      vertex 30 0 53
    endloop
  endfacet
  facet normal -0.708435 0.034822 0.704917
    outer loop
      vertex 29.8555 -2.94051 53
      vertex 31.8367 -3.12094 55
      vertex 29.9639 -1.47203 53.0364
    endloop
  endfacet
  facet normal -0.708499 0.0338995 0.704897
    outer loop
      vertex 31.8367 -3.12094 55
      vertex 29.8555 -2.94051 53
      vertex 31.836 -3.13557 55
    endloop
  endfacet
  facet normal -0.608392 0.364634 0.704912
    outer loop
      vertex 25.7319 -15.4231 53.0364
      vertex 26.6063 -17.7602 55
      vertex 26.4576 -14.1419 53
    endloop
  endfacet
  facet normal -0.608377 0.364646 0.704919
    outer loop
      vertex 24.9441 -16.6671 53
      vertex 26.6063 -17.7602 55
      vertex 25.7319 -15.4231 53.0364
    endloop
  endfacet
  facet normal -0.608203 0.364922 0.704926
    outer loop
      vertex 26.6063 -17.7602 55
      vertex 24.9441 -16.6671 53
      vertex 26.5988 -17.7727 55
    endloop
  endfacet
  facet normal -0.708429 0.0348206 0.704922
    outer loop
      vertex 31.8367 -3.12094 55
      vertex 31.9901 0 55
      vertex 30 0 53
    endloop
  endfacet
  facet normal -0.238915 0.667825 0.704932
    outer loop
      vertex 10.1067 -28.2463 53.0364
      vertex 9.30001 -30.6076 55
      vertex 11.4805 -27.7164 53
    endloop
  endfacet
  facet normal -0.238977 0.667827 0.704909
    outer loop
      vertex 8.70854 -28.7082 53
      vertex 9.30001 -30.6076 55
      vertex 10.1067 -28.2463 53.0364
    endloop
  endfacet
  facet normal -0.241798 0.66688 0.704844
    outer loop
      vertex 9.30001 -30.6076 55
      vertex 8.70854 -28.7082 53
      vertex 9.28622 -30.6126 55
    endloop
  endfacet
  facet normal 0.641173 0.30327 0.704928
    outer loop
      vertex -28.219 -15.0668 55
      vertex -26.4576 -14.1419 53
      vertex -27.1197 -12.8267 53.0364
    endloop
  endfacet
  facet normal 0.641181 0.303263 0.704924
    outer loop
      vertex -28.219 -15.0668 55
      vertex -27.1197 -12.8267 53.0364
      vertex -27.7164 -11.4805 53
    endloop
  endfacet
  facet normal 0.640066 0.305486 0.704978
    outer loop
      vertex -26.4576 -14.1419 53
      vertex -28.219 -15.0668 55
      vertex -28.2127 -15.08 55
    endloop
  endfacet
  facet normal 0.525555 -0.47632 0.704919
    outer loop
      vertex -21.2132 21.2132 53
      vertex -22.6204 22.6204 55
      vertex -24.7188 20.3051 55
    endloop
  endfacet
  facet normal 0.172357 -0.688035 0.704912
    outer loop
      vertex -5.85271 29.4236 53
      vertex -6.24095 31.3754 55
      vertex -9.27201 30.6161 55
    endloop
  endfacet
  facet normal -0.104077 0.701617 0.704912
    outer loop
      vertex 6.24095 -31.3754 55
      vertex 5.85271 -29.4236 53
      vertex 3.15006 -31.8339 55
    endloop
  endfacet
  facet normal -0.701898 0.101724 0.704976
    outer loop
      vertex 29.8555 -2.94051 53
      vertex 31.8339 -3.15006 55
      vertex 31.836 -3.13557 55
    endloop
  endfacet
  facet normal -0.701602 0.10407 0.704929
    outer loop
      vertex 29.6753 -4.40191 53.0364
      vertex 31.8339 -3.15006 55
      vertex 29.8555 -2.94051 53
    endloop
  endfacet
  facet normal -0.701593 0.104033 0.704943
    outer loop
      vertex 31.8339 -3.15006 55
      vertex 29.6753 -4.40191 53.0364
      vertex 29.4236 -5.85271 53
    endloop
  endfacet
  facet normal 0.0348206 0.708429 0.704922
    outer loop
      vertex 0 -31.9901 55
      vertex 0 -30 53
      vertex -3.12094 -31.8367 55
    endloop
  endfacet
  facet normal 0.422527 -0.56971 0.704912
    outer loop
      vertex -19.0318 23.1903 53
      vertex -17.7845 26.59 55
      vertex -20.2943 24.7286 55
    endloop
  endfacet
  facet normal 0.525556 0.47631 0.704925
    outer loop
      vertex -22.2285 -20.1468 53.0364
      vertex -24.7188 -20.3051 55
      vertex -21.2132 -21.2132 53
    endloop
  endfacet
  facet normal 0.525542 0.476346 0.704911
    outer loop
      vertex -23.1903 -19.0318 53
      vertex -24.7188 -20.3051 55
      vertex -22.2285 -20.1468 53.0364
    endloop
  endfacet
  facet normal 0.525282 0.476645 0.704903
    outer loop
      vertex -24.7188 -20.3051 55
      vertex -23.1903 -19.0318 53
      vertex -24.7286 -20.2943 55
    endloop
  endfacet
  facet normal -0.0338995 0.708499 0.704897
    outer loop
      vertex 2.94051 -29.8555 53
      vertex 3.12094 -31.8367 55
      vertex 3.13557 -31.836 55
    endloop
  endfacet
  facet normal -0.034822 0.708435 0.704917
    outer loop
      vertex 3.12094 -31.8367 55
      vertex 2.94051 -29.8555 53
      vertex 1.47203 -29.9639 53.0364
    endloop
  endfacet
  facet normal -0.0348047 0.708443 0.70491
    outer loop
      vertex 3.12094 -31.8367 55
      vertex 1.47203 -29.9639 53.0364
      vertex 0 -30 53
    endloop
  endfacet
  facet normal 0.364638 -0.608382 0.704919
    outer loop
      vertex -14.1419 26.4576 53
      vertex -15.08 28.2127 55
      vertex -17.7602 26.6063 55
    endloop
  endfacet
  facet normal 0.172393 0.687991 0.704946
    outer loop
      vertex -7.2894 -29.1009 53.0364
      vertex -9.27201 -30.6161 55
      vertex -5.85271 -29.4236 53
    endloop
  endfacet
  facet normal 0.172314 0.688048 0.70491
    outer loop
      vertex -8.70854 -28.7082 53
      vertex -9.27201 -30.6161 55
      vertex -7.2894 -29.1009 53.0364
    endloop
  endfacet
  facet normal 0.169648 0.688772 0.70485
    outer loop
      vertex -9.27201 -30.6161 55
      vertex -8.70854 -28.7082 53
      vertex -9.28622 -30.6126 55
    endloop
  endfacet
  facet normal -0.568624 0.424058 0.70487
    outer loop
      vertex 24.9441 -16.6671 53
      vertex 26.59 -17.7845 55
      vertex 26.5988 -17.7727 55
    endloop
  endfacet
  facet normal -0.569698 0.422548 0.70491
    outer loop
      vertex 24.0962 -17.871 53.0364
      vertex 26.59 -17.7845 55
      vertex 24.9441 -16.6671 53
    endloop
  endfacet
  facet normal -0.56971 0.422502 0.704927
    outer loop
      vertex 26.59 -17.7845 55
      vertex 24.0962 -17.871 53.0364
      vertex 23.1903 -19.0318 53
    endloop
  endfacet
  facet normal -0.641181 0.303263 0.704924
    outer loop
      vertex 27.1197 -12.8267 53.0364
      vertex 28.219 -15.0668 55
      vertex 27.7164 -11.4805 53
    endloop
  endfacet
  facet normal -0.641173 0.30327 0.704928
    outer loop
      vertex 26.4576 -14.1419 53
      vertex 28.219 -15.0668 55
      vertex 27.1197 -12.8267 53.0364
    endloop
  endfacet
  facet normal -0.640066 0.305486 0.704978
    outer loop
      vertex 28.219 -15.0668 55
      vertex 26.4576 -14.1419 53
      vertex 28.2127 -15.08 55
    endloop
  endfacet
  facet normal 0.47632 -0.525555 0.704919
    outer loop
      vertex -21.2132 21.2132 53
      vertex -20.3051 24.7188 55
      vertex -22.6204 22.6204 55
    endloop
  endfacet
  facet normal 0.708429 0.0348206 0.704922
    outer loop
      vertex -31.8367 -3.12094 55
      vertex -30 0 53
      vertex -31.9901 0 55
    endloop
  endfacet
  facet normal 0.364634 -0.608392 0.704912
    outer loop
      vertex -17.7602 26.6063 55
      vertex -15.4231 25.7319 53.0364
      vertex -14.1419 26.4576 53
    endloop
  endfacet
  facet normal 0.364646 -0.608377 0.704919
    outer loop
      vertex -17.7602 26.6063 55
      vertex -16.6671 24.9441 53
      vertex -15.4231 25.7319 53.0364
    endloop
  endfacet
  facet normal 0.364922 -0.608203 0.704926
    outer loop
      vertex -16.6671 24.9441 53
      vertex -17.7602 26.6063 55
      vertex -17.7727 26.5988 55
    endloop
  endfacet
  facet normal 0.172357 0.688035 0.704912
    outer loop
      vertex -6.24095 -31.3754 55
      vertex -5.85271 -29.4236 53
      vertex -9.27201 -30.6161 55
    endloop
  endfacet
  facet normal 0.701593 -0.104033 0.704943
    outer loop
      vertex -31.8339 3.15006 55
      vertex -29.6753 4.40191 53.0364
      vertex -29.4236 5.85271 53
    endloop
  endfacet
  facet normal 0.701602 -0.10407 0.704929
    outer loop
      vertex -31.8339 3.15006 55
      vertex -29.8555 2.94051 53
      vertex -29.6753 4.40191 53.0364
    endloop
  endfacet
  facet normal 0.701898 -0.101724 0.704976
    outer loop
      vertex -29.8555 2.94051 53
      vertex -31.8339 3.15006 55
      vertex -31.836 3.13557 55
    endloop
  endfacet
  facet normal 0.034822 0.708435 0.704917
    outer loop
      vertex -2.94051 -29.8555 53
      vertex -3.12094 -31.8367 55
      vertex -1.47203 -29.9639 53.0364
    endloop
  endfacet
  facet normal 0.0348047 0.708443 0.70491
    outer loop
      vertex -1.47203 -29.9639 53.0364
      vertex -3.12094 -31.8367 55
      vertex 0 -30 53
    endloop
  endfacet
  facet normal 0.0338995 0.708499 0.704897
    outer loop
      vertex -3.12094 -31.8367 55
      vertex -2.94051 -29.8555 53
      vertex -3.13557 -31.836 55
    endloop
  endfacet
  facet normal 0.364638 0.608382 0.704919
    outer loop
      vertex -15.08 -28.2127 55
      vertex -14.1419 -26.4576 53
      vertex -17.7602 -26.6063 55
    endloop
  endfacet
  facet normal -0.364922 -0.608203 0.704926
    outer loop
      vertex 17.7602 26.6063 55
      vertex 16.6671 24.9441 53
      vertex 17.7727 26.5988 55
    endloop
  endfacet
  facet normal -0.364646 -0.608377 0.704919
    outer loop
      vertex 17.7602 26.6063 55
      vertex 15.4231 25.7319 53.0364
      vertex 16.6671 24.9441 53
    endloop
  endfacet
  facet normal -0.364634 -0.608392 0.704912
    outer loop
      vertex 15.4231 25.7319 53.0364
      vertex 17.7602 26.6063 55
      vertex 14.1419 26.4576 53
    endloop
  endfacet
  facet normal 0.303261 0.641184 0.704922
    outer loop
      vertex -12.2421 -29.555 55
      vertex -11.4805 -27.7164 53
      vertex -15.0668 -28.219 55
    endloop
  endfacet
  facet normal 0.56971 -0.422502 0.704927
    outer loop
      vertex -26.59 17.7845 55
      vertex -24.0962 17.871 53.0364
      vertex -23.1903 19.0318 53
    endloop
  endfacet
  facet normal 0.569698 -0.422548 0.70491
    outer loop
      vertex -26.59 17.7845 55
      vertex -24.9441 16.6671 53
      vertex -24.0962 17.871 53.0364
    endloop
  endfacet
  facet normal 0.568624 -0.424058 0.70487
    outer loop
      vertex -24.9441 16.6671 53
      vertex -26.59 17.7845 55
      vertex -26.5988 17.7727 55
    endloop
  endfacet
  facet normal -0.688035 -0.172357 0.704912
    outer loop
      vertex 31.3754 6.24095 55
      vertex 30.6161 9.27201 55
      vertex 29.4236 5.85271 53
    endloop
  endfacet
  facet normal -0.172357 0.688035 0.704912
    outer loop
      vertex 6.24095 -31.3754 55
      vertex 9.27201 -30.6161 55
      vertex 5.85271 -29.4236 53
    endloop
  endfacet
  facet normal -0.47631 0.525556 0.704925
    outer loop
      vertex 20.1468 -22.2285 53.0364
      vertex 20.3051 -24.7188 55
      vertex 21.2132 -21.2132 53
    endloop
  endfacet
  facet normal -0.476346 0.525542 0.704911
    outer loop
      vertex 19.0318 -23.1903 53
      vertex 20.3051 -24.7188 55
      vertex 20.1468 -22.2285 53.0364
    endloop
  endfacet
  facet normal -0.476645 0.525282 0.704903
    outer loop
      vertex 20.3051 -24.7188 55
      vertex 19.0318 -23.1903 53
      vertex 20.2943 -24.7286 55
    endloop
  endfacet
  facet normal 0.303263 0.641181 0.704924
    outer loop
      vertex -12.8267 -27.1197 53.0364
      vertex -15.0668 -28.219 55
      vertex -11.4805 -27.7164 53
    endloop
  endfacet
  facet normal 0.30327 0.641173 0.704928
    outer loop
      vertex -14.1419 -26.4576 53
      vertex -15.0668 -28.219 55
      vertex -12.8267 -27.1197 53.0364
    endloop
  endfacet
  facet normal 0.305486 0.640066 0.704978
    outer loop
      vertex -15.0668 -28.219 55
      vertex -14.1419 -26.4576 53
      vertex -15.08 -28.2127 55
    endloop
  endfacet
  facet normal -0.238915 -0.667825 0.704932
    outer loop
      vertex 9.30001 30.6076 55
      vertex 10.1067 28.2463 53.0364
      vertex 11.4805 27.7164 53
    endloop
  endfacet
  facet normal -0.241798 -0.66688 0.704844
    outer loop
      vertex 8.70854 28.7082 53
      vertex 9.30001 30.6076 55
      vertex 9.28622 30.6126 55
    endloop
  endfacet
  facet normal -0.238977 -0.667827 0.704909
    outer loop
      vertex 9.30001 30.6076 55
      vertex 8.70854 28.7082 53
      vertex 10.1067 28.2463 53.0364
    endloop
  endfacet
  facet normal 0.0338995 -0.708499 0.704897
    outer loop
      vertex -2.94051 29.8555 53
      vertex -3.12094 31.8367 55
      vertex -3.13557 31.836 55
    endloop
  endfacet
  facet normal 0.034822 -0.708435 0.704917
    outer loop
      vertex -3.12094 31.8367 55
      vertex -2.94051 29.8555 53
      vertex -1.47203 29.9639 53.0364
    endloop
  endfacet
  facet normal 0.0348047 -0.708443 0.70491
    outer loop
      vertex -3.12094 31.8367 55
      vertex -1.47203 29.9639 53.0364
      vertex 0 30 53
    endloop
  endfacet
  facet normal -0.688772 -0.169648 0.70485
    outer loop
      vertex 28.7082 8.70854 53
      vertex 30.6161 9.27201 55
      vertex 30.6126 9.28622 55
    endloop
  endfacet
  facet normal -0.687991 -0.172393 0.704946
    outer loop
      vertex 30.6161 9.27201 55
      vertex 29.1009 7.2894 53.0364
      vertex 29.4236 5.85271 53
    endloop
  endfacet
  facet normal -0.688048 -0.172314 0.70491
    outer loop
      vertex 30.6161 9.27201 55
      vertex 28.7082 8.70854 53
      vertex 29.1009 7.2894 53.0364
    endloop
  endfacet
  facet normal -0.687991 0.172393 0.704946
    outer loop
      vertex 29.1009 -7.2894 53.0364
      vertex 30.6161 -9.27201 55
      vertex 29.4236 -5.85271 53
    endloop
  endfacet
  facet normal -0.688048 0.172314 0.70491
    outer loop
      vertex 28.7082 -8.70854 53
      vertex 30.6161 -9.27201 55
      vertex 29.1009 -7.2894 53.0364
    endloop
  endfacet
  facet normal -0.688772 0.169648 0.70485
    outer loop
      vertex 30.6161 -9.27201 55
      vertex 28.7082 -8.70854 53
      vertex 30.6126 -9.28622 55
    endloop
  endfacet
  facet normal 0.688035 0.172357 0.704912
    outer loop
      vertex -30.6161 -9.27201 55
      vertex -29.4236 -5.85271 53
      vertex -31.3754 -6.24095 55
    endloop
  endfacet
  facet normal -0.66688 0.241798 0.704844
    outer loop
      vertex 28.7082 -8.70854 53
      vertex 30.6076 -9.30001 55
      vertex 30.6126 -9.28622 55
    endloop
  endfacet
  facet normal -0.667827 0.238977 0.704909
    outer loop
      vertex 28.2463 -10.1067 53.0364
      vertex 30.6076 -9.30001 55
      vertex 28.7082 -8.70854 53
    endloop
  endfacet
  facet normal -0.667825 0.238915 0.704932
    outer loop
      vertex 30.6076 -9.30001 55
      vertex 28.2463 -10.1067 53.0364
      vertex 27.7164 -11.4805 53
    endloop
  endfacet
  facet normal -0.303261 -0.641184 0.704922
    outer loop
      vertex 15.0668 28.219 55
      vertex 12.2421 29.555 55
      vertex 11.4805 27.7164 53
    endloop
  endfacet
  facet normal 0.525556 -0.47631 0.704925
    outer loop
      vertex -24.7188 20.3051 55
      vertex -22.2285 20.1468 53.0364
      vertex -21.2132 21.2132 53
    endloop
  endfacet
  facet normal 0.525542 -0.476346 0.704911
    outer loop
      vertex -24.7188 20.3051 55
      vertex -23.1903 19.0318 53
      vertex -22.2285 20.1468 53.0364
    endloop
  endfacet
  facet normal 0.525282 -0.476645 0.704903
    outer loop
      vertex -23.1903 19.0318 53
      vertex -24.7188 20.3051 55
      vertex -24.7286 20.2943 55
    endloop
  endfacet
  facet normal 0.641184 0.303261 0.704922
    outer loop
      vertex -28.219 -15.0668 55
      vertex -27.7164 -11.4805 53
      vertex -29.555 -12.2421 55
    endloop
  endfacet
  facet normal -0.305486 0.640066 0.704978
    outer loop
      vertex 14.1419 -26.4576 53
      vertex 15.0668 -28.219 55
      vertex 15.08 -28.2127 55
    endloop
  endfacet
  facet normal -0.30327 0.641173 0.704928
    outer loop
      vertex 12.8267 -27.1197 53.0364
      vertex 15.0668 -28.219 55
      vertex 14.1419 -26.4576 53
    endloop
  endfacet
  facet normal -0.303263 0.641181 0.704924
    outer loop
      vertex 15.0668 -28.219 55
      vertex 12.8267 -27.1197 53.0364
      vertex 11.4805 -27.7164 53
    endloop
  endfacet
  facet normal -0.303261 0.641184 0.704922
    outer loop
      vertex 12.2421 -29.555 55
      vertex 15.0668 -28.219 55
      vertex 11.4805 -27.7164 53
    endloop
  endfacet
  facet normal 0.47632 0.525555 0.704919
    outer loop
      vertex -20.3051 -24.7188 55
      vertex -21.2132 -21.2132 53
      vertex -22.6204 -22.6204 55
    endloop
  endfacet
  facet normal 0.701617 0.104077 0.704912
    outer loop
      vertex -31.3754 -6.24095 55
      vertex -29.4236 -5.85271 53
      vertex -31.8339 -3.15006 55
    endloop
  endfacet
  facet normal 0.701593 0.104033 0.704943
    outer loop
      vertex -29.6753 -4.40191 53.0364
      vertex -31.8339 -3.15006 55
      vertex -29.4236 -5.85271 53
    endloop
  endfacet
  facet normal 0.701602 0.10407 0.704929
    outer loop
      vertex -29.8555 -2.94051 53
      vertex -31.8339 -3.15006 55
      vertex -29.6753 -4.40191 53.0364
    endloop
  endfacet
  facet normal 0.701898 0.101724 0.704976
    outer loop
      vertex -31.8339 -3.15006 55
      vertex -29.8555 -2.94051 53
      vertex -31.836 -3.13557 55
    endloop
  endfacet
  facet normal 0.688048 0.172314 0.70491
    outer loop
      vertex -30.6161 -9.27201 55
      vertex -28.7082 -8.70854 53
      vertex -29.1009 -7.2894 53.0364
    endloop
  endfacet
  facet normal 0.687991 0.172393 0.704946
    outer loop
      vertex -30.6161 -9.27201 55
      vertex -29.1009 -7.2894 53.0364
      vertex -29.4236 -5.85271 53
    endloop
  endfacet
  facet normal 0.688772 0.169648 0.70485
    outer loop
      vertex -28.7082 -8.70854 53
      vertex -30.6161 -9.27201 55
      vertex -30.6126 -9.28622 55
    endloop
  endfacet
  facet normal 0.303261 -0.641184 0.704922
    outer loop
      vertex -11.4805 27.7164 53
      vertex -12.2421 29.555 55
      vertex -15.0668 28.219 55
    endloop
  endfacet
  facet normal -0.608382 -0.364638 0.704919
    outer loop
      vertex 28.2127 15.08 55
      vertex 26.6063 17.7602 55
      vertex 26.4576 14.1419 53
    endloop
  endfacet
  facet normal 0.56971 0.422502 0.704927
    outer loop
      vertex -24.0962 -17.871 53.0364
      vertex -26.59 -17.7845 55
      vertex -23.1903 -19.0318 53
    endloop
  endfacet
  facet normal 0.569698 0.422548 0.70491
    outer loop
      vertex -24.9441 -16.6671 53
      vertex -26.59 -17.7845 55
      vertex -24.0962 -17.871 53.0364
    endloop
  endfacet
  facet normal 0.568624 0.424058 0.70487
    outer loop
      vertex -26.59 -17.7845 55
      vertex -24.9441 -16.6671 53
      vertex -26.5988 -17.7727 55
    endloop
  endfacet
  facet normal 0.608382 -0.364638 0.704919
    outer loop
      vertex -26.4576 14.1419 53
      vertex -26.6063 17.7602 55
      vertex -28.2127 15.08 55
    endloop
  endfacet
  facet normal -0.476645 -0.525282 0.704903
    outer loop
      vertex 19.0318 23.1903 53
      vertex 20.3051 24.7188 55
      vertex 20.2943 24.7286 55
    endloop
  endfacet
  facet normal -0.47631 -0.525556 0.704925
    outer loop
      vertex 20.3051 24.7188 55
      vertex 20.1468 22.2285 53.0364
      vertex 21.2132 21.2132 53
    endloop
  endfacet
  facet normal -0.476346 -0.525542 0.704911
    outer loop
      vertex 20.3051 24.7188 55
      vertex 19.0318 23.1903 53
      vertex 20.1468 22.2285 53.0364
    endloop
  endfacet
  facet normal -0.104033 0.701593 0.704943
    outer loop
      vertex 4.40191 -29.6753 53.0364
      vertex 3.15006 -31.8339 55
      vertex 5.85271 -29.4236 53
    endloop
  endfacet
  facet normal -0.10407 0.701602 0.704929
    outer loop
      vertex 2.94051 -29.8555 53
      vertex 3.15006 -31.8339 55
      vertex 4.40191 -29.6753 53.0364
    endloop
  endfacet
  facet normal -0.101724 0.701898 0.704976
    outer loop
      vertex 3.15006 -31.8339 55
      vertex 2.94051 -29.8555 53
      vertex 3.13557 -31.836 55
    endloop
  endfacet
  facet normal 0.476346 0.525542 0.704911
    outer loop
      vertex -20.3051 -24.7188 55
      vertex -19.0318 -23.1903 53
      vertex -20.1468 -22.2285 53.0364
    endloop
  endfacet
  facet normal 0.476645 0.525282 0.704903
    outer loop
      vertex -19.0318 -23.1903 53
      vertex -20.3051 -24.7188 55
      vertex -20.2943 -24.7286 55
    endloop
  endfacet
  facet normal 0.47631 0.525556 0.704925
    outer loop
      vertex -20.3051 -24.7188 55
      vertex -20.1468 -22.2285 53.0364
      vertex -21.2132 -21.2132 53
    endloop
  endfacet
  facet normal 0.608382 0.364638 0.704919
    outer loop
      vertex -26.6063 -17.7602 55
      vertex -26.4576 -14.1419 53
      vertex -28.2127 -15.08 55
    endloop
  endfacet
  facet normal 0.641184 -0.303261 0.704922
    outer loop
      vertex -27.7164 11.4805 53
      vertex -28.219 15.0668 55
      vertex -29.555 12.2421 55
    endloop
  endfacet
  facet normal -0.422527 -0.56971 0.704912
    outer loop
      vertex 19.0318 23.1903 53
      vertex 20.2943 24.7286 55
      vertex 17.7845 26.59 55
    endloop
  endfacet
  facet normal -0.422527 0.56971 0.704912
    outer loop
      vertex 20.2943 -24.7286 55
      vertex 19.0318 -23.1903 53
      vertex 17.7845 -26.59 55
    endloop
  endfacet
  facet normal -0.364638 0.608382 0.704919
    outer loop
      vertex 15.08 -28.2127 55
      vertex 17.7602 -26.6063 55
      vertex 14.1419 -26.4576 53
    endloop
  endfacet
  facet normal 0.608203 -0.364922 0.704926
    outer loop
      vertex -26.6063 17.7602 55
      vertex -24.9441 16.6671 53
      vertex -26.5988 17.7727 55
    endloop
  endfacet
  facet normal 0.608377 -0.364646 0.704919
    outer loop
      vertex -24.9441 16.6671 53
      vertex -26.6063 17.7602 55
      vertex -25.7319 15.4231 53.0364
    endloop
  endfacet
  facet normal 0.608392 -0.364634 0.704912
    outer loop
      vertex -25.7319 15.4231 53.0364
      vertex -26.6063 17.7602 55
      vertex -26.4576 14.1419 53
    endloop
  endfacet
  facet normal 0.422527 0.56971 0.704912
    outer loop
      vertex -17.7845 -26.59 55
      vertex -19.0318 -23.1903 53
      vertex -20.2943 -24.7286 55
    endloop
  endfacet
  facet normal 0.238932 -0.66783 0.704922
    outer loop
      vertex -11.4805 27.7164 53
      vertex -9.30001 30.6076 55
      vertex -12.2421 29.555 55
    endloop
  endfacet
  facet normal 0.172393 -0.687991 0.704946
    outer loop
      vertex -9.27201 30.6161 55
      vertex -7.2894 29.1009 53.0364
      vertex -5.85271 29.4236 53
    endloop
  endfacet
  facet normal 0.172314 -0.688048 0.70491
    outer loop
      vertex -9.27201 30.6161 55
      vertex -8.70854 28.7082 53
      vertex -7.2894 29.1009 53.0364
    endloop
  endfacet
  facet normal 0.169648 -0.688772 0.70485
    outer loop
      vertex -8.70854 28.7082 53
      vertex -9.27201 30.6161 55
      vertex -9.28622 30.6126 55
    endloop
  endfacet
  facet normal 0.101724 -0.701898 0.704976
    outer loop
      vertex -3.15006 31.8339 55
      vertex -2.94051 29.8555 53
      vertex -3.13557 31.836 55
    endloop
  endfacet
  facet normal 0.10407 -0.701602 0.704929
    outer loop
      vertex -3.15006 31.8339 55
      vertex -4.40191 29.6753 53.0364
      vertex -2.94051 29.8555 53
    endloop
  endfacet
  facet normal 0.104033 -0.701593 0.704943
    outer loop
      vertex -4.40191 29.6753 53.0364
      vertex -3.15006 31.8339 55
      vertex -5.85271 29.4236 53
    endloop
  endfacet
  facet normal -0.56971 -0.422527 0.704912
    outer loop
      vertex 26.59 17.7845 55
      vertex 24.7286 20.2943 55
      vertex 23.1903 19.0318 53
    endloop
  endfacet
  facet normal 0.640066 -0.305486 0.704978
    outer loop
      vertex -28.219 15.0668 55
      vertex -26.4576 14.1419 53
      vertex -28.2127 15.08 55
    endloop
  endfacet
  facet normal 0.641173 -0.30327 0.704928
    outer loop
      vertex -26.4576 14.1419 53
      vertex -28.219 15.0668 55
      vertex -27.1197 12.8267 53.0364
    endloop
  endfacet
  facet normal 0.641181 -0.303263 0.704924
    outer loop
      vertex -27.1197 12.8267 53.0364
      vertex -28.219 15.0668 55
      vertex -27.7164 11.4805 53
    endloop
  endfacet
  facet normal -0.104033 -0.701593 0.704943
    outer loop
      vertex 3.15006 31.8339 55
      vertex 4.40191 29.6753 53.0364
      vertex 5.85271 29.4236 53
    endloop
  endfacet
  facet normal -0.101724 -0.701898 0.704976
    outer loop
      vertex 2.94051 29.8555 53
      vertex 3.15006 31.8339 55
      vertex 3.13557 31.836 55
    endloop
  endfacet
  facet normal -0.10407 -0.701602 0.704929
    outer loop
      vertex 3.15006 31.8339 55
      vertex 2.94051 29.8555 53
      vertex 4.40191 29.6753 53.0364
    endloop
  endfacet
  facet normal -0.305486 -0.640066 0.704978
    outer loop
      vertex 15.0668 28.219 55
      vertex 14.1419 26.4576 53
      vertex 15.08 28.2127 55
    endloop
  endfacet
  facet normal -0.30327 -0.641173 0.704928
    outer loop
      vertex 15.0668 28.219 55
      vertex 12.8267 27.1197 53.0364
      vertex 14.1419 26.4576 53
    endloop
  endfacet
  facet normal -0.303263 -0.641181 0.704924
    outer loop
      vertex 12.8267 27.1197 53.0364
      vertex 15.0668 28.219 55
      vertex 11.4805 27.7164 53
    endloop
  endfacet
  facet normal -0.47632 -0.525555 0.704919
    outer loop
      vertex 21.2132 21.2132 53
      vertex 22.6204 22.6204 55
      vertex 20.3051 24.7188 55
    endloop
  endfacet
  facet normal 0.241798 -0.66688 0.704844
    outer loop
      vertex -9.30001 30.6076 55
      vertex -8.70854 28.7082 53
      vertex -9.28622 30.6126 55
    endloop
  endfacet
  facet normal 0.238977 -0.667827 0.704909
    outer loop
      vertex -9.30001 30.6076 55
      vertex -10.1067 28.2463 53.0364
      vertex -8.70854 28.7082 53
    endloop
  endfacet
  facet normal 0.238915 -0.667825 0.704932
    outer loop
      vertex -10.1067 28.2463 53.0364
      vertex -9.30001 30.6076 55
      vertex -11.4805 27.7164 53
    endloop
  endfacet
  facet normal -0.422502 -0.56971 0.704927
    outer loop
      vertex 17.7845 26.59 55
      vertex 17.871 24.0962 53.0364
      vertex 19.0318 23.1903 53
    endloop
  endfacet
  facet normal -0.424058 -0.568624 0.70487
    outer loop
      vertex 16.6671 24.9441 53
      vertex 17.7845 26.59 55
      vertex 17.7727 26.5988 55
    endloop
  endfacet
  facet normal -0.422548 -0.569698 0.70491
    outer loop
      vertex 17.7845 26.59 55
      vertex 16.6671 24.9441 53
      vertex 17.871 24.0962 53.0364
    endloop
  endfacet
  facet normal -0.172357 -0.688035 0.704912
    outer loop
      vertex 9.27201 30.6161 55
      vertex 6.24095 31.3754 55
      vertex 5.85271 29.4236 53
    endloop
  endfacet
  facet normal -0.525555 -0.47632 0.704919
    outer loop
      vertex 24.7188 20.3051 55
      vertex 22.6204 22.6204 55
      vertex 21.2132 21.2132 53
    endloop
  endfacet
  facet normal 0.667825 0.238915 0.704932
    outer loop
      vertex -28.2463 -10.1067 53.0364
      vertex -30.6076 -9.30001 55
      vertex -27.7164 -11.4805 53
    endloop
  endfacet
  facet normal 0.667827 0.238977 0.704909
    outer loop
      vertex -28.7082 -8.70854 53
      vertex -30.6076 -9.30001 55
      vertex -28.2463 -10.1067 53.0364
    endloop
  endfacet
  facet normal 0.66688 0.241798 0.704844
    outer loop
      vertex -30.6076 -9.30001 55
      vertex -28.7082 -8.70854 53
      vertex -30.6126 -9.28622 55
    endloop
  endfacet
  facet normal -0.364922 0.608203 0.704926
    outer loop
      vertex 16.6671 -24.9441 53
      vertex 17.7602 -26.6063 55
      vertex 17.7727 -26.5988 55
    endloop
  endfacet
  facet normal -0.364646 0.608377 0.704919
    outer loop
      vertex 15.4231 -25.7319 53.0364
      vertex 17.7602 -26.6063 55
      vertex 16.6671 -24.9441 53
    endloop
  endfacet
  facet normal -0.364634 0.608392 0.704912
    outer loop
      vertex 17.7602 -26.6063 55
      vertex 15.4231 -25.7319 53.0364
      vertex 14.1419 -26.4576 53
    endloop
  endfacet
  facet normal 0.101724 0.701898 0.704976
    outer loop
      vertex -2.94051 -29.8555 53
      vertex -3.15006 -31.8339 55
      vertex -3.13557 -31.836 55
    endloop
  endfacet
  facet normal 0.10407 0.701602 0.704929
    outer loop
      vertex -4.40191 -29.6753 53.0364
      vertex -3.15006 -31.8339 55
      vertex -2.94051 -29.8555 53
    endloop
  endfacet
  facet normal 0.104033 0.701593 0.704943
    outer loop
      vertex -3.15006 -31.8339 55
      vertex -4.40191 -29.6753 53.0364
      vertex -5.85271 -29.4236 53
    endloop
  endfacet
  facet normal 0.66783 -0.238932 0.704922
    outer loop
      vertex -27.7164 11.4805 53
      vertex -29.555 12.2421 55
      vertex -30.6076 9.30001 55
    endloop
  endfacet
  facet normal 0.708443 0.0348047 0.70491
    outer loop
      vertex -31.8367 -3.12094 55
      vertex -29.9639 -1.47203 53.0364
      vertex -30 0 53
    endloop
  endfacet
  facet normal 0.708435 0.034822 0.704917
    outer loop
      vertex -31.8367 -3.12094 55
      vertex -29.8555 -2.94051 53
      vertex -29.9639 -1.47203 53.0364
    endloop
  endfacet
  facet normal 0.708499 0.0338995 0.704897
    outer loop
      vertex -29.8555 -2.94051 53
      vertex -31.8367 -3.12094 55
      vertex -31.836 -3.13557 55
    endloop
  endfacet
  facet normal -0.364638 -0.608382 0.704919
    outer loop
      vertex 17.7602 26.6063 55
      vertex 15.08 28.2127 55
      vertex 14.1419 26.4576 53
    endloop
  endfacet
  facet normal 0.667825 -0.238915 0.704932
    outer loop
      vertex -30.6076 9.30001 55
      vertex -28.2463 10.1067 53.0364
      vertex -27.7164 11.4805 53
    endloop
  endfacet
  facet normal 0.667827 -0.238977 0.704909
    outer loop
      vertex -30.6076 9.30001 55
      vertex -28.7082 8.70854 53
      vertex -28.2463 10.1067 53.0364
    endloop
  endfacet
  facet normal 0.66688 -0.241798 0.704844
    outer loop
      vertex -28.7082 8.70854 53
      vertex -30.6076 9.30001 55
      vertex -30.6126 9.28622 55
    endloop
  endfacet
  facet normal 0.424058 0.568624 0.70487
    outer loop
      vertex -16.6671 -24.9441 53
      vertex -17.7845 -26.59 55
      vertex -17.7727 -26.5988 55
    endloop
  endfacet
  facet normal 0.422548 0.569698 0.70491
    outer loop
      vertex -17.871 -24.0962 53.0364
      vertex -17.7845 -26.59 55
      vertex -16.6671 -24.9441 53
    endloop
  endfacet
  facet normal 0.422502 0.56971 0.704927
    outer loop
      vertex -17.7845 -26.59 55
      vertex -17.871 -24.0962 53.0364
      vertex -19.0318 -23.1903 53
    endloop
  endfacet
  facet normal -0.104077 -0.701617 0.704912
    outer loop
      vertex 5.85271 29.4236 53
      vertex 6.24095 31.3754 55
      vertex 3.15006 31.8339 55
    endloop
  endfacet
  facet normal -0.525282 -0.476645 0.704903
    outer loop
      vertex 24.7188 20.3051 55
      vertex 23.1903 19.0318 53
      vertex 24.7286 20.2943 55
    endloop
  endfacet
  facet normal -0.525542 -0.476346 0.704911
    outer loop
      vertex 24.7188 20.3051 55
      vertex 22.2285 20.1468 53.0364
      vertex 23.1903 19.0318 53
    endloop
  endfacet
  facet normal -0.525556 -0.47631 0.704925
    outer loop
      vertex 22.2285 20.1468 53.0364
      vertex 24.7188 20.3051 55
      vertex 21.2132 21.2132 53
    endloop
  endfacet
  facet normal -0.0348206 -0.708429 0.704922
    outer loop
      vertex 3.12094 31.8367 55
      vertex 0 31.9901 55
      vertex 0 30 53
    endloop
  endfacet
  facet normal 0.364634 0.608392 0.704912
    outer loop
      vertex -15.4231 -25.7319 53.0364
      vertex -17.7602 -26.6063 55
      vertex -14.1419 -26.4576 53
    endloop
  endfacet
  facet normal 0.364646 0.608377 0.704919
    outer loop
      vertex -16.6671 -24.9441 53
      vertex -17.7602 -26.6063 55
      vertex -15.4231 -25.7319 53.0364
    endloop
  endfacet
  facet normal 0.364922 0.608203 0.704926
    outer loop
      vertex -17.7602 -26.6063 55
      vertex -16.6671 -24.9441 53
      vertex -17.7727 -26.5988 55
    endloop
  endfacet
  facet normal 0.688035 -0.172357 0.704912
    outer loop
      vertex -29.4236 5.85271 53
      vertex -30.6161 9.27201 55
      vertex -31.3754 6.24095 55
    endloop
  endfacet
  facet normal -0.422502 0.56971 0.704927
    outer loop
      vertex 17.871 -24.0962 53.0364
      vertex 17.7845 -26.59 55
      vertex 19.0318 -23.1903 53
    endloop
  endfacet
  facet normal -0.422548 0.569698 0.70491
    outer loop
      vertex 16.6671 -24.9441 53
      vertex 17.7845 -26.59 55
      vertex 17.871 -24.0962 53.0364
    endloop
  endfacet
  facet normal -0.424058 0.568624 0.70487
    outer loop
      vertex 17.7845 -26.59 55
      vertex 16.6671 -24.9441 53
      vertex 17.7727 -26.5988 55
    endloop
  endfacet
  facet normal 0.701617 -0.104077 0.704912
    outer loop
      vertex -29.4236 5.85271 53
      vertex -31.3754 6.24095 55
      vertex -31.8339 3.15006 55
    endloop
  endfacet
  facet normal 0.104077 0.701617 0.704912
    outer loop
      vertex -3.15006 -31.8339 55
      vertex -5.85271 -29.4236 53
      vertex -6.24095 -31.3754 55
    endloop
  endfacet
  facet normal -0.66783 -0.238932 0.704922
    outer loop
      vertex 30.6076 9.30001 55
      vertex 29.555 12.2421 55
      vertex 27.7164 11.4805 53
    endloop
  endfacet
  facet normal -0.568624 -0.424058 0.70487
    outer loop
      vertex 26.59 17.7845 55
      vertex 24.9441 16.6671 53
      vertex 26.5988 17.7727 55
    endloop
  endfacet
  facet normal -0.569698 -0.422548 0.70491
    outer loop
      vertex 26.59 17.7845 55
      vertex 24.0962 17.871 53.0364
      vertex 24.9441 16.6671 53
    endloop
  endfacet
  facet normal -0.56971 -0.422502 0.704927
    outer loop
      vertex 24.0962 17.871 53.0364
      vertex 26.59 17.7845 55
      vertex 23.1903 19.0318 53
    endloop
  endfacet
  facet normal -0.608203 -0.364922 0.704926
    outer loop
      vertex 24.9441 16.6671 53
      vertex 26.6063 17.7602 55
      vertex 26.5988 17.7727 55
    endloop
  endfacet
  facet normal -0.608392 -0.364634 0.704912
    outer loop
      vertex 26.6063 17.7602 55
      vertex 25.7319 15.4231 53.0364
      vertex 26.4576 14.1419 53
    endloop
  endfacet
  facet normal -0.608377 -0.364646 0.704919
    outer loop
      vertex 26.6063 17.7602 55
      vertex 24.9441 16.6671 53
      vertex 25.7319 15.4231 53.0364
    endloop
  endfacet
  facet normal 0.708429 -0.0348206 0.704922
    outer loop
      vertex -30 0 53
      vertex -31.8367 3.12094 55
      vertex -31.9901 0 55
    endloop
  endfacet
  facet normal 0.688772 -0.169648 0.70485
    outer loop
      vertex -30.6161 9.27201 55
      vertex -28.7082 8.70854 53
      vertex -30.6126 9.28622 55
    endloop
  endfacet
  facet normal 0.688048 -0.172314 0.70491
    outer loop
      vertex -28.7082 8.70854 53
      vertex -30.6161 9.27201 55
      vertex -29.1009 7.2894 53.0364
    endloop
  endfacet
  facet normal 0.687991 -0.172393 0.704946
    outer loop
      vertex -29.1009 7.2894 53.0364
      vertex -30.6161 9.27201 55
      vertex -29.4236 5.85271 53
    endloop
  endfacet
  facet normal -0.640066 -0.305486 0.704978
    outer loop
      vertex 26.4576 14.1419 53
      vertex 28.219 15.0668 55
      vertex 28.2127 15.08 55
    endloop
  endfacet
  facet normal -0.641181 -0.303263 0.704924
    outer loop
      vertex 28.219 15.0668 55
      vertex 27.1197 12.8267 53.0364
      vertex 27.7164 11.4805 53
    endloop
  endfacet
  facet normal -0.641173 -0.30327 0.704928
    outer loop
      vertex 28.219 15.0668 55
      vertex 26.4576 14.1419 53
      vertex 27.1197 12.8267 53.0364
    endloop
  endfacet
  facet normal 0.0348206 -0.708429 0.704922
    outer loop
      vertex 0 30 53
      vertex 0 31.9901 55
      vertex -3.12094 31.8367 55
    endloop
  endfacet
  facet normal -0.66688 -0.241798 0.704844
    outer loop
      vertex 30.6076 9.30001 55
      vertex 28.7082 8.70854 53
      vertex 30.6126 9.28622 55
    endloop
  endfacet
  facet normal -0.667827 -0.238977 0.704909
    outer loop
      vertex 30.6076 9.30001 55
      vertex 28.2463 10.1067 53.0364
      vertex 28.7082 8.70854 53
    endloop
  endfacet
  facet normal -0.667825 -0.238915 0.704932
    outer loop
      vertex 28.2463 10.1067 53.0364
      vertex 30.6076 9.30001 55
      vertex 27.7164 11.4805 53
    endloop
  endfacet
  facet normal -0.701617 -0.104077 0.704912
    outer loop
      vertex 31.8339 3.15006 55
      vertex 31.3754 6.24095 55
      vertex 29.4236 5.85271 53
    endloop
  endfacet
  facet normal -0.701898 -0.101724 0.704976
    outer loop
      vertex 31.8339 3.15006 55
      vertex 29.8555 2.94051 53
      vertex 31.836 3.13557 55
    endloop
  endfacet
  facet normal -0.701602 -0.10407 0.704929
    outer loop
      vertex 31.8339 3.15006 55
      vertex 29.6753 4.40191 53.0364
      vertex 29.8555 2.94051 53
    endloop
  endfacet
  facet normal -0.701593 -0.104033 0.704943
    outer loop
      vertex 29.6753 4.40191 53.0364
      vertex 31.8339 3.15006 55
      vertex 29.4236 5.85271 53
    endloop
  endfacet
endsolid OpenSCAD_Model
