solid OpenSCAD_Model
  facet normal 0 0 -1
    outer loop
      vertex 41.2 0 12
      vertex 44.56 0 12
      vertex 44.4617 -2 12
    endloop
  endfacet
  facet normal 0 0 -1
    outer loop
      vertex 44.56 0 12
      vertex 41.2 0 12
      vertex 44.4617 2 12
    endloop
  endfacet
  facet normal 0 -0 -1
    outer loop
      vertex 41.2 0 12
      vertex 44.4617 -2 12
      vertex 41.1017 -2 12
    endloop
  endfacet
  facet normal -0 0 -1
    outer loop
      vertex 44.4617 2 12
      vertex 41.2 0 12
      vertex 41.1017 2 12
    endloop
  endfacet
  facet normal 0 0 1
    outer loop
      vertex 41.2 0 3
      vertex 44.56 0 3
      vertex 44.4617 2 3
    endloop
  endfacet
  facet normal 0 0 1
    outer loop
      vertex 44.56 0 3
      vertex 41.2 0 3
      vertex 44.4617 -2 3
    endloop
  endfacet
  facet normal 0 -0 1
    outer loop
      vertex 41.2 0 3
      vertex 44.4617 2 3
      vertex 41.1017 2 3
    endloop
  endfacet
  facet normal 0 0 1
    outer loop
      vertex 44.4617 -2 3
      vertex 41.2 0 3
      vertex 41.1017 -2 3
    endloop
  endfacet
  facet normal 0 -1 0
    outer loop
      vertex 41.1017 2 3
      vertex 44.4617 2 12
      vertex 41.1017 2 12
    endloop
  endfacet
  facet normal 0 -1 -0
    outer loop
      vertex 44.4617 2 12
      vertex 41.1017 2 3
      vertex 44.4617 2 3
    endloop
  endfacet
  facet normal 0 1 -0
    outer loop
      vertex 44.4617 -2 3
      vertex 41.1017 -2 12
      vertex 44.4617 -2 12
    endloop
  endfacet
  facet normal 0 1 0
    outer loop
      vertex 41.1017 -2 12
      vertex 44.4617 -2 3
      vertex 41.1017 -2 3
    endloop
  endfacet
  facet normal 0 0 -1
    outer loop
      vertex 19.4215 36.3352 12
      vertex 23.9718 37.5204 12
      vertex 22.2936 34.6137 12
    endloop
  endfacet
  facet normal -0 0 -1
    outer loop
      vertex 23.9718 37.5204 12
      vertex 19.4215 36.3352 12
      vertex 21.0054 39.2984 12
    endloop
  endfacet
  facet normal -0 0 -1
    outer loop
      vertex 21.0054 39.2984 12
      vertex 19.4215 36.3352 12
      vertex 20.5138 39.5309 12
    endloop
  endfacet
  facet normal 0 0 -1
    outer loop
      vertex 20.5138 39.5309 12
      vertex 19.4215 36.3352 12
      vertex 18.8302 36.6148 12
    endloop
  endfacet
  facet normal 0.866027 -0.499998 0
    outer loop
      vertex 18.8302 36.6148 12
      vertex 20.5138 39.5309 3
      vertex 20.5138 39.5309 12
    endloop
  endfacet
  facet normal 0.866027 -0.499998 0
    outer loop
      vertex 20.5138 39.5309 3
      vertex 18.8302 36.6148 12
      vertex 18.8302 36.6148 3
    endloop
  endfacet
  facet normal 0 0 1
    outer loop
      vertex 19.4215 36.3352 3
      vertex 23.9718 37.5204 3
      vertex 21.0054 39.2984 3
    endloop
  endfacet
  facet normal 0 0 1
    outer loop
      vertex 19.4215 36.3352 3
      vertex 21.0054 39.2984 3
      vertex 20.5138 39.5309 3
    endloop
  endfacet
  facet normal 0 0 1
    outer loop
      vertex 23.9718 37.5204 3
      vertex 19.4215 36.3352 3
      vertex 22.2936 34.6137 3
    endloop
  endfacet
  facet normal 0 -0 1
    outer loop
      vertex 19.4215 36.3352 3
      vertex 20.5138 39.5309 3
      vertex 18.8302 36.6148 3
    endloop
  endfacet
  facet normal -0.866023 0.500004 0
    outer loop
      vertex 22.2936 34.6137 3
      vertex 23.9718 37.5204 12
      vertex 23.9718 37.5204 3
    endloop
  endfacet
  facet normal -0.866023 0.500004 0
    outer loop
      vertex 23.9718 37.5204 12
      vertex 22.2936 34.6137 3
      vertex 22.2936 34.6137 12
    endloop
  endfacet
  facet normal 0 0 -1
    outer loop
      vertex -19.4215 36.3352 12
      vertex -20.5138 39.5309 12
      vertex -18.8302 36.6148 12
    endloop
  endfacet
  facet normal 0 0 -1
    outer loop
      vertex -19.4215 36.3352 12
      vertex -21.0054 39.2984 12
      vertex -20.5138 39.5309 12
    endloop
  endfacet
  facet normal 0 0 -1
    outer loop
      vertex -23.9718 37.5204 12
      vertex -19.4215 36.3352 12
      vertex -22.2936 34.6137 12
    endloop
  endfacet
  facet normal 0 0 -1
    outer loop
      vertex -19.4215 36.3352 12
      vertex -23.9718 37.5204 12
      vertex -21.0054 39.2984 12
    endloop
  endfacet
  facet normal 0.866023 0.500004 0
    outer loop
      vertex -22.2936 34.6137 12
      vertex -23.9718 37.5204 3
      vertex -23.9718 37.5204 12
    endloop
  endfacet
  facet normal 0.866023 0.500004 0
    outer loop
      vertex -23.9718 37.5204 3
      vertex -22.2936 34.6137 12
      vertex -22.2936 34.6137 3
    endloop
  endfacet
  facet normal 0 0 1
    outer loop
      vertex -20.5138 39.5309 3
      vertex -19.4215 36.3352 3
      vertex -18.8302 36.6148 3
    endloop
  endfacet
  facet normal -0 0 1
    outer loop
      vertex -21.0054 39.2984 3
      vertex -19.4215 36.3352 3
      vertex -20.5138 39.5309 3
    endloop
  endfacet
  facet normal -0 0 1
    outer loop
      vertex -23.9718 37.5204 3
      vertex -19.4215 36.3352 3
      vertex -21.0054 39.2984 3
    endloop
  endfacet
  facet normal 0 0 1
    outer loop
      vertex -19.4215 36.3352 3
      vertex -23.9718 37.5204 3
      vertex -22.2936 34.6137 3
    endloop
  endfacet
  facet normal -0.866027 -0.499998 0
    outer loop
      vertex -18.8302 36.6148 3
      vertex -20.5138 39.5309 12
      vertex -20.5138 39.5309 3
    endloop
  endfacet
  facet normal -0.866027 -0.499998 0
    outer loop
      vertex -20.5138 39.5309 12
      vertex -18.8302 36.6148 3
      vertex -18.8302 36.6148 12
    endloop
  endfacet
  facet normal 0 0 -1
    outer loop
      vertex -41.1017 -2 12
      vertex -44.4617 -2 12
      vertex -41.2 0 12
    endloop
  endfacet
  facet normal 0 0 -1
    outer loop
      vertex -44.56 0 12
      vertex -41.2 0 12
      vertex -44.4617 -2 12
    endloop
  endfacet
  facet normal 0 -0 -1
    outer loop
      vertex -44.4617 2 12
      vertex -41.2 0 12
      vertex -44.56 0 12
    endloop
  endfacet
  facet normal 0 0 -1
    outer loop
      vertex -41.2 0 12
      vertex -44.4617 2 12
      vertex -41.1017 2 12
    endloop
  endfacet
  facet normal 0 1 -0
    outer loop
      vertex -41.1017 -2 3
      vertex -44.4617 -2 12
      vertex -41.1017 -2 12
    endloop
  endfacet
  facet normal 0 1 0
    outer loop
      vertex -44.4617 -2 12
      vertex -41.1017 -2 3
      vertex -44.4617 -2 3
    endloop
  endfacet
  facet normal 0 0 1
    outer loop
      vertex -41.1017 2 3
      vertex -44.4617 2 3
      vertex -41.2 0 3
    endloop
  endfacet
  facet normal 0 0 1
    outer loop
      vertex -44.56 0 3
      vertex -41.2 0 3
      vertex -44.4617 2 3
    endloop
  endfacet
  facet normal 0 -0 1
    outer loop
      vertex -44.4617 -2 3
      vertex -41.2 0 3
      vertex -44.56 0 3
    endloop
  endfacet
  facet normal 0 0 1
    outer loop
      vertex -41.2 0 3
      vertex -44.4617 -2 3
      vertex -41.1017 -2 3
    endloop
  endfacet
  facet normal 0 -1 0
    outer loop
      vertex -44.4617 2 3
      vertex -41.1017 2 12
      vertex -44.4617 2 12
    endloop
  endfacet
  facet normal 0 -1 -0
    outer loop
      vertex -41.1017 2 12
      vertex -44.4617 2 3
      vertex -41.1017 2 3
    endloop
  endfacet
  facet normal 0 0 -1
    outer loop
      vertex -20.5138 -39.5309 12
      vertex -19.4215 -36.3352 12
      vertex -18.8302 -36.6148 12
    endloop
  endfacet
  facet normal 0 0 -1
    outer loop
      vertex -21.0054 -39.2984 12
      vertex -19.4215 -36.3352 12
      vertex -20.5138 -39.5309 12
    endloop
  endfacet
  facet normal 0 0 -1
    outer loop
      vertex -23.9718 -37.5204 12
      vertex -19.4215 -36.3352 12
      vertex -21.0054 -39.2984 12
    endloop
  endfacet
  facet normal -0 0 -1
    outer loop
      vertex -19.4215 -36.3352 12
      vertex -23.9718 -37.5204 12
      vertex -22.2936 -34.6137 12
    endloop
  endfacet
  facet normal 0 0 1
    outer loop
      vertex -19.4215 -36.3352 3
      vertex -20.5138 -39.5309 3
      vertex -18.8302 -36.6148 3
    endloop
  endfacet
  facet normal 0 0 1
    outer loop
      vertex -19.4215 -36.3352 3
      vertex -21.0054 -39.2984 3
      vertex -20.5138 -39.5309 3
    endloop
  endfacet
  facet normal 0 0 1
    outer loop
      vertex -23.9718 -37.5204 3
      vertex -19.4215 -36.3352 3
      vertex -22.2936 -34.6137 3
    endloop
  endfacet
  facet normal 0 0 1
    outer loop
      vertex -19.4215 -36.3352 3
      vertex -23.9718 -37.5204 3
      vertex -21.0054 -39.2984 3
    endloop
  endfacet
  facet normal -0.866027 0.499998 0
    outer loop
      vertex -20.5138 -39.5309 3
      vertex -18.8302 -36.6148 12
      vertex -18.8302 -36.6148 3
    endloop
  endfacet
  facet normal -0.866027 0.499998 0
    outer loop
      vertex -18.8302 -36.6148 12
      vertex -20.5138 -39.5309 3
      vertex -20.5138 -39.5309 12
    endloop
  endfacet
  facet normal 0.866023 -0.500004 0
    outer loop
      vertex -23.9718 -37.5204 12
      vertex -22.2936 -34.6137 3
      vertex -22.2936 -34.6137 12
    endloop
  endfacet
  facet normal 0.866023 -0.500004 0
    outer loop
      vertex -22.2936 -34.6137 3
      vertex -23.9718 -37.5204 12
      vertex -23.9718 -37.5204 3
    endloop
  endfacet
  facet normal 0 0 -1
    outer loop
      vertex 19.4215 -36.3352 12
      vertex 23.9718 -37.5204 12
      vertex 21.0054 -39.2984 12
    endloop
  endfacet
  facet normal 0 0 -1
    outer loop
      vertex 19.4215 -36.3352 12
      vertex 21.0054 -39.2984 12
      vertex 20.5138 -39.5309 12
    endloop
  endfacet
  facet normal 0 0 -1
    outer loop
      vertex 23.9718 -37.5204 12
      vertex 19.4215 -36.3352 12
      vertex 22.2936 -34.6137 12
    endloop
  endfacet
  facet normal 0 -0 -1
    outer loop
      vertex 19.4215 -36.3352 12
      vertex 20.5138 -39.5309 12
      vertex 18.8302 -36.6148 12
    endloop
  endfacet
  facet normal -0 0 1
    outer loop
      vertex 19.4215 -36.3352 3
      vertex 23.9718 -37.5204 3
      vertex 22.2936 -34.6137 3
    endloop
  endfacet
  facet normal 0 0 1
    outer loop
      vertex 23.9718 -37.5204 3
      vertex 19.4215 -36.3352 3
      vertex 21.0054 -39.2984 3
    endloop
  endfacet
  facet normal 0 0 1
    outer loop
      vertex 21.0054 -39.2984 3
      vertex 19.4215 -36.3352 3
      vertex 20.5138 -39.5309 3
    endloop
  endfacet
  facet normal 0 0 1
    outer loop
      vertex 20.5138 -39.5309 3
      vertex 19.4215 -36.3352 3
      vertex 18.8302 -36.6148 3
    endloop
  endfacet
  facet normal -0.866023 -0.500004 0
    outer loop
      vertex 23.9718 -37.5204 3
      vertex 22.2936 -34.6137 12
      vertex 22.2936 -34.6137 3
    endloop
  endfacet
  facet normal -0.866023 -0.500004 0
    outer loop
      vertex 22.2936 -34.6137 12
      vertex 23.9718 -37.5204 3
      vertex 23.9718 -37.5204 12
    endloop
  endfacet
  facet normal 0.866027 0.499998 0
    outer loop
      vertex 20.5138 -39.5309 12
      vertex 18.8302 -36.6148 3
      vertex 18.8302 -36.6148 12
    endloop
  endfacet
  facet normal 0.866027 0.499998 0
    outer loop
      vertex 18.8302 -36.6148 3
      vertex 20.5138 -39.5309 12
      vertex 20.5138 -39.5309 3
    endloop
  endfacet
  facet normal 0.989178 0.146722 0
    outer loop
      vertex 44.3454 4.36764 15
      vertex 43.7038 8.69322 0
      vertex 43.7038 8.69322 15
    endloop
  endfacet
  facet normal 0.989178 0.146722 0
    outer loop
      vertex 43.7038 8.69322 0
      vertex 44.3454 4.36764 15
      vertex 44.3454 4.36764 0
    endloop
  endfacet
  facet normal 0.998796 0.0490615 0
    outer loop
      vertex 44.3454 4.36764 15
      vertex 44.4617 2 12
      vertex 44.3454 4.36764 0
    endloop
  endfacet
  facet normal 0.998795 0.0490749 -1.05965e-05
    outer loop
      vertex 44.56 0 15
      vertex 44.4617 2 12
      vertex 44.3454 4.36764 15
    endloop
  endfacet
  facet normal 0.998794 0.0490907 0
    outer loop
      vertex 44.4617 2 12
      vertex 44.56 0 15
      vertex 44.56 0 12
    endloop
  endfacet
  facet normal 0.998796 0.0490615 -0
    outer loop
      vertex 44.4617 2 3
      vertex 44.3454 4.36764 0
      vertex 44.4617 2 12
    endloop
  endfacet
  facet normal 0.998794 0.0490907 -0
    outer loop
      vertex 44.56 0 0
      vertex 44.4617 2 3
      vertex 44.56 0 3
    endloop
  endfacet
  facet normal 0.998795 0.0490749 1.05965e-05
    outer loop
      vertex 44.4617 2 3
      vertex 44.56 0 0
      vertex 44.3454 4.36764 0
    endloop
  endfacet
  facet normal 0.970033 0.242973 0
    outer loop
      vertex 43.7038 8.69322 15
      vertex 42.6413 12.9351 0
      vertex 42.6413 12.9351 15
    endloop
  endfacet
  facet normal 0.970033 0.242973 0
    outer loop
      vertex 42.6413 12.9351 0
      vertex 43.7038 8.69322 15
      vertex 43.7038 8.69322 0
    endloop
  endfacet
  facet normal 0.857733 -0.514096 0
    outer loop
      vertex 37.0503 -24.7562 15
      vertex 39.2984 -21.0054 0
      vertex 39.2984 -21.0054 15
    endloop
  endfacet
  facet normal 0.857733 -0.514096 0
    outer loop
      vertex 39.2984 -21.0054 0
      vertex 37.0503 -24.7562 15
      vertex 37.0503 -24.7562 0
    endloop
  endfacet
  facet normal 0.514105 -0.857728 0
    outer loop
      vertex 21.0054 -39.2984 3
      vertex 21.0054 -39.2984 0
      vertex 23.9718 -37.5204 3
    endloop
  endfacet
  facet normal 0.514105 -0.857728 0
    outer loop
      vertex 23.9718 -37.5204 12
      vertex 21.0054 -39.2984 15
      vertex 21.0054 -39.2984 12
    endloop
  endfacet
  facet normal 0.514096 -0.857733 -1.20865e-05
    outer loop
      vertex 21.0054 -39.2984 15
      vertex 23.9718 -37.5204 12
      vertex 24.7562 -37.0503 15
    endloop
  endfacet
  facet normal 0.514061 -0.857753 0
    outer loop
      vertex 23.9718 -37.5204 3
      vertex 24.7562 -37.0503 15
      vertex 23.9718 -37.5204 12
    endloop
  endfacet
  facet normal 0.514061 -0.857753 0
    outer loop
      vertex 23.9718 -37.5204 3
      vertex 24.7562 -37.0503 0
      vertex 24.7562 -37.0503 15
    endloop
  endfacet
  facet normal 0.514096 -0.857733 1.20865e-05
    outer loop
      vertex 24.7562 -37.0503 0
      vertex 23.9718 -37.5204 3
      vertex 21.0054 -39.2984 0
    endloop
  endfacet
  facet normal 0.0490749 0.998795 -0
    outer loop
      vertex 4.36764 44.3454 0
      vertex 0 44.56 15
      vertex 4.36764 44.3454 15
    endloop
  endfacet
  facet normal 0.0490749 0.998795 0
    outer loop
      vertex 0 44.56 15
      vertex 4.36764 44.3454 0
      vertex 0 44.56 0
    endloop
  endfacet
  facet normal -0.970033 -0.242973 0
    outer loop
      vertex -42.6413 -12.9351 0
      vertex -43.7038 -8.69322 15
      vertex -43.7038 -8.69322 0
    endloop
  endfacet
  facet normal -0.970033 -0.242973 0
    outer loop
      vertex -43.7038 -8.69322 15
      vertex -42.6413 -12.9351 0
      vertex -42.6413 -12.9351 15
    endloop
  endfacet
  facet normal 0.671552 -0.740957 0
    outer loop
      vertex 28.2686 -34.4453 0
      vertex 31.5087 -31.5087 15
      vertex 28.2686 -34.4453 15
    endloop
  endfacet
  facet normal 0.671552 -0.740957 0
    outer loop
      vertex 31.5087 -31.5087 15
      vertex 28.2686 -34.4453 0
      vertex 31.5087 -31.5087 0
    endloop
  endfacet
  facet normal 0.336891 -0.941544 0
    outer loop
      vertex 12.9351 -42.6413 0
      vertex 17.0524 -41.1681 15
      vertex 12.9351 -42.6413 15
    endloop
  endfacet
  facet normal 0.336891 -0.941544 0
    outer loop
      vertex 17.0524 -41.1681 15
      vertex 12.9351 -42.6413 0
      vertex 17.0524 -41.1681 0
    endloop
  endfacet
  facet normal -0.998796 0.0490615 0
    outer loop
      vertex -44.3454 4.36764 0
      vertex -44.4617 2 3
      vertex -44.3454 4.36764 15
    endloop
  endfacet
  facet normal -0.998795 0.0490749 1.05965e-05
    outer loop
      vertex -44.56 0 0
      vertex -44.4617 2 3
      vertex -44.3454 4.36764 0
    endloop
  endfacet
  facet normal -0.998794 0.0490907 0
    outer loop
      vertex -44.4617 2 3
      vertex -44.56 0 0
      vertex -44.56 0 3
    endloop
  endfacet
  facet normal -0.998796 0.0490615 0
    outer loop
      vertex -44.4617 2 12
      vertex -44.3454 4.36764 15
      vertex -44.4617 2 3
    endloop
  endfacet
  facet normal -0.998794 0.0490907 0
    outer loop
      vertex -44.56 0 15
      vertex -44.4617 2 12
      vertex -44.56 0 12
    endloop
  endfacet
  facet normal -0.998795 0.0490749 -1.05965e-05
    outer loop
      vertex -44.4617 2 12
      vertex -44.56 0 15
      vertex -44.3454 4.36764 15
    endloop
  endfacet
  facet normal -0.803205 0.595703 0
    outer loop
      vertex -37.0503 24.7562 0
      vertex -34.4453 28.2686 15
      vertex -34.4453 28.2686 0
    endloop
  endfacet
  facet normal -0.803205 0.595703 0
    outer loop
      vertex -34.4453 28.2686 15
      vertex -37.0503 24.7562 0
      vertex -37.0503 24.7562 15
    endloop
  endfacet
  facet normal -0.0490749 -0.998795 0
    outer loop
      vertex -4.36764 -44.3454 0
      vertex 0 -44.56 15
      vertex -4.36764 -44.3454 15
    endloop
  endfacet
  facet normal -0.0490749 -0.998795 -0
    outer loop
      vertex 0 -44.56 15
      vertex -4.36764 -44.3454 0
      vertex 0 -44.56 0
    endloop
  endfacet
  facet normal 0.941544 -0.336891 0
    outer loop
      vertex 41.1681 -17.0524 15
      vertex 42.6413 -12.9351 0
      vertex 42.6413 -12.9351 15
    endloop
  endfacet
  facet normal 0.941544 -0.336891 0
    outer loop
      vertex 42.6413 -12.9351 0
      vertex 41.1681 -17.0524 15
      vertex 41.1681 -17.0524 0
    endloop
  endfacet
  facet normal -0.0490749 0.998795 0
    outer loop
      vertex 0 44.56 0
      vertex -4.36764 44.3454 15
      vertex 0 44.56 15
    endloop
  endfacet
  facet normal -0.0490749 0.998795 0
    outer loop
      vertex -4.36764 44.3454 15
      vertex 0 44.56 0
      vertex -4.36764 44.3454 0
    endloop
  endfacet
  facet normal 0.0490749 -0.998795 0
    outer loop
      vertex 0 -44.56 0
      vertex 4.36764 -44.3454 15
      vertex 0 -44.56 15
    endloop
  endfacet
  facet normal 0.0490749 -0.998795 0
    outer loop
      vertex 4.36764 -44.3454 15
      vertex 0 -44.56 0
      vertex 4.36764 -44.3454 0
    endloop
  endfacet
  facet normal 0.671552 0.740957 -0
    outer loop
      vertex 31.5087 31.5087 0
      vertex 28.2686 34.4453 15
      vertex 31.5087 31.5087 15
    endloop
  endfacet
  facet normal 0.671552 0.740957 0
    outer loop
      vertex 28.2686 34.4453 15
      vertex 31.5087 31.5087 0
      vertex 28.2686 34.4453 0
    endloop
  endfacet
  facet normal 0.514096 0.857733 -1.20865e-05
    outer loop
      vertex 24.7562 37.0503 15
      vertex 23.9718 37.5204 12
      vertex 21.0054 39.2984 15
    endloop
  endfacet
  facet normal 0.514061 0.857753 0
    outer loop
      vertex 24.7562 37.0503 15
      vertex 23.9718 37.5204 3
      vertex 23.9718 37.5204 12
    endloop
  endfacet
  facet normal 0.514061 0.857753 -0
    outer loop
      vertex 24.7562 37.0503 0
      vertex 23.9718 37.5204 3
      vertex 24.7562 37.0503 15
    endloop
  endfacet
  facet normal 0.514096 0.857733 1.20865e-05
    outer loop
      vertex 21.0054 39.2984 0
      vertex 23.9718 37.5204 3
      vertex 24.7562 37.0503 0
    endloop
  endfacet
  facet normal 0.514105 0.857728 0
    outer loop
      vertex 23.9718 37.5204 3
      vertex 21.0054 39.2984 0
      vertex 21.0054 39.2984 3
    endloop
  endfacet
  facet normal 0.514105 0.857728 0
    outer loop
      vertex 21.0054 39.2984 15
      vertex 23.9718 37.5204 12
      vertex 21.0054 39.2984 12
    endloop
  endfacet
  facet normal -0.970033 0.242973 0
    outer loop
      vertex -43.7038 8.69322 0
      vertex -42.6413 12.9351 15
      vertex -42.6413 12.9351 0
    endloop
  endfacet
  facet normal -0.970033 0.242973 0
    outer loop
      vertex -42.6413 12.9351 15
      vertex -43.7038 8.69322 0
      vertex -43.7038 8.69322 15
    endloop
  endfacet
  facet normal -0.941544 0.336891 0
    outer loop
      vertex -42.6413 12.9351 0
      vertex -41.1681 17.0524 15
      vertex -41.1681 17.0524 0
    endloop
  endfacet
  facet normal -0.941544 0.336891 0
    outer loop
      vertex -41.1681 17.0524 15
      vertex -42.6413 12.9351 0
      vertex -42.6413 12.9351 15
    endloop
  endfacet
  facet normal -0.146722 0.989178 0
    outer loop
      vertex -4.36764 44.3454 0
      vertex -8.69322 43.7038 15
      vertex -4.36764 44.3454 15
    endloop
  endfacet
  facet normal -0.146722 0.989178 0
    outer loop
      vertex -8.69322 43.7038 15
      vertex -4.36764 44.3454 0
      vertex -8.69322 43.7038 0
    endloop
  endfacet
  facet normal -0.903983 -0.427568 0
    outer loop
      vertex -39.2984 -21.0054 0
      vertex -41.1681 -17.0524 15
      vertex -41.1681 -17.0524 0
    endloop
  endfacet
  facet normal -0.903983 -0.427568 0
    outer loop
      vertex -41.1681 -17.0524 15
      vertex -39.2984 -21.0054 0
      vertex -39.2984 -21.0054 15
    endloop
  endfacet
  facet normal 0.803205 0.595703 0
    outer loop
      vertex 37.0503 24.7562 15
      vertex 34.4453 28.2686 0
      vertex 34.4453 28.2686 15
    endloop
  endfacet
  facet normal 0.803205 0.595703 0
    outer loop
      vertex 34.4453 28.2686 0
      vertex 37.0503 24.7562 15
      vertex 37.0503 24.7562 0
    endloop
  endfacet
  facet normal -0.595703 0.803205 0
    outer loop
      vertex -24.7562 37.0503 0
      vertex -28.2686 34.4453 15
      vertex -24.7562 37.0503 15
    endloop
  endfacet
  facet normal -0.595703 0.803205 0
    outer loop
      vertex -28.2686 34.4453 15
      vertex -24.7562 37.0503 0
      vertex -28.2686 34.4453 0
    endloop
  endfacet
  facet normal 0.970033 -0.242973 0
    outer loop
      vertex 42.6413 -12.9351 15
      vertex 43.7038 -8.69322 0
      vertex 43.7038 -8.69322 15
    endloop
  endfacet
  facet normal 0.970033 -0.242973 0
    outer loop
      vertex 43.7038 -8.69322 0
      vertex 42.6413 -12.9351 15
      vertex 42.6413 -12.9351 0
    endloop
  endfacet
  facet normal 0.595703 0.803205 -0
    outer loop
      vertex 28.2686 34.4453 0
      vertex 24.7562 37.0503 15
      vertex 28.2686 34.4453 15
    endloop
  endfacet
  facet normal 0.595703 0.803205 0
    outer loop
      vertex 24.7562 37.0503 15
      vertex 28.2686 34.4453 0
      vertex 24.7562 37.0503 0
    endloop
  endfacet
  facet normal 0.336891 0.941544 -0
    outer loop
      vertex 17.0524 41.1681 0
      vertex 12.9351 42.6413 15
      vertex 17.0524 41.1681 15
    endloop
  endfacet
  facet normal 0.336891 0.941544 0
    outer loop
      vertex 12.9351 42.6413 15
      vertex 17.0524 41.1681 0
      vertex 12.9351 42.6413 0
    endloop
  endfacet
  facet normal -0.514105 0.857728 0
    outer loop
      vertex -21.0054 39.2984 3
      vertex -21.0054 39.2984 0
      vertex -23.9718 37.5204 3
    endloop
  endfacet
  facet normal -0.514105 0.857728 0
    outer loop
      vertex -23.9718 37.5204 12
      vertex -21.0054 39.2984 15
      vertex -21.0054 39.2984 12
    endloop
  endfacet
  facet normal -0.514096 0.857733 -1.20865e-05
    outer loop
      vertex -21.0054 39.2984 15
      vertex -23.9718 37.5204 12
      vertex -24.7562 37.0503 15
    endloop
  endfacet
  facet normal -0.514061 0.857753 0
    outer loop
      vertex -23.9718 37.5204 3
      vertex -24.7562 37.0503 15
      vertex -23.9718 37.5204 12
    endloop
  endfacet
  facet normal -0.514061 0.857753 0
    outer loop
      vertex -23.9718 37.5204 3
      vertex -24.7562 37.0503 0
      vertex -24.7562 37.0503 15
    endloop
  endfacet
  facet normal -0.514096 0.857733 1.20865e-05
    outer loop
      vertex -24.7562 37.0503 0
      vertex -23.9718 37.5204 3
      vertex -21.0054 39.2984 0
    endloop
  endfacet
  facet normal -0.336891 0.941544 0
    outer loop
      vertex -12.9351 42.6413 0
      vertex -17.0524 41.1681 15
      vertex -12.9351 42.6413 15
    endloop
  endfacet
  facet normal -0.336891 0.941544 0
    outer loop
      vertex -17.0524 41.1681 15
      vertex -12.9351 42.6413 0
      vertex -17.0524 41.1681 0
    endloop
  endfacet
  facet normal -0.671552 -0.740957 0
    outer loop
      vertex -31.5087 -31.5087 0
      vertex -28.2686 -34.4453 15
      vertex -31.5087 -31.5087 15
    endloop
  endfacet
  facet normal -0.671552 -0.740957 -0
    outer loop
      vertex -28.2686 -34.4453 15
      vertex -31.5087 -31.5087 0
      vertex -28.2686 -34.4453 0
    endloop
  endfacet
  facet normal -0.242973 0.970033 0
    outer loop
      vertex -8.69322 43.7038 0
      vertex -12.9351 42.6413 15
      vertex -8.69322 43.7038 15
    endloop
  endfacet
  facet normal -0.242973 0.970033 0
    outer loop
      vertex -12.9351 42.6413 15
      vertex -8.69322 43.7038 0
      vertex -12.9351 42.6413 0
    endloop
  endfacet
  facet normal 0.740957 0.671552 0
    outer loop
      vertex 34.4453 28.2686 15
      vertex 31.5087 31.5087 0
      vertex 31.5087 31.5087 15
    endloop
  endfacet
  facet normal 0.740957 0.671552 0
    outer loop
      vertex 31.5087 31.5087 0
      vertex 34.4453 28.2686 15
      vertex 34.4453 28.2686 0
    endloop
  endfacet
  facet normal -0.998794 -0.0490907 0
    outer loop
      vertex -44.56 0 0
      vertex -44.4617 -2 3
      vertex -44.56 0 3
    endloop
  endfacet
  facet normal -0.998796 -0.0490615 0
    outer loop
      vertex -44.4617 -2 3
      vertex -44.3454 -4.36764 0
      vertex -44.4617 -2 12
    endloop
  endfacet
  facet normal -0.998795 -0.0490749 1.05965e-05
    outer loop
      vertex -44.3454 -4.36764 0
      vertex -44.4617 -2 3
      vertex -44.56 0 0
    endloop
  endfacet
  facet normal -0.998794 -0.0490907 0
    outer loop
      vertex -44.4617 -2 12
      vertex -44.56 0 15
      vertex -44.56 0 12
    endloop
  endfacet
  facet normal -0.998795 -0.0490749 -1.05965e-05
    outer loop
      vertex -44.4617 -2 12
      vertex -44.3454 -4.36764 15
      vertex -44.56 0 15
    endloop
  endfacet
  facet normal -0.998796 -0.0490615 -0
    outer loop
      vertex -44.3454 -4.36764 15
      vertex -44.4617 -2 12
      vertex -44.3454 -4.36764 0
    endloop
  endfacet
  facet normal 0.427541 0.903996 0
    outer loop
      vertex 21.0054 39.2984 3
      vertex 21.0054 39.2984 0
      vertex 20.5138 39.5309 3
    endloop
  endfacet
  facet normal 0.427541 0.903996 0
    outer loop
      vertex 20.5138 39.5309 12
      vertex 21.0054 39.2984 15
      vertex 21.0054 39.2984 12
    endloop
  endfacet
  facet normal 0.427568 0.903983 -5.48991e-06
    outer loop
      vertex 21.0054 39.2984 15
      vertex 20.5138 39.5309 12
      vertex 17.0524 41.1681 15
    endloop
  endfacet
  facet normal 0.427572 0.903981 -0
    outer loop
      vertex 20.5138 39.5309 3
      vertex 17.0524 41.1681 15
      vertex 20.5138 39.5309 12
    endloop
  endfacet
  facet normal 0.427568 0.903983 5.48991e-06
    outer loop
      vertex 17.0524 41.1681 0
      vertex 20.5138 39.5309 3
      vertex 21.0054 39.2984 0
    endloop
  endfacet
  facet normal 0.427572 0.903981 0
    outer loop
      vertex 20.5138 39.5309 3
      vertex 17.0524 41.1681 0
      vertex 17.0524 41.1681 15
    endloop
  endfacet
  facet normal 0 0 -1
    outer loop
      vertex 41.2 0 0
      vertex 44.56 0 0
      vertex 44.3454 -4.36764 0
    endloop
  endfacet
  facet normal 0 0 -1
    outer loop
      vertex 41.0016 -4.03831 0
      vertex 44.3454 -4.36764 0
      vertex 43.7038 -8.69322 0
    endloop
  endfacet
  facet normal 0 0 -1
    outer loop
      vertex 44.56 0 0
      vertex 41.2 0 0
      vertex 44.3454 4.36764 0
    endloop
  endfacet
  facet normal 0 0 -1
    outer loop
      vertex 40.4084 -8.03772 0
      vertex 43.7038 -8.69322 0
      vertex 42.6413 -12.9351 0
    endloop
  endfacet
  facet normal 0 0 -1
    outer loop
      vertex 41.0016 4.03831 0
      vertex 44.3454 4.36764 0
      vertex 41.2 0 0
    endloop
  endfacet
  facet normal -0 0 -1
    outer loop
      vertex 44.3454 4.36764 0
      vertex 41.0016 4.03831 0
      vertex 43.7038 8.69322 0
    endloop
  endfacet
  facet normal 0 0 -1
    outer loop
      vertex 39.4259 -11.9597 0
      vertex 42.6413 -12.9351 0
      vertex 41.1681 -17.0524 0
    endloop
  endfacet
  facet normal 0 0 -1
    outer loop
      vertex 44.3454 -4.36764 0
      vertex 41.0016 -4.03831 0
      vertex 41.2 0 0
    endloop
  endfacet
  facet normal 0 0 -1
    outer loop
      vertex 43.7038 -8.69322 0
      vertex 40.4084 -8.03772 0
      vertex 41.0016 -4.03831 0
    endloop
  endfacet
  facet normal 0 0 -1
    outer loop
      vertex 42.6413 -12.9351 0
      vertex 39.4259 -11.9597 0
      vertex 40.4084 -8.03772 0
    endloop
  endfacet
  facet normal 0 0 -1
    outer loop
      vertex 38.0638 -15.7666 0
      vertex 41.1681 -17.0524 0
      vertex 39.2984 -21.0054 0
    endloop
  endfacet
  facet normal 0 0 -1
    outer loop
      vertex 41.1681 -17.0524 0
      vertex 38.0638 -15.7666 0
      vertex 39.4259 -11.9597 0
    endloop
  endfacet
  facet normal 0 0 -1
    outer loop
      vertex 36.3352 -19.4215 0
      vertex 39.2984 -21.0054 0
      vertex 37.0503 -24.7562 0
    endloop
  endfacet
  facet normal 0 0 -1
    outer loop
      vertex 39.2984 -21.0054 0
      vertex 36.3352 -19.4215 0
      vertex 38.0638 -15.7666 0
    endloop
  endfacet
  facet normal 0 0 -1
    outer loop
      vertex 34.2565 -22.8895 0
      vertex 37.0503 -24.7562 0
      vertex 34.4453 -28.2686 0
    endloop
  endfacet
  facet normal 0 0 -1
    outer loop
      vertex 37.0503 -24.7562 0
      vertex 34.2565 -22.8895 0
      vertex 36.3352 -19.4215 0
    endloop
  endfacet
  facet normal 0 0 -1
    outer loop
      vertex 34.4453 -28.2686 0
      vertex 31.848 -26.137 0
      vertex 34.2565 -22.8895 0
    endloop
  endfacet
  facet normal 0 0 -1
    outer loop
      vertex 31.5087 -31.5087 0
      vertex 31.848 -26.137 0
      vertex 34.4453 -28.2686 0
    endloop
  endfacet
  facet normal 0 0 -1
    outer loop
      vertex 31.5087 -31.5087 0
      vertex 29.1328 -29.1328 0
      vertex 31.848 -26.137 0
    endloop
  endfacet
  facet normal 0 0 -1
    outer loop
      vertex 28.2686 -34.4453 0
      vertex 29.1328 -29.1328 0
      vertex 31.5087 -31.5087 0
    endloop
  endfacet
  facet normal 0 0 -1
    outer loop
      vertex 28.2686 -34.4453 0
      vertex 26.137 -31.848 0
      vertex 29.1328 -29.1328 0
    endloop
  endfacet
  facet normal 0 0 -1
    outer loop
      vertex 24.7562 -37.0503 0
      vertex 26.137 -31.848 0
      vertex 28.2686 -34.4453 0
    endloop
  endfacet
  facet normal 0 0 -1
    outer loop
      vertex 24.7562 -37.0503 0
      vertex 22.8895 -34.2565 0
      vertex 26.137 -31.848 0
    endloop
  endfacet
  facet normal 0 0 -1
    outer loop
      vertex 21.0054 -39.2984 0
      vertex 22.8895 -34.2565 0
      vertex 24.7562 -37.0503 0
    endloop
  endfacet
  facet normal 0 0 -1
    outer loop
      vertex 21.0054 -39.2984 0
      vertex 19.4215 -36.3352 0
      vertex 22.8895 -34.2565 0
    endloop
  endfacet
  facet normal 0 0 -1
    outer loop
      vertex 17.0524 -41.1681 0
      vertex 19.4215 -36.3352 0
      vertex 21.0054 -39.2984 0
    endloop
  endfacet
  facet normal 0 0 -1
    outer loop
      vertex 17.0524 -41.1681 0
      vertex 15.7666 -38.0638 0
      vertex 19.4215 -36.3352 0
    endloop
  endfacet
  facet normal 0 0 -1
    outer loop
      vertex 12.9351 -42.6413 0
      vertex 15.7666 -38.0638 0
      vertex 17.0524 -41.1681 0
    endloop
  endfacet
  facet normal 0 0 -1
    outer loop
      vertex 12.9351 -42.6413 0
      vertex 11.9597 -39.4259 0
      vertex 15.7666 -38.0638 0
    endloop
  endfacet
  facet normal 0 0 -1
    outer loop
      vertex 8.69322 -43.7038 0
      vertex 11.9597 -39.4259 0
      vertex 12.9351 -42.6413 0
    endloop
  endfacet
  facet normal 0 0 -1
    outer loop
      vertex 8.69322 -43.7038 0
      vertex 8.03772 -40.4084 0
      vertex 11.9597 -39.4259 0
    endloop
  endfacet
  facet normal 0 0 -1
    outer loop
      vertex 4.36764 -44.3454 0
      vertex 8.03772 -40.4084 0
      vertex 8.69322 -43.7038 0
    endloop
  endfacet
  facet normal 0 0 -1
    outer loop
      vertex 4.36764 -44.3454 0
      vertex 4.03831 -41.0016 0
      vertex 8.03772 -40.4084 0
    endloop
  endfacet
  facet normal 0 0 -1
    outer loop
      vertex 0 -44.56 0
      vertex 4.03831 -41.0016 0
      vertex 4.36764 -44.3454 0
    endloop
  endfacet
  facet normal 0 0 -1
    outer loop
      vertex 0 -44.56 0
      vertex 0 -41.2 0
      vertex 4.03831 -41.0016 0
    endloop
  endfacet
  facet normal 0 0 -1
    outer loop
      vertex 0 -44.56 0
      vertex -4.03831 -41.0016 0
      vertex 0 -41.2 0
    endloop
  endfacet
  facet normal 0 0 -1
    outer loop
      vertex -4.36764 -44.3454 0
      vertex -4.03831 -41.0016 0
      vertex 0 -44.56 0
    endloop
  endfacet
  facet normal 0 0 -1
    outer loop
      vertex -4.36764 -44.3454 0
      vertex -8.03772 -40.4084 0
      vertex -4.03831 -41.0016 0
    endloop
  endfacet
  facet normal 0 0 -1
    outer loop
      vertex -8.69322 -43.7038 0
      vertex -8.03772 -40.4084 0
      vertex -4.36764 -44.3454 0
    endloop
  endfacet
  facet normal 0 0 -1
    outer loop
      vertex -8.69322 -43.7038 0
      vertex -11.9597 -39.4259 0
      vertex -8.03772 -40.4084 0
    endloop
  endfacet
  facet normal 0 0 -1
    outer loop
      vertex -12.9351 -42.6413 0
      vertex -11.9597 -39.4259 0
      vertex -8.69322 -43.7038 0
    endloop
  endfacet
  facet normal 0 0 -1
    outer loop
      vertex -12.9351 -42.6413 0
      vertex -15.7666 -38.0638 0
      vertex -11.9597 -39.4259 0
    endloop
  endfacet
  facet normal 0 0 -1
    outer loop
      vertex -17.0524 -41.1681 0
      vertex -15.7666 -38.0638 0
      vertex -12.9351 -42.6413 0
    endloop
  endfacet
  facet normal 0 0 -1
    outer loop
      vertex -17.0524 -41.1681 0
      vertex -19.4215 -36.3352 0
      vertex -15.7666 -38.0638 0
    endloop
  endfacet
  facet normal 0 0 -1
    outer loop
      vertex -21.0054 -39.2984 0
      vertex -19.4215 -36.3352 0
      vertex -17.0524 -41.1681 0
    endloop
  endfacet
  facet normal 0 0 -1
    outer loop
      vertex -21.0054 -39.2984 0
      vertex -22.8895 -34.2565 0
      vertex -19.4215 -36.3352 0
    endloop
  endfacet
  facet normal 0 0 -1
    outer loop
      vertex -24.7562 -37.0503 0
      vertex -22.8895 -34.2565 0
      vertex -21.0054 -39.2984 0
    endloop
  endfacet
  facet normal 0 0 -1
    outer loop
      vertex -24.7562 -37.0503 0
      vertex -26.137 -31.848 0
      vertex -22.8895 -34.2565 0
    endloop
  endfacet
  facet normal 0 0 -1
    outer loop
      vertex -28.2686 -34.4453 0
      vertex -26.137 -31.848 0
      vertex -24.7562 -37.0503 0
    endloop
  endfacet
  facet normal 0 0 -1
    outer loop
      vertex -28.2686 -34.4453 0
      vertex -29.1328 -29.1328 0
      vertex -26.137 -31.848 0
    endloop
  endfacet
  facet normal 0 0 -1
    outer loop
      vertex -31.5087 -31.5087 0
      vertex -29.1328 -29.1328 0
      vertex -28.2686 -34.4453 0
    endloop
  endfacet
  facet normal 0 0 -1
    outer loop
      vertex -31.5087 -31.5087 0
      vertex -31.848 -26.137 0
      vertex -29.1328 -29.1328 0
    endloop
  endfacet
  facet normal 0 0 -1
    outer loop
      vertex -34.4453 -28.2686 0
      vertex -31.848 -26.137 0
      vertex -31.5087 -31.5087 0
    endloop
  endfacet
  facet normal -0 0 -1
    outer loop
      vertex -31.848 -26.137 0
      vertex -34.4453 -28.2686 0
      vertex -34.2565 -22.8895 0
    endloop
  endfacet
  facet normal 0 0 -1
    outer loop
      vertex -37.0503 -24.7562 0
      vertex -34.2565 -22.8895 0
      vertex -34.4453 -28.2686 0
    endloop
  endfacet
  facet normal -0 0 -1
    outer loop
      vertex -34.2565 -22.8895 0
      vertex -37.0503 -24.7562 0
      vertex -36.3352 -19.4215 0
    endloop
  endfacet
  facet normal 0 0 -1
    outer loop
      vertex -39.2984 -21.0054 0
      vertex -36.3352 -19.4215 0
      vertex -37.0503 -24.7562 0
    endloop
  endfacet
  facet normal -0 0 -1
    outer loop
      vertex -36.3352 -19.4215 0
      vertex -39.2984 -21.0054 0
      vertex -38.0638 -15.7666 0
    endloop
  endfacet
  facet normal 0 0 -1
    outer loop
      vertex -41.1681 -17.0524 0
      vertex -38.0638 -15.7666 0
      vertex -39.2984 -21.0054 0
    endloop
  endfacet
  facet normal -0 0 -1
    outer loop
      vertex -38.0638 -15.7666 0
      vertex -41.1681 -17.0524 0
      vertex -39.4259 -11.9597 0
    endloop
  endfacet
  facet normal 0 0 -1
    outer loop
      vertex -42.6413 -12.9351 0
      vertex -39.4259 -11.9597 0
      vertex -41.1681 -17.0524 0
    endloop
  endfacet
  facet normal -0 0 -1
    outer loop
      vertex -39.4259 -11.9597 0
      vertex -42.6413 -12.9351 0
      vertex -40.4084 -8.03772 0
    endloop
  endfacet
  facet normal 0 0 -1
    outer loop
      vertex -43.7038 -8.69322 0
      vertex -40.4084 -8.03772 0
      vertex -42.6413 -12.9351 0
    endloop
  endfacet
  facet normal -0 0 -1
    outer loop
      vertex -40.4084 -8.03772 0
      vertex -43.7038 -8.69322 0
      vertex -41.0016 -4.03831 0
    endloop
  endfacet
  facet normal 0 0 -1
    outer loop
      vertex 40.4084 8.03772 0
      vertex 43.7038 8.69322 0
      vertex 41.0016 4.03831 0
    endloop
  endfacet
  facet normal -0 0 -1
    outer loop
      vertex 43.7038 8.69322 0
      vertex 40.4084 8.03772 0
      vertex 42.6413 12.9351 0
    endloop
  endfacet
  facet normal 0 0 -1
    outer loop
      vertex 39.4259 11.9597 0
      vertex 42.6413 12.9351 0
      vertex 40.4084 8.03772 0
    endloop
  endfacet
  facet normal -0 0 -1
    outer loop
      vertex 42.6413 12.9351 0
      vertex 39.4259 11.9597 0
      vertex 41.1681 17.0524 0
    endloop
  endfacet
  facet normal 0 0 -1
    outer loop
      vertex 38.0638 15.7666 0
      vertex 41.1681 17.0524 0
      vertex 39.4259 11.9597 0
    endloop
  endfacet
  facet normal -0 0 -1
    outer loop
      vertex 41.1681 17.0524 0
      vertex 38.0638 15.7666 0
      vertex 39.2984 21.0054 0
    endloop
  endfacet
  facet normal 0 0 -1
    outer loop
      vertex 36.3352 19.4215 0
      vertex 39.2984 21.0054 0
      vertex 38.0638 15.7666 0
    endloop
  endfacet
  facet normal -0 0 -1
    outer loop
      vertex 39.2984 21.0054 0
      vertex 36.3352 19.4215 0
      vertex 37.0503 24.7562 0
    endloop
  endfacet
  facet normal 0 0 -1
    outer loop
      vertex 34.2565 22.8895 0
      vertex 37.0503 24.7562 0
      vertex 36.3352 19.4215 0
    endloop
  endfacet
  facet normal -0 0 -1
    outer loop
      vertex 37.0503 24.7562 0
      vertex 34.2565 22.8895 0
      vertex 34.4453 28.2686 0
    endloop
  endfacet
  facet normal 0 0 -1
    outer loop
      vertex 31.848 26.137 0
      vertex 34.4453 28.2686 0
      vertex 34.2565 22.8895 0
    endloop
  endfacet
  facet normal 0 0 -1
    outer loop
      vertex 31.848 26.137 0
      vertex 31.5087 31.5087 0
      vertex 34.4453 28.2686 0
    endloop
  endfacet
  facet normal 0 0 -1
    outer loop
      vertex 29.1328 29.1328 0
      vertex 31.5087 31.5087 0
      vertex 31.848 26.137 0
    endloop
  endfacet
  facet normal 0 0 -1
    outer loop
      vertex 29.1328 29.1328 0
      vertex 28.2686 34.4453 0
      vertex 31.5087 31.5087 0
    endloop
  endfacet
  facet normal 0 0 -1
    outer loop
      vertex 26.137 31.848 0
      vertex 28.2686 34.4453 0
      vertex 29.1328 29.1328 0
    endloop
  endfacet
  facet normal 0 0 -1
    outer loop
      vertex 26.137 31.848 0
      vertex 24.7562 37.0503 0
      vertex 28.2686 34.4453 0
    endloop
  endfacet
  facet normal 0 0 -1
    outer loop
      vertex 22.8895 34.2565 0
      vertex 24.7562 37.0503 0
      vertex 26.137 31.848 0
    endloop
  endfacet
  facet normal 0 0 -1
    outer loop
      vertex 22.8895 34.2565 0
      vertex 21.0054 39.2984 0
      vertex 24.7562 37.0503 0
    endloop
  endfacet
  facet normal 0 0 -1
    outer loop
      vertex 19.4215 36.3352 0
      vertex 21.0054 39.2984 0
      vertex 22.8895 34.2565 0
    endloop
  endfacet
  facet normal 0 0 -1
    outer loop
      vertex 19.4215 36.3352 0
      vertex 17.0524 41.1681 0
      vertex 21.0054 39.2984 0
    endloop
  endfacet
  facet normal 0 0 -1
    outer loop
      vertex 15.7666 38.0638 0
      vertex 17.0524 41.1681 0
      vertex 19.4215 36.3352 0
    endloop
  endfacet
  facet normal 0 0 -1
    outer loop
      vertex 15.7666 38.0638 0
      vertex 12.9351 42.6413 0
      vertex 17.0524 41.1681 0
    endloop
  endfacet
  facet normal 0 0 -1
    outer loop
      vertex 11.9597 39.4259 0
      vertex 12.9351 42.6413 0
      vertex 15.7666 38.0638 0
    endloop
  endfacet
  facet normal 0 0 -1
    outer loop
      vertex 11.9597 39.4259 0
      vertex 8.69322 43.7038 0
      vertex 12.9351 42.6413 0
    endloop
  endfacet
  facet normal 0 0 -1
    outer loop
      vertex 8.03772 40.4084 0
      vertex 8.69322 43.7038 0
      vertex 11.9597 39.4259 0
    endloop
  endfacet
  facet normal 0 0 -1
    outer loop
      vertex 8.03772 40.4084 0
      vertex 4.36764 44.3454 0
      vertex 8.69322 43.7038 0
    endloop
  endfacet
  facet normal 0 0 -1
    outer loop
      vertex 4.03831 41.0016 0
      vertex 4.36764 44.3454 0
      vertex 8.03772 40.4084 0
    endloop
  endfacet
  facet normal 0 0 -1
    outer loop
      vertex 0 41.2 0
      vertex 4.36764 44.3454 0
      vertex 4.03831 41.0016 0
    endloop
  endfacet
  facet normal 0 0 -1
    outer loop
      vertex 0 41.2 0
      vertex 0 44.56 0
      vertex 4.36764 44.3454 0
    endloop
  endfacet
  facet normal 0 0 -1
    outer loop
      vertex -4.03831 41.0016 0
      vertex 0 44.56 0
      vertex 0 41.2 0
    endloop
  endfacet
  facet normal 0 0 -1
    outer loop
      vertex -4.03831 41.0016 0
      vertex -4.36764 44.3454 0
      vertex 0 44.56 0
    endloop
  endfacet
  facet normal 0 0 -1
    outer loop
      vertex -8.03772 40.4084 0
      vertex -4.36764 44.3454 0
      vertex -4.03831 41.0016 0
    endloop
  endfacet
  facet normal 0 0 -1
    outer loop
      vertex -8.03772 40.4084 0
      vertex -8.69322 43.7038 0
      vertex -4.36764 44.3454 0
    endloop
  endfacet
  facet normal 0 0 -1
    outer loop
      vertex -11.9597 39.4259 0
      vertex -8.69322 43.7038 0
      vertex -8.03772 40.4084 0
    endloop
  endfacet
  facet normal 0 0 -1
    outer loop
      vertex -11.9597 39.4259 0
      vertex -12.9351 42.6413 0
      vertex -8.69322 43.7038 0
    endloop
  endfacet
  facet normal 0 0 -1
    outer loop
      vertex -15.7666 38.0638 0
      vertex -12.9351 42.6413 0
      vertex -11.9597 39.4259 0
    endloop
  endfacet
  facet normal 0 0 -1
    outer loop
      vertex -15.7666 38.0638 0
      vertex -17.0524 41.1681 0
      vertex -12.9351 42.6413 0
    endloop
  endfacet
  facet normal 0 0 -1
    outer loop
      vertex -19.4215 36.3352 0
      vertex -17.0524 41.1681 0
      vertex -15.7666 38.0638 0
    endloop
  endfacet
  facet normal 0 0 -1
    outer loop
      vertex -19.4215 36.3352 0
      vertex -21.0054 39.2984 0
      vertex -17.0524 41.1681 0
    endloop
  endfacet
  facet normal 0 0 -1
    outer loop
      vertex -22.8895 34.2565 0
      vertex -21.0054 39.2984 0
      vertex -19.4215 36.3352 0
    endloop
  endfacet
  facet normal 0 0 -1
    outer loop
      vertex -22.8895 34.2565 0
      vertex -24.7562 37.0503 0
      vertex -21.0054 39.2984 0
    endloop
  endfacet
  facet normal 0 0 -1
    outer loop
      vertex -26.137 31.848 0
      vertex -24.7562 37.0503 0
      vertex -22.8895 34.2565 0
    endloop
  endfacet
  facet normal 0 0 -1
    outer loop
      vertex -26.137 31.848 0
      vertex -28.2686 34.4453 0
      vertex -24.7562 37.0503 0
    endloop
  endfacet
  facet normal 0 0 -1
    outer loop
      vertex -29.1328 29.1328 0
      vertex -28.2686 34.4453 0
      vertex -26.137 31.848 0
    endloop
  endfacet
  facet normal 0 0 -1
    outer loop
      vertex -29.1328 29.1328 0
      vertex -31.5087 31.5087 0
      vertex -28.2686 34.4453 0
    endloop
  endfacet
  facet normal 0 0 -1
    outer loop
      vertex -31.848 26.137 0
      vertex -31.5087 31.5087 0
      vertex -29.1328 29.1328 0
    endloop
  endfacet
  facet normal 0 0 -1
    outer loop
      vertex -34.4453 28.2686 0
      vertex -31.848 26.137 0
      vertex -34.2565 22.8895 0
    endloop
  endfacet
  facet normal 0 0 -1
    outer loop
      vertex -31.848 26.137 0
      vertex -34.4453 28.2686 0
      vertex -31.5087 31.5087 0
    endloop
  endfacet
  facet normal 0 0 -1
    outer loop
      vertex -37.0503 24.7562 0
      vertex -34.2565 22.8895 0
      vertex -36.3352 19.4215 0
    endloop
  endfacet
  facet normal 0 0 -1
    outer loop
      vertex -34.2565 22.8895 0
      vertex -37.0503 24.7562 0
      vertex -34.4453 28.2686 0
    endloop
  endfacet
  facet normal 0 0 -1
    outer loop
      vertex -39.2984 21.0054 0
      vertex -36.3352 19.4215 0
      vertex -38.0638 15.7666 0
    endloop
  endfacet
  facet normal 0 0 -1
    outer loop
      vertex -36.3352 19.4215 0
      vertex -39.2984 21.0054 0
      vertex -37.0503 24.7562 0
    endloop
  endfacet
  facet normal 0 0 -1
    outer loop
      vertex -41.1681 17.0524 0
      vertex -38.0638 15.7666 0
      vertex -39.4259 11.9597 0
    endloop
  endfacet
  facet normal 0 0 -1
    outer loop
      vertex -42.6413 12.9351 0
      vertex -39.4259 11.9597 0
      vertex -40.4084 8.03772 0
    endloop
  endfacet
  facet normal 0 0 -1
    outer loop
      vertex -43.7038 8.69322 0
      vertex -40.4084 8.03772 0
      vertex -41.0016 4.03831 0
    endloop
  endfacet
  facet normal 0 0 -1
    outer loop
      vertex -38.0638 15.7666 0
      vertex -41.1681 17.0524 0
      vertex -39.2984 21.0054 0
    endloop
  endfacet
  facet normal 0 0 -1
    outer loop
      vertex -44.3454 4.36764 0
      vertex -41.0016 4.03831 0
      vertex -41.2 0 0
    endloop
  endfacet
  facet normal 0 0 -1
    outer loop
      vertex -44.3454 -4.36764 0
      vertex -41.0016 -4.03831 0
      vertex -43.7038 -8.69322 0
    endloop
  endfacet
  facet normal 0 0 -1
    outer loop
      vertex -39.4259 11.9597 0
      vertex -42.6413 12.9351 0
      vertex -41.1681 17.0524 0
    endloop
  endfacet
  facet normal -0 0 -1
    outer loop
      vertex -41.0016 -4.03831 0
      vertex -44.3454 -4.36764 0
      vertex -41.2 0 0
    endloop
  endfacet
  facet normal 0 0 -1
    outer loop
      vertex -40.4084 8.03772 0
      vertex -43.7038 8.69322 0
      vertex -42.6413 12.9351 0
    endloop
  endfacet
  facet normal 0 0 -1
    outer loop
      vertex -44.56 0 0
      vertex -41.2 0 0
      vertex -44.3454 -4.36764 0
    endloop
  endfacet
  facet normal 0 0 -1
    outer loop
      vertex -41.0016 4.03831 0
      vertex -44.3454 4.36764 0
      vertex -43.7038 8.69322 0
    endloop
  endfacet
  facet normal 0 0 -1
    outer loop
      vertex -41.2 0 0
      vertex -44.56 0 0
      vertex -44.3454 4.36764 0
    endloop
  endfacet
  facet normal 0.941544 0.336891 0
    outer loop
      vertex 42.6413 12.9351 15
      vertex 41.1681 17.0524 0
      vertex 41.1681 17.0524 15
    endloop
  endfacet
  facet normal 0.941544 0.336891 0
    outer loop
      vertex 41.1681 17.0524 0
      vertex 42.6413 12.9351 15
      vertex 42.6413 12.9351 0
    endloop
  endfacet
  facet normal 0.989178 -0.146722 0
    outer loop
      vertex 43.7038 -8.69322 15
      vertex 44.3454 -4.36764 0
      vertex 44.3454 -4.36764 15
    endloop
  endfacet
  facet normal 0.989178 -0.146722 0
    outer loop
      vertex 44.3454 -4.36764 0
      vertex 43.7038 -8.69322 15
      vertex 43.7038 -8.69322 0
    endloop
  endfacet
  facet normal 0.998794 -0.0490907 0
    outer loop
      vertex 44.56 0 15
      vertex 44.4617 -2 12
      vertex 44.56 0 12
    endloop
  endfacet
  facet normal 0.998796 -0.0490615 0
    outer loop
      vertex 44.4617 -2 12
      vertex 44.3454 -4.36764 15
      vertex 44.4617 -2 3
    endloop
  endfacet
  facet normal 0.998795 -0.0490749 -1.05965e-05
    outer loop
      vertex 44.3454 -4.36764 15
      vertex 44.4617 -2 12
      vertex 44.56 0 15
    endloop
  endfacet
  facet normal 0.998794 -0.0490907 0
    outer loop
      vertex 44.4617 -2 3
      vertex 44.56 0 0
      vertex 44.56 0 3
    endloop
  endfacet
  facet normal 0.998795 -0.0490749 1.05965e-05
    outer loop
      vertex 44.4617 -2 3
      vertex 44.3454 -4.36764 0
      vertex 44.56 0 0
    endloop
  endfacet
  facet normal 0.998796 -0.0490615 0
    outer loop
      vertex 44.3454 -4.36764 0
      vertex 44.4617 -2 3
      vertex 44.3454 -4.36764 15
    endloop
  endfacet
  facet normal 0.595703 -0.803205 0
    outer loop
      vertex 24.7562 -37.0503 0
      vertex 28.2686 -34.4453 15
      vertex 24.7562 -37.0503 15
    endloop
  endfacet
  facet normal 0.595703 -0.803205 0
    outer loop
      vertex 28.2686 -34.4453 15
      vertex 24.7562 -37.0503 0
      vertex 28.2686 -34.4453 0
    endloop
  endfacet
  facet normal 0.146722 -0.989178 0
    outer loop
      vertex 4.36764 -44.3454 0
      vertex 8.69322 -43.7038 15
      vertex 4.36764 -44.3454 15
    endloop
  endfacet
  facet normal 0.146722 -0.989178 0
    outer loop
      vertex 8.69322 -43.7038 15
      vertex 4.36764 -44.3454 0
      vertex 8.69322 -43.7038 0
    endloop
  endfacet
  facet normal 0.803205 -0.595703 0
    outer loop
      vertex 34.4453 -28.2686 15
      vertex 37.0503 -24.7562 0
      vertex 37.0503 -24.7562 15
    endloop
  endfacet
  facet normal 0.803205 -0.595703 0
    outer loop
      vertex 37.0503 -24.7562 0
      vertex 34.4453 -28.2686 15
      vertex 34.4453 -28.2686 0
    endloop
  endfacet
  facet normal 0.903983 0.427568 0
    outer loop
      vertex 41.1681 17.0524 15
      vertex 39.2984 21.0054 0
      vertex 39.2984 21.0054 15
    endloop
  endfacet
  facet normal 0.903983 0.427568 0
    outer loop
      vertex 39.2984 21.0054 0
      vertex 41.1681 17.0524 15
      vertex 41.1681 17.0524 0
    endloop
  endfacet
  facet normal -0.146722 -0.989178 0
    outer loop
      vertex -8.69322 -43.7038 0
      vertex -4.36764 -44.3454 15
      vertex -8.69322 -43.7038 15
    endloop
  endfacet
  facet normal -0.146722 -0.989178 -0
    outer loop
      vertex -4.36764 -44.3454 15
      vertex -8.69322 -43.7038 0
      vertex -4.36764 -44.3454 0
    endloop
  endfacet
  facet normal 0.427568 -0.903983 -5.48991e-06
    outer loop
      vertex 17.0524 -41.1681 15
      vertex 20.5138 -39.5309 12
      vertex 21.0054 -39.2984 15
    endloop
  endfacet
  facet normal 0.427572 -0.903981 0
    outer loop
      vertex 17.0524 -41.1681 15
      vertex 20.5138 -39.5309 3
      vertex 20.5138 -39.5309 12
    endloop
  endfacet
  facet normal 0.427572 -0.903981 0
    outer loop
      vertex 17.0524 -41.1681 0
      vertex 20.5138 -39.5309 3
      vertex 17.0524 -41.1681 15
    endloop
  endfacet
  facet normal 0.427568 -0.903983 5.48991e-06
    outer loop
      vertex 21.0054 -39.2984 0
      vertex 20.5138 -39.5309 3
      vertex 17.0524 -41.1681 0
    endloop
  endfacet
  facet normal 0.427541 -0.903996 0
    outer loop
      vertex 20.5138 -39.5309 3
      vertex 21.0054 -39.2984 0
      vertex 21.0054 -39.2984 3
    endloop
  endfacet
  facet normal 0.427541 -0.903996 0
    outer loop
      vertex 21.0054 -39.2984 15
      vertex 20.5138 -39.5309 12
      vertex 21.0054 -39.2984 12
    endloop
  endfacet
  facet normal 0.242973 0.970033 -0
    outer loop
      vertex 12.9351 42.6413 0
      vertex 8.69322 43.7038 15
      vertex 12.9351 42.6413 15
    endloop
  endfacet
  facet normal 0.242973 0.970033 0
    outer loop
      vertex 8.69322 43.7038 15
      vertex 12.9351 42.6413 0
      vertex 8.69322 43.7038 0
    endloop
  endfacet
  facet normal -0.595703 -0.803205 0
    outer loop
      vertex -28.2686 -34.4453 0
      vertex -24.7562 -37.0503 15
      vertex -28.2686 -34.4453 15
    endloop
  endfacet
  facet normal -0.595703 -0.803205 -0
    outer loop
      vertex -24.7562 -37.0503 15
      vertex -28.2686 -34.4453 0
      vertex -24.7562 -37.0503 0
    endloop
  endfacet
  facet normal -0.941544 -0.336891 0
    outer loop
      vertex -41.1681 -17.0524 0
      vertex -42.6413 -12.9351 15
      vertex -42.6413 -12.9351 0
    endloop
  endfacet
  facet normal -0.941544 -0.336891 0
    outer loop
      vertex -42.6413 -12.9351 15
      vertex -41.1681 -17.0524 0
      vertex -41.1681 -17.0524 15
    endloop
  endfacet
  facet normal 0.242973 -0.970033 0
    outer loop
      vertex 8.69322 -43.7038 0
      vertex 12.9351 -42.6413 15
      vertex 8.69322 -43.7038 15
    endloop
  endfacet
  facet normal 0.242973 -0.970033 0
    outer loop
      vertex 12.9351 -42.6413 15
      vertex 8.69322 -43.7038 0
      vertex 12.9351 -42.6413 0
    endloop
  endfacet
  facet normal -0.740957 0.671552 0
    outer loop
      vertex -34.4453 28.2686 0
      vertex -31.5087 31.5087 15
      vertex -31.5087 31.5087 0
    endloop
  endfacet
  facet normal -0.740957 0.671552 0
    outer loop
      vertex -31.5087 31.5087 15
      vertex -34.4453 28.2686 0
      vertex -34.4453 28.2686 15
    endloop
  endfacet
  facet normal 0.857733 0.514096 0
    outer loop
      vertex 39.2984 21.0054 15
      vertex 37.0503 24.7562 0
      vertex 37.0503 24.7562 15
    endloop
  endfacet
  facet normal 0.857733 0.514096 0
    outer loop
      vertex 37.0503 24.7562 0
      vertex 39.2984 21.0054 15
      vertex 39.2984 21.0054 0
    endloop
  endfacet
  facet normal -0.427568 0.903983 -5.48991e-06
    outer loop
      vertex -17.0524 41.1681 15
      vertex -20.5138 39.5309 12
      vertex -21.0054 39.2984 15
    endloop
  endfacet
  facet normal -0.427572 0.903981 0
    outer loop
      vertex -17.0524 41.1681 15
      vertex -20.5138 39.5309 3
      vertex -20.5138 39.5309 12
    endloop
  endfacet
  facet normal -0.427572 0.903981 0
    outer loop
      vertex -17.0524 41.1681 0
      vertex -20.5138 39.5309 3
      vertex -17.0524 41.1681 15
    endloop
  endfacet
  facet normal -0.427568 0.903983 5.48991e-06
    outer loop
      vertex -21.0054 39.2984 0
      vertex -20.5138 39.5309 3
      vertex -17.0524 41.1681 0
    endloop
  endfacet
  facet normal -0.427541 0.903996 0
    outer loop
      vertex -20.5138 39.5309 3
      vertex -21.0054 39.2984 0
      vertex -21.0054 39.2984 3
    endloop
  endfacet
  facet normal -0.427541 0.903996 0
    outer loop
      vertex -21.0054 39.2984 15
      vertex -20.5138 39.5309 12
      vertex -21.0054 39.2984 12
    endloop
  endfacet
  facet normal -0.857733 -0.514096 0
    outer loop
      vertex -37.0503 -24.7562 0
      vertex -39.2984 -21.0054 15
      vertex -39.2984 -21.0054 0
    endloop
  endfacet
  facet normal -0.857733 -0.514096 0
    outer loop
      vertex -39.2984 -21.0054 15
      vertex -37.0503 -24.7562 0
      vertex -37.0503 -24.7562 15
    endloop
  endfacet
  facet normal -0.740957 -0.671552 0
    outer loop
      vertex -31.5087 -31.5087 0
      vertex -34.4453 -28.2686 15
      vertex -34.4453 -28.2686 0
    endloop
  endfacet
  facet normal -0.740957 -0.671552 0
    outer loop
      vertex -34.4453 -28.2686 15
      vertex -31.5087 -31.5087 0
      vertex -31.5087 -31.5087 15
    endloop
  endfacet
  facet normal -0.903983 0.427568 0
    outer loop
      vertex -41.1681 17.0524 0
      vertex -39.2984 21.0054 15
      vertex -39.2984 21.0054 0
    endloop
  endfacet
  facet normal -0.903983 0.427568 0
    outer loop
      vertex -39.2984 21.0054 15
      vertex -41.1681 17.0524 0
      vertex -41.1681 17.0524 15
    endloop
  endfacet
  facet normal -0.671552 0.740957 0
    outer loop
      vertex -28.2686 34.4453 0
      vertex -31.5087 31.5087 15
      vertex -28.2686 34.4453 15
    endloop
  endfacet
  facet normal -0.671552 0.740957 0
    outer loop
      vertex -31.5087 31.5087 15
      vertex -28.2686 34.4453 0
      vertex -31.5087 31.5087 0
    endloop
  endfacet
  facet normal -0.857733 0.514096 0
    outer loop
      vertex -39.2984 21.0054 0
      vertex -37.0503 24.7562 15
      vertex -37.0503 24.7562 0
    endloop
  endfacet
  facet normal -0.857733 0.514096 0
    outer loop
      vertex -37.0503 24.7562 15
      vertex -39.2984 21.0054 0
      vertex -39.2984 21.0054 15
    endloop
  endfacet
  facet normal -0.803205 -0.595703 0
    outer loop
      vertex -34.4453 -28.2686 0
      vertex -37.0503 -24.7562 15
      vertex -37.0503 -24.7562 0
    endloop
  endfacet
  facet normal -0.803205 -0.595703 0
    outer loop
      vertex -37.0503 -24.7562 15
      vertex -34.4453 -28.2686 0
      vertex -34.4453 -28.2686 15
    endloop
  endfacet
  facet normal -0.989178 -0.146722 0
    outer loop
      vertex -43.7038 -8.69322 0
      vertex -44.3454 -4.36764 15
      vertex -44.3454 -4.36764 0
    endloop
  endfacet
  facet normal -0.989178 -0.146722 0
    outer loop
      vertex -44.3454 -4.36764 15
      vertex -43.7038 -8.69322 0
      vertex -43.7038 -8.69322 15
    endloop
  endfacet
  facet normal -0.242973 -0.970033 0
    outer loop
      vertex -12.9351 -42.6413 0
      vertex -8.69322 -43.7038 15
      vertex -12.9351 -42.6413 15
    endloop
  endfacet
  facet normal -0.242973 -0.970033 -0
    outer loop
      vertex -8.69322 -43.7038 15
      vertex -12.9351 -42.6413 0
      vertex -8.69322 -43.7038 0
    endloop
  endfacet
  facet normal -0.514096 -0.857733 -1.20865e-05
    outer loop
      vertex -24.7562 -37.0503 15
      vertex -23.9718 -37.5204 12
      vertex -21.0054 -39.2984 15
    endloop
  endfacet
  facet normal -0.514061 -0.857753 0
    outer loop
      vertex -24.7562 -37.0503 15
      vertex -23.9718 -37.5204 3
      vertex -23.9718 -37.5204 12
    endloop
  endfacet
  facet normal -0.514061 -0.857753 0
    outer loop
      vertex -24.7562 -37.0503 0
      vertex -23.9718 -37.5204 3
      vertex -24.7562 -37.0503 15
    endloop
  endfacet
  facet normal -0.514096 -0.857733 1.20865e-05
    outer loop
      vertex -21.0054 -39.2984 0
      vertex -23.9718 -37.5204 3
      vertex -24.7562 -37.0503 0
    endloop
  endfacet
  facet normal -0.514105 -0.857728 0
    outer loop
      vertex -23.9718 -37.5204 3
      vertex -21.0054 -39.2984 0
      vertex -21.0054 -39.2984 3
    endloop
  endfacet
  facet normal -0.514105 -0.857728 -0
    outer loop
      vertex -21.0054 -39.2984 15
      vertex -23.9718 -37.5204 12
      vertex -21.0054 -39.2984 12
    endloop
  endfacet
  facet normal 0.146722 0.989178 -0
    outer loop
      vertex 8.69322 43.7038 0
      vertex 4.36764 44.3454 15
      vertex 8.69322 43.7038 15
    endloop
  endfacet
  facet normal 0.146722 0.989178 0
    outer loop
      vertex 4.36764 44.3454 15
      vertex 8.69322 43.7038 0
      vertex 4.36764 44.3454 0
    endloop
  endfacet
  facet normal 0 0 1
    outer loop
      vertex 41.2 0 15
      vertex 44.56 0 15
      vertex 44.3454 4.36764 15
    endloop
  endfacet
  facet normal 0 0 1
    outer loop
      vertex 41.0016 4.03831 15
      vertex 44.3454 4.36764 15
      vertex 43.7038 8.69322 15
    endloop
  endfacet
  facet normal 0 0 1
    outer loop
      vertex 44.56 0 15
      vertex 41.2 0 15
      vertex 44.3454 -4.36764 15
    endloop
  endfacet
  facet normal 0 0 1
    outer loop
      vertex 40.4084 8.03772 15
      vertex 43.7038 8.69322 15
      vertex 42.6413 12.9351 15
    endloop
  endfacet
  facet normal -0 0 1
    outer loop
      vertex 41.0016 -4.03831 15
      vertex 44.3454 -4.36764 15
      vertex 41.2 0 15
    endloop
  endfacet
  facet normal 0 0 1
    outer loop
      vertex 44.3454 -4.36764 15
      vertex 41.0016 -4.03831 15
      vertex 43.7038 -8.69322 15
    endloop
  endfacet
  facet normal 0 0 1
    outer loop
      vertex 39.4259 11.9597 15
      vertex 42.6413 12.9351 15
      vertex 41.1681 17.0524 15
    endloop
  endfacet
  facet normal 0 0 1
    outer loop
      vertex 44.3454 4.36764 15
      vertex 41.0016 4.03831 15
      vertex 41.2 0 15
    endloop
  endfacet
  facet normal 0 0 1
    outer loop
      vertex 43.7038 8.69322 15
      vertex 40.4084 8.03772 15
      vertex 41.0016 4.03831 15
    endloop
  endfacet
  facet normal 0 0 1
    outer loop
      vertex 42.6413 12.9351 15
      vertex 39.4259 11.9597 15
      vertex 40.4084 8.03772 15
    endloop
  endfacet
  facet normal 0 0 1
    outer loop
      vertex 38.0638 15.7666 15
      vertex 41.1681 17.0524 15
      vertex 39.2984 21.0054 15
    endloop
  endfacet
  facet normal 0 0 1
    outer loop
      vertex 41.1681 17.0524 15
      vertex 38.0638 15.7666 15
      vertex 39.4259 11.9597 15
    endloop
  endfacet
  facet normal 0 0 1
    outer loop
      vertex 36.3352 19.4215 15
      vertex 39.2984 21.0054 15
      vertex 37.0503 24.7562 15
    endloop
  endfacet
  facet normal 0 0 1
    outer loop
      vertex 39.2984 21.0054 15
      vertex 36.3352 19.4215 15
      vertex 38.0638 15.7666 15
    endloop
  endfacet
  facet normal 0 0 1
    outer loop
      vertex 34.2565 22.8895 15
      vertex 37.0503 24.7562 15
      vertex 34.4453 28.2686 15
    endloop
  endfacet
  facet normal 0 0 1
    outer loop
      vertex 37.0503 24.7562 15
      vertex 34.2565 22.8895 15
      vertex 36.3352 19.4215 15
    endloop
  endfacet
  facet normal 0 0 1
    outer loop
      vertex 34.4453 28.2686 15
      vertex 31.848 26.137 15
      vertex 34.2565 22.8895 15
    endloop
  endfacet
  facet normal 0 0 1
    outer loop
      vertex 31.5087 31.5087 15
      vertex 31.848 26.137 15
      vertex 34.4453 28.2686 15
    endloop
  endfacet
  facet normal 0 0 1
    outer loop
      vertex 31.5087 31.5087 15
      vertex 29.1328 29.1328 15
      vertex 31.848 26.137 15
    endloop
  endfacet
  facet normal 0 0 1
    outer loop
      vertex 28.2686 34.4453 15
      vertex 29.1328 29.1328 15
      vertex 31.5087 31.5087 15
    endloop
  endfacet
  facet normal 0 0 1
    outer loop
      vertex 28.2686 34.4453 15
      vertex 26.137 31.848 15
      vertex 29.1328 29.1328 15
    endloop
  endfacet
  facet normal 0 0 1
    outer loop
      vertex 24.7562 37.0503 15
      vertex 26.137 31.848 15
      vertex 28.2686 34.4453 15
    endloop
  endfacet
  facet normal 0 0 1
    outer loop
      vertex 24.7562 37.0503 15
      vertex 22.8895 34.2565 15
      vertex 26.137 31.848 15
    endloop
  endfacet
  facet normal 0 0 1
    outer loop
      vertex 21.0054 39.2984 15
      vertex 22.8895 34.2565 15
      vertex 24.7562 37.0503 15
    endloop
  endfacet
  facet normal 0 0 1
    outer loop
      vertex 21.0054 39.2984 15
      vertex 19.4215 36.3352 15
      vertex 22.8895 34.2565 15
    endloop
  endfacet
  facet normal 0 0 1
    outer loop
      vertex 17.0524 41.1681 15
      vertex 19.4215 36.3352 15
      vertex 21.0054 39.2984 15
    endloop
  endfacet
  facet normal 0 0 1
    outer loop
      vertex 17.0524 41.1681 15
      vertex 15.7666 38.0638 15
      vertex 19.4215 36.3352 15
    endloop
  endfacet
  facet normal 0 0 1
    outer loop
      vertex 12.9351 42.6413 15
      vertex 15.7666 38.0638 15
      vertex 17.0524 41.1681 15
    endloop
  endfacet
  facet normal 0 0 1
    outer loop
      vertex 12.9351 42.6413 15
      vertex 11.9597 39.4259 15
      vertex 15.7666 38.0638 15
    endloop
  endfacet
  facet normal 0 0 1
    outer loop
      vertex 8.69322 43.7038 15
      vertex 11.9597 39.4259 15
      vertex 12.9351 42.6413 15
    endloop
  endfacet
  facet normal 0 0 1
    outer loop
      vertex 8.69322 43.7038 15
      vertex 8.03772 40.4084 15
      vertex 11.9597 39.4259 15
    endloop
  endfacet
  facet normal 0 0 1
    outer loop
      vertex 4.36764 44.3454 15
      vertex 8.03772 40.4084 15
      vertex 8.69322 43.7038 15
    endloop
  endfacet
  facet normal 0 0 1
    outer loop
      vertex 4.36764 44.3454 15
      vertex 4.03831 41.0016 15
      vertex 8.03772 40.4084 15
    endloop
  endfacet
  facet normal 0 0 1
    outer loop
      vertex 0 44.56 15
      vertex 4.03831 41.0016 15
      vertex 4.36764 44.3454 15
    endloop
  endfacet
  facet normal 0 0 1
    outer loop
      vertex 0 44.56 15
      vertex 0 41.2 15
      vertex 4.03831 41.0016 15
    endloop
  endfacet
  facet normal 0 0 1
    outer loop
      vertex 0 44.56 15
      vertex -4.03831 41.0016 15
      vertex 0 41.2 15
    endloop
  endfacet
  facet normal -0 0 1
    outer loop
      vertex -4.36764 44.3454 15
      vertex -4.03831 41.0016 15
      vertex 0 44.56 15
    endloop
  endfacet
  facet normal 0 0 1
    outer loop
      vertex -4.36764 44.3454 15
      vertex -8.03772 40.4084 15
      vertex -4.03831 41.0016 15
    endloop
  endfacet
  facet normal -0 0 1
    outer loop
      vertex -8.69322 43.7038 15
      vertex -8.03772 40.4084 15
      vertex -4.36764 44.3454 15
    endloop
  endfacet
  facet normal 0 0 1
    outer loop
      vertex -8.69322 43.7038 15
      vertex -11.9597 39.4259 15
      vertex -8.03772 40.4084 15
    endloop
  endfacet
  facet normal -0 0 1
    outer loop
      vertex -12.9351 42.6413 15
      vertex -11.9597 39.4259 15
      vertex -8.69322 43.7038 15
    endloop
  endfacet
  facet normal 0 0 1
    outer loop
      vertex -12.9351 42.6413 15
      vertex -15.7666 38.0638 15
      vertex -11.9597 39.4259 15
    endloop
  endfacet
  facet normal -0 0 1
    outer loop
      vertex -17.0524 41.1681 15
      vertex -15.7666 38.0638 15
      vertex -12.9351 42.6413 15
    endloop
  endfacet
  facet normal 0 0 1
    outer loop
      vertex -17.0524 41.1681 15
      vertex -19.4215 36.3352 15
      vertex -15.7666 38.0638 15
    endloop
  endfacet
  facet normal -0 0 1
    outer loop
      vertex -21.0054 39.2984 15
      vertex -19.4215 36.3352 15
      vertex -17.0524 41.1681 15
    endloop
  endfacet
  facet normal 0 0 1
    outer loop
      vertex -21.0054 39.2984 15
      vertex -22.8895 34.2565 15
      vertex -19.4215 36.3352 15
    endloop
  endfacet
  facet normal -0 0 1
    outer loop
      vertex -24.7562 37.0503 15
      vertex -22.8895 34.2565 15
      vertex -21.0054 39.2984 15
    endloop
  endfacet
  facet normal 0 0 1
    outer loop
      vertex -24.7562 37.0503 15
      vertex -26.137 31.848 15
      vertex -22.8895 34.2565 15
    endloop
  endfacet
  facet normal -0 0 1
    outer loop
      vertex -28.2686 34.4453 15
      vertex -26.137 31.848 15
      vertex -24.7562 37.0503 15
    endloop
  endfacet
  facet normal 0 0 1
    outer loop
      vertex -28.2686 34.4453 15
      vertex -29.1328 29.1328 15
      vertex -26.137 31.848 15
    endloop
  endfacet
  facet normal -0 0 1
    outer loop
      vertex -31.5087 31.5087 15
      vertex -29.1328 29.1328 15
      vertex -28.2686 34.4453 15
    endloop
  endfacet
  facet normal 0 0 1
    outer loop
      vertex -31.5087 31.5087 15
      vertex -31.848 26.137 15
      vertex -29.1328 29.1328 15
    endloop
  endfacet
  facet normal -0 0 1
    outer loop
      vertex -34.4453 28.2686 15
      vertex -31.848 26.137 15
      vertex -31.5087 31.5087 15
    endloop
  endfacet
  facet normal 0 0 1
    outer loop
      vertex -31.848 26.137 15
      vertex -34.4453 28.2686 15
      vertex -34.2565 22.8895 15
    endloop
  endfacet
  facet normal -0 0 1
    outer loop
      vertex -37.0503 24.7562 15
      vertex -34.2565 22.8895 15
      vertex -34.4453 28.2686 15
    endloop
  endfacet
  facet normal 0 0 1
    outer loop
      vertex -34.2565 22.8895 15
      vertex -37.0503 24.7562 15
      vertex -36.3352 19.4215 15
    endloop
  endfacet
  facet normal -0 0 1
    outer loop
      vertex -39.2984 21.0054 15
      vertex -36.3352 19.4215 15
      vertex -37.0503 24.7562 15
    endloop
  endfacet
  facet normal 0 0 1
    outer loop
      vertex -36.3352 19.4215 15
      vertex -39.2984 21.0054 15
      vertex -38.0638 15.7666 15
    endloop
  endfacet
  facet normal -0 0 1
    outer loop
      vertex -41.1681 17.0524 15
      vertex -38.0638 15.7666 15
      vertex -39.2984 21.0054 15
    endloop
  endfacet
  facet normal 0 0 1
    outer loop
      vertex -38.0638 15.7666 15
      vertex -41.1681 17.0524 15
      vertex -39.4259 11.9597 15
    endloop
  endfacet
  facet normal -0 0 1
    outer loop
      vertex -42.6413 12.9351 15
      vertex -39.4259 11.9597 15
      vertex -41.1681 17.0524 15
    endloop
  endfacet
  facet normal 0 0 1
    outer loop
      vertex -39.4259 11.9597 15
      vertex -42.6413 12.9351 15
      vertex -40.4084 8.03772 15
    endloop
  endfacet
  facet normal -0 0 1
    outer loop
      vertex -43.7038 8.69322 15
      vertex -40.4084 8.03772 15
      vertex -42.6413 12.9351 15
    endloop
  endfacet
  facet normal 0 0 1
    outer loop
      vertex -40.4084 8.03772 15
      vertex -43.7038 8.69322 15
      vertex -41.0016 4.03831 15
    endloop
  endfacet
  facet normal -0 0 1
    outer loop
      vertex 40.4084 -8.03772 15
      vertex 43.7038 -8.69322 15
      vertex 41.0016 -4.03831 15
    endloop
  endfacet
  facet normal 0 0 1
    outer loop
      vertex 43.7038 -8.69322 15
      vertex 40.4084 -8.03772 15
      vertex 42.6413 -12.9351 15
    endloop
  endfacet
  facet normal -0 0 1
    outer loop
      vertex 39.4259 -11.9597 15
      vertex 42.6413 -12.9351 15
      vertex 40.4084 -8.03772 15
    endloop
  endfacet
  facet normal 0 0 1
    outer loop
      vertex 42.6413 -12.9351 15
      vertex 39.4259 -11.9597 15
      vertex 41.1681 -17.0524 15
    endloop
  endfacet
  facet normal -0 0 1
    outer loop
      vertex 38.0638 -15.7666 15
      vertex 41.1681 -17.0524 15
      vertex 39.4259 -11.9597 15
    endloop
  endfacet
  facet normal 0 0 1
    outer loop
      vertex 41.1681 -17.0524 15
      vertex 38.0638 -15.7666 15
      vertex 39.2984 -21.0054 15
    endloop
  endfacet
  facet normal -0 0 1
    outer loop
      vertex 36.3352 -19.4215 15
      vertex 39.2984 -21.0054 15
      vertex 38.0638 -15.7666 15
    endloop
  endfacet
  facet normal 0 0 1
    outer loop
      vertex 39.2984 -21.0054 15
      vertex 36.3352 -19.4215 15
      vertex 37.0503 -24.7562 15
    endloop
  endfacet
  facet normal -0 0 1
    outer loop
      vertex 34.2565 -22.8895 15
      vertex 37.0503 -24.7562 15
      vertex 36.3352 -19.4215 15
    endloop
  endfacet
  facet normal 0 0 1
    outer loop
      vertex 37.0503 -24.7562 15
      vertex 34.2565 -22.8895 15
      vertex 34.4453 -28.2686 15
    endloop
  endfacet
  facet normal -0 0 1
    outer loop
      vertex 31.848 -26.137 15
      vertex 34.4453 -28.2686 15
      vertex 34.2565 -22.8895 15
    endloop
  endfacet
  facet normal 0 0 1
    outer loop
      vertex 31.848 -26.137 15
      vertex 31.5087 -31.5087 15
      vertex 34.4453 -28.2686 15
    endloop
  endfacet
  facet normal -0 0 1
    outer loop
      vertex 29.1328 -29.1328 15
      vertex 31.5087 -31.5087 15
      vertex 31.848 -26.137 15
    endloop
  endfacet
  facet normal 0 0 1
    outer loop
      vertex 29.1328 -29.1328 15
      vertex 28.2686 -34.4453 15
      vertex 31.5087 -31.5087 15
    endloop
  endfacet
  facet normal -0 0 1
    outer loop
      vertex 26.137 -31.848 15
      vertex 28.2686 -34.4453 15
      vertex 29.1328 -29.1328 15
    endloop
  endfacet
  facet normal 0 0 1
    outer loop
      vertex 26.137 -31.848 15
      vertex 24.7562 -37.0503 15
      vertex 28.2686 -34.4453 15
    endloop
  endfacet
  facet normal -0 0 1
    outer loop
      vertex 22.8895 -34.2565 15
      vertex 24.7562 -37.0503 15
      vertex 26.137 -31.848 15
    endloop
  endfacet
  facet normal 0 0 1
    outer loop
      vertex 22.8895 -34.2565 15
      vertex 21.0054 -39.2984 15
      vertex 24.7562 -37.0503 15
    endloop
  endfacet
  facet normal -0 0 1
    outer loop
      vertex 19.4215 -36.3352 15
      vertex 21.0054 -39.2984 15
      vertex 22.8895 -34.2565 15
    endloop
  endfacet
  facet normal 0 0 1
    outer loop
      vertex 19.4215 -36.3352 15
      vertex 17.0524 -41.1681 15
      vertex 21.0054 -39.2984 15
    endloop
  endfacet
  facet normal -0 0 1
    outer loop
      vertex 15.7666 -38.0638 15
      vertex 17.0524 -41.1681 15
      vertex 19.4215 -36.3352 15
    endloop
  endfacet
  facet normal 0 0 1
    outer loop
      vertex 15.7666 -38.0638 15
      vertex 12.9351 -42.6413 15
      vertex 17.0524 -41.1681 15
    endloop
  endfacet
  facet normal -0 0 1
    outer loop
      vertex 11.9597 -39.4259 15
      vertex 12.9351 -42.6413 15
      vertex 15.7666 -38.0638 15
    endloop
  endfacet
  facet normal 0 0 1
    outer loop
      vertex 11.9597 -39.4259 15
      vertex 8.69322 -43.7038 15
      vertex 12.9351 -42.6413 15
    endloop
  endfacet
  facet normal -0 0 1
    outer loop
      vertex 8.03772 -40.4084 15
      vertex 8.69322 -43.7038 15
      vertex 11.9597 -39.4259 15
    endloop
  endfacet
  facet normal 0 0 1
    outer loop
      vertex 8.03772 -40.4084 15
      vertex 4.36764 -44.3454 15
      vertex 8.69322 -43.7038 15
    endloop
  endfacet
  facet normal -0 0 1
    outer loop
      vertex 4.03831 -41.0016 15
      vertex 4.36764 -44.3454 15
      vertex 8.03772 -40.4084 15
    endloop
  endfacet
  facet normal -0 0 1
    outer loop
      vertex 0 -41.2 15
      vertex 4.36764 -44.3454 15
      vertex 4.03831 -41.0016 15
    endloop
  endfacet
  facet normal 0 0 1
    outer loop
      vertex 0 -41.2 15
      vertex 0 -44.56 15
      vertex 4.36764 -44.3454 15
    endloop
  endfacet
  facet normal 0 0 1
    outer loop
      vertex -4.03831 -41.0016 15
      vertex 0 -44.56 15
      vertex 0 -41.2 15
    endloop
  endfacet
  facet normal 0 0 1
    outer loop
      vertex -4.03831 -41.0016 15
      vertex -4.36764 -44.3454 15
      vertex 0 -44.56 15
    endloop
  endfacet
  facet normal 0 0 1
    outer loop
      vertex -8.03772 -40.4084 15
      vertex -4.36764 -44.3454 15
      vertex -4.03831 -41.0016 15
    endloop
  endfacet
  facet normal 0 0 1
    outer loop
      vertex -8.03772 -40.4084 15
      vertex -8.69322 -43.7038 15
      vertex -4.36764 -44.3454 15
    endloop
  endfacet
  facet normal 0 0 1
    outer loop
      vertex -11.9597 -39.4259 15
      vertex -8.69322 -43.7038 15
      vertex -8.03772 -40.4084 15
    endloop
  endfacet
  facet normal 0 0 1
    outer loop
      vertex -11.9597 -39.4259 15
      vertex -12.9351 -42.6413 15
      vertex -8.69322 -43.7038 15
    endloop
  endfacet
  facet normal 0 0 1
    outer loop
      vertex -15.7666 -38.0638 15
      vertex -12.9351 -42.6413 15
      vertex -11.9597 -39.4259 15
    endloop
  endfacet
  facet normal 0 0 1
    outer loop
      vertex -15.7666 -38.0638 15
      vertex -17.0524 -41.1681 15
      vertex -12.9351 -42.6413 15
    endloop
  endfacet
  facet normal 0 0 1
    outer loop
      vertex -19.4215 -36.3352 15
      vertex -17.0524 -41.1681 15
      vertex -15.7666 -38.0638 15
    endloop
  endfacet
  facet normal 0 0 1
    outer loop
      vertex -19.4215 -36.3352 15
      vertex -21.0054 -39.2984 15
      vertex -17.0524 -41.1681 15
    endloop
  endfacet
  facet normal 0 0 1
    outer loop
      vertex -22.8895 -34.2565 15
      vertex -21.0054 -39.2984 15
      vertex -19.4215 -36.3352 15
    endloop
  endfacet
  facet normal 0 0 1
    outer loop
      vertex -22.8895 -34.2565 15
      vertex -24.7562 -37.0503 15
      vertex -21.0054 -39.2984 15
    endloop
  endfacet
  facet normal 0 0 1
    outer loop
      vertex -26.137 -31.848 15
      vertex -24.7562 -37.0503 15
      vertex -22.8895 -34.2565 15
    endloop
  endfacet
  facet normal 0 0 1
    outer loop
      vertex -26.137 -31.848 15
      vertex -28.2686 -34.4453 15
      vertex -24.7562 -37.0503 15
    endloop
  endfacet
  facet normal 0 0 1
    outer loop
      vertex -29.1328 -29.1328 15
      vertex -28.2686 -34.4453 15
      vertex -26.137 -31.848 15
    endloop
  endfacet
  facet normal 0 0 1
    outer loop
      vertex -29.1328 -29.1328 15
      vertex -31.5087 -31.5087 15
      vertex -28.2686 -34.4453 15
    endloop
  endfacet
  facet normal 0 0 1
    outer loop
      vertex -31.848 -26.137 15
      vertex -31.5087 -31.5087 15
      vertex -29.1328 -29.1328 15
    endloop
  endfacet
  facet normal 0 0 1
    outer loop
      vertex -34.4453 -28.2686 15
      vertex -31.848 -26.137 15
      vertex -34.2565 -22.8895 15
    endloop
  endfacet
  facet normal 0 0 1
    outer loop
      vertex -31.848 -26.137 15
      vertex -34.4453 -28.2686 15
      vertex -31.5087 -31.5087 15
    endloop
  endfacet
  facet normal 0 0 1
    outer loop
      vertex -37.0503 -24.7562 15
      vertex -34.2565 -22.8895 15
      vertex -36.3352 -19.4215 15
    endloop
  endfacet
  facet normal 0 0 1
    outer loop
      vertex -34.2565 -22.8895 15
      vertex -37.0503 -24.7562 15
      vertex -34.4453 -28.2686 15
    endloop
  endfacet
  facet normal 0 0 1
    outer loop
      vertex -39.2984 -21.0054 15
      vertex -36.3352 -19.4215 15
      vertex -38.0638 -15.7666 15
    endloop
  endfacet
  facet normal 0 0 1
    outer loop
      vertex -36.3352 -19.4215 15
      vertex -39.2984 -21.0054 15
      vertex -37.0503 -24.7562 15
    endloop
  endfacet
  facet normal 0 0 1
    outer loop
      vertex -41.1681 -17.0524 15
      vertex -38.0638 -15.7666 15
      vertex -39.4259 -11.9597 15
    endloop
  endfacet
  facet normal 0 0 1
    outer loop
      vertex -42.6413 -12.9351 15
      vertex -39.4259 -11.9597 15
      vertex -40.4084 -8.03772 15
    endloop
  endfacet
  facet normal 0 0 1
    outer loop
      vertex -43.7038 -8.69322 15
      vertex -40.4084 -8.03772 15
      vertex -41.0016 -4.03831 15
    endloop
  endfacet
  facet normal 0 0 1
    outer loop
      vertex -38.0638 -15.7666 15
      vertex -41.1681 -17.0524 15
      vertex -39.2984 -21.0054 15
    endloop
  endfacet
  facet normal 0 0 1
    outer loop
      vertex -44.3454 -4.36764 15
      vertex -41.0016 -4.03831 15
      vertex -41.2 0 15
    endloop
  endfacet
  facet normal -0 0 1
    outer loop
      vertex -44.3454 4.36764 15
      vertex -41.0016 4.03831 15
      vertex -43.7038 8.69322 15
    endloop
  endfacet
  facet normal 0 0 1
    outer loop
      vertex -39.4259 -11.9597 15
      vertex -42.6413 -12.9351 15
      vertex -41.1681 -17.0524 15
    endloop
  endfacet
  facet normal 0 0 1
    outer loop
      vertex -41.0016 4.03831 15
      vertex -44.3454 4.36764 15
      vertex -41.2 0 15
    endloop
  endfacet
  facet normal 0 0 1
    outer loop
      vertex -40.4084 -8.03772 15
      vertex -43.7038 -8.69322 15
      vertex -42.6413 -12.9351 15
    endloop
  endfacet
  facet normal 0 0 1
    outer loop
      vertex -44.56 0 15
      vertex -41.2 0 15
      vertex -44.3454 4.36764 15
    endloop
  endfacet
  facet normal 0 0 1
    outer loop
      vertex -41.0016 -4.03831 15
      vertex -44.3454 -4.36764 15
      vertex -43.7038 -8.69322 15
    endloop
  endfacet
  facet normal 0 0 1
    outer loop
      vertex -41.2 0 15
      vertex -44.56 0 15
      vertex -44.3454 -4.36764 15
    endloop
  endfacet
  facet normal 0.903983 -0.427568 0
    outer loop
      vertex 39.2984 -21.0054 15
      vertex 41.1681 -17.0524 0
      vertex 41.1681 -17.0524 15
    endloop
  endfacet
  facet normal 0.903983 -0.427568 0
    outer loop
      vertex 41.1681 -17.0524 0
      vertex 39.2984 -21.0054 15
      vertex 39.2984 -21.0054 0
    endloop
  endfacet
  facet normal -0.336891 -0.941544 0
    outer loop
      vertex -17.0524 -41.1681 0
      vertex -12.9351 -42.6413 15
      vertex -17.0524 -41.1681 15
    endloop
  endfacet
  facet normal -0.336891 -0.941544 -0
    outer loop
      vertex -12.9351 -42.6413 15
      vertex -17.0524 -41.1681 0
      vertex -12.9351 -42.6413 0
    endloop
  endfacet
  facet normal 0.740957 -0.671552 0
    outer loop
      vertex 31.5087 -31.5087 15
      vertex 34.4453 -28.2686 0
      vertex 34.4453 -28.2686 15
    endloop
  endfacet
  facet normal 0.740957 -0.671552 0
    outer loop
      vertex 34.4453 -28.2686 0
      vertex 31.5087 -31.5087 15
      vertex 31.5087 -31.5087 0
    endloop
  endfacet
  facet normal -0.989178 0.146722 0
    outer loop
      vertex -44.3454 4.36764 0
      vertex -43.7038 8.69322 15
      vertex -43.7038 8.69322 0
    endloop
  endfacet
  facet normal -0.989178 0.146722 0
    outer loop
      vertex -43.7038 8.69322 15
      vertex -44.3454 4.36764 0
      vertex -44.3454 4.36764 15
    endloop
  endfacet
  facet normal -0.427541 -0.903996 -0
    outer loop
      vertex -21.0054 -39.2984 3
      vertex -21.0054 -39.2984 0
      vertex -20.5138 -39.5309 3
    endloop
  endfacet
  facet normal -0.427541 -0.903996 0
    outer loop
      vertex -20.5138 -39.5309 12
      vertex -21.0054 -39.2984 15
      vertex -21.0054 -39.2984 12
    endloop
  endfacet
  facet normal -0.427568 -0.903983 -5.48991e-06
    outer loop
      vertex -21.0054 -39.2984 15
      vertex -20.5138 -39.5309 12
      vertex -17.0524 -41.1681 15
    endloop
  endfacet
  facet normal -0.427572 -0.903981 0
    outer loop
      vertex -20.5138 -39.5309 3
      vertex -17.0524 -41.1681 15
      vertex -20.5138 -39.5309 12
    endloop
  endfacet
  facet normal -0.427568 -0.903983 5.48991e-06
    outer loop
      vertex -17.0524 -41.1681 0
      vertex -20.5138 -39.5309 3
      vertex -21.0054 -39.2984 0
    endloop
  endfacet
  facet normal -0.427572 -0.903981 0
    outer loop
      vertex -20.5138 -39.5309 3
      vertex -17.0524 -41.1681 0
      vertex -17.0524 -41.1681 15
    endloop
  endfacet
  facet normal -0.740955 -0.671554 0
    outer loop
      vertex 31.848 26.137 0
      vertex 29.1328 29.1328 15
      vertex 29.1328 29.1328 0
    endloop
  endfacet
  facet normal -0.740955 -0.671554 0
    outer loop
      vertex 29.1328 29.1328 15
      vertex 31.848 26.137 0
      vertex 31.848 26.137 15
    endloop
  endfacet
  facet normal -0.989179 -0.146717 0
    outer loop
      vertex 41.0016 4.03831 0
      vertex 40.4084 8.03772 15
      vertex 40.4084 8.03772 0
    endloop
  endfacet
  facet normal -0.989179 -0.146717 0
    outer loop
      vertex 40.4084 8.03772 15
      vertex 41.0016 4.03831 0
      vertex 41.0016 4.03831 15
    endloop
  endfacet
  facet normal -0.998796 -0.0490502 0
    outer loop
      vertex 41.0016 4.03831 0
      vertex 41.1017 2 3
      vertex 41.0016 4.03831 15
    endloop
  endfacet
  facet normal -0.998795 -0.0490703 -1.36751e-05
    outer loop
      vertex 41.2 0 0
      vertex 41.1017 2 3
      vertex 41.0016 4.03831 0
    endloop
  endfacet
  facet normal -0.998794 -0.0490907 0
    outer loop
      vertex 41.1017 2 3
      vertex 41.2 0 0
      vertex 41.2 0 3
    endloop
  endfacet
  facet normal -0.998796 -0.0490502 -0
    outer loop
      vertex 41.1017 2 12
      vertex 41.0016 4.03831 15
      vertex 41.1017 2 3
    endloop
  endfacet
  facet normal -0.998794 -0.0490907 -0
    outer loop
      vertex 41.2 0 15
      vertex 41.1017 2 12
      vertex 41.2 0 12
    endloop
  endfacet
  facet normal -0.998795 -0.0490703 1.36751e-05
    outer loop
      vertex 41.1017 2 12
      vertex 41.2 0 15
      vertex 41.0016 4.03831 15
    endloop
  endfacet
  facet normal -0.970026 -0.243002 0
    outer loop
      vertex 40.4084 8.03772 0
      vertex 39.4259 11.9597 15
      vertex 39.4259 11.9597 0
    endloop
  endfacet
  facet normal -0.970026 -0.243002 0
    outer loop
      vertex 39.4259 11.9597 15
      vertex 40.4084 8.03772 0
      vertex 40.4084 8.03772 15
    endloop
  endfacet
  facet normal -0.336883 0.941546 0
    outer loop
      vertex 15.7666 -38.0638 0
      vertex 11.9597 -39.4259 15
      vertex 15.7666 -38.0638 15
    endloop
  endfacet
  facet normal -0.336883 0.941546 0
    outer loop
      vertex 11.9597 -39.4259 15
      vertex 15.7666 -38.0638 0
      vertex 11.9597 -39.4259 0
    endloop
  endfacet
  facet normal -0.671554 -0.740955 0
    outer loop
      vertex 26.137 31.848 0
      vertex 29.1328 29.1328 15
      vertex 26.137 31.848 15
    endloop
  endfacet
  facet normal -0.671554 -0.740955 -0
    outer loop
      vertex 29.1328 29.1328 15
      vertex 26.137 31.848 0
      vertex 29.1328 29.1328 0
    endloop
  endfacet
  facet normal -0.941546 -0.336883 0
    outer loop
      vertex 39.4259 11.9597 0
      vertex 38.0638 15.7666 15
      vertex 38.0638 15.7666 0
    endloop
  endfacet
  facet normal -0.941546 -0.336883 0
    outer loop
      vertex 38.0638 15.7666 15
      vertex 39.4259 11.9597 0
      vertex 39.4259 11.9597 15
    endloop
  endfacet
  facet normal -0.0490703 0.998795 0
    outer loop
      vertex 4.03831 -41.0016 0
      vertex 0 -41.2 15
      vertex 4.03831 -41.0016 15
    endloop
  endfacet
  facet normal -0.0490703 0.998795 0
    outer loop
      vertex 0 -41.2 15
      vertex 4.03831 -41.0016 0
      vertex 0 -41.2 0
    endloop
  endfacet
  facet normal 0.595698 0.803209 -0
    outer loop
      vertex -22.8895 -34.2565 0
      vertex -26.137 -31.848 15
      vertex -22.8895 -34.2565 15
    endloop
  endfacet
  facet normal 0.595698 0.803209 0
    outer loop
      vertex -26.137 -31.848 15
      vertex -22.8895 -34.2565 0
      vertex -26.137 -31.848 0
    endloop
  endfacet
  facet normal -0.0490703 -0.998795 0
    outer loop
      vertex 0 41.2 0
      vertex 4.03831 41.0016 15
      vertex 0 41.2 15
    endloop
  endfacet
  facet normal -0.0490703 -0.998795 -0
    outer loop
      vertex 4.03831 41.0016 15
      vertex 0 41.2 0
      vertex 4.03831 41.0016 0
    endloop
  endfacet
  facet normal 0.243002 0.970026 -0
    outer loop
      vertex -8.03772 -40.4084 0
      vertex -11.9597 -39.4259 15
      vertex -8.03772 -40.4084 15
    endloop
  endfacet
  facet normal 0.243002 0.970026 0
    outer loop
      vertex -11.9597 -39.4259 15
      vertex -8.03772 -40.4084 0
      vertex -11.9597 -39.4259 0
    endloop
  endfacet
  facet normal -0.857722 -0.514114 0
    outer loop
      vertex 36.3352 19.4215 0
      vertex 34.2565 22.8895 15
      vertex 34.2565 22.8895 0
    endloop
  endfacet
  facet normal -0.857722 -0.514114 0
    outer loop
      vertex 34.2565 22.8895 15
      vertex 36.3352 19.4215 0
      vertex 36.3352 19.4215 15
    endloop
  endfacet
  facet normal 0.998794 0.0490907 0
    outer loop
      vertex -41.2 0 15
      vertex -41.1017 -2 12
      vertex -41.2 0 12
    endloop
  endfacet
  facet normal 0.998796 0.0490502 0
    outer loop
      vertex -41.1017 -2 12
      vertex -41.0016 -4.03831 15
      vertex -41.1017 -2 3
    endloop
  endfacet
  facet normal 0.998795 0.0490703 1.36751e-05
    outer loop
      vertex -41.0016 -4.03831 15
      vertex -41.1017 -2 12
      vertex -41.2 0 15
    endloop
  endfacet
  facet normal 0.998794 0.0490907 0
    outer loop
      vertex -41.1017 -2 3
      vertex -41.2 0 0
      vertex -41.2 0 3
    endloop
  endfacet
  facet normal 0.998795 0.0490703 -1.36751e-05
    outer loop
      vertex -41.1017 -2 3
      vertex -41.0016 -4.03831 0
      vertex -41.2 0 0
    endloop
  endfacet
  facet normal 0.998796 0.0490502 -0
    outer loop
      vertex -41.0016 -4.03831 0
      vertex -41.1017 -2 3
      vertex -41.0016 -4.03831 15
    endloop
  endfacet
  facet normal 0.903993 0.427547 0
    outer loop
      vertex -36.3352 -19.4215 15
      vertex -38.0638 -15.7666 0
      vertex -38.0638 -15.7666 15
    endloop
  endfacet
  facet normal 0.903993 0.427547 0
    outer loop
      vertex -38.0638 -15.7666 0
      vertex -36.3352 -19.4215 15
      vertex -36.3352 -19.4215 0
    endloop
  endfacet
  facet normal -0.903993 -0.427547 0
    outer loop
      vertex 38.0638 15.7666 0
      vertex 36.3352 19.4215 15
      vertex 36.3352 19.4215 0
    endloop
  endfacet
  facet normal -0.903993 -0.427547 0
    outer loop
      vertex 36.3352 19.4215 15
      vertex 38.0638 15.7666 0
      vertex 38.0638 15.7666 15
    endloop
  endfacet
  facet normal -0.970026 0.243002 0
    outer loop
      vertex 39.4259 -11.9597 0
      vertex 40.4084 -8.03772 15
      vertex 40.4084 -8.03772 0
    endloop
  endfacet
  facet normal -0.970026 0.243002 0
    outer loop
      vertex 40.4084 -8.03772 15
      vertex 39.4259 -11.9597 0
      vertex 39.4259 -11.9597 15
    endloop
  endfacet
  facet normal 0.514114 -0.857722 -5.95805e-06
    outer loop
      vertex -22.8895 34.2565 15
      vertex -22.2936 34.6137 12
      vertex -19.4215 36.3352 15
    endloop
  endfacet
  facet normal 0.514136 -0.857709 0
    outer loop
      vertex -22.8895 34.2565 15
      vertex -22.2936 34.6137 3
      vertex -22.2936 34.6137 12
    endloop
  endfacet
  facet normal 0.514136 -0.857709 0
    outer loop
      vertex -22.8895 34.2565 0
      vertex -22.2936 34.6137 3
      vertex -22.8895 34.2565 15
    endloop
  endfacet
  facet normal 0.514114 -0.857722 5.95805e-06
    outer loop
      vertex -19.4215 36.3352 0
      vertex -22.2936 34.6137 3
      vertex -22.8895 34.2565 0
    endloop
  endfacet
  facet normal 0.514109 -0.857725 0
    outer loop
      vertex -22.2936 34.6137 3
      vertex -19.4215 36.3352 0
      vertex -19.4215 36.3352 3
    endloop
  endfacet
  facet normal 0.514109 -0.857725 0
    outer loop
      vertex -19.4215 36.3352 15
      vertex -22.2936 34.6137 12
      vertex -19.4215 36.3352 12
    endloop
  endfacet
  facet normal 0.970026 0.243002 0
    outer loop
      vertex -39.4259 -11.9597 15
      vertex -40.4084 -8.03772 0
      vertex -40.4084 -8.03772 15
    endloop
  endfacet
  facet normal 0.970026 0.243002 0
    outer loop
      vertex -40.4084 -8.03772 0
      vertex -39.4259 -11.9597 15
      vertex -39.4259 -11.9597 0
    endloop
  endfacet
  facet normal -0.243002 -0.970026 0
    outer loop
      vertex 8.03772 40.4084 0
      vertex 11.9597 39.4259 15
      vertex 8.03772 40.4084 15
    endloop
  endfacet
  facet normal -0.243002 -0.970026 -0
    outer loop
      vertex 11.9597 39.4259 15
      vertex 8.03772 40.4084 0
      vertex 11.9597 39.4259 0
    endloop
  endfacet
  facet normal -0.941546 0.336883 0
    outer loop
      vertex 38.0638 -15.7666 0
      vertex 39.4259 -11.9597 15
      vertex 39.4259 -11.9597 0
    endloop
  endfacet
  facet normal -0.941546 0.336883 0
    outer loop
      vertex 39.4259 -11.9597 15
      vertex 38.0638 -15.7666 0
      vertex 38.0638 -15.7666 15
    endloop
  endfacet
  facet normal -0.989179 0.146717 0
    outer loop
      vertex 40.4084 -8.03772 0
      vertex 41.0016 -4.03831 15
      vertex 41.0016 -4.03831 0
    endloop
  endfacet
  facet normal -0.989179 0.146717 0
    outer loop
      vertex 41.0016 -4.03831 15
      vertex 40.4084 -8.03772 0
      vertex 40.4084 -8.03772 15
    endloop
  endfacet
  facet normal -0.146717 -0.989179 0
    outer loop
      vertex 4.03831 41.0016 0
      vertex 8.03772 40.4084 15
      vertex 4.03831 41.0016 15
    endloop
  endfacet
  facet normal -0.146717 -0.989179 -0
    outer loop
      vertex 8.03772 40.4084 15
      vertex 4.03831 41.0016 0
      vertex 8.03772 40.4084 0
    endloop
  endfacet
  facet normal 0.427475 -0.904027 0
    outer loop
      vertex -19.4215 36.3352 3
      vertex -19.4215 36.3352 0
      vertex -18.8302 36.6148 3
    endloop
  endfacet
  facet normal 0.427475 -0.904027 0
    outer loop
      vertex -18.8302 36.6148 12
      vertex -19.4215 36.3352 15
      vertex -19.4215 36.3352 12
    endloop
  endfacet
  facet normal 0.427547 -0.903993 1.74076e-05
    outer loop
      vertex -19.4215 36.3352 15
      vertex -18.8302 36.6148 12
      vertex -15.7666 38.0638 15
    endloop
  endfacet
  facet normal 0.427561 -0.903986 0
    outer loop
      vertex -18.8302 36.6148 3
      vertex -15.7666 38.0638 15
      vertex -18.8302 36.6148 12
    endloop
  endfacet
  facet normal 0.427547 -0.903993 -1.74076e-05
    outer loop
      vertex -15.7666 38.0638 0
      vertex -18.8302 36.6148 3
      vertex -19.4215 36.3352 0
    endloop
  endfacet
  facet normal 0.427561 -0.903986 0
    outer loop
      vertex -18.8302 36.6148 3
      vertex -15.7666 38.0638 0
      vertex -15.7666 38.0638 15
    endloop
  endfacet
  facet normal 0.146717 -0.989179 0
    outer loop
      vertex -8.03772 40.4084 0
      vertex -4.03831 41.0016 15
      vertex -8.03772 40.4084 15
    endloop
  endfacet
  facet normal 0.146717 -0.989179 0
    outer loop
      vertex -4.03831 41.0016 15
      vertex -8.03772 40.4084 0
      vertex -4.03831 41.0016 0
    endloop
  endfacet
  facet normal -0.427475 0.904027 0
    outer loop
      vertex 19.4215 -36.3352 3
      vertex 19.4215 -36.3352 0
      vertex 18.8302 -36.6148 3
    endloop
  endfacet
  facet normal -0.427475 0.904027 0
    outer loop
      vertex 18.8302 -36.6148 12
      vertex 19.4215 -36.3352 15
      vertex 19.4215 -36.3352 12
    endloop
  endfacet
  facet normal -0.427547 0.903993 1.74076e-05
    outer loop
      vertex 19.4215 -36.3352 15
      vertex 18.8302 -36.6148 12
      vertex 15.7666 -38.0638 15
    endloop
  endfacet
  facet normal -0.427561 0.903986 0
    outer loop
      vertex 18.8302 -36.6148 3
      vertex 15.7666 -38.0638 15
      vertex 18.8302 -36.6148 12
    endloop
  endfacet
  facet normal -0.427547 0.903993 -1.74076e-05
    outer loop
      vertex 15.7666 -38.0638 0
      vertex 18.8302 -36.6148 3
      vertex 19.4215 -36.3352 0
    endloop
  endfacet
  facet normal -0.427561 0.903986 0
    outer loop
      vertex 18.8302 -36.6148 3
      vertex 15.7666 -38.0638 0
      vertex 15.7666 -38.0638 15
    endloop
  endfacet
  facet normal 0.671554 -0.740955 0
    outer loop
      vertex -29.1328 29.1328 0
      vertex -26.137 31.848 15
      vertex -29.1328 29.1328 15
    endloop
  endfacet
  facet normal 0.671554 -0.740955 0
    outer loop
      vertex -26.137 31.848 15
      vertex -29.1328 29.1328 0
      vertex -26.137 31.848 0
    endloop
  endfacet
  facet normal -0.857722 0.514114 0
    outer loop
      vertex 34.2565 -22.8895 0
      vertex 36.3352 -19.4215 15
      vertex 36.3352 -19.4215 0
    endloop
  endfacet
  facet normal -0.857722 0.514114 0
    outer loop
      vertex 36.3352 -19.4215 15
      vertex 34.2565 -22.8895 0
      vertex 34.2565 -22.8895 15
    endloop
  endfacet
  facet normal 0.595698 -0.803209 0
    outer loop
      vertex -26.137 31.848 0
      vertex -22.8895 34.2565 15
      vertex -26.137 31.848 15
    endloop
  endfacet
  facet normal 0.595698 -0.803209 0
    outer loop
      vertex -22.8895 34.2565 15
      vertex -26.137 31.848 0
      vertex -22.8895 34.2565 0
    endloop
  endfacet
  facet normal -0.903993 0.427547 0
    outer loop
      vertex 36.3352 -19.4215 0
      vertex 38.0638 -15.7666 15
      vertex 38.0638 -15.7666 0
    endloop
  endfacet
  facet normal -0.903993 0.427547 0
    outer loop
      vertex 38.0638 -15.7666 15
      vertex 36.3352 -19.4215 0
      vertex 36.3352 -19.4215 15
    endloop
  endfacet
  facet normal -0.998794 0.0490907 0
    outer loop
      vertex 41.2 0 0
      vertex 41.1017 -2 3
      vertex 41.2 0 3
    endloop
  endfacet
  facet normal -0.998796 0.0490502 0
    outer loop
      vertex 41.1017 -2 3
      vertex 41.0016 -4.03831 0
      vertex 41.1017 -2 12
    endloop
  endfacet
  facet normal -0.998795 0.0490703 -1.36751e-05
    outer loop
      vertex 41.0016 -4.03831 0
      vertex 41.1017 -2 3
      vertex 41.2 0 0
    endloop
  endfacet
  facet normal -0.998794 0.0490907 0
    outer loop
      vertex 41.1017 -2 12
      vertex 41.2 0 15
      vertex 41.2 0 12
    endloop
  endfacet
  facet normal -0.998795 0.0490703 1.36751e-05
    outer loop
      vertex 41.1017 -2 12
      vertex 41.0016 -4.03831 15
      vertex 41.2 0 15
    endloop
  endfacet
  facet normal -0.998796 0.0490502 0
    outer loop
      vertex 41.0016 -4.03831 15
      vertex 41.1017 -2 12
      vertex 41.0016 -4.03831 0
    endloop
  endfacet
  facet normal 0.740955 -0.671554 0
    outer loop
      vertex -31.848 26.137 15
      vertex -29.1328 29.1328 0
      vertex -29.1328 29.1328 15
    endloop
  endfacet
  facet normal 0.740955 -0.671554 0
    outer loop
      vertex -29.1328 29.1328 0
      vertex -31.848 26.137 15
      vertex -31.848 26.137 0
    endloop
  endfacet
  facet normal 0.941546 0.336883 0
    outer loop
      vertex -38.0638 -15.7666 15
      vertex -39.4259 -11.9597 0
      vertex -39.4259 -11.9597 15
    endloop
  endfacet
  facet normal 0.941546 0.336883 0
    outer loop
      vertex -39.4259 -11.9597 0
      vertex -38.0638 -15.7666 15
      vertex -38.0638 -15.7666 0
    endloop
  endfacet
  facet normal -0.514109 -0.857725 -0
    outer loop
      vertex 19.4215 36.3352 3
      vertex 19.4215 36.3352 0
      vertex 22.2936 34.6137 3
    endloop
  endfacet
  facet normal -0.514109 -0.857725 0
    outer loop
      vertex 22.2936 34.6137 12
      vertex 19.4215 36.3352 15
      vertex 19.4215 36.3352 12
    endloop
  endfacet
  facet normal -0.514114 -0.857722 -5.95805e-06
    outer loop
      vertex 19.4215 36.3352 15
      vertex 22.2936 34.6137 12
      vertex 22.8895 34.2565 15
    endloop
  endfacet
  facet normal -0.514136 -0.857709 0
    outer loop
      vertex 22.2936 34.6137 3
      vertex 22.8895 34.2565 15
      vertex 22.2936 34.6137 12
    endloop
  endfacet
  facet normal -0.514136 -0.857709 0
    outer loop
      vertex 22.2936 34.6137 3
      vertex 22.8895 34.2565 0
      vertex 22.8895 34.2565 15
    endloop
  endfacet
  facet normal -0.514114 -0.857722 5.95805e-06
    outer loop
      vertex 22.8895 34.2565 0
      vertex 22.2936 34.6137 3
      vertex 19.4215 36.3352 0
    endloop
  endfacet
  facet normal -0.595698 -0.803209 0
    outer loop
      vertex 22.8895 34.2565 0
      vertex 26.137 31.848 15
      vertex 22.8895 34.2565 15
    endloop
  endfacet
  facet normal -0.595698 -0.803209 -0
    outer loop
      vertex 26.137 31.848 15
      vertex 22.8895 34.2565 0
      vertex 26.137 31.848 0
    endloop
  endfacet
  facet normal -0.146717 0.989179 0
    outer loop
      vertex 8.03772 -40.4084 0
      vertex 4.03831 -41.0016 15
      vertex 8.03772 -40.4084 15
    endloop
  endfacet
  facet normal -0.146717 0.989179 0
    outer loop
      vertex 4.03831 -41.0016 15
      vertex 8.03772 -40.4084 0
      vertex 4.03831 -41.0016 0
    endloop
  endfacet
  facet normal -0.740955 0.671554 0
    outer loop
      vertex 29.1328 -29.1328 0
      vertex 31.848 -26.137 15
      vertex 31.848 -26.137 0
    endloop
  endfacet
  facet normal -0.740955 0.671554 0
    outer loop
      vertex 31.848 -26.137 15
      vertex 29.1328 -29.1328 0
      vertex 29.1328 -29.1328 15
    endloop
  endfacet
  facet normal -0.803209 0.595698 0
    outer loop
      vertex 31.848 -26.137 0
      vertex 34.2565 -22.8895 15
      vertex 34.2565 -22.8895 0
    endloop
  endfacet
  facet normal -0.803209 0.595698 0
    outer loop
      vertex 34.2565 -22.8895 15
      vertex 31.848 -26.137 0
      vertex 31.848 -26.137 15
    endloop
  endfacet
  facet normal -0.243002 0.970026 0
    outer loop
      vertex 11.9597 -39.4259 0
      vertex 8.03772 -40.4084 15
      vertex 11.9597 -39.4259 15
    endloop
  endfacet
  facet normal -0.243002 0.970026 0
    outer loop
      vertex 8.03772 -40.4084 15
      vertex 11.9597 -39.4259 0
      vertex 8.03772 -40.4084 0
    endloop
  endfacet
  facet normal 0.243002 -0.970026 0
    outer loop
      vertex -11.9597 39.4259 0
      vertex -8.03772 40.4084 15
      vertex -11.9597 39.4259 15
    endloop
  endfacet
  facet normal 0.243002 -0.970026 0
    outer loop
      vertex -8.03772 40.4084 15
      vertex -11.9597 39.4259 0
      vertex -8.03772 40.4084 0
    endloop
  endfacet
  facet normal -0.803209 -0.595698 0
    outer loop
      vertex 34.2565 22.8895 0
      vertex 31.848 26.137 15
      vertex 31.848 26.137 0
    endloop
  endfacet
  facet normal -0.803209 -0.595698 0
    outer loop
      vertex 31.848 26.137 15
      vertex 34.2565 22.8895 0
      vertex 34.2565 22.8895 15
    endloop
  endfacet
  facet normal 0.857722 -0.514114 0
    outer loop
      vertex -36.3352 19.4215 15
      vertex -34.2565 22.8895 0
      vertex -34.2565 22.8895 15
    endloop
  endfacet
  facet normal 0.857722 -0.514114 0
    outer loop
      vertex -34.2565 22.8895 0
      vertex -36.3352 19.4215 15
      vertex -36.3352 19.4215 0
    endloop
  endfacet
  facet normal -0.427547 -0.903993 1.74076e-05
    outer loop
      vertex 15.7666 38.0638 15
      vertex 18.8302 36.6148 12
      vertex 19.4215 36.3352 15
    endloop
  endfacet
  facet normal -0.427561 -0.903986 0
    outer loop
      vertex 15.7666 38.0638 15
      vertex 18.8302 36.6148 3
      vertex 18.8302 36.6148 12
    endloop
  endfacet
  facet normal -0.427561 -0.903986 0
    outer loop
      vertex 15.7666 38.0638 0
      vertex 18.8302 36.6148 3
      vertex 15.7666 38.0638 15
    endloop
  endfacet
  facet normal -0.427547 -0.903993 -1.74076e-05
    outer loop
      vertex 19.4215 36.3352 0
      vertex 18.8302 36.6148 3
      vertex 15.7666 38.0638 0
    endloop
  endfacet
  facet normal -0.427475 -0.904027 0
    outer loop
      vertex 18.8302 36.6148 3
      vertex 19.4215 36.3352 0
      vertex 19.4215 36.3352 3
    endloop
  endfacet
  facet normal -0.427475 -0.904027 -0
    outer loop
      vertex 19.4215 36.3352 15
      vertex 18.8302 36.6148 12
      vertex 19.4215 36.3352 12
    endloop
  endfacet
  facet normal 0.857722 0.514114 0
    outer loop
      vertex -34.2565 -22.8895 15
      vertex -36.3352 -19.4215 0
      vertex -36.3352 -19.4215 15
    endloop
  endfacet
  facet normal 0.857722 0.514114 0
    outer loop
      vertex -36.3352 -19.4215 0
      vertex -34.2565 -22.8895 15
      vertex -34.2565 -22.8895 0
    endloop
  endfacet
  facet normal 0.427547 0.903993 1.74076e-05
    outer loop
      vertex -15.7666 -38.0638 15
      vertex -18.8302 -36.6148 12
      vertex -19.4215 -36.3352 15
    endloop
  endfacet
  facet normal 0.427561 0.903986 0
    outer loop
      vertex -15.7666 -38.0638 15
      vertex -18.8302 -36.6148 3
      vertex -18.8302 -36.6148 12
    endloop
  endfacet
  facet normal 0.427561 0.903986 -0
    outer loop
      vertex -15.7666 -38.0638 0
      vertex -18.8302 -36.6148 3
      vertex -15.7666 -38.0638 15
    endloop
  endfacet
  facet normal 0.427547 0.903993 -1.74076e-05
    outer loop
      vertex -19.4215 -36.3352 0
      vertex -18.8302 -36.6148 3
      vertex -15.7666 -38.0638 0
    endloop
  endfacet
  facet normal 0.427475 0.904027 0
    outer loop
      vertex -18.8302 -36.6148 3
      vertex -19.4215 -36.3352 0
      vertex -19.4215 -36.3352 3
    endloop
  endfacet
  facet normal 0.427475 0.904027 0
    outer loop
      vertex -19.4215 -36.3352 15
      vertex -18.8302 -36.6148 12
      vertex -19.4215 -36.3352 12
    endloop
  endfacet
  facet normal 0.740955 0.671554 0
    outer loop
      vertex -29.1328 -29.1328 15
      vertex -31.848 -26.137 0
      vertex -31.848 -26.137 15
    endloop
  endfacet
  facet normal 0.740955 0.671554 0
    outer loop
      vertex -31.848 -26.137 0
      vertex -29.1328 -29.1328 15
      vertex -29.1328 -29.1328 0
    endloop
  endfacet
  facet normal 0.336883 -0.941546 0
    outer loop
      vertex -15.7666 38.0638 0
      vertex -11.9597 39.4259 15
      vertex -15.7666 38.0638 15
    endloop
  endfacet
  facet normal 0.336883 -0.941546 0
    outer loop
      vertex -11.9597 39.4259 15
      vertex -15.7666 38.0638 0
      vertex -11.9597 39.4259 0
    endloop
  endfacet
  facet normal 0.514109 0.857725 0
    outer loop
      vertex -19.4215 -36.3352 3
      vertex -19.4215 -36.3352 0
      vertex -22.2936 -34.6137 3
    endloop
  endfacet
  facet normal 0.514109 0.857725 0
    outer loop
      vertex -22.2936 -34.6137 12
      vertex -19.4215 -36.3352 15
      vertex -19.4215 -36.3352 12
    endloop
  endfacet
  facet normal 0.514114 0.857722 -5.95805e-06
    outer loop
      vertex -19.4215 -36.3352 15
      vertex -22.2936 -34.6137 12
      vertex -22.8895 -34.2565 15
    endloop
  endfacet
  facet normal 0.514136 0.857709 -0
    outer loop
      vertex -22.2936 -34.6137 3
      vertex -22.8895 -34.2565 15
      vertex -22.2936 -34.6137 12
    endloop
  endfacet
  facet normal 0.514136 0.857709 0
    outer loop
      vertex -22.2936 -34.6137 3
      vertex -22.8895 -34.2565 0
      vertex -22.8895 -34.2565 15
    endloop
  endfacet
  facet normal 0.514114 0.857722 5.95805e-06
    outer loop
      vertex -22.8895 -34.2565 0
      vertex -22.2936 -34.6137 3
      vertex -19.4215 -36.3352 0
    endloop
  endfacet
  facet normal -0.595698 0.803209 0
    outer loop
      vertex 26.137 -31.848 0
      vertex 22.8895 -34.2565 15
      vertex 26.137 -31.848 15
    endloop
  endfacet
  facet normal -0.595698 0.803209 0
    outer loop
      vertex 22.8895 -34.2565 15
      vertex 26.137 -31.848 0
      vertex 22.8895 -34.2565 0
    endloop
  endfacet
  facet normal 0.0490703 -0.998795 0
    outer loop
      vertex -4.03831 41.0016 0
      vertex 0 41.2 15
      vertex -4.03831 41.0016 15
    endloop
  endfacet
  facet normal 0.0490703 -0.998795 0
    outer loop
      vertex 0 41.2 15
      vertex -4.03831 41.0016 0
      vertex 0 41.2 0
    endloop
  endfacet
  facet normal 0.970026 -0.243002 0
    outer loop
      vertex -40.4084 8.03772 15
      vertex -39.4259 11.9597 0
      vertex -39.4259 11.9597 15
    endloop
  endfacet
  facet normal 0.970026 -0.243002 0
    outer loop
      vertex -39.4259 11.9597 0
      vertex -40.4084 8.03772 15
      vertex -40.4084 8.03772 0
    endloop
  endfacet
  facet normal 0.941546 -0.336883 0
    outer loop
      vertex -39.4259 11.9597 15
      vertex -38.0638 15.7666 0
      vertex -38.0638 15.7666 15
    endloop
  endfacet
  facet normal 0.941546 -0.336883 0
    outer loop
      vertex -38.0638 15.7666 0
      vertex -39.4259 11.9597 15
      vertex -39.4259 11.9597 0
    endloop
  endfacet
  facet normal -0.336883 -0.941546 0
    outer loop
      vertex 11.9597 39.4259 0
      vertex 15.7666 38.0638 15
      vertex 11.9597 39.4259 15
    endloop
  endfacet
  facet normal -0.336883 -0.941546 -0
    outer loop
      vertex 15.7666 38.0638 15
      vertex 11.9597 39.4259 0
      vertex 15.7666 38.0638 0
    endloop
  endfacet
  facet normal 0.803209 0.595698 0
    outer loop
      vertex -31.848 -26.137 15
      vertex -34.2565 -22.8895 0
      vertex -34.2565 -22.8895 15
    endloop
  endfacet
  facet normal 0.803209 0.595698 0
    outer loop
      vertex -34.2565 -22.8895 0
      vertex -31.848 -26.137 15
      vertex -31.848 -26.137 0
    endloop
  endfacet
  facet normal 0.989179 0.146717 0
    outer loop
      vertex -40.4084 -8.03772 15
      vertex -41.0016 -4.03831 0
      vertex -41.0016 -4.03831 15
    endloop
  endfacet
  facet normal 0.989179 0.146717 0
    outer loop
      vertex -41.0016 -4.03831 0
      vertex -40.4084 -8.03772 15
      vertex -40.4084 -8.03772 0
    endloop
  endfacet
  facet normal 0.903993 -0.427547 0
    outer loop
      vertex -38.0638 15.7666 15
      vertex -36.3352 19.4215 0
      vertex -36.3352 19.4215 15
    endloop
  endfacet
  facet normal 0.903993 -0.427547 0
    outer loop
      vertex -36.3352 19.4215 0
      vertex -38.0638 15.7666 15
      vertex -38.0638 15.7666 0
    endloop
  endfacet
  facet normal -0.514114 0.857722 -5.95805e-06
    outer loop
      vertex 22.8895 -34.2565 15
      vertex 22.2936 -34.6137 12
      vertex 19.4215 -36.3352 15
    endloop
  endfacet
  facet normal -0.514136 0.857709 0
    outer loop
      vertex 22.8895 -34.2565 15
      vertex 22.2936 -34.6137 3
      vertex 22.2936 -34.6137 12
    endloop
  endfacet
  facet normal -0.514136 0.857709 0
    outer loop
      vertex 22.8895 -34.2565 0
      vertex 22.2936 -34.6137 3
      vertex 22.8895 -34.2565 15
    endloop
  endfacet
  facet normal -0.514114 0.857722 5.95805e-06
    outer loop
      vertex 19.4215 -36.3352 0
      vertex 22.2936 -34.6137 3
      vertex 22.8895 -34.2565 0
    endloop
  endfacet
  facet normal -0.514109 0.857725 0
    outer loop
      vertex 22.2936 -34.6137 3
      vertex 19.4215 -36.3352 0
      vertex 19.4215 -36.3352 3
    endloop
  endfacet
  facet normal -0.514109 0.857725 0
    outer loop
      vertex 19.4215 -36.3352 15
      vertex 22.2936 -34.6137 12
      vertex 19.4215 -36.3352 12
    endloop
  endfacet
  facet normal 0.671554 0.740955 -0
    outer loop
      vertex -26.137 -31.848 0
      vertex -29.1328 -29.1328 15
      vertex -26.137 -31.848 15
    endloop
  endfacet
  facet normal 0.671554 0.740955 0
    outer loop
      vertex -29.1328 -29.1328 15
      vertex -26.137 -31.848 0
      vertex -29.1328 -29.1328 0
    endloop
  endfacet
  facet normal 0.803209 -0.595698 0
    outer loop
      vertex -34.2565 22.8895 15
      vertex -31.848 26.137 0
      vertex -31.848 26.137 15
    endloop
  endfacet
  facet normal 0.803209 -0.595698 0
    outer loop
      vertex -31.848 26.137 0
      vertex -34.2565 22.8895 15
      vertex -34.2565 22.8895 0
    endloop
  endfacet
  facet normal 0.0490703 0.998795 -0
    outer loop
      vertex 0 -41.2 0
      vertex -4.03831 -41.0016 15
      vertex 0 -41.2 15
    endloop
  endfacet
  facet normal 0.0490703 0.998795 0
    outer loop
      vertex -4.03831 -41.0016 15
      vertex 0 -41.2 0
      vertex -4.03831 -41.0016 0
    endloop
  endfacet
  facet normal 0.146717 0.989179 -0
    outer loop
      vertex -4.03831 -41.0016 0
      vertex -8.03772 -40.4084 15
      vertex -4.03831 -41.0016 15
    endloop
  endfacet
  facet normal 0.146717 0.989179 0
    outer loop
      vertex -8.03772 -40.4084 15
      vertex -4.03831 -41.0016 0
      vertex -8.03772 -40.4084 0
    endloop
  endfacet
  facet normal 0.989179 -0.146717 0
    outer loop
      vertex -41.0016 4.03831 15
      vertex -40.4084 8.03772 0
      vertex -40.4084 8.03772 15
    endloop
  endfacet
  facet normal 0.989179 -0.146717 0
    outer loop
      vertex -40.4084 8.03772 0
      vertex -41.0016 4.03831 15
      vertex -41.0016 4.03831 0
    endloop
  endfacet
  facet normal 0.998796 -0.0490502 0
    outer loop
      vertex -41.0016 4.03831 15
      vertex -41.1017 2 12
      vertex -41.0016 4.03831 0
    endloop
  endfacet
  facet normal 0.998795 -0.0490703 1.36751e-05
    outer loop
      vertex -41.2 0 15
      vertex -41.1017 2 12
      vertex -41.0016 4.03831 15
    endloop
  endfacet
  facet normal 0.998794 -0.0490907 0
    outer loop
      vertex -41.1017 2 12
      vertex -41.2 0 15
      vertex -41.2 0 12
    endloop
  endfacet
  facet normal 0.998796 -0.0490502 0
    outer loop
      vertex -41.1017 2 3
      vertex -41.0016 4.03831 0
      vertex -41.1017 2 12
    endloop
  endfacet
  facet normal 0.998794 -0.0490907 0
    outer loop
      vertex -41.2 0 0
      vertex -41.1017 2 3
      vertex -41.2 0 3
    endloop
  endfacet
  facet normal 0.998795 -0.0490703 -1.36751e-05
    outer loop
      vertex -41.1017 2 3
      vertex -41.2 0 0
      vertex -41.0016 4.03831 0
    endloop
  endfacet
  facet normal 0.336883 0.941546 -0
    outer loop
      vertex -11.9597 -39.4259 0
      vertex -15.7666 -38.0638 15
      vertex -11.9597 -39.4259 15
    endloop
  endfacet
  facet normal 0.336883 0.941546 0
    outer loop
      vertex -15.7666 -38.0638 15
      vertex -11.9597 -39.4259 0
      vertex -15.7666 -38.0638 0
    endloop
  endfacet
  facet normal -0.671554 0.740955 0
    outer loop
      vertex 29.1328 -29.1328 0
      vertex 26.137 -31.848 15
      vertex 29.1328 -29.1328 15
    endloop
  endfacet
  facet normal -0.671554 0.740955 0
    outer loop
      vertex 26.137 -31.848 15
      vertex 29.1328 -29.1328 0
      vertex 26.137 -31.848 0
    endloop
  endfacet
  facet normal 0.99932 -0.0245418 -0.0275276
    outer loop
      vertex -55.0361 2.70375 211.279
      vertex -55 0 215
      vertex -55.1025 0 211.279
    endloop
  endfacet
  facet normal 0.999321 -0.0245135 -0.0275071
    outer loop
      vertex -54.9338 2.69872 215
      vertex -55 0 215
      vertex -55.0361 2.70375 211.279
    endloop
  endfacet
  facet normal 0.943607 -0.0231257 -0.33026
    outer loop
      vertex -122.094 5.9981 19.4532
      vertex -55.1025 0 211.279
      vertex -122.241 0 19.4532
    endloop
  endfacet
  facet normal 0.943605 -0.0231735 -0.330261
    outer loop
      vertex -55.0361 2.70375 211.279
      vertex -55.1025 0 211.279
      vertex -122.094 5.9981 19.4532
    endloop
  endfacet
  facet normal 0.849886 -0.0209234 -0.526551
    outer loop
      vertex -124.849 6.13346 15
      vertex -122.241 0 19.4532
      vertex -125 0 15
    endloop
  endfacet
  facet normal 0.849946 -0.0208303 -0.526458
    outer loop
      vertex -122.094 5.9981 19.4532
      vertex -122.241 0 19.4532
      vertex -124.849 6.13346 15
    endloop
  endfacet
  facet normal -0.943605 0.0231468 0.330262
    outer loop
      vertex -55 0 215
      vertex -54.9338 2.69872 215
      vertex -125 0 15
    endloop
  endfacet
  facet normal -0.943604 0.0232306 0.33026
    outer loop
      vertex -54.9338 2.69872 215
      vertex -124.849 6.13346 15
      vertex -125 0 15
    endloop
  endfacet
  facet normal 0.996912 -0.0735513 -0.0275071
    outer loop
      vertex -54.8371 5.40099 211.279
      vertex -54.9338 2.69872 215
      vertex -55.0361 2.70375 211.279
    endloop
  endfacet
  facet normal 0.996913 -0.0735404 -0.0274992
    outer loop
      vertex -54.8371 5.40099 211.279
      vertex -54.7352 5.39094 215
      vertex -54.9338 2.69872 215
    endloop
  endfacet
  facet normal 0.941336 -0.0693779 -0.330261
    outer loop
      vertex -121.653 11.9817 19.4532
      vertex -55.0361 2.70375 211.279
      vertex -122.094 5.9981 19.4532
    endloop
  endfacet
  facet normal 0.941331 -0.0694505 -0.330263
    outer loop
      vertex -54.8371 5.40099 211.279
      vertex -55.0361 2.70375 211.279
      vertex -121.653 11.9817 19.4532
    endloop
  endfacet
  facet normal 0.847901 -0.0624981 -0.526459
    outer loop
      vertex -124.398 12.2521 15
      vertex -122.094 5.9981 19.4532
      vertex -124.849 6.13346 15
    endloop
  endfacet
  facet normal 0.847905 -0.0624918 -0.526452
    outer loop
      vertex -121.653 11.9817 19.4532
      vertex -122.094 5.9981 19.4532
      vertex -124.398 12.2521 15
    endloop
  endfacet
  facet normal -0.941332 0.0694403 0.33026
    outer loop
      vertex -54.9338 2.69872 215
      vertex -54.7352 5.39094 215
      vertex -124.849 6.13346 15
    endloop
  endfacet
  facet normal -0.941336 0.0693851 0.330261
    outer loop
      vertex -54.7352 5.39094 215
      vertex -124.398 12.2521 15
      vertex -124.849 6.13346 15
    endloop
  endfacet
  facet normal 0.992107 -0.12234 -0.0274994
    outer loop
      vertex -54.5061 8.08521 211.279
      vertex -54.7352 5.39094 215
      vertex -54.8371 5.40099 211.279
    endloop
  endfacet
  facet normal 0.992101 -0.122382 -0.0275298
    outer loop
      vertex -54.5061 8.08521 211.279
      vertex -54.4047 8.07018 215
      vertex -54.7352 5.39094 215
    endloop
  endfacet
  facet normal 0.93678 -0.115627 -0.330262
    outer loop
      vertex -120.918 17.9365 19.4532
      vertex -54.8371 5.40099 211.279
      vertex -121.653 11.9817 19.4532
    endloop
  endfacet
  facet normal 0.936794 -0.115519 -0.33026
    outer loop
      vertex -54.5061 8.08521 211.279
      vertex -54.8371 5.40099 211.279
      vertex -120.918 17.9365 19.4532
    endloop
  endfacet
  facet normal 0.843811 -0.10407 -0.526453
    outer loop
      vertex -123.647 18.3413 15
      vertex -121.653 11.9817 19.4532
      vertex -124.398 12.2521 15
    endloop
  endfacet
  facet normal 0.843752 -0.104144 -0.526533
    outer loop
      vertex -120.918 17.9365 19.4532
      vertex -121.653 11.9817 19.4532
      vertex -123.647 18.3413 15
    endloop
  endfacet
  facet normal -0.936789 0.115558 0.330261
    outer loop
      vertex -54.7352 5.39094 215
      vertex -54.4047 8.07018 215
      vertex -124.398 12.2521 15
    endloop
  endfacet
  facet normal -0.936792 0.115537 0.330262
    outer loop
      vertex -54.4047 8.07018 215
      vertex -123.647 18.3413 15
      vertex -124.398 12.2521 15
    endloop
  endfacet
  facet normal 0.984903 -0.170902 -0.0275297
    outer loop
      vertex -54.0437 10.75 211.279
      vertex -54.4047 8.07018 215
      vertex -54.5061 8.08521 211.279
    endloop
  endfacet
  facet normal 0.984906 -0.170889 -0.0275197
    outer loop
      vertex -54.0437 10.75 211.279
      vertex -53.9432 10.73 215
      vertex -54.4047 8.07018 215
    endloop
  endfacet
  facet normal 0.930014 -0.161253 -0.330261
    outer loop
      vertex -119.893 23.8481 19.4532
      vertex -54.5061 8.08521 211.279
      vertex -120.918 17.9365 19.4532
    endloop
  endfacet
  facet normal 0.929992 -0.161374 -0.330263
    outer loop
      vertex -54.0437 10.75 211.279
      vertex -54.5061 8.08521 211.279
      vertex -119.893 23.8481 19.4532
    endloop
  endfacet
  facet normal 0.837637 -0.145357 -0.526532
    outer loop
      vertex -122.598 24.3863 15
      vertex -120.918 17.9365 19.4532
      vertex -123.647 18.3413 15
    endloop
  endfacet
  facet normal 0.837729 -0.145252 -0.526415
    outer loop
      vertex -119.893 23.8481 19.4532
      vertex -120.918 17.9365 19.4532
      vertex -122.598 24.3863 15
    endloop
  endfacet
  facet normal -0.929994 0.161361 0.330262
    outer loop
      vertex -54.4047 8.07018 215
      vertex -53.9432 10.73 215
      vertex -123.647 18.3413 15
    endloop
  endfacet
  facet normal -0.929991 0.161383 0.330261
    outer loop
      vertex -53.9432 10.73 215
      vertex -122.598 24.3863 15
      vertex -123.647 18.3413 15
    endloop
  endfacet
  facet normal 0.97533 -0.219032 -0.0275198
    outer loop
      vertex -53.4511 13.3888 211.279
      vertex -53.9432 10.73 215
      vertex -54.0437 10.75 211.279
    endloop
  endfacet
  facet normal 0.97533 -0.219032 -0.0275199
    outer loop
      vertex -53.4511 13.3888 211.279
      vertex -53.3517 13.3639 215
      vertex -53.9432 10.73 215
    endloop
  endfacet
  facet normal 0.920941 -0.20687 -0.330263
    outer loop
      vertex -118.578 29.7022 19.4532
      vertex -54.0437 10.75 211.279
      vertex -119.893 23.8481 19.4532
    endloop
  endfacet
  facet normal 0.920952 -0.20682 -0.330262
    outer loop
      vertex -53.4511 13.3888 211.279
      vertex -54.0437 10.75 211.279
      vertex -118.578 29.7022 19.4532
    endloop
  endfacet
  facet normal 0.829575 -0.186253 -0.526417
    outer loop
      vertex -121.254 30.3725 15
      vertex -119.893 23.8481 19.4532
      vertex -122.598 24.3863 15
    endloop
  endfacet
  facet normal 0.829501 -0.18633 -0.526507
    outer loop
      vertex -118.578 29.7022 19.4532
      vertex -119.893 23.8481 19.4532
      vertex -121.254 30.3725 15
    endloop
  endfacet
  facet normal -0.920952 0.20682 0.330261
    outer loop
      vertex -53.9432 10.73 215
      vertex -53.3517 13.3639 215
      vertex -122.598 24.3863 15
    endloop
  endfacet
  facet normal -0.920963 0.206771 0.330262
    outer loop
      vertex -53.3517 13.3639 215
      vertex -121.254 30.3725 15
      vertex -122.598 24.3863 15
    endloop
  endfacet
  facet normal 0.963415 -0.266597 -0.0275199
    outer loop
      vertex -52.7298 15.9954 211.279
      vertex -53.3517 13.3639 215
      vertex -53.4511 13.3888 211.279
    endloop
  endfacet
  facet normal 0.963412 -0.266607 -0.0275273
    outer loop
      vertex -52.7298 15.9954 211.279
      vertex -52.6317 15.9657 215
      vertex -53.3517 13.3639 215
    endloop
  endfacet
  facet normal 0.909709 -0.251709 -0.330262
    outer loop
      vertex -116.978 35.4848 19.4532
      vertex -53.4511 13.3888 211.279
      vertex -118.578 29.7022 19.4532
    endloop
  endfacet
  facet normal 0.909702 -0.251733 -0.330262
    outer loop
      vertex -52.7298 15.9954 211.279
      vertex -53.4511 13.3888 211.279
      vertex -116.978 35.4848 19.4532
    endloop
  endfacet
  facet normal 0.819388 -0.226703 -0.526507
    outer loop
      vertex -119.618 36.2856 15
      vertex -118.578 29.7022 19.4532
      vertex -121.254 30.3725 15
    endloop
  endfacet
  facet normal 0.819375 -0.226715 -0.526521
    outer loop
      vertex -116.978 35.4848 19.4532
      vertex -118.578 29.7022 19.4532
      vertex -119.618 36.2856 15
    endloop
  endfacet
  facet normal -0.909699 0.251742 0.330262
    outer loop
      vertex -53.3517 13.3639 215
      vertex -52.6317 15.9657 215
      vertex -121.254 30.3725 15
    endloop
  endfacet
  facet normal -0.909712 0.251694 0.330263
    outer loop
      vertex -52.6317 15.9657 215
      vertex -119.618 36.2856 15
      vertex -121.254 30.3725 15
    endloop
  endfacet
  facet normal 0.949167 -0.313568 -0.0275265
    outer loop
      vertex -51.8814 18.5635 211.279
      vertex -52.6317 15.9657 215
      vertex -52.7298 15.9954 211.279
    endloop
  endfacet
  facet normal 0.949165 -0.313574 -0.0275313
    outer loop
      vertex -51.8814 18.5635 211.279
      vertex -51.7849 18.5289 215
      vertex -52.6317 15.9657 215
    endloop
  endfacet
  facet normal 0.896253 -0.296071 -0.330262
    outer loop
      vertex -115.096 41.1819 19.4532
      vertex -52.7298 15.9954 211.279
      vertex -116.978 35.4848 19.4532
    endloop
  endfacet
  facet normal 0.896248 -0.296085 -0.330263
    outer loop
      vertex -51.8814 18.5635 211.279
      vertex -52.7298 15.9954 211.279
      vertex -115.096 41.1819 19.4532
    endloop
  endfacet
  facet normal 0.807233 -0.266741 -0.526521
    outer loop
      vertex -117.693 42.1112 15
      vertex -116.978 35.4848 19.4532
      vertex -119.618 36.2856 15
    endloop
  endfacet
  facet normal 0.807298 -0.266686 -0.526449
    outer loop
      vertex -115.096 41.1819 19.4532
      vertex -116.978 35.4848 19.4532
      vertex -117.693 42.1112 15
    endloop
  endfacet
  facet normal -0.896246 0.296091 0.330264
    outer loop
      vertex -52.6317 15.9657 215
      vertex -51.7849 18.5289 215
      vertex -119.618 36.2856 15
    endloop
  endfacet
  facet normal -0.896227 0.296148 0.330262
    outer loop
      vertex -51.7849 18.5289 215
      vertex -117.693 42.1112 15
      vertex -119.618 36.2856 15
    endloop
  endfacet
  facet normal 0.932632 -0.359777 -0.0275322
    outer loop
      vertex -50.908 21.0868 211.279
      vertex -51.7849 18.5289 215
      vertex -51.8814 18.5635 211.279
    endloop
  endfacet
  facet normal 0.932649 -0.359736 -0.0275007
    outer loop
      vertex -50.908 21.0868 211.279
      vertex -50.8134 21.0476 215
      vertex -51.7849 18.5289 215
    endloop
  endfacet
  facet normal 0.880605 -0.339796 -0.330262
    outer loop
      vertex -112.936 46.7797 19.4532
      vertex -51.8814 18.5635 211.279
      vertex -115.096 41.1819 19.4532
    endloop
  endfacet
  facet normal 0.880636 -0.339718 -0.33026
    outer loop
      vertex -50.908 21.0868 211.279
      vertex -51.8814 18.5635 211.279
      vertex -112.936 46.7797 19.4532
    endloop
  endfacet
  facet normal 0.793239 -0.305977 -0.52645
    outer loop
      vertex -115.485 47.8354 15
      vertex -115.096 41.1819 19.4532
      vertex -117.693 42.1112 15
    endloop
  endfacet
  facet normal 0.793146 -0.306048 -0.526548
    outer loop
      vertex -112.936 46.7797 19.4532
      vertex -115.096 41.1819 19.4532
      vertex -115.485 47.8354 15
    endloop
  endfacet
  facet normal -0.88065 0.33968 0.330262
    outer loop
      vertex -51.7849 18.5289 215
      vertex -50.8134 21.0476 215
      vertex -117.693 42.1112 15
    endloop
  endfacet
  facet normal -0.880645 0.339692 0.330262
    outer loop
      vertex -50.8134 21.0476 215
      vertex -115.485 47.8354 15
      vertex -117.693 42.1112 15
    endloop
  endfacet
  facet normal 0.913862 -0.405093 -0.0275009
    outer loop
      vertex -49.812 23.5593 211.279
      vertex -50.8134 21.0476 215
      vertex -50.908 21.0868 211.279
    endloop
  endfacet
  facet normal 0.913856 -0.405105 -0.0275105
    outer loop
      vertex -49.812 23.5593 211.279
      vertex -49.7194 23.5155 215
      vertex -50.8134 21.0476 215
    endloop
  endfacet
  facet normal 0.862938 -0.382448 -0.330261
    outer loop
      vertex -110.505 52.2649 19.4532
      vertex -50.908 21.0868 211.279
      vertex -112.936 46.7797 19.4532
    endloop
  endfacet
  facet normal 0.862911 -0.382508 -0.330262
    outer loop
      vertex -49.812 23.5593 211.279
      vertex -50.908 21.0868 211.279
      vertex -110.505 52.2649 19.4532
    endloop
  endfacet
  facet normal 0.777227 -0.34448 -0.526547
    outer loop
      vertex -112.999 53.4444 15
      vertex -112.936 46.7797 19.4532
      vertex -115.485 47.8354 15
    endloop
  endfacet
  facet normal 0.777243 -0.344468 -0.52653
    outer loop
      vertex -110.505 52.2649 19.4532
      vertex -112.936 46.7797 19.4532
      vertex -112.999 53.4444 15
    endloop
  endfacet
  facet normal -0.862906 0.382519 0.330262
    outer loop
      vertex -50.8134 21.0476 215
      vertex -49.7194 23.5155 215
      vertex -115.485 47.8354 15
    endloop
  endfacet
  facet normal -0.86293 0.382464 0.330263
    outer loop
      vertex -49.7194 23.5155 215
      vertex -112.999 53.4444 15
      vertex -115.485 47.8354 15
    endloop
  endfacet
  facet normal 0.892888 -0.449438 -0.0275106
    outer loop
      vertex -48.596 25.9751 211.279
      vertex -49.7194 23.5155 215
      vertex -49.812 23.5593 211.279
    endloop
  endfacet
  facet normal 0.892893 -0.449428 -0.0275022
    outer loop
      vertex -48.596 25.9751 211.279
      vertex -48.5057 25.9268 215
      vertex -49.7194 23.5155 215
    endloop
  endfacet
  facet normal 0.843083 -0.424428 -0.330261
    outer loop
      vertex -107.807 57.6242 19.4532
      vertex -49.812 23.5593 211.279
      vertex -110.505 52.2649 19.4532
    endloop
  endfacet
  facet normal 0.843107 -0.42438 -0.33026
    outer loop
      vertex -48.596 25.9751 211.279
      vertex -49.812 23.5593 211.279
      vertex -107.807 57.6242 19.4532
    endloop
  endfacet
  facet normal 0.759353 -0.382295 -0.52653
    outer loop
      vertex -110.24 58.9246 15
      vertex -110.505 52.2649 19.4532
      vertex -112.999 53.4444 15
    endloop
  endfacet
  facet normal 0.75937 -0.382285 -0.526513
    outer loop
      vertex -110.24 58.9246 15
      vertex -107.807 57.6242 19.4532
      vertex -110.505 52.2649 19.4532
    endloop
  endfacet
  facet normal -0.843111 0.42437 0.330263
    outer loop
      vertex -49.7194 23.5155 215
      vertex -48.5057 25.9268 215
      vertex -112.999 53.4444 15
    endloop
  endfacet
  facet normal -0.843074 0.424445 0.330262
    outer loop
      vertex -48.5057 25.9268 215
      vertex -110.24 58.9246 15
      vertex -112.999 53.4444 15
    endloop
  endfacet
  facet normal 0.869769 -0.492692 -0.0275026
    outer loop
      vertex -47.263 28.3283 211.279
      vertex -48.5057 25.9268 215
      vertex -48.596 25.9751 211.279
    endloop
  endfacet
  facet normal 0.869763 -0.492702 -0.027511
    outer loop
      vertex -47.263 28.3283 211.279
      vertex -47.1751 28.2757 215
      vertex -48.5057 25.9268 215
    endloop
  endfacet
  facet normal 0.821288 -0.465203 -0.330261
    outer loop
      vertex -104.85 62.8446 19.4532
      vertex -48.596 25.9751 211.279
      vertex -107.807 57.6242 19.4532
    endloop
  endfacet
  facet normal 0.821277 -0.465223 -0.330261
    outer loop
      vertex -47.263 28.3283 211.279
      vertex -48.596 25.9751 211.279
      vertex -104.85 62.8446 19.4532
    endloop
  endfacet
  facet normal 0.739723 -0.41904 -0.526513
    outer loop
      vertex -107.216 64.2628 15
      vertex -107.807 57.6242 19.4532
      vertex -110.24 58.9246 15
    endloop
  endfacet
  facet normal 0.739757 -0.419022 -0.52648
    outer loop
      vertex -107.216 64.2628 15
      vertex -104.85 62.8446 19.4532
      vertex -107.807 57.6242 19.4532
    endloop
  endfacet
  facet normal -0.821271 0.465232 0.330261
    outer loop
      vertex -48.5057 25.9268 215
      vertex -47.1751 28.2757 215
      vertex -110.24 58.9246 15
    endloop
  endfacet
  facet normal -0.82127 0.465235 0.330261
    outer loop
      vertex -47.1751 28.2757 215
      vertex -107.216 64.2628 15
      vertex -110.24 58.9246 15
    endloop
  endfacet
  facet normal 0.844527 -0.534806 -0.02751
    outer loop
      vertex -45.816 30.6133 211.279
      vertex -47.1751 28.2757 215
      vertex -47.263 28.3283 211.279
    endloop
  endfacet
  facet normal 0.844523 -0.534812 -0.0275152
    outer loop
      vertex -45.816 30.6133 211.279
      vertex -45.7308 30.5564 215
      vertex -47.1751 28.2757 215
    endloop
  endfacet
  facet normal 0.797446 -0.504982 -0.330261
    outer loop
      vertex -101.64 67.9137 19.4532
      vertex -47.263 28.3283 211.279
      vertex -104.85 62.8446 19.4532
    endloop
  endfacet
  facet normal 0.797442 -0.504989 -0.330262
    outer loop
      vertex -45.816 30.6133 211.279
      vertex -47.263 28.3283 211.279
      vertex -101.64 67.9137 19.4532
    endloop
  endfacet
  facet normal 0.718309 -0.454807 -0.526481
    outer loop
      vertex -103.934 69.4463 15
      vertex -104.85 62.8446 19.4532
      vertex -107.216 64.2628 15
    endloop
  endfacet
  facet normal 0.718255 -0.454834 -0.526532
    outer loop
      vertex -103.934 69.4463 15
      vertex -101.64 67.9137 19.4532
      vertex -104.85 62.8446 19.4532
    endloop
  endfacet
  facet normal -0.797439 0.504994 0.330261
    outer loop
      vertex -47.1751 28.2757 215
      vertex -45.7308 30.5564 215
      vertex -107.216 64.2628 15
    endloop
  endfacet
  facet normal -0.797477 0.504933 0.330262
    outer loop
      vertex -45.7308 30.5564 215
      vertex -103.934 69.4463 15
      vertex -107.216 64.2628 15
    endloop
  endfacet
  facet normal 0.817276 -0.57559 -0.0275149
    outer loop
      vertex -44.2587 32.8245 211.279
      vertex -45.7308 30.5564 215
      vertex -45.816 30.6133 211.279
    endloop
  endfacet
  facet normal 0.817278 -0.575586 -0.0275122
    outer loop
      vertex -44.2587 32.8245 211.279
      vertex -44.1764 32.7635 215
      vertex -45.7308 30.5564 215
    endloop
  endfacet
  facet normal 0.771708 -0.543502 -0.330261
    outer loop
      vertex -98.1852 72.8191 19.4532
      vertex -45.816 30.6133 211.279
      vertex -101.64 67.9137 19.4532
    endloop
  endfacet
  facet normal 0.77171 -0.543499 -0.330261
    outer loop
      vertex -44.2587 32.8245 211.279
      vertex -45.816 30.6133 211.279
      vertex -98.1852 72.8191 19.4532
    endloop
  endfacet
  facet normal 0.695057 -0.489551 -0.526531
    outer loop
      vertex -100.401 74.4624 15
      vertex -101.64 67.9137 19.4532
      vertex -103.934 69.4463 15
    endloop
  endfacet
  facet normal 0.695086 -0.489539 -0.526505
    outer loop
      vertex -100.401 74.4624 15
      vertex -98.1852 72.8191 19.4532
      vertex -101.64 67.9137 19.4532
    endloop
  endfacet
  facet normal -0.771712 0.543495 0.330263
    outer loop
      vertex -45.7308 30.5564 215
      vertex -44.1764 32.7635 215
      vertex -103.934 69.4463 15
    endloop
  endfacet
  facet normal -0.77169 0.543526 0.330262
    outer loop
      vertex -44.1764 32.7635 215
      vertex -100.401 74.4624 15
      vertex -103.934 69.4463 15
    endloop
  endfacet
  facet normal 0.788049 -0.614997 -0.0275118
    outer loop
      vertex -42.5948 34.9566 211.279
      vertex -44.1764 32.7635 215
      vertex -44.2587 32.8245 211.279
    endloop
  endfacet
  facet normal 0.788045 -0.615002 -0.0275163
    outer loop
      vertex -42.5948 34.9566 211.279
      vertex -42.5156 34.8916 215
      vertex -44.1764 32.7635 215
    endloop
  endfacet
  facet normal 0.744114 -0.580708 -0.330261
    outer loop
      vertex -94.4939 77.5491 19.4532
      vertex -44.2587 32.8245 211.279
      vertex -98.1852 72.8191 19.4532
    endloop
  endfacet
  facet normal 0.744113 -0.580709 -0.330261
    outer loop
      vertex -42.5948 34.9566 211.279
      vertex -44.2587 32.8245 211.279
      vertex -94.4939 77.5491 19.4532
    endloop
  endfacet
  facet normal 0.670229 -0.523055 -0.526504
    outer loop
      vertex -96.6263 79.2992 15
      vertex -98.1852 72.8191 19.4532
      vertex -100.401 74.4624 15
    endloop
  endfacet
  facet normal 0.670235 -0.523053 -0.526499
    outer loop
      vertex -96.6263 79.2992 15
      vertex -94.4939 77.5491 19.4532
      vertex -98.1852 72.8191 19.4532
    endloop
  endfacet
  facet normal -0.744109 0.580714 0.330262
    outer loop
      vertex -44.1764 32.7635 215
      vertex -42.5156 34.8916 215
      vertex -100.401 74.4624 15
    endloop
  endfacet
  facet normal -0.74411 0.580713 0.330262
    outer loop
      vertex -42.5156 34.8916 215
      vertex -96.6263 79.2992 15
      vertex -100.401 74.4624 15
    endloop
  endfacet
  facet normal 0.756925 -0.652922 -0.0275164
    outer loop
      vertex -40.8282 37.0046 211.279
      vertex -42.5156 34.8916 215
      vertex -42.5948 34.9566 211.279
    endloop
  endfacet
  facet normal 0.756913 -0.652935 -0.0275294
    outer loop
      vertex -40.8282 37.0046 211.279
      vertex -40.7523 36.9357 215
      vertex -42.5156 34.8916 215
    endloop
  endfacet
  facet normal 0.714721 -0.616524 -0.330261
    outer loop
      vertex -90.5749 82.0923 19.4532
      vertex -42.5948 34.9566 211.279
      vertex -94.4939 77.5491 19.4532
    endloop
  endfacet
  facet normal 0.714724 -0.61652 -0.330261
    outer loop
      vertex -40.8282 37.0046 211.279
      vertex -42.5948 34.9566 211.279
      vertex -90.5749 82.0923 19.4532
    endloop
  endfacet
  facet normal 0.643761 -0.555311 -0.526499
    outer loop
      vertex -92.6189 83.9449 15
      vertex -94.4939 77.5491 19.4532
      vertex -96.6263 79.2992 15
    endloop
  endfacet
  facet normal 0.643759 -0.555312 -0.526501
    outer loop
      vertex -92.6189 83.9449 15
      vertex -90.5749 82.0923 19.4532
      vertex -94.4939 77.5491 19.4532
    endloop
  endfacet
  facet normal -0.714713 0.616532 0.330262
    outer loop
      vertex -42.5156 34.8916 215
      vertex -40.7523 36.9357 215
      vertex -96.6263 79.2992 15
    endloop
  endfacet
  facet normal -0.714722 0.616522 0.330262
    outer loop
      vertex -40.7523 36.9357 215
      vertex -92.6189 83.9449 15
      vertex -96.6263 79.2992 15
    endloop
  endfacet
  facet normal 0.723961 -0.689291 -0.0275305
    outer loop
      vertex -38.9633 38.9633 211.279
      vertex -40.7523 36.9357 215
      vertex -40.8282 37.0046 211.279
    endloop
  endfacet
  facet normal 0.723993 -0.689259 -0.0274978
    outer loop
      vertex -38.9633 38.9633 211.279
      vertex -38.8909 38.8909 215
      vertex -40.7523 36.9357 215
    endloop
  endfacet
  facet normal 0.683606 -0.650853 -0.330261
    outer loop
      vertex -86.4377 86.4377 19.4532
      vertex -40.8282 37.0046 211.279
      vertex -90.5749 82.0923 19.4532
    endloop
  endfacet
  facet normal 0.683598 -0.650862 -0.330262
    outer loop
      vertex -38.9633 38.9633 211.279
      vertex -40.8282 37.0046 211.279
      vertex -86.4377 86.4377 19.4532
    endloop
  endfacet
  facet normal 0.615741 -0.586225 -0.526501
    outer loop
      vertex -88.3884 88.3884 15
      vertex -90.5749 82.0923 19.4532
      vertex -92.6189 83.9449 15
    endloop
  endfacet
  facet normal 0.615729 -0.586228 -0.526511
    outer loop
      vertex -88.3884 88.3884 15
      vertex -86.4377 86.4377 19.4532
      vertex -90.5749 82.0923 19.4532
    endloop
  endfacet
  facet normal -0.683627 0.650831 0.330262
    outer loop
      vertex -40.7523 36.9357 215
      vertex -38.8909 38.8909 215
      vertex -92.6189 83.9449 15
    endloop
  endfacet
  facet normal -0.683614 0.650845 0.330262
    outer loop
      vertex -38.8909 38.8909 215
      vertex -88.3884 88.3884 15
      vertex -92.6189 83.9449 15
    endloop
  endfacet
  facet normal 0.689292 -0.723962 -0.0274979
    outer loop
      vertex -37.0046 40.8282 211.279
      vertex -38.8909 38.8909 215
      vertex -38.9633 38.9633 211.279
    endloop
  endfacet
  facet normal 0.689259 -0.723992 -0.0275305
    outer loop
      vertex -37.0046 40.8282 211.279
      vertex -36.9357 40.7523 215
      vertex -38.8909 38.8909 215
    endloop
  endfacet
  facet normal 0.650853 -0.683606 -0.330261
    outer loop
      vertex -82.0923 90.5749 19.4532
      vertex -38.9633 38.9633 211.279
      vertex -86.4377 86.4377 19.4532
    endloop
  endfacet
  facet normal 0.650862 -0.683598 -0.330261
    outer loop
      vertex -37.0046 40.8282 211.279
      vertex -38.9633 38.9633 211.279
      vertex -82.0923 90.5749 19.4532
    endloop
  endfacet
  facet normal 0.586221 -0.615736 -0.526511
    outer loop
      vertex -83.9449 92.6189 15
      vertex -86.4377 86.4377 19.4532
      vertex -88.3884 88.3884 15
    endloop
  endfacet
  facet normal 0.586232 -0.615734 -0.526501
    outer loop
      vertex -83.9449 92.6189 15
      vertex -82.0923 90.5749 19.4532
      vertex -86.4377 86.4377 19.4532
    endloop
  endfacet
  facet normal -0.650831 0.683628 0.330262
    outer loop
      vertex -38.8909 38.8909 215
      vertex -36.9357 40.7523 215
      vertex -88.3884 88.3884 15
    endloop
  endfacet
  facet normal -0.650845 0.683614 0.330262
    outer loop
      vertex -36.9357 40.7523 215
      vertex -83.9449 92.6189 15
      vertex -88.3884 88.3884 15
    endloop
  endfacet
  facet normal 0.652922 -0.756925 -0.0275294
    outer loop
      vertex -34.9566 42.5948 211.279
      vertex -36.9357 40.7523 215
      vertex -37.0046 40.8282 211.279
    endloop
  endfacet
  facet normal 0.652936 -0.756913 -0.0275164
    outer loop
      vertex -34.9566 42.5948 211.279
      vertex -34.8916 42.5156 215
      vertex -36.9357 40.7523 215
    endloop
  endfacet
  facet normal 0.616524 -0.714721 -0.330261
    outer loop
      vertex -77.5491 94.4939 19.4532
      vertex -37.0046 40.8282 211.279
      vertex -82.0923 90.5749 19.4532
    endloop
  endfacet
  facet normal 0.61652 -0.714724 -0.330261
    outer loop
      vertex -34.9566 42.5948 211.279
      vertex -37.0046 40.8282 211.279
      vertex -77.5491 94.4939 19.4532
    endloop
  endfacet
  facet normal 0.55531 -0.64376 -0.526501
    outer loop
      vertex -79.2992 96.6263 15
      vertex -82.0923 90.5749 19.4532
      vertex -83.9449 92.6189 15
    endloop
  endfacet
  facet normal 0.555312 -0.64376 -0.526499
    outer loop
      vertex -79.2992 96.6263 15
      vertex -77.5491 94.4939 19.4532
      vertex -82.0923 90.5749 19.4532
    endloop
  endfacet
  facet normal -0.616532 0.714713 0.330262
    outer loop
      vertex -36.9357 40.7523 215
      vertex -34.8916 42.5156 215
      vertex -83.9449 92.6189 15
    endloop
  endfacet
  facet normal -0.616522 0.714722 0.330262
    outer loop
      vertex -34.8916 42.5156 215
      vertex -79.2992 96.6263 15
      vertex -83.9449 92.6189 15
    endloop
  endfacet
  facet normal 0.614997 -0.788049 -0.0275163
    outer loop
      vertex -32.8245 44.2587 211.279
      vertex -34.8916 42.5156 215
      vertex -34.9566 42.5948 211.279
    endloop
  endfacet
  facet normal 0.615002 -0.788045 -0.0275118
    outer loop
      vertex -32.8245 44.2587 211.279
      vertex -32.7635 44.1764 215
      vertex -34.8916 42.5156 215
    endloop
  endfacet
  facet normal 0.580708 -0.744114 -0.330261
    outer loop
      vertex -72.8191 98.1852 19.4532
      vertex -34.9566 42.5948 211.279
      vertex -77.5491 94.4939 19.4532
    endloop
  endfacet
  facet normal 0.580709 -0.744113 -0.330261
    outer loop
      vertex -32.8245 44.2587 211.279
      vertex -34.9566 42.5948 211.279
      vertex -72.8191 98.1852 19.4532
    endloop
  endfacet
  facet normal 0.523057 -0.670232 -0.526499
    outer loop
      vertex -74.4624 100.401 15
      vertex -77.5491 94.4939 19.4532
      vertex -79.2992 96.6263 15
    endloop
  endfacet
  facet normal 0.52305 -0.670232 -0.526504
    outer loop
      vertex -74.4624 100.401 15
      vertex -72.8191 98.1852 19.4532
      vertex -77.5491 94.4939 19.4532
    endloop
  endfacet
  facet normal -0.580714 0.744109 0.330262
    outer loop
      vertex -34.8916 42.5156 215
      vertex -32.7635 44.1764 215
      vertex -79.2992 96.6263 15
    endloop
  endfacet
  facet normal -0.580713 0.74411 0.330262
    outer loop
      vertex -32.7635 44.1764 215
      vertex -74.4624 100.401 15
      vertex -79.2992 96.6263 15
    endloop
  endfacet
  facet normal 0.57559 -0.817276 -0.0275122
    outer loop
      vertex -30.6133 45.816 211.279
      vertex -32.7635 44.1764 215
      vertex -32.8245 44.2587 211.279
    endloop
  endfacet
  facet normal 0.575586 -0.817278 -0.0275149
    outer loop
      vertex -30.6133 45.816 211.279
      vertex -30.5564 45.7308 215
      vertex -32.7635 44.1764 215
    endloop
  endfacet
  facet normal 0.543502 -0.771708 -0.330261
    outer loop
      vertex -67.9137 101.64 19.4532
      vertex -32.8245 44.2587 211.279
      vertex -72.8191 98.1852 19.4532
    endloop
  endfacet
  facet normal 0.543499 -0.77171 -0.330261
    outer loop
      vertex -30.6133 45.816 211.279
      vertex -32.8245 44.2587 211.279
      vertex -67.9137 101.64 19.4532
    endloop
  endfacet
  facet normal 0.48956 -0.695071 -0.526505
    outer loop
      vertex -69.4463 103.934 15
      vertex -72.8191 98.1852 19.4532
      vertex -74.4624 100.401 15
    endloop
  endfacet
  facet normal 0.489529 -0.695073 -0.526531
    outer loop
      vertex -69.4463 103.934 15
      vertex -67.9137 101.64 19.4532
      vertex -72.8191 98.1852 19.4532
    endloop
  endfacet
  facet normal -0.543496 0.771712 0.330262
    outer loop
      vertex -32.7635 44.1764 215
      vertex -30.5564 45.7308 215
      vertex -74.4624 100.401 15
    endloop
  endfacet
  facet normal -0.543526 0.77169 0.330263
    outer loop
      vertex -30.5564 45.7308 215
      vertex -69.4463 103.934 15
      vertex -74.4624 100.401 15
    endloop
  endfacet
  facet normal 0.534806 -0.844527 -0.0275152
    outer loop
      vertex -28.3283 47.263 211.279
      vertex -30.5564 45.7308 215
      vertex -30.6133 45.816 211.279
    endloop
  endfacet
  facet normal 0.534812 -0.844523 -0.02751
    outer loop
      vertex -28.3283 47.263 211.279
      vertex -28.2757 47.1751 215
      vertex -30.5564 45.7308 215
    endloop
  endfacet
  facet normal 0.504982 -0.797446 -0.330261
    outer loop
      vertex -62.8446 104.85 19.4532
      vertex -30.6133 45.816 211.279
      vertex -67.9137 101.64 19.4532
    endloop
  endfacet
  facet normal 0.504989 -0.797442 -0.330261
    outer loop
      vertex -28.3283 47.263 211.279
      vertex -30.6133 45.816 211.279
      vertex -62.8446 104.85 19.4532
    endloop
  endfacet
  facet normal 0.45479 -0.718283 -0.526532
    outer loop
      vertex -64.2628 107.216 15
      vertex -67.9137 101.64 19.4532
      vertex -69.4463 103.934 15
    endloop
  endfacet
  facet normal 0.454851 -0.718282 -0.526481
    outer loop
      vertex -64.2628 107.216 15
      vertex -62.8446 104.85 19.4532
      vertex -67.9137 101.64 19.4532
    endloop
  endfacet
  facet normal -0.504994 0.797438 0.330263
    outer loop
      vertex -30.5564 45.7308 215
      vertex -28.2757 47.1751 215
      vertex -69.4463 103.934 15
    endloop
  endfacet
  facet normal -0.504933 0.797477 0.330262
    outer loop
      vertex -28.2757 47.1751 215
      vertex -64.2628 107.216 15
      vertex -69.4463 103.934 15
    endloop
  endfacet
  facet normal 0.492692 -0.869769 -0.027511
    outer loop
      vertex -25.9751 48.596 211.279
      vertex -28.2757 47.1751 215
      vertex -28.3283 47.263 211.279
    endloop
  endfacet
  facet normal 0.492702 -0.869763 -0.0275026
    outer loop
      vertex -25.9751 48.596 211.279
      vertex -25.9268 48.5057 215
      vertex -28.2757 47.1751 215
    endloop
  endfacet
  facet normal 0.465203 -0.821288 -0.330261
    outer loop
      vertex -57.6242 107.807 19.4532
      vertex -28.3283 47.263 211.279
      vertex -62.8446 104.85 19.4532
    endloop
  endfacet
  facet normal 0.465223 -0.821277 -0.330261
    outer loop
      vertex -25.9751 48.596 211.279
      vertex -28.3283 47.263 211.279
      vertex -57.6242 107.807 19.4532
    endloop
  endfacet
  facet normal 0.41905 -0.73974 -0.52648
    outer loop
      vertex -58.9246 110.24 15
      vertex -62.8446 104.85 19.4532
      vertex -64.2628 107.216 15
    endloop
  endfacet
  facet normal 0.419012 -0.739739 -0.526513
    outer loop
      vertex -58.9246 110.24 15
      vertex -57.6242 107.807 19.4532
      vertex -62.8446 104.85 19.4532
    endloop
  endfacet
  facet normal -0.465232 0.821271 0.330261
    outer loop
      vertex -28.2757 47.1751 215
      vertex -25.9268 48.5057 215
      vertex -64.2628 107.216 15
    endloop
  endfacet
  facet normal -0.465235 0.82127 0.330261
    outer loop
      vertex -25.9268 48.5057 215
      vertex -58.9246 110.24 15
      vertex -64.2628 107.216 15
    endloop
  endfacet
  facet normal 0.449438 -0.892888 -0.0275022
    outer loop
      vertex -23.5593 49.812 211.279
      vertex -25.9268 48.5057 215
      vertex -25.9751 48.596 211.279
    endloop
  endfacet
  facet normal 0.449427 -0.892893 -0.0275106
    outer loop
      vertex -23.5593 49.812 211.279
      vertex -23.5155 49.7194 215
      vertex -25.9268 48.5057 215
    endloop
  endfacet
  facet normal 0.424428 -0.843083 -0.330261
    outer loop
      vertex -52.2649 110.505 19.4532
      vertex -25.9751 48.596 211.279
      vertex -57.6242 107.807 19.4532
    endloop
  endfacet
  facet normal 0.42438 -0.843107 -0.330262
    outer loop
      vertex -23.5593 49.812 211.279
      vertex -25.9751 48.596 211.279
      vertex -52.2649 110.505 19.4532
    endloop
  endfacet
  facet normal 0.3823 -0.759362 -0.526514
    outer loop
      vertex -53.4444 112.999 15
      vertex -57.6242 107.807 19.4532
      vertex -58.9246 110.24 15
    endloop
  endfacet
  facet normal 0.38228 -0.75936 -0.52653
    outer loop
      vertex -53.4444 112.999 15
      vertex -52.2649 110.505 19.4532
      vertex -57.6242 107.807 19.4532
    endloop
  endfacet
  facet normal -0.424371 0.843112 0.330261
    outer loop
      vertex -25.9268 48.5057 215
      vertex -23.5155 49.7194 215
      vertex -58.9246 110.24 15
    endloop
  endfacet
  facet normal -0.424444 0.843074 0.330263
    outer loop
      vertex -23.5155 49.7194 215
      vertex -53.4444 112.999 15
      vertex -58.9246 110.24 15
    endloop
  endfacet
  facet normal 0.405093 -0.913862 -0.0275105
    outer loop
      vertex -21.0868 50.908 211.279
      vertex -23.5155 49.7194 215
      vertex -23.5593 49.812 211.279
    endloop
  endfacet
  facet normal 0.405105 -0.913856 -0.0275009
    outer loop
      vertex -21.0868 50.908 211.279
      vertex -21.0476 50.8134 215
      vertex -23.5155 49.7194 215
    endloop
  endfacet
  facet normal 0.382448 -0.862938 -0.330261
    outer loop
      vertex -46.7797 112.936 19.4532
      vertex -23.5593 49.812 211.279
      vertex -52.2649 110.505 19.4532
    endloop
  endfacet
  facet normal 0.382508 -0.862911 -0.33026
    outer loop
      vertex -21.0868 50.908 211.279
      vertex -23.5593 49.812 211.279
      vertex -46.7797 112.936 19.4532
    endloop
  endfacet
  facet normal 0.344484 -0.777236 -0.526531
    outer loop
      vertex -47.8354 115.485 15
      vertex -52.2649 110.505 19.4532
      vertex -53.4444 112.999 15
    endloop
  endfacet
  facet normal 0.344464 -0.777234 -0.526547
    outer loop
      vertex -47.8354 115.485 15
      vertex -46.7797 112.936 19.4532
      vertex -52.2649 110.505 19.4532
    endloop
  endfacet
  facet normal -0.382519 0.862905 0.330263
    outer loop
      vertex -23.5155 49.7194 215
      vertex -21.0476 50.8134 215
      vertex -53.4444 112.999 15
    endloop
  endfacet
  facet normal -0.382465 0.86293 0.330262
    outer loop
      vertex -21.0476 50.8134 215
      vertex -47.8354 115.485 15
      vertex -53.4444 112.999 15
    endloop
  endfacet
  facet normal 0.359777 -0.932633 -0.0275008
    outer loop
      vertex -18.5635 51.8814 211.279
      vertex -21.0476 50.8134 215
      vertex -21.0868 50.908 211.279
    endloop
  endfacet
  facet normal 0.359736 -0.932648 -0.0275322
    outer loop
      vertex -18.5635 51.8814 211.279
      vertex -18.5289 51.7849 215
      vertex -21.0476 50.8134 215
    endloop
  endfacet
  facet normal 0.339796 -0.880606 -0.330261
    outer loop
      vertex -41.1819 115.096 19.4532
      vertex -21.0868 50.908 211.279
      vertex -46.7797 112.936 19.4532
    endloop
  endfacet
  facet normal 0.339718 -0.880635 -0.330263
    outer loop
      vertex -18.5635 51.8814 211.279
      vertex -21.0868 50.908 211.279
      vertex -41.1819 115.096 19.4532
    endloop
  endfacet
  facet normal 0.305955 -0.793183 -0.526547
    outer loop
      vertex -42.1112 117.693 15
      vertex -46.7797 112.936 19.4532
      vertex -47.8354 115.485 15
    endloop
  endfacet
  facet normal 0.30607 -0.793204 -0.526449
    outer loop
      vertex -42.1112 117.693 15
      vertex -41.1819 115.096 19.4532
      vertex -46.7797 112.936 19.4532
    endloop
  endfacet
  facet normal -0.33968 0.88065 0.330262
    outer loop
      vertex -21.0476 50.8134 215
      vertex -18.5289 51.7849 215
      vertex -47.8354 115.485 15
    endloop
  endfacet
  facet normal -0.339692 0.880645 0.330262
    outer loop
      vertex -18.5289 51.7849 215
      vertex -42.1112 117.693 15
      vertex -47.8354 115.485 15
    endloop
  endfacet
  facet normal 0.313568 -0.949167 -0.0275313
    outer loop
      vertex -15.9954 52.7298 211.279
      vertex -18.5289 51.7849 215
      vertex -18.5635 51.8814 211.279
    endloop
  endfacet
  facet normal 0.313574 -0.949165 -0.0275265
    outer loop
      vertex -15.9954 52.7298 211.279
      vertex -15.9657 52.6317 215
      vertex -18.5289 51.7849 215
    endloop
  endfacet
  facet normal 0.296071 -0.896252 -0.330263
    outer loop
      vertex -35.4848 116.978 19.4532
      vertex -18.5635 51.8814 211.279
      vertex -41.1819 115.096 19.4532
    endloop
  endfacet
  facet normal 0.296085 -0.896248 -0.330262
    outer loop
      vertex -15.9954 52.7298 211.279
      vertex -18.5635 51.8814 211.279
      vertex -35.4848 116.978 19.4532
    endloop
  endfacet
  facet normal 0.266754 -0.807275 -0.52645
    outer loop
      vertex -36.2856 119.618 15
      vertex -41.1819 115.096 19.4532
      vertex -42.1112 117.693 15
    endloop
  endfacet
  facet normal 0.266672 -0.807256 -0.526521
    outer loop
      vertex -36.2856 119.618 15
      vertex -35.4848 116.978 19.4532
      vertex -41.1819 115.096 19.4532
    endloop
  endfacet
  facet normal -0.296091 0.896246 0.330262
    outer loop
      vertex -18.5289 51.7849 215
      vertex -15.9657 52.6317 215
      vertex -42.1112 117.693 15
    endloop
  endfacet
  facet normal -0.296148 0.896227 0.330263
    outer loop
      vertex -15.9657 52.6317 215
      vertex -36.2856 119.618 15
      vertex -42.1112 117.693 15
    endloop
  endfacet
  facet normal 0.266597 -0.963415 -0.0275273
    outer loop
      vertex -13.3888 53.4511 211.279
      vertex -15.9657 52.6317 215
      vertex -15.9954 52.7298 211.279
    endloop
  endfacet
  facet normal 0.266607 -0.963412 -0.0275199
    outer loop
      vertex -13.3888 53.4511 211.279
      vertex -13.3639 53.3517 215
      vertex -15.9657 52.6317 215
    endloop
  endfacet
  facet normal 0.251709 -0.909708 -0.330262
    outer loop
      vertex -29.7022 118.578 19.4532
      vertex -15.9954 52.7298 211.279
      vertex -35.4848 116.978 19.4532
    endloop
  endfacet
  facet normal 0.251733 -0.909702 -0.330262
    outer loop
      vertex -13.3888 53.4511 211.279
      vertex -15.9954 52.7298 211.279
      vertex -29.7022 118.578 19.4532
    endloop
  endfacet
  facet normal 0.226701 -0.819379 -0.526521
    outer loop
      vertex -30.3725 121.254 15
      vertex -35.4848 116.978 19.4532
      vertex -36.2856 119.618 15
    endloop
  endfacet
  facet normal 0.226717 -0.819384 -0.526507
    outer loop
      vertex -30.3725 121.254 15
      vertex -29.7022 118.578 19.4532
      vertex -35.4848 116.978 19.4532
    endloop
  endfacet
  facet normal -0.251742 0.909699 0.330264
    outer loop
      vertex -15.9657 52.6317 215
      vertex -13.3639 53.3517 215
      vertex -36.2856 119.618 15
    endloop
  endfacet
  facet normal -0.251694 0.909713 0.330263
    outer loop
      vertex -13.3639 53.3517 215
      vertex -30.3725 121.254 15
      vertex -36.2856 119.618 15
    endloop
  endfacet
  facet normal 0.219032 -0.97533 -0.0275199
    outer loop
      vertex -10.75 54.0437 211.279
      vertex -13.3639 53.3517 215
      vertex -13.3888 53.4511 211.279
    endloop
  endfacet
  facet normal 0.219032 -0.97533 -0.0275198
    outer loop
      vertex -10.75 54.0437 211.279
      vertex -10.73 53.9432 215
      vertex -13.3639 53.3517 215
    endloop
  endfacet
  facet normal 0.20687 -0.920941 -0.330262
    outer loop
      vertex -23.8481 119.893 19.4532
      vertex -13.3888 53.4511 211.279
      vertex -29.7022 118.578 19.4532
    endloop
  endfacet
  facet normal 0.20682 -0.920952 -0.330263
    outer loop
      vertex -10.75 54.0437 211.279
      vertex -13.3888 53.4511 211.279
      vertex -23.8481 119.893 19.4532
    endloop
  endfacet
  facet normal 0.186241 -0.829521 -0.526506
    outer loop
      vertex -24.3863 122.598 15
      vertex -29.7022 118.578 19.4532
      vertex -30.3725 121.254 15
    endloop
  endfacet
  facet normal 0.186342 -0.829556 -0.526416
    outer loop
      vertex -24.3863 122.598 15
      vertex -23.8481 119.893 19.4532
      vertex -29.7022 118.578 19.4532
    endloop
  endfacet
  facet normal -0.20682 0.920952 0.330262
    outer loop
      vertex -13.3639 53.3517 215
      vertex -10.73 53.9432 215
      vertex -30.3725 121.254 15
    endloop
  endfacet
  facet normal -0.206771 0.920963 0.330261
    outer loop
      vertex -10.73 53.9432 215
      vertex -24.3863 122.598 15
      vertex -30.3725 121.254 15
    endloop
  endfacet
  facet normal 0.170903 -0.984904 -0.0275197
    outer loop
      vertex -8.08521 54.5061 211.279
      vertex -10.73 53.9432 215
      vertex -10.75 54.0437 211.279
    endloop
  endfacet
  facet normal 0.170889 -0.984906 -0.0275297
    outer loop
      vertex -8.08521 54.5061 211.279
      vertex -8.07018 54.4047 215
      vertex -10.73 53.9432 215
    endloop
  endfacet
  facet normal 0.161253 -0.930013 -0.330262
    outer loop
      vertex -17.9365 120.918 19.4532
      vertex -10.75 54.0437 211.279
      vertex -23.8481 119.893 19.4532
    endloop
  endfacet
  facet normal 0.161374 -0.929993 -0.33026
    outer loop
      vertex -8.08521 54.5061 211.279
      vertex -10.75 54.0437 211.279
      vertex -17.9365 120.918 19.4532
    endloop
  endfacet
  facet normal 0.145369 -0.837708 -0.526416
    outer loop
      vertex -18.3413 123.647 15
      vertex -23.8481 119.893 19.4532
      vertex -24.3863 122.598 15
    endloop
  endfacet
  facet normal 0.14524 -0.837656 -0.526533
    outer loop
      vertex -18.3413 123.647 15
      vertex -17.9365 120.918 19.4532
      vertex -23.8481 119.893 19.4532
    endloop
  endfacet
  facet normal -0.161362 0.929995 0.330261
    outer loop
      vertex -10.73 53.9432 215
      vertex -8.07018 54.4047 215
      vertex -24.3863 122.598 15
    endloop
  endfacet
  facet normal -0.161383 0.929991 0.330261
    outer loop
      vertex -8.07018 54.4047 215
      vertex -18.3413 123.647 15
      vertex -24.3863 122.598 15
    endloop
  endfacet
  facet normal 0.12234 -0.992106 -0.0275298
    outer loop
      vertex -5.40099 54.8371 211.279
      vertex -8.07018 54.4047 215
      vertex -8.08521 54.5061 211.279
    endloop
  endfacet
  facet normal 0.122382 -0.992102 -0.0274994
    outer loop
      vertex -5.40099 54.8371 211.279
      vertex -5.39094 54.7352 215
      vertex -8.07018 54.4047 215
    endloop
  endfacet
  facet normal 0.115627 -0.936781 -0.33026
    outer loop
      vertex -11.9817 121.653 19.4532
      vertex -8.08521 54.5061 211.279
      vertex -17.9365 120.918 19.4532
    endloop
  endfacet
  facet normal 0.115519 -0.936793 -0.330263
    outer loop
      vertex -5.40099 54.8371 211.279
      vertex -8.08521 54.5061 211.279
      vertex -11.9817 121.653 19.4532
    endloop
  endfacet
  facet normal 0.104064 -0.843762 -0.526532
    outer loop
      vertex -12.2521 124.398 15
      vertex -17.9365 120.918 19.4532
      vertex -18.3413 123.647 15
    endloop
  endfacet
  facet normal 0.10415 -0.843801 -0.526452
    outer loop
      vertex -12.2521 124.398 15
      vertex -11.9817 121.653 19.4532
      vertex -17.9365 120.918 19.4532
    endloop
  endfacet
  facet normal -0.115558 0.936789 0.330262
    outer loop
      vertex -8.07018 54.4047 215
      vertex -5.39094 54.7352 215
      vertex -18.3413 123.647 15
    endloop
  endfacet
  facet normal -0.115537 0.936792 0.330261
    outer loop
      vertex -5.39094 54.7352 215
      vertex -12.2521 124.398 15
      vertex -18.3413 123.647 15
    endloop
  endfacet
  facet normal 0.0735513 -0.996912 -0.0274992
    outer loop
      vertex -2.70375 55.0361 211.279
      vertex -5.39094 54.7352 215
      vertex -5.40099 54.8371 211.279
    endloop
  endfacet
  facet normal 0.0735404 -0.996913 -0.0275071
    outer loop
      vertex -2.70375 55.0361 211.279
      vertex -2.69872 54.9338 215
      vertex -5.39094 54.7352 215
    endloop
  endfacet
  facet normal 0.0693778 -0.941336 -0.330262
    outer loop
      vertex -5.9981 122.094 19.4532
      vertex -5.40099 54.8371 211.279
      vertex -11.9817 121.653 19.4532
    endloop
  endfacet
  facet normal 0.0694506 -0.941331 -0.330261
    outer loop
      vertex -2.70375 55.0361 211.279
      vertex -5.40099 54.8371 211.279
      vertex -5.9981 122.094 19.4532
    endloop
  endfacet
  facet normal 0.0624984 -0.847904 -0.526452
    outer loop
      vertex -6.13346 124.849 15
      vertex -11.9817 121.653 19.4532
      vertex -12.2521 124.398 15
    endloop
  endfacet
  facet normal 0.0624915 -0.847901 -0.526459
    outer loop
      vertex -6.13346 124.849 15
      vertex -5.9981 122.094 19.4532
      vertex -11.9817 121.653 19.4532
    endloop
  endfacet
  facet normal -0.0694403 0.941332 0.330261
    outer loop
      vertex -5.39094 54.7352 215
      vertex -2.69872 54.9338 215
      vertex -12.2521 124.398 15
    endloop
  endfacet
  facet normal -0.0693851 0.941336 0.33026
    outer loop
      vertex -2.69872 54.9338 215
      vertex -6.13346 124.849 15
      vertex -12.2521 124.398 15
    endloop
  endfacet
  facet normal 0.0245418 -0.99932 -0.0275071
    outer loop
      vertex 0 55.1025 211.279
      vertex -2.69872 54.9338 215
      vertex -2.70375 55.0361 211.279
    endloop
  endfacet
  facet normal 0.0245135 -0.99932 -0.0275276
    outer loop
      vertex 0 55.1025 211.279
      vertex 0 55 215
      vertex -2.69872 54.9338 215
    endloop
  endfacet
  facet normal 0.0231257 -0.943607 -0.33026
    outer loop
      vertex 0 122.241 19.4532
      vertex -2.70375 55.0361 211.279
      vertex -5.9981 122.094 19.4532
    endloop
  endfacet
  facet normal 0.0231735 -0.943606 -0.330259
    outer loop
      vertex 0 122.241 19.4532
      vertex 0 55.1025 211.279
      vertex -2.70375 55.0361 211.279
    endloop
  endfacet
  facet normal 0.0209248 -0.849943 -0.526459
    outer loop
      vertex 0 125 15
      vertex -5.9981 122.094 19.4532
      vertex -6.13346 124.849 15
    endloop
  endfacet
  facet normal 0.0208288 -0.849888 -0.526552
    outer loop
      vertex 0 125 15
      vertex 0 122.241 19.4532
      vertex -5.9981 122.094 19.4532
    endloop
  endfacet
  facet normal -0.0231468 0.943606 0.33026
    outer loop
      vertex -2.69872 54.9338 215
      vertex 0 55 215
      vertex -6.13346 124.849 15
    endloop
  endfacet
  facet normal -0.0232306 0.943604 0.330261
    outer loop
      vertex 0 55 215
      vertex 0 125 15
      vertex -6.13346 124.849 15
    endloop
  endfacet
  facet normal -0.0245418 -0.99932 -0.0275276
    outer loop
      vertex 0 55.1025 211.279
      vertex 2.70375 55.0361 211.279
      vertex 0 55 215
    endloop
  endfacet
  facet normal -0.0245135 -0.999321 -0.0275071
    outer loop
      vertex 2.70375 55.0361 211.279
      vertex 2.69872 54.9338 215
      vertex 0 55 215
    endloop
  endfacet
  facet normal -0.0231257 -0.943607 -0.33026
    outer loop
      vertex 0 122.241 19.4532
      vertex 5.9981 122.094 19.4532
      vertex 0 55.1025 211.279
    endloop
  endfacet
  facet normal -0.0231735 -0.943605 -0.330261
    outer loop
      vertex 5.9981 122.094 19.4532
      vertex 2.70375 55.0361 211.279
      vertex 0 55.1025 211.279
    endloop
  endfacet
  facet normal -0.0209234 -0.849886 -0.526551
    outer loop
      vertex 0 125 15
      vertex 6.13346 124.849 15
      vertex 0 122.241 19.4532
    endloop
  endfacet
  facet normal -0.0208303 -0.849946 -0.526458
    outer loop
      vertex 6.13346 124.849 15
      vertex 5.9981 122.094 19.4532
      vertex 0 122.241 19.4532
    endloop
  endfacet
  facet normal 0.0231468 0.943605 0.330262
    outer loop
      vertex 2.69872 54.9338 215
      vertex 0 125 15
      vertex 0 55 215
    endloop
  endfacet
  facet normal 0.0232306 0.943604 0.33026
    outer loop
      vertex 2.69872 54.9338 215
      vertex 6.13346 124.849 15
      vertex 0 125 15
    endloop
  endfacet
  facet normal -0.0735513 -0.996912 -0.0275071
    outer loop
      vertex 2.70375 55.0361 211.279
      vertex 5.40099 54.8371 211.279
      vertex 2.69872 54.9338 215
    endloop
  endfacet
  facet normal -0.0735404 -0.996913 -0.0274992
    outer loop
      vertex 5.40099 54.8371 211.279
      vertex 5.39094 54.7352 215
      vertex 2.69872 54.9338 215
    endloop
  endfacet
  facet normal -0.0693779 -0.941336 -0.330261
    outer loop
      vertex 5.9981 122.094 19.4532
      vertex 11.9817 121.653 19.4532
      vertex 2.70375 55.0361 211.279
    endloop
  endfacet
  facet normal -0.0694505 -0.941331 -0.330263
    outer loop
      vertex 11.9817 121.653 19.4532
      vertex 5.40099 54.8371 211.279
      vertex 2.70375 55.0361 211.279
    endloop
  endfacet
  facet normal -0.0624981 -0.847901 -0.526459
    outer loop
      vertex 6.13346 124.849 15
      vertex 12.2521 124.398 15
      vertex 5.9981 122.094 19.4532
    endloop
  endfacet
  facet normal -0.0624918 -0.847905 -0.526452
    outer loop
      vertex 12.2521 124.398 15
      vertex 11.9817 121.653 19.4532
      vertex 5.9981 122.094 19.4532
    endloop
  endfacet
  facet normal 0.0694403 0.941332 0.33026
    outer loop
      vertex 5.39094 54.7352 215
      vertex 6.13346 124.849 15
      vertex 2.69872 54.9338 215
    endloop
  endfacet
  facet normal 0.0693851 0.941336 0.330261
    outer loop
      vertex 12.2521 124.398 15
      vertex 6.13346 124.849 15
      vertex 5.39094 54.7352 215
    endloop
  endfacet
  facet normal -0.12234 -0.992107 -0.0274994
    outer loop
      vertex 5.40099 54.8371 211.279
      vertex 8.08521 54.5061 211.279
      vertex 5.39094 54.7352 215
    endloop
  endfacet
  facet normal -0.122382 -0.992101 -0.0275298
    outer loop
      vertex 8.08521 54.5061 211.279
      vertex 8.07018 54.4047 215
      vertex 5.39094 54.7352 215
    endloop
  endfacet
  facet normal -0.115627 -0.93678 -0.330262
    outer loop
      vertex 11.9817 121.653 19.4532
      vertex 17.9365 120.918 19.4532
      vertex 5.40099 54.8371 211.279
    endloop
  endfacet
  facet normal -0.115519 -0.936794 -0.33026
    outer loop
      vertex 17.9365 120.918 19.4532
      vertex 8.08521 54.5061 211.279
      vertex 5.40099 54.8371 211.279
    endloop
  endfacet
  facet normal -0.10407 -0.843811 -0.526453
    outer loop
      vertex 12.2521 124.398 15
      vertex 18.3413 123.647 15
      vertex 11.9817 121.653 19.4532
    endloop
  endfacet
  facet normal -0.104144 -0.843752 -0.526533
    outer loop
      vertex 18.3413 123.647 15
      vertex 17.9365 120.918 19.4532
      vertex 11.9817 121.653 19.4532
    endloop
  endfacet
  facet normal 0.115558 0.936789 0.330261
    outer loop
      vertex 8.07018 54.4047 215
      vertex 12.2521 124.398 15
      vertex 5.39094 54.7352 215
    endloop
  endfacet
  facet normal 0.115537 0.936792 0.330262
    outer loop
      vertex 18.3413 123.647 15
      vertex 12.2521 124.398 15
      vertex 8.07018 54.4047 215
    endloop
  endfacet
  facet normal -0.170902 -0.984903 -0.0275297
    outer loop
      vertex 8.08521 54.5061 211.279
      vertex 10.75 54.0437 211.279
      vertex 8.07018 54.4047 215
    endloop
  endfacet
  facet normal -0.170889 -0.984906 -0.0275197
    outer loop
      vertex 10.75 54.0437 211.279
      vertex 10.73 53.9432 215
      vertex 8.07018 54.4047 215
    endloop
  endfacet
  facet normal -0.161253 -0.930014 -0.330261
    outer loop
      vertex 17.9365 120.918 19.4532
      vertex 23.8481 119.893 19.4532
      vertex 8.08521 54.5061 211.279
    endloop
  endfacet
  facet normal -0.161374 -0.929992 -0.330263
    outer loop
      vertex 23.8481 119.893 19.4532
      vertex 10.75 54.0437 211.279
      vertex 8.08521 54.5061 211.279
    endloop
  endfacet
  facet normal -0.145357 -0.837637 -0.526532
    outer loop
      vertex 18.3413 123.647 15
      vertex 24.3863 122.598 15
      vertex 17.9365 120.918 19.4532
    endloop
  endfacet
  facet normal -0.145252 -0.837729 -0.526415
    outer loop
      vertex 24.3863 122.598 15
      vertex 23.8481 119.893 19.4532
      vertex 17.9365 120.918 19.4532
    endloop
  endfacet
  facet normal 0.161361 0.929994 0.330262
    outer loop
      vertex 10.73 53.9432 215
      vertex 18.3413 123.647 15
      vertex 8.07018 54.4047 215
    endloop
  endfacet
  facet normal 0.161383 0.929991 0.330261
    outer loop
      vertex 24.3863 122.598 15
      vertex 18.3413 123.647 15
      vertex 10.73 53.9432 215
    endloop
  endfacet
  facet normal -0.219032 -0.97533 -0.0275198
    outer loop
      vertex 10.75 54.0437 211.279
      vertex 13.3888 53.4511 211.279
      vertex 10.73 53.9432 215
    endloop
  endfacet
  facet normal -0.219032 -0.97533 -0.0275199
    outer loop
      vertex 13.3888 53.4511 211.279
      vertex 13.3639 53.3517 215
      vertex 10.73 53.9432 215
    endloop
  endfacet
  facet normal -0.20687 -0.920941 -0.330263
    outer loop
      vertex 23.8481 119.893 19.4532
      vertex 29.7022 118.578 19.4532
      vertex 10.75 54.0437 211.279
    endloop
  endfacet
  facet normal -0.20682 -0.920952 -0.330262
    outer loop
      vertex 29.7022 118.578 19.4532
      vertex 13.3888 53.4511 211.279
      vertex 10.75 54.0437 211.279
    endloop
  endfacet
  facet normal -0.186253 -0.829575 -0.526417
    outer loop
      vertex 24.3863 122.598 15
      vertex 30.3725 121.254 15
      vertex 23.8481 119.893 19.4532
    endloop
  endfacet
  facet normal -0.18633 -0.829501 -0.526507
    outer loop
      vertex 30.3725 121.254 15
      vertex 29.7022 118.578 19.4532
      vertex 23.8481 119.893 19.4532
    endloop
  endfacet
  facet normal 0.20682 0.920952 0.330261
    outer loop
      vertex 13.3639 53.3517 215
      vertex 24.3863 122.598 15
      vertex 10.73 53.9432 215
    endloop
  endfacet
  facet normal 0.206771 0.920963 0.330262
    outer loop
      vertex 30.3725 121.254 15
      vertex 24.3863 122.598 15
      vertex 13.3639 53.3517 215
    endloop
  endfacet
  facet normal -0.266597 -0.963415 -0.0275199
    outer loop
      vertex 13.3888 53.4511 211.279
      vertex 15.9954 52.7298 211.279
      vertex 13.3639 53.3517 215
    endloop
  endfacet
  facet normal -0.266607 -0.963412 -0.0275273
    outer loop
      vertex 15.9954 52.7298 211.279
      vertex 15.9657 52.6317 215
      vertex 13.3639 53.3517 215
    endloop
  endfacet
  facet normal -0.251709 -0.909709 -0.330262
    outer loop
      vertex 29.7022 118.578 19.4532
      vertex 35.4848 116.978 19.4532
      vertex 13.3888 53.4511 211.279
    endloop
  endfacet
  facet normal -0.251733 -0.909702 -0.330262
    outer loop
      vertex 35.4848 116.978 19.4532
      vertex 15.9954 52.7298 211.279
      vertex 13.3888 53.4511 211.279
    endloop
  endfacet
  facet normal -0.226703 -0.819388 -0.526507
    outer loop
      vertex 30.3725 121.254 15
      vertex 36.2856 119.618 15
      vertex 29.7022 118.578 19.4532
    endloop
  endfacet
  facet normal -0.226715 -0.819375 -0.526521
    outer loop
      vertex 36.2856 119.618 15
      vertex 35.4848 116.978 19.4532
      vertex 29.7022 118.578 19.4532
    endloop
  endfacet
  facet normal 0.251742 0.909699 0.330262
    outer loop
      vertex 15.9657 52.6317 215
      vertex 30.3725 121.254 15
      vertex 13.3639 53.3517 215
    endloop
  endfacet
  facet normal 0.251694 0.909712 0.330263
    outer loop
      vertex 36.2856 119.618 15
      vertex 30.3725 121.254 15
      vertex 15.9657 52.6317 215
    endloop
  endfacet
  facet normal -0.313568 -0.949167 -0.0275265
    outer loop
      vertex 15.9954 52.7298 211.279
      vertex 18.5635 51.8814 211.279
      vertex 15.9657 52.6317 215
    endloop
  endfacet
  facet normal -0.313574 -0.949165 -0.0275313
    outer loop
      vertex 18.5635 51.8814 211.279
      vertex 18.5289 51.7849 215
      vertex 15.9657 52.6317 215
    endloop
  endfacet
  facet normal -0.296071 -0.896253 -0.330262
    outer loop
      vertex 35.4848 116.978 19.4532
      vertex 41.1819 115.096 19.4532
      vertex 15.9954 52.7298 211.279
    endloop
  endfacet
  facet normal -0.296085 -0.896248 -0.330263
    outer loop
      vertex 41.1819 115.096 19.4532
      vertex 18.5635 51.8814 211.279
      vertex 15.9954 52.7298 211.279
    endloop
  endfacet
  facet normal -0.266741 -0.807233 -0.526521
    outer loop
      vertex 36.2856 119.618 15
      vertex 42.1112 117.693 15
      vertex 35.4848 116.978 19.4532
    endloop
  endfacet
  facet normal -0.266686 -0.807298 -0.526449
    outer loop
      vertex 42.1112 117.693 15
      vertex 41.1819 115.096 19.4532
      vertex 35.4848 116.978 19.4532
    endloop
  endfacet
  facet normal 0.296091 0.896246 0.330264
    outer loop
      vertex 18.5289 51.7849 215
      vertex 36.2856 119.618 15
      vertex 15.9657 52.6317 215
    endloop
  endfacet
  facet normal 0.296148 0.896227 0.330262
    outer loop
      vertex 42.1112 117.693 15
      vertex 36.2856 119.618 15
      vertex 18.5289 51.7849 215
    endloop
  endfacet
  facet normal -0.359777 -0.932632 -0.0275322
    outer loop
      vertex 18.5635 51.8814 211.279
      vertex 21.0868 50.908 211.279
      vertex 18.5289 51.7849 215
    endloop
  endfacet
  facet normal -0.359736 -0.932649 -0.0275007
    outer loop
      vertex 21.0868 50.908 211.279
      vertex 21.0476 50.8134 215
      vertex 18.5289 51.7849 215
    endloop
  endfacet
  facet normal -0.339796 -0.880605 -0.330262
    outer loop
      vertex 41.1819 115.096 19.4532
      vertex 46.7797 112.936 19.4532
      vertex 18.5635 51.8814 211.279
    endloop
  endfacet
  facet normal -0.339718 -0.880636 -0.33026
    outer loop
      vertex 46.7797 112.936 19.4532
      vertex 21.0868 50.908 211.279
      vertex 18.5635 51.8814 211.279
    endloop
  endfacet
  facet normal -0.305977 -0.793239 -0.52645
    outer loop
      vertex 42.1112 117.693 15
      vertex 47.8354 115.485 15
      vertex 41.1819 115.096 19.4532
    endloop
  endfacet
  facet normal -0.306048 -0.793146 -0.526548
    outer loop
      vertex 47.8354 115.485 15
      vertex 46.7797 112.936 19.4532
      vertex 41.1819 115.096 19.4532
    endloop
  endfacet
  facet normal 0.33968 0.88065 0.330262
    outer loop
      vertex 21.0476 50.8134 215
      vertex 42.1112 117.693 15
      vertex 18.5289 51.7849 215
    endloop
  endfacet
  facet normal 0.339692 0.880645 0.330262
    outer loop
      vertex 47.8354 115.485 15
      vertex 42.1112 117.693 15
      vertex 21.0476 50.8134 215
    endloop
  endfacet
  facet normal -0.405093 -0.913862 -0.0275009
    outer loop
      vertex 21.0868 50.908 211.279
      vertex 23.5593 49.812 211.279
      vertex 21.0476 50.8134 215
    endloop
  endfacet
  facet normal -0.405105 -0.913856 -0.0275105
    outer loop
      vertex 23.5593 49.812 211.279
      vertex 23.5155 49.7194 215
      vertex 21.0476 50.8134 215
    endloop
  endfacet
  facet normal -0.382448 -0.862938 -0.330261
    outer loop
      vertex 46.7797 112.936 19.4532
      vertex 52.2649 110.505 19.4532
      vertex 21.0868 50.908 211.279
    endloop
  endfacet
  facet normal -0.382508 -0.862911 -0.330262
    outer loop
      vertex 52.2649 110.505 19.4532
      vertex 23.5593 49.812 211.279
      vertex 21.0868 50.908 211.279
    endloop
  endfacet
  facet normal -0.34448 -0.777227 -0.526547
    outer loop
      vertex 47.8354 115.485 15
      vertex 53.4444 112.999 15
      vertex 46.7797 112.936 19.4532
    endloop
  endfacet
  facet normal -0.344468 -0.777243 -0.52653
    outer loop
      vertex 53.4444 112.999 15
      vertex 52.2649 110.505 19.4532
      vertex 46.7797 112.936 19.4532
    endloop
  endfacet
  facet normal 0.382519 0.862906 0.330262
    outer loop
      vertex 23.5155 49.7194 215
      vertex 47.8354 115.485 15
      vertex 21.0476 50.8134 215
    endloop
  endfacet
  facet normal 0.382464 0.86293 0.330263
    outer loop
      vertex 53.4444 112.999 15
      vertex 47.8354 115.485 15
      vertex 23.5155 49.7194 215
    endloop
  endfacet
  facet normal -0.449438 -0.892888 -0.0275106
    outer loop
      vertex 23.5593 49.812 211.279
      vertex 25.9751 48.596 211.279
      vertex 23.5155 49.7194 215
    endloop
  endfacet
  facet normal -0.449428 -0.892893 -0.0275022
    outer loop
      vertex 25.9751 48.596 211.279
      vertex 25.9268 48.5057 215
      vertex 23.5155 49.7194 215
    endloop
  endfacet
  facet normal -0.424428 -0.843083 -0.330261
    outer loop
      vertex 52.2649 110.505 19.4532
      vertex 57.6242 107.807 19.4532
      vertex 23.5593 49.812 211.279
    endloop
  endfacet
  facet normal -0.42438 -0.843107 -0.33026
    outer loop
      vertex 57.6242 107.807 19.4532
      vertex 25.9751 48.596 211.279
      vertex 23.5593 49.812 211.279
    endloop
  endfacet
  facet normal -0.382295 -0.759353 -0.52653
    outer loop
      vertex 53.4444 112.999 15
      vertex 58.9246 110.24 15
      vertex 52.2649 110.505 19.4532
    endloop
  endfacet
  facet normal -0.382285 -0.75937 -0.526513
    outer loop
      vertex 58.9246 110.24 15
      vertex 57.6242 107.807 19.4532
      vertex 52.2649 110.505 19.4532
    endloop
  endfacet
  facet normal 0.42437 0.843111 0.330263
    outer loop
      vertex 25.9268 48.5057 215
      vertex 53.4444 112.999 15
      vertex 23.5155 49.7194 215
    endloop
  endfacet
  facet normal 0.424445 0.843074 0.330262
    outer loop
      vertex 58.9246 110.24 15
      vertex 53.4444 112.999 15
      vertex 25.9268 48.5057 215
    endloop
  endfacet
  facet normal -0.492692 -0.869769 -0.0275026
    outer loop
      vertex 25.9751 48.596 211.279
      vertex 28.3283 47.263 211.279
      vertex 25.9268 48.5057 215
    endloop
  endfacet
  facet normal -0.492702 -0.869763 -0.027511
    outer loop
      vertex 28.3283 47.263 211.279
      vertex 28.2757 47.1751 215
      vertex 25.9268 48.5057 215
    endloop
  endfacet
  facet normal -0.465203 -0.821288 -0.330261
    outer loop
      vertex 57.6242 107.807 19.4532
      vertex 62.8446 104.85 19.4532
      vertex 25.9751 48.596 211.279
    endloop
  endfacet
  facet normal -0.465223 -0.821277 -0.330261
    outer loop
      vertex 62.8446 104.85 19.4532
      vertex 28.3283 47.263 211.279
      vertex 25.9751 48.596 211.279
    endloop
  endfacet
  facet normal -0.41904 -0.739723 -0.526513
    outer loop
      vertex 58.9246 110.24 15
      vertex 64.2628 107.216 15
      vertex 57.6242 107.807 19.4532
    endloop
  endfacet
  facet normal -0.419022 -0.739757 -0.52648
    outer loop
      vertex 64.2628 107.216 15
      vertex 62.8446 104.85 19.4532
      vertex 57.6242 107.807 19.4532
    endloop
  endfacet
  facet normal 0.465232 0.821271 0.330261
    outer loop
      vertex 28.2757 47.1751 215
      vertex 58.9246 110.24 15
      vertex 25.9268 48.5057 215
    endloop
  endfacet
  facet normal 0.465235 0.82127 0.330261
    outer loop
      vertex 64.2628 107.216 15
      vertex 58.9246 110.24 15
      vertex 28.2757 47.1751 215
    endloop
  endfacet
  facet normal -0.534806 -0.844527 -0.02751
    outer loop
      vertex 28.3283 47.263 211.279
      vertex 30.6133 45.816 211.279
      vertex 28.2757 47.1751 215
    endloop
  endfacet
  facet normal -0.534812 -0.844523 -0.0275152
    outer loop
      vertex 30.6133 45.816 211.279
      vertex 30.5564 45.7308 215
      vertex 28.2757 47.1751 215
    endloop
  endfacet
  facet normal -0.504982 -0.797446 -0.330261
    outer loop
      vertex 62.8446 104.85 19.4532
      vertex 67.9137 101.64 19.4532
      vertex 28.3283 47.263 211.279
    endloop
  endfacet
  facet normal -0.504989 -0.797442 -0.330262
    outer loop
      vertex 67.9137 101.64 19.4532
      vertex 30.6133 45.816 211.279
      vertex 28.3283 47.263 211.279
    endloop
  endfacet
  facet normal -0.454807 -0.718309 -0.526481
    outer loop
      vertex 64.2628 107.216 15
      vertex 69.4463 103.934 15
      vertex 62.8446 104.85 19.4532
    endloop
  endfacet
  facet normal -0.454834 -0.718255 -0.526532
    outer loop
      vertex 69.4463 103.934 15
      vertex 67.9137 101.64 19.4532
      vertex 62.8446 104.85 19.4532
    endloop
  endfacet
  facet normal 0.504994 0.797439 0.330261
    outer loop
      vertex 30.5564 45.7308 215
      vertex 64.2628 107.216 15
      vertex 28.2757 47.1751 215
    endloop
  endfacet
  facet normal 0.504933 0.797477 0.330262
    outer loop
      vertex 69.4463 103.934 15
      vertex 64.2628 107.216 15
      vertex 30.5564 45.7308 215
    endloop
  endfacet
  facet normal -0.57559 -0.817276 -0.0275149
    outer loop
      vertex 30.6133 45.816 211.279
      vertex 32.8245 44.2587 211.279
      vertex 30.5564 45.7308 215
    endloop
  endfacet
  facet normal -0.575586 -0.817278 -0.0275122
    outer loop
      vertex 32.8245 44.2587 211.279
      vertex 32.7635 44.1764 215
      vertex 30.5564 45.7308 215
    endloop
  endfacet
  facet normal -0.543502 -0.771708 -0.330261
    outer loop
      vertex 67.9137 101.64 19.4532
      vertex 72.8191 98.1852 19.4532
      vertex 30.6133 45.816 211.279
    endloop
  endfacet
  facet normal -0.543499 -0.77171 -0.330261
    outer loop
      vertex 72.8191 98.1852 19.4532
      vertex 32.8245 44.2587 211.279
      vertex 30.6133 45.816 211.279
    endloop
  endfacet
  facet normal -0.489551 -0.695057 -0.526531
    outer loop
      vertex 69.4463 103.934 15
      vertex 74.4624 100.401 15
      vertex 67.9137 101.64 19.4532
    endloop
  endfacet
  facet normal -0.489539 -0.695086 -0.526505
    outer loop
      vertex 74.4624 100.401 15
      vertex 72.8191 98.1852 19.4532
      vertex 67.9137 101.64 19.4532
    endloop
  endfacet
  facet normal 0.543495 0.771712 0.330263
    outer loop
      vertex 32.7635 44.1764 215
      vertex 69.4463 103.934 15
      vertex 30.5564 45.7308 215
    endloop
  endfacet
  facet normal 0.543526 0.77169 0.330262
    outer loop
      vertex 74.4624 100.401 15
      vertex 69.4463 103.934 15
      vertex 32.7635 44.1764 215
    endloop
  endfacet
  facet normal -0.614997 -0.788049 -0.0275118
    outer loop
      vertex 32.8245 44.2587 211.279
      vertex 34.9566 42.5948 211.279
      vertex 32.7635 44.1764 215
    endloop
  endfacet
  facet normal -0.615002 -0.788045 -0.0275163
    outer loop
      vertex 34.9566 42.5948 211.279
      vertex 34.8916 42.5156 215
      vertex 32.7635 44.1764 215
    endloop
  endfacet
  facet normal -0.580708 -0.744114 -0.330261
    outer loop
      vertex 72.8191 98.1852 19.4532
      vertex 77.5491 94.4939 19.4532
      vertex 32.8245 44.2587 211.279
    endloop
  endfacet
  facet normal -0.580709 -0.744113 -0.330261
    outer loop
      vertex 77.5491 94.4939 19.4532
      vertex 34.9566 42.5948 211.279
      vertex 32.8245 44.2587 211.279
    endloop
  endfacet
  facet normal -0.523055 -0.670229 -0.526504
    outer loop
      vertex 74.4624 100.401 15
      vertex 79.2992 96.6263 15
      vertex 72.8191 98.1852 19.4532
    endloop
  endfacet
  facet normal -0.523053 -0.670235 -0.526499
    outer loop
      vertex 79.2992 96.6263 15
      vertex 77.5491 94.4939 19.4532
      vertex 72.8191 98.1852 19.4532
    endloop
  endfacet
  facet normal 0.580714 0.744109 0.330262
    outer loop
      vertex 34.8916 42.5156 215
      vertex 74.4624 100.401 15
      vertex 32.7635 44.1764 215
    endloop
  endfacet
  facet normal 0.580713 0.74411 0.330262
    outer loop
      vertex 79.2992 96.6263 15
      vertex 74.4624 100.401 15
      vertex 34.8916 42.5156 215
    endloop
  endfacet
  facet normal -0.652922 -0.756925 -0.0275164
    outer loop
      vertex 34.9566 42.5948 211.279
      vertex 37.0046 40.8282 211.279
      vertex 34.8916 42.5156 215
    endloop
  endfacet
  facet normal -0.652935 -0.756913 -0.0275294
    outer loop
      vertex 37.0046 40.8282 211.279
      vertex 36.9357 40.7523 215
      vertex 34.8916 42.5156 215
    endloop
  endfacet
  facet normal -0.616524 -0.714721 -0.330261
    outer loop
      vertex 77.5491 94.4939 19.4532
      vertex 82.0923 90.5749 19.4532
      vertex 34.9566 42.5948 211.279
    endloop
  endfacet
  facet normal -0.61652 -0.714724 -0.330261
    outer loop
      vertex 82.0923 90.5749 19.4532
      vertex 37.0046 40.8282 211.279
      vertex 34.9566 42.5948 211.279
    endloop
  endfacet
  facet normal -0.555311 -0.643761 -0.526499
    outer loop
      vertex 79.2992 96.6263 15
      vertex 83.9449 92.6189 15
      vertex 77.5491 94.4939 19.4532
    endloop
  endfacet
  facet normal -0.555312 -0.643759 -0.526501
    outer loop
      vertex 83.9449 92.6189 15
      vertex 82.0923 90.5749 19.4532
      vertex 77.5491 94.4939 19.4532
    endloop
  endfacet
  facet normal 0.616532 0.714713 0.330262
    outer loop
      vertex 36.9357 40.7523 215
      vertex 79.2992 96.6263 15
      vertex 34.8916 42.5156 215
    endloop
  endfacet
  facet normal 0.616522 0.714722 0.330262
    outer loop
      vertex 83.9449 92.6189 15
      vertex 79.2992 96.6263 15
      vertex 36.9357 40.7523 215
    endloop
  endfacet
  facet normal -0.689291 -0.723961 -0.0275305
    outer loop
      vertex 37.0046 40.8282 211.279
      vertex 38.9633 38.9633 211.279
      vertex 36.9357 40.7523 215
    endloop
  endfacet
  facet normal -0.689259 -0.723993 -0.0274978
    outer loop
      vertex 38.9633 38.9633 211.279
      vertex 38.8909 38.8909 215
      vertex 36.9357 40.7523 215
    endloop
  endfacet
  facet normal -0.650853 -0.683606 -0.330261
    outer loop
      vertex 82.0923 90.5749 19.4532
      vertex 86.4377 86.4377 19.4532
      vertex 37.0046 40.8282 211.279
    endloop
  endfacet
  facet normal -0.650862 -0.683598 -0.330262
    outer loop
      vertex 86.4377 86.4377 19.4532
      vertex 38.9633 38.9633 211.279
      vertex 37.0046 40.8282 211.279
    endloop
  endfacet
  facet normal -0.586225 -0.615741 -0.526501
    outer loop
      vertex 83.9449 92.6189 15
      vertex 88.3884 88.3884 15
      vertex 82.0923 90.5749 19.4532
    endloop
  endfacet
  facet normal -0.586228 -0.615729 -0.526511
    outer loop
      vertex 88.3884 88.3884 15
      vertex 86.4377 86.4377 19.4532
      vertex 82.0923 90.5749 19.4532
    endloop
  endfacet
  facet normal 0.650831 0.683627 0.330262
    outer loop
      vertex 38.8909 38.8909 215
      vertex 83.9449 92.6189 15
      vertex 36.9357 40.7523 215
    endloop
  endfacet
  facet normal 0.650845 0.683614 0.330262
    outer loop
      vertex 88.3884 88.3884 15
      vertex 83.9449 92.6189 15
      vertex 38.8909 38.8909 215
    endloop
  endfacet
  facet normal -0.723962 -0.689292 -0.0274979
    outer loop
      vertex 38.9633 38.9633 211.279
      vertex 40.8282 37.0046 211.279
      vertex 38.8909 38.8909 215
    endloop
  endfacet
  facet normal -0.723992 -0.689259 -0.0275305
    outer loop
      vertex 40.8282 37.0046 211.279
      vertex 40.7523 36.9357 215
      vertex 38.8909 38.8909 215
    endloop
  endfacet
  facet normal -0.683606 -0.650853 -0.330261
    outer loop
      vertex 86.4377 86.4377 19.4532
      vertex 90.5749 82.0923 19.4532
      vertex 38.9633 38.9633 211.279
    endloop
  endfacet
  facet normal -0.683598 -0.650862 -0.330261
    outer loop
      vertex 90.5749 82.0923 19.4532
      vertex 40.8282 37.0046 211.279
      vertex 38.9633 38.9633 211.279
    endloop
  endfacet
  facet normal -0.615736 -0.586221 -0.526511
    outer loop
      vertex 88.3884 88.3884 15
      vertex 92.6189 83.9449 15
      vertex 86.4377 86.4377 19.4532
    endloop
  endfacet
  facet normal -0.615734 -0.586232 -0.526501
    outer loop
      vertex 92.6189 83.9449 15
      vertex 90.5749 82.0923 19.4532
      vertex 86.4377 86.4377 19.4532
    endloop
  endfacet
  facet normal 0.683628 0.650831 0.330262
    outer loop
      vertex 40.7523 36.9357 215
      vertex 88.3884 88.3884 15
      vertex 38.8909 38.8909 215
    endloop
  endfacet
  facet normal 0.683614 0.650845 0.330262
    outer loop
      vertex 92.6189 83.9449 15
      vertex 88.3884 88.3884 15
      vertex 40.7523 36.9357 215
    endloop
  endfacet
  facet normal -0.756925 -0.652922 -0.0275294
    outer loop
      vertex 40.8282 37.0046 211.279
      vertex 42.5948 34.9566 211.279
      vertex 40.7523 36.9357 215
    endloop
  endfacet
  facet normal -0.756913 -0.652936 -0.0275164
    outer loop
      vertex 42.5948 34.9566 211.279
      vertex 42.5156 34.8916 215
      vertex 40.7523 36.9357 215
    endloop
  endfacet
  facet normal -0.714721 -0.616524 -0.330261
    outer loop
      vertex 90.5749 82.0923 19.4532
      vertex 94.4939 77.5491 19.4532
      vertex 40.8282 37.0046 211.279
    endloop
  endfacet
  facet normal -0.714724 -0.61652 -0.330261
    outer loop
      vertex 94.4939 77.5491 19.4532
      vertex 42.5948 34.9566 211.279
      vertex 40.8282 37.0046 211.279
    endloop
  endfacet
  facet normal -0.64376 -0.55531 -0.526501
    outer loop
      vertex 92.6189 83.9449 15
      vertex 96.6263 79.2992 15
      vertex 90.5749 82.0923 19.4532
    endloop
  endfacet
  facet normal -0.64376 -0.555312 -0.526499
    outer loop
      vertex 96.6263 79.2992 15
      vertex 94.4939 77.5491 19.4532
      vertex 90.5749 82.0923 19.4532
    endloop
  endfacet
  facet normal 0.714713 0.616532 0.330262
    outer loop
      vertex 42.5156 34.8916 215
      vertex 92.6189 83.9449 15
      vertex 40.7523 36.9357 215
    endloop
  endfacet
  facet normal 0.714722 0.616522 0.330262
    outer loop
      vertex 96.6263 79.2992 15
      vertex 92.6189 83.9449 15
      vertex 42.5156 34.8916 215
    endloop
  endfacet
  facet normal -0.788049 -0.614997 -0.0275163
    outer loop
      vertex 42.5948 34.9566 211.279
      vertex 44.2587 32.8245 211.279
      vertex 42.5156 34.8916 215
    endloop
  endfacet
  facet normal -0.788045 -0.615002 -0.0275118
    outer loop
      vertex 44.2587 32.8245 211.279
      vertex 44.1764 32.7635 215
      vertex 42.5156 34.8916 215
    endloop
  endfacet
  facet normal -0.744114 -0.580708 -0.330261
    outer loop
      vertex 94.4939 77.5491 19.4532
      vertex 98.1852 72.8191 19.4532
      vertex 42.5948 34.9566 211.279
    endloop
  endfacet
  facet normal -0.744113 -0.580709 -0.330261
    outer loop
      vertex 98.1852 72.8191 19.4532
      vertex 44.2587 32.8245 211.279
      vertex 42.5948 34.9566 211.279
    endloop
  endfacet
  facet normal -0.670232 -0.523057 -0.526499
    outer loop
      vertex 96.6263 79.2992 15
      vertex 100.401 74.4624 15
      vertex 94.4939 77.5491 19.4532
    endloop
  endfacet
  facet normal -0.670232 -0.52305 -0.526504
    outer loop
      vertex 100.401 74.4624 15
      vertex 98.1852 72.8191 19.4532
      vertex 94.4939 77.5491 19.4532
    endloop
  endfacet
  facet normal 0.744109 0.580714 0.330262
    outer loop
      vertex 44.1764 32.7635 215
      vertex 96.6263 79.2992 15
      vertex 42.5156 34.8916 215
    endloop
  endfacet
  facet normal 0.74411 0.580713 0.330262
    outer loop
      vertex 100.401 74.4624 15
      vertex 96.6263 79.2992 15
      vertex 44.1764 32.7635 215
    endloop
  endfacet
  facet normal -0.817276 -0.57559 -0.0275122
    outer loop
      vertex 44.2587 32.8245 211.279
      vertex 45.816 30.6133 211.279
      vertex 44.1764 32.7635 215
    endloop
  endfacet
  facet normal -0.817278 -0.575586 -0.0275149
    outer loop
      vertex 45.816 30.6133 211.279
      vertex 45.7308 30.5564 215
      vertex 44.1764 32.7635 215
    endloop
  endfacet
  facet normal -0.771708 -0.543502 -0.330261
    outer loop
      vertex 98.1852 72.8191 19.4532
      vertex 101.64 67.9137 19.4532
      vertex 44.2587 32.8245 211.279
    endloop
  endfacet
  facet normal -0.77171 -0.543499 -0.330261
    outer loop
      vertex 101.64 67.9137 19.4532
      vertex 45.816 30.6133 211.279
      vertex 44.2587 32.8245 211.279
    endloop
  endfacet
  facet normal -0.695071 -0.48956 -0.526505
    outer loop
      vertex 100.401 74.4624 15
      vertex 103.934 69.4463 15
      vertex 98.1852 72.8191 19.4532
    endloop
  endfacet
  facet normal -0.695073 -0.489529 -0.526531
    outer loop
      vertex 103.934 69.4463 15
      vertex 101.64 67.9137 19.4532
      vertex 98.1852 72.8191 19.4532
    endloop
  endfacet
  facet normal 0.771712 0.543496 0.330262
    outer loop
      vertex 45.7308 30.5564 215
      vertex 100.401 74.4624 15
      vertex 44.1764 32.7635 215
    endloop
  endfacet
  facet normal 0.77169 0.543526 0.330263
    outer loop
      vertex 103.934 69.4463 15
      vertex 100.401 74.4624 15
      vertex 45.7308 30.5564 215
    endloop
  endfacet
  facet normal -0.844527 -0.534806 -0.0275152
    outer loop
      vertex 45.816 30.6133 211.279
      vertex 47.263 28.3283 211.279
      vertex 45.7308 30.5564 215
    endloop
  endfacet
  facet normal -0.844523 -0.534812 -0.02751
    outer loop
      vertex 47.263 28.3283 211.279
      vertex 47.1751 28.2757 215
      vertex 45.7308 30.5564 215
    endloop
  endfacet
  facet normal -0.797446 -0.504982 -0.330261
    outer loop
      vertex 101.64 67.9137 19.4532
      vertex 104.85 62.8446 19.4532
      vertex 45.816 30.6133 211.279
    endloop
  endfacet
  facet normal -0.797442 -0.504989 -0.330261
    outer loop
      vertex 104.85 62.8446 19.4532
      vertex 47.263 28.3283 211.279
      vertex 45.816 30.6133 211.279
    endloop
  endfacet
  facet normal -0.718283 -0.45479 -0.526532
    outer loop
      vertex 103.934 69.4463 15
      vertex 107.216 64.2628 15
      vertex 101.64 67.9137 19.4532
    endloop
  endfacet
  facet normal -0.718282 -0.454851 -0.526481
    outer loop
      vertex 107.216 64.2628 15
      vertex 104.85 62.8446 19.4532
      vertex 101.64 67.9137 19.4532
    endloop
  endfacet
  facet normal 0.797438 0.504994 0.330263
    outer loop
      vertex 47.1751 28.2757 215
      vertex 103.934 69.4463 15
      vertex 45.7308 30.5564 215
    endloop
  endfacet
  facet normal 0.797477 0.504933 0.330262
    outer loop
      vertex 107.216 64.2628 15
      vertex 103.934 69.4463 15
      vertex 47.1751 28.2757 215
    endloop
  endfacet
  facet normal -0.869769 -0.492692 -0.027511
    outer loop
      vertex 47.263 28.3283 211.279
      vertex 48.596 25.9751 211.279
      vertex 47.1751 28.2757 215
    endloop
  endfacet
  facet normal -0.869763 -0.492702 -0.0275026
    outer loop
      vertex 48.596 25.9751 211.279
      vertex 48.5057 25.9268 215
      vertex 47.1751 28.2757 215
    endloop
  endfacet
  facet normal -0.821288 -0.465203 -0.330261
    outer loop
      vertex 104.85 62.8446 19.4532
      vertex 107.807 57.6242 19.4532
      vertex 47.263 28.3283 211.279
    endloop
  endfacet
  facet normal -0.821277 -0.465223 -0.330261
    outer loop
      vertex 107.807 57.6242 19.4532
      vertex 48.596 25.9751 211.279
      vertex 47.263 28.3283 211.279
    endloop
  endfacet
  facet normal -0.73974 -0.41905 -0.52648
    outer loop
      vertex 107.216 64.2628 15
      vertex 110.24 58.9246 15
      vertex 104.85 62.8446 19.4532
    endloop
  endfacet
  facet normal -0.739739 -0.419012 -0.526513
    outer loop
      vertex 110.24 58.9246 15
      vertex 107.807 57.6242 19.4532
      vertex 104.85 62.8446 19.4532
    endloop
  endfacet
  facet normal 0.821271 0.465232 0.330261
    outer loop
      vertex 48.5057 25.9268 215
      vertex 107.216 64.2628 15
      vertex 47.1751 28.2757 215
    endloop
  endfacet
  facet normal 0.82127 0.465235 0.330261
    outer loop
      vertex 110.24 58.9246 15
      vertex 107.216 64.2628 15
      vertex 48.5057 25.9268 215
    endloop
  endfacet
  facet normal -0.892888 -0.449438 -0.0275022
    outer loop
      vertex 48.596 25.9751 211.279
      vertex 49.812 23.5593 211.279
      vertex 48.5057 25.9268 215
    endloop
  endfacet
  facet normal -0.892893 -0.449427 -0.0275106
    outer loop
      vertex 49.812 23.5593 211.279
      vertex 49.7194 23.5155 215
      vertex 48.5057 25.9268 215
    endloop
  endfacet
  facet normal -0.843083 -0.424428 -0.330261
    outer loop
      vertex 107.807 57.6242 19.4532
      vertex 110.505 52.2649 19.4532
      vertex 48.596 25.9751 211.279
    endloop
  endfacet
  facet normal -0.843107 -0.42438 -0.330262
    outer loop
      vertex 110.505 52.2649 19.4532
      vertex 49.812 23.5593 211.279
      vertex 48.596 25.9751 211.279
    endloop
  endfacet
  facet normal -0.759362 -0.3823 -0.526514
    outer loop
      vertex 110.24 58.9246 15
      vertex 112.999 53.4444 15
      vertex 107.807 57.6242 19.4532
    endloop
  endfacet
  facet normal -0.75936 -0.38228 -0.52653
    outer loop
      vertex 112.999 53.4444 15
      vertex 110.505 52.2649 19.4532
      vertex 107.807 57.6242 19.4532
    endloop
  endfacet
  facet normal 0.843112 0.424371 0.330261
    outer loop
      vertex 49.7194 23.5155 215
      vertex 110.24 58.9246 15
      vertex 48.5057 25.9268 215
    endloop
  endfacet
  facet normal 0.843074 0.424444 0.330263
    outer loop
      vertex 112.999 53.4444 15
      vertex 110.24 58.9246 15
      vertex 49.7194 23.5155 215
    endloop
  endfacet
  facet normal -0.913862 -0.405093 -0.0275105
    outer loop
      vertex 49.812 23.5593 211.279
      vertex 50.908 21.0868 211.279
      vertex 49.7194 23.5155 215
    endloop
  endfacet
  facet normal -0.913856 -0.405105 -0.0275009
    outer loop
      vertex 50.908 21.0868 211.279
      vertex 50.8134 21.0476 215
      vertex 49.7194 23.5155 215
    endloop
  endfacet
  facet normal -0.862938 -0.382448 -0.330261
    outer loop
      vertex 110.505 52.2649 19.4532
      vertex 112.936 46.7797 19.4532
      vertex 49.812 23.5593 211.279
    endloop
  endfacet
  facet normal -0.862911 -0.382508 -0.33026
    outer loop
      vertex 112.936 46.7797 19.4532
      vertex 50.908 21.0868 211.279
      vertex 49.812 23.5593 211.279
    endloop
  endfacet
  facet normal -0.777236 -0.344484 -0.526531
    outer loop
      vertex 112.999 53.4444 15
      vertex 115.485 47.8354 15
      vertex 110.505 52.2649 19.4532
    endloop
  endfacet
  facet normal -0.777234 -0.344464 -0.526547
    outer loop
      vertex 115.485 47.8354 15
      vertex 112.936 46.7797 19.4532
      vertex 110.505 52.2649 19.4532
    endloop
  endfacet
  facet normal 0.862905 0.382519 0.330263
    outer loop
      vertex 50.8134 21.0476 215
      vertex 112.999 53.4444 15
      vertex 49.7194 23.5155 215
    endloop
  endfacet
  facet normal 0.86293 0.382465 0.330262
    outer loop
      vertex 115.485 47.8354 15
      vertex 112.999 53.4444 15
      vertex 50.8134 21.0476 215
    endloop
  endfacet
  facet normal -0.932633 -0.359777 -0.0275008
    outer loop
      vertex 50.908 21.0868 211.279
      vertex 51.8814 18.5635 211.279
      vertex 50.8134 21.0476 215
    endloop
  endfacet
  facet normal -0.932648 -0.359736 -0.0275322
    outer loop
      vertex 51.8814 18.5635 211.279
      vertex 51.7849 18.5289 215
      vertex 50.8134 21.0476 215
    endloop
  endfacet
  facet normal -0.880606 -0.339796 -0.330261
    outer loop
      vertex 112.936 46.7797 19.4532
      vertex 115.096 41.1819 19.4532
      vertex 50.908 21.0868 211.279
    endloop
  endfacet
  facet normal -0.880635 -0.339718 -0.330263
    outer loop
      vertex 115.096 41.1819 19.4532
      vertex 51.8814 18.5635 211.279
      vertex 50.908 21.0868 211.279
    endloop
  endfacet
  facet normal -0.793183 -0.305955 -0.526547
    outer loop
      vertex 115.485 47.8354 15
      vertex 117.693 42.1112 15
      vertex 112.936 46.7797 19.4532
    endloop
  endfacet
  facet normal -0.793204 -0.30607 -0.526449
    outer loop
      vertex 117.693 42.1112 15
      vertex 115.096 41.1819 19.4532
      vertex 112.936 46.7797 19.4532
    endloop
  endfacet
  facet normal 0.88065 0.33968 0.330262
    outer loop
      vertex 51.7849 18.5289 215
      vertex 115.485 47.8354 15
      vertex 50.8134 21.0476 215
    endloop
  endfacet
  facet normal 0.880645 0.339692 0.330262
    outer loop
      vertex 117.693 42.1112 15
      vertex 115.485 47.8354 15
      vertex 51.7849 18.5289 215
    endloop
  endfacet
  facet normal -0.949167 -0.313568 -0.0275313
    outer loop
      vertex 51.8814 18.5635 211.279
      vertex 52.7298 15.9954 211.279
      vertex 51.7849 18.5289 215
    endloop
  endfacet
  facet normal -0.949165 -0.313574 -0.0275265
    outer loop
      vertex 52.7298 15.9954 211.279
      vertex 52.6317 15.9657 215
      vertex 51.7849 18.5289 215
    endloop
  endfacet
  facet normal -0.896252 -0.296071 -0.330263
    outer loop
      vertex 115.096 41.1819 19.4532
      vertex 116.978 35.4848 19.4532
      vertex 51.8814 18.5635 211.279
    endloop
  endfacet
  facet normal -0.896248 -0.296085 -0.330262
    outer loop
      vertex 116.978 35.4848 19.4532
      vertex 52.7298 15.9954 211.279
      vertex 51.8814 18.5635 211.279
    endloop
  endfacet
  facet normal -0.807275 -0.266754 -0.52645
    outer loop
      vertex 117.693 42.1112 15
      vertex 119.618 36.2856 15
      vertex 115.096 41.1819 19.4532
    endloop
  endfacet
  facet normal -0.807256 -0.266672 -0.526521
    outer loop
      vertex 119.618 36.2856 15
      vertex 116.978 35.4848 19.4532
      vertex 115.096 41.1819 19.4532
    endloop
  endfacet
  facet normal 0.896246 0.296091 0.330262
    outer loop
      vertex 52.6317 15.9657 215
      vertex 117.693 42.1112 15
      vertex 51.7849 18.5289 215
    endloop
  endfacet
  facet normal 0.896227 0.296148 0.330263
    outer loop
      vertex 119.618 36.2856 15
      vertex 117.693 42.1112 15
      vertex 52.6317 15.9657 215
    endloop
  endfacet
  facet normal -0.963415 -0.266597 -0.0275273
    outer loop
      vertex 52.7298 15.9954 211.279
      vertex 53.4511 13.3888 211.279
      vertex 52.6317 15.9657 215
    endloop
  endfacet
  facet normal -0.963412 -0.266607 -0.0275199
    outer loop
      vertex 53.4511 13.3888 211.279
      vertex 53.3517 13.3639 215
      vertex 52.6317 15.9657 215
    endloop
  endfacet
  facet normal -0.909708 -0.251709 -0.330262
    outer loop
      vertex 116.978 35.4848 19.4532
      vertex 118.578 29.7022 19.4532
      vertex 52.7298 15.9954 211.279
    endloop
  endfacet
  facet normal -0.909702 -0.251733 -0.330262
    outer loop
      vertex 118.578 29.7022 19.4532
      vertex 53.4511 13.3888 211.279
      vertex 52.7298 15.9954 211.279
    endloop
  endfacet
  facet normal -0.819379 -0.226701 -0.526521
    outer loop
      vertex 119.618 36.2856 15
      vertex 121.254 30.3725 15
      vertex 116.978 35.4848 19.4532
    endloop
  endfacet
  facet normal -0.819384 -0.226717 -0.526507
    outer loop
      vertex 121.254 30.3725 15
      vertex 118.578 29.7022 19.4532
      vertex 116.978 35.4848 19.4532
    endloop
  endfacet
  facet normal 0.909699 0.251742 0.330264
    outer loop
      vertex 53.3517 13.3639 215
      vertex 119.618 36.2856 15
      vertex 52.6317 15.9657 215
    endloop
  endfacet
  facet normal 0.909713 0.251694 0.330263
    outer loop
      vertex 121.254 30.3725 15
      vertex 119.618 36.2856 15
      vertex 53.3517 13.3639 215
    endloop
  endfacet
  facet normal -0.97533 -0.219032 -0.0275199
    outer loop
      vertex 53.4511 13.3888 211.279
      vertex 54.0437 10.75 211.279
      vertex 53.3517 13.3639 215
    endloop
  endfacet
  facet normal -0.97533 -0.219032 -0.0275198
    outer loop
      vertex 54.0437 10.75 211.279
      vertex 53.9432 10.73 215
      vertex 53.3517 13.3639 215
    endloop
  endfacet
  facet normal -0.920941 -0.20687 -0.330262
    outer loop
      vertex 118.578 29.7022 19.4532
      vertex 119.893 23.8481 19.4532
      vertex 53.4511 13.3888 211.279
    endloop
  endfacet
  facet normal -0.920952 -0.20682 -0.330263
    outer loop
      vertex 119.893 23.8481 19.4532
      vertex 54.0437 10.75 211.279
      vertex 53.4511 13.3888 211.279
    endloop
  endfacet
  facet normal -0.829521 -0.186241 -0.526506
    outer loop
      vertex 121.254 30.3725 15
      vertex 122.598 24.3863 15
      vertex 118.578 29.7022 19.4532
    endloop
  endfacet
  facet normal -0.829556 -0.186342 -0.526416
    outer loop
      vertex 122.598 24.3863 15
      vertex 119.893 23.8481 19.4532
      vertex 118.578 29.7022 19.4532
    endloop
  endfacet
  facet normal 0.920952 0.20682 0.330262
    outer loop
      vertex 53.9432 10.73 215
      vertex 121.254 30.3725 15
      vertex 53.3517 13.3639 215
    endloop
  endfacet
  facet normal 0.920963 0.206771 0.330261
    outer loop
      vertex 122.598 24.3863 15
      vertex 121.254 30.3725 15
      vertex 53.9432 10.73 215
    endloop
  endfacet
  facet normal -0.984904 -0.170903 -0.0275197
    outer loop
      vertex 54.0437 10.75 211.279
      vertex 54.5061 8.08521 211.279
      vertex 53.9432 10.73 215
    endloop
  endfacet
  facet normal -0.984906 -0.170889 -0.0275297
    outer loop
      vertex 54.5061 8.08521 211.279
      vertex 54.4047 8.07018 215
      vertex 53.9432 10.73 215
    endloop
  endfacet
  facet normal -0.930013 -0.161253 -0.330262
    outer loop
      vertex 119.893 23.8481 19.4532
      vertex 120.918 17.9365 19.4532
      vertex 54.0437 10.75 211.279
    endloop
  endfacet
  facet normal -0.929993 -0.161374 -0.33026
    outer loop
      vertex 120.918 17.9365 19.4532
      vertex 54.5061 8.08521 211.279
      vertex 54.0437 10.75 211.279
    endloop
  endfacet
  facet normal -0.837708 -0.145369 -0.526416
    outer loop
      vertex 122.598 24.3863 15
      vertex 123.647 18.3413 15
      vertex 119.893 23.8481 19.4532
    endloop
  endfacet
  facet normal -0.837656 -0.14524 -0.526533
    outer loop
      vertex 123.647 18.3413 15
      vertex 120.918 17.9365 19.4532
      vertex 119.893 23.8481 19.4532
    endloop
  endfacet
  facet normal 0.929995 0.161362 0.330261
    outer loop
      vertex 54.4047 8.07018 215
      vertex 122.598 24.3863 15
      vertex 53.9432 10.73 215
    endloop
  endfacet
  facet normal 0.929991 0.161383 0.330261
    outer loop
      vertex 123.647 18.3413 15
      vertex 122.598 24.3863 15
      vertex 54.4047 8.07018 215
    endloop
  endfacet
  facet normal -0.992106 -0.12234 -0.0275298
    outer loop
      vertex 54.5061 8.08521 211.279
      vertex 54.8371 5.40099 211.279
      vertex 54.4047 8.07018 215
    endloop
  endfacet
  facet normal -0.992102 -0.122382 -0.0274994
    outer loop
      vertex 54.8371 5.40099 211.279
      vertex 54.7352 5.39094 215
      vertex 54.4047 8.07018 215
    endloop
  endfacet
  facet normal -0.936781 -0.115627 -0.33026
    outer loop
      vertex 120.918 17.9365 19.4532
      vertex 121.653 11.9817 19.4532
      vertex 54.5061 8.08521 211.279
    endloop
  endfacet
  facet normal -0.936793 -0.115519 -0.330263
    outer loop
      vertex 121.653 11.9817 19.4532
      vertex 54.8371 5.40099 211.279
      vertex 54.5061 8.08521 211.279
    endloop
  endfacet
  facet normal -0.843762 -0.104064 -0.526532
    outer loop
      vertex 123.647 18.3413 15
      vertex 124.398 12.2521 15
      vertex 120.918 17.9365 19.4532
    endloop
  endfacet
  facet normal -0.843801 -0.10415 -0.526452
    outer loop
      vertex 124.398 12.2521 15
      vertex 121.653 11.9817 19.4532
      vertex 120.918 17.9365 19.4532
    endloop
  endfacet
  facet normal 0.936789 0.115558 0.330262
    outer loop
      vertex 54.7352 5.39094 215
      vertex 123.647 18.3413 15
      vertex 54.4047 8.07018 215
    endloop
  endfacet
  facet normal 0.936792 0.115537 0.330261
    outer loop
      vertex 124.398 12.2521 15
      vertex 123.647 18.3413 15
      vertex 54.7352 5.39094 215
    endloop
  endfacet
  facet normal -0.996912 -0.0735513 -0.0274992
    outer loop
      vertex 54.8371 5.40099 211.279
      vertex 55.0361 2.70375 211.279
      vertex 54.7352 5.39094 215
    endloop
  endfacet
  facet normal -0.996913 -0.0735404 -0.0275071
    outer loop
      vertex 55.0361 2.70375 211.279
      vertex 54.9338 2.69872 215
      vertex 54.7352 5.39094 215
    endloop
  endfacet
  facet normal -0.941336 -0.0693778 -0.330262
    outer loop
      vertex 121.653 11.9817 19.4532
      vertex 122.094 5.9981 19.4532
      vertex 54.8371 5.40099 211.279
    endloop
  endfacet
  facet normal -0.941331 -0.0694506 -0.330261
    outer loop
      vertex 122.094 5.9981 19.4532
      vertex 55.0361 2.70375 211.279
      vertex 54.8371 5.40099 211.279
    endloop
  endfacet
  facet normal -0.847904 -0.0624984 -0.526452
    outer loop
      vertex 124.398 12.2521 15
      vertex 124.849 6.13346 15
      vertex 121.653 11.9817 19.4532
    endloop
  endfacet
  facet normal -0.847901 -0.0624915 -0.526459
    outer loop
      vertex 124.849 6.13346 15
      vertex 122.094 5.9981 19.4532
      vertex 121.653 11.9817 19.4532
    endloop
  endfacet
  facet normal 0.941332 0.0694403 0.330261
    outer loop
      vertex 54.9338 2.69872 215
      vertex 124.398 12.2521 15
      vertex 54.7352 5.39094 215
    endloop
  endfacet
  facet normal 0.941336 0.0693851 0.33026
    outer loop
      vertex 124.849 6.13346 15
      vertex 124.398 12.2521 15
      vertex 54.9338 2.69872 215
    endloop
  endfacet
  facet normal -0.99932 -0.0245418 -0.0275071
    outer loop
      vertex 55.0361 2.70375 211.279
      vertex 55.1025 0 211.279
      vertex 54.9338 2.69872 215
    endloop
  endfacet
  facet normal -0.99932 -0.0245135 -0.0275276
    outer loop
      vertex 55.1025 0 211.279
      vertex 55 0 215
      vertex 54.9338 2.69872 215
    endloop
  endfacet
  facet normal -0.943607 -0.0231257 -0.33026
    outer loop
      vertex 122.094 5.9981 19.4532
      vertex 122.241 0 19.4532
      vertex 55.0361 2.70375 211.279
    endloop
  endfacet
  facet normal -0.943606 -0.0231735 -0.330259
    outer loop
      vertex 122.241 0 19.4532
      vertex 55.1025 0 211.279
      vertex 55.0361 2.70375 211.279
    endloop
  endfacet
  facet normal -0.849943 -0.0209248 -0.526459
    outer loop
      vertex 124.849 6.13346 15
      vertex 125 0 15
      vertex 122.094 5.9981 19.4532
    endloop
  endfacet
  facet normal -0.849888 -0.0208288 -0.526552
    outer loop
      vertex 125 0 15
      vertex 122.241 0 19.4532
      vertex 122.094 5.9981 19.4532
    endloop
  endfacet
  facet normal 0.943606 0.0231468 0.33026
    outer loop
      vertex 55 0 215
      vertex 124.849 6.13346 15
      vertex 54.9338 2.69872 215
    endloop
  endfacet
  facet normal 0.943604 0.0232306 0.330261
    outer loop
      vertex 125 0 15
      vertex 124.849 6.13346 15
      vertex 55 0 215
    endloop
  endfacet
  facet normal -0.99932 0.0245418 -0.0275276
    outer loop
      vertex 55.1025 0 211.279
      vertex 55.0361 -2.70375 211.279
      vertex 55 0 215
    endloop
  endfacet
  facet normal -0.999321 0.0245135 -0.0275071
    outer loop
      vertex 55 0 215
      vertex 55.0361 -2.70375 211.279
      vertex 54.9338 -2.69872 215
    endloop
  endfacet
  facet normal -0.943607 0.0231257 -0.33026
    outer loop
      vertex 122.241 0 19.4532
      vertex 122.094 -5.9981 19.4532
      vertex 55.1025 0 211.279
    endloop
  endfacet
  facet normal -0.943605 0.0231735 -0.330261
    outer loop
      vertex 55.1025 0 211.279
      vertex 122.094 -5.9981 19.4532
      vertex 55.0361 -2.70375 211.279
    endloop
  endfacet
  facet normal -0.849886 0.0209234 -0.526551
    outer loop
      vertex 125 0 15
      vertex 124.849 -6.13346 15
      vertex 122.241 0 19.4532
    endloop
  endfacet
  facet normal -0.849946 0.0208303 -0.526458
    outer loop
      vertex 122.241 0 19.4532
      vertex 124.849 -6.13346 15
      vertex 122.094 -5.9981 19.4532
    endloop
  endfacet
  facet normal 0.943605 -0.0231468 0.330262
    outer loop
      vertex 125 0 15
      vertex 55 0 215
      vertex 54.9338 -2.69872 215
    endloop
  endfacet
  facet normal 0.943604 -0.0232306 0.33026
    outer loop
      vertex 124.849 -6.13346 15
      vertex 125 0 15
      vertex 54.9338 -2.69872 215
    endloop
  endfacet
  facet normal -0.996912 0.0735513 -0.0275071
    outer loop
      vertex 54.9338 -2.69872 215
      vertex 55.0361 -2.70375 211.279
      vertex 54.8371 -5.40099 211.279
    endloop
  endfacet
  facet normal -0.996913 0.0735404 -0.0274992
    outer loop
      vertex 54.9338 -2.69872 215
      vertex 54.8371 -5.40099 211.279
      vertex 54.7352 -5.39094 215
    endloop
  endfacet
  facet normal -0.941336 0.0693779 -0.330261
    outer loop
      vertex 122.094 -5.9981 19.4532
      vertex 121.653 -11.9817 19.4532
      vertex 55.0361 -2.70375 211.279
    endloop
  endfacet
  facet normal -0.941331 0.0694505 -0.330263
    outer loop
      vertex 55.0361 -2.70375 211.279
      vertex 121.653 -11.9817 19.4532
      vertex 54.8371 -5.40099 211.279
    endloop
  endfacet
  facet normal -0.847901 0.0624981 -0.526459
    outer loop
      vertex 124.849 -6.13346 15
      vertex 124.398 -12.2521 15
      vertex 122.094 -5.9981 19.4532
    endloop
  endfacet
  facet normal -0.847905 0.0624918 -0.526452
    outer loop
      vertex 122.094 -5.9981 19.4532
      vertex 124.398 -12.2521 15
      vertex 121.653 -11.9817 19.4532
    endloop
  endfacet
  facet normal 0.941332 -0.0694403 0.33026
    outer loop
      vertex 124.849 -6.13346 15
      vertex 54.9338 -2.69872 215
      vertex 54.7352 -5.39094 215
    endloop
  endfacet
  facet normal 0.941336 -0.0693851 0.330261
    outer loop
      vertex 124.398 -12.2521 15
      vertex 124.849 -6.13346 15
      vertex 54.7352 -5.39094 215
    endloop
  endfacet
  facet normal -0.992107 0.12234 -0.0274994
    outer loop
      vertex 54.7352 -5.39094 215
      vertex 54.8371 -5.40099 211.279
      vertex 54.5061 -8.08521 211.279
    endloop
  endfacet
  facet normal -0.992101 0.122382 -0.0275298
    outer loop
      vertex 54.7352 -5.39094 215
      vertex 54.5061 -8.08521 211.279
      vertex 54.4047 -8.07018 215
    endloop
  endfacet
  facet normal -0.93678 0.115627 -0.330262
    outer loop
      vertex 121.653 -11.9817 19.4532
      vertex 120.918 -17.9365 19.4532
      vertex 54.8371 -5.40099 211.279
    endloop
  endfacet
  facet normal -0.936794 0.115519 -0.33026
    outer loop
      vertex 54.8371 -5.40099 211.279
      vertex 120.918 -17.9365 19.4532
      vertex 54.5061 -8.08521 211.279
    endloop
  endfacet
  facet normal -0.843811 0.10407 -0.526453
    outer loop
      vertex 124.398 -12.2521 15
      vertex 123.647 -18.3413 15
      vertex 121.653 -11.9817 19.4532
    endloop
  endfacet
  facet normal -0.843752 0.104144 -0.526533
    outer loop
      vertex 121.653 -11.9817 19.4532
      vertex 123.647 -18.3413 15
      vertex 120.918 -17.9365 19.4532
    endloop
  endfacet
  facet normal 0.936789 -0.115558 0.330261
    outer loop
      vertex 124.398 -12.2521 15
      vertex 54.7352 -5.39094 215
      vertex 54.4047 -8.07018 215
    endloop
  endfacet
  facet normal 0.936792 -0.115537 0.330262
    outer loop
      vertex 123.647 -18.3413 15
      vertex 124.398 -12.2521 15
      vertex 54.4047 -8.07018 215
    endloop
  endfacet
  facet normal -0.984903 0.170902 -0.0275297
    outer loop
      vertex 54.4047 -8.07018 215
      vertex 54.5061 -8.08521 211.279
      vertex 54.0437 -10.75 211.279
    endloop
  endfacet
  facet normal -0.984906 0.170889 -0.0275197
    outer loop
      vertex 54.4047 -8.07018 215
      vertex 54.0437 -10.75 211.279
      vertex 53.9432 -10.73 215
    endloop
  endfacet
  facet normal -0.930014 0.161253 -0.330261
    outer loop
      vertex 120.918 -17.9365 19.4532
      vertex 119.893 -23.8481 19.4532
      vertex 54.5061 -8.08521 211.279
    endloop
  endfacet
  facet normal -0.929992 0.161374 -0.330263
    outer loop
      vertex 54.5061 -8.08521 211.279
      vertex 119.893 -23.8481 19.4532
      vertex 54.0437 -10.75 211.279
    endloop
  endfacet
  facet normal -0.837637 0.145357 -0.526532
    outer loop
      vertex 123.647 -18.3413 15
      vertex 122.598 -24.3863 15
      vertex 120.918 -17.9365 19.4532
    endloop
  endfacet
  facet normal -0.837729 0.145252 -0.526415
    outer loop
      vertex 120.918 -17.9365 19.4532
      vertex 122.598 -24.3863 15
      vertex 119.893 -23.8481 19.4532
    endloop
  endfacet
  facet normal 0.929994 -0.161361 0.330262
    outer loop
      vertex 123.647 -18.3413 15
      vertex 54.4047 -8.07018 215
      vertex 53.9432 -10.73 215
    endloop
  endfacet
  facet normal 0.929991 -0.161383 0.330261
    outer loop
      vertex 122.598 -24.3863 15
      vertex 123.647 -18.3413 15
      vertex 53.9432 -10.73 215
    endloop
  endfacet
  facet normal -0.97533 0.219032 -0.0275198
    outer loop
      vertex 53.9432 -10.73 215
      vertex 54.0437 -10.75 211.279
      vertex 53.4511 -13.3888 211.279
    endloop
  endfacet
  facet normal -0.97533 0.219032 -0.0275199
    outer loop
      vertex 53.9432 -10.73 215
      vertex 53.4511 -13.3888 211.279
      vertex 53.3517 -13.3639 215
    endloop
  endfacet
  facet normal -0.920941 0.20687 -0.330263
    outer loop
      vertex 119.893 -23.8481 19.4532
      vertex 118.578 -29.7022 19.4532
      vertex 54.0437 -10.75 211.279
    endloop
  endfacet
  facet normal -0.920952 0.20682 -0.330262
    outer loop
      vertex 54.0437 -10.75 211.279
      vertex 118.578 -29.7022 19.4532
      vertex 53.4511 -13.3888 211.279
    endloop
  endfacet
  facet normal -0.829575 0.186253 -0.526417
    outer loop
      vertex 122.598 -24.3863 15
      vertex 121.254 -30.3725 15
      vertex 119.893 -23.8481 19.4532
    endloop
  endfacet
  facet normal -0.829501 0.18633 -0.526507
    outer loop
      vertex 119.893 -23.8481 19.4532
      vertex 121.254 -30.3725 15
      vertex 118.578 -29.7022 19.4532
    endloop
  endfacet
  facet normal 0.920952 -0.20682 0.330261
    outer loop
      vertex 122.598 -24.3863 15
      vertex 53.9432 -10.73 215
      vertex 53.3517 -13.3639 215
    endloop
  endfacet
  facet normal 0.920963 -0.206771 0.330262
    outer loop
      vertex 121.254 -30.3725 15
      vertex 122.598 -24.3863 15
      vertex 53.3517 -13.3639 215
    endloop
  endfacet
  facet normal -0.963415 0.266597 -0.0275199
    outer loop
      vertex 53.3517 -13.3639 215
      vertex 53.4511 -13.3888 211.279
      vertex 52.7298 -15.9954 211.279
    endloop
  endfacet
  facet normal -0.963412 0.266607 -0.0275273
    outer loop
      vertex 53.3517 -13.3639 215
      vertex 52.7298 -15.9954 211.279
      vertex 52.6317 -15.9657 215
    endloop
  endfacet
  facet normal -0.909709 0.251709 -0.330262
    outer loop
      vertex 118.578 -29.7022 19.4532
      vertex 116.978 -35.4848 19.4532
      vertex 53.4511 -13.3888 211.279
    endloop
  endfacet
  facet normal -0.909702 0.251733 -0.330262
    outer loop
      vertex 53.4511 -13.3888 211.279
      vertex 116.978 -35.4848 19.4532
      vertex 52.7298 -15.9954 211.279
    endloop
  endfacet
  facet normal -0.819388 0.226703 -0.526507
    outer loop
      vertex 121.254 -30.3725 15
      vertex 119.618 -36.2856 15
      vertex 118.578 -29.7022 19.4532
    endloop
  endfacet
  facet normal -0.819375 0.226715 -0.526521
    outer loop
      vertex 118.578 -29.7022 19.4532
      vertex 119.618 -36.2856 15
      vertex 116.978 -35.4848 19.4532
    endloop
  endfacet
  facet normal 0.909699 -0.251742 0.330262
    outer loop
      vertex 121.254 -30.3725 15
      vertex 53.3517 -13.3639 215
      vertex 52.6317 -15.9657 215
    endloop
  endfacet
  facet normal 0.909712 -0.251694 0.330263
    outer loop
      vertex 119.618 -36.2856 15
      vertex 121.254 -30.3725 15
      vertex 52.6317 -15.9657 215
    endloop
  endfacet
  facet normal -0.949167 0.313568 -0.0275265
    outer loop
      vertex 52.6317 -15.9657 215
      vertex 52.7298 -15.9954 211.279
      vertex 51.8814 -18.5635 211.279
    endloop
  endfacet
  facet normal -0.949165 0.313574 -0.0275313
    outer loop
      vertex 52.6317 -15.9657 215
      vertex 51.8814 -18.5635 211.279
      vertex 51.7849 -18.5289 215
    endloop
  endfacet
  facet normal -0.896253 0.296071 -0.330262
    outer loop
      vertex 116.978 -35.4848 19.4532
      vertex 115.096 -41.1819 19.4532
      vertex 52.7298 -15.9954 211.279
    endloop
  endfacet
  facet normal -0.896248 0.296085 -0.330263
    outer loop
      vertex 52.7298 -15.9954 211.279
      vertex 115.096 -41.1819 19.4532
      vertex 51.8814 -18.5635 211.279
    endloop
  endfacet
  facet normal -0.807233 0.266741 -0.526521
    outer loop
      vertex 119.618 -36.2856 15
      vertex 117.693 -42.1112 15
      vertex 116.978 -35.4848 19.4532
    endloop
  endfacet
  facet normal -0.807298 0.266686 -0.526449
    outer loop
      vertex 116.978 -35.4848 19.4532
      vertex 117.693 -42.1112 15
      vertex 115.096 -41.1819 19.4532
    endloop
  endfacet
  facet normal 0.896246 -0.296091 0.330264
    outer loop
      vertex 119.618 -36.2856 15
      vertex 52.6317 -15.9657 215
      vertex 51.7849 -18.5289 215
    endloop
  endfacet
  facet normal 0.896227 -0.296148 0.330262
    outer loop
      vertex 117.693 -42.1112 15
      vertex 119.618 -36.2856 15
      vertex 51.7849 -18.5289 215
    endloop
  endfacet
  facet normal -0.932632 0.359777 -0.0275322
    outer loop
      vertex 51.7849 -18.5289 215
      vertex 51.8814 -18.5635 211.279
      vertex 50.908 -21.0868 211.279
    endloop
  endfacet
  facet normal -0.932649 0.359736 -0.0275007
    outer loop
      vertex 51.7849 -18.5289 215
      vertex 50.908 -21.0868 211.279
      vertex 50.8134 -21.0476 215
    endloop
  endfacet
  facet normal -0.880605 0.339796 -0.330262
    outer loop
      vertex 115.096 -41.1819 19.4532
      vertex 112.936 -46.7797 19.4532
      vertex 51.8814 -18.5635 211.279
    endloop
  endfacet
  facet normal -0.880636 0.339718 -0.33026
    outer loop
      vertex 51.8814 -18.5635 211.279
      vertex 112.936 -46.7797 19.4532
      vertex 50.908 -21.0868 211.279
    endloop
  endfacet
  facet normal -0.793239 0.305977 -0.52645
    outer loop
      vertex 117.693 -42.1112 15
      vertex 115.485 -47.8354 15
      vertex 115.096 -41.1819 19.4532
    endloop
  endfacet
  facet normal -0.793146 0.306048 -0.526548
    outer loop
      vertex 115.096 -41.1819 19.4532
      vertex 115.485 -47.8354 15
      vertex 112.936 -46.7797 19.4532
    endloop
  endfacet
  facet normal 0.88065 -0.33968 0.330262
    outer loop
      vertex 117.693 -42.1112 15
      vertex 51.7849 -18.5289 215
      vertex 50.8134 -21.0476 215
    endloop
  endfacet
  facet normal 0.880645 -0.339692 0.330262
    outer loop
      vertex 115.485 -47.8354 15
      vertex 117.693 -42.1112 15
      vertex 50.8134 -21.0476 215
    endloop
  endfacet
  facet normal -0.913862 0.405093 -0.0275009
    outer loop
      vertex 50.8134 -21.0476 215
      vertex 50.908 -21.0868 211.279
      vertex 49.812 -23.5593 211.279
    endloop
  endfacet
  facet normal -0.913856 0.405105 -0.0275105
    outer loop
      vertex 50.8134 -21.0476 215
      vertex 49.812 -23.5593 211.279
      vertex 49.7194 -23.5155 215
    endloop
  endfacet
  facet normal -0.862938 0.382448 -0.330261
    outer loop
      vertex 112.936 -46.7797 19.4532
      vertex 110.505 -52.2649 19.4532
      vertex 50.908 -21.0868 211.279
    endloop
  endfacet
  facet normal -0.862911 0.382508 -0.330262
    outer loop
      vertex 50.908 -21.0868 211.279
      vertex 110.505 -52.2649 19.4532
      vertex 49.812 -23.5593 211.279
    endloop
  endfacet
  facet normal -0.777227 0.34448 -0.526547
    outer loop
      vertex 115.485 -47.8354 15
      vertex 112.999 -53.4444 15
      vertex 112.936 -46.7797 19.4532
    endloop
  endfacet
  facet normal -0.777243 0.344468 -0.52653
    outer loop
      vertex 112.936 -46.7797 19.4532
      vertex 112.999 -53.4444 15
      vertex 110.505 -52.2649 19.4532
    endloop
  endfacet
  facet normal 0.862906 -0.382519 0.330262
    outer loop
      vertex 115.485 -47.8354 15
      vertex 50.8134 -21.0476 215
      vertex 49.7194 -23.5155 215
    endloop
  endfacet
  facet normal 0.86293 -0.382464 0.330263
    outer loop
      vertex 112.999 -53.4444 15
      vertex 115.485 -47.8354 15
      vertex 49.7194 -23.5155 215
    endloop
  endfacet
  facet normal -0.892888 0.449438 -0.0275106
    outer loop
      vertex 49.7194 -23.5155 215
      vertex 49.812 -23.5593 211.279
      vertex 48.596 -25.9751 211.279
    endloop
  endfacet
  facet normal -0.892893 0.449428 -0.0275022
    outer loop
      vertex 49.7194 -23.5155 215
      vertex 48.596 -25.9751 211.279
      vertex 48.5057 -25.9268 215
    endloop
  endfacet
  facet normal -0.843083 0.424428 -0.330261
    outer loop
      vertex 110.505 -52.2649 19.4532
      vertex 107.807 -57.6242 19.4532
      vertex 49.812 -23.5593 211.279
    endloop
  endfacet
  facet normal -0.843107 0.42438 -0.33026
    outer loop
      vertex 49.812 -23.5593 211.279
      vertex 107.807 -57.6242 19.4532
      vertex 48.596 -25.9751 211.279
    endloop
  endfacet
  facet normal -0.759353 0.382295 -0.52653
    outer loop
      vertex 110.505 -52.2649 19.4532
      vertex 112.999 -53.4444 15
      vertex 110.24 -58.9246 15
    endloop
  endfacet
  facet normal -0.75937 0.382285 -0.526513
    outer loop
      vertex 110.505 -52.2649 19.4532
      vertex 110.24 -58.9246 15
      vertex 107.807 -57.6242 19.4532
    endloop
  endfacet
  facet normal 0.843111 -0.42437 0.330263
    outer loop
      vertex 112.999 -53.4444 15
      vertex 49.7194 -23.5155 215
      vertex 48.5057 -25.9268 215
    endloop
  endfacet
  facet normal 0.843074 -0.424445 0.330262
    outer loop
      vertex 110.24 -58.9246 15
      vertex 112.999 -53.4444 15
      vertex 48.5057 -25.9268 215
    endloop
  endfacet
  facet normal -0.869769 0.492692 -0.0275026
    outer loop
      vertex 48.5057 -25.9268 215
      vertex 48.596 -25.9751 211.279
      vertex 47.263 -28.3283 211.279
    endloop
  endfacet
  facet normal -0.869763 0.492702 -0.027511
    outer loop
      vertex 48.5057 -25.9268 215
      vertex 47.263 -28.3283 211.279
      vertex 47.1751 -28.2757 215
    endloop
  endfacet
  facet normal -0.821288 0.465203 -0.330261
    outer loop
      vertex 107.807 -57.6242 19.4532
      vertex 104.85 -62.8446 19.4532
      vertex 48.596 -25.9751 211.279
    endloop
  endfacet
  facet normal -0.821277 0.465223 -0.330261
    outer loop
      vertex 48.596 -25.9751 211.279
      vertex 104.85 -62.8446 19.4532
      vertex 47.263 -28.3283 211.279
    endloop
  endfacet
  facet normal -0.739723 0.41904 -0.526513
    outer loop
      vertex 107.807 -57.6242 19.4532
      vertex 110.24 -58.9246 15
      vertex 107.216 -64.2628 15
    endloop
  endfacet
  facet normal -0.739757 0.419022 -0.52648
    outer loop
      vertex 107.807 -57.6242 19.4532
      vertex 107.216 -64.2628 15
      vertex 104.85 -62.8446 19.4532
    endloop
  endfacet
  facet normal 0.821271 -0.465232 0.330261
    outer loop
      vertex 110.24 -58.9246 15
      vertex 48.5057 -25.9268 215
      vertex 47.1751 -28.2757 215
    endloop
  endfacet
  facet normal 0.82127 -0.465235 0.330261
    outer loop
      vertex 107.216 -64.2628 15
      vertex 110.24 -58.9246 15
      vertex 47.1751 -28.2757 215
    endloop
  endfacet
  facet normal -0.844527 0.534806 -0.02751
    outer loop
      vertex 47.1751 -28.2757 215
      vertex 47.263 -28.3283 211.279
      vertex 45.816 -30.6133 211.279
    endloop
  endfacet
  facet normal -0.844523 0.534812 -0.0275152
    outer loop
      vertex 47.1751 -28.2757 215
      vertex 45.816 -30.6133 211.279
      vertex 45.7308 -30.5564 215
    endloop
  endfacet
  facet normal -0.797446 0.504982 -0.330261
    outer loop
      vertex 104.85 -62.8446 19.4532
      vertex 101.64 -67.9137 19.4532
      vertex 47.263 -28.3283 211.279
    endloop
  endfacet
  facet normal -0.797442 0.504989 -0.330262
    outer loop
      vertex 47.263 -28.3283 211.279
      vertex 101.64 -67.9137 19.4532
      vertex 45.816 -30.6133 211.279
    endloop
  endfacet
  facet normal -0.718309 0.454807 -0.526481
    outer loop
      vertex 104.85 -62.8446 19.4532
      vertex 107.216 -64.2628 15
      vertex 103.934 -69.4463 15
    endloop
  endfacet
  facet normal -0.718255 0.454834 -0.526532
    outer loop
      vertex 104.85 -62.8446 19.4532
      vertex 103.934 -69.4463 15
      vertex 101.64 -67.9137 19.4532
    endloop
  endfacet
  facet normal 0.797439 -0.504994 0.330261
    outer loop
      vertex 107.216 -64.2628 15
      vertex 47.1751 -28.2757 215
      vertex 45.7308 -30.5564 215
    endloop
  endfacet
  facet normal 0.797477 -0.504933 0.330262
    outer loop
      vertex 103.934 -69.4463 15
      vertex 107.216 -64.2628 15
      vertex 45.7308 -30.5564 215
    endloop
  endfacet
  facet normal -0.817276 0.57559 -0.0275149
    outer loop
      vertex 45.7308 -30.5564 215
      vertex 45.816 -30.6133 211.279
      vertex 44.2587 -32.8245 211.279
    endloop
  endfacet
  facet normal -0.817278 0.575586 -0.0275122
    outer loop
      vertex 45.7308 -30.5564 215
      vertex 44.2587 -32.8245 211.279
      vertex 44.1764 -32.7635 215
    endloop
  endfacet
  facet normal -0.771708 0.543502 -0.330261
    outer loop
      vertex 101.64 -67.9137 19.4532
      vertex 98.1852 -72.8191 19.4532
      vertex 45.816 -30.6133 211.279
    endloop
  endfacet
  facet normal -0.77171 0.543499 -0.330261
    outer loop
      vertex 45.816 -30.6133 211.279
      vertex 98.1852 -72.8191 19.4532
      vertex 44.2587 -32.8245 211.279
    endloop
  endfacet
  facet normal -0.695057 0.489551 -0.526531
    outer loop
      vertex 101.64 -67.9137 19.4532
      vertex 103.934 -69.4463 15
      vertex 100.401 -74.4624 15
    endloop
  endfacet
  facet normal -0.695086 0.489539 -0.526505
    outer loop
      vertex 101.64 -67.9137 19.4532
      vertex 100.401 -74.4624 15
      vertex 98.1852 -72.8191 19.4532
    endloop
  endfacet
  facet normal 0.771712 -0.543495 0.330263
    outer loop
      vertex 103.934 -69.4463 15
      vertex 45.7308 -30.5564 215
      vertex 44.1764 -32.7635 215
    endloop
  endfacet
  facet normal 0.77169 -0.543526 0.330262
    outer loop
      vertex 100.401 -74.4624 15
      vertex 103.934 -69.4463 15
      vertex 44.1764 -32.7635 215
    endloop
  endfacet
  facet normal -0.788049 0.614997 -0.0275118
    outer loop
      vertex 44.1764 -32.7635 215
      vertex 44.2587 -32.8245 211.279
      vertex 42.5948 -34.9566 211.279
    endloop
  endfacet
  facet normal -0.788045 0.615002 -0.0275163
    outer loop
      vertex 44.1764 -32.7635 215
      vertex 42.5948 -34.9566 211.279
      vertex 42.5156 -34.8916 215
    endloop
  endfacet
  facet normal -0.744114 0.580708 -0.330261
    outer loop
      vertex 98.1852 -72.8191 19.4532
      vertex 94.4939 -77.5491 19.4532
      vertex 44.2587 -32.8245 211.279
    endloop
  endfacet
  facet normal -0.744113 0.580709 -0.330261
    outer loop
      vertex 44.2587 -32.8245 211.279
      vertex 94.4939 -77.5491 19.4532
      vertex 42.5948 -34.9566 211.279
    endloop
  endfacet
  facet normal -0.670229 0.523055 -0.526504
    outer loop
      vertex 98.1852 -72.8191 19.4532
      vertex 100.401 -74.4624 15
      vertex 96.6263 -79.2992 15
    endloop
  endfacet
  facet normal -0.670235 0.523053 -0.526499
    outer loop
      vertex 98.1852 -72.8191 19.4532
      vertex 96.6263 -79.2992 15
      vertex 94.4939 -77.5491 19.4532
    endloop
  endfacet
  facet normal 0.744109 -0.580714 0.330262
    outer loop
      vertex 100.401 -74.4624 15
      vertex 44.1764 -32.7635 215
      vertex 42.5156 -34.8916 215
    endloop
  endfacet
  facet normal 0.74411 -0.580713 0.330262
    outer loop
      vertex 96.6263 -79.2992 15
      vertex 100.401 -74.4624 15
      vertex 42.5156 -34.8916 215
    endloop
  endfacet
  facet normal -0.756925 0.652922 -0.0275164
    outer loop
      vertex 42.5156 -34.8916 215
      vertex 42.5948 -34.9566 211.279
      vertex 40.8282 -37.0046 211.279
    endloop
  endfacet
  facet normal -0.756913 0.652935 -0.0275294
    outer loop
      vertex 42.5156 -34.8916 215
      vertex 40.8282 -37.0046 211.279
      vertex 40.7523 -36.9357 215
    endloop
  endfacet
  facet normal -0.714721 0.616524 -0.330261
    outer loop
      vertex 94.4939 -77.5491 19.4532
      vertex 90.5749 -82.0923 19.4532
      vertex 42.5948 -34.9566 211.279
    endloop
  endfacet
  facet normal -0.714724 0.61652 -0.330261
    outer loop
      vertex 42.5948 -34.9566 211.279
      vertex 90.5749 -82.0923 19.4532
      vertex 40.8282 -37.0046 211.279
    endloop
  endfacet
  facet normal -0.643761 0.555311 -0.526499
    outer loop
      vertex 94.4939 -77.5491 19.4532
      vertex 96.6263 -79.2992 15
      vertex 92.6189 -83.9449 15
    endloop
  endfacet
  facet normal -0.643759 0.555312 -0.526501
    outer loop
      vertex 94.4939 -77.5491 19.4532
      vertex 92.6189 -83.9449 15
      vertex 90.5749 -82.0923 19.4532
    endloop
  endfacet
  facet normal 0.714713 -0.616532 0.330262
    outer loop
      vertex 96.6263 -79.2992 15
      vertex 42.5156 -34.8916 215
      vertex 40.7523 -36.9357 215
    endloop
  endfacet
  facet normal 0.714722 -0.616522 0.330262
    outer loop
      vertex 92.6189 -83.9449 15
      vertex 96.6263 -79.2992 15
      vertex 40.7523 -36.9357 215
    endloop
  endfacet
  facet normal -0.723961 0.689291 -0.0275305
    outer loop
      vertex 40.7523 -36.9357 215
      vertex 40.8282 -37.0046 211.279
      vertex 38.9633 -38.9633 211.279
    endloop
  endfacet
  facet normal -0.723993 0.689259 -0.0274978
    outer loop
      vertex 40.7523 -36.9357 215
      vertex 38.9633 -38.9633 211.279
      vertex 38.8909 -38.8909 215
    endloop
  endfacet
  facet normal -0.683606 0.650853 -0.330261
    outer loop
      vertex 90.5749 -82.0923 19.4532
      vertex 86.4377 -86.4377 19.4532
      vertex 40.8282 -37.0046 211.279
    endloop
  endfacet
  facet normal -0.683598 0.650862 -0.330262
    outer loop
      vertex 40.8282 -37.0046 211.279
      vertex 86.4377 -86.4377 19.4532
      vertex 38.9633 -38.9633 211.279
    endloop
  endfacet
  facet normal -0.615741 0.586225 -0.526501
    outer loop
      vertex 90.5749 -82.0923 19.4532
      vertex 92.6189 -83.9449 15
      vertex 88.3884 -88.3884 15
    endloop
  endfacet
  facet normal -0.615729 0.586228 -0.526511
    outer loop
      vertex 90.5749 -82.0923 19.4532
      vertex 88.3884 -88.3884 15
      vertex 86.4377 -86.4377 19.4532
    endloop
  endfacet
  facet normal 0.683627 -0.650831 0.330262
    outer loop
      vertex 92.6189 -83.9449 15
      vertex 40.7523 -36.9357 215
      vertex 38.8909 -38.8909 215
    endloop
  endfacet
  facet normal 0.683614 -0.650845 0.330262
    outer loop
      vertex 88.3884 -88.3884 15
      vertex 92.6189 -83.9449 15
      vertex 38.8909 -38.8909 215
    endloop
  endfacet
  facet normal -0.689292 0.723962 -0.0274979
    outer loop
      vertex 38.8909 -38.8909 215
      vertex 38.9633 -38.9633 211.279
      vertex 37.0046 -40.8282 211.279
    endloop
  endfacet
  facet normal -0.689259 0.723992 -0.0275305
    outer loop
      vertex 38.8909 -38.8909 215
      vertex 37.0046 -40.8282 211.279
      vertex 36.9357 -40.7523 215
    endloop
  endfacet
  facet normal -0.650853 0.683606 -0.330261
    outer loop
      vertex 86.4377 -86.4377 19.4532
      vertex 82.0923 -90.5749 19.4532
      vertex 38.9633 -38.9633 211.279
    endloop
  endfacet
  facet normal -0.650862 0.683598 -0.330261
    outer loop
      vertex 38.9633 -38.9633 211.279
      vertex 82.0923 -90.5749 19.4532
      vertex 37.0046 -40.8282 211.279
    endloop
  endfacet
  facet normal -0.586221 0.615736 -0.526511
    outer loop
      vertex 86.4377 -86.4377 19.4532
      vertex 88.3884 -88.3884 15
      vertex 83.9449 -92.6189 15
    endloop
  endfacet
  facet normal -0.586232 0.615734 -0.526501
    outer loop
      vertex 86.4377 -86.4377 19.4532
      vertex 83.9449 -92.6189 15
      vertex 82.0923 -90.5749 19.4532
    endloop
  endfacet
  facet normal 0.650831 -0.683628 0.330262
    outer loop
      vertex 88.3884 -88.3884 15
      vertex 38.8909 -38.8909 215
      vertex 36.9357 -40.7523 215
    endloop
  endfacet
  facet normal 0.650845 -0.683614 0.330262
    outer loop
      vertex 83.9449 -92.6189 15
      vertex 88.3884 -88.3884 15
      vertex 36.9357 -40.7523 215
    endloop
  endfacet
  facet normal -0.652922 0.756925 -0.0275294
    outer loop
      vertex 36.9357 -40.7523 215
      vertex 37.0046 -40.8282 211.279
      vertex 34.9566 -42.5948 211.279
    endloop
  endfacet
  facet normal -0.652936 0.756913 -0.0275164
    outer loop
      vertex 36.9357 -40.7523 215
      vertex 34.9566 -42.5948 211.279
      vertex 34.8916 -42.5156 215
    endloop
  endfacet
  facet normal -0.616524 0.714721 -0.330261
    outer loop
      vertex 82.0923 -90.5749 19.4532
      vertex 77.5491 -94.4939 19.4532
      vertex 37.0046 -40.8282 211.279
    endloop
  endfacet
  facet normal -0.61652 0.714724 -0.330261
    outer loop
      vertex 37.0046 -40.8282 211.279
      vertex 77.5491 -94.4939 19.4532
      vertex 34.9566 -42.5948 211.279
    endloop
  endfacet
  facet normal -0.55531 0.64376 -0.526501
    outer loop
      vertex 82.0923 -90.5749 19.4532
      vertex 83.9449 -92.6189 15
      vertex 79.2992 -96.6263 15
    endloop
  endfacet
  facet normal -0.555312 0.64376 -0.526499
    outer loop
      vertex 82.0923 -90.5749 19.4532
      vertex 79.2992 -96.6263 15
      vertex 77.5491 -94.4939 19.4532
    endloop
  endfacet
  facet normal 0.616532 -0.714713 0.330262
    outer loop
      vertex 83.9449 -92.6189 15
      vertex 36.9357 -40.7523 215
      vertex 34.8916 -42.5156 215
    endloop
  endfacet
  facet normal 0.616522 -0.714722 0.330262
    outer loop
      vertex 79.2992 -96.6263 15
      vertex 83.9449 -92.6189 15
      vertex 34.8916 -42.5156 215
    endloop
  endfacet
  facet normal -0.614997 0.788049 -0.0275163
    outer loop
      vertex 34.8916 -42.5156 215
      vertex 34.9566 -42.5948 211.279
      vertex 32.8245 -44.2587 211.279
    endloop
  endfacet
  facet normal -0.615002 0.788045 -0.0275118
    outer loop
      vertex 34.8916 -42.5156 215
      vertex 32.8245 -44.2587 211.279
      vertex 32.7635 -44.1764 215
    endloop
  endfacet
  facet normal -0.580708 0.744114 -0.330261
    outer loop
      vertex 77.5491 -94.4939 19.4532
      vertex 72.8191 -98.1852 19.4532
      vertex 34.9566 -42.5948 211.279
    endloop
  endfacet
  facet normal -0.580709 0.744113 -0.330261
    outer loop
      vertex 34.9566 -42.5948 211.279
      vertex 72.8191 -98.1852 19.4532
      vertex 32.8245 -44.2587 211.279
    endloop
  endfacet
  facet normal -0.523057 0.670232 -0.526499
    outer loop
      vertex 77.5491 -94.4939 19.4532
      vertex 79.2992 -96.6263 15
      vertex 74.4624 -100.401 15
    endloop
  endfacet
  facet normal -0.52305 0.670232 -0.526504
    outer loop
      vertex 77.5491 -94.4939 19.4532
      vertex 74.4624 -100.401 15
      vertex 72.8191 -98.1852 19.4532
    endloop
  endfacet
  facet normal 0.580714 -0.744109 0.330262
    outer loop
      vertex 79.2992 -96.6263 15
      vertex 34.8916 -42.5156 215
      vertex 32.7635 -44.1764 215
    endloop
  endfacet
  facet normal 0.580713 -0.74411 0.330262
    outer loop
      vertex 74.4624 -100.401 15
      vertex 79.2992 -96.6263 15
      vertex 32.7635 -44.1764 215
    endloop
  endfacet
  facet normal -0.57559 0.817276 -0.0275122
    outer loop
      vertex 32.7635 -44.1764 215
      vertex 32.8245 -44.2587 211.279
      vertex 30.6133 -45.816 211.279
    endloop
  endfacet
  facet normal -0.575586 0.817278 -0.0275149
    outer loop
      vertex 32.7635 -44.1764 215
      vertex 30.6133 -45.816 211.279
      vertex 30.5564 -45.7308 215
    endloop
  endfacet
  facet normal -0.543502 0.771708 -0.330261
    outer loop
      vertex 72.8191 -98.1852 19.4532
      vertex 67.9137 -101.64 19.4532
      vertex 32.8245 -44.2587 211.279
    endloop
  endfacet
  facet normal -0.543499 0.77171 -0.330261
    outer loop
      vertex 32.8245 -44.2587 211.279
      vertex 67.9137 -101.64 19.4532
      vertex 30.6133 -45.816 211.279
    endloop
  endfacet
  facet normal -0.48956 0.695071 -0.526505
    outer loop
      vertex 72.8191 -98.1852 19.4532
      vertex 74.4624 -100.401 15
      vertex 69.4463 -103.934 15
    endloop
  endfacet
  facet normal -0.489529 0.695073 -0.526531
    outer loop
      vertex 72.8191 -98.1852 19.4532
      vertex 69.4463 -103.934 15
      vertex 67.9137 -101.64 19.4532
    endloop
  endfacet
  facet normal 0.543496 -0.771712 0.330262
    outer loop
      vertex 74.4624 -100.401 15
      vertex 32.7635 -44.1764 215
      vertex 30.5564 -45.7308 215
    endloop
  endfacet
  facet normal 0.543526 -0.77169 0.330263
    outer loop
      vertex 69.4463 -103.934 15
      vertex 74.4624 -100.401 15
      vertex 30.5564 -45.7308 215
    endloop
  endfacet
  facet normal -0.534806 0.844527 -0.0275152
    outer loop
      vertex 30.5564 -45.7308 215
      vertex 30.6133 -45.816 211.279
      vertex 28.3283 -47.263 211.279
    endloop
  endfacet
  facet normal -0.534812 0.844523 -0.02751
    outer loop
      vertex 30.5564 -45.7308 215
      vertex 28.3283 -47.263 211.279
      vertex 28.2757 -47.1751 215
    endloop
  endfacet
  facet normal -0.504982 0.797446 -0.330261
    outer loop
      vertex 67.9137 -101.64 19.4532
      vertex 62.8446 -104.85 19.4532
      vertex 30.6133 -45.816 211.279
    endloop
  endfacet
  facet normal -0.504989 0.797442 -0.330261
    outer loop
      vertex 30.6133 -45.816 211.279
      vertex 62.8446 -104.85 19.4532
      vertex 28.3283 -47.263 211.279
    endloop
  endfacet
  facet normal -0.45479 0.718283 -0.526532
    outer loop
      vertex 67.9137 -101.64 19.4532
      vertex 69.4463 -103.934 15
      vertex 64.2628 -107.216 15
    endloop
  endfacet
  facet normal -0.454851 0.718282 -0.526481
    outer loop
      vertex 67.9137 -101.64 19.4532
      vertex 64.2628 -107.216 15
      vertex 62.8446 -104.85 19.4532
    endloop
  endfacet
  facet normal 0.504994 -0.797438 0.330263
    outer loop
      vertex 69.4463 -103.934 15
      vertex 30.5564 -45.7308 215
      vertex 28.2757 -47.1751 215
    endloop
  endfacet
  facet normal 0.504933 -0.797477 0.330262
    outer loop
      vertex 64.2628 -107.216 15
      vertex 69.4463 -103.934 15
      vertex 28.2757 -47.1751 215
    endloop
  endfacet
  facet normal -0.492692 0.869769 -0.027511
    outer loop
      vertex 28.2757 -47.1751 215
      vertex 28.3283 -47.263 211.279
      vertex 25.9751 -48.596 211.279
    endloop
  endfacet
  facet normal -0.492702 0.869763 -0.0275026
    outer loop
      vertex 28.2757 -47.1751 215
      vertex 25.9751 -48.596 211.279
      vertex 25.9268 -48.5057 215
    endloop
  endfacet
  facet normal -0.465203 0.821288 -0.330261
    outer loop
      vertex 62.8446 -104.85 19.4532
      vertex 57.6242 -107.807 19.4532
      vertex 28.3283 -47.263 211.279
    endloop
  endfacet
  facet normal -0.465223 0.821277 -0.330261
    outer loop
      vertex 28.3283 -47.263 211.279
      vertex 57.6242 -107.807 19.4532
      vertex 25.9751 -48.596 211.279
    endloop
  endfacet
  facet normal -0.41905 0.73974 -0.52648
    outer loop
      vertex 62.8446 -104.85 19.4532
      vertex 64.2628 -107.216 15
      vertex 58.9246 -110.24 15
    endloop
  endfacet
  facet normal -0.419012 0.739739 -0.526513
    outer loop
      vertex 62.8446 -104.85 19.4532
      vertex 58.9246 -110.24 15
      vertex 57.6242 -107.807 19.4532
    endloop
  endfacet
  facet normal 0.465232 -0.821271 0.330261
    outer loop
      vertex 64.2628 -107.216 15
      vertex 28.2757 -47.1751 215
      vertex 25.9268 -48.5057 215
    endloop
  endfacet
  facet normal 0.465235 -0.82127 0.330261
    outer loop
      vertex 58.9246 -110.24 15
      vertex 64.2628 -107.216 15
      vertex 25.9268 -48.5057 215
    endloop
  endfacet
  facet normal -0.449438 0.892888 -0.0275022
    outer loop
      vertex 25.9268 -48.5057 215
      vertex 25.9751 -48.596 211.279
      vertex 23.5593 -49.812 211.279
    endloop
  endfacet
  facet normal -0.449427 0.892893 -0.0275106
    outer loop
      vertex 25.9268 -48.5057 215
      vertex 23.5593 -49.812 211.279
      vertex 23.5155 -49.7194 215
    endloop
  endfacet
  facet normal -0.424428 0.843083 -0.330261
    outer loop
      vertex 57.6242 -107.807 19.4532
      vertex 52.2649 -110.505 19.4532
      vertex 25.9751 -48.596 211.279
    endloop
  endfacet
  facet normal -0.42438 0.843107 -0.330262
    outer loop
      vertex 25.9751 -48.596 211.279
      vertex 52.2649 -110.505 19.4532
      vertex 23.5593 -49.812 211.279
    endloop
  endfacet
  facet normal -0.3823 0.759362 -0.526514
    outer loop
      vertex 57.6242 -107.807 19.4532
      vertex 58.9246 -110.24 15
      vertex 53.4444 -112.999 15
    endloop
  endfacet
  facet normal -0.38228 0.75936 -0.52653
    outer loop
      vertex 57.6242 -107.807 19.4532
      vertex 53.4444 -112.999 15
      vertex 52.2649 -110.505 19.4532
    endloop
  endfacet
  facet normal 0.424371 -0.843112 0.330261
    outer loop
      vertex 58.9246 -110.24 15
      vertex 25.9268 -48.5057 215
      vertex 23.5155 -49.7194 215
    endloop
  endfacet
  facet normal 0.424444 -0.843074 0.330263
    outer loop
      vertex 53.4444 -112.999 15
      vertex 58.9246 -110.24 15
      vertex 23.5155 -49.7194 215
    endloop
  endfacet
  facet normal -0.405093 0.913862 -0.0275105
    outer loop
      vertex 23.5155 -49.7194 215
      vertex 23.5593 -49.812 211.279
      vertex 21.0868 -50.908 211.279
    endloop
  endfacet
  facet normal -0.405105 0.913856 -0.0275009
    outer loop
      vertex 23.5155 -49.7194 215
      vertex 21.0868 -50.908 211.279
      vertex 21.0476 -50.8134 215
    endloop
  endfacet
  facet normal -0.382448 0.862938 -0.330261
    outer loop
      vertex 52.2649 -110.505 19.4532
      vertex 46.7797 -112.936 19.4532
      vertex 23.5593 -49.812 211.279
    endloop
  endfacet
  facet normal -0.382508 0.862911 -0.33026
    outer loop
      vertex 23.5593 -49.812 211.279
      vertex 46.7797 -112.936 19.4532
      vertex 21.0868 -50.908 211.279
    endloop
  endfacet
  facet normal -0.344484 0.777236 -0.526531
    outer loop
      vertex 52.2649 -110.505 19.4532
      vertex 53.4444 -112.999 15
      vertex 47.8354 -115.485 15
    endloop
  endfacet
  facet normal -0.344464 0.777234 -0.526547
    outer loop
      vertex 52.2649 -110.505 19.4532
      vertex 47.8354 -115.485 15
      vertex 46.7797 -112.936 19.4532
    endloop
  endfacet
  facet normal 0.382519 -0.862905 0.330263
    outer loop
      vertex 53.4444 -112.999 15
      vertex 23.5155 -49.7194 215
      vertex 21.0476 -50.8134 215
    endloop
  endfacet
  facet normal 0.382465 -0.86293 0.330262
    outer loop
      vertex 47.8354 -115.485 15
      vertex 53.4444 -112.999 15
      vertex 21.0476 -50.8134 215
    endloop
  endfacet
  facet normal -0.359777 0.932633 -0.0275008
    outer loop
      vertex 21.0476 -50.8134 215
      vertex 21.0868 -50.908 211.279
      vertex 18.5635 -51.8814 211.279
    endloop
  endfacet
  facet normal -0.359736 0.932648 -0.0275322
    outer loop
      vertex 21.0476 -50.8134 215
      vertex 18.5635 -51.8814 211.279
      vertex 18.5289 -51.7849 215
    endloop
  endfacet
  facet normal -0.339796 0.880606 -0.330261
    outer loop
      vertex 46.7797 -112.936 19.4532
      vertex 41.1819 -115.096 19.4532
      vertex 21.0868 -50.908 211.279
    endloop
  endfacet
  facet normal -0.339718 0.880635 -0.330263
    outer loop
      vertex 21.0868 -50.908 211.279
      vertex 41.1819 -115.096 19.4532
      vertex 18.5635 -51.8814 211.279
    endloop
  endfacet
  facet normal -0.305955 0.793183 -0.526547
    outer loop
      vertex 46.7797 -112.936 19.4532
      vertex 47.8354 -115.485 15
      vertex 42.1112 -117.693 15
    endloop
  endfacet
  facet normal -0.30607 0.793204 -0.526449
    outer loop
      vertex 46.7797 -112.936 19.4532
      vertex 42.1112 -117.693 15
      vertex 41.1819 -115.096 19.4532
    endloop
  endfacet
  facet normal 0.33968 -0.88065 0.330262
    outer loop
      vertex 47.8354 -115.485 15
      vertex 21.0476 -50.8134 215
      vertex 18.5289 -51.7849 215
    endloop
  endfacet
  facet normal 0.339692 -0.880645 0.330262
    outer loop
      vertex 42.1112 -117.693 15
      vertex 47.8354 -115.485 15
      vertex 18.5289 -51.7849 215
    endloop
  endfacet
  facet normal -0.313568 0.949167 -0.0275313
    outer loop
      vertex 18.5289 -51.7849 215
      vertex 18.5635 -51.8814 211.279
      vertex 15.9954 -52.7298 211.279
    endloop
  endfacet
  facet normal -0.313574 0.949165 -0.0275265
    outer loop
      vertex 18.5289 -51.7849 215
      vertex 15.9954 -52.7298 211.279
      vertex 15.9657 -52.6317 215
    endloop
  endfacet
  facet normal -0.296071 0.896252 -0.330263
    outer loop
      vertex 41.1819 -115.096 19.4532
      vertex 35.4848 -116.978 19.4532
      vertex 18.5635 -51.8814 211.279
    endloop
  endfacet
  facet normal -0.296085 0.896248 -0.330262
    outer loop
      vertex 18.5635 -51.8814 211.279
      vertex 35.4848 -116.978 19.4532
      vertex 15.9954 -52.7298 211.279
    endloop
  endfacet
  facet normal -0.266754 0.807275 -0.52645
    outer loop
      vertex 41.1819 -115.096 19.4532
      vertex 42.1112 -117.693 15
      vertex 36.2856 -119.618 15
    endloop
  endfacet
  facet normal -0.266672 0.807256 -0.526521
    outer loop
      vertex 41.1819 -115.096 19.4532
      vertex 36.2856 -119.618 15
      vertex 35.4848 -116.978 19.4532
    endloop
  endfacet
  facet normal 0.296091 -0.896246 0.330262
    outer loop
      vertex 42.1112 -117.693 15
      vertex 18.5289 -51.7849 215
      vertex 15.9657 -52.6317 215
    endloop
  endfacet
  facet normal 0.296148 -0.896227 0.330263
    outer loop
      vertex 36.2856 -119.618 15
      vertex 42.1112 -117.693 15
      vertex 15.9657 -52.6317 215
    endloop
  endfacet
  facet normal -0.266597 0.963415 -0.0275273
    outer loop
      vertex 15.9657 -52.6317 215
      vertex 15.9954 -52.7298 211.279
      vertex 13.3888 -53.4511 211.279
    endloop
  endfacet
  facet normal -0.266607 0.963412 -0.0275199
    outer loop
      vertex 15.9657 -52.6317 215
      vertex 13.3888 -53.4511 211.279
      vertex 13.3639 -53.3517 215
    endloop
  endfacet
  facet normal -0.251709 0.909708 -0.330262
    outer loop
      vertex 35.4848 -116.978 19.4532
      vertex 29.7022 -118.578 19.4532
      vertex 15.9954 -52.7298 211.279
    endloop
  endfacet
  facet normal -0.251733 0.909702 -0.330262
    outer loop
      vertex 15.9954 -52.7298 211.279
      vertex 29.7022 -118.578 19.4532
      vertex 13.3888 -53.4511 211.279
    endloop
  endfacet
  facet normal -0.226701 0.819379 -0.526521
    outer loop
      vertex 35.4848 -116.978 19.4532
      vertex 36.2856 -119.618 15
      vertex 30.3725 -121.254 15
    endloop
  endfacet
  facet normal -0.226717 0.819384 -0.526507
    outer loop
      vertex 35.4848 -116.978 19.4532
      vertex 30.3725 -121.254 15
      vertex 29.7022 -118.578 19.4532
    endloop
  endfacet
  facet normal 0.251742 -0.909699 0.330264
    outer loop
      vertex 36.2856 -119.618 15
      vertex 15.9657 -52.6317 215
      vertex 13.3639 -53.3517 215
    endloop
  endfacet
  facet normal 0.251694 -0.909713 0.330263
    outer loop
      vertex 30.3725 -121.254 15
      vertex 36.2856 -119.618 15
      vertex 13.3639 -53.3517 215
    endloop
  endfacet
  facet normal -0.219032 0.97533 -0.0275199
    outer loop
      vertex 13.3639 -53.3517 215
      vertex 13.3888 -53.4511 211.279
      vertex 10.75 -54.0437 211.279
    endloop
  endfacet
  facet normal -0.219032 0.97533 -0.0275198
    outer loop
      vertex 13.3639 -53.3517 215
      vertex 10.75 -54.0437 211.279
      vertex 10.73 -53.9432 215
    endloop
  endfacet
  facet normal -0.20687 0.920941 -0.330262
    outer loop
      vertex 29.7022 -118.578 19.4532
      vertex 23.8481 -119.893 19.4532
      vertex 13.3888 -53.4511 211.279
    endloop
  endfacet
  facet normal -0.20682 0.920952 -0.330263
    outer loop
      vertex 13.3888 -53.4511 211.279
      vertex 23.8481 -119.893 19.4532
      vertex 10.75 -54.0437 211.279
    endloop
  endfacet
  facet normal -0.186241 0.829521 -0.526506
    outer loop
      vertex 29.7022 -118.578 19.4532
      vertex 30.3725 -121.254 15
      vertex 24.3863 -122.598 15
    endloop
  endfacet
  facet normal -0.186342 0.829556 -0.526416
    outer loop
      vertex 29.7022 -118.578 19.4532
      vertex 24.3863 -122.598 15
      vertex 23.8481 -119.893 19.4532
    endloop
  endfacet
  facet normal 0.20682 -0.920952 0.330262
    outer loop
      vertex 30.3725 -121.254 15
      vertex 13.3639 -53.3517 215
      vertex 10.73 -53.9432 215
    endloop
  endfacet
  facet normal 0.206771 -0.920963 0.330261
    outer loop
      vertex 24.3863 -122.598 15
      vertex 30.3725 -121.254 15
      vertex 10.73 -53.9432 215
    endloop
  endfacet
  facet normal -0.170903 0.984904 -0.0275197
    outer loop
      vertex 10.73 -53.9432 215
      vertex 10.75 -54.0437 211.279
      vertex 8.08521 -54.5061 211.279
    endloop
  endfacet
  facet normal -0.170889 0.984906 -0.0275297
    outer loop
      vertex 10.73 -53.9432 215
      vertex 8.08521 -54.5061 211.279
      vertex 8.07018 -54.4047 215
    endloop
  endfacet
  facet normal -0.161253 0.930013 -0.330262
    outer loop
      vertex 23.8481 -119.893 19.4532
      vertex 17.9365 -120.918 19.4532
      vertex 10.75 -54.0437 211.279
    endloop
  endfacet
  facet normal -0.161374 0.929993 -0.33026
    outer loop
      vertex 10.75 -54.0437 211.279
      vertex 17.9365 -120.918 19.4532
      vertex 8.08521 -54.5061 211.279
    endloop
  endfacet
  facet normal -0.145369 0.837708 -0.526416
    outer loop
      vertex 23.8481 -119.893 19.4532
      vertex 24.3863 -122.598 15
      vertex 18.3413 -123.647 15
    endloop
  endfacet
  facet normal -0.14524 0.837656 -0.526533
    outer loop
      vertex 23.8481 -119.893 19.4532
      vertex 18.3413 -123.647 15
      vertex 17.9365 -120.918 19.4532
    endloop
  endfacet
  facet normal 0.161362 -0.929995 0.330261
    outer loop
      vertex 24.3863 -122.598 15
      vertex 10.73 -53.9432 215
      vertex 8.07018 -54.4047 215
    endloop
  endfacet
  facet normal 0.161383 -0.929991 0.330261
    outer loop
      vertex 18.3413 -123.647 15
      vertex 24.3863 -122.598 15
      vertex 8.07018 -54.4047 215
    endloop
  endfacet
  facet normal -0.12234 0.992106 -0.0275298
    outer loop
      vertex 8.07018 -54.4047 215
      vertex 8.08521 -54.5061 211.279
      vertex 5.40099 -54.8371 211.279
    endloop
  endfacet
  facet normal -0.122382 0.992102 -0.0274994
    outer loop
      vertex 8.07018 -54.4047 215
      vertex 5.40099 -54.8371 211.279
      vertex 5.39094 -54.7352 215
    endloop
  endfacet
  facet normal -0.115627 0.936781 -0.33026
    outer loop
      vertex 17.9365 -120.918 19.4532
      vertex 11.9817 -121.653 19.4532
      vertex 8.08521 -54.5061 211.279
    endloop
  endfacet
  facet normal -0.115519 0.936793 -0.330263
    outer loop
      vertex 8.08521 -54.5061 211.279
      vertex 11.9817 -121.653 19.4532
      vertex 5.40099 -54.8371 211.279
    endloop
  endfacet
  facet normal -0.104064 0.843762 -0.526532
    outer loop
      vertex 17.9365 -120.918 19.4532
      vertex 18.3413 -123.647 15
      vertex 12.2521 -124.398 15
    endloop
  endfacet
  facet normal -0.10415 0.843801 -0.526452
    outer loop
      vertex 17.9365 -120.918 19.4532
      vertex 12.2521 -124.398 15
      vertex 11.9817 -121.653 19.4532
    endloop
  endfacet
  facet normal 0.115558 -0.936789 0.330262
    outer loop
      vertex 18.3413 -123.647 15
      vertex 8.07018 -54.4047 215
      vertex 5.39094 -54.7352 215
    endloop
  endfacet
  facet normal 0.115537 -0.936792 0.330261
    outer loop
      vertex 12.2521 -124.398 15
      vertex 18.3413 -123.647 15
      vertex 5.39094 -54.7352 215
    endloop
  endfacet
  facet normal -0.0735513 0.996912 -0.0274992
    outer loop
      vertex 5.39094 -54.7352 215
      vertex 5.40099 -54.8371 211.279
      vertex 2.70375 -55.0361 211.279
    endloop
  endfacet
  facet normal -0.0735404 0.996913 -0.0275071
    outer loop
      vertex 5.39094 -54.7352 215
      vertex 2.70375 -55.0361 211.279
      vertex 2.69872 -54.9338 215
    endloop
  endfacet
  facet normal -0.0693778 0.941336 -0.330262
    outer loop
      vertex 11.9817 -121.653 19.4532
      vertex 5.9981 -122.094 19.4532
      vertex 5.40099 -54.8371 211.279
    endloop
  endfacet
  facet normal -0.0694506 0.941331 -0.330261
    outer loop
      vertex 5.40099 -54.8371 211.279
      vertex 5.9981 -122.094 19.4532
      vertex 2.70375 -55.0361 211.279
    endloop
  endfacet
  facet normal -0.0624984 0.847904 -0.526452
    outer loop
      vertex 11.9817 -121.653 19.4532
      vertex 12.2521 -124.398 15
      vertex 6.13346 -124.849 15
    endloop
  endfacet
  facet normal -0.0624915 0.847901 -0.526459
    outer loop
      vertex 11.9817 -121.653 19.4532
      vertex 6.13346 -124.849 15
      vertex 5.9981 -122.094 19.4532
    endloop
  endfacet
  facet normal 0.0694403 -0.941332 0.330261
    outer loop
      vertex 12.2521 -124.398 15
      vertex 5.39094 -54.7352 215
      vertex 2.69872 -54.9338 215
    endloop
  endfacet
  facet normal 0.0693851 -0.941336 0.33026
    outer loop
      vertex 6.13346 -124.849 15
      vertex 12.2521 -124.398 15
      vertex 2.69872 -54.9338 215
    endloop
  endfacet
  facet normal -0.0245418 0.99932 -0.0275071
    outer loop
      vertex 2.69872 -54.9338 215
      vertex 2.70375 -55.0361 211.279
      vertex 0 -55.1025 211.279
    endloop
  endfacet
  facet normal -0.0245135 0.99932 -0.0275276
    outer loop
      vertex 0 -55 215
      vertex 2.69872 -54.9338 215
      vertex 0 -55.1025 211.279
    endloop
  endfacet
  facet normal -0.0231257 0.943607 -0.33026
    outer loop
      vertex 2.70375 -55.0361 211.279
      vertex 5.9981 -122.094 19.4532
      vertex 0 -122.241 19.4532
    endloop
  endfacet
  facet normal -0.0231735 0.943606 -0.330259
    outer loop
      vertex 0 -55.1025 211.279
      vertex 2.70375 -55.0361 211.279
      vertex 0 -122.241 19.4532
    endloop
  endfacet
  facet normal -0.0209248 0.849943 -0.526459
    outer loop
      vertex 5.9981 -122.094 19.4532
      vertex 6.13346 -124.849 15
      vertex 0 -125 15
    endloop
  endfacet
  facet normal -0.0208288 0.849888 -0.526552
    outer loop
      vertex 0 -122.241 19.4532
      vertex 5.9981 -122.094 19.4532
      vertex 0 -125 15
    endloop
  endfacet
  facet normal 0.0231468 -0.943606 0.33026
    outer loop
      vertex 6.13346 -124.849 15
      vertex 2.69872 -54.9338 215
      vertex 0 -55 215
    endloop
  endfacet
  facet normal 0.0232306 -0.943604 0.330261
    outer loop
      vertex 6.13346 -124.849 15
      vertex 0 -55 215
      vertex 0 -125 15
    endloop
  endfacet
  facet normal 0.0245418 0.99932 -0.0275276
    outer loop
      vertex 0 -55 215
      vertex 0 -55.1025 211.279
      vertex -2.70375 -55.0361 211.279
    endloop
  endfacet
  facet normal 0.0245135 0.999321 -0.0275071
    outer loop
      vertex -2.69872 -54.9338 215
      vertex 0 -55 215
      vertex -2.70375 -55.0361 211.279
    endloop
  endfacet
  facet normal 0.0231257 0.943607 -0.33026
    outer loop
      vertex 0 -55.1025 211.279
      vertex 0 -122.241 19.4532
      vertex -5.9981 -122.094 19.4532
    endloop
  endfacet
  facet normal 0.0231735 0.943605 -0.330261
    outer loop
      vertex -2.70375 -55.0361 211.279
      vertex 0 -55.1025 211.279
      vertex -5.9981 -122.094 19.4532
    endloop
  endfacet
  facet normal 0.0209234 0.849886 -0.526551
    outer loop
      vertex 0 -122.241 19.4532
      vertex 0 -125 15
      vertex -6.13346 -124.849 15
    endloop
  endfacet
  facet normal 0.0208303 0.849946 -0.526458
    outer loop
      vertex -5.9981 -122.094 19.4532
      vertex 0 -122.241 19.4532
      vertex -6.13346 -124.849 15
    endloop
  endfacet
  facet normal -0.0231468 -0.943605 0.330262
    outer loop
      vertex 0 -125 15
      vertex 0 -55 215
      vertex -2.69872 -54.9338 215
    endloop
  endfacet
  facet normal -0.0232306 -0.943604 0.33026
    outer loop
      vertex 0 -125 15
      vertex -2.69872 -54.9338 215
      vertex -6.13346 -124.849 15
    endloop
  endfacet
  facet normal 0.0735513 0.996912 -0.0275071
    outer loop
      vertex -2.69872 -54.9338 215
      vertex -2.70375 -55.0361 211.279
      vertex -5.40099 -54.8371 211.279
    endloop
  endfacet
  facet normal 0.0735404 0.996913 -0.0274992
    outer loop
      vertex -5.39094 -54.7352 215
      vertex -2.69872 -54.9338 215
      vertex -5.40099 -54.8371 211.279
    endloop
  endfacet
  facet normal 0.0693779 0.941336 -0.330261
    outer loop
      vertex -2.70375 -55.0361 211.279
      vertex -5.9981 -122.094 19.4532
      vertex -11.9817 -121.653 19.4532
    endloop
  endfacet
  facet normal 0.0694505 0.941331 -0.330263
    outer loop
      vertex -5.40099 -54.8371 211.279
      vertex -2.70375 -55.0361 211.279
      vertex -11.9817 -121.653 19.4532
    endloop
  endfacet
  facet normal 0.0624981 0.847901 -0.526459
    outer loop
      vertex -5.9981 -122.094 19.4532
      vertex -6.13346 -124.849 15
      vertex -12.2521 -124.398 15
    endloop
  endfacet
  facet normal 0.0624918 0.847905 -0.526452
    outer loop
      vertex -11.9817 -121.653 19.4532
      vertex -5.9981 -122.094 19.4532
      vertex -12.2521 -124.398 15
    endloop
  endfacet
  facet normal -0.0694403 -0.941332 0.33026
    outer loop
      vertex -2.69872 -54.9338 215
      vertex -5.39094 -54.7352 215
      vertex -6.13346 -124.849 15
    endloop
  endfacet
  facet normal -0.0693851 -0.941336 0.330261
    outer loop
      vertex -6.13346 -124.849 15
      vertex -5.39094 -54.7352 215
      vertex -12.2521 -124.398 15
    endloop
  endfacet
  facet normal 0.12234 0.992107 -0.0274994
    outer loop
      vertex -5.39094 -54.7352 215
      vertex -5.40099 -54.8371 211.279
      vertex -8.08521 -54.5061 211.279
    endloop
  endfacet
  facet normal 0.122382 0.992101 -0.0275298
    outer loop
      vertex -8.07018 -54.4047 215
      vertex -5.39094 -54.7352 215
      vertex -8.08521 -54.5061 211.279
    endloop
  endfacet
  facet normal 0.115627 0.93678 -0.330262
    outer loop
      vertex -5.40099 -54.8371 211.279
      vertex -11.9817 -121.653 19.4532
      vertex -17.9365 -120.918 19.4532
    endloop
  endfacet
  facet normal 0.115519 0.936794 -0.33026
    outer loop
      vertex -8.08521 -54.5061 211.279
      vertex -5.40099 -54.8371 211.279
      vertex -17.9365 -120.918 19.4532
    endloop
  endfacet
  facet normal 0.10407 0.843811 -0.526453
    outer loop
      vertex -11.9817 -121.653 19.4532
      vertex -12.2521 -124.398 15
      vertex -18.3413 -123.647 15
    endloop
  endfacet
  facet normal 0.104144 0.843752 -0.526533
    outer loop
      vertex -17.9365 -120.918 19.4532
      vertex -11.9817 -121.653 19.4532
      vertex -18.3413 -123.647 15
    endloop
  endfacet
  facet normal -0.115558 -0.936789 0.330261
    outer loop
      vertex -5.39094 -54.7352 215
      vertex -8.07018 -54.4047 215
      vertex -12.2521 -124.398 15
    endloop
  endfacet
  facet normal -0.115537 -0.936792 0.330262
    outer loop
      vertex -12.2521 -124.398 15
      vertex -8.07018 -54.4047 215
      vertex -18.3413 -123.647 15
    endloop
  endfacet
  facet normal 0.170902 0.984903 -0.0275297
    outer loop
      vertex -8.07018 -54.4047 215
      vertex -8.08521 -54.5061 211.279
      vertex -10.75 -54.0437 211.279
    endloop
  endfacet
  facet normal 0.170889 0.984906 -0.0275197
    outer loop
      vertex -10.73 -53.9432 215
      vertex -8.07018 -54.4047 215
      vertex -10.75 -54.0437 211.279
    endloop
  endfacet
  facet normal 0.161253 0.930014 -0.330261
    outer loop
      vertex -8.08521 -54.5061 211.279
      vertex -17.9365 -120.918 19.4532
      vertex -23.8481 -119.893 19.4532
    endloop
  endfacet
  facet normal 0.161374 0.929992 -0.330263
    outer loop
      vertex -10.75 -54.0437 211.279
      vertex -8.08521 -54.5061 211.279
      vertex -23.8481 -119.893 19.4532
    endloop
  endfacet
  facet normal 0.145357 0.837637 -0.526532
    outer loop
      vertex -17.9365 -120.918 19.4532
      vertex -18.3413 -123.647 15
      vertex -24.3863 -122.598 15
    endloop
  endfacet
  facet normal 0.145252 0.837729 -0.526415
    outer loop
      vertex -23.8481 -119.893 19.4532
      vertex -17.9365 -120.918 19.4532
      vertex -24.3863 -122.598 15
    endloop
  endfacet
  facet normal -0.161361 -0.929994 0.330262
    outer loop
      vertex -8.07018 -54.4047 215
      vertex -10.73 -53.9432 215
      vertex -18.3413 -123.647 15
    endloop
  endfacet
  facet normal -0.161383 -0.929991 0.330261
    outer loop
      vertex -18.3413 -123.647 15
      vertex -10.73 -53.9432 215
      vertex -24.3863 -122.598 15
    endloop
  endfacet
  facet normal 0.219032 0.97533 -0.0275198
    outer loop
      vertex -10.73 -53.9432 215
      vertex -10.75 -54.0437 211.279
      vertex -13.3888 -53.4511 211.279
    endloop
  endfacet
  facet normal 0.219032 0.97533 -0.0275199
    outer loop
      vertex -13.3639 -53.3517 215
      vertex -10.73 -53.9432 215
      vertex -13.3888 -53.4511 211.279
    endloop
  endfacet
  facet normal 0.20687 0.920941 -0.330263
    outer loop
      vertex -10.75 -54.0437 211.279
      vertex -23.8481 -119.893 19.4532
      vertex -29.7022 -118.578 19.4532
    endloop
  endfacet
  facet normal 0.20682 0.920952 -0.330262
    outer loop
      vertex -13.3888 -53.4511 211.279
      vertex -10.75 -54.0437 211.279
      vertex -29.7022 -118.578 19.4532
    endloop
  endfacet
  facet normal 0.186253 0.829575 -0.526417
    outer loop
      vertex -23.8481 -119.893 19.4532
      vertex -24.3863 -122.598 15
      vertex -30.3725 -121.254 15
    endloop
  endfacet
  facet normal 0.18633 0.829501 -0.526507
    outer loop
      vertex -29.7022 -118.578 19.4532
      vertex -23.8481 -119.893 19.4532
      vertex -30.3725 -121.254 15
    endloop
  endfacet
  facet normal -0.20682 -0.920952 0.330261
    outer loop
      vertex -10.73 -53.9432 215
      vertex -13.3639 -53.3517 215
      vertex -24.3863 -122.598 15
    endloop
  endfacet
  facet normal -0.206771 -0.920963 0.330262
    outer loop
      vertex -24.3863 -122.598 15
      vertex -13.3639 -53.3517 215
      vertex -30.3725 -121.254 15
    endloop
  endfacet
  facet normal 0.266597 0.963415 -0.0275199
    outer loop
      vertex -13.3639 -53.3517 215
      vertex -13.3888 -53.4511 211.279
      vertex -15.9954 -52.7298 211.279
    endloop
  endfacet
  facet normal 0.266607 0.963412 -0.0275273
    outer loop
      vertex -15.9657 -52.6317 215
      vertex -13.3639 -53.3517 215
      vertex -15.9954 -52.7298 211.279
    endloop
  endfacet
  facet normal 0.251709 0.909709 -0.330262
    outer loop
      vertex -13.3888 -53.4511 211.279
      vertex -29.7022 -118.578 19.4532
      vertex -35.4848 -116.978 19.4532
    endloop
  endfacet
  facet normal 0.251733 0.909702 -0.330262
    outer loop
      vertex -15.9954 -52.7298 211.279
      vertex -13.3888 -53.4511 211.279
      vertex -35.4848 -116.978 19.4532
    endloop
  endfacet
  facet normal 0.226703 0.819388 -0.526507
    outer loop
      vertex -29.7022 -118.578 19.4532
      vertex -30.3725 -121.254 15
      vertex -36.2856 -119.618 15
    endloop
  endfacet
  facet normal 0.226715 0.819375 -0.526521
    outer loop
      vertex -35.4848 -116.978 19.4532
      vertex -29.7022 -118.578 19.4532
      vertex -36.2856 -119.618 15
    endloop
  endfacet
  facet normal -0.251742 -0.909699 0.330262
    outer loop
      vertex -13.3639 -53.3517 215
      vertex -15.9657 -52.6317 215
      vertex -30.3725 -121.254 15
    endloop
  endfacet
  facet normal -0.251694 -0.909712 0.330263
    outer loop
      vertex -30.3725 -121.254 15
      vertex -15.9657 -52.6317 215
      vertex -36.2856 -119.618 15
    endloop
  endfacet
  facet normal 0.313568 0.949167 -0.0275265
    outer loop
      vertex -15.9657 -52.6317 215
      vertex -15.9954 -52.7298 211.279
      vertex -18.5635 -51.8814 211.279
    endloop
  endfacet
  facet normal 0.313574 0.949165 -0.0275313
    outer loop
      vertex -18.5289 -51.7849 215
      vertex -15.9657 -52.6317 215
      vertex -18.5635 -51.8814 211.279
    endloop
  endfacet
  facet normal 0.296071 0.896253 -0.330262
    outer loop
      vertex -15.9954 -52.7298 211.279
      vertex -35.4848 -116.978 19.4532
      vertex -41.1819 -115.096 19.4532
    endloop
  endfacet
  facet normal 0.296085 0.896248 -0.330263
    outer loop
      vertex -18.5635 -51.8814 211.279
      vertex -15.9954 -52.7298 211.279
      vertex -41.1819 -115.096 19.4532
    endloop
  endfacet
  facet normal 0.266741 0.807233 -0.526521
    outer loop
      vertex -35.4848 -116.978 19.4532
      vertex -36.2856 -119.618 15
      vertex -42.1112 -117.693 15
    endloop
  endfacet
  facet normal 0.266686 0.807298 -0.526449
    outer loop
      vertex -41.1819 -115.096 19.4532
      vertex -35.4848 -116.978 19.4532
      vertex -42.1112 -117.693 15
    endloop
  endfacet
  facet normal -0.296091 -0.896246 0.330264
    outer loop
      vertex -15.9657 -52.6317 215
      vertex -18.5289 -51.7849 215
      vertex -36.2856 -119.618 15
    endloop
  endfacet
  facet normal -0.296148 -0.896227 0.330262
    outer loop
      vertex -36.2856 -119.618 15
      vertex -18.5289 -51.7849 215
      vertex -42.1112 -117.693 15
    endloop
  endfacet
  facet normal 0.359777 0.932632 -0.0275322
    outer loop
      vertex -18.5289 -51.7849 215
      vertex -18.5635 -51.8814 211.279
      vertex -21.0868 -50.908 211.279
    endloop
  endfacet
  facet normal 0.359736 0.932649 -0.0275007
    outer loop
      vertex -21.0476 -50.8134 215
      vertex -18.5289 -51.7849 215
      vertex -21.0868 -50.908 211.279
    endloop
  endfacet
  facet normal 0.339796 0.880605 -0.330262
    outer loop
      vertex -18.5635 -51.8814 211.279
      vertex -41.1819 -115.096 19.4532
      vertex -46.7797 -112.936 19.4532
    endloop
  endfacet
  facet normal 0.339718 0.880636 -0.33026
    outer loop
      vertex -21.0868 -50.908 211.279
      vertex -18.5635 -51.8814 211.279
      vertex -46.7797 -112.936 19.4532
    endloop
  endfacet
  facet normal 0.305977 0.793239 -0.52645
    outer loop
      vertex -41.1819 -115.096 19.4532
      vertex -42.1112 -117.693 15
      vertex -47.8354 -115.485 15
    endloop
  endfacet
  facet normal 0.306048 0.793146 -0.526548
    outer loop
      vertex -46.7797 -112.936 19.4532
      vertex -41.1819 -115.096 19.4532
      vertex -47.8354 -115.485 15
    endloop
  endfacet
  facet normal -0.33968 -0.88065 0.330262
    outer loop
      vertex -18.5289 -51.7849 215
      vertex -21.0476 -50.8134 215
      vertex -42.1112 -117.693 15
    endloop
  endfacet
  facet normal -0.339692 -0.880645 0.330262
    outer loop
      vertex -42.1112 -117.693 15
      vertex -21.0476 -50.8134 215
      vertex -47.8354 -115.485 15
    endloop
  endfacet
  facet normal 0.405093 0.913862 -0.0275009
    outer loop
      vertex -21.0476 -50.8134 215
      vertex -21.0868 -50.908 211.279
      vertex -23.5593 -49.812 211.279
    endloop
  endfacet
  facet normal 0.405105 0.913856 -0.0275105
    outer loop
      vertex -23.5155 -49.7194 215
      vertex -21.0476 -50.8134 215
      vertex -23.5593 -49.812 211.279
    endloop
  endfacet
  facet normal 0.382448 0.862938 -0.330261
    outer loop
      vertex -21.0868 -50.908 211.279
      vertex -46.7797 -112.936 19.4532
      vertex -52.2649 -110.505 19.4532
    endloop
  endfacet
  facet normal 0.382508 0.862911 -0.330262
    outer loop
      vertex -23.5593 -49.812 211.279
      vertex -21.0868 -50.908 211.279
      vertex -52.2649 -110.505 19.4532
    endloop
  endfacet
  facet normal 0.34448 0.777227 -0.526547
    outer loop
      vertex -46.7797 -112.936 19.4532
      vertex -47.8354 -115.485 15
      vertex -53.4444 -112.999 15
    endloop
  endfacet
  facet normal 0.344468 0.777243 -0.52653
    outer loop
      vertex -52.2649 -110.505 19.4532
      vertex -46.7797 -112.936 19.4532
      vertex -53.4444 -112.999 15
    endloop
  endfacet
  facet normal -0.382519 -0.862906 0.330262
    outer loop
      vertex -21.0476 -50.8134 215
      vertex -23.5155 -49.7194 215
      vertex -47.8354 -115.485 15
    endloop
  endfacet
  facet normal -0.382464 -0.86293 0.330263
    outer loop
      vertex -47.8354 -115.485 15
      vertex -23.5155 -49.7194 215
      vertex -53.4444 -112.999 15
    endloop
  endfacet
  facet normal 0.449438 0.892888 -0.0275106
    outer loop
      vertex -23.5155 -49.7194 215
      vertex -23.5593 -49.812 211.279
      vertex -25.9751 -48.596 211.279
    endloop
  endfacet
  facet normal 0.449428 0.892893 -0.0275022
    outer loop
      vertex -25.9268 -48.5057 215
      vertex -23.5155 -49.7194 215
      vertex -25.9751 -48.596 211.279
    endloop
  endfacet
  facet normal 0.424428 0.843083 -0.330261
    outer loop
      vertex -23.5593 -49.812 211.279
      vertex -52.2649 -110.505 19.4532
      vertex -57.6242 -107.807 19.4532
    endloop
  endfacet
  facet normal 0.42438 0.843107 -0.33026
    outer loop
      vertex -25.9751 -48.596 211.279
      vertex -23.5593 -49.812 211.279
      vertex -57.6242 -107.807 19.4532
    endloop
  endfacet
  facet normal 0.382295 0.759353 -0.52653
    outer loop
      vertex -52.2649 -110.505 19.4532
      vertex -53.4444 -112.999 15
      vertex -58.9246 -110.24 15
    endloop
  endfacet
  facet normal 0.382285 0.75937 -0.526513
    outer loop
      vertex -57.6242 -107.807 19.4532
      vertex -52.2649 -110.505 19.4532
      vertex -58.9246 -110.24 15
    endloop
  endfacet
  facet normal -0.42437 -0.843111 0.330263
    outer loop
      vertex -23.5155 -49.7194 215
      vertex -25.9268 -48.5057 215
      vertex -53.4444 -112.999 15
    endloop
  endfacet
  facet normal -0.424445 -0.843074 0.330262
    outer loop
      vertex -53.4444 -112.999 15
      vertex -25.9268 -48.5057 215
      vertex -58.9246 -110.24 15
    endloop
  endfacet
  facet normal 0.492692 0.869769 -0.0275026
    outer loop
      vertex -25.9268 -48.5057 215
      vertex -25.9751 -48.596 211.279
      vertex -28.3283 -47.263 211.279
    endloop
  endfacet
  facet normal 0.492702 0.869763 -0.027511
    outer loop
      vertex -28.2757 -47.1751 215
      vertex -25.9268 -48.5057 215
      vertex -28.3283 -47.263 211.279
    endloop
  endfacet
  facet normal 0.465203 0.821288 -0.330261
    outer loop
      vertex -25.9751 -48.596 211.279
      vertex -57.6242 -107.807 19.4532
      vertex -62.8446 -104.85 19.4532
    endloop
  endfacet
  facet normal 0.465223 0.821277 -0.330261
    outer loop
      vertex -28.3283 -47.263 211.279
      vertex -25.9751 -48.596 211.279
      vertex -62.8446 -104.85 19.4532
    endloop
  endfacet
  facet normal 0.41904 0.739723 -0.526513
    outer loop
      vertex -57.6242 -107.807 19.4532
      vertex -58.9246 -110.24 15
      vertex -64.2628 -107.216 15
    endloop
  endfacet
  facet normal 0.419022 0.739757 -0.52648
    outer loop
      vertex -62.8446 -104.85 19.4532
      vertex -57.6242 -107.807 19.4532
      vertex -64.2628 -107.216 15
    endloop
  endfacet
  facet normal -0.465232 -0.821271 0.330261
    outer loop
      vertex -25.9268 -48.5057 215
      vertex -28.2757 -47.1751 215
      vertex -58.9246 -110.24 15
    endloop
  endfacet
  facet normal -0.465235 -0.82127 0.330261
    outer loop
      vertex -58.9246 -110.24 15
      vertex -28.2757 -47.1751 215
      vertex -64.2628 -107.216 15
    endloop
  endfacet
  facet normal 0.534806 0.844527 -0.02751
    outer loop
      vertex -28.2757 -47.1751 215
      vertex -28.3283 -47.263 211.279
      vertex -30.6133 -45.816 211.279
    endloop
  endfacet
  facet normal 0.534812 0.844523 -0.0275152
    outer loop
      vertex -30.5564 -45.7308 215
      vertex -28.2757 -47.1751 215
      vertex -30.6133 -45.816 211.279
    endloop
  endfacet
  facet normal 0.504982 0.797446 -0.330261
    outer loop
      vertex -28.3283 -47.263 211.279
      vertex -62.8446 -104.85 19.4532
      vertex -67.9137 -101.64 19.4532
    endloop
  endfacet
  facet normal 0.504989 0.797442 -0.330262
    outer loop
      vertex -30.6133 -45.816 211.279
      vertex -28.3283 -47.263 211.279
      vertex -67.9137 -101.64 19.4532
    endloop
  endfacet
  facet normal 0.454807 0.718309 -0.526481
    outer loop
      vertex -62.8446 -104.85 19.4532
      vertex -64.2628 -107.216 15
      vertex -69.4463 -103.934 15
    endloop
  endfacet
  facet normal 0.454834 0.718255 -0.526532
    outer loop
      vertex -67.9137 -101.64 19.4532
      vertex -62.8446 -104.85 19.4532
      vertex -69.4463 -103.934 15
    endloop
  endfacet
  facet normal -0.504994 -0.797439 0.330261
    outer loop
      vertex -28.2757 -47.1751 215
      vertex -30.5564 -45.7308 215
      vertex -64.2628 -107.216 15
    endloop
  endfacet
  facet normal -0.504933 -0.797477 0.330262
    outer loop
      vertex -64.2628 -107.216 15
      vertex -30.5564 -45.7308 215
      vertex -69.4463 -103.934 15
    endloop
  endfacet
  facet normal 0.57559 0.817276 -0.0275149
    outer loop
      vertex -30.5564 -45.7308 215
      vertex -30.6133 -45.816 211.279
      vertex -32.8245 -44.2587 211.279
    endloop
  endfacet
  facet normal 0.575586 0.817278 -0.0275122
    outer loop
      vertex -32.7635 -44.1764 215
      vertex -30.5564 -45.7308 215
      vertex -32.8245 -44.2587 211.279
    endloop
  endfacet
  facet normal 0.543502 0.771708 -0.330261
    outer loop
      vertex -30.6133 -45.816 211.279
      vertex -67.9137 -101.64 19.4532
      vertex -72.8191 -98.1852 19.4532
    endloop
  endfacet
  facet normal 0.543499 0.77171 -0.330261
    outer loop
      vertex -32.8245 -44.2587 211.279
      vertex -30.6133 -45.816 211.279
      vertex -72.8191 -98.1852 19.4532
    endloop
  endfacet
  facet normal 0.489551 0.695057 -0.526531
    outer loop
      vertex -67.9137 -101.64 19.4532
      vertex -69.4463 -103.934 15
      vertex -74.4624 -100.401 15
    endloop
  endfacet
  facet normal 0.489539 0.695086 -0.526505
    outer loop
      vertex -72.8191 -98.1852 19.4532
      vertex -67.9137 -101.64 19.4532
      vertex -74.4624 -100.401 15
    endloop
  endfacet
  facet normal -0.543495 -0.771712 0.330263
    outer loop
      vertex -30.5564 -45.7308 215
      vertex -32.7635 -44.1764 215
      vertex -69.4463 -103.934 15
    endloop
  endfacet
  facet normal -0.543526 -0.77169 0.330262
    outer loop
      vertex -69.4463 -103.934 15
      vertex -32.7635 -44.1764 215
      vertex -74.4624 -100.401 15
    endloop
  endfacet
  facet normal 0.614997 0.788049 -0.0275118
    outer loop
      vertex -32.7635 -44.1764 215
      vertex -32.8245 -44.2587 211.279
      vertex -34.9566 -42.5948 211.279
    endloop
  endfacet
  facet normal 0.615002 0.788045 -0.0275163
    outer loop
      vertex -34.8916 -42.5156 215
      vertex -32.7635 -44.1764 215
      vertex -34.9566 -42.5948 211.279
    endloop
  endfacet
  facet normal 0.580708 0.744114 -0.330261
    outer loop
      vertex -32.8245 -44.2587 211.279
      vertex -72.8191 -98.1852 19.4532
      vertex -77.5491 -94.4939 19.4532
    endloop
  endfacet
  facet normal 0.580709 0.744113 -0.330261
    outer loop
      vertex -34.9566 -42.5948 211.279
      vertex -32.8245 -44.2587 211.279
      vertex -77.5491 -94.4939 19.4532
    endloop
  endfacet
  facet normal 0.523055 0.670229 -0.526504
    outer loop
      vertex -72.8191 -98.1852 19.4532
      vertex -74.4624 -100.401 15
      vertex -79.2992 -96.6263 15
    endloop
  endfacet
  facet normal 0.523053 0.670235 -0.526499
    outer loop
      vertex -77.5491 -94.4939 19.4532
      vertex -72.8191 -98.1852 19.4532
      vertex -79.2992 -96.6263 15
    endloop
  endfacet
  facet normal -0.580714 -0.744109 0.330262
    outer loop
      vertex -32.7635 -44.1764 215
      vertex -34.8916 -42.5156 215
      vertex -74.4624 -100.401 15
    endloop
  endfacet
  facet normal -0.580713 -0.74411 0.330262
    outer loop
      vertex -74.4624 -100.401 15
      vertex -34.8916 -42.5156 215
      vertex -79.2992 -96.6263 15
    endloop
  endfacet
  facet normal 0.652922 0.756925 -0.0275164
    outer loop
      vertex -34.8916 -42.5156 215
      vertex -34.9566 -42.5948 211.279
      vertex -37.0046 -40.8282 211.279
    endloop
  endfacet
  facet normal 0.652935 0.756913 -0.0275294
    outer loop
      vertex -36.9357 -40.7523 215
      vertex -34.8916 -42.5156 215
      vertex -37.0046 -40.8282 211.279
    endloop
  endfacet
  facet normal 0.616524 0.714721 -0.330261
    outer loop
      vertex -34.9566 -42.5948 211.279
      vertex -77.5491 -94.4939 19.4532
      vertex -82.0923 -90.5749 19.4532
    endloop
  endfacet
  facet normal 0.61652 0.714724 -0.330261
    outer loop
      vertex -37.0046 -40.8282 211.279
      vertex -34.9566 -42.5948 211.279
      vertex -82.0923 -90.5749 19.4532
    endloop
  endfacet
  facet normal 0.555311 0.643761 -0.526499
    outer loop
      vertex -77.5491 -94.4939 19.4532
      vertex -79.2992 -96.6263 15
      vertex -83.9449 -92.6189 15
    endloop
  endfacet
  facet normal 0.555312 0.643759 -0.526501
    outer loop
      vertex -82.0923 -90.5749 19.4532
      vertex -77.5491 -94.4939 19.4532
      vertex -83.9449 -92.6189 15
    endloop
  endfacet
  facet normal -0.616532 -0.714713 0.330262
    outer loop
      vertex -34.8916 -42.5156 215
      vertex -36.9357 -40.7523 215
      vertex -79.2992 -96.6263 15
    endloop
  endfacet
  facet normal -0.616522 -0.714722 0.330262
    outer loop
      vertex -79.2992 -96.6263 15
      vertex -36.9357 -40.7523 215
      vertex -83.9449 -92.6189 15
    endloop
  endfacet
  facet normal 0.689291 0.723961 -0.0275305
    outer loop
      vertex -36.9357 -40.7523 215
      vertex -37.0046 -40.8282 211.279
      vertex -38.9633 -38.9633 211.279
    endloop
  endfacet
  facet normal 0.689259 0.723993 -0.0274978
    outer loop
      vertex -38.8909 -38.8909 215
      vertex -36.9357 -40.7523 215
      vertex -38.9633 -38.9633 211.279
    endloop
  endfacet
  facet normal 0.650853 0.683606 -0.330261
    outer loop
      vertex -37.0046 -40.8282 211.279
      vertex -82.0923 -90.5749 19.4532
      vertex -86.4377 -86.4377 19.4532
    endloop
  endfacet
  facet normal 0.650862 0.683598 -0.330262
    outer loop
      vertex -38.9633 -38.9633 211.279
      vertex -37.0046 -40.8282 211.279
      vertex -86.4377 -86.4377 19.4532
    endloop
  endfacet
  facet normal 0.586225 0.615741 -0.526501
    outer loop
      vertex -82.0923 -90.5749 19.4532
      vertex -83.9449 -92.6189 15
      vertex -88.3884 -88.3884 15
    endloop
  endfacet
  facet normal 0.586228 0.615729 -0.526511
    outer loop
      vertex -86.4377 -86.4377 19.4532
      vertex -82.0923 -90.5749 19.4532
      vertex -88.3884 -88.3884 15
    endloop
  endfacet
  facet normal -0.650831 -0.683627 0.330262
    outer loop
      vertex -36.9357 -40.7523 215
      vertex -38.8909 -38.8909 215
      vertex -83.9449 -92.6189 15
    endloop
  endfacet
  facet normal -0.650845 -0.683614 0.330262
    outer loop
      vertex -83.9449 -92.6189 15
      vertex -38.8909 -38.8909 215
      vertex -88.3884 -88.3884 15
    endloop
  endfacet
  facet normal 0.723962 0.689292 -0.0274979
    outer loop
      vertex -38.8909 -38.8909 215
      vertex -38.9633 -38.9633 211.279
      vertex -40.8282 -37.0046 211.279
    endloop
  endfacet
  facet normal 0.723992 0.689259 -0.0275305
    outer loop
      vertex -40.7523 -36.9357 215
      vertex -38.8909 -38.8909 215
      vertex -40.8282 -37.0046 211.279
    endloop
  endfacet
  facet normal 0.683606 0.650853 -0.330261
    outer loop
      vertex -38.9633 -38.9633 211.279
      vertex -86.4377 -86.4377 19.4532
      vertex -90.5749 -82.0923 19.4532
    endloop
  endfacet
  facet normal 0.683598 0.650862 -0.330261
    outer loop
      vertex -40.8282 -37.0046 211.279
      vertex -38.9633 -38.9633 211.279
      vertex -90.5749 -82.0923 19.4532
    endloop
  endfacet
  facet normal 0.615736 0.586221 -0.526511
    outer loop
      vertex -86.4377 -86.4377 19.4532
      vertex -88.3884 -88.3884 15
      vertex -92.6189 -83.9449 15
    endloop
  endfacet
  facet normal 0.615734 0.586232 -0.526501
    outer loop
      vertex -90.5749 -82.0923 19.4532
      vertex -86.4377 -86.4377 19.4532
      vertex -92.6189 -83.9449 15
    endloop
  endfacet
  facet normal -0.683628 -0.650831 0.330262
    outer loop
      vertex -38.8909 -38.8909 215
      vertex -40.7523 -36.9357 215
      vertex -88.3884 -88.3884 15
    endloop
  endfacet
  facet normal -0.683614 -0.650845 0.330262
    outer loop
      vertex -88.3884 -88.3884 15
      vertex -40.7523 -36.9357 215
      vertex -92.6189 -83.9449 15
    endloop
  endfacet
  facet normal 0.756925 0.652922 -0.0275294
    outer loop
      vertex -40.7523 -36.9357 215
      vertex -40.8282 -37.0046 211.279
      vertex -42.5948 -34.9566 211.279
    endloop
  endfacet
  facet normal 0.756913 0.652936 -0.0275164
    outer loop
      vertex -42.5156 -34.8916 215
      vertex -40.7523 -36.9357 215
      vertex -42.5948 -34.9566 211.279
    endloop
  endfacet
  facet normal 0.714721 0.616524 -0.330261
    outer loop
      vertex -40.8282 -37.0046 211.279
      vertex -90.5749 -82.0923 19.4532
      vertex -94.4939 -77.5491 19.4532
    endloop
  endfacet
  facet normal 0.714724 0.61652 -0.330261
    outer loop
      vertex -42.5948 -34.9566 211.279
      vertex -40.8282 -37.0046 211.279
      vertex -94.4939 -77.5491 19.4532
    endloop
  endfacet
  facet normal 0.64376 0.55531 -0.526501
    outer loop
      vertex -90.5749 -82.0923 19.4532
      vertex -92.6189 -83.9449 15
      vertex -96.6263 -79.2992 15
    endloop
  endfacet
  facet normal 0.64376 0.555312 -0.526499
    outer loop
      vertex -94.4939 -77.5491 19.4532
      vertex -90.5749 -82.0923 19.4532
      vertex -96.6263 -79.2992 15
    endloop
  endfacet
  facet normal -0.714713 -0.616532 0.330262
    outer loop
      vertex -40.7523 -36.9357 215
      vertex -42.5156 -34.8916 215
      vertex -92.6189 -83.9449 15
    endloop
  endfacet
  facet normal -0.714722 -0.616522 0.330262
    outer loop
      vertex -92.6189 -83.9449 15
      vertex -42.5156 -34.8916 215
      vertex -96.6263 -79.2992 15
    endloop
  endfacet
  facet normal 0.788049 0.614997 -0.0275163
    outer loop
      vertex -42.5156 -34.8916 215
      vertex -42.5948 -34.9566 211.279
      vertex -44.2587 -32.8245 211.279
    endloop
  endfacet
  facet normal 0.788045 0.615002 -0.0275118
    outer loop
      vertex -44.1764 -32.7635 215
      vertex -42.5156 -34.8916 215
      vertex -44.2587 -32.8245 211.279
    endloop
  endfacet
  facet normal 0.744114 0.580708 -0.330261
    outer loop
      vertex -42.5948 -34.9566 211.279
      vertex -94.4939 -77.5491 19.4532
      vertex -98.1852 -72.8191 19.4532
    endloop
  endfacet
  facet normal 0.744113 0.580709 -0.330261
    outer loop
      vertex -44.2587 -32.8245 211.279
      vertex -42.5948 -34.9566 211.279
      vertex -98.1852 -72.8191 19.4532
    endloop
  endfacet
  facet normal 0.670232 0.523057 -0.526499
    outer loop
      vertex -94.4939 -77.5491 19.4532
      vertex -96.6263 -79.2992 15
      vertex -100.401 -74.4624 15
    endloop
  endfacet
  facet normal 0.670232 0.52305 -0.526504
    outer loop
      vertex -98.1852 -72.8191 19.4532
      vertex -94.4939 -77.5491 19.4532
      vertex -100.401 -74.4624 15
    endloop
  endfacet
  facet normal -0.744109 -0.580714 0.330262
    outer loop
      vertex -42.5156 -34.8916 215
      vertex -44.1764 -32.7635 215
      vertex -96.6263 -79.2992 15
    endloop
  endfacet
  facet normal -0.74411 -0.580713 0.330262
    outer loop
      vertex -96.6263 -79.2992 15
      vertex -44.1764 -32.7635 215
      vertex -100.401 -74.4624 15
    endloop
  endfacet
  facet normal 0.817276 0.57559 -0.0275122
    outer loop
      vertex -44.1764 -32.7635 215
      vertex -44.2587 -32.8245 211.279
      vertex -45.816 -30.6133 211.279
    endloop
  endfacet
  facet normal 0.817278 0.575586 -0.0275149
    outer loop
      vertex -45.7308 -30.5564 215
      vertex -44.1764 -32.7635 215
      vertex -45.816 -30.6133 211.279
    endloop
  endfacet
  facet normal 0.771708 0.543502 -0.330261
    outer loop
      vertex -44.2587 -32.8245 211.279
      vertex -98.1852 -72.8191 19.4532
      vertex -101.64 -67.9137 19.4532
    endloop
  endfacet
  facet normal 0.77171 0.543499 -0.330261
    outer loop
      vertex -45.816 -30.6133 211.279
      vertex -44.2587 -32.8245 211.279
      vertex -101.64 -67.9137 19.4532
    endloop
  endfacet
  facet normal 0.695071 0.48956 -0.526505
    outer loop
      vertex -98.1852 -72.8191 19.4532
      vertex -100.401 -74.4624 15
      vertex -103.934 -69.4463 15
    endloop
  endfacet
  facet normal 0.695073 0.489529 -0.526531
    outer loop
      vertex -101.64 -67.9137 19.4532
      vertex -98.1852 -72.8191 19.4532
      vertex -103.934 -69.4463 15
    endloop
  endfacet
  facet normal -0.771712 -0.543496 0.330262
    outer loop
      vertex -44.1764 -32.7635 215
      vertex -45.7308 -30.5564 215
      vertex -100.401 -74.4624 15
    endloop
  endfacet
  facet normal -0.77169 -0.543526 0.330263
    outer loop
      vertex -100.401 -74.4624 15
      vertex -45.7308 -30.5564 215
      vertex -103.934 -69.4463 15
    endloop
  endfacet
  facet normal 0.844527 0.534806 -0.0275152
    outer loop
      vertex -45.7308 -30.5564 215
      vertex -45.816 -30.6133 211.279
      vertex -47.263 -28.3283 211.279
    endloop
  endfacet
  facet normal 0.844523 0.534812 -0.02751
    outer loop
      vertex -47.1751 -28.2757 215
      vertex -45.7308 -30.5564 215
      vertex -47.263 -28.3283 211.279
    endloop
  endfacet
  facet normal 0.797446 0.504982 -0.330261
    outer loop
      vertex -45.816 -30.6133 211.279
      vertex -101.64 -67.9137 19.4532
      vertex -104.85 -62.8446 19.4532
    endloop
  endfacet
  facet normal 0.797442 0.504989 -0.330261
    outer loop
      vertex -47.263 -28.3283 211.279
      vertex -45.816 -30.6133 211.279
      vertex -104.85 -62.8446 19.4532
    endloop
  endfacet
  facet normal 0.718283 0.45479 -0.526532
    outer loop
      vertex -101.64 -67.9137 19.4532
      vertex -103.934 -69.4463 15
      vertex -107.216 -64.2628 15
    endloop
  endfacet
  facet normal 0.718282 0.454851 -0.526481
    outer loop
      vertex -104.85 -62.8446 19.4532
      vertex -101.64 -67.9137 19.4532
      vertex -107.216 -64.2628 15
    endloop
  endfacet
  facet normal -0.797438 -0.504994 0.330263
    outer loop
      vertex -45.7308 -30.5564 215
      vertex -47.1751 -28.2757 215
      vertex -103.934 -69.4463 15
    endloop
  endfacet
  facet normal -0.797477 -0.504933 0.330262
    outer loop
      vertex -103.934 -69.4463 15
      vertex -47.1751 -28.2757 215
      vertex -107.216 -64.2628 15
    endloop
  endfacet
  facet normal 0.869769 0.492692 -0.027511
    outer loop
      vertex -47.1751 -28.2757 215
      vertex -47.263 -28.3283 211.279
      vertex -48.596 -25.9751 211.279
    endloop
  endfacet
  facet normal 0.869763 0.492702 -0.0275026
    outer loop
      vertex -48.5057 -25.9268 215
      vertex -47.1751 -28.2757 215
      vertex -48.596 -25.9751 211.279
    endloop
  endfacet
  facet normal 0.821288 0.465203 -0.330261
    outer loop
      vertex -47.263 -28.3283 211.279
      vertex -104.85 -62.8446 19.4532
      vertex -107.807 -57.6242 19.4532
    endloop
  endfacet
  facet normal 0.821277 0.465223 -0.330261
    outer loop
      vertex -48.596 -25.9751 211.279
      vertex -47.263 -28.3283 211.279
      vertex -107.807 -57.6242 19.4532
    endloop
  endfacet
  facet normal 0.73974 0.41905 -0.52648
    outer loop
      vertex -104.85 -62.8446 19.4532
      vertex -107.216 -64.2628 15
      vertex -110.24 -58.9246 15
    endloop
  endfacet
  facet normal 0.739739 0.419012 -0.526513
    outer loop
      vertex -107.807 -57.6242 19.4532
      vertex -104.85 -62.8446 19.4532
      vertex -110.24 -58.9246 15
    endloop
  endfacet
  facet normal -0.821271 -0.465232 0.330261
    outer loop
      vertex -47.1751 -28.2757 215
      vertex -48.5057 -25.9268 215
      vertex -107.216 -64.2628 15
    endloop
  endfacet
  facet normal -0.82127 -0.465235 0.330261
    outer loop
      vertex -107.216 -64.2628 15
      vertex -48.5057 -25.9268 215
      vertex -110.24 -58.9246 15
    endloop
  endfacet
  facet normal 0.892888 0.449438 -0.0275022
    outer loop
      vertex -48.5057 -25.9268 215
      vertex -48.596 -25.9751 211.279
      vertex -49.812 -23.5593 211.279
    endloop
  endfacet
  facet normal 0.892893 0.449427 -0.0275106
    outer loop
      vertex -49.7194 -23.5155 215
      vertex -48.5057 -25.9268 215
      vertex -49.812 -23.5593 211.279
    endloop
  endfacet
  facet normal 0.843083 0.424428 -0.330261
    outer loop
      vertex -48.596 -25.9751 211.279
      vertex -107.807 -57.6242 19.4532
      vertex -110.505 -52.2649 19.4532
    endloop
  endfacet
  facet normal 0.843107 0.42438 -0.330262
    outer loop
      vertex -49.812 -23.5593 211.279
      vertex -48.596 -25.9751 211.279
      vertex -110.505 -52.2649 19.4532
    endloop
  endfacet
  facet normal 0.759362 0.3823 -0.526514
    outer loop
      vertex -107.807 -57.6242 19.4532
      vertex -110.24 -58.9246 15
      vertex -112.999 -53.4444 15
    endloop
  endfacet
  facet normal 0.75936 0.38228 -0.52653
    outer loop
      vertex -110.505 -52.2649 19.4532
      vertex -107.807 -57.6242 19.4532
      vertex -112.999 -53.4444 15
    endloop
  endfacet
  facet normal -0.843112 -0.424371 0.330261
    outer loop
      vertex -48.5057 -25.9268 215
      vertex -49.7194 -23.5155 215
      vertex -110.24 -58.9246 15
    endloop
  endfacet
  facet normal -0.843074 -0.424444 0.330263
    outer loop
      vertex -110.24 -58.9246 15
      vertex -49.7194 -23.5155 215
      vertex -112.999 -53.4444 15
    endloop
  endfacet
  facet normal 0.913862 0.405093 -0.0275105
    outer loop
      vertex -49.7194 -23.5155 215
      vertex -49.812 -23.5593 211.279
      vertex -50.908 -21.0868 211.279
    endloop
  endfacet
  facet normal 0.913856 0.405105 -0.0275009
    outer loop
      vertex -50.8134 -21.0476 215
      vertex -49.7194 -23.5155 215
      vertex -50.908 -21.0868 211.279
    endloop
  endfacet
  facet normal 0.862938 0.382448 -0.330261
    outer loop
      vertex -49.812 -23.5593 211.279
      vertex -110.505 -52.2649 19.4532
      vertex -112.936 -46.7797 19.4532
    endloop
  endfacet
  facet normal 0.862911 0.382508 -0.33026
    outer loop
      vertex -50.908 -21.0868 211.279
      vertex -49.812 -23.5593 211.279
      vertex -112.936 -46.7797 19.4532
    endloop
  endfacet
  facet normal 0.777236 0.344484 -0.526531
    outer loop
      vertex -110.505 -52.2649 19.4532
      vertex -112.999 -53.4444 15
      vertex -115.485 -47.8354 15
    endloop
  endfacet
  facet normal 0.777234 0.344464 -0.526547
    outer loop
      vertex -112.936 -46.7797 19.4532
      vertex -110.505 -52.2649 19.4532
      vertex -115.485 -47.8354 15
    endloop
  endfacet
  facet normal -0.862905 -0.382519 0.330263
    outer loop
      vertex -49.7194 -23.5155 215
      vertex -50.8134 -21.0476 215
      vertex -112.999 -53.4444 15
    endloop
  endfacet
  facet normal -0.86293 -0.382465 0.330262
    outer loop
      vertex -112.999 -53.4444 15
      vertex -50.8134 -21.0476 215
      vertex -115.485 -47.8354 15
    endloop
  endfacet
  facet normal 0.932633 0.359777 -0.0275008
    outer loop
      vertex -50.8134 -21.0476 215
      vertex -50.908 -21.0868 211.279
      vertex -51.8814 -18.5635 211.279
    endloop
  endfacet
  facet normal 0.932648 0.359736 -0.0275322
    outer loop
      vertex -51.7849 -18.5289 215
      vertex -50.8134 -21.0476 215
      vertex -51.8814 -18.5635 211.279
    endloop
  endfacet
  facet normal 0.880606 0.339796 -0.330261
    outer loop
      vertex -50.908 -21.0868 211.279
      vertex -112.936 -46.7797 19.4532
      vertex -115.096 -41.1819 19.4532
    endloop
  endfacet
  facet normal 0.880635 0.339718 -0.330263
    outer loop
      vertex -51.8814 -18.5635 211.279
      vertex -50.908 -21.0868 211.279
      vertex -115.096 -41.1819 19.4532
    endloop
  endfacet
  facet normal 0.793183 0.305955 -0.526547
    outer loop
      vertex -112.936 -46.7797 19.4532
      vertex -115.485 -47.8354 15
      vertex -117.693 -42.1112 15
    endloop
  endfacet
  facet normal 0.793204 0.30607 -0.526449
    outer loop
      vertex -115.096 -41.1819 19.4532
      vertex -112.936 -46.7797 19.4532
      vertex -117.693 -42.1112 15
    endloop
  endfacet
  facet normal -0.88065 -0.33968 0.330262
    outer loop
      vertex -50.8134 -21.0476 215
      vertex -51.7849 -18.5289 215
      vertex -115.485 -47.8354 15
    endloop
  endfacet
  facet normal -0.880645 -0.339692 0.330262
    outer loop
      vertex -115.485 -47.8354 15
      vertex -51.7849 -18.5289 215
      vertex -117.693 -42.1112 15
    endloop
  endfacet
  facet normal 0.949167 0.313568 -0.0275313
    outer loop
      vertex -51.7849 -18.5289 215
      vertex -51.8814 -18.5635 211.279
      vertex -52.7298 -15.9954 211.279
    endloop
  endfacet
  facet normal 0.949165 0.313574 -0.0275265
    outer loop
      vertex -52.6317 -15.9657 215
      vertex -51.7849 -18.5289 215
      vertex -52.7298 -15.9954 211.279
    endloop
  endfacet
  facet normal 0.896252 0.296071 -0.330263
    outer loop
      vertex -51.8814 -18.5635 211.279
      vertex -115.096 -41.1819 19.4532
      vertex -116.978 -35.4848 19.4532
    endloop
  endfacet
  facet normal 0.896248 0.296085 -0.330262
    outer loop
      vertex -52.7298 -15.9954 211.279
      vertex -51.8814 -18.5635 211.279
      vertex -116.978 -35.4848 19.4532
    endloop
  endfacet
  facet normal 0.807275 0.266754 -0.52645
    outer loop
      vertex -115.096 -41.1819 19.4532
      vertex -117.693 -42.1112 15
      vertex -119.618 -36.2856 15
    endloop
  endfacet
  facet normal 0.807256 0.266672 -0.526521
    outer loop
      vertex -116.978 -35.4848 19.4532
      vertex -115.096 -41.1819 19.4532
      vertex -119.618 -36.2856 15
    endloop
  endfacet
  facet normal -0.896246 -0.296091 0.330262
    outer loop
      vertex -51.7849 -18.5289 215
      vertex -52.6317 -15.9657 215
      vertex -117.693 -42.1112 15
    endloop
  endfacet
  facet normal -0.896227 -0.296148 0.330263
    outer loop
      vertex -117.693 -42.1112 15
      vertex -52.6317 -15.9657 215
      vertex -119.618 -36.2856 15
    endloop
  endfacet
  facet normal 0.963415 0.266597 -0.0275273
    outer loop
      vertex -52.6317 -15.9657 215
      vertex -52.7298 -15.9954 211.279
      vertex -53.4511 -13.3888 211.279
    endloop
  endfacet
  facet normal 0.963412 0.266607 -0.0275199
    outer loop
      vertex -53.3517 -13.3639 215
      vertex -52.6317 -15.9657 215
      vertex -53.4511 -13.3888 211.279
    endloop
  endfacet
  facet normal 0.909708 0.251709 -0.330262
    outer loop
      vertex -52.7298 -15.9954 211.279
      vertex -116.978 -35.4848 19.4532
      vertex -118.578 -29.7022 19.4532
    endloop
  endfacet
  facet normal 0.909702 0.251733 -0.330262
    outer loop
      vertex -53.4511 -13.3888 211.279
      vertex -52.7298 -15.9954 211.279
      vertex -118.578 -29.7022 19.4532
    endloop
  endfacet
  facet normal 0.819379 0.226701 -0.526521
    outer loop
      vertex -116.978 -35.4848 19.4532
      vertex -119.618 -36.2856 15
      vertex -121.254 -30.3725 15
    endloop
  endfacet
  facet normal 0.819384 0.226717 -0.526507
    outer loop
      vertex -118.578 -29.7022 19.4532
      vertex -116.978 -35.4848 19.4532
      vertex -121.254 -30.3725 15
    endloop
  endfacet
  facet normal -0.909699 -0.251742 0.330264
    outer loop
      vertex -52.6317 -15.9657 215
      vertex -53.3517 -13.3639 215
      vertex -119.618 -36.2856 15
    endloop
  endfacet
  facet normal -0.909713 -0.251694 0.330263
    outer loop
      vertex -119.618 -36.2856 15
      vertex -53.3517 -13.3639 215
      vertex -121.254 -30.3725 15
    endloop
  endfacet
  facet normal 0.97533 0.219032 -0.0275199
    outer loop
      vertex -53.3517 -13.3639 215
      vertex -53.4511 -13.3888 211.279
      vertex -54.0437 -10.75 211.279
    endloop
  endfacet
  facet normal 0.97533 0.219032 -0.0275198
    outer loop
      vertex -53.9432 -10.73 215
      vertex -53.3517 -13.3639 215
      vertex -54.0437 -10.75 211.279
    endloop
  endfacet
  facet normal 0.920941 0.20687 -0.330262
    outer loop
      vertex -53.4511 -13.3888 211.279
      vertex -118.578 -29.7022 19.4532
      vertex -119.893 -23.8481 19.4532
    endloop
  endfacet
  facet normal 0.920952 0.20682 -0.330263
    outer loop
      vertex -54.0437 -10.75 211.279
      vertex -53.4511 -13.3888 211.279
      vertex -119.893 -23.8481 19.4532
    endloop
  endfacet
  facet normal 0.829521 0.186241 -0.526506
    outer loop
      vertex -118.578 -29.7022 19.4532
      vertex -121.254 -30.3725 15
      vertex -122.598 -24.3863 15
    endloop
  endfacet
  facet normal 0.829556 0.186342 -0.526416
    outer loop
      vertex -119.893 -23.8481 19.4532
      vertex -118.578 -29.7022 19.4532
      vertex -122.598 -24.3863 15
    endloop
  endfacet
  facet normal -0.920952 -0.20682 0.330262
    outer loop
      vertex -53.3517 -13.3639 215
      vertex -53.9432 -10.73 215
      vertex -121.254 -30.3725 15
    endloop
  endfacet
  facet normal -0.920963 -0.206771 0.330261
    outer loop
      vertex -121.254 -30.3725 15
      vertex -53.9432 -10.73 215
      vertex -122.598 -24.3863 15
    endloop
  endfacet
  facet normal 0.984904 0.170903 -0.0275197
    outer loop
      vertex -53.9432 -10.73 215
      vertex -54.0437 -10.75 211.279
      vertex -54.5061 -8.08521 211.279
    endloop
  endfacet
  facet normal 0.984906 0.170889 -0.0275297
    outer loop
      vertex -54.4047 -8.07018 215
      vertex -53.9432 -10.73 215
      vertex -54.5061 -8.08521 211.279
    endloop
  endfacet
  facet normal 0.930013 0.161253 -0.330262
    outer loop
      vertex -54.0437 -10.75 211.279
      vertex -119.893 -23.8481 19.4532
      vertex -120.918 -17.9365 19.4532
    endloop
  endfacet
  facet normal 0.929993 0.161374 -0.33026
    outer loop
      vertex -54.5061 -8.08521 211.279
      vertex -54.0437 -10.75 211.279
      vertex -120.918 -17.9365 19.4532
    endloop
  endfacet
  facet normal 0.837708 0.145369 -0.526416
    outer loop
      vertex -119.893 -23.8481 19.4532
      vertex -122.598 -24.3863 15
      vertex -123.647 -18.3413 15
    endloop
  endfacet
  facet normal 0.837656 0.14524 -0.526533
    outer loop
      vertex -120.918 -17.9365 19.4532
      vertex -119.893 -23.8481 19.4532
      vertex -123.647 -18.3413 15
    endloop
  endfacet
  facet normal -0.929995 -0.161362 0.330261
    outer loop
      vertex -53.9432 -10.73 215
      vertex -54.4047 -8.07018 215
      vertex -122.598 -24.3863 15
    endloop
  endfacet
  facet normal -0.929991 -0.161383 0.330261
    outer loop
      vertex -122.598 -24.3863 15
      vertex -54.4047 -8.07018 215
      vertex -123.647 -18.3413 15
    endloop
  endfacet
  facet normal 0.992106 0.12234 -0.0275298
    outer loop
      vertex -54.4047 -8.07018 215
      vertex -54.5061 -8.08521 211.279
      vertex -54.8371 -5.40099 211.279
    endloop
  endfacet
  facet normal 0.992102 0.122382 -0.0274994
    outer loop
      vertex -54.7352 -5.39094 215
      vertex -54.4047 -8.07018 215
      vertex -54.8371 -5.40099 211.279
    endloop
  endfacet
  facet normal 0.936781 0.115627 -0.33026
    outer loop
      vertex -54.5061 -8.08521 211.279
      vertex -120.918 -17.9365 19.4532
      vertex -121.653 -11.9817 19.4532
    endloop
  endfacet
  facet normal 0.936793 0.115519 -0.330263
    outer loop
      vertex -54.8371 -5.40099 211.279
      vertex -54.5061 -8.08521 211.279
      vertex -121.653 -11.9817 19.4532
    endloop
  endfacet
  facet normal 0.843762 0.104064 -0.526532
    outer loop
      vertex -120.918 -17.9365 19.4532
      vertex -123.647 -18.3413 15
      vertex -124.398 -12.2521 15
    endloop
  endfacet
  facet normal 0.843801 0.10415 -0.526452
    outer loop
      vertex -121.653 -11.9817 19.4532
      vertex -120.918 -17.9365 19.4532
      vertex -124.398 -12.2521 15
    endloop
  endfacet
  facet normal -0.936789 -0.115558 0.330262
    outer loop
      vertex -54.4047 -8.07018 215
      vertex -54.7352 -5.39094 215
      vertex -123.647 -18.3413 15
    endloop
  endfacet
  facet normal -0.936792 -0.115537 0.330261
    outer loop
      vertex -123.647 -18.3413 15
      vertex -54.7352 -5.39094 215
      vertex -124.398 -12.2521 15
    endloop
  endfacet
  facet normal 0.996912 0.0735513 -0.0274992
    outer loop
      vertex -54.7352 -5.39094 215
      vertex -54.8371 -5.40099 211.279
      vertex -55.0361 -2.70375 211.279
    endloop
  endfacet
  facet normal 0.996913 0.0735404 -0.0275071
    outer loop
      vertex -54.9338 -2.69872 215
      vertex -54.7352 -5.39094 215
      vertex -55.0361 -2.70375 211.279
    endloop
  endfacet
  facet normal 0.941336 0.0693778 -0.330262
    outer loop
      vertex -54.8371 -5.40099 211.279
      vertex -121.653 -11.9817 19.4532
      vertex -122.094 -5.9981 19.4532
    endloop
  endfacet
  facet normal 0.941331 0.0694506 -0.330261
    outer loop
      vertex -55.0361 -2.70375 211.279
      vertex -54.8371 -5.40099 211.279
      vertex -122.094 -5.9981 19.4532
    endloop
  endfacet
  facet normal 0.847904 0.0624984 -0.526452
    outer loop
      vertex -121.653 -11.9817 19.4532
      vertex -124.398 -12.2521 15
      vertex -124.849 -6.13346 15
    endloop
  endfacet
  facet normal 0.847901 0.0624915 -0.526459
    outer loop
      vertex -122.094 -5.9981 19.4532
      vertex -121.653 -11.9817 19.4532
      vertex -124.849 -6.13346 15
    endloop
  endfacet
  facet normal -0.941332 -0.0694403 0.330261
    outer loop
      vertex -54.7352 -5.39094 215
      vertex -54.9338 -2.69872 215
      vertex -124.398 -12.2521 15
    endloop
  endfacet
  facet normal -0.941336 -0.0693851 0.33026
    outer loop
      vertex -124.398 -12.2521 15
      vertex -54.9338 -2.69872 215
      vertex -124.849 -6.13346 15
    endloop
  endfacet
  facet normal 0.99932 0.0245418 -0.0275071
    outer loop
      vertex -54.9338 -2.69872 215
      vertex -55.0361 -2.70375 211.279
      vertex -55.1025 0 211.279
    endloop
  endfacet
  facet normal 0.99932 0.0245135 -0.0275276
    outer loop
      vertex -55 0 215
      vertex -54.9338 -2.69872 215
      vertex -55.1025 0 211.279
    endloop
  endfacet
  facet normal 0.943607 0.0231257 -0.33026
    outer loop
      vertex -55.0361 -2.70375 211.279
      vertex -122.094 -5.9981 19.4532
      vertex -122.241 0 19.4532
    endloop
  endfacet
  facet normal 0.943606 0.0231735 -0.330259
    outer loop
      vertex -55.1025 0 211.279
      vertex -55.0361 -2.70375 211.279
      vertex -122.241 0 19.4532
    endloop
  endfacet
  facet normal 0.849943 0.0209248 -0.526459
    outer loop
      vertex -122.094 -5.9981 19.4532
      vertex -124.849 -6.13346 15
      vertex -125 0 15
    endloop
  endfacet
  facet normal 0.849888 0.0208288 -0.526552
    outer loop
      vertex -122.241 0 19.4532
      vertex -122.094 -5.9981 19.4532
      vertex -125 0 15
    endloop
  endfacet
  facet normal -0.943606 -0.0231468 0.33026
    outer loop
      vertex -54.9338 -2.69872 215
      vertex -55 0 215
      vertex -124.849 -6.13346 15
    endloop
  endfacet
  facet normal -0.943604 -0.0232306 0.330261
    outer loop
      vertex -124.849 -6.13346 15
      vertex -55 0 215
      vertex -125 0 15
    endloop
  endfacet
endsolid OpenSCAD_Model
