solid OpenSCAD_Model
  facet normal 0.997279 0.0737153 0
    outer loop
      vertex 109.868 5.39744 15.01
      vertex 109.47 10.7819 0
      vertex 109.47 10.7819 15.01
    endloop
  endfacet
  facet normal 0.997279 0.0737153 0
    outer loop
      vertex 109.47 10.7819 0
      vertex 109.868 5.39744 15.01
      vertex 109.868 5.39744 0
    endloop
  endfacet
  facet normal 0.999704 0.024323 0
    outer loop
      vertex 109.868 5.39744 15.01
      vertex 109.902 4 5
      vertex 109.868 5.39744 0
    endloop
  endfacet
  facet normal 0.999701 0.0244487 -1.75618e-05
    outer loop
      vertex 110 0 15.01
      vertex 109.902 4 5
      vertex 109.868 5.39744 15.01
    endloop
  endfacet
  facet normal 0.9997 0.0244927 0
    outer loop
      vertex 109.902 4 5
      vertex 110 0 15.01
      vertex 110 0 5
    endloop
  endfacet
  facet normal 0.999704 0.024323 0
    outer loop
      vertex 109.868 5.39744 0
      vertex 109.902 4 5
      vertex 109.902 4 0
    endloop
  endfacet
  facet normal 0.992477 0.122427 0
    outer loop
      vertex 109.47 10.7819 15.01
      vertex 108.809 16.1404 0
      vertex 108.809 16.1404 15.01
    endloop
  endfacet
  facet normal 0.992477 0.122427 0
    outer loop
      vertex 108.809 16.1404 0
      vertex 109.47 10.7819 15.01
      vertex 109.47 10.7819 0
    endloop
  endfacet
  facet normal 0.615217 -0.788358 0
    outer loop
      vertex 65.5269 -88.3528 0
      vertex 69.7833 -85.0312 15.01
      vertex 65.5269 -88.3528 15.01
    endloop
  endfacet
  facet normal 0.615217 -0.788358 0
    outer loop
      vertex 69.7833 -85.0312 15.01
      vertex 65.5269 -88.3528 0
      vertex 69.7833 -85.0312 0
    endloop
  endfacet
  facet normal 0.0737153 -0.997279 0
    outer loop
      vertex 5.39744 -109.868 0
      vertex 10.7819 -109.47 15.01
      vertex 5.39744 -109.868 15.01
    endloop
  endfacet
  facet normal 0.0737153 -0.997279 0
    outer loop
      vertex 10.7819 -109.47 15.01
      vertex 5.39744 -109.868 0
      vertex 10.7819 -109.47 0
    endloop
  endfacet
  facet normal -0.949561 0.313582 0
    outer loop
      vertex -105.263 31.9313 0
      vertex -103.57 37.0579 15.01
      vertex -103.57 37.0579 0
    endloop
  endfacet
  facet normal -0.949561 0.313582 0
    outer loop
      vertex -103.57 37.0579 15.01
      vertex -105.263 31.9313 0
      vertex -105.263 31.9313 15.01
    endloop
  endfacet
  facet normal 0.932999 0.359879 0
    outer loop
      vertex 103.57 37.0579 15.01
      vertex 101.627 42.0952 0
      vertex 101.627 42.0952 15.01
    endloop
  endfacet
  facet normal 0.932999 0.359879 0
    outer loop
      vertex 101.627 42.0952 0
      vertex 103.57 37.0579 15.01
      vertex 103.57 37.0579 0
    endloop
  endfacet
  facet normal 0.914192 0.405282 0
    outer loop
      vertex 101.627 42.0952 15.01
      vertex 99.4388 47.0311 0
      vertex 99.4388 47.0311 15.01
    endloop
  endfacet
  facet normal 0.914192 0.405282 0
    outer loop
      vertex 99.4388 47.0311 0
      vertex 101.627 42.0952 15.01
      vertex 101.627 42.0952 0
    endloop
  endfacet
  facet normal 0.689548 0.72424 -0
    outer loop
      vertex 77.7817 77.7817 0
      vertex 73.8715 81.5046 15.01
      vertex 77.7817 77.7817 15.01
    endloop
  endfacet
  facet normal 0.689548 0.72424 0
    outer loop
      vertex 73.8715 81.5046 15.01
      vertex 77.7817 77.7817 0
      vertex 73.8715 81.5046 0
    endloop
  endfacet
  facet normal 0.534988 0.84486 -0
    outer loop
      vertex 61.1127 91.4617 0
      vertex 56.5513 94.3501 15.01
      vertex 61.1127 91.4617 15.01
    endloop
  endfacet
  facet normal 0.534988 0.84486 0
    outer loop
      vertex 56.5513 94.3501 15.01
      vertex 61.1127 91.4617 0
      vertex 56.5513 94.3501 0
    endloop
  endfacet
  facet normal 0.7572 -0.653183 0
    outer loop
      vertex 81.5046 -73.8715 15.01
      vertex 85.0312 -69.7833 0
      vertex 85.0312 -69.7833 15.01
    endloop
  endfacet
  facet normal 0.7572 -0.653183 0
    outer loop
      vertex 85.0312 -69.7833 0
      vertex 81.5046 -73.8715 15.01
      vertex 81.5046 -73.8715 0
    endloop
  endfacet
  facet normal -0.949561 -0.313582 0
    outer loop
      vertex -103.57 -37.0579 0
      vertex -105.263 -31.9313 15.01
      vertex -105.263 -31.9313 0
    endloop
  endfacet
  facet normal -0.949561 -0.313582 0
    outer loop
      vertex -105.263 -31.9313 15.01
      vertex -103.57 -37.0579 0
      vertex -103.57 -37.0579 15.01
    endloop
  endfacet
  facet normal 0.9757 -0.219111 0
    outer loop
      vertex 106.703 -26.7278 15.01
      vertex 107.886 -21.4599 0
      vertex 107.886 -21.4599 15.01
    endloop
  endfacet
  facet normal 0.9757 -0.219111 0
    outer loop
      vertex 107.886 -21.4599 0
      vertex 106.703 -26.7278 15.01
      vertex 106.703 -26.7278 0
    endloop
  endfacet
  facet normal 0.997279 -0.0737153 0
    outer loop
      vertex 109.47 -10.7819 15.01
      vertex 109.868 -5.39744 0
      vertex 109.868 -5.39744 15.01
    endloop
  endfacet
  facet normal 0.997279 -0.0737153 0
    outer loop
      vertex 109.868 -5.39744 0
      vertex 109.47 -10.7819 15.01
      vertex 109.47 -10.7819 0
    endloop
  endfacet
  facet normal 0.949561 0.313582 0
    outer loop
      vertex 105.263 31.9313 15.01
      vertex 103.57 37.0579 0
      vertex 103.57 37.0579 15.01
    endloop
  endfacet
  facet normal 0.949561 0.313582 0
    outer loop
      vertex 103.57 37.0579 0
      vertex 105.263 31.9313 15.01
      vertex 105.263 31.9313 0
    endloop
  endfacet
  facet normal 0.0244487 -0.999701 0
    outer loop
      vertex 0 -110 0
      vertex 5.39744 -109.868 15.01
      vertex 0 -110 15.01
    endloop
  endfacet
  facet normal 0.0244487 -0.999701 0
    outer loop
      vertex 5.39744 -109.868 15.01
      vertex 0 -110 0
      vertex 5.39744 -109.868 0
    endloop
  endfacet
  facet normal 0.653183 -0.7572 0
    outer loop
      vertex 69.7833 -85.0312 0
      vertex 73.8715 -81.5046 15.01
      vertex 69.7833 -85.0312 15.01
    endloop
  endfacet
  facet normal 0.653183 -0.7572 0
    outer loop
      vertex 73.8715 -81.5046 15.01
      vertex 69.7833 -85.0312 0
      vertex 73.8715 -81.5046 0
    endloop
  endfacet
  facet normal -0.932999 0.359879 0
    outer loop
      vertex -103.57 37.0579 0
      vertex -101.627 42.0952 15.01
      vertex -101.627 42.0952 0
    endloop
  endfacet
  facet normal -0.932999 0.359879 0
    outer loop
      vertex -101.627 42.0952 15.01
      vertex -103.57 37.0579 0
      vertex -103.57 37.0579 15.01
    endloop
  endfacet
  facet normal 0.266712 -0.963776 0
    outer loop
      vertex 26.7278 -106.703 0
      vertex 31.9313 -105.263 15.01
      vertex 26.7278 -106.703 15.01
    endloop
  endfacet
  facet normal 0.266712 -0.963776 0
    outer loop
      vertex 31.9313 -105.263 15.01
      vertex 26.7278 -106.703 0
      vertex 31.9313 -105.263 0
    endloop
  endfacet
  facet normal -0.575817 0.817579 0
    outer loop
      vertex -61.1127 91.4617 0
      vertex -65.5269 88.3528 15.01
      vertex -61.1127 91.4617 15.01
    endloop
  endfacet
  facet normal -0.575817 0.817579 0
    outer loop
      vertex -65.5269 88.3528 15.01
      vertex -61.1127 91.4617 0
      vertex -65.5269 88.3528 0
    endloop
  endfacet
  facet normal -0.89322 -0.44962 0
    outer loop
      vertex -97.0113 -51.8536 0
      vertex -99.4388 -47.0311 15.01
      vertex -99.4388 -47.0311 0
    endloop
  endfacet
  facet normal -0.89322 -0.44962 0
    outer loop
      vertex -99.4388 -47.0311 15.01
      vertex -97.0113 -51.8536 0
      vertex -97.0113 -51.8536 15.01
    endloop
  endfacet
  facet normal 0.870088 0.492896 0
    outer loop
      vertex 97.0113 51.8536 15.01
      vertex 94.3501 56.5513 0
      vertex 94.3501 56.5513 15.01
    endloop
  endfacet
  facet normal 0.870088 0.492896 0
    outer loop
      vertex 94.3501 56.5513 0
      vertex 97.0113 51.8536 15.01
      vertex 97.0113 51.8536 0
    endloop
  endfacet
  facet normal 0.0737153 0.997279 -0
    outer loop
      vertex 10.7819 109.47 0
      vertex 5.39744 109.868 15.01
      vertex 10.7819 109.47 15.01
    endloop
  endfacet
  facet normal 0.0737153 0.997279 0
    outer loop
      vertex 5.39744 109.868 15.01
      vertex 10.7819 109.47 0
      vertex 5.39744 109.868 0
    endloop
  endfacet
  facet normal 0.170958 -0.985278 0
    outer loop
      vertex 16.1404 -108.809 0
      vertex 21.4599 -107.886 15.01
      vertex 16.1404 -108.809 15.01
    endloop
  endfacet
  facet normal 0.170958 -0.985278 0
    outer loop
      vertex 21.4599 -107.886 15.01
      vertex 16.1404 -108.809 0
      vertex 21.4599 -107.886 0
    endloop
  endfacet
  facet normal 0.492896 0.870088 -0
    outer loop
      vertex 56.5513 94.3501 0
      vertex 51.8536 97.0113 15.01
      vertex 56.5513 94.3501 15.01
    endloop
  endfacet
  facet normal 0.492896 0.870088 0
    outer loop
      vertex 51.8536 97.0113 15.01
      vertex 56.5513 94.3501 0
      vertex 51.8536 97.0113 0
    endloop
  endfacet
  facet normal 0.615217 0.788358 -0
    outer loop
      vertex 69.7833 85.0312 0
      vertex 65.5269 88.3528 15.01
      vertex 69.7833 85.0312 15.01
    endloop
  endfacet
  facet normal 0.615217 0.788358 0
    outer loop
      vertex 65.5269 88.3528 15.01
      vertex 69.7833 85.0312 0
      vertex 65.5269 88.3528 0
    endloop
  endfacet
  facet normal 0.817579 -0.575817 0
    outer loop
      vertex 88.3528 -65.5269 15.01
      vertex 91.4617 -61.1127 0
      vertex 91.4617 -61.1127 15.01
    endloop
  endfacet
  facet normal 0.817579 -0.575817 0
    outer loop
      vertex 91.4617 -61.1127 0
      vertex 88.3528 -65.5269 15.01
      vertex 88.3528 -65.5269 0
    endloop
  endfacet
  facet normal 0.84486 0.534988 0
    outer loop
      vertex 94.3501 56.5513 15.01
      vertex 91.4617 61.1127 0
      vertex 91.4617 61.1127 15.01
    endloop
  endfacet
  facet normal 0.84486 0.534988 0
    outer loop
      vertex 91.4617 61.1127 0
      vertex 94.3501 56.5513 15.01
      vertex 94.3501 56.5513 0
    endloop
  endfacet
  facet normal 0.405282 -0.914192 0
    outer loop
      vertex 42.0952 -101.627 0
      vertex 47.0311 -99.4388 15.01
      vertex 42.0952 -101.627 15.01
    endloop
  endfacet
  facet normal 0.405282 -0.914192 0
    outer loop
      vertex 47.0311 -99.4388 15.01
      vertex 42.0952 -101.627 0
      vertex 47.0311 -99.4388 0
    endloop
  endfacet
  facet normal 0.492896 -0.870088 0
    outer loop
      vertex 51.8536 -97.0113 0
      vertex 56.5513 -94.3501 15.01
      vertex 51.8536 -97.0113 15.01
    endloop
  endfacet
  facet normal 0.492896 -0.870088 0
    outer loop
      vertex 56.5513 -94.3501 15.01
      vertex 51.8536 -97.0113 0
      vertex 56.5513 -94.3501 0
    endloop
  endfacet
  facet normal 0.963776 -0.266712 0
    outer loop
      vertex 105.263 -31.9313 15.01
      vertex 106.703 -26.7278 0
      vertex 106.703 -26.7278 15.01
    endloop
  endfacet
  facet normal 0.963776 -0.266712 0
    outer loop
      vertex 106.703 -26.7278 0
      vertex 105.263 -31.9313 15.01
      vertex 105.263 -31.9313 0
    endloop
  endfacet
  facet normal 0.89322 0.44962 0
    outer loop
      vertex 99.4388 47.0311 15.01
      vertex 97.0113 51.8536 0
      vertex 97.0113 51.8536 15.01
    endloop
  endfacet
  facet normal 0.89322 0.44962 0
    outer loop
      vertex 97.0113 51.8536 0
      vertex 99.4388 47.0311 15.01
      vertex 99.4388 47.0311 0
    endloop
  endfacet
  facet normal -0.170958 0.985278 0
    outer loop
      vertex -16.1404 108.809 0
      vertex -21.4599 107.886 15.01
      vertex -16.1404 108.809 15.01
    endloop
  endfacet
  facet normal -0.170958 0.985278 0
    outer loop
      vertex -21.4599 107.886 15.01
      vertex -16.1404 108.809 0
      vertex -21.4599 107.886 0
    endloop
  endfacet
  facet normal -0.997279 -0.0737153 0
    outer loop
      vertex -109.47 -10.7819 0
      vertex -109.868 -5.39744 15.01
      vertex -109.868 -5.39744 0
    endloop
  endfacet
  facet normal -0.997279 -0.0737153 0
    outer loop
      vertex -109.868 -5.39744 15.01
      vertex -109.47 -10.7819 0
      vertex -109.47 -10.7819 15.01
    endloop
  endfacet
  facet normal -0.992477 0.122427 0
    outer loop
      vertex -109.47 10.7819 0
      vertex -108.809 16.1404 15.01
      vertex -108.809 16.1404 0
    endloop
  endfacet
  facet normal -0.992477 0.122427 0
    outer loop
      vertex -108.809 16.1404 15.01
      vertex -109.47 10.7819 0
      vertex -109.47 10.7819 15.01
    endloop
  endfacet
  facet normal -0.7572 -0.653183 0
    outer loop
      vertex -81.5046 -73.8715 0
      vertex -85.0312 -69.7833 15.01
      vertex -85.0312 -69.7833 0
    endloop
  endfacet
  facet normal -0.7572 -0.653183 0
    outer loop
      vertex -85.0312 -69.7833 15.01
      vertex -81.5046 -73.8715 0
      vertex -81.5046 -73.8715 15.01
    endloop
  endfacet
  facet normal -0.170958 -0.985278 0
    outer loop
      vertex -21.4599 -107.886 0
      vertex -16.1404 -108.809 15.01
      vertex -21.4599 -107.886 15.01
    endloop
  endfacet
  facet normal -0.170958 -0.985278 -0
    outer loop
      vertex -16.1404 -108.809 15.01
      vertex -21.4599 -107.886 0
      vertex -16.1404 -108.809 0
    endloop
  endfacet
  facet normal -0.89322 0.44962 0
    outer loop
      vertex -99.4388 47.0311 0
      vertex -97.0113 51.8536 15.01
      vertex -97.0113 51.8536 0
    endloop
  endfacet
  facet normal -0.89322 0.44962 0
    outer loop
      vertex -97.0113 51.8536 15.01
      vertex -99.4388 47.0311 0
      vertex -99.4388 47.0311 15.01
    endloop
  endfacet
  facet normal -0.932999 -0.359879 0
    outer loop
      vertex -101.627 -42.0952 0
      vertex -103.57 -37.0579 15.01
      vertex -103.57 -37.0579 0
    endloop
  endfacet
  facet normal -0.932999 -0.359879 0
    outer loop
      vertex -103.57 -37.0579 15.01
      vertex -101.627 -42.0952 0
      vertex -101.627 -42.0952 15.01
    endloop
  endfacet
  facet normal 0.0244487 0.999701 -0
    outer loop
      vertex 5.39744 109.868 0
      vertex 0 110 15.01
      vertex 5.39744 109.868 15.01
    endloop
  endfacet
  facet normal 0.0244487 0.999701 0
    outer loop
      vertex 0 110 15.01
      vertex 5.39744 109.868 0
      vertex 0 110 0
    endloop
  endfacet
  facet normal 0.992477 -0.122427 0
    outer loop
      vertex 108.809 -16.1404 15.01
      vertex 109.47 -10.7819 0
      vertex 109.47 -10.7819 15.01
    endloop
  endfacet
  facet normal 0.992477 -0.122427 0
    outer loop
      vertex 109.47 -10.7819 0
      vertex 108.809 -16.1404 15.01
      vertex 108.809 -16.1404 0
    endloop
  endfacet
  facet normal -0.9757 0.219111 0
    outer loop
      vertex -107.886 21.4599 0
      vertex -106.703 26.7278 15.01
      vertex -106.703 26.7278 0
    endloop
  endfacet
  facet normal -0.9757 0.219111 0
    outer loop
      vertex -106.703 26.7278 15.01
      vertex -107.886 21.4599 0
      vertex -107.886 21.4599 15.01
    endloop
  endfacet
  facet normal -0.359879 -0.932999 0
    outer loop
      vertex -42.0952 -101.627 0
      vertex -37.0579 -103.57 15.01
      vertex -42.0952 -101.627 15.01
    endloop
  endfacet
  facet normal -0.359879 -0.932999 -0
    outer loop
      vertex -37.0579 -103.57 15.01
      vertex -42.0952 -101.627 0
      vertex -37.0579 -103.57 0
    endloop
  endfacet
  facet normal -0.72424 0.689548 0
    outer loop
      vertex -81.5046 73.8715 0
      vertex -77.7817 77.7817 15.01
      vertex -77.7817 77.7817 0
    endloop
  endfacet
  facet normal -0.72424 0.689548 0
    outer loop
      vertex -77.7817 77.7817 15.01
      vertex -81.5046 73.8715 0
      vertex -81.5046 73.8715 15.01
    endloop
  endfacet
  facet normal -0.870088 -0.492896 0
    outer loop
      vertex -94.3501 -56.5513 0
      vertex -97.0113 -51.8536 15.01
      vertex -97.0113 -51.8536 0
    endloop
  endfacet
  facet normal -0.870088 -0.492896 0
    outer loop
      vertex -97.0113 -51.8536 15.01
      vertex -94.3501 -56.5513 0
      vertex -94.3501 -56.5513 15.01
    endloop
  endfacet
  facet normal -0.72424 -0.689548 0
    outer loop
      vertex -77.7817 -77.7817 0
      vertex -81.5046 -73.8715 15.01
      vertex -81.5046 -73.8715 0
    endloop
  endfacet
  facet normal -0.72424 -0.689548 0
    outer loop
      vertex -81.5046 -73.8715 15.01
      vertex -77.7817 -77.7817 0
      vertex -77.7817 -77.7817 15.01
    endloop
  endfacet
  facet normal 0.914192 -0.405282 0
    outer loop
      vertex 99.4388 -47.0311 15.01
      vertex 101.627 -42.0952 0
      vertex 101.627 -42.0952 15.01
    endloop
  endfacet
  facet normal 0.914192 -0.405282 0
    outer loop
      vertex 101.627 -42.0952 0
      vertex 99.4388 -47.0311 15.01
      vertex 99.4388 -47.0311 0
    endloop
  endfacet
  facet normal -0.492896 0.870088 0
    outer loop
      vertex -51.8536 97.0113 0
      vertex -56.5513 94.3501 15.01
      vertex -51.8536 97.0113 15.01
    endloop
  endfacet
  facet normal -0.492896 0.870088 0
    outer loop
      vertex -56.5513 94.3501 15.01
      vertex -51.8536 97.0113 0
      vertex -56.5513 94.3501 0
    endloop
  endfacet
  facet normal 0.72424 -0.689548 0
    outer loop
      vertex 77.7817 -77.7817 15.01
      vertex 81.5046 -73.8715 0
      vertex 81.5046 -73.8715 15.01
    endloop
  endfacet
  facet normal 0.72424 -0.689548 0
    outer loop
      vertex 81.5046 -73.8715 0
      vertex 77.7817 -77.7817 15.01
      vertex 77.7817 -77.7817 0
    endloop
  endfacet
  facet normal -0.653183 -0.7572 0
    outer loop
      vertex -73.8715 -81.5046 0
      vertex -69.7833 -85.0312 15.01
      vertex -73.8715 -81.5046 15.01
    endloop
  endfacet
  facet normal -0.653183 -0.7572 -0
    outer loop
      vertex -69.7833 -85.0312 15.01
      vertex -73.8715 -81.5046 0
      vertex -69.7833 -85.0312 0
    endloop
  endfacet
  facet normal 0.84486 -0.534988 0
    outer loop
      vertex 91.4617 -61.1127 15.01
      vertex 94.3501 -56.5513 0
      vertex 94.3501 -56.5513 15.01
    endloop
  endfacet
  facet normal 0.84486 -0.534988 0
    outer loop
      vertex 94.3501 -56.5513 0
      vertex 91.4617 -61.1127 15.01
      vertex 91.4617 -61.1127 0
    endloop
  endfacet
  facet normal -0.653183 0.7572 0
    outer loop
      vertex -69.7833 85.0312 0
      vertex -73.8715 81.5046 15.01
      vertex -69.7833 85.0312 15.01
    endloop
  endfacet
  facet normal -0.653183 0.7572 0
    outer loop
      vertex -73.8715 81.5046 15.01
      vertex -69.7833 85.0312 0
      vertex -73.8715 81.5046 0
    endloop
  endfacet
  facet normal -0.615217 0.788358 0
    outer loop
      vertex -65.5269 88.3528 0
      vertex -69.7833 85.0312 15.01
      vertex -65.5269 88.3528 15.01
    endloop
  endfacet
  facet normal -0.615217 0.788358 0
    outer loop
      vertex -69.7833 85.0312 15.01
      vertex -65.5269 88.3528 0
      vertex -69.7833 85.0312 0
    endloop
  endfacet
  facet normal 0.534988 -0.84486 0
    outer loop
      vertex 56.5513 -94.3501 0
      vertex 61.1127 -91.4617 15.01
      vertex 56.5513 -94.3501 15.01
    endloop
  endfacet
  facet normal 0.534988 -0.84486 0
    outer loop
      vertex 61.1127 -91.4617 15.01
      vertex 56.5513 -94.3501 0
      vertex 61.1127 -91.4617 0
    endloop
  endfacet
  facet normal 0.932999 -0.359879 0
    outer loop
      vertex 101.627 -42.0952 15.01
      vertex 103.57 -37.0579 0
      vertex 103.57 -37.0579 15.01
    endloop
  endfacet
  facet normal 0.932999 -0.359879 0
    outer loop
      vertex 103.57 -37.0579 0
      vertex 101.627 -42.0952 15.01
      vertex 101.627 -42.0952 0
    endloop
  endfacet
  facet normal 0.219111 -0.9757 0
    outer loop
      vertex 21.4599 -107.886 0
      vertex 26.7278 -106.703 15.01
      vertex 21.4599 -107.886 15.01
    endloop
  endfacet
  facet normal 0.219111 -0.9757 0
    outer loop
      vertex 26.7278 -106.703 15.01
      vertex 21.4599 -107.886 0
      vertex 26.7278 -106.703 0
    endloop
  endfacet
  facet normal 0.949561 -0.313582 0
    outer loop
      vertex 103.57 -37.0579 15.01
      vertex 105.263 -31.9313 0
      vertex 105.263 -31.9313 15.01
    endloop
  endfacet
  facet normal 0.949561 -0.313582 0
    outer loop
      vertex 105.263 -31.9313 0
      vertex 103.57 -37.0579 15.01
      vertex 103.57 -37.0579 0
    endloop
  endfacet
  facet normal -0.405282 -0.914192 0
    outer loop
      vertex -47.0311 -99.4388 0
      vertex -42.0952 -101.627 15.01
      vertex -47.0311 -99.4388 15.01
    endloop
  endfacet
  facet normal -0.405282 -0.914192 -0
    outer loop
      vertex -42.0952 -101.627 15.01
      vertex -47.0311 -99.4388 0
      vertex -42.0952 -101.627 0
    endloop
  endfacet
  facet normal 0.405282 0.914192 -0
    outer loop
      vertex 47.0311 99.4388 0
      vertex 42.0952 101.627 15.01
      vertex 47.0311 99.4388 15.01
    endloop
  endfacet
  facet normal 0.405282 0.914192 0
    outer loop
      vertex 42.0952 101.627 15.01
      vertex 47.0311 99.4388 0
      vertex 42.0952 101.627 0
    endloop
  endfacet
  facet normal 0.122427 0.992477 -0
    outer loop
      vertex 16.1404 108.809 0
      vertex 10.7819 109.47 15.01
      vertex 16.1404 108.809 15.01
    endloop
  endfacet
  facet normal 0.122427 0.992477 0
    outer loop
      vertex 10.7819 109.47 15.01
      vertex 16.1404 108.809 0
      vertex 10.7819 109.47 0
    endloop
  endfacet
  facet normal 0 0 -1
    outer loop
      vertex 94.4554 -4 0
      vertex 109.868 -5.39744 0
      vertex 109.47 -10.7819 0
    endloop
  endfacet
  facet normal 0 0 -1
    outer loop
      vertex 93.6526 -4.76012 0
      vertex 109.47 -10.7819 0
      vertex 108.809 -16.1404 0
    endloop
  endfacet
  facet normal 0 0 -1
    outer loop
      vertex 92.2961 -5.54328 0
      vertex 108.809 -16.1404 0
      vertex 107.886 -21.4599 0
    endloop
  endfacet
  facet normal 0 0 -1
    outer loop
      vertex 90.7832 -5.94867 0
      vertex 107.886 -21.4599 0
      vertex 106.703 -26.7278 0
    endloop
  endfacet
  facet normal 0 0 -1
    outer loop
      vertex 90 -6 0
      vertex 106.703 -26.7278 0
      vertex 105.263 -31.9313 0
    endloop
  endfacet
  facet normal 0 0 -1
    outer loop
      vertex 88.4471 -5.79555 0
      vertex 105.263 -31.9313 0
      vertex 103.57 -37.0579 0
    endloop
  endfacet
  facet normal 0 0 -1
    outer loop
      vertex 87.7039 -5.54328 0
      vertex 103.57 -37.0579 0
      vertex 101.627 -42.0952 0
    endloop
  endfacet
  facet normal 0 0 -1
    outer loop
      vertex 87 -5.19615 0
      vertex 101.627 -42.0952 0
      vertex 99.4388 -47.0311 0
    endloop
  endfacet
  facet normal 0 0 -1
    outer loop
      vertex 87 -5.19615 0
      vertex 99.4388 -47.0311 0
      vertex 97.0113 -51.8536 0
    endloop
  endfacet
  facet normal 0 0 -1
    outer loop
      vertex 108.809 -16.1404 0
      vertex 92.2961 -5.54328 0
      vertex 93 -5.19615 0
    endloop
  endfacet
  facet normal 0 0 -1
    outer loop
      vertex 86.3474 -4.76012 0
      vertex 97.0113 -51.8536 0
      vertex 94.3501 -56.5513 0
    endloop
  endfacet
  facet normal 0 0 -1
    outer loop
      vertex 109.868 -5.39744 0
      vertex 94.4554 -4 0
      vertex 109.902 -4 0
    endloop
  endfacet
  facet normal 0 0 -1
    outer loop
      vertex 109.47 -10.7819 0
      vertex 94.2426 -4.24264 0
      vertex 94.4554 -4 0
    endloop
  endfacet
  facet normal 0 0 -1
    outer loop
      vertex 109.47 -10.7819 0
      vertex 93.6526 -4.76012 0
      vertex 94.2426 -4.24264 0
    endloop
  endfacet
  facet normal 0 0 -1
    outer loop
      vertex 108.809 -16.1404 0
      vertex 93 -5.19615 0
      vertex 93.6526 -4.76012 0
    endloop
  endfacet
  facet normal 0 0 -1
    outer loop
      vertex 107.886 -21.4599 0
      vertex 91.5529 -5.79555 0
      vertex 92.2961 -5.54328 0
    endloop
  endfacet
  facet normal 0 0 -1
    outer loop
      vertex 26.6065 -17.7661 0
      vertex 94.3501 -56.5513 0
      vertex 91.4617 -61.1127 0
    endloop
  endfacet
  facet normal 0 0 -1
    outer loop
      vertex 107.886 -21.4599 0
      vertex 90.7832 -5.94867 0
      vertex 91.5529 -5.79555 0
    endloop
  endfacet
  facet normal 0 0 -1
    outer loop
      vertex 106.703 -26.7278 0
      vertex 90 -6 0
      vertex 90.7832 -5.94867 0
    endloop
  endfacet
  facet normal 0 0 -1
    outer loop
      vertex 105.263 -31.9313 0
      vertex 89.2168 -5.94867 0
      vertex 90 -6 0
    endloop
  endfacet
  facet normal 0 0 -1
    outer loop
      vertex 105.263 -31.9313 0
      vertex 88.4471 -5.79555 0
      vertex 89.2168 -5.94867 0
    endloop
  endfacet
  facet normal 0 0 -1
    outer loop
      vertex 26.6015 -17.7745 0
      vertex 91.4617 -61.1127 0
      vertex 88.3528 -65.5269 0
    endloop
  endfacet
  facet normal 0 0 -1
    outer loop
      vertex 103.57 -37.0579 0
      vertex 87.7039 -5.54328 0
      vertex 88.4471 -5.79555 0
    endloop
  endfacet
  facet normal 0 0 -1
    outer loop
      vertex 101.627 -42.0952 0
      vertex 87 -5.19615 0
      vertex 87.7039 -5.54328 0
    endloop
  endfacet
  facet normal 0 0 -1
    outer loop
      vertex 97.0113 -51.8536 0
      vertex 86.3474 -4.76012 0
      vertex 87 -5.19615 0
    endloop
  endfacet
  facet normal 0 0 -1
    outer loop
      vertex 94.3501 -56.5513 0
      vertex 28.2156 -15.0816 0
      vertex 86.3474 -4.76012 0
    endloop
  endfacet
  facet normal -0 0 -1
    outer loop
      vertex 86.3474 -4.76012 0
      vertex 28.2156 -15.0816 0
      vertex 85.7574 -4.24264 0
    endloop
  endfacet
  facet normal 0 0 -1
    outer loop
      vertex 24.7312 -20.2964 0
      vertex 88.3528 -65.5269 0
      vertex 85.0312 -69.7833 0
    endloop
  endfacet
  facet normal 0 0 -1
    outer loop
      vertex 24.7312 -20.2964 0
      vertex 85.0312 -69.7833 0
      vertex 81.5046 -73.8715 0
    endloop
  endfacet
  facet normal 0 0 -1
    outer loop
      vertex 22.6227 -22.6227 0
      vertex 81.5046 -73.8715 0
      vertex 77.7817 -77.7817 0
    endloop
  endfacet
  facet normal 0 0 -1
    outer loop
      vertex 22.6227 -22.6227 0
      vertex 77.7817 -77.7817 0
      vertex 73.8715 -81.5046 0
    endloop
  endfacet
  facet normal 0 0 -1
    outer loop
      vertex 20.3036 -24.7246 0
      vertex 73.8715 -81.5046 0
      vertex 69.7833 -85.0312 0
    endloop
  endfacet
  facet normal 0 0 -1
    outer loop
      vertex 20.2964 -24.7312 0
      vertex 69.7833 -85.0312 0
      vertex 65.5269 -88.3528 0
    endloop
  endfacet
  facet normal 0 0 -1
    outer loop
      vertex 17.7824 -26.5956 0
      vertex 65.5269 -88.3528 0
      vertex 61.1127 -91.4617 0
    endloop
  endfacet
  facet normal 0 0 -1
    outer loop
      vertex 17.7745 -26.6015 0
      vertex 61.1127 -91.4617 0
      vertex 56.5513 -94.3501 0
    endloop
  endfacet
  facet normal 0 0 -1
    outer loop
      vertex 15.0816 -28.2156 0
      vertex 56.5513 -94.3501 0
      vertex 51.8536 -97.0113 0
    endloop
  endfacet
  facet normal 0 0 -1
    outer loop
      vertex 4.76012 -86.3474 0
      vertex 51.8536 -97.0113 0
      vertex 47.0311 -99.4388 0
    endloop
  endfacet
  facet normal 0 0 -1
    outer loop
      vertex 5.19615 -87 0
      vertex 47.0311 -99.4388 0
      vertex 42.0952 -101.627 0
    endloop
  endfacet
  facet normal 0 0 -1
    outer loop
      vertex 5.54328 -87.7039 0
      vertex 42.0952 -101.627 0
      vertex 37.0579 -103.57 0
    endloop
  endfacet
  facet normal 0 0 -1
    outer loop
      vertex 5.79555 -88.4471 0
      vertex 37.0579 -103.57 0
      vertex 31.9313 -105.263 0
    endloop
  endfacet
  facet normal 0 0 -1
    outer loop
      vertex 88.3528 -65.5269 0
      vertex 24.7312 -20.2964 0
      vertex 26.5956 -17.7824 0
    endloop
  endfacet
  facet normal -0 0 -1
    outer loop
      vertex 85.5446 -4 0
      vertex 31.3786 -6.24159 0
      vertex 31.7111 -4 0
    endloop
  endfacet
  facet normal 0 0 -1
    outer loop
      vertex 85.5446 -4 0
      vertex 30.6181 -9.27766 0
      vertex 31.3786 -6.24159 0
    endloop
  endfacet
  facet normal 0 0 -1
    outer loop
      vertex 85.5446 -4 0
      vertex 30.6157 -9.28717 0
      vertex 30.6181 -9.27766 0
    endloop
  endfacet
  facet normal 0 0 -1
    outer loop
      vertex 85.5446 -4 0
      vertex 30.6124 -9.29641 0
      vertex 30.6157 -9.28717 0
    endloop
  endfacet
  facet normal 0 0 -1
    outer loop
      vertex 85.5446 -4 0
      vertex 29.558 -12.2433 0
      vertex 30.6124 -9.29641 0
    endloop
  endfacet
  facet normal -0 0 -1
    outer loop
      vertex 85.7574 -4.24264 0
      vertex 29.558 -12.2433 0
      vertex 85.5446 -4 0
    endloop
  endfacet
  facet normal 0 -0 -1
    outer loop
      vertex 29.558 -12.2433 0
      vertex 85.7574 -4.24264 0
      vertex 28.2198 -15.0727 0
    endloop
  endfacet
  facet normal 0 0 -1
    outer loop
      vertex 5.94867 -89.2168 0
      vertex 31.9313 -105.263 0
      vertex 26.7278 -106.703 0
    endloop
  endfacet
  facet normal 0 -0 -1
    outer loop
      vertex 28.2198 -15.0727 0
      vertex 85.7574 -4.24264 0
      vertex 28.2156 -15.0816 0
    endloop
  endfacet
  facet normal 0 0 -1
    outer loop
      vertex 94.3501 -56.5513 0
      vertex 26.6065 -17.7661 0
      vertex 28.2156 -15.0816 0
    endloop
  endfacet
  facet normal 0 0 -1
    outer loop
      vertex 91.4617 -61.1127 0
      vertex 26.6015 -17.7745 0
      vertex 26.6065 -17.7661 0
    endloop
  endfacet
  facet normal 0 0 -1
    outer loop
      vertex 88.3528 -65.5269 0
      vertex 26.5956 -17.7824 0
      vertex 26.6015 -17.7745 0
    endloop
  endfacet
  facet normal 0 0 -1
    outer loop
      vertex 81.5046 -73.8715 0
      vertex 24.7246 -20.3036 0
      vertex 24.7312 -20.2964 0
    endloop
  endfacet
  facet normal 0 0 -1
    outer loop
      vertex 81.5046 -73.8715 0
      vertex 22.6227 -22.6227 0
      vertex 24.7246 -20.3036 0
    endloop
  endfacet
  facet normal 0 0 -1
    outer loop
      vertex 5.94867 -90.7832 0
      vertex 26.7278 -106.703 0
      vertex 21.4599 -107.886 0
    endloop
  endfacet
  facet normal 0 0 -1
    outer loop
      vertex 73.8715 -81.5046 0
      vertex 20.3036 -24.7246 0
      vertex 22.6227 -22.6227 0
    endloop
  endfacet
  facet normal 0 0 -1
    outer loop
      vertex 69.7833 -85.0312 0
      vertex 20.2964 -24.7312 0
      vertex 20.3036 -24.7246 0
    endloop
  endfacet
  facet normal 0 0 -1
    outer loop
      vertex 42.0952 -101.627 0
      vertex 5.54328 -87.7039 0
      vertex 5.19615 -87 0
    endloop
  endfacet
  facet normal 0 0 -1
    outer loop
      vertex 47.0311 -99.4388 0
      vertex 5.19615 -87 0
      vertex 4.76012 -86.3474 0
    endloop
  endfacet
  facet normal 0 0 -1
    outer loop
      vertex 65.5269 -88.3528 0
      vertex 17.7824 -26.5956 0
      vertex 20.2964 -24.7312 0
    endloop
  endfacet
  facet normal 0 0 -1
    outer loop
      vertex 5.54328 -92.2961 0
      vertex 21.4599 -107.886 0
      vertex 16.1404 -108.809 0
    endloop
  endfacet
  facet normal 0 0 -1
    outer loop
      vertex 37.0579 -103.57 0
      vertex 5.79555 -88.4471 0
      vertex 5.54328 -87.7039 0
    endloop
  endfacet
  facet normal 0 0 -1
    outer loop
      vertex 61.1127 -91.4617 0
      vertex 17.7745 -26.6015 0
      vertex 17.7824 -26.5956 0
    endloop
  endfacet
  facet normal 0 0 -1
    outer loop
      vertex 51.8536 -97.0113 0
      vertex 4.76012 -86.3474 0
      vertex 15.0816 -28.2156 0
    endloop
  endfacet
  facet normal 0 0 -1
    outer loop
      vertex 4.76012 -93.6526 0
      vertex 16.1404 -108.809 0
      vertex 10.7819 -109.47 0
    endloop
  endfacet
  facet normal 0 0 -1
    outer loop
      vertex 31.9313 -105.263 0
      vertex 5.94867 -89.2168 0
      vertex 5.79555 -88.4471 0
    endloop
  endfacet
  facet normal 0 0 -1
    outer loop
      vertex 56.5513 -94.3501 0
      vertex 17.7661 -26.6065 0
      vertex 17.7745 -26.6015 0
    endloop
  endfacet
  facet normal 0 0 -1
    outer loop
      vertex 56.5513 -94.3501 0
      vertex 15.0816 -28.2156 0
      vertex 17.7661 -26.6065 0
    endloop
  endfacet
  facet normal 0 0 -1
    outer loop
      vertex 4.24264 -85.7574 0
      vertex 15.0816 -28.2156 0
      vertex 4.76012 -86.3474 0
    endloop
  endfacet
  facet normal 0 0 -1
    outer loop
      vertex 26.7278 -106.703 0
      vertex 6 -90 0
      vertex 5.94867 -89.2168 0
    endloop
  endfacet
  facet normal 0 0 -1
    outer loop
      vertex 26.7278 -106.703 0
      vertex 5.94867 -90.7832 0
      vertex 6 -90 0
    endloop
  endfacet
  facet normal 0 0 -1
    outer loop
      vertex 21.4599 -107.886 0
      vertex 5.79555 -91.5529 0
      vertex 5.94867 -90.7832 0
    endloop
  endfacet
  facet normal 0 0 -1
    outer loop
      vertex 21.4599 -107.886 0
      vertex 5.54328 -92.2961 0
      vertex 5.79555 -91.5529 0
    endloop
  endfacet
  facet normal 0 0 -1
    outer loop
      vertex 3 -95.1962 0
      vertex 10.7819 -109.47 0
      vertex 5.39744 -109.868 0
    endloop
  endfacet
  facet normal 0 0 -1
    outer loop
      vertex 16.1404 -108.809 0
      vertex 5.19615 -93 0
      vertex 5.54328 -92.2961 0
    endloop
  endfacet
  facet normal 0 0 -1
    outer loop
      vertex 16.1404 -108.809 0
      vertex 4.76012 -93.6526 0
      vertex 5.19615 -93 0
    endloop
  endfacet
  facet normal 0 0 -1
    outer loop
      vertex 10.7819 -109.47 0
      vertex 4.24264 -94.2426 0
      vertex 4.76012 -93.6526 0
    endloop
  endfacet
  facet normal 0 0 -1
    outer loop
      vertex 10.7819 -109.47 0
      vertex 3.65257 -94.7601 0
      vertex 4.24264 -94.2426 0
    endloop
  endfacet
  facet normal 0 0 -1
    outer loop
      vertex 10.7819 -109.47 0
      vertex 3 -95.1962 0
      vertex 3.65257 -94.7601 0
    endloop
  endfacet
  facet normal 0 0 -1
    outer loop
      vertex 5.39744 -109.868 0
      vertex 2.2961 -95.5433 0
      vertex 3 -95.1962 0
    endloop
  endfacet
  facet normal 0 0 -1
    outer loop
      vertex 5.39744 -109.868 0
      vertex 1.55291 -95.7956 0
      vertex 2.2961 -95.5433 0
    endloop
  endfacet
  facet normal 0 0 -1
    outer loop
      vertex 5.39744 -109.868 0
      vertex 0.783156 -95.9487 0
      vertex 1.55291 -95.7956 0
    endloop
  endfacet
  facet normal 0 0 -1
    outer loop
      vertex 0 -110 0
      vertex 0.783156 -95.9487 0
      vertex 5.39744 -109.868 0
    endloop
  endfacet
  facet normal 0 0 -1
    outer loop
      vertex 0 -110 0
      vertex 0 -96 0
      vertex 0.783156 -95.9487 0
    endloop
  endfacet
  facet normal 0 0 -1
    outer loop
      vertex 0 -110 0
      vertex -0.783156 -95.9487 0
      vertex 0 -96 0
    endloop
  endfacet
  facet normal 0 0 -1
    outer loop
      vertex 0 -110 0
      vertex -1.55291 -95.7956 0
      vertex -0.783156 -95.9487 0
    endloop
  endfacet
  facet normal 0 0 -1
    outer loop
      vertex -5.39744 -109.868 0
      vertex -1.55291 -95.7956 0
      vertex 0 -110 0
    endloop
  endfacet
  facet normal -0 0 -1
    outer loop
      vertex -1.55291 -95.7956 0
      vertex -5.39744 -109.868 0
      vertex -2.2961 -95.5433 0
    endloop
  endfacet
  facet normal -0 0 -1
    outer loop
      vertex -2.2961 -95.5433 0
      vertex -5.39744 -109.868 0
      vertex -3 -95.1962 0
    endloop
  endfacet
  facet normal 0 0 -1
    outer loop
      vertex -10.7819 -109.47 0
      vertex -3 -95.1962 0
      vertex -5.39744 -109.868 0
    endloop
  endfacet
  facet normal -0 0 -1
    outer loop
      vertex -3 -95.1962 0
      vertex -10.7819 -109.47 0
      vertex -3.65257 -94.7601 0
    endloop
  endfacet
  facet normal -0 0 -1
    outer loop
      vertex -3.65257 -94.7601 0
      vertex -10.7819 -109.47 0
      vertex -4.24264 -94.2426 0
    endloop
  endfacet
  facet normal -0 0 -1
    outer loop
      vertex -4.24264 -94.2426 0
      vertex -10.7819 -109.47 0
      vertex -4.76012 -93.6526 0
    endloop
  endfacet
  facet normal 0 0 -1
    outer loop
      vertex -16.1404 -108.809 0
      vertex -4.76012 -93.6526 0
      vertex -10.7819 -109.47 0
    endloop
  endfacet
  facet normal -0 0 -1
    outer loop
      vertex -4.76012 -93.6526 0
      vertex -16.1404 -108.809 0
      vertex -5.19615 -93 0
    endloop
  endfacet
  facet normal -0 0 -1
    outer loop
      vertex -5.19615 -93 0
      vertex -16.1404 -108.809 0
      vertex -5.54328 -92.2961 0
    endloop
  endfacet
  facet normal 0 0 -1
    outer loop
      vertex -21.4599 -107.886 0
      vertex -5.54328 -92.2961 0
      vertex -16.1404 -108.809 0
    endloop
  endfacet
  facet normal 0 0 -1
    outer loop
      vertex -2.2961 -84.4567 0
      vertex -9.27766 -30.6181 0
      vertex -6.24159 -31.3786 0
    endloop
  endfacet
  facet normal -0 0 -1
    outer loop
      vertex -5.54328 -92.2961 0
      vertex -21.4599 -107.886 0
      vertex -5.79555 -91.5529 0
    endloop
  endfacet
  facet normal -0 0 -1
    outer loop
      vertex -5.79555 -91.5529 0
      vertex -21.4599 -107.886 0
      vertex -5.94867 -90.7832 0
    endloop
  endfacet
  facet normal 0 0 -1
    outer loop
      vertex -26.7278 -106.703 0
      vertex -5.94867 -90.7832 0
      vertex -21.4599 -107.886 0
    endloop
  endfacet
  facet normal -0 0 -1
    outer loop
      vertex -5.94867 -90.7832 0
      vertex -26.7278 -106.703 0
      vertex -6 -90 0
    endloop
  endfacet
  facet normal 0 0 -1
    outer loop
      vertex -31.9313 -105.263 0
      vertex -6 -90 0
      vertex -26.7278 -106.703 0
    endloop
  endfacet
  facet normal 0 0 -1
    outer loop
      vertex -5.94867 -89.2168 0
      vertex -9.28717 -30.6157 0
      vertex -9.27766 -30.6181 0
    endloop
  endfacet
  facet normal 0 0 -1
    outer loop
      vertex -5.94867 -89.2168 0
      vertex -31.9313 -105.263 0
      vertex -37.0579 -103.57 0
    endloop
  endfacet
  facet normal 0 0 -1
    outer loop
      vertex -5.94867 -89.2168 0
      vertex -9.29641 -30.6124 0
      vertex -9.28717 -30.6157 0
    endloop
  endfacet
  facet normal 0 0 -1
    outer loop
      vertex -5.94867 -89.2168 0
      vertex -37.0579 -103.57 0
      vertex -42.0952 -101.627 0
    endloop
  endfacet
  facet normal 0 0 -1
    outer loop
      vertex -5.94867 -89.2168 0
      vertex -12.2433 -29.558 0
      vertex -9.29641 -30.6124 0
    endloop
  endfacet
  facet normal 0 0 -1
    outer loop
      vertex -5.94867 -89.2168 0
      vertex -42.0952 -101.627 0
      vertex -47.0311 -99.4388 0
    endloop
  endfacet
  facet normal 0 0 -1
    outer loop
      vertex -5.94867 -89.2168 0
      vertex -47.0311 -99.4388 0
      vertex -51.8536 -97.0113 0
    endloop
  endfacet
  facet normal 0 0 -1
    outer loop
      vertex -5.94867 -89.2168 0
      vertex -15.0727 -28.2198 0
      vertex -12.2433 -29.558 0
    endloop
  endfacet
  facet normal 0 0 -1
    outer loop
      vertex -5.94867 -89.2168 0
      vertex -15.0816 -28.2156 0
      vertex -15.0727 -28.2198 0
    endloop
  endfacet
  facet normal -0 0 -1
    outer loop
      vertex -5.94867 -89.2168 0
      vertex -51.8536 -97.0113 0
      vertex -15.0816 -28.2156 0
    endloop
  endfacet
  facet normal 0 0 -1
    outer loop
      vertex -56.5513 -94.3501 0
      vertex -15.0816 -28.2156 0
      vertex -51.8536 -97.0113 0
    endloop
  endfacet
  facet normal -0 0 -1
    outer loop
      vertex -15.0816 -28.2156 0
      vertex -56.5513 -94.3501 0
      vertex -17.7661 -26.6065 0
    endloop
  endfacet
  facet normal -0 0 -1
    outer loop
      vertex -17.7661 -26.6065 0
      vertex -56.5513 -94.3501 0
      vertex -17.7745 -26.6015 0
    endloop
  endfacet
  facet normal 0 0 -1
    outer loop
      vertex -61.1127 -91.4617 0
      vertex -17.7745 -26.6015 0
      vertex -56.5513 -94.3501 0
    endloop
  endfacet
  facet normal -0 0 -1
    outer loop
      vertex -17.7745 -26.6015 0
      vertex -61.1127 -91.4617 0
      vertex -17.7824 -26.5956 0
    endloop
  endfacet
  facet normal 0 0 -1
    outer loop
      vertex -65.5269 -88.3528 0
      vertex -17.7824 -26.5956 0
      vertex -61.1127 -91.4617 0
    endloop
  endfacet
  facet normal -0 0 -1
    outer loop
      vertex -17.7824 -26.5956 0
      vertex -65.5269 -88.3528 0
      vertex -20.2964 -24.7312 0
    endloop
  endfacet
  facet normal 0 0 -1
    outer loop
      vertex -69.7833 -85.0312 0
      vertex -20.2964 -24.7312 0
      vertex -65.5269 -88.3528 0
    endloop
  endfacet
  facet normal -0 0 -1
    outer loop
      vertex -20.2964 -24.7312 0
      vertex -69.7833 -85.0312 0
      vertex -20.3036 -24.7246 0
    endloop
  endfacet
  facet normal 0 0 -1
    outer loop
      vertex -73.8715 -81.5046 0
      vertex -20.3036 -24.7246 0
      vertex -69.7833 -85.0312 0
    endloop
  endfacet
  facet normal -0 0 -1
    outer loop
      vertex -20.3036 -24.7246 0
      vertex -73.8715 -81.5046 0
      vertex -22.6227 -22.6227 0
    endloop
  endfacet
  facet normal 0 0 -1
    outer loop
      vertex -77.7817 -77.7817 0
      vertex -22.6227 -22.6227 0
      vertex -73.8715 -81.5046 0
    endloop
  endfacet
  facet normal 0 0 -1
    outer loop
      vertex -81.5046 -73.8715 0
      vertex -22.6227 -22.6227 0
      vertex -77.7817 -77.7817 0
    endloop
  endfacet
  facet normal -0 0 -1
    outer loop
      vertex -22.6227 -22.6227 0
      vertex -81.5046 -73.8715 0
      vertex -24.7246 -20.3036 0
    endloop
  endfacet
  facet normal -0 0 -1
    outer loop
      vertex -24.7246 -20.3036 0
      vertex -81.5046 -73.8715 0
      vertex -24.7312 -20.2964 0
    endloop
  endfacet
  facet normal 0 0 -1
    outer loop
      vertex -85.0312 -69.7833 0
      vertex -24.7312 -20.2964 0
      vertex -81.5046 -73.8715 0
    endloop
  endfacet
  facet normal 0 0 -1
    outer loop
      vertex -88.3528 -65.5269 0
      vertex -24.7312 -20.2964 0
      vertex -85.0312 -69.7833 0
    endloop
  endfacet
  facet normal -0 0 -1
    outer loop
      vertex -24.7312 -20.2964 0
      vertex -88.3528 -65.5269 0
      vertex -26.5956 -17.7824 0
    endloop
  endfacet
  facet normal -0 0 -1
    outer loop
      vertex -26.5956 -17.7824 0
      vertex -88.3528 -65.5269 0
      vertex -26.6015 -17.7745 0
    endloop
  endfacet
  facet normal 0 0 -1
    outer loop
      vertex 15.0816 -28.2156 0
      vertex 4.24264 -85.7574 0
      vertex 15.0727 -28.2198 0
    endloop
  endfacet
  facet normal 0 0 -1
    outer loop
      vertex 15.0727 -28.2198 0
      vertex 4.24264 -85.7574 0
      vertex 12.2433 -29.558 0
    endloop
  endfacet
  facet normal 0 0 -1
    outer loop
      vertex 3.65257 -85.2399 0
      vertex 12.2433 -29.558 0
      vertex 4.24264 -85.7574 0
    endloop
  endfacet
  facet normal 0 0 -1
    outer loop
      vertex 12.2433 -29.558 0
      vertex 3.65257 -85.2399 0
      vertex 9.29641 -30.6124 0
    endloop
  endfacet
  facet normal 0 0 -1
    outer loop
      vertex 3 -84.8038 0
      vertex 9.29641 -30.6124 0
      vertex 3.65257 -85.2399 0
    endloop
  endfacet
  facet normal 0 0 -1
    outer loop
      vertex 9.29641 -30.6124 0
      vertex 3 -84.8038 0
      vertex 9.28717 -30.6157 0
    endloop
  endfacet
  facet normal 0 0 -1
    outer loop
      vertex 9.28717 -30.6157 0
      vertex 3 -84.8038 0
      vertex 9.27766 -30.6181 0
    endloop
  endfacet
  facet normal 0 0 -1
    outer loop
      vertex 2.2961 -84.4567 0
      vertex 9.27766 -30.6181 0
      vertex 3 -84.8038 0
    endloop
  endfacet
  facet normal 0 0 -1
    outer loop
      vertex 9.27766 -30.6181 0
      vertex 2.2961 -84.4567 0
      vertex 6.24159 -31.3786 0
    endloop
  endfacet
  facet normal 0 0 -1
    outer loop
      vertex 1.55291 -84.2044 0
      vertex 6.24159 -31.3786 0
      vertex 2.2961 -84.4567 0
    endloop
  endfacet
  facet normal 0 0 -1
    outer loop
      vertex 6.24159 -31.3786 0
      vertex 1.55291 -84.2044 0
      vertex 3.1456 -31.8378 0
    endloop
  endfacet
  facet normal 0 0 -1
    outer loop
      vertex 3.1456 -31.8378 0
      vertex 1.55291 -84.2044 0
      vertex 3.13589 -31.8393 0
    endloop
  endfacet
  facet normal 0 0 -1
    outer loop
      vertex 0.783156 -84.0513 0
      vertex 3.13589 -31.8393 0
      vertex 1.55291 -84.2044 0
    endloop
  endfacet
  facet normal 0 0 -1
    outer loop
      vertex 3.13589 -31.8393 0
      vertex 0.783156 -84.0513 0
      vertex 3.12609 -31.8398 0
    endloop
  endfacet
  facet normal 0 0 -1
    outer loop
      vertex 0 -31.9933 0
      vertex 0.783156 -84.0513 0
      vertex 0 -84 0
    endloop
  endfacet
  facet normal 0 0 -1
    outer loop
      vertex 0.783156 -84.0513 0
      vertex 0 -31.9933 0
      vertex 3.12609 -31.8398 0
    endloop
  endfacet
  facet normal 0 0 -1
    outer loop
      vertex -0.783156 -84.0513 0
      vertex 0 -31.9933 0
      vertex 0 -84 0
    endloop
  endfacet
  facet normal 0 0 -1
    outer loop
      vertex -3.13589 -31.8393 0
      vertex -0.783156 -84.0513 0
      vertex -1.55291 -84.2044 0
    endloop
  endfacet
  facet normal 0 0 -1
    outer loop
      vertex -6.24159 -31.3786 0
      vertex -1.55291 -84.2044 0
      vertex -2.2961 -84.4567 0
    endloop
  endfacet
  facet normal 0 0 -1
    outer loop
      vertex -9.27766 -30.6181 0
      vertex -2.2961 -84.4567 0
      vertex -3 -84.8038 0
    endloop
  endfacet
  facet normal 0 0 -1
    outer loop
      vertex -0.783156 -84.0513 0
      vertex -3.12609 -31.8398 0
      vertex 0 -31.9933 0
    endloop
  endfacet
  facet normal 0 0 -1
    outer loop
      vertex -0.783156 -84.0513 0
      vertex -3.13589 -31.8393 0
      vertex -3.12609 -31.8398 0
    endloop
  endfacet
  facet normal 0 0 -1
    outer loop
      vertex -1.55291 -84.2044 0
      vertex -3.1456 -31.8378 0
      vertex -3.13589 -31.8393 0
    endloop
  endfacet
  facet normal 0 0 -1
    outer loop
      vertex -9.27766 -30.6181 0
      vertex -3 -84.8038 0
      vertex -3.65257 -85.2399 0
    endloop
  endfacet
  facet normal 0 0 -1
    outer loop
      vertex -9.27766 -30.6181 0
      vertex -3.65257 -85.2399 0
      vertex -4.24264 -85.7574 0
    endloop
  endfacet
  facet normal 0 0 -1
    outer loop
      vertex -9.27766 -30.6181 0
      vertex -4.24264 -85.7574 0
      vertex -4.76012 -86.3474 0
    endloop
  endfacet
  facet normal 0 0 -1
    outer loop
      vertex -9.27766 -30.6181 0
      vertex -4.76012 -86.3474 0
      vertex -5.19615 -87 0
    endloop
  endfacet
  facet normal 0 0 -1
    outer loop
      vertex -9.27766 -30.6181 0
      vertex -5.19615 -87 0
      vertex -5.54328 -87.7039 0
    endloop
  endfacet
  facet normal 0 0 -1
    outer loop
      vertex -9.27766 -30.6181 0
      vertex -5.54328 -87.7039 0
      vertex -5.79555 -88.4471 0
    endloop
  endfacet
  facet normal 0 0 -1
    outer loop
      vertex -9.27766 -30.6181 0
      vertex -5.79555 -88.4471 0
      vertex -5.94867 -89.2168 0
    endloop
  endfacet
  facet normal 0 0 -1
    outer loop
      vertex -31.9313 -105.263 0
      vertex -5.94867 -89.2168 0
      vertex -6 -90 0
    endloop
  endfacet
  facet normal 0 0 -1
    outer loop
      vertex -1.55291 -84.2044 0
      vertex -6.24159 -31.3786 0
      vertex -3.1456 -31.8378 0
    endloop
  endfacet
  facet normal 0 0 -1
    outer loop
      vertex -85.2399 3.65257 0
      vertex -30.6124 9.29641 0
      vertex -84.8038 3 0
    endloop
  endfacet
  facet normal -0 0 -1
    outer loop
      vertex -30.6124 9.29641 0
      vertex -85.2399 3.65257 0
      vertex -29.558 12.2433 0
    endloop
  endfacet
  facet normal 0 0 -1
    outer loop
      vertex -85.7574 4.24264 0
      vertex -29.558 12.2433 0
      vertex -85.2399 3.65257 0
    endloop
  endfacet
  facet normal -0 0 -1
    outer loop
      vertex -29.558 12.2433 0
      vertex -85.7574 4.24264 0
      vertex -28.2198 15.0727 0
    endloop
  endfacet
  facet normal -0 0 -1
    outer loop
      vertex -28.2198 15.0727 0
      vertex -85.7574 4.24264 0
      vertex -28.2156 15.0816 0
    endloop
  endfacet
  facet normal 0 0 -1
    outer loop
      vertex -28.2156 15.0816 0
      vertex -85.0312 69.7833 0
      vertex -81.5046 73.8715 0
    endloop
  endfacet
  facet normal 0 0 -1
    outer loop
      vertex -86.3474 4.76012 0
      vertex -28.2156 15.0816 0
      vertex -85.7574 4.24264 0
    endloop
  endfacet
  facet normal -0 0 -1
    outer loop
      vertex -28.2156 15.0816 0
      vertex -86.3474 4.76012 0
      vertex -94.3501 56.5513 0
    endloop
  endfacet
  facet normal 0 0 -1
    outer loop
      vertex -97.0113 51.8536 0
      vertex -86.3474 4.76012 0
      vertex -87 5.19615 0
    endloop
  endfacet
  facet normal 0 0 -1
    outer loop
      vertex -101.627 42.0952 0
      vertex -87 5.19615 0
      vertex -87.7039 5.54328 0
    endloop
  endfacet
  facet normal 0 0 -1
    outer loop
      vertex -28.2156 15.0816 0
      vertex -88.3528 65.5269 0
      vertex -85.0312 69.7833 0
    endloop
  endfacet
  facet normal 0 0 -1
    outer loop
      vertex -103.57 37.0579 0
      vertex -87.7039 5.54328 0
      vertex -88.4471 5.79555 0
    endloop
  endfacet
  facet normal 0 0 -1
    outer loop
      vertex -105.263 31.9313 0
      vertex -88.4471 5.79555 0
      vertex -89.2168 5.94867 0
    endloop
  endfacet
  facet normal 0 0 -1
    outer loop
      vertex -105.263 31.9313 0
      vertex -89.2168 5.94867 0
      vertex -90 6 0
    endloop
  endfacet
  facet normal 0 0 -1
    outer loop
      vertex -106.703 26.7278 0
      vertex -90 6 0
      vertex -90.7832 5.94867 0
    endloop
  endfacet
  facet normal 0 0 -1
    outer loop
      vertex -28.2156 15.0816 0
      vertex -91.4617 61.1127 0
      vertex -88.3528 65.5269 0
    endloop
  endfacet
  facet normal 0 0 -1
    outer loop
      vertex -107.886 21.4599 0
      vertex -90.7832 5.94867 0
      vertex -91.5529 5.79555 0
    endloop
  endfacet
  facet normal 0 0 -1
    outer loop
      vertex -107.886 21.4599 0
      vertex -91.5529 5.79555 0
      vertex -92.2961 5.54328 0
    endloop
  endfacet
  facet normal 0 0 -1
    outer loop
      vertex -108.809 16.1404 0
      vertex -92.2961 5.54328 0
      vertex -93 5.19615 0
    endloop
  endfacet
  facet normal 0 0 -1
    outer loop
      vertex -108.809 16.1404 0
      vertex -93 5.19615 0
      vertex -93.6526 4.76012 0
    endloop
  endfacet
  facet normal 0 0 -1
    outer loop
      vertex -109.47 10.7819 0
      vertex -93.6526 4.76012 0
      vertex -94.2426 4.24264 0
    endloop
  endfacet
  facet normal 0 0 -1
    outer loop
      vertex -28.2156 15.0816 0
      vertex -94.3501 56.5513 0
      vertex -91.4617 61.1127 0
    endloop
  endfacet
  facet normal 0 0 -1
    outer loop
      vertex -109.47 10.7819 0
      vertex -94.2426 4.24264 0
      vertex -94.7601 3.65257 0
    endloop
  endfacet
  facet normal 0 0 -1
    outer loop
      vertex -109.47 10.7819 0
      vertex -94.7601 3.65257 0
      vertex -95.1962 3 0
    endloop
  endfacet
  facet normal 0 0 -1
    outer loop
      vertex -109.868 5.39744 0
      vertex -95.1962 3 0
      vertex -95.5433 2.2961 0
    endloop
  endfacet
  facet normal 0 0 -1
    outer loop
      vertex -109.868 5.39744 0
      vertex -95.5433 2.2961 0
      vertex -95.7956 1.55291 0
    endloop
  endfacet
  facet normal 0 0 -1
    outer loop
      vertex -109.868 5.39744 0
      vertex -95.7956 1.55291 0
      vertex -95.9487 0.783156 0
    endloop
  endfacet
  facet normal 0 0 -1
    outer loop
      vertex -110 0 0
      vertex -95.9487 0.783156 0
      vertex -96 0 0
    endloop
  endfacet
  facet normal 0 0 -1
    outer loop
      vertex -86.3474 4.76012 0
      vertex -97.0113 51.8536 0
      vertex -94.3501 56.5513 0
    endloop
  endfacet
  facet normal 0 0 -1
    outer loop
      vertex -109.47 -10.7819 0
      vertex -93.6526 -4.76012 0
      vertex -108.809 -16.1404 0
    endloop
  endfacet
  facet normal -0 0 -1
    outer loop
      vertex -93.6526 -4.76012 0
      vertex -109.47 -10.7819 0
      vertex -94.2426 -4.24264 0
    endloop
  endfacet
  facet normal 0 0 -1
    outer loop
      vertex -87 5.19615 0
      vertex -99.4388 47.0311 0
      vertex -97.0113 51.8536 0
    endloop
  endfacet
  facet normal -0 0 -1
    outer loop
      vertex -94.2426 -4.24264 0
      vertex -109.47 -10.7819 0
      vertex -94.7601 -3.65257 0
    endloop
  endfacet
  facet normal 0 0 -1
    outer loop
      vertex -87 5.19615 0
      vertex -101.627 42.0952 0
      vertex -99.4388 47.0311 0
    endloop
  endfacet
  facet normal -0 0 -1
    outer loop
      vertex -94.7601 -3.65257 0
      vertex -109.47 -10.7819 0
      vertex -95.1962 -3 0
    endloop
  endfacet
  facet normal 0 0 -1
    outer loop
      vertex -87.7039 5.54328 0
      vertex -103.57 37.0579 0
      vertex -101.627 42.0952 0
    endloop
  endfacet
  facet normal 0 0 -1
    outer loop
      vertex -109.868 -5.39744 0
      vertex -95.1962 -3 0
      vertex -109.47 -10.7819 0
    endloop
  endfacet
  facet normal 0 0 -1
    outer loop
      vertex -88.4471 5.79555 0
      vertex -105.263 31.9313 0
      vertex -103.57 37.0579 0
    endloop
  endfacet
  facet normal -0 0 -1
    outer loop
      vertex -95.1962 -3 0
      vertex -109.868 -5.39744 0
      vertex -95.5433 -2.2961 0
    endloop
  endfacet
  facet normal 0 0 -1
    outer loop
      vertex -90 6 0
      vertex -106.703 26.7278 0
      vertex -105.263 31.9313 0
    endloop
  endfacet
  facet normal -0 0 -1
    outer loop
      vertex -95.5433 -2.2961 0
      vertex -109.868 -5.39744 0
      vertex -95.7956 -1.55291 0
    endloop
  endfacet
  facet normal 0 0 -1
    outer loop
      vertex -90.7832 5.94867 0
      vertex -107.886 21.4599 0
      vertex -106.703 26.7278 0
    endloop
  endfacet
  facet normal -0 0 -1
    outer loop
      vertex -95.7956 -1.55291 0
      vertex -109.868 -5.39744 0
      vertex -95.9487 -0.783156 0
    endloop
  endfacet
  facet normal 0 0 -1
    outer loop
      vertex -92.2961 5.54328 0
      vertex -108.809 16.1404 0
      vertex -107.886 21.4599 0
    endloop
  endfacet
  facet normal 0 0 -1
    outer loop
      vertex -110 0 0
      vertex -95.9487 -0.783156 0
      vertex -109.868 -5.39744 0
    endloop
  endfacet
  facet normal 0 0 -1
    outer loop
      vertex -93.6526 4.76012 0
      vertex -109.47 10.7819 0
      vertex -108.809 16.1404 0
    endloop
  endfacet
  facet normal 0 0 -1
    outer loop
      vertex -95.9487 -0.783156 0
      vertex -110 0 0
      vertex -96 0 0
    endloop
  endfacet
  facet normal 0 0 -1
    outer loop
      vertex -95.1962 3 0
      vertex -109.868 5.39744 0
      vertex -109.47 10.7819 0
    endloop
  endfacet
  facet normal -0 0 -1
    outer loop
      vertex -95.9487 0.783156 0
      vertex -110 0 0
      vertex -109.868 5.39744 0
    endloop
  endfacet
  facet normal 0 0 -1
    outer loop
      vertex 31.9313 105.263 0
      vertex 5.94867 89.2168 0
      vertex 6 90 0
    endloop
  endfacet
  facet normal 0 0 -1
    outer loop
      vertex 9.27766 30.6181 0
      vertex 5.79555 88.4471 0
      vertex 5.94867 89.2168 0
    endloop
  endfacet
  facet normal 0 0 -1
    outer loop
      vertex 9.27766 30.6181 0
      vertex 5.54328 87.7039 0
      vertex 5.79555 88.4471 0
    endloop
  endfacet
  facet normal 0 0 -1
    outer loop
      vertex 9.27766 30.6181 0
      vertex 5.19615 87 0
      vertex 5.54328 87.7039 0
    endloop
  endfacet
  facet normal 0 0 -1
    outer loop
      vertex 9.27766 30.6181 0
      vertex 4.76012 86.3474 0
      vertex 5.19615 87 0
    endloop
  endfacet
  facet normal 0 0 -1
    outer loop
      vertex 9.27766 30.6181 0
      vertex 4.24264 85.7574 0
      vertex 4.76012 86.3474 0
    endloop
  endfacet
  facet normal 0 0 -1
    outer loop
      vertex 9.27766 30.6181 0
      vertex 3.65257 85.2399 0
      vertex 4.24264 85.7574 0
    endloop
  endfacet
  facet normal 0 0 -1
    outer loop
      vertex 1.55291 84.2044 0
      vertex 6.24159 31.3786 0
      vertex 3.1456 31.8378 0
    endloop
  endfacet
  facet normal 0 0 -1
    outer loop
      vertex 1.55291 84.2044 0
      vertex 3.1456 31.8378 0
      vertex 3.13589 31.8393 0
    endloop
  endfacet
  facet normal 0 0 -1
    outer loop
      vertex 0.783156 84.0513 0
      vertex 3.13589 31.8393 0
      vertex 3.12609 31.8398 0
    endloop
  endfacet
  facet normal 0 0 -1
    outer loop
      vertex 9.27766 30.6181 0
      vertex 3 84.8038 0
      vertex 3.65257 85.2399 0
    endloop
  endfacet
  facet normal 0 0 -1
    outer loop
      vertex 9.27766 30.6181 0
      vertex 2.2961 84.4567 0
      vertex 3 84.8038 0
    endloop
  endfacet
  facet normal 0 0 -1
    outer loop
      vertex 6.24159 31.3786 0
      vertex 1.55291 84.2044 0
      vertex 2.2961 84.4567 0
    endloop
  endfacet
  facet normal 0 0 -1
    outer loop
      vertex 3.13589 31.8393 0
      vertex 0.783156 84.0513 0
      vertex 1.55291 84.2044 0
    endloop
  endfacet
  facet normal 0 0 -1
    outer loop
      vertex 0 31.9933 0
      vertex 0.783156 84.0513 0
      vertex 3.12609 31.8398 0
    endloop
  endfacet
  facet normal 0 0 -1
    outer loop
      vertex 0 31.9933 0
      vertex 0 84 0
      vertex 0.783156 84.0513 0
    endloop
  endfacet
  facet normal 0 0 -1
    outer loop
      vertex 0 31.9933 0
      vertex -0.783156 84.0513 0
      vertex 0 84 0
    endloop
  endfacet
  facet normal 0 0 -1
    outer loop
      vertex -3.12609 31.8398 0
      vertex -0.783156 84.0513 0
      vertex 0 31.9933 0
    endloop
  endfacet
  facet normal 0 0 -1
    outer loop
      vertex -3.13589 31.8393 0
      vertex -0.783156 84.0513 0
      vertex -3.12609 31.8398 0
    endloop
  endfacet
  facet normal -0 0 -1
    outer loop
      vertex -0.783156 84.0513 0
      vertex -3.13589 31.8393 0
      vertex -1.55291 84.2044 0
    endloop
  endfacet
  facet normal 0 0 -1
    outer loop
      vertex -3.1456 31.8378 0
      vertex -1.55291 84.2044 0
      vertex -3.13589 31.8393 0
    endloop
  endfacet
  facet normal 0 0 -1
    outer loop
      vertex -6.24159 31.3786 0
      vertex -1.55291 84.2044 0
      vertex -3.1456 31.8378 0
    endloop
  endfacet
  facet normal -0 0 -1
    outer loop
      vertex -1.55291 84.2044 0
      vertex -6.24159 31.3786 0
      vertex -2.2961 84.4567 0
    endloop
  endfacet
  facet normal 0 0 -1
    outer loop
      vertex -9.27766 30.6181 0
      vertex -2.2961 84.4567 0
      vertex -6.24159 31.3786 0
    endloop
  endfacet
  facet normal -0 0 -1
    outer loop
      vertex -2.2961 84.4567 0
      vertex -9.27766 30.6181 0
      vertex -3 84.8038 0
    endloop
  endfacet
  facet normal 0 0 -1
    outer loop
      vertex -9.28717 30.6157 0
      vertex -3 84.8038 0
      vertex -9.27766 30.6181 0
    endloop
  endfacet
  facet normal 0 0 -1
    outer loop
      vertex -9.29641 30.6124 0
      vertex -3 84.8038 0
      vertex -9.28717 30.6157 0
    endloop
  endfacet
  facet normal -0 0 -1
    outer loop
      vertex -3 84.8038 0
      vertex -9.29641 30.6124 0
      vertex -3.65257 85.2399 0
    endloop
  endfacet
  facet normal 0 0 -1
    outer loop
      vertex -12.2433 29.558 0
      vertex -3.65257 85.2399 0
      vertex -9.29641 30.6124 0
    endloop
  endfacet
  facet normal -0 0 -1
    outer loop
      vertex -3.65257 85.2399 0
      vertex -12.2433 29.558 0
      vertex -4.24264 85.7574 0
    endloop
  endfacet
  facet normal 0 0 -1
    outer loop
      vertex -15.0727 28.2198 0
      vertex -4.24264 85.7574 0
      vertex -12.2433 29.558 0
    endloop
  endfacet
  facet normal 0 0 -1
    outer loop
      vertex -15.0816 28.2156 0
      vertex -4.24264 85.7574 0
      vertex -15.0727 28.2198 0
    endloop
  endfacet
  facet normal 0 0 -1
    outer loop
      vertex 94.4554 4 0
      vertex 109.868 5.39744 0
      vertex 109.902 4 0
    endloop
  endfacet
  facet normal -0 0 -1
    outer loop
      vertex 109.868 5.39744 0
      vertex 94.4554 4 0
      vertex 109.47 10.7819 0
    endloop
  endfacet
  facet normal 0 0 -1
    outer loop
      vertex 94.2426 4.24264 0
      vertex 109.47 10.7819 0
      vertex 94.4554 4 0
    endloop
  endfacet
  facet normal -0 0 -1
    outer loop
      vertex 109.47 10.7819 0
      vertex 93.6526 4.76012 0
      vertex 108.809 16.1404 0
    endloop
  endfacet
  facet normal 0 0 -1
    outer loop
      vertex 92.2961 5.54328 0
      vertex 108.809 16.1404 0
      vertex 93 5.19615 0
    endloop
  endfacet
  facet normal -0 0 -1
    outer loop
      vertex 108.809 16.1404 0
      vertex 92.2961 5.54328 0
      vertex 107.886 21.4599 0
    endloop
  endfacet
  facet normal 0 0 -1
    outer loop
      vertex 90.7832 5.94867 0
      vertex 107.886 21.4599 0
      vertex 91.5529 5.79555 0
    endloop
  endfacet
  facet normal -0 0 -1
    outer loop
      vertex 107.886 21.4599 0
      vertex 90.7832 5.94867 0
      vertex 106.703 26.7278 0
    endloop
  endfacet
  facet normal 0 0 -1
    outer loop
      vertex 90 6 0
      vertex 106.703 26.7278 0
      vertex 90.7832 5.94867 0
    endloop
  endfacet
  facet normal 0 0 -1
    outer loop
      vertex 93.6526 4.76012 0
      vertex 109.47 10.7819 0
      vertex 94.2426 4.24264 0
    endloop
  endfacet
  facet normal 0 0 -1
    outer loop
      vertex 93 5.19615 0
      vertex 108.809 16.1404 0
      vertex 93.6526 4.76012 0
    endloop
  endfacet
  facet normal 0 0 -1
    outer loop
      vertex 91.5529 5.79555 0
      vertex 107.886 21.4599 0
      vertex 92.2961 5.54328 0
    endloop
  endfacet
  facet normal -0 0 -1
    outer loop
      vertex 106.703 26.7278 0
      vertex 90 6 0
      vertex 105.263 31.9313 0
    endloop
  endfacet
  facet normal 0 0 -1
    outer loop
      vertex 89.2168 5.94867 0
      vertex 105.263 31.9313 0
      vertex 90 6 0
    endloop
  endfacet
  facet normal 0 0 -1
    outer loop
      vertex 88.4471 5.79555 0
      vertex 105.263 31.9313 0
      vertex 89.2168 5.94867 0
    endloop
  endfacet
  facet normal -0 0 -1
    outer loop
      vertex 105.263 31.9313 0
      vertex 88.4471 5.79555 0
      vertex 103.57 37.0579 0
    endloop
  endfacet
  facet normal 0 0 -1
    outer loop
      vertex 87.7039 5.54328 0
      vertex 103.57 37.0579 0
      vertex 88.4471 5.79555 0
    endloop
  endfacet
  facet normal -0 0 -1
    outer loop
      vertex 103.57 37.0579 0
      vertex 87.7039 5.54328 0
      vertex 101.627 42.0952 0
    endloop
  endfacet
  facet normal 0 0 -1
    outer loop
      vertex 87 5.19615 0
      vertex 101.627 42.0952 0
      vertex 87.7039 5.54328 0
    endloop
  endfacet
  facet normal -0 0 -1
    outer loop
      vertex 101.627 42.0952 0
      vertex 87 5.19615 0
      vertex 99.4388 47.0311 0
    endloop
  endfacet
  facet normal -0 0 -1
    outer loop
      vertex 99.4388 47.0311 0
      vertex 87 5.19615 0
      vertex 97.0113 51.8536 0
    endloop
  endfacet
  facet normal 0 0 -1
    outer loop
      vertex 86.3474 4.76012 0
      vertex 97.0113 51.8536 0
      vertex 87 5.19615 0
    endloop
  endfacet
  facet normal -0 0 -1
    outer loop
      vertex 97.0113 51.8536 0
      vertex 86.3474 4.76012 0
      vertex 94.3501 56.5513 0
    endloop
  endfacet
  facet normal 0 0 -1
    outer loop
      vertex 28.2156 15.0816 0
      vertex 94.3501 56.5513 0
      vertex 86.3474 4.76012 0
    endloop
  endfacet
  facet normal 0 0 -1
    outer loop
      vertex 26.6065 17.7661 0
      vertex 94.3501 56.5513 0
      vertex 28.2156 15.0816 0
    endloop
  endfacet
  facet normal 0 0 -1
    outer loop
      vertex 28.2156 15.0816 0
      vertex 86.3474 4.76012 0
      vertex 85.7574 4.24264 0
    endloop
  endfacet
  facet normal 0 0 -1
    outer loop
      vertex 29.558 12.2433 0
      vertex 85.7574 4.24264 0
      vertex 85.5446 4 0
    endloop
  endfacet
  facet normal -0 0 -1
    outer loop
      vertex 94.3501 56.5513 0
      vertex 26.6065 17.7661 0
      vertex 91.4617 61.1127 0
    endloop
  endfacet
  facet normal 0 0 -1
    outer loop
      vertex 26.6015 17.7745 0
      vertex 91.4617 61.1127 0
      vertex 26.6065 17.7661 0
    endloop
  endfacet
  facet normal 0 0 -1
    outer loop
      vertex 26.5956 17.7824 0
      vertex 88.3528 65.5269 0
      vertex 26.6015 17.7745 0
    endloop
  endfacet
  facet normal -0 0 -1
    outer loop
      vertex 88.3528 65.5269 0
      vertex 24.7312 20.2964 0
      vertex 85.0312 69.7833 0
    endloop
  endfacet
  facet normal -0 0 -1
    outer loop
      vertex 85.0312 69.7833 0
      vertex 24.7312 20.2964 0
      vertex 81.5046 73.8715 0
    endloop
  endfacet
  facet normal 0 0 -1
    outer loop
      vertex 24.7246 20.3036 0
      vertex 81.5046 73.8715 0
      vertex 24.7312 20.2964 0
    endloop
  endfacet
  facet normal 0 0 -1
    outer loop
      vertex 22.6227 22.6227 0
      vertex 81.5046 73.8715 0
      vertex 24.7246 20.3036 0
    endloop
  endfacet
  facet normal -0 0 -1
    outer loop
      vertex 77.7817 77.7817 0
      vertex 22.6227 22.6227 0
      vertex 73.8715 81.5046 0
    endloop
  endfacet
  facet normal 0 0 -1
    outer loop
      vertex 20.3036 24.7246 0
      vertex 73.8715 81.5046 0
      vertex 22.6227 22.6227 0
    endloop
  endfacet
  facet normal 0 0 -1
    outer loop
      vertex 20.2964 24.7312 0
      vertex 69.7833 85.0312 0
      vertex 20.3036 24.7246 0
    endloop
  endfacet
  facet normal -0 0 -1
    outer loop
      vertex 69.7833 85.0312 0
      vertex 20.2964 24.7312 0
      vertex 65.5269 88.3528 0
    endloop
  endfacet
  facet normal 0 0 -1
    outer loop
      vertex 17.7824 26.5956 0
      vertex 65.5269 88.3528 0
      vertex 20.2964 24.7312 0
    endloop
  endfacet
  facet normal -0 0 -1
    outer loop
      vertex 65.5269 88.3528 0
      vertex 17.7824 26.5956 0
      vertex 61.1127 91.4617 0
    endloop
  endfacet
  facet normal 0 0 -1
    outer loop
      vertex 31.3786 6.24159 0
      vertex 85.5446 4 0
      vertex 31.7111 4 0
    endloop
  endfacet
  facet normal 0 0 -1
    outer loop
      vertex 30.6181 9.27766 0
      vertex 85.5446 4 0
      vertex 31.3786 6.24159 0
    endloop
  endfacet
  facet normal 0 0 -1
    outer loop
      vertex 30.6157 9.28717 0
      vertex 85.5446 4 0
      vertex 30.6181 9.27766 0
    endloop
  endfacet
  facet normal 0 0 -1
    outer loop
      vertex 30.6124 9.29641 0
      vertex 85.5446 4 0
      vertex 30.6157 9.28717 0
    endloop
  endfacet
  facet normal 0 0 -1
    outer loop
      vertex 29.558 12.2433 0
      vertex 85.5446 4 0
      vertex 30.6124 9.29641 0
    endloop
  endfacet
  facet normal 0 0 -1
    outer loop
      vertex 85.7574 4.24264 0
      vertex 29.558 12.2433 0
      vertex 28.2198 15.0727 0
    endloop
  endfacet
  facet normal 0 0 -1
    outer loop
      vertex 85.7574 4.24264 0
      vertex 28.2198 15.0727 0
      vertex 28.2156 15.0816 0
    endloop
  endfacet
  facet normal -0 0 -1
    outer loop
      vertex 91.4617 61.1127 0
      vertex 26.6015 17.7745 0
      vertex 88.3528 65.5269 0
    endloop
  endfacet
  facet normal 0 0 -1
    outer loop
      vertex 24.7312 20.2964 0
      vertex 88.3528 65.5269 0
      vertex 26.5956 17.7824 0
    endloop
  endfacet
  facet normal -0 0 -1
    outer loop
      vertex 81.5046 73.8715 0
      vertex 22.6227 22.6227 0
      vertex 77.7817 77.7817 0
    endloop
  endfacet
  facet normal -0 0 -1
    outer loop
      vertex 73.8715 81.5046 0
      vertex 20.3036 24.7246 0
      vertex 69.7833 85.0312 0
    endloop
  endfacet
  facet normal 0 0 -1
    outer loop
      vertex 17.7745 26.6015 0
      vertex 61.1127 91.4617 0
      vertex 17.7824 26.5956 0
    endloop
  endfacet
  facet normal -0 0 -1
    outer loop
      vertex 61.1127 91.4617 0
      vertex 17.7745 26.6015 0
      vertex 56.5513 94.3501 0
    endloop
  endfacet
  facet normal 0 0 -1
    outer loop
      vertex 17.7661 26.6065 0
      vertex 56.5513 94.3501 0
      vertex 17.7745 26.6015 0
    endloop
  endfacet
  facet normal 0 0 -1
    outer loop
      vertex 15.0816 28.2156 0
      vertex 56.5513 94.3501 0
      vertex 17.7661 26.6065 0
    endloop
  endfacet
  facet normal -0 0 -1
    outer loop
      vertex 56.5513 94.3501 0
      vertex 15.0816 28.2156 0
      vertex 51.8536 97.0113 0
    endloop
  endfacet
  facet normal 0 0 -1
    outer loop
      vertex 5.94867 89.2168 0
      vertex 51.8536 97.0113 0
      vertex 15.0816 28.2156 0
    endloop
  endfacet
  facet normal 0 0 -1
    outer loop
      vertex 5.94867 89.2168 0
      vertex 47.0311 99.4388 0
      vertex 51.8536 97.0113 0
    endloop
  endfacet
  facet normal 0 0 -1
    outer loop
      vertex 5.94867 89.2168 0
      vertex 42.0952 101.627 0
      vertex 47.0311 99.4388 0
    endloop
  endfacet
  facet normal -0 0 -1
    outer loop
      vertex 31.9313 105.263 0
      vertex 6 90 0
      vertex 26.7278 106.703 0
    endloop
  endfacet
  facet normal 0 0 -1
    outer loop
      vertex 5.94867 89.2168 0
      vertex 31.9313 105.263 0
      vertex 37.0579 103.57 0
    endloop
  endfacet
  facet normal 0 0 -1
    outer loop
      vertex 5.94867 90.7832 0
      vertex 26.7278 106.703 0
      vertex 6 90 0
    endloop
  endfacet
  facet normal 0 0 -1
    outer loop
      vertex 5.94867 89.2168 0
      vertex 37.0579 103.57 0
      vertex 42.0952 101.627 0
    endloop
  endfacet
  facet normal 0 0 -1
    outer loop
      vertex 5.94867 89.2168 0
      vertex 15.0816 28.2156 0
      vertex 15.0727 28.2198 0
    endloop
  endfacet
  facet normal 0 0 -1
    outer loop
      vertex 5.94867 89.2168 0
      vertex 15.0727 28.2198 0
      vertex 12.2433 29.558 0
    endloop
  endfacet
  facet normal -0 0 -1
    outer loop
      vertex 26.7278 106.703 0
      vertex 5.94867 90.7832 0
      vertex 21.4599 107.886 0
    endloop
  endfacet
  facet normal 0 0 -1
    outer loop
      vertex 5.94867 89.2168 0
      vertex 12.2433 29.558 0
      vertex 9.29641 30.6124 0
    endloop
  endfacet
  facet normal 0 0 -1
    outer loop
      vertex 5.94867 89.2168 0
      vertex 9.29641 30.6124 0
      vertex 9.28717 30.6157 0
    endloop
  endfacet
  facet normal 0 0 -1
    outer loop
      vertex 5.94867 89.2168 0
      vertex 9.28717 30.6157 0
      vertex 9.27766 30.6181 0
    endloop
  endfacet
  facet normal 0 0 -1
    outer loop
      vertex 2.2961 84.4567 0
      vertex 9.27766 30.6181 0
      vertex 6.24159 31.3786 0
    endloop
  endfacet
  facet normal 0 0 -1
    outer loop
      vertex 5.79555 91.5529 0
      vertex 21.4599 107.886 0
      vertex 5.94867 90.7832 0
    endloop
  endfacet
  facet normal 0 0 -1
    outer loop
      vertex 5.54328 92.2961 0
      vertex 21.4599 107.886 0
      vertex 5.79555 91.5529 0
    endloop
  endfacet
  facet normal -0 0 -1
    outer loop
      vertex 21.4599 107.886 0
      vertex 5.54328 92.2961 0
      vertex 16.1404 108.809 0
    endloop
  endfacet
  facet normal 0 0 -1
    outer loop
      vertex 5.19615 93 0
      vertex 16.1404 108.809 0
      vertex 5.54328 92.2961 0
    endloop
  endfacet
  facet normal 0 0 -1
    outer loop
      vertex 4.76012 93.6526 0
      vertex 16.1404 108.809 0
      vertex 5.19615 93 0
    endloop
  endfacet
  facet normal -0 0 -1
    outer loop
      vertex 16.1404 108.809 0
      vertex 4.76012 93.6526 0
      vertex 10.7819 109.47 0
    endloop
  endfacet
  facet normal 0 0 -1
    outer loop
      vertex 4.24264 94.2426 0
      vertex 10.7819 109.47 0
      vertex 4.76012 93.6526 0
    endloop
  endfacet
  facet normal 0 0 -1
    outer loop
      vertex 3.65257 94.7601 0
      vertex 10.7819 109.47 0
      vertex 4.24264 94.2426 0
    endloop
  endfacet
  facet normal 0 0 -1
    outer loop
      vertex 3 95.1962 0
      vertex 10.7819 109.47 0
      vertex 3.65257 94.7601 0
    endloop
  endfacet
  facet normal -0 0 -1
    outer loop
      vertex 10.7819 109.47 0
      vertex 3 95.1962 0
      vertex 5.39744 109.868 0
    endloop
  endfacet
  facet normal 0 0 -1
    outer loop
      vertex 2.2961 95.5433 0
      vertex 5.39744 109.868 0
      vertex 3 95.1962 0
    endloop
  endfacet
  facet normal 0 0 -1
    outer loop
      vertex 1.55291 95.7956 0
      vertex 5.39744 109.868 0
      vertex 2.2961 95.5433 0
    endloop
  endfacet
  facet normal 0 0 -1
    outer loop
      vertex 0.783156 95.9487 0
      vertex 5.39744 109.868 0
      vertex 1.55291 95.7956 0
    endloop
  endfacet
  facet normal 0 0 -1
    outer loop
      vertex 0 110 0
      vertex 0.783156 95.9487 0
      vertex 0 96 0
    endloop
  endfacet
  facet normal 0 0 -1
    outer loop
      vertex 0.783156 95.9487 0
      vertex 0 110 0
      vertex 5.39744 109.868 0
    endloop
  endfacet
  facet normal 0 0 -1
    outer loop
      vertex -0.783156 95.9487 0
      vertex 0 110 0
      vertex 0 96 0
    endloop
  endfacet
  facet normal 0 0 -1
    outer loop
      vertex -1.55291 95.7956 0
      vertex 0 110 0
      vertex -0.783156 95.9487 0
    endloop
  endfacet
  facet normal 0 0 -1
    outer loop
      vertex -5.39744 109.868 0
      vertex -1.55291 95.7956 0
      vertex -2.2961 95.5433 0
    endloop
  endfacet
  facet normal 0 0 -1
    outer loop
      vertex -5.39744 109.868 0
      vertex -2.2961 95.5433 0
      vertex -3 95.1962 0
    endloop
  endfacet
  facet normal 0 0 -1
    outer loop
      vertex -10.7819 109.47 0
      vertex -3 95.1962 0
      vertex -3.65257 94.7601 0
    endloop
  endfacet
  facet normal 0 0 -1
    outer loop
      vertex -10.7819 109.47 0
      vertex -3.65257 94.7601 0
      vertex -4.24264 94.2426 0
    endloop
  endfacet
  facet normal 0 0 -1
    outer loop
      vertex -10.7819 109.47 0
      vertex -4.24264 94.2426 0
      vertex -4.76012 93.6526 0
    endloop
  endfacet
  facet normal 0 0 -1
    outer loop
      vertex -16.1404 108.809 0
      vertex -4.76012 93.6526 0
      vertex -5.19615 93 0
    endloop
  endfacet
  facet normal 0 0 -1
    outer loop
      vertex -1.55291 95.7956 0
      vertex -5.39744 109.868 0
      vertex 0 110 0
    endloop
  endfacet
  facet normal 0 0 -1
    outer loop
      vertex -16.1404 108.809 0
      vertex -5.19615 93 0
      vertex -5.54328 92.2961 0
    endloop
  endfacet
  facet normal 0 0 -1
    outer loop
      vertex -21.4599 107.886 0
      vertex -5.54328 92.2961 0
      vertex -5.79555 91.5529 0
    endloop
  endfacet
  facet normal 0 0 -1
    outer loop
      vertex -21.4599 107.886 0
      vertex -5.79555 91.5529 0
      vertex -5.94867 90.7832 0
    endloop
  endfacet
  facet normal 0 0 -1
    outer loop
      vertex -26.7278 106.703 0
      vertex -5.94867 90.7832 0
      vertex -6 90 0
    endloop
  endfacet
  facet normal -0 0 -1
    outer loop
      vertex -4.24264 85.7574 0
      vertex -15.0816 28.2156 0
      vertex -4.76012 86.3474 0
    endloop
  endfacet
  facet normal 0 0 -1
    outer loop
      vertex -51.8536 97.0113 0
      vertex -4.76012 86.3474 0
      vertex -15.0816 28.2156 0
    endloop
  endfacet
  facet normal 0 0 -1
    outer loop
      vertex -4.76012 86.3474 0
      vertex -51.8536 97.0113 0
      vertex -5.19615 87 0
    endloop
  endfacet
  facet normal 0 -0 -1
    outer loop
      vertex -47.0311 99.4388 0
      vertex -5.19615 87 0
      vertex -51.8536 97.0113 0
    endloop
  endfacet
  facet normal 0 0 -1
    outer loop
      vertex -3 95.1962 0
      vertex -10.7819 109.47 0
      vertex -5.39744 109.868 0
    endloop
  endfacet
  facet normal 0 -0 -1
    outer loop
      vertex -42.0952 101.627 0
      vertex -5.19615 87 0
      vertex -47.0311 99.4388 0
    endloop
  endfacet
  facet normal 0 0 -1
    outer loop
      vertex -5.19615 87 0
      vertex -42.0952 101.627 0
      vertex -5.54328 87.7039 0
    endloop
  endfacet
  facet normal 0 -0 -1
    outer loop
      vertex -37.0579 103.57 0
      vertex -5.54328 87.7039 0
      vertex -42.0952 101.627 0
    endloop
  endfacet
  facet normal 0 0 -1
    outer loop
      vertex -4.76012 93.6526 0
      vertex -16.1404 108.809 0
      vertex -10.7819 109.47 0
    endloop
  endfacet
  facet normal 0 0 -1
    outer loop
      vertex -56.5513 94.3501 0
      vertex -15.0816 28.2156 0
      vertex -17.7661 26.6065 0
    endloop
  endfacet
  facet normal 0 0 -1
    outer loop
      vertex -56.5513 94.3501 0
      vertex -17.7661 26.6065 0
      vertex -17.7745 26.6015 0
    endloop
  endfacet
  facet normal 0 0 -1
    outer loop
      vertex -61.1127 91.4617 0
      vertex -17.7745 26.6015 0
      vertex -17.7824 26.5956 0
    endloop
  endfacet
  facet normal 0 0 -1
    outer loop
      vertex -65.5269 88.3528 0
      vertex -17.7824 26.5956 0
      vertex -20.2964 24.7312 0
    endloop
  endfacet
  facet normal 0 0 -1
    outer loop
      vertex -69.7833 85.0312 0
      vertex -20.2964 24.7312 0
      vertex -20.3036 24.7246 0
    endloop
  endfacet
  facet normal 0 0 -1
    outer loop
      vertex -5.54328 92.2961 0
      vertex -21.4599 107.886 0
      vertex -16.1404 108.809 0
    endloop
  endfacet
  facet normal 0 0 -1
    outer loop
      vertex -73.8715 81.5046 0
      vertex -20.3036 24.7246 0
      vertex -22.6227 22.6227 0
    endloop
  endfacet
  facet normal 0 0 -1
    outer loop
      vertex -81.5046 73.8715 0
      vertex -22.6227 22.6227 0
      vertex -24.7246 20.3036 0
    endloop
  endfacet
  facet normal 0 0 -1
    outer loop
      vertex -81.5046 73.8715 0
      vertex -24.7246 20.3036 0
      vertex -24.7312 20.2964 0
    endloop
  endfacet
  facet normal 0 0 -1
    outer loop
      vertex -81.5046 73.8715 0
      vertex -24.7312 20.2964 0
      vertex -26.5956 17.7824 0
    endloop
  endfacet
  facet normal 0 0 -1
    outer loop
      vertex -81.5046 73.8715 0
      vertex -26.5956 17.7824 0
      vertex -26.6015 17.7745 0
    endloop
  endfacet
  facet normal 0 0 -1
    outer loop
      vertex -81.5046 73.8715 0
      vertex -26.6015 17.7745 0
      vertex -26.6065 17.7661 0
    endloop
  endfacet
  facet normal 0 0 -1
    outer loop
      vertex -5.94867 90.7832 0
      vertex -26.7278 106.703 0
      vertex -21.4599 107.886 0
    endloop
  endfacet
  facet normal 0 0 -1
    outer loop
      vertex -81.5046 73.8715 0
      vertex -26.6065 17.7661 0
      vertex -28.2156 15.0816 0
    endloop
  endfacet
  facet normal -0 0 -1
    outer loop
      vertex -30.6181 9.27766 0
      vertex -84.8038 3 0
      vertex -30.6157 9.28717 0
    endloop
  endfacet
  facet normal 0 0 -1
    outer loop
      vertex -84.8038 3 0
      vertex -30.6181 9.27766 0
      vertex -84.4567 2.2961 0
    endloop
  endfacet
  facet normal -0 0 -1
    outer loop
      vertex -31.3786 6.24159 0
      vertex -84.4567 2.2961 0
      vertex -30.6181 9.27766 0
    endloop
  endfacet
  facet normal 0 0 -1
    outer loop
      vertex -84.4567 2.2961 0
      vertex -31.3786 6.24159 0
      vertex -84.2044 1.55291 0
    endloop
  endfacet
  facet normal -0 0 -1
    outer loop
      vertex -31.8378 3.1456 0
      vertex -84.2044 1.55291 0
      vertex -31.3786 6.24159 0
    endloop
  endfacet
  facet normal -0 0 -1
    outer loop
      vertex -31.8393 3.13589 0
      vertex -84.2044 1.55291 0
      vertex -31.8378 3.1456 0
    endloop
  endfacet
  facet normal 0 0 -1
    outer loop
      vertex -84.2044 1.55291 0
      vertex -31.8393 3.13589 0
      vertex -84.0513 0.783156 0
    endloop
  endfacet
  facet normal -0 0 -1
    outer loop
      vertex -31.8398 3.12609 0
      vertex -84.0513 0.783156 0
      vertex -31.8393 3.13589 0
    endloop
  endfacet
  facet normal 0 0 -1
    outer loop
      vertex -6 90 0
      vertex -31.9313 105.263 0
      vertex -26.7278 106.703 0
    endloop
  endfacet
  facet normal 0 0 -1
    outer loop
      vertex -31.9933 0 0
      vertex -84.0513 0.783156 0
      vertex -31.8398 3.12609 0
    endloop
  endfacet
  facet normal 0 0 -1
    outer loop
      vertex -84.0513 0.783156 0
      vertex -31.9933 0 0
      vertex -84 0 0
    endloop
  endfacet
  facet normal 0 0 -1
    outer loop
      vertex -91.4617 -61.1127 0
      vertex -26.6015 -17.7745 0
      vertex -88.3528 -65.5269 0
    endloop
  endfacet
  facet normal -0 0 -1
    outer loop
      vertex -30.6157 9.28717 0
      vertex -84.8038 3 0
      vertex -30.6124 9.29641 0
    endloop
  endfacet
  facet normal -0 0 -1
    outer loop
      vertex -26.6015 -17.7745 0
      vertex -91.4617 -61.1127 0
      vertex -26.6065 -17.7661 0
    endloop
  endfacet
  facet normal 0 0 -1
    outer loop
      vertex -5.94867 89.2168 0
      vertex -31.9313 105.263 0
      vertex -6 90 0
    endloop
  endfacet
  facet normal 0 0 -1
    outer loop
      vertex -94.3501 -56.5513 0
      vertex -26.6065 -17.7661 0
      vertex -91.4617 -61.1127 0
    endloop
  endfacet
  facet normal 0 0 -1
    outer loop
      vertex -5.79555 88.4471 0
      vertex -31.9313 105.263 0
      vertex -5.94867 89.2168 0
    endloop
  endfacet
  facet normal -0 0 -1
    outer loop
      vertex -26.6065 -17.7661 0
      vertex -94.3501 -56.5513 0
      vertex -28.2156 -15.0816 0
    endloop
  endfacet
  facet normal 0 -0 -1
    outer loop
      vertex -31.9313 105.263 0
      vertex -5.79555 88.4471 0
      vertex -37.0579 103.57 0
    endloop
  endfacet
  facet normal 0 -0 -1
    outer loop
      vertex -86.3474 -4.76012 0
      vertex -28.2156 -15.0816 0
      vertex -94.3501 -56.5513 0
    endloop
  endfacet
  facet normal 0 0 -1
    outer loop
      vertex -5.54328 87.7039 0
      vertex -37.0579 103.57 0
      vertex -5.79555 88.4471 0
    endloop
  endfacet
  facet normal 0 -0 -1
    outer loop
      vertex -85.7574 -4.24264 0
      vertex -28.2156 -15.0816 0
      vertex -86.3474 -4.76012 0
    endloop
  endfacet
  facet normal 0 0 -1
    outer loop
      vertex -15.0816 28.2156 0
      vertex -56.5513 94.3501 0
      vertex -51.8536 97.0113 0
    endloop
  endfacet
  facet normal 0 0 -1
    outer loop
      vertex -28.2156 -15.0816 0
      vertex -85.7574 -4.24264 0
      vertex -28.2198 -15.0727 0
    endloop
  endfacet
  facet normal 0 0 -1
    outer loop
      vertex -17.7745 26.6015 0
      vertex -61.1127 91.4617 0
      vertex -56.5513 94.3501 0
    endloop
  endfacet
  facet normal 0 0 -1
    outer loop
      vertex -28.2198 -15.0727 0
      vertex -85.7574 -4.24264 0
      vertex -29.558 -12.2433 0
    endloop
  endfacet
  facet normal 0 0 -1
    outer loop
      vertex -17.7824 26.5956 0
      vertex -65.5269 88.3528 0
      vertex -61.1127 91.4617 0
    endloop
  endfacet
  facet normal 0 -0 -1
    outer loop
      vertex -85.2399 -3.65257 0
      vertex -29.558 -12.2433 0
      vertex -85.7574 -4.24264 0
    endloop
  endfacet
  facet normal 0 0 -1
    outer loop
      vertex -20.2964 24.7312 0
      vertex -69.7833 85.0312 0
      vertex -65.5269 88.3528 0
    endloop
  endfacet
  facet normal 0 0 -1
    outer loop
      vertex -29.558 -12.2433 0
      vertex -85.2399 -3.65257 0
      vertex -30.6124 -9.29641 0
    endloop
  endfacet
  facet normal 0 0 -1
    outer loop
      vertex -20.3036 24.7246 0
      vertex -73.8715 81.5046 0
      vertex -69.7833 85.0312 0
    endloop
  endfacet
  facet normal 0 -0 -1
    outer loop
      vertex -84.8038 -3 0
      vertex -30.6124 -9.29641 0
      vertex -85.2399 -3.65257 0
    endloop
  endfacet
  facet normal 0 0 -1
    outer loop
      vertex -22.6227 22.6227 0
      vertex -77.7817 77.7817 0
      vertex -73.8715 81.5046 0
    endloop
  endfacet
  facet normal 0 0 -1
    outer loop
      vertex -22.6227 22.6227 0
      vertex -81.5046 73.8715 0
      vertex -77.7817 77.7817 0
    endloop
  endfacet
  facet normal -0 0 -1
    outer loop
      vertex -31.9933 0 0
      vertex -84.0513 -0.783156 0
      vertex -84 0 0
    endloop
  endfacet
  facet normal 0 0 -1
    outer loop
      vertex -31.8398 -3.12609 0
      vertex -84.0513 -0.783156 0
      vertex -31.9933 0 0
    endloop
  endfacet
  facet normal 0 0 -1
    outer loop
      vertex -31.8393 -3.13589 0
      vertex -84.0513 -0.783156 0
      vertex -31.8398 -3.12609 0
    endloop
  endfacet
  facet normal 0 -0 -1
    outer loop
      vertex -84.0513 -0.783156 0
      vertex -31.8393 -3.13589 0
      vertex -84.2044 -1.55291 0
    endloop
  endfacet
  facet normal 0 0 -1
    outer loop
      vertex -30.6157 -9.28717 0
      vertex -84.8038 -3 0
      vertex -30.6181 -9.27766 0
    endloop
  endfacet
  facet normal 0 0 -1
    outer loop
      vertex -31.8378 -3.1456 0
      vertex -84.2044 -1.55291 0
      vertex -31.8393 -3.13589 0
    endloop
  endfacet
  facet normal 0 -0 -1
    outer loop
      vertex -84.4567 -2.2961 0
      vertex -30.6181 -9.27766 0
      vertex -84.8038 -3 0
    endloop
  endfacet
  facet normal 0 0 -1
    outer loop
      vertex -31.3786 -6.24159 0
      vertex -84.2044 -1.55291 0
      vertex -31.8378 -3.1456 0
    endloop
  endfacet
  facet normal 0 -0 -1
    outer loop
      vertex -84.2044 -1.55291 0
      vertex -31.3786 -6.24159 0
      vertex -84.4567 -2.2961 0
    endloop
  endfacet
  facet normal 0 0 -1
    outer loop
      vertex -30.6181 -9.27766 0
      vertex -84.4567 -2.2961 0
      vertex -31.3786 -6.24159 0
    endloop
  endfacet
  facet normal 0 0 -1
    outer loop
      vertex -30.6124 -9.29641 0
      vertex -84.8038 -3 0
      vertex -30.6157 -9.28717 0
    endloop
  endfacet
  facet normal 0 0 -1
    outer loop
      vertex -97.0113 -51.8536 0
      vertex -86.3474 -4.76012 0
      vertex -94.3501 -56.5513 0
    endloop
  endfacet
  facet normal 0 0 -1
    outer loop
      vertex -86.3474 -4.76012 0
      vertex -97.0113 -51.8536 0
      vertex -87 -5.19615 0
    endloop
  endfacet
  facet normal 0 0 -1
    outer loop
      vertex -99.4388 -47.0311 0
      vertex -87 -5.19615 0
      vertex -97.0113 -51.8536 0
    endloop
  endfacet
  facet normal 0 0 -1
    outer loop
      vertex -101.627 -42.0952 0
      vertex -87 -5.19615 0
      vertex -99.4388 -47.0311 0
    endloop
  endfacet
  facet normal 0 0 -1
    outer loop
      vertex -87 -5.19615 0
      vertex -101.627 -42.0952 0
      vertex -87.7039 -5.54328 0
    endloop
  endfacet
  facet normal 0 0 -1
    outer loop
      vertex -103.57 -37.0579 0
      vertex -87.7039 -5.54328 0
      vertex -101.627 -42.0952 0
    endloop
  endfacet
  facet normal 0 0 -1
    outer loop
      vertex -87.7039 -5.54328 0
      vertex -103.57 -37.0579 0
      vertex -88.4471 -5.79555 0
    endloop
  endfacet
  facet normal 0 0 -1
    outer loop
      vertex -105.263 -31.9313 0
      vertex -88.4471 -5.79555 0
      vertex -103.57 -37.0579 0
    endloop
  endfacet
  facet normal 0 0 -1
    outer loop
      vertex -88.4471 -5.79555 0
      vertex -105.263 -31.9313 0
      vertex -89.2168 -5.94867 0
    endloop
  endfacet
  facet normal 0 0 -1
    outer loop
      vertex -89.2168 -5.94867 0
      vertex -105.263 -31.9313 0
      vertex -90 -6 0
    endloop
  endfacet
  facet normal 0 0 -1
    outer loop
      vertex -106.703 -26.7278 0
      vertex -90 -6 0
      vertex -105.263 -31.9313 0
    endloop
  endfacet
  facet normal -0 0 -1
    outer loop
      vertex -90 -6 0
      vertex -106.703 -26.7278 0
      vertex -90.7832 -5.94867 0
    endloop
  endfacet
  facet normal 0 0 -1
    outer loop
      vertex -107.886 -21.4599 0
      vertex -90.7832 -5.94867 0
      vertex -106.703 -26.7278 0
    endloop
  endfacet
  facet normal -0 0 -1
    outer loop
      vertex -90.7832 -5.94867 0
      vertex -107.886 -21.4599 0
      vertex -91.5529 -5.79555 0
    endloop
  endfacet
  facet normal -0 0 -1
    outer loop
      vertex -91.5529 -5.79555 0
      vertex -107.886 -21.4599 0
      vertex -92.2961 -5.54328 0
    endloop
  endfacet
  facet normal 0 0 -1
    outer loop
      vertex -108.809 -16.1404 0
      vertex -92.2961 -5.54328 0
      vertex -107.886 -21.4599 0
    endloop
  endfacet
  facet normal -0 0 -1
    outer loop
      vertex -92.2961 -5.54328 0
      vertex -108.809 -16.1404 0
      vertex -93 -5.19615 0
    endloop
  endfacet
  facet normal -0 0 -1
    outer loop
      vertex -93 -5.19615 0
      vertex -108.809 -16.1404 0
      vertex -93.6526 -4.76012 0
    endloop
  endfacet
  facet normal -0.219111 0.9757 0
    outer loop
      vertex -21.4599 107.886 0
      vertex -26.7278 106.703 15.01
      vertex -21.4599 107.886 15.01
    endloop
  endfacet
  facet normal -0.219111 0.9757 0
    outer loop
      vertex -26.7278 106.703 15.01
      vertex -21.4599 107.886 0
      vertex -26.7278 106.703 0
    endloop
  endfacet
  facet normal -0.313582 0.949561 0
    outer loop
      vertex -31.9313 105.263 0
      vertex -37.0579 103.57 15.01
      vertex -31.9313 105.263 15.01
    endloop
  endfacet
  facet normal -0.313582 0.949561 0
    outer loop
      vertex -37.0579 103.57 15.01
      vertex -31.9313 105.263 0
      vertex -37.0579 103.57 0
    endloop
  endfacet
  facet normal -0.44962 0.89322 0
    outer loop
      vertex -47.0311 99.4388 0
      vertex -51.8536 97.0113 15.01
      vertex -47.0311 99.4388 15.01
    endloop
  endfacet
  facet normal -0.44962 0.89322 0
    outer loop
      vertex -51.8536 97.0113 15.01
      vertex -47.0311 99.4388 0
      vertex -51.8536 97.0113 0
    endloop
  endfacet
  facet normal 0.689548 -0.72424 0
    outer loop
      vertex 73.8715 -81.5046 0
      vertex 77.7817 -77.7817 15.01
      vertex 73.8715 -81.5046 15.01
    endloop
  endfacet
  facet normal 0.689548 -0.72424 0
    outer loop
      vertex 77.7817 -77.7817 15.01
      vertex 73.8715 -81.5046 0
      vertex 77.7817 -77.7817 0
    endloop
  endfacet
  facet normal 0.122427 -0.992477 0
    outer loop
      vertex 10.7819 -109.47 0
      vertex 16.1404 -108.809 15.01
      vertex 10.7819 -109.47 15.01
    endloop
  endfacet
  facet normal 0.122427 -0.992477 0
    outer loop
      vertex 16.1404 -108.809 15.01
      vertex 10.7819 -109.47 0
      vertex 16.1404 -108.809 0
    endloop
  endfacet
  facet normal 0.817579 0.575817 0
    outer loop
      vertex 91.4617 61.1127 15.01
      vertex 88.3528 65.5269 0
      vertex 88.3528 65.5269 15.01
    endloop
  endfacet
  facet normal 0.817579 0.575817 0
    outer loop
      vertex 88.3528 65.5269 0
      vertex 91.4617 61.1127 15.01
      vertex 91.4617 61.1127 0
    endloop
  endfacet
  facet normal -0.992477 -0.122427 0
    outer loop
      vertex -108.809 -16.1404 0
      vertex -109.47 -10.7819 15.01
      vertex -109.47 -10.7819 0
    endloop
  endfacet
  facet normal -0.992477 -0.122427 0
    outer loop
      vertex -109.47 -10.7819 15.01
      vertex -108.809 -16.1404 0
      vertex -108.809 -16.1404 15.01
    endloop
  endfacet
  facet normal 0.44962 0.89322 -0
    outer loop
      vertex 51.8536 97.0113 0
      vertex 47.0311 99.4388 15.01
      vertex 51.8536 97.0113 15.01
    endloop
  endfacet
  facet normal 0.44962 0.89322 0
    outer loop
      vertex 47.0311 99.4388 15.01
      vertex 51.8536 97.0113 0
      vertex 47.0311 99.4388 0
    endloop
  endfacet
  facet normal 0.89322 -0.44962 0
    outer loop
      vertex 97.0113 -51.8536 15.01
      vertex 99.4388 -47.0311 0
      vertex 99.4388 -47.0311 15.01
    endloop
  endfacet
  facet normal 0.89322 -0.44962 0
    outer loop
      vertex 99.4388 -47.0311 0
      vertex 97.0113 -51.8536 15.01
      vertex 97.0113 -51.8536 0
    endloop
  endfacet
  facet normal 0.72424 0.689548 0
    outer loop
      vertex 81.5046 73.8715 15.01
      vertex 77.7817 77.7817 0
      vertex 77.7817 77.7817 15.01
    endloop
  endfacet
  facet normal 0.72424 0.689548 0
    outer loop
      vertex 77.7817 77.7817 0
      vertex 81.5046 73.8715 15.01
      vertex 81.5046 73.8715 0
    endloop
  endfacet
  facet normal -0.689548 -0.72424 0
    outer loop
      vertex -77.7817 -77.7817 0
      vertex -73.8715 -81.5046 15.01
      vertex -77.7817 -77.7817 15.01
    endloop
  endfacet
  facet normal -0.689548 -0.72424 -0
    outer loop
      vertex -73.8715 -81.5046 15.01
      vertex -77.7817 -77.7817 0
      vertex -73.8715 -81.5046 0
    endloop
  endfacet
  facet normal -0.122427 0.992477 0
    outer loop
      vertex -10.7819 109.47 0
      vertex -16.1404 108.809 15.01
      vertex -10.7819 109.47 15.01
    endloop
  endfacet
  facet normal -0.122427 0.992477 0
    outer loop
      vertex -16.1404 108.809 15.01
      vertex -10.7819 109.47 0
      vertex -16.1404 108.809 0
    endloop
  endfacet
  facet normal -0.817579 0.575817 0
    outer loop
      vertex -91.4617 61.1127 0
      vertex -88.3528 65.5269 15.01
      vertex -88.3528 65.5269 0
    endloop
  endfacet
  facet normal -0.817579 0.575817 0
    outer loop
      vertex -88.3528 65.5269 15.01
      vertex -91.4617 61.1127 0
      vertex -91.4617 61.1127 15.01
    endloop
  endfacet
  facet normal 0.170958 0.985278 -0
    outer loop
      vertex 21.4599 107.886 0
      vertex 16.1404 108.809 15.01
      vertex 21.4599 107.886 15.01
    endloop
  endfacet
  facet normal 0.170958 0.985278 0
    outer loop
      vertex 16.1404 108.809 15.01
      vertex 21.4599 107.886 0
      vertex 16.1404 108.809 0
    endloop
  endfacet
  facet normal 0.985278 0.170958 0
    outer loop
      vertex 108.809 16.1404 15.01
      vertex 107.886 21.4599 0
      vertex 107.886 21.4599 15.01
    endloop
  endfacet
  facet normal 0.985278 0.170958 0
    outer loop
      vertex 107.886 21.4599 0
      vertex 108.809 16.1404 15.01
      vertex 108.809 16.1404 0
    endloop
  endfacet
  facet normal -0.914192 -0.405282 0
    outer loop
      vertex -99.4388 -47.0311 0
      vertex -101.627 -42.0952 15.01
      vertex -101.627 -42.0952 0
    endloop
  endfacet
  facet normal -0.914192 -0.405282 0
    outer loop
      vertex -101.627 -42.0952 15.01
      vertex -99.4388 -47.0311 0
      vertex -99.4388 -47.0311 15.01
    endloop
  endfacet
  facet normal 0.788358 0.615217 0
    outer loop
      vertex 88.3528 65.5269 15.01
      vertex 85.0312 69.7833 0
      vertex 85.0312 69.7833 15.01
    endloop
  endfacet
  facet normal 0.788358 0.615217 0
    outer loop
      vertex 85.0312 69.7833 0
      vertex 88.3528 65.5269 15.01
      vertex 88.3528 65.5269 0
    endloop
  endfacet
  facet normal 0.9997 -0.0244927 0
    outer loop
      vertex 110 0 15.01
      vertex 109.902 -4 5
      vertex 110 0 5
    endloop
  endfacet
  facet normal 0.999701 -0.0244487 -1.75618e-05
    outer loop
      vertex 109.868 -5.39744 15.01
      vertex 109.902 -4 5
      vertex 110 0 15.01
    endloop
  endfacet
  facet normal 0.999704 -0.024323 0
    outer loop
      vertex 109.868 -5.39744 0
      vertex 109.902 -4 5
      vertex 109.868 -5.39744 15.01
    endloop
  endfacet
  facet normal 0.999704 -0.024323 0
    outer loop
      vertex 109.902 -4 5
      vertex 109.868 -5.39744 0
      vertex 109.902 -4 0
    endloop
  endfacet
  facet normal -0.0244487 0.999701 0
    outer loop
      vertex 0 110 0
      vertex -5.39744 109.868 15.01
      vertex 0 110 15.01
    endloop
  endfacet
  facet normal -0.0244487 0.999701 0
    outer loop
      vertex -5.39744 109.868 15.01
      vertex 0 110 0
      vertex -5.39744 109.868 0
    endloop
  endfacet
  facet normal -0.359879 0.932999 0
    outer loop
      vertex -37.0579 103.57 0
      vertex -42.0952 101.627 15.01
      vertex -37.0579 103.57 15.01
    endloop
  endfacet
  facet normal -0.359879 0.932999 0
    outer loop
      vertex -42.0952 101.627 15.01
      vertex -37.0579 103.57 0
      vertex -42.0952 101.627 0
    endloop
  endfacet
  facet normal -0.534988 0.84486 0
    outer loop
      vertex -56.5513 94.3501 0
      vertex -61.1127 91.4617 15.01
      vertex -56.5513 94.3501 15.01
    endloop
  endfacet
  facet normal -0.534988 0.84486 0
    outer loop
      vertex -61.1127 91.4617 15.01
      vertex -56.5513 94.3501 0
      vertex -61.1127 91.4617 0
    endloop
  endfacet
  facet normal -0.999701 0.0244487 0
    outer loop
      vertex -110 0 0
      vertex -109.868 5.39744 15.01
      vertex -109.868 5.39744 0
    endloop
  endfacet
  facet normal -0.999701 0.0244487 0
    outer loop
      vertex -109.868 5.39744 15.01
      vertex -110 0 0
      vertex -110 0 15.01
    endloop
  endfacet
  facet normal -0.0244487 -0.999701 0
    outer loop
      vertex -5.39744 -109.868 0
      vertex 0 -110 15.01
      vertex -5.39744 -109.868 15.01
    endloop
  endfacet
  facet normal -0.0244487 -0.999701 -0
    outer loop
      vertex 0 -110 15.01
      vertex -5.39744 -109.868 0
      vertex 0 -110 0
    endloop
  endfacet
  facet normal 0.9757 0.219111 0
    outer loop
      vertex 107.886 21.4599 15.01
      vertex 106.703 26.7278 0
      vertex 106.703 26.7278 15.01
    endloop
  endfacet
  facet normal 0.9757 0.219111 0
    outer loop
      vertex 106.703 26.7278 0
      vertex 107.886 21.4599 15.01
      vertex 107.886 21.4599 0
    endloop
  endfacet
  facet normal 0.963776 0.266712 0
    outer loop
      vertex 106.703 26.7278 15.01
      vertex 105.263 31.9313 0
      vertex 105.263 31.9313 15.01
    endloop
  endfacet
  facet normal 0.963776 0.266712 0
    outer loop
      vertex 105.263 31.9313 0
      vertex 106.703 26.7278 15.01
      vertex 106.703 26.7278 0
    endloop
  endfacet
  facet normal 0.575817 0.817579 -0
    outer loop
      vertex 65.5269 88.3528 0
      vertex 61.1127 91.4617 15.01
      vertex 65.5269 88.3528 15.01
    endloop
  endfacet
  facet normal 0.575817 0.817579 0
    outer loop
      vertex 61.1127 91.4617 15.01
      vertex 65.5269 88.3528 0
      vertex 61.1127 91.4617 0
    endloop
  endfacet
  facet normal 0.788358 -0.615217 0
    outer loop
      vertex 85.0312 -69.7833 15.01
      vertex 88.3528 -65.5269 0
      vertex 88.3528 -65.5269 15.01
    endloop
  endfacet
  facet normal 0.788358 -0.615217 0
    outer loop
      vertex 88.3528 -65.5269 0
      vertex 85.0312 -69.7833 15.01
      vertex 85.0312 -69.7833 0
    endloop
  endfacet
  facet normal 0.219111 0.9757 -0
    outer loop
      vertex 26.7278 106.703 0
      vertex 21.4599 107.886 15.01
      vertex 26.7278 106.703 15.01
    endloop
  endfacet
  facet normal 0.219111 0.9757 0
    outer loop
      vertex 21.4599 107.886 15.01
      vertex 26.7278 106.703 0
      vertex 21.4599 107.886 0
    endloop
  endfacet
  facet normal -0.0737153 0.997279 0
    outer loop
      vertex -5.39744 109.868 0
      vertex -10.7819 109.47 15.01
      vertex -5.39744 109.868 15.01
    endloop
  endfacet
  facet normal -0.0737153 0.997279 0
    outer loop
      vertex -10.7819 109.47 15.01
      vertex -5.39744 109.868 0
      vertex -10.7819 109.47 0
    endloop
  endfacet
  facet normal 0.359879 -0.932999 0
    outer loop
      vertex 37.0579 -103.57 0
      vertex 42.0952 -101.627 15.01
      vertex 37.0579 -103.57 15.01
    endloop
  endfacet
  facet normal 0.359879 -0.932999 0
    outer loop
      vertex 42.0952 -101.627 15.01
      vertex 37.0579 -103.57 0
      vertex 42.0952 -101.627 0
    endloop
  endfacet
  facet normal -0.122427 -0.992477 0
    outer loop
      vertex -16.1404 -108.809 0
      vertex -10.7819 -109.47 15.01
      vertex -16.1404 -108.809 15.01
    endloop
  endfacet
  facet normal -0.122427 -0.992477 -0
    outer loop
      vertex -10.7819 -109.47 15.01
      vertex -16.1404 -108.809 0
      vertex -10.7819 -109.47 0
    endloop
  endfacet
  facet normal 0.653183 0.7572 -0
    outer loop
      vertex 73.8715 81.5046 0
      vertex 69.7833 85.0312 15.01
      vertex 73.8715 81.5046 15.01
    endloop
  endfacet
  facet normal 0.653183 0.7572 0
    outer loop
      vertex 69.7833 85.0312 15.01
      vertex 73.8715 81.5046 0
      vertex 69.7833 85.0312 0
    endloop
  endfacet
  facet normal 0.313582 0.949561 -0
    outer loop
      vertex 37.0579 103.57 0
      vertex 31.9313 105.263 15.01
      vertex 37.0579 103.57 15.01
    endloop
  endfacet
  facet normal 0.313582 0.949561 0
    outer loop
      vertex 31.9313 105.263 15.01
      vertex 37.0579 103.57 0
      vertex 31.9313 105.263 0
    endloop
  endfacet
  facet normal -0.817579 -0.575817 0
    outer loop
      vertex -88.3528 -65.5269 0
      vertex -91.4617 -61.1127 15.01
      vertex -91.4617 -61.1127 0
    endloop
  endfacet
  facet normal -0.817579 -0.575817 0
    outer loop
      vertex -91.4617 -61.1127 15.01
      vertex -88.3528 -65.5269 0
      vertex -88.3528 -65.5269 15.01
    endloop
  endfacet
  facet normal -0.266712 -0.963776 0
    outer loop
      vertex -31.9313 -105.263 0
      vertex -26.7278 -106.703 15.01
      vertex -31.9313 -105.263 15.01
    endloop
  endfacet
  facet normal -0.266712 -0.963776 -0
    outer loop
      vertex -26.7278 -106.703 15.01
      vertex -31.9313 -105.263 0
      vertex -26.7278 -106.703 0
    endloop
  endfacet
  facet normal 0 0 1
    outer loop
      vertex 90 0 15.01
      vertex 110 0 15.01
      vertex 109.868 5.39744 15.01
    endloop
  endfacet
  facet normal 0 0 1
    outer loop
      vertex 89.8916 4.41609 15.01
      vertex 109.868 5.39744 15.01
      vertex 109.47 10.7819 15.01
    endloop
  endfacet
  facet normal 0 0 1
    outer loop
      vertex 110 0 15.01
      vertex 90 0 15.01
      vertex 109.868 -5.39744 15.01
    endloop
  endfacet
  facet normal 0 0 1
    outer loop
      vertex 89.5666 8.82154 15.01
      vertex 109.47 10.7819 15.01
      vertex 108.809 16.1404 15.01
    endloop
  endfacet
  facet normal -0 0 1
    outer loop
      vertex 89.8916 -4.41609 15.01
      vertex 109.868 -5.39744 15.01
      vertex 90 0 15.01
    endloop
  endfacet
  facet normal 0 0 1
    outer loop
      vertex 89.0259 13.2057 15.01
      vertex 108.809 16.1404 15.01
      vertex 107.886 21.4599 15.01
    endloop
  endfacet
  facet normal 0 0 1
    outer loop
      vertex 109.868 -5.39744 15.01
      vertex 89.8916 -4.41609 15.01
      vertex 109.47 -10.7819 15.01
    endloop
  endfacet
  facet normal 0 0 1
    outer loop
      vertex 88.2707 17.5581 15.01
      vertex 107.886 21.4599 15.01
      vertex 106.703 26.7278 15.01
    endloop
  endfacet
  facet normal -0 0 1
    outer loop
      vertex 89.5666 -8.82154 15.01
      vertex 109.47 -10.7819 15.01
      vertex 89.8916 -4.41609 15.01
    endloop
  endfacet
  facet normal 0 0 1
    outer loop
      vertex 87.3028 21.8682 15.01
      vertex 106.703 26.7278 15.01
      vertex 105.263 31.9313 15.01
    endloop
  endfacet
  facet normal 0 0 1
    outer loop
      vertex 109.47 -10.7819 15.01
      vertex 89.5666 -8.82154 15.01
      vertex 108.809 -16.1404 15.01
    endloop
  endfacet
  facet normal 0 0 1
    outer loop
      vertex 86.1246 26.1256 15.01
      vertex 105.263 31.9313 15.01
      vertex 103.57 37.0579 15.01
    endloop
  endfacet
  facet normal -0 0 1
    outer loop
      vertex 89.0259 -13.2057 15.01
      vertex 108.809 -16.1404 15.01
      vertex 89.5666 -8.82154 15.01
    endloop
  endfacet
  facet normal 0 0 1
    outer loop
      vertex 84.739 30.3201 15.01
      vertex 103.57 37.0579 15.01
      vertex 101.627 42.0952 15.01
    endloop
  endfacet
  facet normal 0 0 1
    outer loop
      vertex 108.809 -16.1404 15.01
      vertex 89.0259 -13.2057 15.01
      vertex 107.886 -21.4599 15.01
    endloop
  endfacet
  facet normal 0 0 1
    outer loop
      vertex 83.1492 34.4415 15.01
      vertex 101.627 42.0952 15.01
      vertex 99.4388 47.0311 15.01
    endloop
  endfacet
  facet normal -0 0 1
    outer loop
      vertex 88.2707 -17.5581 15.01
      vertex 107.886 -21.4599 15.01
      vertex 89.0259 -13.2057 15.01
    endloop
  endfacet
  facet normal 0 0 1
    outer loop
      vertex 81.359 38.48 15.01
      vertex 99.4388 47.0311 15.01
      vertex 97.0113 51.8536 15.01
    endloop
  endfacet
  facet normal 0 0 1
    outer loop
      vertex 107.886 -21.4599 15.01
      vertex 88.2707 -17.5581 15.01
      vertex 106.703 -26.7278 15.01
    endloop
  endfacet
  facet normal 0 0 1
    outer loop
      vertex 79.3729 42.4257 15.01
      vertex 97.0113 51.8536 15.01
      vertex 94.3501 56.5513 15.01
    endloop
  endfacet
  facet normal -0 0 1
    outer loop
      vertex 87.3028 -21.8682 15.01
      vertex 106.703 -26.7278 15.01
      vertex 88.2707 -17.5581 15.01
    endloop
  endfacet
  facet normal 0 0 1
    outer loop
      vertex 77.1956 46.2692 15.01
      vertex 94.3501 56.5513 15.01
      vertex 91.4617 61.1127 15.01
    endloop
  endfacet
  facet normal 0 0 1
    outer loop
      vertex 106.703 -26.7278 15.01
      vertex 87.3028 -21.8682 15.01
      vertex 105.263 -31.9313 15.01
    endloop
  endfacet
  facet normal -0 0 1
    outer loop
      vertex 86.1246 -26.1256 15.01
      vertex 105.263 -31.9313 15.01
      vertex 87.3028 -21.8682 15.01
    endloop
  endfacet
  facet normal 0 0 1
    outer loop
      vertex 109.868 5.39744 15.01
      vertex 89.8916 4.41609 15.01
      vertex 90 0 15.01
    endloop
  endfacet
  facet normal 0 0 1
    outer loop
      vertex 109.47 10.7819 15.01
      vertex 89.5666 8.82154 15.01
      vertex 89.8916 4.41609 15.01
    endloop
  endfacet
  facet normal 0 0 1
    outer loop
      vertex 108.809 16.1404 15.01
      vertex 89.0259 13.2057 15.01
      vertex 89.5666 8.82154 15.01
    endloop
  endfacet
  facet normal 0 0 1
    outer loop
      vertex 74.8323 50.0013 15.01
      vertex 91.4617 61.1127 15.01
      vertex 88.3528 65.5269 15.01
    endloop
  endfacet
  facet normal 0 0 1
    outer loop
      vertex 107.886 21.4599 15.01
      vertex 88.2707 17.5581 15.01
      vertex 89.0259 13.2057 15.01
    endloop
  endfacet
  facet normal 0 0 1
    outer loop
      vertex 106.703 26.7278 15.01
      vertex 87.3028 21.8682 15.01
      vertex 88.2707 17.5581 15.01
    endloop
  endfacet
  facet normal 0 0 1
    outer loop
      vertex 105.263 31.9313 15.01
      vertex 86.1246 26.1256 15.01
      vertex 87.3028 21.8682 15.01
    endloop
  endfacet
  facet normal 0 0 1
    outer loop
      vertex 72.2887 53.6129 15.01
      vertex 88.3528 65.5269 15.01
      vertex 85.0312 69.7833 15.01
    endloop
  endfacet
  facet normal 0 0 1
    outer loop
      vertex 103.57 37.0579 15.01
      vertex 84.739 30.3201 15.01
      vertex 86.1246 26.1256 15.01
    endloop
  endfacet
  facet normal 0 0 1
    outer loop
      vertex 101.627 42.0952 15.01
      vertex 83.1492 34.4415 15.01
      vertex 84.739 30.3201 15.01
    endloop
  endfacet
  facet normal 0 0 1
    outer loop
      vertex 69.5709 57.0954 15.01
      vertex 85.0312 69.7833 15.01
      vertex 81.5046 73.8715 15.01
    endloop
  endfacet
  facet normal 0 0 1
    outer loop
      vertex 99.4388 47.0311 15.01
      vertex 81.359 38.48 15.01
      vertex 83.1492 34.4415 15.01
    endloop
  endfacet
  facet normal 0 0 1
    outer loop
      vertex 97.0113 51.8536 15.01
      vertex 79.3729 42.4257 15.01
      vertex 81.359 38.48 15.01
    endloop
  endfacet
  facet normal 0 0 1
    outer loop
      vertex 66.6856 60.4403 15.01
      vertex 81.5046 73.8715 15.01
      vertex 77.7817 77.7817 15.01
    endloop
  endfacet
  facet normal 0 0 1
    outer loop
      vertex 94.3501 56.5513 15.01
      vertex 77.1956 46.2692 15.01
      vertex 79.3729 42.4257 15.01
    endloop
  endfacet
  facet normal 0 0 1
    outer loop
      vertex 91.4617 61.1127 15.01
      vertex 74.8323 50.0013 15.01
      vertex 77.1956 46.2692 15.01
    endloop
  endfacet
  facet normal 0 0 1
    outer loop
      vertex 63.6396 63.6396 15.01
      vertex 77.7817 77.7817 15.01
      vertex 73.8715 81.5046 15.01
    endloop
  endfacet
  facet normal 0 0 1
    outer loop
      vertex 88.3528 65.5269 15.01
      vertex 72.2887 53.6129 15.01
      vertex 74.8323 50.0013 15.01
    endloop
  endfacet
  facet normal 0 0 1
    outer loop
      vertex 60.4403 66.6856 15.01
      vertex 73.8715 81.5046 15.01
      vertex 69.7833 85.0312 15.01
    endloop
  endfacet
  facet normal 0 0 1
    outer loop
      vertex 85.0312 69.7833 15.01
      vertex 69.5709 57.0954 15.01
      vertex 72.2887 53.6129 15.01
    endloop
  endfacet
  facet normal 0 0 1
    outer loop
      vertex 81.5046 73.8715 15.01
      vertex 66.6856 60.4403 15.01
      vertex 69.5709 57.0954 15.01
    endloop
  endfacet
  facet normal 0 0 1
    outer loop
      vertex 57.0954 69.5709 15.01
      vertex 69.7833 85.0312 15.01
      vertex 65.5269 88.3528 15.01
    endloop
  endfacet
  facet normal 0 0 1
    outer loop
      vertex 77.7817 77.7817 15.01
      vertex 63.6396 63.6396 15.01
      vertex 66.6856 60.4403 15.01
    endloop
  endfacet
  facet normal 0 0 1
    outer loop
      vertex 53.6129 72.2887 15.01
      vertex 65.5269 88.3528 15.01
      vertex 61.1127 91.4617 15.01
    endloop
  endfacet
  facet normal 0 0 1
    outer loop
      vertex 73.8715 81.5046 15.01
      vertex 60.4403 66.6856 15.01
      vertex 63.6396 63.6396 15.01
    endloop
  endfacet
  facet normal 0 0 1
    outer loop
      vertex 69.7833 85.0312 15.01
      vertex 57.0954 69.5709 15.01
      vertex 60.4403 66.6856 15.01
    endloop
  endfacet
  facet normal 0 0 1
    outer loop
      vertex 50.0013 74.8323 15.01
      vertex 61.1127 91.4617 15.01
      vertex 56.5513 94.3501 15.01
    endloop
  endfacet
  facet normal 0 0 1
    outer loop
      vertex 65.5269 88.3528 15.01
      vertex 53.6129 72.2887 15.01
      vertex 57.0954 69.5709 15.01
    endloop
  endfacet
  facet normal 0 0 1
    outer loop
      vertex 46.2692 77.1956 15.01
      vertex 56.5513 94.3501 15.01
      vertex 51.8536 97.0113 15.01
    endloop
  endfacet
  facet normal 0 0 1
    outer loop
      vertex 61.1127 91.4617 15.01
      vertex 50.0013 74.8323 15.01
      vertex 53.6129 72.2887 15.01
    endloop
  endfacet
  facet normal 0 0 1
    outer loop
      vertex 42.4257 79.3729 15.01
      vertex 51.8536 97.0113 15.01
      vertex 47.0311 99.4388 15.01
    endloop
  endfacet
  facet normal 0 0 1
    outer loop
      vertex 56.5513 94.3501 15.01
      vertex 46.2692 77.1956 15.01
      vertex 50.0013 74.8323 15.01
    endloop
  endfacet
  facet normal 0 0 1
    outer loop
      vertex 51.8536 97.0113 15.01
      vertex 42.4257 79.3729 15.01
      vertex 46.2692 77.1956 15.01
    endloop
  endfacet
  facet normal 0 0 1
    outer loop
      vertex 38.48 81.359 15.01
      vertex 47.0311 99.4388 15.01
      vertex 42.0952 101.627 15.01
    endloop
  endfacet
  facet normal 0 0 1
    outer loop
      vertex 47.0311 99.4388 15.01
      vertex 38.48 81.359 15.01
      vertex 42.4257 79.3729 15.01
    endloop
  endfacet
  facet normal 0 0 1
    outer loop
      vertex 34.4415 83.1492 15.01
      vertex 42.0952 101.627 15.01
      vertex 37.0579 103.57 15.01
    endloop
  endfacet
  facet normal 0 0 1
    outer loop
      vertex 42.0952 101.627 15.01
      vertex 34.4415 83.1492 15.01
      vertex 38.48 81.359 15.01
    endloop
  endfacet
  facet normal 0 0 1
    outer loop
      vertex 30.3201 84.739 15.01
      vertex 37.0579 103.57 15.01
      vertex 31.9313 105.263 15.01
    endloop
  endfacet
  facet normal 0 0 1
    outer loop
      vertex 37.0579 103.57 15.01
      vertex 30.3201 84.739 15.01
      vertex 34.4415 83.1492 15.01
    endloop
  endfacet
  facet normal 0 0 1
    outer loop
      vertex 26.1256 86.1246 15.01
      vertex 31.9313 105.263 15.01
      vertex 26.7278 106.703 15.01
    endloop
  endfacet
  facet normal 0 0 1
    outer loop
      vertex 31.9313 105.263 15.01
      vertex 26.1256 86.1246 15.01
      vertex 30.3201 84.739 15.01
    endloop
  endfacet
  facet normal 0 0 1
    outer loop
      vertex 26.7278 106.703 15.01
      vertex 21.8682 87.3028 15.01
      vertex 26.1256 86.1246 15.01
    endloop
  endfacet
  facet normal 0 0 1
    outer loop
      vertex 21.4599 107.886 15.01
      vertex 21.8682 87.3028 15.01
      vertex 26.7278 106.703 15.01
    endloop
  endfacet
  facet normal 0 0 1
    outer loop
      vertex 21.4599 107.886 15.01
      vertex 17.5581 88.2707 15.01
      vertex 21.8682 87.3028 15.01
    endloop
  endfacet
  facet normal 0 0 1
    outer loop
      vertex 16.1404 108.809 15.01
      vertex 17.5581 88.2707 15.01
      vertex 21.4599 107.886 15.01
    endloop
  endfacet
  facet normal 0 0 1
    outer loop
      vertex 16.1404 108.809 15.01
      vertex 13.2057 89.0259 15.01
      vertex 17.5581 88.2707 15.01
    endloop
  endfacet
  facet normal 0 0 1
    outer loop
      vertex 10.7819 109.47 15.01
      vertex 13.2057 89.0259 15.01
      vertex 16.1404 108.809 15.01
    endloop
  endfacet
  facet normal 0 0 1
    outer loop
      vertex 10.7819 109.47 15.01
      vertex 8.82154 89.5666 15.01
      vertex 13.2057 89.0259 15.01
    endloop
  endfacet
  facet normal 0 0 1
    outer loop
      vertex 5.39744 109.868 15.01
      vertex 8.82154 89.5666 15.01
      vertex 10.7819 109.47 15.01
    endloop
  endfacet
  facet normal 0 0 1
    outer loop
      vertex 5.39744 109.868 15.01
      vertex 4.41609 89.8916 15.01
      vertex 8.82154 89.5666 15.01
    endloop
  endfacet
  facet normal 0 0 1
    outer loop
      vertex 0 110 15.01
      vertex 4.41609 89.8916 15.01
      vertex 5.39744 109.868 15.01
    endloop
  endfacet
  facet normal 0 0 1
    outer loop
      vertex 0 110 15.01
      vertex 0 90 15.01
      vertex 4.41609 89.8916 15.01
    endloop
  endfacet
  facet normal 0 0 1
    outer loop
      vertex 0 110 15.01
      vertex -4.41609 89.8916 15.01
      vertex 0 90 15.01
    endloop
  endfacet
  facet normal -0 0 1
    outer loop
      vertex -5.39744 109.868 15.01
      vertex -4.41609 89.8916 15.01
      vertex 0 110 15.01
    endloop
  endfacet
  facet normal 0 0 1
    outer loop
      vertex -5.39744 109.868 15.01
      vertex -8.82154 89.5666 15.01
      vertex -4.41609 89.8916 15.01
    endloop
  endfacet
  facet normal -0 0 1
    outer loop
      vertex -10.7819 109.47 15.01
      vertex -8.82154 89.5666 15.01
      vertex -5.39744 109.868 15.01
    endloop
  endfacet
  facet normal 0 0 1
    outer loop
      vertex -10.7819 109.47 15.01
      vertex -13.2057 89.0259 15.01
      vertex -8.82154 89.5666 15.01
    endloop
  endfacet
  facet normal -0 0 1
    outer loop
      vertex -16.1404 108.809 15.01
      vertex -13.2057 89.0259 15.01
      vertex -10.7819 109.47 15.01
    endloop
  endfacet
  facet normal 0 0 1
    outer loop
      vertex -16.1404 108.809 15.01
      vertex -17.5581 88.2707 15.01
      vertex -13.2057 89.0259 15.01
    endloop
  endfacet
  facet normal -0 0 1
    outer loop
      vertex -21.4599 107.886 15.01
      vertex -17.5581 88.2707 15.01
      vertex -16.1404 108.809 15.01
    endloop
  endfacet
  facet normal 0 0 1
    outer loop
      vertex -21.4599 107.886 15.01
      vertex -21.8682 87.3028 15.01
      vertex -17.5581 88.2707 15.01
    endloop
  endfacet
  facet normal -0 0 1
    outer loop
      vertex -26.7278 106.703 15.01
      vertex -21.8682 87.3028 15.01
      vertex -21.4599 107.886 15.01
    endloop
  endfacet
  facet normal 0 0 1
    outer loop
      vertex -21.8682 87.3028 15.01
      vertex -26.7278 106.703 15.01
      vertex -26.1256 86.1246 15.01
    endloop
  endfacet
  facet normal -0 0 1
    outer loop
      vertex -31.9313 105.263 15.01
      vertex -26.1256 86.1246 15.01
      vertex -26.7278 106.703 15.01
    endloop
  endfacet
  facet normal 0 0 1
    outer loop
      vertex -26.1256 86.1246 15.01
      vertex -31.9313 105.263 15.01
      vertex -30.3201 84.739 15.01
    endloop
  endfacet
  facet normal -0 0 1
    outer loop
      vertex -37.0579 103.57 15.01
      vertex -30.3201 84.739 15.01
      vertex -31.9313 105.263 15.01
    endloop
  endfacet
  facet normal 0 0 1
    outer loop
      vertex -30.3201 84.739 15.01
      vertex -37.0579 103.57 15.01
      vertex -34.4415 83.1492 15.01
    endloop
  endfacet
  facet normal -0 0 1
    outer loop
      vertex -42.0952 101.627 15.01
      vertex -34.4415 83.1492 15.01
      vertex -37.0579 103.57 15.01
    endloop
  endfacet
  facet normal 0 0 1
    outer loop
      vertex -34.4415 83.1492 15.01
      vertex -42.0952 101.627 15.01
      vertex -38.48 81.359 15.01
    endloop
  endfacet
  facet normal -0 0 1
    outer loop
      vertex -47.0311 99.4388 15.01
      vertex -38.48 81.359 15.01
      vertex -42.0952 101.627 15.01
    endloop
  endfacet
  facet normal 0 0 1
    outer loop
      vertex -38.48 81.359 15.01
      vertex -47.0311 99.4388 15.01
      vertex -42.4257 79.3729 15.01
    endloop
  endfacet
  facet normal -0 0 1
    outer loop
      vertex -51.8536 97.0113 15.01
      vertex -42.4257 79.3729 15.01
      vertex -47.0311 99.4388 15.01
    endloop
  endfacet
  facet normal 0 0 1
    outer loop
      vertex -42.4257 79.3729 15.01
      vertex -51.8536 97.0113 15.01
      vertex -46.2692 77.1956 15.01
    endloop
  endfacet
  facet normal -0 0 1
    outer loop
      vertex -56.5513 94.3501 15.01
      vertex -46.2692 77.1956 15.01
      vertex -51.8536 97.0113 15.01
    endloop
  endfacet
  facet normal 0 0 1
    outer loop
      vertex -46.2692 77.1956 15.01
      vertex -56.5513 94.3501 15.01
      vertex -50.0013 74.8323 15.01
    endloop
  endfacet
  facet normal -0 0 1
    outer loop
      vertex -61.1127 91.4617 15.01
      vertex -50.0013 74.8323 15.01
      vertex -56.5513 94.3501 15.01
    endloop
  endfacet
  facet normal 0 0 1
    outer loop
      vertex -50.0013 74.8323 15.01
      vertex -61.1127 91.4617 15.01
      vertex -53.6129 72.2887 15.01
    endloop
  endfacet
  facet normal -0 0 1
    outer loop
      vertex -65.5269 88.3528 15.01
      vertex -53.6129 72.2887 15.01
      vertex -61.1127 91.4617 15.01
    endloop
  endfacet
  facet normal 0 0 1
    outer loop
      vertex -53.6129 72.2887 15.01
      vertex -65.5269 88.3528 15.01
      vertex -57.0954 69.5709 15.01
    endloop
  endfacet
  facet normal -0 0 1
    outer loop
      vertex -69.7833 85.0312 15.01
      vertex -57.0954 69.5709 15.01
      vertex -65.5269 88.3528 15.01
    endloop
  endfacet
  facet normal 0 0 1
    outer loop
      vertex -57.0954 69.5709 15.01
      vertex -69.7833 85.0312 15.01
      vertex -60.4403 66.6856 15.01
    endloop
  endfacet
  facet normal -0 0 1
    outer loop
      vertex -73.8715 81.5046 15.01
      vertex -60.4403 66.6856 15.01
      vertex -69.7833 85.0312 15.01
    endloop
  endfacet
  facet normal 0 0 1
    outer loop
      vertex -60.4403 66.6856 15.01
      vertex -73.8715 81.5046 15.01
      vertex -63.6396 63.6396 15.01
    endloop
  endfacet
  facet normal -0 0 1
    outer loop
      vertex -77.7817 77.7817 15.01
      vertex -63.6396 63.6396 15.01
      vertex -73.8715 81.5046 15.01
    endloop
  endfacet
  facet normal 0 0 1
    outer loop
      vertex -63.6396 63.6396 15.01
      vertex -77.7817 77.7817 15.01
      vertex -66.6856 60.4403 15.01
    endloop
  endfacet
  facet normal -0 0 1
    outer loop
      vertex -81.5046 73.8715 15.01
      vertex -66.6856 60.4403 15.01
      vertex -77.7817 77.7817 15.01
    endloop
  endfacet
  facet normal 0 0 1
    outer loop
      vertex -66.6856 60.4403 15.01
      vertex -81.5046 73.8715 15.01
      vertex -69.5709 57.0954 15.01
    endloop
  endfacet
  facet normal -0 0 1
    outer loop
      vertex -85.0312 69.7833 15.01
      vertex -69.5709 57.0954 15.01
      vertex -81.5046 73.8715 15.01
    endloop
  endfacet
  facet normal 0 0 1
    outer loop
      vertex -69.5709 57.0954 15.01
      vertex -85.0312 69.7833 15.01
      vertex -72.2887 53.6129 15.01
    endloop
  endfacet
  facet normal -0 0 1
    outer loop
      vertex -88.3528 65.5269 15.01
      vertex -72.2887 53.6129 15.01
      vertex -85.0312 69.7833 15.01
    endloop
  endfacet
  facet normal 0 0 1
    outer loop
      vertex -72.2887 53.6129 15.01
      vertex -88.3528 65.5269 15.01
      vertex -74.8323 50.0013 15.01
    endloop
  endfacet
  facet normal -0 0 1
    outer loop
      vertex -91.4617 61.1127 15.01
      vertex -74.8323 50.0013 15.01
      vertex -88.3528 65.5269 15.01
    endloop
  endfacet
  facet normal 0 0 1
    outer loop
      vertex -74.8323 50.0013 15.01
      vertex -91.4617 61.1127 15.01
      vertex -77.1956 46.2692 15.01
    endloop
  endfacet
  facet normal -0 0 1
    outer loop
      vertex -94.3501 56.5513 15.01
      vertex -77.1956 46.2692 15.01
      vertex -91.4617 61.1127 15.01
    endloop
  endfacet
  facet normal 0 0 1
    outer loop
      vertex -77.1956 46.2692 15.01
      vertex -94.3501 56.5513 15.01
      vertex -79.3729 42.4257 15.01
    endloop
  endfacet
  facet normal -0 0 1
    outer loop
      vertex -97.0113 51.8536 15.01
      vertex -79.3729 42.4257 15.01
      vertex -94.3501 56.5513 15.01
    endloop
  endfacet
  facet normal 0 0 1
    outer loop
      vertex -79.3729 42.4257 15.01
      vertex -97.0113 51.8536 15.01
      vertex -81.359 38.48 15.01
    endloop
  endfacet
  facet normal -0 0 1
    outer loop
      vertex -99.4388 47.0311 15.01
      vertex -81.359 38.48 15.01
      vertex -97.0113 51.8536 15.01
    endloop
  endfacet
  facet normal 0 0 1
    outer loop
      vertex -81.359 38.48 15.01
      vertex -99.4388 47.0311 15.01
      vertex -83.1492 34.4415 15.01
    endloop
  endfacet
  facet normal -0 0 1
    outer loop
      vertex -101.627 42.0952 15.01
      vertex -83.1492 34.4415 15.01
      vertex -99.4388 47.0311 15.01
    endloop
  endfacet
  facet normal 0 0 1
    outer loop
      vertex -83.1492 34.4415 15.01
      vertex -101.627 42.0952 15.01
      vertex -84.739 30.3201 15.01
    endloop
  endfacet
  facet normal -0 0 1
    outer loop
      vertex -103.57 37.0579 15.01
      vertex -84.739 30.3201 15.01
      vertex -101.627 42.0952 15.01
    endloop
  endfacet
  facet normal -0 0 1
    outer loop
      vertex -105.263 31.9313 15.01
      vertex -86.1246 26.1256 15.01
      vertex -103.57 37.0579 15.01
    endloop
  endfacet
  facet normal 0 0 1
    outer loop
      vertex -84.739 30.3201 15.01
      vertex -103.57 37.0579 15.01
      vertex -86.1246 26.1256 15.01
    endloop
  endfacet
  facet normal 0 0 1
    outer loop
      vertex 105.263 -31.9313 15.01
      vertex 86.1246 -26.1256 15.01
      vertex 103.57 -37.0579 15.01
    endloop
  endfacet
  facet normal -0 0 1
    outer loop
      vertex 84.739 -30.3201 15.01
      vertex 103.57 -37.0579 15.01
      vertex 86.1246 -26.1256 15.01
    endloop
  endfacet
  facet normal 0 0 1
    outer loop
      vertex 103.57 -37.0579 15.01
      vertex 84.739 -30.3201 15.01
      vertex 101.627 -42.0952 15.01
    endloop
  endfacet
  facet normal -0 0 1
    outer loop
      vertex 83.1492 -34.4415 15.01
      vertex 101.627 -42.0952 15.01
      vertex 84.739 -30.3201 15.01
    endloop
  endfacet
  facet normal 0 0 1
    outer loop
      vertex 101.627 -42.0952 15.01
      vertex 83.1492 -34.4415 15.01
      vertex 99.4388 -47.0311 15.01
    endloop
  endfacet
  facet normal -0 0 1
    outer loop
      vertex 81.359 -38.48 15.01
      vertex 99.4388 -47.0311 15.01
      vertex 83.1492 -34.4415 15.01
    endloop
  endfacet
  facet normal 0 0 1
    outer loop
      vertex 99.4388 -47.0311 15.01
      vertex 81.359 -38.48 15.01
      vertex 97.0113 -51.8536 15.01
    endloop
  endfacet
  facet normal -0 0 1
    outer loop
      vertex 79.3729 -42.4257 15.01
      vertex 97.0113 -51.8536 15.01
      vertex 81.359 -38.48 15.01
    endloop
  endfacet
  facet normal 0 0 1
    outer loop
      vertex 97.0113 -51.8536 15.01
      vertex 79.3729 -42.4257 15.01
      vertex 94.3501 -56.5513 15.01
    endloop
  endfacet
  facet normal -0 0 1
    outer loop
      vertex 77.1956 -46.2692 15.01
      vertex 94.3501 -56.5513 15.01
      vertex 79.3729 -42.4257 15.01
    endloop
  endfacet
  facet normal 0 0 1
    outer loop
      vertex 94.3501 -56.5513 15.01
      vertex 77.1956 -46.2692 15.01
      vertex 91.4617 -61.1127 15.01
    endloop
  endfacet
  facet normal -0 0 1
    outer loop
      vertex 74.8323 -50.0013 15.01
      vertex 91.4617 -61.1127 15.01
      vertex 77.1956 -46.2692 15.01
    endloop
  endfacet
  facet normal 0 0 1
    outer loop
      vertex 91.4617 -61.1127 15.01
      vertex 74.8323 -50.0013 15.01
      vertex 88.3528 -65.5269 15.01
    endloop
  endfacet
  facet normal -0 0 1
    outer loop
      vertex 72.2887 -53.6129 15.01
      vertex 88.3528 -65.5269 15.01
      vertex 74.8323 -50.0013 15.01
    endloop
  endfacet
  facet normal 0 0 1
    outer loop
      vertex 88.3528 -65.5269 15.01
      vertex 72.2887 -53.6129 15.01
      vertex 85.0312 -69.7833 15.01
    endloop
  endfacet
  facet normal -0 0 1
    outer loop
      vertex 69.5709 -57.0954 15.01
      vertex 85.0312 -69.7833 15.01
      vertex 72.2887 -53.6129 15.01
    endloop
  endfacet
  facet normal 0 0 1
    outer loop
      vertex 85.0312 -69.7833 15.01
      vertex 69.5709 -57.0954 15.01
      vertex 81.5046 -73.8715 15.01
    endloop
  endfacet
  facet normal -0 0 1
    outer loop
      vertex 66.6856 -60.4403 15.01
      vertex 81.5046 -73.8715 15.01
      vertex 69.5709 -57.0954 15.01
    endloop
  endfacet
  facet normal 0 0 1
    outer loop
      vertex 81.5046 -73.8715 15.01
      vertex 66.6856 -60.4403 15.01
      vertex 77.7817 -77.7817 15.01
    endloop
  endfacet
  facet normal -0 0 1
    outer loop
      vertex 63.6396 -63.6396 15.01
      vertex 77.7817 -77.7817 15.01
      vertex 66.6856 -60.4403 15.01
    endloop
  endfacet
  facet normal 0 0 1
    outer loop
      vertex 77.7817 -77.7817 15.01
      vertex 63.6396 -63.6396 15.01
      vertex 73.8715 -81.5046 15.01
    endloop
  endfacet
  facet normal -0 0 1
    outer loop
      vertex 60.4403 -66.6856 15.01
      vertex 73.8715 -81.5046 15.01
      vertex 63.6396 -63.6396 15.01
    endloop
  endfacet
  facet normal 0 0 1
    outer loop
      vertex 73.8715 -81.5046 15.01
      vertex 60.4403 -66.6856 15.01
      vertex 69.7833 -85.0312 15.01
    endloop
  endfacet
  facet normal -0 0 1
    outer loop
      vertex 57.0954 -69.5709 15.01
      vertex 69.7833 -85.0312 15.01
      vertex 60.4403 -66.6856 15.01
    endloop
  endfacet
  facet normal 0 0 1
    outer loop
      vertex 69.7833 -85.0312 15.01
      vertex 57.0954 -69.5709 15.01
      vertex 65.5269 -88.3528 15.01
    endloop
  endfacet
  facet normal -0 0 1
    outer loop
      vertex 53.6129 -72.2887 15.01
      vertex 65.5269 -88.3528 15.01
      vertex 57.0954 -69.5709 15.01
    endloop
  endfacet
  facet normal 0 0 1
    outer loop
      vertex 65.5269 -88.3528 15.01
      vertex 53.6129 -72.2887 15.01
      vertex 61.1127 -91.4617 15.01
    endloop
  endfacet
  facet normal -0 0 1
    outer loop
      vertex 50.0013 -74.8323 15.01
      vertex 61.1127 -91.4617 15.01
      vertex 53.6129 -72.2887 15.01
    endloop
  endfacet
  facet normal 0 0 1
    outer loop
      vertex 61.1127 -91.4617 15.01
      vertex 50.0013 -74.8323 15.01
      vertex 56.5513 -94.3501 15.01
    endloop
  endfacet
  facet normal -0 0 1
    outer loop
      vertex 46.2692 -77.1956 15.01
      vertex 56.5513 -94.3501 15.01
      vertex 50.0013 -74.8323 15.01
    endloop
  endfacet
  facet normal 0 0 1
    outer loop
      vertex 56.5513 -94.3501 15.01
      vertex 46.2692 -77.1956 15.01
      vertex 51.8536 -97.0113 15.01
    endloop
  endfacet
  facet normal -0 0 1
    outer loop
      vertex 42.4257 -79.3729 15.01
      vertex 51.8536 -97.0113 15.01
      vertex 46.2692 -77.1956 15.01
    endloop
  endfacet
  facet normal 0 0 1
    outer loop
      vertex 51.8536 -97.0113 15.01
      vertex 42.4257 -79.3729 15.01
      vertex 47.0311 -99.4388 15.01
    endloop
  endfacet
  facet normal -0 0 1
    outer loop
      vertex 38.48 -81.359 15.01
      vertex 47.0311 -99.4388 15.01
      vertex 42.4257 -79.3729 15.01
    endloop
  endfacet
  facet normal 0 0 1
    outer loop
      vertex 47.0311 -99.4388 15.01
      vertex 38.48 -81.359 15.01
      vertex 42.0952 -101.627 15.01
    endloop
  endfacet
  facet normal -0 0 1
    outer loop
      vertex 34.4415 -83.1492 15.01
      vertex 42.0952 -101.627 15.01
      vertex 38.48 -81.359 15.01
    endloop
  endfacet
  facet normal 0 0 1
    outer loop
      vertex 42.0952 -101.627 15.01
      vertex 34.4415 -83.1492 15.01
      vertex 37.0579 -103.57 15.01
    endloop
  endfacet
  facet normal -0 0 1
    outer loop
      vertex 30.3201 -84.739 15.01
      vertex 37.0579 -103.57 15.01
      vertex 34.4415 -83.1492 15.01
    endloop
  endfacet
  facet normal 0 0 1
    outer loop
      vertex 37.0579 -103.57 15.01
      vertex 30.3201 -84.739 15.01
      vertex 31.9313 -105.263 15.01
    endloop
  endfacet
  facet normal -0 0 1
    outer loop
      vertex 26.1256 -86.1246 15.01
      vertex 31.9313 -105.263 15.01
      vertex 30.3201 -84.739 15.01
    endloop
  endfacet
  facet normal 0 0 1
    outer loop
      vertex 31.9313 -105.263 15.01
      vertex 26.1256 -86.1246 15.01
      vertex 26.7278 -106.703 15.01
    endloop
  endfacet
  facet normal -0 0 1
    outer loop
      vertex 21.8682 -87.3028 15.01
      vertex 26.7278 -106.703 15.01
      vertex 26.1256 -86.1246 15.01
    endloop
  endfacet
  facet normal 0 0 1
    outer loop
      vertex 21.8682 -87.3028 15.01
      vertex 21.4599 -107.886 15.01
      vertex 26.7278 -106.703 15.01
    endloop
  endfacet
  facet normal -0 0 1
    outer loop
      vertex 17.5581 -88.2707 15.01
      vertex 21.4599 -107.886 15.01
      vertex 21.8682 -87.3028 15.01
    endloop
  endfacet
  facet normal 0 0 1
    outer loop
      vertex 17.5581 -88.2707 15.01
      vertex 16.1404 -108.809 15.01
      vertex 21.4599 -107.886 15.01
    endloop
  endfacet
  facet normal -0 0 1
    outer loop
      vertex 13.2057 -89.0259 15.01
      vertex 16.1404 -108.809 15.01
      vertex 17.5581 -88.2707 15.01
    endloop
  endfacet
  facet normal 0 0 1
    outer loop
      vertex 13.2057 -89.0259 15.01
      vertex 10.7819 -109.47 15.01
      vertex 16.1404 -108.809 15.01
    endloop
  endfacet
  facet normal -0 0 1
    outer loop
      vertex 8.82154 -89.5666 15.01
      vertex 10.7819 -109.47 15.01
      vertex 13.2057 -89.0259 15.01
    endloop
  endfacet
  facet normal 0 0 1
    outer loop
      vertex 8.82154 -89.5666 15.01
      vertex 5.39744 -109.868 15.01
      vertex 10.7819 -109.47 15.01
    endloop
  endfacet
  facet normal -0 0 1
    outer loop
      vertex 4.41609 -89.8916 15.01
      vertex 5.39744 -109.868 15.01
      vertex 8.82154 -89.5666 15.01
    endloop
  endfacet
  facet normal -0 0 1
    outer loop
      vertex 0 -90 15.01
      vertex 5.39744 -109.868 15.01
      vertex 4.41609 -89.8916 15.01
    endloop
  endfacet
  facet normal 0 0 1
    outer loop
      vertex 0 -90 15.01
      vertex 0 -110 15.01
      vertex 5.39744 -109.868 15.01
    endloop
  endfacet
  facet normal 0 0 1
    outer loop
      vertex -4.41609 -89.8916 15.01
      vertex 0 -110 15.01
      vertex 0 -90 15.01
    endloop
  endfacet
  facet normal 0 0 1
    outer loop
      vertex -4.41609 -89.8916 15.01
      vertex -5.39744 -109.868 15.01
      vertex 0 -110 15.01
    endloop
  endfacet
  facet normal 0 0 1
    outer loop
      vertex -8.82154 -89.5666 15.01
      vertex -5.39744 -109.868 15.01
      vertex -4.41609 -89.8916 15.01
    endloop
  endfacet
  facet normal 0 0 1
    outer loop
      vertex -8.82154 -89.5666 15.01
      vertex -10.7819 -109.47 15.01
      vertex -5.39744 -109.868 15.01
    endloop
  endfacet
  facet normal 0 0 1
    outer loop
      vertex -13.2057 -89.0259 15.01
      vertex -10.7819 -109.47 15.01
      vertex -8.82154 -89.5666 15.01
    endloop
  endfacet
  facet normal 0 0 1
    outer loop
      vertex -13.2057 -89.0259 15.01
      vertex -16.1404 -108.809 15.01
      vertex -10.7819 -109.47 15.01
    endloop
  endfacet
  facet normal 0 0 1
    outer loop
      vertex -17.5581 -88.2707 15.01
      vertex -16.1404 -108.809 15.01
      vertex -13.2057 -89.0259 15.01
    endloop
  endfacet
  facet normal 0 0 1
    outer loop
      vertex -17.5581 -88.2707 15.01
      vertex -21.4599 -107.886 15.01
      vertex -16.1404 -108.809 15.01
    endloop
  endfacet
  facet normal 0 0 1
    outer loop
      vertex -21.8682 -87.3028 15.01
      vertex -21.4599 -107.886 15.01
      vertex -17.5581 -88.2707 15.01
    endloop
  endfacet
  facet normal 0 0 1
    outer loop
      vertex -26.7278 -106.703 15.01
      vertex -21.8682 -87.3028 15.01
      vertex -26.1256 -86.1246 15.01
    endloop
  endfacet
  facet normal 0 0 1
    outer loop
      vertex -21.8682 -87.3028 15.01
      vertex -26.7278 -106.703 15.01
      vertex -21.4599 -107.886 15.01
    endloop
  endfacet
  facet normal 0 0 1
    outer loop
      vertex -31.9313 -105.263 15.01
      vertex -26.1256 -86.1246 15.01
      vertex -30.3201 -84.739 15.01
    endloop
  endfacet
  facet normal 0 0 1
    outer loop
      vertex -26.1256 -86.1246 15.01
      vertex -31.9313 -105.263 15.01
      vertex -26.7278 -106.703 15.01
    endloop
  endfacet
  facet normal 0 0 1
    outer loop
      vertex -37.0579 -103.57 15.01
      vertex -30.3201 -84.739 15.01
      vertex -34.4415 -83.1492 15.01
    endloop
  endfacet
  facet normal 0 0 1
    outer loop
      vertex -30.3201 -84.739 15.01
      vertex -37.0579 -103.57 15.01
      vertex -31.9313 -105.263 15.01
    endloop
  endfacet
  facet normal 0 0 1
    outer loop
      vertex -42.0952 -101.627 15.01
      vertex -34.4415 -83.1492 15.01
      vertex -38.48 -81.359 15.01
    endloop
  endfacet
  facet normal 0 0 1
    outer loop
      vertex -34.4415 -83.1492 15.01
      vertex -42.0952 -101.627 15.01
      vertex -37.0579 -103.57 15.01
    endloop
  endfacet
  facet normal 0 0 1
    outer loop
      vertex -47.0311 -99.4388 15.01
      vertex -38.48 -81.359 15.01
      vertex -42.4257 -79.3729 15.01
    endloop
  endfacet
  facet normal 0 0 1
    outer loop
      vertex -51.8536 -97.0113 15.01
      vertex -42.4257 -79.3729 15.01
      vertex -46.2692 -77.1956 15.01
    endloop
  endfacet
  facet normal 0 0 1
    outer loop
      vertex -38.48 -81.359 15.01
      vertex -47.0311 -99.4388 15.01
      vertex -42.0952 -101.627 15.01
    endloop
  endfacet
  facet normal 0 0 1
    outer loop
      vertex -56.5513 -94.3501 15.01
      vertex -46.2692 -77.1956 15.01
      vertex -50.0013 -74.8323 15.01
    endloop
  endfacet
  facet normal 0 0 1
    outer loop
      vertex -42.4257 -79.3729 15.01
      vertex -51.8536 -97.0113 15.01
      vertex -47.0311 -99.4388 15.01
    endloop
  endfacet
  facet normal 0 0 1
    outer loop
      vertex -61.1127 -91.4617 15.01
      vertex -50.0013 -74.8323 15.01
      vertex -53.6129 -72.2887 15.01
    endloop
  endfacet
  facet normal 0 0 1
    outer loop
      vertex -46.2692 -77.1956 15.01
      vertex -56.5513 -94.3501 15.01
      vertex -51.8536 -97.0113 15.01
    endloop
  endfacet
  facet normal 0 0 1
    outer loop
      vertex -65.5269 -88.3528 15.01
      vertex -53.6129 -72.2887 15.01
      vertex -57.0954 -69.5709 15.01
    endloop
  endfacet
  facet normal 0 0 1
    outer loop
      vertex -69.7833 -85.0312 15.01
      vertex -57.0954 -69.5709 15.01
      vertex -60.4403 -66.6856 15.01
    endloop
  endfacet
  facet normal 0 0 1
    outer loop
      vertex -50.0013 -74.8323 15.01
      vertex -61.1127 -91.4617 15.01
      vertex -56.5513 -94.3501 15.01
    endloop
  endfacet
  facet normal 0 0 1
    outer loop
      vertex -73.8715 -81.5046 15.01
      vertex -60.4403 -66.6856 15.01
      vertex -63.6396 -63.6396 15.01
    endloop
  endfacet
  facet normal 0 0 1
    outer loop
      vertex -53.6129 -72.2887 15.01
      vertex -65.5269 -88.3528 15.01
      vertex -61.1127 -91.4617 15.01
    endloop
  endfacet
  facet normal 0 0 1
    outer loop
      vertex -77.7817 -77.7817 15.01
      vertex -63.6396 -63.6396 15.01
      vertex -66.6856 -60.4403 15.01
    endloop
  endfacet
  facet normal 0 0 1
    outer loop
      vertex -81.5046 -73.8715 15.01
      vertex -66.6856 -60.4403 15.01
      vertex -69.5709 -57.0954 15.01
    endloop
  endfacet
  facet normal 0 0 1
    outer loop
      vertex -57.0954 -69.5709 15.01
      vertex -69.7833 -85.0312 15.01
      vertex -65.5269 -88.3528 15.01
    endloop
  endfacet
  facet normal 0 0 1
    outer loop
      vertex -85.0312 -69.7833 15.01
      vertex -69.5709 -57.0954 15.01
      vertex -72.2887 -53.6129 15.01
    endloop
  endfacet
  facet normal 0 0 1
    outer loop
      vertex -60.4403 -66.6856 15.01
      vertex -73.8715 -81.5046 15.01
      vertex -69.7833 -85.0312 15.01
    endloop
  endfacet
  facet normal 0 0 1
    outer loop
      vertex -88.3528 -65.5269 15.01
      vertex -72.2887 -53.6129 15.01
      vertex -74.8323 -50.0013 15.01
    endloop
  endfacet
  facet normal 0 0 1
    outer loop
      vertex -91.4617 -61.1127 15.01
      vertex -74.8323 -50.0013 15.01
      vertex -77.1956 -46.2692 15.01
    endloop
  endfacet
  facet normal 0 0 1
    outer loop
      vertex -63.6396 -63.6396 15.01
      vertex -77.7817 -77.7817 15.01
      vertex -73.8715 -81.5046 15.01
    endloop
  endfacet
  facet normal 0 0 1
    outer loop
      vertex -94.3501 -56.5513 15.01
      vertex -77.1956 -46.2692 15.01
      vertex -79.3729 -42.4257 15.01
    endloop
  endfacet
  facet normal 0 0 1
    outer loop
      vertex -97.0113 -51.8536 15.01
      vertex -79.3729 -42.4257 15.01
      vertex -81.359 -38.48 15.01
    endloop
  endfacet
  facet normal 0 0 1
    outer loop
      vertex -66.6856 -60.4403 15.01
      vertex -81.5046 -73.8715 15.01
      vertex -77.7817 -77.7817 15.01
    endloop
  endfacet
  facet normal 0 0 1
    outer loop
      vertex -99.4388 -47.0311 15.01
      vertex -81.359 -38.48 15.01
      vertex -83.1492 -34.4415 15.01
    endloop
  endfacet
  facet normal 0 0 1
    outer loop
      vertex -101.627 -42.0952 15.01
      vertex -83.1492 -34.4415 15.01
      vertex -84.739 -30.3201 15.01
    endloop
  endfacet
  facet normal 0 0 1
    outer loop
      vertex -69.5709 -57.0954 15.01
      vertex -85.0312 -69.7833 15.01
      vertex -81.5046 -73.8715 15.01
    endloop
  endfacet
  facet normal 0 0 1
    outer loop
      vertex -103.57 -37.0579 15.01
      vertex -84.739 -30.3201 15.01
      vertex -86.1246 -26.1256 15.01
    endloop
  endfacet
  facet normal 0 0 1
    outer loop
      vertex -105.263 -31.9313 15.01
      vertex -86.1246 -26.1256 15.01
      vertex -87.3028 -21.8682 15.01
    endloop
  endfacet
  facet normal 0 0 1
    outer loop
      vertex -106.703 -26.7278 15.01
      vertex -87.3028 -21.8682 15.01
      vertex -88.2707 -17.5581 15.01
    endloop
  endfacet
  facet normal 0 0 1
    outer loop
      vertex -72.2887 -53.6129 15.01
      vertex -88.3528 -65.5269 15.01
      vertex -85.0312 -69.7833 15.01
    endloop
  endfacet
  facet normal 0 0 1
    outer loop
      vertex -107.886 -21.4599 15.01
      vertex -88.2707 -17.5581 15.01
      vertex -89.0259 -13.2057 15.01
    endloop
  endfacet
  facet normal 0 0 1
    outer loop
      vertex -108.809 -16.1404 15.01
      vertex -89.0259 -13.2057 15.01
      vertex -89.5666 -8.82154 15.01
    endloop
  endfacet
  facet normal 0 0 1
    outer loop
      vertex -109.47 -10.7819 15.01
      vertex -89.5666 -8.82154 15.01
      vertex -89.8916 -4.41609 15.01
    endloop
  endfacet
  facet normal 0 0 1
    outer loop
      vertex -74.8323 -50.0013 15.01
      vertex -91.4617 -61.1127 15.01
      vertex -88.3528 -65.5269 15.01
    endloop
  endfacet
  facet normal 0 0 1
    outer loop
      vertex -109.868 -5.39744 15.01
      vertex -89.8916 -4.41609 15.01
      vertex -90 0 15.01
    endloop
  endfacet
  facet normal 0 0 1
    outer loop
      vertex -86.1246 26.1256 15.01
      vertex -105.263 31.9313 15.01
      vertex -87.3028 21.8682 15.01
    endloop
  endfacet
  facet normal -0 0 1
    outer loop
      vertex -106.703 26.7278 15.01
      vertex -87.3028 21.8682 15.01
      vertex -105.263 31.9313 15.01
    endloop
  endfacet
  facet normal 0 0 1
    outer loop
      vertex -77.1956 -46.2692 15.01
      vertex -94.3501 -56.5513 15.01
      vertex -91.4617 -61.1127 15.01
    endloop
  endfacet
  facet normal 0 0 1
    outer loop
      vertex -87.3028 21.8682 15.01
      vertex -106.703 26.7278 15.01
      vertex -88.2707 17.5581 15.01
    endloop
  endfacet
  facet normal 0 0 1
    outer loop
      vertex -79.3729 -42.4257 15.01
      vertex -97.0113 -51.8536 15.01
      vertex -94.3501 -56.5513 15.01
    endloop
  endfacet
  facet normal -0 0 1
    outer loop
      vertex -107.886 21.4599 15.01
      vertex -88.2707 17.5581 15.01
      vertex -106.703 26.7278 15.01
    endloop
  endfacet
  facet normal 0 0 1
    outer loop
      vertex -81.359 -38.48 15.01
      vertex -99.4388 -47.0311 15.01
      vertex -97.0113 -51.8536 15.01
    endloop
  endfacet
  facet normal 0 0 1
    outer loop
      vertex -88.2707 17.5581 15.01
      vertex -107.886 21.4599 15.01
      vertex -89.0259 13.2057 15.01
    endloop
  endfacet
  facet normal 0 0 1
    outer loop
      vertex -83.1492 -34.4415 15.01
      vertex -101.627 -42.0952 15.01
      vertex -99.4388 -47.0311 15.01
    endloop
  endfacet
  facet normal -0 0 1
    outer loop
      vertex -108.809 16.1404 15.01
      vertex -89.0259 13.2057 15.01
      vertex -107.886 21.4599 15.01
    endloop
  endfacet
  facet normal 0 0 1
    outer loop
      vertex -84.739 -30.3201 15.01
      vertex -103.57 -37.0579 15.01
      vertex -101.627 -42.0952 15.01
    endloop
  endfacet
  facet normal 0 0 1
    outer loop
      vertex -89.0259 13.2057 15.01
      vertex -108.809 16.1404 15.01
      vertex -89.5666 8.82154 15.01
    endloop
  endfacet
  facet normal 0 0 1
    outer loop
      vertex -86.1246 -26.1256 15.01
      vertex -105.263 -31.9313 15.01
      vertex -103.57 -37.0579 15.01
    endloop
  endfacet
  facet normal -0 0 1
    outer loop
      vertex -109.47 10.7819 15.01
      vertex -89.5666 8.82154 15.01
      vertex -108.809 16.1404 15.01
    endloop
  endfacet
  facet normal 0 0 1
    outer loop
      vertex -87.3028 -21.8682 15.01
      vertex -106.703 -26.7278 15.01
      vertex -105.263 -31.9313 15.01
    endloop
  endfacet
  facet normal 0 0 1
    outer loop
      vertex -89.5666 8.82154 15.01
      vertex -109.47 10.7819 15.01
      vertex -89.8916 4.41609 15.01
    endloop
  endfacet
  facet normal 0 0 1
    outer loop
      vertex -88.2707 -17.5581 15.01
      vertex -107.886 -21.4599 15.01
      vertex -106.703 -26.7278 15.01
    endloop
  endfacet
  facet normal -0 0 1
    outer loop
      vertex -109.868 5.39744 15.01
      vertex -89.8916 4.41609 15.01
      vertex -109.47 10.7819 15.01
    endloop
  endfacet
  facet normal 0 0 1
    outer loop
      vertex -89.0259 -13.2057 15.01
      vertex -108.809 -16.1404 15.01
      vertex -107.886 -21.4599 15.01
    endloop
  endfacet
  facet normal 0 0 1
    outer loop
      vertex -89.8916 4.41609 15.01
      vertex -109.868 5.39744 15.01
      vertex -90 0 15.01
    endloop
  endfacet
  facet normal 0 0 1
    outer loop
      vertex -89.5666 -8.82154 15.01
      vertex -109.47 -10.7819 15.01
      vertex -108.809 -16.1404 15.01
    endloop
  endfacet
  facet normal 0 0 1
    outer loop
      vertex -110 0 15.01
      vertex -90 0 15.01
      vertex -109.868 5.39744 15.01
    endloop
  endfacet
  facet normal 0 0 1
    outer loop
      vertex -89.8916 -4.41609 15.01
      vertex -109.868 -5.39744 15.01
      vertex -109.47 -10.7819 15.01
    endloop
  endfacet
  facet normal 0 0 1
    outer loop
      vertex -90 0 15.01
      vertex -110 0 15.01
      vertex -109.868 -5.39744 15.01
    endloop
  endfacet
  facet normal 0.266712 0.963776 -0
    outer loop
      vertex 31.9313 105.263 0
      vertex 26.7278 106.703 15.01
      vertex 31.9313 105.263 15.01
    endloop
  endfacet
  facet normal 0.266712 0.963776 0
    outer loop
      vertex 26.7278 106.703 15.01
      vertex 31.9313 105.263 0
      vertex 26.7278 106.703 0
    endloop
  endfacet
  facet normal -0.689548 0.72424 0
    outer loop
      vertex -73.8715 81.5046 0
      vertex -77.7817 77.7817 15.01
      vertex -73.8715 81.5046 15.01
    endloop
  endfacet
  facet normal -0.689548 0.72424 0
    outer loop
      vertex -77.7817 77.7817 15.01
      vertex -73.8715 81.5046 0
      vertex -77.7817 77.7817 0
    endloop
  endfacet
  facet normal -0.84486 -0.534988 0
    outer loop
      vertex -91.4617 -61.1127 0
      vertex -94.3501 -56.5513 15.01
      vertex -94.3501 -56.5513 0
    endloop
  endfacet
  facet normal -0.84486 -0.534988 0
    outer loop
      vertex -94.3501 -56.5513 15.01
      vertex -91.4617 -61.1127 0
      vertex -91.4617 -61.1127 15.01
    endloop
  endfacet
  facet normal 0.359879 0.932999 -0
    outer loop
      vertex 42.0952 101.627 0
      vertex 37.0579 103.57 15.01
      vertex 42.0952 101.627 15.01
    endloop
  endfacet
  facet normal 0.359879 0.932999 0
    outer loop
      vertex 37.0579 103.57 15.01
      vertex 42.0952 101.627 0
      vertex 37.0579 103.57 0
    endloop
  endfacet
  facet normal -0.999701 -0.0244487 0
    outer loop
      vertex -109.868 -5.39744 0
      vertex -110 0 15.01
      vertex -110 0 0
    endloop
  endfacet
  facet normal -0.999701 -0.0244487 0
    outer loop
      vertex -110 0 15.01
      vertex -109.868 -5.39744 0
      vertex -109.868 -5.39744 15.01
    endloop
  endfacet
  facet normal 0.44962 -0.89322 0
    outer loop
      vertex 47.0311 -99.4388 0
      vertex 51.8536 -97.0113 15.01
      vertex 47.0311 -99.4388 15.01
    endloop
  endfacet
  facet normal 0.44962 -0.89322 0
    outer loop
      vertex 51.8536 -97.0113 15.01
      vertex 47.0311 -99.4388 0
      vertex 51.8536 -97.0113 0
    endloop
  endfacet
  facet normal 0.7572 0.653183 0
    outer loop
      vertex 85.0312 69.7833 15.01
      vertex 81.5046 73.8715 0
      vertex 81.5046 73.8715 15.01
    endloop
  endfacet
  facet normal 0.7572 0.653183 0
    outer loop
      vertex 81.5046 73.8715 0
      vertex 85.0312 69.7833 15.01
      vertex 85.0312 69.7833 0
    endloop
  endfacet
  facet normal -0.84486 0.534988 0
    outer loop
      vertex -94.3501 56.5513 0
      vertex -91.4617 61.1127 15.01
      vertex -91.4617 61.1127 0
    endloop
  endfacet
  facet normal -0.84486 0.534988 0
    outer loop
      vertex -91.4617 61.1127 15.01
      vertex -94.3501 56.5513 0
      vertex -94.3501 56.5513 15.01
    endloop
  endfacet
  facet normal -0.914192 0.405282 0
    outer loop
      vertex -101.627 42.0952 0
      vertex -99.4388 47.0311 15.01
      vertex -99.4388 47.0311 0
    endloop
  endfacet
  facet normal -0.914192 0.405282 0
    outer loop
      vertex -99.4388 47.0311 15.01
      vertex -101.627 42.0952 0
      vertex -101.627 42.0952 15.01
    endloop
  endfacet
  facet normal 0.575817 -0.817579 0
    outer loop
      vertex 61.1127 -91.4617 0
      vertex 65.5269 -88.3528 15.01
      vertex 61.1127 -91.4617 15.01
    endloop
  endfacet
  facet normal 0.575817 -0.817579 0
    outer loop
      vertex 65.5269 -88.3528 15.01
      vertex 61.1127 -91.4617 0
      vertex 65.5269 -88.3528 0
    endloop
  endfacet
  facet normal -0.985278 -0.170958 0
    outer loop
      vertex -107.886 -21.4599 0
      vertex -108.809 -16.1404 15.01
      vertex -108.809 -16.1404 0
    endloop
  endfacet
  facet normal -0.985278 -0.170958 0
    outer loop
      vertex -108.809 -16.1404 15.01
      vertex -107.886 -21.4599 0
      vertex -107.886 -21.4599 15.01
    endloop
  endfacet
  facet normal -0.492896 -0.870088 0
    outer loop
      vertex -56.5513 -94.3501 0
      vertex -51.8536 -97.0113 15.01
      vertex -56.5513 -94.3501 15.01
    endloop
  endfacet
  facet normal -0.492896 -0.870088 -0
    outer loop
      vertex -51.8536 -97.0113 15.01
      vertex -56.5513 -94.3501 0
      vertex -51.8536 -97.0113 0
    endloop
  endfacet
  facet normal -0.0737153 -0.997279 0
    outer loop
      vertex -10.7819 -109.47 0
      vertex -5.39744 -109.868 15.01
      vertex -10.7819 -109.47 15.01
    endloop
  endfacet
  facet normal -0.0737153 -0.997279 -0
    outer loop
      vertex -5.39744 -109.868 15.01
      vertex -10.7819 -109.47 0
      vertex -5.39744 -109.868 0
    endloop
  endfacet
  facet normal -0.963776 0.266712 0
    outer loop
      vertex -106.703 26.7278 0
      vertex -105.263 31.9313 15.01
      vertex -105.263 31.9313 0
    endloop
  endfacet
  facet normal -0.963776 0.266712 0
    outer loop
      vertex -105.263 31.9313 15.01
      vertex -106.703 26.7278 0
      vertex -106.703 26.7278 15.01
    endloop
  endfacet
  facet normal -0.9757 -0.219111 0
    outer loop
      vertex -106.703 -26.7278 0
      vertex -107.886 -21.4599 15.01
      vertex -107.886 -21.4599 0
    endloop
  endfacet
  facet normal -0.9757 -0.219111 0
    outer loop
      vertex -107.886 -21.4599 15.01
      vertex -106.703 -26.7278 0
      vertex -106.703 -26.7278 15.01
    endloop
  endfacet
  facet normal 0.870088 -0.492896 0
    outer loop
      vertex 94.3501 -56.5513 15.01
      vertex 97.0113 -51.8536 0
      vertex 97.0113 -51.8536 15.01
    endloop
  endfacet
  facet normal 0.870088 -0.492896 0
    outer loop
      vertex 97.0113 -51.8536 0
      vertex 94.3501 -56.5513 15.01
      vertex 94.3501 -56.5513 0
    endloop
  endfacet
  facet normal 0.985278 -0.170958 0
    outer loop
      vertex 107.886 -21.4599 15.01
      vertex 108.809 -16.1404 0
      vertex 108.809 -16.1404 15.01
    endloop
  endfacet
  facet normal 0.985278 -0.170958 0
    outer loop
      vertex 108.809 -16.1404 0
      vertex 107.886 -21.4599 15.01
      vertex 107.886 -21.4599 0
    endloop
  endfacet
  facet normal -0.615217 -0.788358 0
    outer loop
      vertex -69.7833 -85.0312 0
      vertex -65.5269 -88.3528 15.01
      vertex -69.7833 -85.0312 15.01
    endloop
  endfacet
  facet normal -0.615217 -0.788358 -0
    outer loop
      vertex -65.5269 -88.3528 15.01
      vertex -69.7833 -85.0312 0
      vertex -65.5269 -88.3528 0
    endloop
  endfacet
  facet normal -0.7572 0.653183 0
    outer loop
      vertex -85.0312 69.7833 0
      vertex -81.5046 73.8715 15.01
      vertex -81.5046 73.8715 0
    endloop
  endfacet
  facet normal -0.7572 0.653183 0
    outer loop
      vertex -81.5046 73.8715 15.01
      vertex -85.0312 69.7833 0
      vertex -85.0312 69.7833 15.01
    endloop
  endfacet
  facet normal -0.313582 -0.949561 0
    outer loop
      vertex -37.0579 -103.57 0
      vertex -31.9313 -105.263 15.01
      vertex -37.0579 -103.57 15.01
    endloop
  endfacet
  facet normal -0.313582 -0.949561 -0
    outer loop
      vertex -31.9313 -105.263 15.01
      vertex -37.0579 -103.57 0
      vertex -31.9313 -105.263 0
    endloop
  endfacet
  facet normal -0.219111 -0.9757 0
    outer loop
      vertex -26.7278 -106.703 0
      vertex -21.4599 -107.886 15.01
      vertex -26.7278 -106.703 15.01
    endloop
  endfacet
  facet normal -0.219111 -0.9757 -0
    outer loop
      vertex -21.4599 -107.886 15.01
      vertex -26.7278 -106.703 0
      vertex -21.4599 -107.886 0
    endloop
  endfacet
  facet normal -0.997279 0.0737153 0
    outer loop
      vertex -109.868 5.39744 0
      vertex -109.47 10.7819 15.01
      vertex -109.47 10.7819 0
    endloop
  endfacet
  facet normal -0.997279 0.0737153 0
    outer loop
      vertex -109.47 10.7819 15.01
      vertex -109.868 5.39744 0
      vertex -109.868 5.39744 15.01
    endloop
  endfacet
  facet normal -0.985278 0.170958 0
    outer loop
      vertex -108.809 16.1404 0
      vertex -107.886 21.4599 15.01
      vertex -107.886 21.4599 0
    endloop
  endfacet
  facet normal -0.985278 0.170958 0
    outer loop
      vertex -107.886 21.4599 15.01
      vertex -108.809 16.1404 0
      vertex -108.809 16.1404 15.01
    endloop
  endfacet
  facet normal 0.313582 -0.949561 0
    outer loop
      vertex 31.9313 -105.263 0
      vertex 37.0579 -103.57 15.01
      vertex 31.9313 -105.263 15.01
    endloop
  endfacet
  facet normal 0.313582 -0.949561 0
    outer loop
      vertex 37.0579 -103.57 15.01
      vertex 31.9313 -105.263 0
      vertex 37.0579 -103.57 0
    endloop
  endfacet
  facet normal -0.266712 0.963776 0
    outer loop
      vertex -26.7278 106.703 0
      vertex -31.9313 105.263 15.01
      vertex -26.7278 106.703 15.01
    endloop
  endfacet
  facet normal -0.266712 0.963776 0
    outer loop
      vertex -31.9313 105.263 15.01
      vertex -26.7278 106.703 0
      vertex -31.9313 105.263 0
    endloop
  endfacet
  facet normal -0.788358 -0.615217 0
    outer loop
      vertex -85.0312 -69.7833 0
      vertex -88.3528 -65.5269 15.01
      vertex -88.3528 -65.5269 0
    endloop
  endfacet
  facet normal -0.788358 -0.615217 0
    outer loop
      vertex -88.3528 -65.5269 15.01
      vertex -85.0312 -69.7833 0
      vertex -85.0312 -69.7833 15.01
    endloop
  endfacet
  facet normal -0.963776 -0.266712 0
    outer loop
      vertex -105.263 -31.9313 0
      vertex -106.703 -26.7278 15.01
      vertex -106.703 -26.7278 0
    endloop
  endfacet
  facet normal -0.963776 -0.266712 0
    outer loop
      vertex -106.703 -26.7278 15.01
      vertex -105.263 -31.9313 0
      vertex -105.263 -31.9313 15.01
    endloop
  endfacet
  facet normal -0.44962 -0.89322 0
    outer loop
      vertex -51.8536 -97.0113 0
      vertex -47.0311 -99.4388 15.01
      vertex -51.8536 -97.0113 15.01
    endloop
  endfacet
  facet normal -0.44962 -0.89322 -0
    outer loop
      vertex -47.0311 -99.4388 15.01
      vertex -51.8536 -97.0113 0
      vertex -47.0311 -99.4388 0
    endloop
  endfacet
  facet normal -0.788358 0.615217 0
    outer loop
      vertex -88.3528 65.5269 0
      vertex -85.0312 69.7833 15.01
      vertex -85.0312 69.7833 0
    endloop
  endfacet
  facet normal -0.788358 0.615217 0
    outer loop
      vertex -85.0312 69.7833 15.01
      vertex -88.3528 65.5269 0
      vertex -88.3528 65.5269 15.01
    endloop
  endfacet
  facet normal -0.870088 0.492896 0
    outer loop
      vertex -97.0113 51.8536 0
      vertex -94.3501 56.5513 15.01
      vertex -94.3501 56.5513 0
    endloop
  endfacet
  facet normal -0.870088 0.492896 0
    outer loop
      vertex -94.3501 56.5513 15.01
      vertex -97.0113 51.8536 0
      vertex -97.0113 51.8536 15.01
    endloop
  endfacet
  facet normal -0.405282 0.914192 0
    outer loop
      vertex -42.0952 101.627 0
      vertex -47.0311 99.4388 15.01
      vertex -42.0952 101.627 15.01
    endloop
  endfacet
  facet normal -0.405282 0.914192 0
    outer loop
      vertex -47.0311 99.4388 15.01
      vertex -42.0952 101.627 0
      vertex -47.0311 99.4388 0
    endloop
  endfacet
  facet normal -0.575817 -0.817579 0
    outer loop
      vertex -65.5269 -88.3528 0
      vertex -61.1127 -91.4617 15.01
      vertex -65.5269 -88.3528 15.01
    endloop
  endfacet
  facet normal -0.575817 -0.817579 -0
    outer loop
      vertex -61.1127 -91.4617 15.01
      vertex -65.5269 -88.3528 0
      vertex -61.1127 -91.4617 0
    endloop
  endfacet
  facet normal -0.534988 -0.84486 0
    outer loop
      vertex -61.1127 -91.4617 0
      vertex -56.5513 -94.3501 15.01
      vertex -61.1127 -91.4617 15.01
    endloop
  endfacet
  facet normal -0.534988 -0.84486 -0
    outer loop
      vertex -56.5513 -94.3501 15.01
      vertex -61.1127 -91.4617 0
      vertex -56.5513 -94.3501 0
    endloop
  endfacet
  facet normal 0.99729 0.0735723 0
    outer loop
      vertex 89.8916 4.41609 30.01
      vertex 89.5666 8.82154 15.01
      vertex 89.5666 8.82154 30.01
    endloop
  endfacet
  facet normal 0.99729 0.0735723 0
    outer loop
      vertex 89.5666 8.82154 15.01
      vertex 89.8916 4.41609 30.01
      vertex 89.8916 4.41609 15.01
    endloop
  endfacet
  facet normal 0.999699 0.0245392 0
    outer loop
      vertex 90 0 30.01
      vertex 89.8916 4.41609 15.01
      vertex 89.8916 4.41609 30.01
    endloop
  endfacet
  facet normal 0.999699 0.0245392 0
    outer loop
      vertex 89.8916 4.41609 15.01
      vertex 90 0 30.01
      vertex 90 0 15.01
    endloop
  endfacet
  facet normal 0.99248 0.122403 0
    outer loop
      vertex 89.5666 8.82154 30.01
      vertex 89.0259 13.2057 15.01
      vertex 89.0259 13.2057 30.01
    endloop
  endfacet
  facet normal 0.99248 0.122403 0
    outer loop
      vertex 89.0259 13.2057 15.01
      vertex 89.5666 8.82154 30.01
      vertex 89.5666 8.82154 15.01
    endloop
  endfacet
  facet normal -0.99248 -0.122403 0
    outer loop
      vertex -89.0259 -13.2057 15.01
      vertex -89.5666 -8.82154 30.01
      vertex -89.5666 -8.82154 15.01
    endloop
  endfacet
  facet normal -0.99248 -0.122403 0
    outer loop
      vertex -89.5666 -8.82154 30.01
      vertex -89.0259 -13.2057 15.01
      vertex -89.0259 -13.2057 30.01
    endloop
  endfacet
  facet normal -0.0735723 0.99729 0
    outer loop
      vertex -4.41609 89.8916 15.01
      vertex -8.82154 89.5666 30.01
      vertex -4.41609 89.8916 30.01
    endloop
  endfacet
  facet normal -0.0735723 0.99729 0
    outer loop
      vertex -8.82154 89.5666 30.01
      vertex -4.41609 89.8916 15.01
      vertex -8.82154 89.5666 15.01
    endloop
  endfacet
  facet normal -0.99248 0.122403 0
    outer loop
      vertex -89.5666 8.82154 15.01
      vertex -89.0259 13.2057 30.01
      vertex -89.0259 13.2057 15.01
    endloop
  endfacet
  facet normal -0.99248 0.122403 0
    outer loop
      vertex -89.0259 13.2057 30.01
      vertex -89.5666 8.82154 15.01
      vertex -89.5666 8.82154 30.01
    endloop
  endfacet
  facet normal 0.0735723 -0.99729 0
    outer loop
      vertex 4.41609 -89.8916 15.01
      vertex 8.82154 -89.5666 30.01
      vertex 4.41609 -89.8916 30.01
    endloop
  endfacet
  facet normal 0.0735723 -0.99729 0
    outer loop
      vertex 8.82154 -89.5666 30.01
      vertex 4.41609 -89.8916 15.01
      vertex 8.82154 -89.5666 15.01
    endloop
  endfacet
  facet normal 0.122403 0.99248 -0
    outer loop
      vertex 13.2057 89.0259 15.01
      vertex 8.82154 89.5666 30.01
      vertex 13.2057 89.0259 30.01
    endloop
  endfacet
  facet normal 0.122403 0.99248 0
    outer loop
      vertex 8.82154 89.5666 30.01
      vertex 13.2057 89.0259 15.01
      vertex 8.82154 89.5666 15.01
    endloop
  endfacet
  facet normal 0.932993 -0.359895 0
    outer loop
      vertex 83.1492 -34.4415 30.01
      vertex 84.739 -30.3201 15.01
      vertex 84.739 -30.3201 30.01
    endloop
  endfacet
  facet normal 0.932993 -0.359895 0
    outer loop
      vertex 84.739 -30.3201 15.01
      vertex 83.1492 -34.4415 30.01
      vertex 83.1492 -34.4415 15.01
    endloop
  endfacet
  facet normal -0.757212 -0.653169 0
    outer loop
      vertex -66.6856 -60.4403 15.01
      vertex -69.5709 -57.0954 30.01
      vertex -69.5709 -57.0954 15.01
    endloop
  endfacet
  facet normal -0.757212 -0.653169 0
    outer loop
      vertex -69.5709 -57.0954 30.01
      vertex -66.6856 -60.4403 15.01
      vertex -66.6856 -60.4403 30.01
    endloop
  endfacet
  facet normal -0.870089 -0.492895 0
    outer loop
      vertex -77.1956 -46.2692 15.01
      vertex -79.3729 -42.4257 30.01
      vertex -79.3729 -42.4257 15.01
    endloop
  endfacet
  facet normal -0.870089 -0.492895 0
    outer loop
      vertex -79.3729 -42.4257 30.01
      vertex -77.1956 -46.2692 15.01
      vertex -77.1956 -46.2692 30.01
    endloop
  endfacet
  facet normal 0.405252 0.914205 -0
    outer loop
      vertex 38.48 81.359 15.01
      vertex 34.4415 83.1492 30.01
      vertex 38.48 81.359 30.01
    endloop
  endfacet
  facet normal 0.405252 0.914205 0
    outer loop
      vertex 34.4415 83.1492 30.01
      vertex 38.48 81.359 15.01
      vertex 34.4415 83.1492 15.01
    endloop
  endfacet
  facet normal 0.724246 0.689542 0
    outer loop
      vertex 66.6856 60.4403 30.01
      vertex 63.6396 63.6396 15.01
      vertex 63.6396 63.6396 30.01
    endloop
  endfacet
  facet normal 0.724246 0.689542 0
    outer loop
      vertex 63.6396 63.6396 15.01
      vertex 66.6856 60.4403 30.01
      vertex 66.6856 60.4403 15.01
    endloop
  endfacet
  facet normal 0.963775 -0.266717 0
    outer loop
      vertex 86.1246 -26.1256 30.01
      vertex 87.3028 -21.8682 15.01
      vertex 87.3028 -21.8682 30.01
    endloop
  endfacet
  facet normal 0.963775 -0.266717 0
    outer loop
      vertex 87.3028 -21.8682 15.01
      vertex 86.1246 -26.1256 30.01
      vertex 86.1246 -26.1256 15.01
    endloop
  endfacet
  facet normal 0.689542 0.724246 -0
    outer loop
      vertex 63.6396 63.6396 15.01
      vertex 60.4403 66.6856 30.01
      vertex 63.6396 63.6396 30.01
    endloop
  endfacet
  facet normal 0.689542 0.724246 0
    outer loop
      vertex 60.4403 66.6856 30.01
      vertex 63.6396 63.6396 15.01
      vertex 60.4403 66.6856 15.01
    endloop
  endfacet
  facet normal 0.757212 -0.653169 0
    outer loop
      vertex 66.6856 -60.4403 30.01
      vertex 69.5709 -57.0954 15.01
      vertex 69.5709 -57.0954 30.01
    endloop
  endfacet
  facet normal 0.757212 -0.653169 0
    outer loop
      vertex 69.5709 -57.0954 15.01
      vertex 66.6856 -60.4403 30.01
      vertex 66.6856 -60.4403 15.01
    endloop
  endfacet
  facet normal 0.870089 -0.492895 0
    outer loop
      vertex 77.1956 -46.2692 30.01
      vertex 79.3729 -42.4257 15.01
      vertex 79.3729 -42.4257 30.01
    endloop
  endfacet
  facet normal 0.870089 -0.492895 0
    outer loop
      vertex 79.3729 -42.4257 15.01
      vertex 77.1956 -46.2692 30.01
      vertex 77.1956 -46.2692 15.01
    endloop
  endfacet
  facet normal -0.932993 0.359895 0
    outer loop
      vertex -84.739 30.3201 15.01
      vertex -83.1492 34.4415 30.01
      vertex -83.1492 34.4415 15.01
    endloop
  endfacet
  facet normal -0.932993 0.359895 0
    outer loop
      vertex -83.1492 34.4415 30.01
      vertex -84.739 30.3201 15.01
      vertex -84.739 30.3201 30.01
    endloop
  endfacet
  facet normal 0.949533 0.313666 0
    outer loop
      vertex 86.1246 26.1256 30.01
      vertex 84.739 30.3201 15.01
      vertex 84.739 30.3201 30.01
    endloop
  endfacet
  facet normal 0.949533 0.313666 0
    outer loop
      vertex 84.739 30.3201 15.01
      vertex 86.1246 26.1256 30.01
      vertex 86.1246 26.1256 15.01
    endloop
  endfacet
  facet normal 0.575812 0.817582 -0
    outer loop
      vertex 53.6129 72.2887 15.01
      vertex 50.0013 74.8323 30.01
      vertex 53.6129 72.2887 30.01
    endloop
  endfacet
  facet normal 0.575812 0.817582 0
    outer loop
      vertex 50.0013 74.8323 30.01
      vertex 53.6129 72.2887 15.01
      vertex 50.0013 74.8323 15.01
    endloop
  endfacet
  facet normal 0.963775 0.266717 0
    outer loop
      vertex 87.3028 21.8682 30.01
      vertex 86.1246 26.1256 15.01
      vertex 86.1246 26.1256 30.01
    endloop
  endfacet
  facet normal 0.963775 0.266717 0
    outer loop
      vertex 86.1246 26.1256 15.01
      vertex 87.3028 21.8682 30.01
      vertex 87.3028 21.8682 15.01
    endloop
  endfacet
  facet normal 0.949533 -0.313666 0
    outer loop
      vertex 84.739 -30.3201 30.01
      vertex 86.1246 -26.1256 15.01
      vertex 86.1246 -26.1256 30.01
    endloop
  endfacet
  facet normal 0.949533 -0.313666 0
    outer loop
      vertex 86.1246 -26.1256 15.01
      vertex 84.739 -30.3201 30.01
      vertex 84.739 -30.3201 15.01
    endloop
  endfacet
  facet normal -0.689542 0.724246 0
    outer loop
      vertex -60.4403 66.6856 15.01
      vertex -63.6396 63.6396 30.01
      vertex -60.4403 66.6856 30.01
    endloop
  endfacet
  facet normal -0.689542 0.724246 0
    outer loop
      vertex -63.6396 63.6396 30.01
      vertex -60.4403 66.6856 15.01
      vertex -63.6396 63.6396 15.01
    endloop
  endfacet
  facet normal -0.757212 0.653169 0
    outer loop
      vertex -69.5709 57.0954 15.01
      vertex -66.6856 60.4403 30.01
      vertex -66.6856 60.4403 15.01
    endloop
  endfacet
  facet normal -0.757212 0.653169 0
    outer loop
      vertex -66.6856 60.4403 30.01
      vertex -69.5709 57.0954 15.01
      vertex -69.5709 57.0954 30.01
    endloop
  endfacet
  facet normal 0.724246 -0.689542 0
    outer loop
      vertex 63.6396 -63.6396 30.01
      vertex 66.6856 -60.4403 15.01
      vertex 66.6856 -60.4403 30.01
    endloop
  endfacet
  facet normal 0.724246 -0.689542 0
    outer loop
      vertex 66.6856 -60.4403 15.01
      vertex 63.6396 -63.6396 30.01
      vertex 63.6396 -63.6396 15.01
    endloop
  endfacet
  facet normal -0.817582 0.575812 0
    outer loop
      vertex -74.8323 50.0013 15.01
      vertex -72.2887 53.6129 30.01
      vertex -72.2887 53.6129 15.01
    endloop
  endfacet
  facet normal -0.817582 0.575812 0
    outer loop
      vertex -72.2887 53.6129 30.01
      vertex -74.8323 50.0013 15.01
      vertex -74.8323 50.0013 30.01
    endloop
  endfacet
  facet normal 0.170959 0.985278 -0
    outer loop
      vertex 17.5581 88.2707 15.01
      vertex 13.2057 89.0259 30.01
      vertex 17.5581 88.2707 30.01
    endloop
  endfacet
  facet normal 0.170959 0.985278 0
    outer loop
      vertex 13.2057 89.0259 30.01
      vertex 17.5581 88.2707 15.01
      vertex 13.2057 89.0259 15.01
    endloop
  endfacet
  facet normal 0.844856 0.534993 0
    outer loop
      vertex 77.1956 46.2692 30.01
      vertex 74.8323 50.0013 15.01
      vertex 74.8323 50.0013 30.01
    endloop
  endfacet
  facet normal 0.844856 0.534993 0
    outer loop
      vertex 74.8323 50.0013 15.01
      vertex 77.1956 46.2692 30.01
      vertex 77.1956 46.2692 15.01
    endloop
  endfacet
  facet normal -0.266717 -0.963775 0
    outer loop
      vertex -26.1256 -86.1246 15.01
      vertex -21.8682 -87.3028 30.01
      vertex -26.1256 -86.1246 30.01
    endloop
  endfacet
  facet normal -0.266717 -0.963775 -0
    outer loop
      vertex -21.8682 -87.3028 30.01
      vertex -26.1256 -86.1246 15.01
      vertex -21.8682 -87.3028 15.01
    endloop
  endfacet
  facet normal -0.615236 0.788343 0
    outer loop
      vertex -53.6129 72.2887 15.01
      vertex -57.0954 69.5709 30.01
      vertex -53.6129 72.2887 30.01
    endloop
  endfacet
  facet normal -0.615236 0.788343 0
    outer loop
      vertex -57.0954 69.5709 30.01
      vertex -53.6129 72.2887 15.01
      vertex -57.0954 69.5709 15.01
    endloop
  endfacet
  facet normal 0.870089 0.492895 0
    outer loop
      vertex 79.3729 42.4257 30.01
      vertex 77.1956 46.2692 15.01
      vertex 77.1956 46.2692 30.01
    endloop
  endfacet
  facet normal 0.870089 0.492895 0
    outer loop
      vertex 77.1956 46.2692 15.01
      vertex 79.3729 42.4257 30.01
      vertex 79.3729 42.4257 15.01
    endloop
  endfacet
  facet normal 0.449612 0.893224 -0
    outer loop
      vertex 42.4257 79.3729 15.01
      vertex 38.48 81.359 30.01
      vertex 42.4257 79.3729 30.01
    endloop
  endfacet
  facet normal 0.449612 0.893224 0
    outer loop
      vertex 38.48 81.359 30.01
      vertex 42.4257 79.3729 15.01
      vertex 38.48 81.359 15.01
    endloop
  endfacet
  facet normal 0.219109 -0.9757 0
    outer loop
      vertex 17.5581 -88.2707 15.01
      vertex 21.8682 -87.3028 30.01
      vertex 17.5581 -88.2707 30.01
    endloop
  endfacet
  facet normal 0.219109 -0.9757 0
    outer loop
      vertex 21.8682 -87.3028 30.01
      vertex 17.5581 -88.2707 15.01
      vertex 21.8682 -87.3028 15.01
    endloop
  endfacet
  facet normal -0.219109 0.9757 0
    outer loop
      vertex -17.5581 88.2707 15.01
      vertex -21.8682 87.3028 30.01
      vertex -17.5581 88.2707 30.01
    endloop
  endfacet
  facet normal -0.219109 0.9757 0
    outer loop
      vertex -21.8682 87.3028 30.01
      vertex -17.5581 88.2707 15.01
      vertex -21.8682 87.3028 15.01
    endloop
  endfacet
  facet normal 0.615236 -0.788343 0
    outer loop
      vertex 53.6129 -72.2887 15.01
      vertex 57.0954 -69.5709 30.01
      vertex 53.6129 -72.2887 30.01
    endloop
  endfacet
  facet normal 0.615236 -0.788343 0
    outer loop
      vertex 57.0954 -69.5709 30.01
      vertex 53.6129 -72.2887 15.01
      vertex 57.0954 -69.5709 15.01
    endloop
  endfacet
  facet normal -0.122403 0.99248 0
    outer loop
      vertex -8.82154 89.5666 15.01
      vertex -13.2057 89.0259 30.01
      vertex -8.82154 89.5666 30.01
    endloop
  endfacet
  facet normal -0.122403 0.99248 0
    outer loop
      vertex -13.2057 89.0259 30.01
      vertex -8.82154 89.5666 15.01
      vertex -13.2057 89.0259 15.01
    endloop
  endfacet
  facet normal -0.914205 0.405252 0
    outer loop
      vertex -83.1492 34.4415 15.01
      vertex -81.359 38.48 30.01
      vertex -81.359 38.48 15.01
    endloop
  endfacet
  facet normal -0.914205 0.405252 0
    outer loop
      vertex -81.359 38.48 30.01
      vertex -83.1492 34.4415 15.01
      vertex -83.1492 34.4415 30.01
    endloop
  endfacet
  facet normal -0.653169 -0.757212 0
    outer loop
      vertex -60.4403 -66.6856 15.01
      vertex -57.0954 -69.5709 30.01
      vertex -60.4403 -66.6856 30.01
    endloop
  endfacet
  facet normal -0.653169 -0.757212 -0
    outer loop
      vertex -57.0954 -69.5709 30.01
      vertex -60.4403 -66.6856 15.01
      vertex -57.0954 -69.5709 15.01
    endloop
  endfacet
  facet normal -0.999699 -0.0245392 0
    outer loop
      vertex -89.8916 -4.41609 15.01
      vertex -90 0 30.01
      vertex -90 0 15.01
    endloop
  endfacet
  facet normal -0.999699 -0.0245392 0
    outer loop
      vertex -90 0 30.01
      vertex -89.8916 -4.41609 15.01
      vertex -89.8916 -4.41609 30.01
    endloop
  endfacet
  facet normal -0.170959 -0.985278 0
    outer loop
      vertex -17.5581 -88.2707 15.01
      vertex -13.2057 -89.0259 30.01
      vertex -17.5581 -88.2707 30.01
    endloop
  endfacet
  facet normal -0.170959 -0.985278 -0
    outer loop
      vertex -13.2057 -89.0259 30.01
      vertex -17.5581 -88.2707 15.01
      vertex -13.2057 -89.0259 15.01
    endloop
  endfacet
  facet normal 0.844856 -0.534993 0
    outer loop
      vertex 74.8323 -50.0013 30.01
      vertex 77.1956 -46.2692 15.01
      vertex 77.1956 -46.2692 30.01
    endloop
  endfacet
  facet normal 0.844856 -0.534993 0
    outer loop
      vertex 77.1956 -46.2692 15.01
      vertex 74.8323 -50.0013 30.01
      vertex 74.8323 -50.0013 15.01
    endloop
  endfacet
  facet normal 0.99248 -0.122403 0
    outer loop
      vertex 89.0259 -13.2057 30.01
      vertex 89.5666 -8.82154 15.01
      vertex 89.5666 -8.82154 30.01
    endloop
  endfacet
  facet normal 0.99248 -0.122403 0
    outer loop
      vertex 89.5666 -8.82154 15.01
      vertex 89.0259 -13.2057 30.01
      vertex 89.0259 -13.2057 15.01
    endloop
  endfacet
  facet normal -0.949533 -0.313666 0
    outer loop
      vertex -84.739 -30.3201 15.01
      vertex -86.1246 -26.1256 30.01
      vertex -86.1246 -26.1256 15.01
    endloop
  endfacet
  facet normal -0.949533 -0.313666 0
    outer loop
      vertex -86.1246 -26.1256 30.01
      vertex -84.739 -30.3201 15.01
      vertex -84.739 -30.3201 30.01
    endloop
  endfacet
  facet normal -0.359895 -0.932993 0
    outer loop
      vertex -34.4415 -83.1492 15.01
      vertex -30.3201 -84.739 30.01
      vertex -34.4415 -83.1492 30.01
    endloop
  endfacet
  facet normal -0.359895 -0.932993 -0
    outer loop
      vertex -30.3201 -84.739 30.01
      vertex -34.4415 -83.1492 15.01
      vertex -30.3201 -84.739 15.01
    endloop
  endfacet
  facet normal 0.653169 0.757212 -0
    outer loop
      vertex 60.4403 66.6856 15.01
      vertex 57.0954 69.5709 30.01
      vertex 60.4403 66.6856 30.01
    endloop
  endfacet
  facet normal 0.653169 0.757212 0
    outer loop
      vertex 57.0954 69.5709 30.01
      vertex 60.4403 66.6856 15.01
      vertex 57.0954 69.5709 15.01
    endloop
  endfacet
  facet normal 0.359895 0.932993 -0
    outer loop
      vertex 34.4415 83.1492 15.01
      vertex 30.3201 84.739 30.01
      vertex 34.4415 83.1492 30.01
    endloop
  endfacet
  facet normal 0.359895 0.932993 0
    outer loop
      vertex 30.3201 84.739 30.01
      vertex 34.4415 83.1492 15.01
      vertex 30.3201 84.739 15.01
    endloop
  endfacet
  facet normal -0.999699 0.0245392 0
    outer loop
      vertex -90 0 15.01
      vertex -89.8916 4.41609 30.01
      vertex -89.8916 4.41609 15.01
    endloop
  endfacet
  facet normal -0.999699 0.0245392 0
    outer loop
      vertex -89.8916 4.41609 30.01
      vertex -90 0 15.01
      vertex -90 0 30.01
    endloop
  endfacet
  facet normal -0.844856 -0.534993 0
    outer loop
      vertex -74.8323 -50.0013 15.01
      vertex -77.1956 -46.2692 30.01
      vertex -77.1956 -46.2692 15.01
    endloop
  endfacet
  facet normal -0.844856 -0.534993 0
    outer loop
      vertex -77.1956 -46.2692 30.01
      vertex -74.8323 -50.0013 15.01
      vertex -74.8323 -50.0013 30.01
    endloop
  endfacet
  facet normal -0.724246 -0.689542 0
    outer loop
      vertex -63.6396 -63.6396 15.01
      vertex -66.6856 -60.4403 30.01
      vertex -66.6856 -60.4403 15.01
    endloop
  endfacet
  facet normal -0.724246 -0.689542 0
    outer loop
      vertex -66.6856 -60.4403 30.01
      vertex -63.6396 -63.6396 15.01
      vertex -63.6396 -63.6396 30.01
    endloop
  endfacet
  facet normal 0.575812 -0.817582 0
    outer loop
      vertex 50.0013 -74.8323 15.01
      vertex 53.6129 -72.2887 30.01
      vertex 50.0013 -74.8323 30.01
    endloop
  endfacet
  facet normal 0.575812 -0.817582 0
    outer loop
      vertex 53.6129 -72.2887 30.01
      vertex 50.0013 -74.8323 15.01
      vertex 53.6129 -72.2887 15.01
    endloop
  endfacet
  facet normal 0.893224 0.449612 0
    outer loop
      vertex 81.359 38.48 30.01
      vertex 79.3729 42.4257 15.01
      vertex 79.3729 42.4257 30.01
    endloop
  endfacet
  facet normal 0.893224 0.449612 0
    outer loop
      vertex 79.3729 42.4257 15.01
      vertex 81.359 38.48 30.01
      vertex 81.359 38.48 15.01
    endloop
  endfacet
  facet normal 0.170959 -0.985278 0
    outer loop
      vertex 13.2057 -89.0259 15.01
      vertex 17.5581 -88.2707 30.01
      vertex 13.2057 -89.0259 30.01
    endloop
  endfacet
  facet normal 0.170959 -0.985278 0
    outer loop
      vertex 17.5581 -88.2707 30.01
      vertex 13.2057 -89.0259 15.01
      vertex 17.5581 -88.2707 15.01
    endloop
  endfacet
  facet normal -0.99729 -0.0735723 0
    outer loop
      vertex -89.5666 -8.82154 15.01
      vertex -89.8916 -4.41609 30.01
      vertex -89.8916 -4.41609 15.01
    endloop
  endfacet
  facet normal -0.99729 -0.0735723 0
    outer loop
      vertex -89.8916 -4.41609 30.01
      vertex -89.5666 -8.82154 15.01
      vertex -89.5666 -8.82154 30.01
    endloop
  endfacet
  facet normal 0.914205 0.405252 0
    outer loop
      vertex 83.1492 34.4415 30.01
      vertex 81.359 38.48 15.01
      vertex 81.359 38.48 30.01
    endloop
  endfacet
  facet normal 0.914205 0.405252 0
    outer loop
      vertex 81.359 38.48 15.01
      vertex 83.1492 34.4415 30.01
      vertex 83.1492 34.4415 15.01
    endloop
  endfacet
  facet normal -0.689542 -0.724246 0
    outer loop
      vertex -63.6396 -63.6396 15.01
      vertex -60.4403 -66.6856 30.01
      vertex -63.6396 -63.6396 30.01
    endloop
  endfacet
  facet normal -0.689542 -0.724246 -0
    outer loop
      vertex -60.4403 -66.6856 30.01
      vertex -63.6396 -63.6396 15.01
      vertex -60.4403 -66.6856 15.01
    endloop
  endfacet
  facet normal 0.313666 -0.949533 0
    outer loop
      vertex 26.1256 -86.1246 15.01
      vertex 30.3201 -84.739 30.01
      vertex 26.1256 -86.1246 30.01
    endloop
  endfacet
  facet normal 0.313666 -0.949533 0
    outer loop
      vertex 30.3201 -84.739 30.01
      vertex 26.1256 -86.1246 15.01
      vertex 30.3201 -84.739 15.01
    endloop
  endfacet
  facet normal 0.219109 0.9757 -0
    outer loop
      vertex 21.8682 87.3028 15.01
      vertex 17.5581 88.2707 30.01
      vertex 21.8682 87.3028 30.01
    endloop
  endfacet
  facet normal 0.219109 0.9757 0
    outer loop
      vertex 17.5581 88.2707 30.01
      vertex 21.8682 87.3028 15.01
      vertex 17.5581 88.2707 15.01
    endloop
  endfacet
  facet normal -0.0735723 -0.99729 0
    outer loop
      vertex -8.82154 -89.5666 15.01
      vertex -4.41609 -89.8916 30.01
      vertex -8.82154 -89.5666 30.01
    endloop
  endfacet
  facet normal -0.0735723 -0.99729 -0
    outer loop
      vertex -4.41609 -89.8916 30.01
      vertex -8.82154 -89.5666 15.01
      vertex -4.41609 -89.8916 15.01
    endloop
  endfacet
  facet normal -0.724246 0.689542 0
    outer loop
      vertex -66.6856 60.4403 15.01
      vertex -63.6396 63.6396 30.01
      vertex -63.6396 63.6396 15.01
    endloop
  endfacet
  facet normal -0.724246 0.689542 0
    outer loop
      vertex -63.6396 63.6396 30.01
      vertex -66.6856 60.4403 15.01
      vertex -66.6856 60.4403 30.01
    endloop
  endfacet
  facet normal 0.99729 -0.0735723 0
    outer loop
      vertex 89.5666 -8.82154 30.01
      vertex 89.8916 -4.41609 15.01
      vertex 89.8916 -4.41609 30.01
    endloop
  endfacet
  facet normal 0.99729 -0.0735723 0
    outer loop
      vertex 89.8916 -4.41609 15.01
      vertex 89.5666 -8.82154 30.01
      vertex 89.5666 -8.82154 15.01
    endloop
  endfacet
  facet normal -0.99729 0.0735723 0
    outer loop
      vertex -89.8916 4.41609 15.01
      vertex -89.5666 8.82154 30.01
      vertex -89.5666 8.82154 15.01
    endloop
  endfacet
  facet normal -0.99729 0.0735723 0
    outer loop
      vertex -89.5666 8.82154 30.01
      vertex -89.8916 4.41609 15.01
      vertex -89.8916 4.41609 30.01
    endloop
  endfacet
  facet normal 0.893224 -0.449612 0
    outer loop
      vertex 79.3729 -42.4257 30.01
      vertex 81.359 -38.48 15.01
      vertex 81.359 -38.48 30.01
    endloop
  endfacet
  facet normal 0.893224 -0.449612 0
    outer loop
      vertex 81.359 -38.48 15.01
      vertex 79.3729 -42.4257 30.01
      vertex 79.3729 -42.4257 15.01
    endloop
  endfacet
  facet normal 0.266717 -0.963775 0
    outer loop
      vertex 21.8682 -87.3028 15.01
      vertex 26.1256 -86.1246 30.01
      vertex 21.8682 -87.3028 30.01
    endloop
  endfacet
  facet normal 0.266717 -0.963775 0
    outer loop
      vertex 26.1256 -86.1246 30.01
      vertex 21.8682 -87.3028 15.01
      vertex 26.1256 -86.1246 15.01
    endloop
  endfacet
  facet normal 0.0245392 -0.999699 0
    outer loop
      vertex 0 -90 15.01
      vertex 4.41609 -89.8916 30.01
      vertex 0 -90 30.01
    endloop
  endfacet
  facet normal 0.0245392 -0.999699 0
    outer loop
      vertex 4.41609 -89.8916 30.01
      vertex 0 -90 15.01
      vertex 4.41609 -89.8916 15.01
    endloop
  endfacet
  facet normal -0.9757 0.219109 0
    outer loop
      vertex -88.2707 17.5581 15.01
      vertex -87.3028 21.8682 30.01
      vertex -87.3028 21.8682 15.01
    endloop
  endfacet
  facet normal -0.9757 0.219109 0
    outer loop
      vertex -87.3028 21.8682 30.01
      vertex -88.2707 17.5581 15.01
      vertex -88.2707 17.5581 30.01
    endloop
  endfacet
  facet normal -0.313666 -0.949533 0
    outer loop
      vertex -30.3201 -84.739 15.01
      vertex -26.1256 -86.1246 30.01
      vertex -30.3201 -84.739 30.01
    endloop
  endfacet
  facet normal -0.313666 -0.949533 -0
    outer loop
      vertex -26.1256 -86.1246 30.01
      vertex -30.3201 -84.739 15.01
      vertex -26.1256 -86.1246 15.01
    endloop
  endfacet
  facet normal -0.788343 0.615236 0
    outer loop
      vertex -72.2887 53.6129 15.01
      vertex -69.5709 57.0954 30.01
      vertex -69.5709 57.0954 15.01
    endloop
  endfacet
  facet normal -0.788343 0.615236 0
    outer loop
      vertex -69.5709 57.0954 30.01
      vertex -72.2887 53.6129 15.01
      vertex -72.2887 53.6129 30.01
    endloop
  endfacet
  facet normal 0.9757 -0.219109 0
    outer loop
      vertex 87.3028 -21.8682 30.01
      vertex 88.2707 -17.5581 15.01
      vertex 88.2707 -17.5581 30.01
    endloop
  endfacet
  facet normal 0.9757 -0.219109 0
    outer loop
      vertex 88.2707 -17.5581 15.01
      vertex 87.3028 -21.8682 30.01
      vertex 87.3028 -21.8682 15.01
    endloop
  endfacet
  facet normal 0.788343 -0.615236 0
    outer loop
      vertex 69.5709 -57.0954 30.01
      vertex 72.2887 -53.6129 15.01
      vertex 72.2887 -53.6129 30.01
    endloop
  endfacet
  facet normal 0.788343 -0.615236 0
    outer loop
      vertex 72.2887 -53.6129 15.01
      vertex 69.5709 -57.0954 30.01
      vertex 69.5709 -57.0954 15.01
    endloop
  endfacet
  facet normal -0.963775 0.266717 0
    outer loop
      vertex -87.3028 21.8682 15.01
      vertex -86.1246 26.1256 30.01
      vertex -86.1246 26.1256 15.01
    endloop
  endfacet
  facet normal -0.963775 0.266717 0
    outer loop
      vertex -86.1246 26.1256 30.01
      vertex -87.3028 21.8682 15.01
      vertex -87.3028 21.8682 30.01
    endloop
  endfacet
  facet normal -0.985278 0.170959 0
    outer loop
      vertex -89.0259 13.2057 15.01
      vertex -88.2707 17.5581 30.01
      vertex -88.2707 17.5581 15.01
    endloop
  endfacet
  facet normal -0.985278 0.170959 0
    outer loop
      vertex -88.2707 17.5581 30.01
      vertex -89.0259 13.2057 15.01
      vertex -89.0259 13.2057 30.01
    endloop
  endfacet
  facet normal -0.313666 0.949533 0
    outer loop
      vertex -26.1256 86.1246 15.01
      vertex -30.3201 84.739 30.01
      vertex -26.1256 86.1246 30.01
    endloop
  endfacet
  facet normal -0.313666 0.949533 0
    outer loop
      vertex -30.3201 84.739 30.01
      vertex -26.1256 86.1246 15.01
      vertex -30.3201 84.739 15.01
    endloop
  endfacet
  facet normal 0.932993 0.359895 0
    outer loop
      vertex 84.739 30.3201 30.01
      vertex 83.1492 34.4415 15.01
      vertex 83.1492 34.4415 30.01
    endloop
  endfacet
  facet normal 0.932993 0.359895 0
    outer loop
      vertex 83.1492 34.4415 15.01
      vertex 84.739 30.3201 30.01
      vertex 84.739 30.3201 15.01
    endloop
  endfacet
  facet normal -0.615236 -0.788343 0
    outer loop
      vertex -57.0954 -69.5709 15.01
      vertex -53.6129 -72.2887 30.01
      vertex -57.0954 -69.5709 30.01
    endloop
  endfacet
  facet normal -0.615236 -0.788343 -0
    outer loop
      vertex -53.6129 -72.2887 30.01
      vertex -57.0954 -69.5709 15.01
      vertex -53.6129 -72.2887 15.01
    endloop
  endfacet
  facet normal 0.534993 -0.844856 0
    outer loop
      vertex 46.2692 -77.1956 15.01
      vertex 50.0013 -74.8323 30.01
      vertex 46.2692 -77.1956 30.01
    endloop
  endfacet
  facet normal 0.534993 -0.844856 0
    outer loop
      vertex 50.0013 -74.8323 30.01
      vertex 46.2692 -77.1956 15.01
      vertex 50.0013 -74.8323 15.01
    endloop
  endfacet
  facet normal -0.219109 -0.9757 0
    outer loop
      vertex -21.8682 -87.3028 15.01
      vertex -17.5581 -88.2707 30.01
      vertex -21.8682 -87.3028 30.01
    endloop
  endfacet
  facet normal -0.219109 -0.9757 -0
    outer loop
      vertex -17.5581 -88.2707 30.01
      vertex -21.8682 -87.3028 15.01
      vertex -17.5581 -88.2707 15.01
    endloop
  endfacet
  facet normal 0.689542 -0.724246 0
    outer loop
      vertex 60.4403 -66.6856 15.01
      vertex 63.6396 -63.6396 30.01
      vertex 60.4403 -66.6856 30.01
    endloop
  endfacet
  facet normal 0.689542 -0.724246 0
    outer loop
      vertex 63.6396 -63.6396 30.01
      vertex 60.4403 -66.6856 15.01
      vertex 63.6396 -63.6396 15.01
    endloop
  endfacet
  facet normal 0.359895 -0.932993 0
    outer loop
      vertex 30.3201 -84.739 15.01
      vertex 34.4415 -83.1492 30.01
      vertex 30.3201 -84.739 30.01
    endloop
  endfacet
  facet normal 0.359895 -0.932993 0
    outer loop
      vertex 34.4415 -83.1492 30.01
      vertex 30.3201 -84.739 15.01
      vertex 34.4415 -83.1492 15.01
    endloop
  endfacet
  facet normal 0.985278 0.170959 0
    outer loop
      vertex 89.0259 13.2057 30.01
      vertex 88.2707 17.5581 15.01
      vertex 88.2707 17.5581 30.01
    endloop
  endfacet
  facet normal 0.985278 0.170959 0
    outer loop
      vertex 88.2707 17.5581 15.01
      vertex 89.0259 13.2057 30.01
      vertex 89.0259 13.2057 15.01
    endloop
  endfacet
  facet normal -0.405252 -0.914205 0
    outer loop
      vertex -38.48 -81.359 15.01
      vertex -34.4415 -83.1492 30.01
      vertex -38.48 -81.359 30.01
    endloop
  endfacet
  facet normal -0.405252 -0.914205 -0
    outer loop
      vertex -34.4415 -83.1492 30.01
      vertex -38.48 -81.359 15.01
      vertex -34.4415 -83.1492 15.01
    endloop
  endfacet
  facet normal 0.999699 -0.0245392 0
    outer loop
      vertex 89.8916 -4.41609 30.01
      vertex 90 0 15.01
      vertex 90 0 30.01
    endloop
  endfacet
  facet normal 0.999699 -0.0245392 0
    outer loop
      vertex 90 0 15.01
      vertex 89.8916 -4.41609 30.01
      vertex 89.8916 -4.41609 15.01
    endloop
  endfacet
  facet normal 0 0 1
    outer loop
      vertex 70 0 30.01
      vertex 90 0 30.01
      vertex 89.8916 4.41609 30.01
    endloop
  endfacet
  facet normal 0 0 1
    outer loop
      vertex 69.9157 3.43474 30.01
      vertex 89.8916 4.41609 30.01
      vertex 89.5666 8.82154 30.01
    endloop
  endfacet
  facet normal 0 0 1
    outer loop
      vertex 90 0 30.01
      vertex 70 0 30.01
      vertex 89.8916 -4.41609 30.01
    endloop
  endfacet
  facet normal 0 0 1
    outer loop
      vertex 69.6629 6.8612 30.01
      vertex 89.5666 8.82154 30.01
      vertex 89.0259 13.2057 30.01
    endloop
  endfacet
  facet normal -0 0 1
    outer loop
      vertex 69.9157 -3.43474 30.01
      vertex 89.8916 -4.41609 30.01
      vertex 70 0 30.01
    endloop
  endfacet
  facet normal 0 0 1
    outer loop
      vertex 69.2424 10.2711 30.01
      vertex 89.0259 13.2057 30.01
      vertex 88.2707 17.5581 30.01
    endloop
  endfacet
  facet normal 0 0 1
    outer loop
      vertex 89.8916 -4.41609 30.01
      vertex 69.9157 -3.43474 30.01
      vertex 89.5666 -8.82154 30.01
    endloop
  endfacet
  facet normal 0 0 1
    outer loop
      vertex 68.655 13.6563 30.01
      vertex 88.2707 17.5581 30.01
      vertex 87.3028 21.8682 30.01
    endloop
  endfacet
  facet normal -0 0 1
    outer loop
      vertex 69.6629 -6.8612 30.01
      vertex 89.5666 -8.82154 30.01
      vertex 69.9157 -3.43474 30.01
    endloop
  endfacet
  facet normal 0 0 1
    outer loop
      vertex 67.9022 17.0086 30.01
      vertex 87.3028 21.8682 30.01
      vertex 86.1246 26.1256 30.01
    endloop
  endfacet
  facet normal 0 0 1
    outer loop
      vertex 89.5666 -8.82154 30.01
      vertex 69.6629 -6.8612 30.01
      vertex 89.0259 -13.2057 30.01
    endloop
  endfacet
  facet normal 0 0 1
    outer loop
      vertex 66.9858 20.3199 30.01
      vertex 86.1246 26.1256 30.01
      vertex 84.739 30.3201 30.01
    endloop
  endfacet
  facet normal -0 0 1
    outer loop
      vertex 69.2424 -10.2711 30.01
      vertex 89.0259 -13.2057 30.01
      vertex 69.6629 -6.8612 30.01
    endloop
  endfacet
  facet normal 0 0 1
    outer loop
      vertex 65.9081 23.5823 30.01
      vertex 84.739 30.3201 30.01
      vertex 83.1492 34.4415 30.01
    endloop
  endfacet
  facet normal 0 0 1
    outer loop
      vertex 89.0259 -13.2057 30.01
      vertex 69.2424 -10.2711 30.01
      vertex 88.2707 -17.5581 30.01
    endloop
  endfacet
  facet normal 0 0 1
    outer loop
      vertex 64.6716 26.7878 30.01
      vertex 83.1492 34.4415 30.01
      vertex 81.359 38.48 30.01
    endloop
  endfacet
  facet normal -0 0 1
    outer loop
      vertex 68.655 -13.6563 30.01
      vertex 88.2707 -17.5581 30.01
      vertex 69.2424 -10.2711 30.01
    endloop
  endfacet
  facet normal 0 0 1
    outer loop
      vertex 63.2793 29.9289 30.01
      vertex 81.359 38.48 30.01
      vertex 79.3729 42.4257 30.01
    endloop
  endfacet
  facet normal 0 0 1
    outer loop
      vertex 88.2707 -17.5581 30.01
      vertex 68.655 -13.6563 30.01
      vertex 87.3028 -21.8682 30.01
    endloop
  endfacet
  facet normal 0 0 1
    outer loop
      vertex 61.7345 32.9978 30.01
      vertex 79.3729 42.4257 30.01
      vertex 77.1956 46.2692 30.01
    endloop
  endfacet
  facet normal -0 0 1
    outer loop
      vertex 67.9022 -17.0086 30.01
      vertex 87.3028 -21.8682 30.01
      vertex 68.655 -13.6563 30.01
    endloop
  endfacet
  facet normal 0 0 1
    outer loop
      vertex 60.041 35.9872 30.01
      vertex 77.1956 46.2692 30.01
      vertex 74.8323 50.0013 30.01
    endloop
  endfacet
  facet normal 0 0 1
    outer loop
      vertex 87.3028 -21.8682 30.01
      vertex 67.9022 -17.0086 30.01
      vertex 86.1246 -26.1256 30.01
    endloop
  endfacet
  facet normal 0 0 1
    outer loop
      vertex 58.2029 38.8899 30.01
      vertex 74.8323 50.0013 30.01
      vertex 72.2887 53.6129 30.01
    endloop
  endfacet
  facet normal -0 0 1
    outer loop
      vertex 66.9858 -20.3199 30.01
      vertex 86.1246 -26.1256 30.01
      vertex 67.9022 -17.0086 30.01
    endloop
  endfacet
  facet normal 0 0 1
    outer loop
      vertex 86.1246 -26.1256 30.01
      vertex 66.9858 -20.3199 30.01
      vertex 84.739 -30.3201 30.01
    endloop
  endfacet
  facet normal 0 0 1
    outer loop
      vertex 89.8916 4.41609 30.01
      vertex 69.9157 3.43474 30.01
      vertex 70 0 30.01
    endloop
  endfacet
  facet normal 0 0 1
    outer loop
      vertex 89.5666 8.82154 30.01
      vertex 69.6629 6.8612 30.01
      vertex 69.9157 3.43474 30.01
    endloop
  endfacet
  facet normal 0 0 1
    outer loop
      vertex 56.2245 41.699 30.01
      vertex 72.2887 53.6129 30.01
      vertex 69.5709 57.0954 30.01
    endloop
  endfacet
  facet normal 0 0 1
    outer loop
      vertex 89.0259 13.2057 30.01
      vertex 69.2424 10.2711 30.01
      vertex 69.6629 6.8612 30.01
    endloop
  endfacet
  facet normal 0 0 1
    outer loop
      vertex 88.2707 17.5581 30.01
      vertex 68.655 13.6563 30.01
      vertex 69.2424 10.2711 30.01
    endloop
  endfacet
  facet normal 0 0 1
    outer loop
      vertex 87.3028 21.8682 30.01
      vertex 67.9022 17.0086 30.01
      vertex 68.655 13.6563 30.01
    endloop
  endfacet
  facet normal 0 0 1
    outer loop
      vertex 86.1246 26.1256 30.01
      vertex 66.9858 20.3199 30.01
      vertex 67.9022 17.0086 30.01
    endloop
  endfacet
  facet normal 0 0 1
    outer loop
      vertex 54.1107 44.4075 30.01
      vertex 69.5709 57.0954 30.01
      vertex 66.6856 60.4403 30.01
    endloop
  endfacet
  facet normal 0 0 1
    outer loop
      vertex 84.739 30.3201 30.01
      vertex 65.9081 23.5823 30.01
      vertex 66.9858 20.3199 30.01
    endloop
  endfacet
  facet normal 0 0 1
    outer loop
      vertex 83.1492 34.4415 30.01
      vertex 64.6716 26.7878 30.01
      vertex 65.9081 23.5823 30.01
    endloop
  endfacet
  facet normal 0 0 1
    outer loop
      vertex 51.8666 47.0091 30.01
      vertex 66.6856 60.4403 30.01
      vertex 63.6396 63.6396 30.01
    endloop
  endfacet
  facet normal 0 0 1
    outer loop
      vertex 81.359 38.48 30.01
      vertex 63.2793 29.9289 30.01
      vertex 64.6716 26.7878 30.01
    endloop
  endfacet
  facet normal 0 0 1
    outer loop
      vertex 79.3729 42.4257 30.01
      vertex 61.7345 32.9978 30.01
      vertex 63.2793 29.9289 30.01
    endloop
  endfacet
  facet normal 0 0 1
    outer loop
      vertex 49.4975 49.4975 30.01
      vertex 63.6396 63.6396 30.01
      vertex 60.4403 66.6856 30.01
    endloop
  endfacet
  facet normal 0 0 1
    outer loop
      vertex 77.1956 46.2692 30.01
      vertex 60.041 35.9872 30.01
      vertex 61.7345 32.9978 30.01
    endloop
  endfacet
  facet normal 0 0 1
    outer loop
      vertex 74.8323 50.0013 30.01
      vertex 58.2029 38.8899 30.01
      vertex 60.041 35.9872 30.01
    endloop
  endfacet
  facet normal 0 0 1
    outer loop
      vertex 47.0091 51.8666 30.01
      vertex 60.4403 66.6856 30.01
      vertex 57.0954 69.5709 30.01
    endloop
  endfacet
  facet normal 0 0 1
    outer loop
      vertex 72.2887 53.6129 30.01
      vertex 56.2245 41.699 30.01
      vertex 58.2029 38.8899 30.01
    endloop
  endfacet
  facet normal 0 0 1
    outer loop
      vertex 69.5709 57.0954 30.01
      vertex 54.1107 44.4075 30.01
      vertex 56.2245 41.699 30.01
    endloop
  endfacet
  facet normal 0 0 1
    outer loop
      vertex 44.4075 54.1107 30.01
      vertex 57.0954 69.5709 30.01
      vertex 53.6129 72.2887 30.01
    endloop
  endfacet
  facet normal 0 0 1
    outer loop
      vertex 66.6856 60.4403 30.01
      vertex 51.8666 47.0091 30.01
      vertex 54.1107 44.4075 30.01
    endloop
  endfacet
  facet normal 0 0 1
    outer loop
      vertex 41.699 56.2245 30.01
      vertex 53.6129 72.2887 30.01
      vertex 50.0013 74.8323 30.01
    endloop
  endfacet
  facet normal 0 0 1
    outer loop
      vertex 63.6396 63.6396 30.01
      vertex 49.4975 49.4975 30.01
      vertex 51.8666 47.0091 30.01
    endloop
  endfacet
  facet normal 0 0 1
    outer loop
      vertex 60.4403 66.6856 30.01
      vertex 47.0091 51.8666 30.01
      vertex 49.4975 49.4975 30.01
    endloop
  endfacet
  facet normal 0 0 1
    outer loop
      vertex 38.8899 58.2029 30.01
      vertex 50.0013 74.8323 30.01
      vertex 46.2692 77.1956 30.01
    endloop
  endfacet
  facet normal 0 0 1
    outer loop
      vertex 57.0954 69.5709 30.01
      vertex 44.4075 54.1107 30.01
      vertex 47.0091 51.8666 30.01
    endloop
  endfacet
  facet normal 0 0 1
    outer loop
      vertex 35.9872 60.041 30.01
      vertex 46.2692 77.1956 30.01
      vertex 42.4257 79.3729 30.01
    endloop
  endfacet
  facet normal 0 0 1
    outer loop
      vertex 53.6129 72.2887 30.01
      vertex 41.699 56.2245 30.01
      vertex 44.4075 54.1107 30.01
    endloop
  endfacet
  facet normal 0 0 1
    outer loop
      vertex 50.0013 74.8323 30.01
      vertex 38.8899 58.2029 30.01
      vertex 41.699 56.2245 30.01
    endloop
  endfacet
  facet normal 0 0 1
    outer loop
      vertex 32.9978 61.7345 30.01
      vertex 42.4257 79.3729 30.01
      vertex 38.48 81.359 30.01
    endloop
  endfacet
  facet normal 0 0 1
    outer loop
      vertex 46.2692 77.1956 30.01
      vertex 35.9872 60.041 30.01
      vertex 38.8899 58.2029 30.01
    endloop
  endfacet
  facet normal 0 0 1
    outer loop
      vertex 29.9289 63.2793 30.01
      vertex 38.48 81.359 30.01
      vertex 34.4415 83.1492 30.01
    endloop
  endfacet
  facet normal 0 0 1
    outer loop
      vertex 42.4257 79.3729 30.01
      vertex 32.9978 61.7345 30.01
      vertex 35.9872 60.041 30.01
    endloop
  endfacet
  facet normal 0 0 1
    outer loop
      vertex 26.7878 64.6716 30.01
      vertex 34.4415 83.1492 30.01
      vertex 30.3201 84.739 30.01
    endloop
  endfacet
  facet normal 0 0 1
    outer loop
      vertex 38.48 81.359 30.01
      vertex 29.9289 63.2793 30.01
      vertex 32.9978 61.7345 30.01
    endloop
  endfacet
  facet normal 0 0 1
    outer loop
      vertex 34.4415 83.1492 30.01
      vertex 26.7878 64.6716 30.01
      vertex 29.9289 63.2793 30.01
    endloop
  endfacet
  facet normal 0 0 1
    outer loop
      vertex 23.5823 65.9081 30.01
      vertex 30.3201 84.739 30.01
      vertex 26.1256 86.1246 30.01
    endloop
  endfacet
  facet normal 0 0 1
    outer loop
      vertex 30.3201 84.739 30.01
      vertex 23.5823 65.9081 30.01
      vertex 26.7878 64.6716 30.01
    endloop
  endfacet
  facet normal 0 0 1
    outer loop
      vertex 20.3199 66.9858 30.01
      vertex 26.1256 86.1246 30.01
      vertex 21.8682 87.3028 30.01
    endloop
  endfacet
  facet normal 0 0 1
    outer loop
      vertex 26.1256 86.1246 30.01
      vertex 20.3199 66.9858 30.01
      vertex 23.5823 65.9081 30.01
    endloop
  endfacet
  facet normal 0 0 1
    outer loop
      vertex 17.0086 67.9022 30.01
      vertex 21.8682 87.3028 30.01
      vertex 17.5581 88.2707 30.01
    endloop
  endfacet
  facet normal 0 0 1
    outer loop
      vertex 21.8682 87.3028 30.01
      vertex 17.0086 67.9022 30.01
      vertex 20.3199 66.9858 30.01
    endloop
  endfacet
  facet normal 0 0 1
    outer loop
      vertex 17.5581 88.2707 30.01
      vertex 13.6563 68.655 30.01
      vertex 17.0086 67.9022 30.01
    endloop
  endfacet
  facet normal 0 0 1
    outer loop
      vertex 13.2057 89.0259 30.01
      vertex 13.6563 68.655 30.01
      vertex 17.5581 88.2707 30.01
    endloop
  endfacet
  facet normal 0 0 1
    outer loop
      vertex 13.2057 89.0259 30.01
      vertex 10.2711 69.2424 30.01
      vertex 13.6563 68.655 30.01
    endloop
  endfacet
  facet normal 0 0 1
    outer loop
      vertex 8.82154 89.5666 30.01
      vertex 10.2711 69.2424 30.01
      vertex 13.2057 89.0259 30.01
    endloop
  endfacet
  facet normal 0 0 1
    outer loop
      vertex 8.82154 89.5666 30.01
      vertex 6.8612 69.6629 30.01
      vertex 10.2711 69.2424 30.01
    endloop
  endfacet
  facet normal 0 0 1
    outer loop
      vertex 4.41609 89.8916 30.01
      vertex 6.8612 69.6629 30.01
      vertex 8.82154 89.5666 30.01
    endloop
  endfacet
  facet normal 0 0 1
    outer loop
      vertex 4.41609 89.8916 30.01
      vertex 3.43474 69.9157 30.01
      vertex 6.8612 69.6629 30.01
    endloop
  endfacet
  facet normal 0 0 1
    outer loop
      vertex 0 90 30.01
      vertex 3.43474 69.9157 30.01
      vertex 4.41609 89.8916 30.01
    endloop
  endfacet
  facet normal 0 0 1
    outer loop
      vertex 0 90 30.01
      vertex 0 70 30.01
      vertex 3.43474 69.9157 30.01
    endloop
  endfacet
  facet normal 0 0 1
    outer loop
      vertex 0 90 30.01
      vertex -3.43474 69.9157 30.01
      vertex 0 70 30.01
    endloop
  endfacet
  facet normal -0 0 1
    outer loop
      vertex -4.41609 89.8916 30.01
      vertex -3.43474 69.9157 30.01
      vertex 0 90 30.01
    endloop
  endfacet
  facet normal 0 0 1
    outer loop
      vertex -4.41609 89.8916 30.01
      vertex -6.8612 69.6629 30.01
      vertex -3.43474 69.9157 30.01
    endloop
  endfacet
  facet normal -0 0 1
    outer loop
      vertex -8.82154 89.5666 30.01
      vertex -6.8612 69.6629 30.01
      vertex -4.41609 89.8916 30.01
    endloop
  endfacet
  facet normal 0 0 1
    outer loop
      vertex -8.82154 89.5666 30.01
      vertex -10.2711 69.2424 30.01
      vertex -6.8612 69.6629 30.01
    endloop
  endfacet
  facet normal -0 0 1
    outer loop
      vertex -13.2057 89.0259 30.01
      vertex -10.2711 69.2424 30.01
      vertex -8.82154 89.5666 30.01
    endloop
  endfacet
  facet normal 0 0 1
    outer loop
      vertex -13.2057 89.0259 30.01
      vertex -13.6563 68.655 30.01
      vertex -10.2711 69.2424 30.01
    endloop
  endfacet
  facet normal -0 0 1
    outer loop
      vertex -17.5581 88.2707 30.01
      vertex -13.6563 68.655 30.01
      vertex -13.2057 89.0259 30.01
    endloop
  endfacet
  facet normal 0 0 1
    outer loop
      vertex -13.6563 68.655 30.01
      vertex -17.5581 88.2707 30.01
      vertex -17.0086 67.9022 30.01
    endloop
  endfacet
  facet normal -0 0 1
    outer loop
      vertex -21.8682 87.3028 30.01
      vertex -17.0086 67.9022 30.01
      vertex -17.5581 88.2707 30.01
    endloop
  endfacet
  facet normal 0 0 1
    outer loop
      vertex -17.0086 67.9022 30.01
      vertex -21.8682 87.3028 30.01
      vertex -20.3199 66.9858 30.01
    endloop
  endfacet
  facet normal -0 0 1
    outer loop
      vertex -26.1256 86.1246 30.01
      vertex -20.3199 66.9858 30.01
      vertex -21.8682 87.3028 30.01
    endloop
  endfacet
  facet normal 0 0 1
    outer loop
      vertex -20.3199 66.9858 30.01
      vertex -26.1256 86.1246 30.01
      vertex -23.5823 65.9081 30.01
    endloop
  endfacet
  facet normal -0 0 1
    outer loop
      vertex -30.3201 84.739 30.01
      vertex -23.5823 65.9081 30.01
      vertex -26.1256 86.1246 30.01
    endloop
  endfacet
  facet normal 0 0 1
    outer loop
      vertex -23.5823 65.9081 30.01
      vertex -30.3201 84.739 30.01
      vertex -26.7878 64.6716 30.01
    endloop
  endfacet
  facet normal -0 0 1
    outer loop
      vertex -34.4415 83.1492 30.01
      vertex -26.7878 64.6716 30.01
      vertex -30.3201 84.739 30.01
    endloop
  endfacet
  facet normal 0 0 1
    outer loop
      vertex -26.7878 64.6716 30.01
      vertex -34.4415 83.1492 30.01
      vertex -29.9289 63.2793 30.01
    endloop
  endfacet
  facet normal -0 0 1
    outer loop
      vertex -38.48 81.359 30.01
      vertex -29.9289 63.2793 30.01
      vertex -34.4415 83.1492 30.01
    endloop
  endfacet
  facet normal 0 0 1
    outer loop
      vertex -29.9289 63.2793 30.01
      vertex -38.48 81.359 30.01
      vertex -32.9978 61.7345 30.01
    endloop
  endfacet
  facet normal -0 0 1
    outer loop
      vertex -42.4257 79.3729 30.01
      vertex -32.9978 61.7345 30.01
      vertex -38.48 81.359 30.01
    endloop
  endfacet
  facet normal 0 0 1
    outer loop
      vertex -32.9978 61.7345 30.01
      vertex -42.4257 79.3729 30.01
      vertex -35.9872 60.041 30.01
    endloop
  endfacet
  facet normal -0 0 1
    outer loop
      vertex -46.2692 77.1956 30.01
      vertex -35.9872 60.041 30.01
      vertex -42.4257 79.3729 30.01
    endloop
  endfacet
  facet normal 0 0 1
    outer loop
      vertex -35.9872 60.041 30.01
      vertex -46.2692 77.1956 30.01
      vertex -38.8899 58.2029 30.01
    endloop
  endfacet
  facet normal -0 0 1
    outer loop
      vertex -50.0013 74.8323 30.01
      vertex -38.8899 58.2029 30.01
      vertex -46.2692 77.1956 30.01
    endloop
  endfacet
  facet normal 0 0 1
    outer loop
      vertex -38.8899 58.2029 30.01
      vertex -50.0013 74.8323 30.01
      vertex -41.699 56.2245 30.01
    endloop
  endfacet
  facet normal -0 0 1
    outer loop
      vertex -53.6129 72.2887 30.01
      vertex -41.699 56.2245 30.01
      vertex -50.0013 74.8323 30.01
    endloop
  endfacet
  facet normal 0 0 1
    outer loop
      vertex -41.699 56.2245 30.01
      vertex -53.6129 72.2887 30.01
      vertex -44.4075 54.1107 30.01
    endloop
  endfacet
  facet normal -0 0 1
    outer loop
      vertex -57.0954 69.5709 30.01
      vertex -44.4075 54.1107 30.01
      vertex -53.6129 72.2887 30.01
    endloop
  endfacet
  facet normal 0 0 1
    outer loop
      vertex -44.4075 54.1107 30.01
      vertex -57.0954 69.5709 30.01
      vertex -47.0091 51.8666 30.01
    endloop
  endfacet
  facet normal -0 0 1
    outer loop
      vertex -60.4403 66.6856 30.01
      vertex -47.0091 51.8666 30.01
      vertex -57.0954 69.5709 30.01
    endloop
  endfacet
  facet normal 0 0 1
    outer loop
      vertex -47.0091 51.8666 30.01
      vertex -60.4403 66.6856 30.01
      vertex -49.4975 49.4975 30.01
    endloop
  endfacet
  facet normal -0 0 1
    outer loop
      vertex -63.6396 63.6396 30.01
      vertex -49.4975 49.4975 30.01
      vertex -60.4403 66.6856 30.01
    endloop
  endfacet
  facet normal 0 0 1
    outer loop
      vertex -49.4975 49.4975 30.01
      vertex -63.6396 63.6396 30.01
      vertex -51.8666 47.0091 30.01
    endloop
  endfacet
  facet normal -0 0 1
    outer loop
      vertex -66.6856 60.4403 30.01
      vertex -51.8666 47.0091 30.01
      vertex -63.6396 63.6396 30.01
    endloop
  endfacet
  facet normal 0 0 1
    outer loop
      vertex -51.8666 47.0091 30.01
      vertex -66.6856 60.4403 30.01
      vertex -54.1107 44.4075 30.01
    endloop
  endfacet
  facet normal -0 0 1
    outer loop
      vertex -69.5709 57.0954 30.01
      vertex -54.1107 44.4075 30.01
      vertex -66.6856 60.4403 30.01
    endloop
  endfacet
  facet normal 0 0 1
    outer loop
      vertex -54.1107 44.4075 30.01
      vertex -69.5709 57.0954 30.01
      vertex -56.2245 41.699 30.01
    endloop
  endfacet
  facet normal -0 0 1
    outer loop
      vertex -72.2887 53.6129 30.01
      vertex -56.2245 41.699 30.01
      vertex -69.5709 57.0954 30.01
    endloop
  endfacet
  facet normal 0 0 1
    outer loop
      vertex -56.2245 41.699 30.01
      vertex -72.2887 53.6129 30.01
      vertex -58.2029 38.8899 30.01
    endloop
  endfacet
  facet normal -0 0 1
    outer loop
      vertex -74.8323 50.0013 30.01
      vertex -58.2029 38.8899 30.01
      vertex -72.2887 53.6129 30.01
    endloop
  endfacet
  facet normal 0 0 1
    outer loop
      vertex -58.2029 38.8899 30.01
      vertex -74.8323 50.0013 30.01
      vertex -60.041 35.9872 30.01
    endloop
  endfacet
  facet normal -0 0 1
    outer loop
      vertex -77.1956 46.2692 30.01
      vertex -60.041 35.9872 30.01
      vertex -74.8323 50.0013 30.01
    endloop
  endfacet
  facet normal 0 0 1
    outer loop
      vertex -60.041 35.9872 30.01
      vertex -77.1956 46.2692 30.01
      vertex -61.7345 32.9978 30.01
    endloop
  endfacet
  facet normal -0 0 1
    outer loop
      vertex -79.3729 42.4257 30.01
      vertex -61.7345 32.9978 30.01
      vertex -77.1956 46.2692 30.01
    endloop
  endfacet
  facet normal 0 0 1
    outer loop
      vertex -61.7345 32.9978 30.01
      vertex -79.3729 42.4257 30.01
      vertex -63.2793 29.9289 30.01
    endloop
  endfacet
  facet normal -0 0 1
    outer loop
      vertex -81.359 38.48 30.01
      vertex -63.2793 29.9289 30.01
      vertex -79.3729 42.4257 30.01
    endloop
  endfacet
  facet normal 0 0 1
    outer loop
      vertex -63.2793 29.9289 30.01
      vertex -81.359 38.48 30.01
      vertex -64.6716 26.7878 30.01
    endloop
  endfacet
  facet normal -0 0 1
    outer loop
      vertex -83.1492 34.4415 30.01
      vertex -64.6716 26.7878 30.01
      vertex -81.359 38.48 30.01
    endloop
  endfacet
  facet normal 0 0 1
    outer loop
      vertex -64.6716 26.7878 30.01
      vertex -83.1492 34.4415 30.01
      vertex -65.9081 23.5823 30.01
    endloop
  endfacet
  facet normal -0 0 1
    outer loop
      vertex -84.739 30.3201 30.01
      vertex -65.9081 23.5823 30.01
      vertex -83.1492 34.4415 30.01
    endloop
  endfacet
  facet normal 0 0 1
    outer loop
      vertex -65.9081 23.5823 30.01
      vertex -84.739 30.3201 30.01
      vertex -66.9858 20.3199 30.01
    endloop
  endfacet
  facet normal -0 0 1
    outer loop
      vertex 65.9081 -23.5823 30.01
      vertex 84.739 -30.3201 30.01
      vertex 66.9858 -20.3199 30.01
    endloop
  endfacet
  facet normal 0 0 1
    outer loop
      vertex 84.739 -30.3201 30.01
      vertex 65.9081 -23.5823 30.01
      vertex 83.1492 -34.4415 30.01
    endloop
  endfacet
  facet normal -0 0 1
    outer loop
      vertex 64.6716 -26.7878 30.01
      vertex 83.1492 -34.4415 30.01
      vertex 65.9081 -23.5823 30.01
    endloop
  endfacet
  facet normal 0 0 1
    outer loop
      vertex 83.1492 -34.4415 30.01
      vertex 64.6716 -26.7878 30.01
      vertex 81.359 -38.48 30.01
    endloop
  endfacet
  facet normal -0 0 1
    outer loop
      vertex 63.2793 -29.9289 30.01
      vertex 81.359 -38.48 30.01
      vertex 64.6716 -26.7878 30.01
    endloop
  endfacet
  facet normal 0 0 1
    outer loop
      vertex 81.359 -38.48 30.01
      vertex 63.2793 -29.9289 30.01
      vertex 79.3729 -42.4257 30.01
    endloop
  endfacet
  facet normal -0 0 1
    outer loop
      vertex 61.7345 -32.9978 30.01
      vertex 79.3729 -42.4257 30.01
      vertex 63.2793 -29.9289 30.01
    endloop
  endfacet
  facet normal 0 0 1
    outer loop
      vertex 79.3729 -42.4257 30.01
      vertex 61.7345 -32.9978 30.01
      vertex 77.1956 -46.2692 30.01
    endloop
  endfacet
  facet normal -0 0 1
    outer loop
      vertex 60.041 -35.9872 30.01
      vertex 77.1956 -46.2692 30.01
      vertex 61.7345 -32.9978 30.01
    endloop
  endfacet
  facet normal 0 0 1
    outer loop
      vertex 77.1956 -46.2692 30.01
      vertex 60.041 -35.9872 30.01
      vertex 74.8323 -50.0013 30.01
    endloop
  endfacet
  facet normal -0 0 1
    outer loop
      vertex 58.2029 -38.8899 30.01
      vertex 74.8323 -50.0013 30.01
      vertex 60.041 -35.9872 30.01
    endloop
  endfacet
  facet normal 0 0 1
    outer loop
      vertex 74.8323 -50.0013 30.01
      vertex 58.2029 -38.8899 30.01
      vertex 72.2887 -53.6129 30.01
    endloop
  endfacet
  facet normal -0 0 1
    outer loop
      vertex 56.2245 -41.699 30.01
      vertex 72.2887 -53.6129 30.01
      vertex 58.2029 -38.8899 30.01
    endloop
  endfacet
  facet normal 0 0 1
    outer loop
      vertex 72.2887 -53.6129 30.01
      vertex 56.2245 -41.699 30.01
      vertex 69.5709 -57.0954 30.01
    endloop
  endfacet
  facet normal -0 0 1
    outer loop
      vertex 54.1107 -44.4075 30.01
      vertex 69.5709 -57.0954 30.01
      vertex 56.2245 -41.699 30.01
    endloop
  endfacet
  facet normal 0 0 1
    outer loop
      vertex 69.5709 -57.0954 30.01
      vertex 54.1107 -44.4075 30.01
      vertex 66.6856 -60.4403 30.01
    endloop
  endfacet
  facet normal -0 0 1
    outer loop
      vertex 51.8666 -47.0091 30.01
      vertex 66.6856 -60.4403 30.01
      vertex 54.1107 -44.4075 30.01
    endloop
  endfacet
  facet normal 0 0 1
    outer loop
      vertex 66.6856 -60.4403 30.01
      vertex 51.8666 -47.0091 30.01
      vertex 63.6396 -63.6396 30.01
    endloop
  endfacet
  facet normal -0 0 1
    outer loop
      vertex 49.4975 -49.4975 30.01
      vertex 63.6396 -63.6396 30.01
      vertex 51.8666 -47.0091 30.01
    endloop
  endfacet
  facet normal 0 0 1
    outer loop
      vertex 63.6396 -63.6396 30.01
      vertex 49.4975 -49.4975 30.01
      vertex 60.4403 -66.6856 30.01
    endloop
  endfacet
  facet normal -0 0 1
    outer loop
      vertex 47.0091 -51.8666 30.01
      vertex 60.4403 -66.6856 30.01
      vertex 49.4975 -49.4975 30.01
    endloop
  endfacet
  facet normal 0 0 1
    outer loop
      vertex 60.4403 -66.6856 30.01
      vertex 47.0091 -51.8666 30.01
      vertex 57.0954 -69.5709 30.01
    endloop
  endfacet
  facet normal -0 0 1
    outer loop
      vertex 44.4075 -54.1107 30.01
      vertex 57.0954 -69.5709 30.01
      vertex 47.0091 -51.8666 30.01
    endloop
  endfacet
  facet normal 0 0 1
    outer loop
      vertex 57.0954 -69.5709 30.01
      vertex 44.4075 -54.1107 30.01
      vertex 53.6129 -72.2887 30.01
    endloop
  endfacet
  facet normal -0 0 1
    outer loop
      vertex 41.699 -56.2245 30.01
      vertex 53.6129 -72.2887 30.01
      vertex 44.4075 -54.1107 30.01
    endloop
  endfacet
  facet normal 0 0 1
    outer loop
      vertex 53.6129 -72.2887 30.01
      vertex 41.699 -56.2245 30.01
      vertex 50.0013 -74.8323 30.01
    endloop
  endfacet
  facet normal -0 0 1
    outer loop
      vertex 38.8899 -58.2029 30.01
      vertex 50.0013 -74.8323 30.01
      vertex 41.699 -56.2245 30.01
    endloop
  endfacet
  facet normal 0 0 1
    outer loop
      vertex 50.0013 -74.8323 30.01
      vertex 38.8899 -58.2029 30.01
      vertex 46.2692 -77.1956 30.01
    endloop
  endfacet
  facet normal -0 0 1
    outer loop
      vertex 35.9872 -60.041 30.01
      vertex 46.2692 -77.1956 30.01
      vertex 38.8899 -58.2029 30.01
    endloop
  endfacet
  facet normal 0 0 1
    outer loop
      vertex 46.2692 -77.1956 30.01
      vertex 35.9872 -60.041 30.01
      vertex 42.4257 -79.3729 30.01
    endloop
  endfacet
  facet normal -0 0 1
    outer loop
      vertex 32.9978 -61.7345 30.01
      vertex 42.4257 -79.3729 30.01
      vertex 35.9872 -60.041 30.01
    endloop
  endfacet
  facet normal 0 0 1
    outer loop
      vertex 42.4257 -79.3729 30.01
      vertex 32.9978 -61.7345 30.01
      vertex 38.48 -81.359 30.01
    endloop
  endfacet
  facet normal -0 0 1
    outer loop
      vertex 29.9289 -63.2793 30.01
      vertex 38.48 -81.359 30.01
      vertex 32.9978 -61.7345 30.01
    endloop
  endfacet
  facet normal 0 0 1
    outer loop
      vertex 38.48 -81.359 30.01
      vertex 29.9289 -63.2793 30.01
      vertex 34.4415 -83.1492 30.01
    endloop
  endfacet
  facet normal -0 0 1
    outer loop
      vertex 26.7878 -64.6716 30.01
      vertex 34.4415 -83.1492 30.01
      vertex 29.9289 -63.2793 30.01
    endloop
  endfacet
  facet normal 0 0 1
    outer loop
      vertex 34.4415 -83.1492 30.01
      vertex 26.7878 -64.6716 30.01
      vertex 30.3201 -84.739 30.01
    endloop
  endfacet
  facet normal -0 0 1
    outer loop
      vertex 23.5823 -65.9081 30.01
      vertex 30.3201 -84.739 30.01
      vertex 26.7878 -64.6716 30.01
    endloop
  endfacet
  facet normal 0 0 1
    outer loop
      vertex 30.3201 -84.739 30.01
      vertex 23.5823 -65.9081 30.01
      vertex 26.1256 -86.1246 30.01
    endloop
  endfacet
  facet normal -0 0 1
    outer loop
      vertex 20.3199 -66.9858 30.01
      vertex 26.1256 -86.1246 30.01
      vertex 23.5823 -65.9081 30.01
    endloop
  endfacet
  facet normal 0 0 1
    outer loop
      vertex 26.1256 -86.1246 30.01
      vertex 20.3199 -66.9858 30.01
      vertex 21.8682 -87.3028 30.01
    endloop
  endfacet
  facet normal -0 0 1
    outer loop
      vertex 17.0086 -67.9022 30.01
      vertex 21.8682 -87.3028 30.01
      vertex 20.3199 -66.9858 30.01
    endloop
  endfacet
  facet normal 0 0 1
    outer loop
      vertex 21.8682 -87.3028 30.01
      vertex 17.0086 -67.9022 30.01
      vertex 17.5581 -88.2707 30.01
    endloop
  endfacet
  facet normal -0 0 1
    outer loop
      vertex 13.6563 -68.655 30.01
      vertex 17.5581 -88.2707 30.01
      vertex 17.0086 -67.9022 30.01
    endloop
  endfacet
  facet normal 0 0 1
    outer loop
      vertex 13.6563 -68.655 30.01
      vertex 13.2057 -89.0259 30.01
      vertex 17.5581 -88.2707 30.01
    endloop
  endfacet
  facet normal -0 0 1
    outer loop
      vertex 10.2711 -69.2424 30.01
      vertex 13.2057 -89.0259 30.01
      vertex 13.6563 -68.655 30.01
    endloop
  endfacet
  facet normal 0 0 1
    outer loop
      vertex 10.2711 -69.2424 30.01
      vertex 8.82154 -89.5666 30.01
      vertex 13.2057 -89.0259 30.01
    endloop
  endfacet
  facet normal -0 0 1
    outer loop
      vertex 6.8612 -69.6629 30.01
      vertex 8.82154 -89.5666 30.01
      vertex 10.2711 -69.2424 30.01
    endloop
  endfacet
  facet normal 0 0 1
    outer loop
      vertex 6.8612 -69.6629 30.01
      vertex 4.41609 -89.8916 30.01
      vertex 8.82154 -89.5666 30.01
    endloop
  endfacet
  facet normal -0 0 1
    outer loop
      vertex 3.43474 -69.9157 30.01
      vertex 4.41609 -89.8916 30.01
      vertex 6.8612 -69.6629 30.01
    endloop
  endfacet
  facet normal -0 0 1
    outer loop
      vertex 0 -70 30.01
      vertex 4.41609 -89.8916 30.01
      vertex 3.43474 -69.9157 30.01
    endloop
  endfacet
  facet normal 0 0 1
    outer loop
      vertex 0 -70 30.01
      vertex 0 -90 30.01
      vertex 4.41609 -89.8916 30.01
    endloop
  endfacet
  facet normal 0 0 1
    outer loop
      vertex -3.43474 -69.9157 30.01
      vertex 0 -90 30.01
      vertex 0 -70 30.01
    endloop
  endfacet
  facet normal 0 0 1
    outer loop
      vertex -3.43474 -69.9157 30.01
      vertex -4.41609 -89.8916 30.01
      vertex 0 -90 30.01
    endloop
  endfacet
  facet normal 0 0 1
    outer loop
      vertex -6.8612 -69.6629 30.01
      vertex -4.41609 -89.8916 30.01
      vertex -3.43474 -69.9157 30.01
    endloop
  endfacet
  facet normal 0 0 1
    outer loop
      vertex -6.8612 -69.6629 30.01
      vertex -8.82154 -89.5666 30.01
      vertex -4.41609 -89.8916 30.01
    endloop
  endfacet
  facet normal 0 0 1
    outer loop
      vertex -10.2711 -69.2424 30.01
      vertex -8.82154 -89.5666 30.01
      vertex -6.8612 -69.6629 30.01
    endloop
  endfacet
  facet normal 0 0 1
    outer loop
      vertex -10.2711 -69.2424 30.01
      vertex -13.2057 -89.0259 30.01
      vertex -8.82154 -89.5666 30.01
    endloop
  endfacet
  facet normal 0 0 1
    outer loop
      vertex -13.6563 -68.655 30.01
      vertex -13.2057 -89.0259 30.01
      vertex -10.2711 -69.2424 30.01
    endloop
  endfacet
  facet normal 0 0 1
    outer loop
      vertex -17.5581 -88.2707 30.01
      vertex -13.6563 -68.655 30.01
      vertex -17.0086 -67.9022 30.01
    endloop
  endfacet
  facet normal 0 0 1
    outer loop
      vertex -13.6563 -68.655 30.01
      vertex -17.5581 -88.2707 30.01
      vertex -13.2057 -89.0259 30.01
    endloop
  endfacet
  facet normal 0 0 1
    outer loop
      vertex -21.8682 -87.3028 30.01
      vertex -17.0086 -67.9022 30.01
      vertex -20.3199 -66.9858 30.01
    endloop
  endfacet
  facet normal 0 0 1
    outer loop
      vertex -17.0086 -67.9022 30.01
      vertex -21.8682 -87.3028 30.01
      vertex -17.5581 -88.2707 30.01
    endloop
  endfacet
  facet normal 0 0 1
    outer loop
      vertex -26.1256 -86.1246 30.01
      vertex -20.3199 -66.9858 30.01
      vertex -23.5823 -65.9081 30.01
    endloop
  endfacet
  facet normal 0 0 1
    outer loop
      vertex -20.3199 -66.9858 30.01
      vertex -26.1256 -86.1246 30.01
      vertex -21.8682 -87.3028 30.01
    endloop
  endfacet
  facet normal 0 0 1
    outer loop
      vertex -30.3201 -84.739 30.01
      vertex -23.5823 -65.9081 30.01
      vertex -26.7878 -64.6716 30.01
    endloop
  endfacet
  facet normal 0 0 1
    outer loop
      vertex -34.4415 -83.1492 30.01
      vertex -26.7878 -64.6716 30.01
      vertex -29.9289 -63.2793 30.01
    endloop
  endfacet
  facet normal 0 0 1
    outer loop
      vertex -23.5823 -65.9081 30.01
      vertex -30.3201 -84.739 30.01
      vertex -26.1256 -86.1246 30.01
    endloop
  endfacet
  facet normal 0 0 1
    outer loop
      vertex -38.48 -81.359 30.01
      vertex -29.9289 -63.2793 30.01
      vertex -32.9978 -61.7345 30.01
    endloop
  endfacet
  facet normal 0 0 1
    outer loop
      vertex -26.7878 -64.6716 30.01
      vertex -34.4415 -83.1492 30.01
      vertex -30.3201 -84.739 30.01
    endloop
  endfacet
  facet normal 0 0 1
    outer loop
      vertex -42.4257 -79.3729 30.01
      vertex -32.9978 -61.7345 30.01
      vertex -35.9872 -60.041 30.01
    endloop
  endfacet
  facet normal 0 0 1
    outer loop
      vertex -29.9289 -63.2793 30.01
      vertex -38.48 -81.359 30.01
      vertex -34.4415 -83.1492 30.01
    endloop
  endfacet
  facet normal 0 0 1
    outer loop
      vertex -46.2692 -77.1956 30.01
      vertex -35.9872 -60.041 30.01
      vertex -38.8899 -58.2029 30.01
    endloop
  endfacet
  facet normal 0 0 1
    outer loop
      vertex -50.0013 -74.8323 30.01
      vertex -38.8899 -58.2029 30.01
      vertex -41.699 -56.2245 30.01
    endloop
  endfacet
  facet normal 0 0 1
    outer loop
      vertex -32.9978 -61.7345 30.01
      vertex -42.4257 -79.3729 30.01
      vertex -38.48 -81.359 30.01
    endloop
  endfacet
  facet normal 0 0 1
    outer loop
      vertex -53.6129 -72.2887 30.01
      vertex -41.699 -56.2245 30.01
      vertex -44.4075 -54.1107 30.01
    endloop
  endfacet
  facet normal 0 0 1
    outer loop
      vertex -35.9872 -60.041 30.01
      vertex -46.2692 -77.1956 30.01
      vertex -42.4257 -79.3729 30.01
    endloop
  endfacet
  facet normal 0 0 1
    outer loop
      vertex -57.0954 -69.5709 30.01
      vertex -44.4075 -54.1107 30.01
      vertex -47.0091 -51.8666 30.01
    endloop
  endfacet
  facet normal 0 0 1
    outer loop
      vertex -60.4403 -66.6856 30.01
      vertex -47.0091 -51.8666 30.01
      vertex -49.4975 -49.4975 30.01
    endloop
  endfacet
  facet normal 0 0 1
    outer loop
      vertex -38.8899 -58.2029 30.01
      vertex -50.0013 -74.8323 30.01
      vertex -46.2692 -77.1956 30.01
    endloop
  endfacet
  facet normal 0 0 1
    outer loop
      vertex -63.6396 -63.6396 30.01
      vertex -49.4975 -49.4975 30.01
      vertex -51.8666 -47.0091 30.01
    endloop
  endfacet
  facet normal 0 0 1
    outer loop
      vertex -41.699 -56.2245 30.01
      vertex -53.6129 -72.2887 30.01
      vertex -50.0013 -74.8323 30.01
    endloop
  endfacet
  facet normal 0 0 1
    outer loop
      vertex -66.6856 -60.4403 30.01
      vertex -51.8666 -47.0091 30.01
      vertex -54.1107 -44.4075 30.01
    endloop
  endfacet
  facet normal 0 0 1
    outer loop
      vertex -69.5709 -57.0954 30.01
      vertex -54.1107 -44.4075 30.01
      vertex -56.2245 -41.699 30.01
    endloop
  endfacet
  facet normal 0 0 1
    outer loop
      vertex -44.4075 -54.1107 30.01
      vertex -57.0954 -69.5709 30.01
      vertex -53.6129 -72.2887 30.01
    endloop
  endfacet
  facet normal 0 0 1
    outer loop
      vertex -72.2887 -53.6129 30.01
      vertex -56.2245 -41.699 30.01
      vertex -58.2029 -38.8899 30.01
    endloop
  endfacet
  facet normal 0 0 1
    outer loop
      vertex -74.8323 -50.0013 30.01
      vertex -58.2029 -38.8899 30.01
      vertex -60.041 -35.9872 30.01
    endloop
  endfacet
  facet normal 0 0 1
    outer loop
      vertex -47.0091 -51.8666 30.01
      vertex -60.4403 -66.6856 30.01
      vertex -57.0954 -69.5709 30.01
    endloop
  endfacet
  facet normal 0 0 1
    outer loop
      vertex -77.1956 -46.2692 30.01
      vertex -60.041 -35.9872 30.01
      vertex -61.7345 -32.9978 30.01
    endloop
  endfacet
  facet normal 0 0 1
    outer loop
      vertex -79.3729 -42.4257 30.01
      vertex -61.7345 -32.9978 30.01
      vertex -63.2793 -29.9289 30.01
    endloop
  endfacet
  facet normal 0 0 1
    outer loop
      vertex -49.4975 -49.4975 30.01
      vertex -63.6396 -63.6396 30.01
      vertex -60.4403 -66.6856 30.01
    endloop
  endfacet
  facet normal 0 0 1
    outer loop
      vertex -81.359 -38.48 30.01
      vertex -63.2793 -29.9289 30.01
      vertex -64.6716 -26.7878 30.01
    endloop
  endfacet
  facet normal 0 0 1
    outer loop
      vertex -83.1492 -34.4415 30.01
      vertex -64.6716 -26.7878 30.01
      vertex -65.9081 -23.5823 30.01
    endloop
  endfacet
  facet normal 0 0 1
    outer loop
      vertex -51.8666 -47.0091 30.01
      vertex -66.6856 -60.4403 30.01
      vertex -63.6396 -63.6396 30.01
    endloop
  endfacet
  facet normal 0 0 1
    outer loop
      vertex -84.739 -30.3201 30.01
      vertex -65.9081 -23.5823 30.01
      vertex -66.9858 -20.3199 30.01
    endloop
  endfacet
  facet normal 0 0 1
    outer loop
      vertex -86.1246 -26.1256 30.01
      vertex -66.9858 -20.3199 30.01
      vertex -67.9022 -17.0086 30.01
    endloop
  endfacet
  facet normal 0 0 1
    outer loop
      vertex -87.3028 -21.8682 30.01
      vertex -67.9022 -17.0086 30.01
      vertex -68.655 -13.6563 30.01
    endloop
  endfacet
  facet normal 0 0 1
    outer loop
      vertex -88.2707 -17.5581 30.01
      vertex -68.655 -13.6563 30.01
      vertex -69.2424 -10.2711 30.01
    endloop
  endfacet
  facet normal 0 0 1
    outer loop
      vertex -54.1107 -44.4075 30.01
      vertex -69.5709 -57.0954 30.01
      vertex -66.6856 -60.4403 30.01
    endloop
  endfacet
  facet normal 0 0 1
    outer loop
      vertex -89.0259 -13.2057 30.01
      vertex -69.2424 -10.2711 30.01
      vertex -69.6629 -6.8612 30.01
    endloop
  endfacet
  facet normal 0 0 1
    outer loop
      vertex -89.5666 -8.82154 30.01
      vertex -69.6629 -6.8612 30.01
      vertex -69.9157 -3.43474 30.01
    endloop
  endfacet
  facet normal 0 0 1
    outer loop
      vertex -89.8916 -4.41609 30.01
      vertex -69.9157 -3.43474 30.01
      vertex -70 0 30.01
    endloop
  endfacet
  facet normal -0 0 1
    outer loop
      vertex -86.1246 26.1256 30.01
      vertex -66.9858 20.3199 30.01
      vertex -84.739 30.3201 30.01
    endloop
  endfacet
  facet normal 0 0 1
    outer loop
      vertex -56.2245 -41.699 30.01
      vertex -72.2887 -53.6129 30.01
      vertex -69.5709 -57.0954 30.01
    endloop
  endfacet
  facet normal 0 0 1
    outer loop
      vertex -66.9858 20.3199 30.01
      vertex -86.1246 26.1256 30.01
      vertex -67.9022 17.0086 30.01
    endloop
  endfacet
  facet normal 0 0 1
    outer loop
      vertex -58.2029 -38.8899 30.01
      vertex -74.8323 -50.0013 30.01
      vertex -72.2887 -53.6129 30.01
    endloop
  endfacet
  facet normal -0 0 1
    outer loop
      vertex -87.3028 21.8682 30.01
      vertex -67.9022 17.0086 30.01
      vertex -86.1246 26.1256 30.01
    endloop
  endfacet
  facet normal 0 0 1
    outer loop
      vertex -60.041 -35.9872 30.01
      vertex -77.1956 -46.2692 30.01
      vertex -74.8323 -50.0013 30.01
    endloop
  endfacet
  facet normal 0 0 1
    outer loop
      vertex -67.9022 17.0086 30.01
      vertex -87.3028 21.8682 30.01
      vertex -68.655 13.6563 30.01
    endloop
  endfacet
  facet normal 0 0 1
    outer loop
      vertex -61.7345 -32.9978 30.01
      vertex -79.3729 -42.4257 30.01
      vertex -77.1956 -46.2692 30.01
    endloop
  endfacet
  facet normal -0 0 1
    outer loop
      vertex -88.2707 17.5581 30.01
      vertex -68.655 13.6563 30.01
      vertex -87.3028 21.8682 30.01
    endloop
  endfacet
  facet normal 0 0 1
    outer loop
      vertex -63.2793 -29.9289 30.01
      vertex -81.359 -38.48 30.01
      vertex -79.3729 -42.4257 30.01
    endloop
  endfacet
  facet normal 0 0 1
    outer loop
      vertex -68.655 13.6563 30.01
      vertex -88.2707 17.5581 30.01
      vertex -69.2424 10.2711 30.01
    endloop
  endfacet
  facet normal 0 0 1
    outer loop
      vertex -64.6716 -26.7878 30.01
      vertex -83.1492 -34.4415 30.01
      vertex -81.359 -38.48 30.01
    endloop
  endfacet
  facet normal -0 0 1
    outer loop
      vertex -89.0259 13.2057 30.01
      vertex -69.2424 10.2711 30.01
      vertex -88.2707 17.5581 30.01
    endloop
  endfacet
  facet normal 0 0 1
    outer loop
      vertex -65.9081 -23.5823 30.01
      vertex -84.739 -30.3201 30.01
      vertex -83.1492 -34.4415 30.01
    endloop
  endfacet
  facet normal 0 0 1
    outer loop
      vertex -69.2424 10.2711 30.01
      vertex -89.0259 13.2057 30.01
      vertex -69.6629 6.8612 30.01
    endloop
  endfacet
  facet normal 0 0 1
    outer loop
      vertex -66.9858 -20.3199 30.01
      vertex -86.1246 -26.1256 30.01
      vertex -84.739 -30.3201 30.01
    endloop
  endfacet
  facet normal -0 0 1
    outer loop
      vertex -89.5666 8.82154 30.01
      vertex -69.6629 6.8612 30.01
      vertex -89.0259 13.2057 30.01
    endloop
  endfacet
  facet normal 0 0 1
    outer loop
      vertex -67.9022 -17.0086 30.01
      vertex -87.3028 -21.8682 30.01
      vertex -86.1246 -26.1256 30.01
    endloop
  endfacet
  facet normal 0 0 1
    outer loop
      vertex -69.6629 6.8612 30.01
      vertex -89.5666 8.82154 30.01
      vertex -69.9157 3.43474 30.01
    endloop
  endfacet
  facet normal 0 0 1
    outer loop
      vertex -68.655 -13.6563 30.01
      vertex -88.2707 -17.5581 30.01
      vertex -87.3028 -21.8682 30.01
    endloop
  endfacet
  facet normal -0 0 1
    outer loop
      vertex -89.8916 4.41609 30.01
      vertex -69.9157 3.43474 30.01
      vertex -89.5666 8.82154 30.01
    endloop
  endfacet
  facet normal 0 0 1
    outer loop
      vertex -69.2424 -10.2711 30.01
      vertex -89.0259 -13.2057 30.01
      vertex -88.2707 -17.5581 30.01
    endloop
  endfacet
  facet normal 0 0 1
    outer loop
      vertex -69.9157 3.43474 30.01
      vertex -89.8916 4.41609 30.01
      vertex -70 0 30.01
    endloop
  endfacet
  facet normal 0 0 1
    outer loop
      vertex -69.6629 -6.8612 30.01
      vertex -89.5666 -8.82154 30.01
      vertex -89.0259 -13.2057 30.01
    endloop
  endfacet
  facet normal 0 0 1
    outer loop
      vertex -90 0 30.01
      vertex -70 0 30.01
      vertex -89.8916 4.41609 30.01
    endloop
  endfacet
  facet normal 0 0 1
    outer loop
      vertex -69.9157 -3.43474 30.01
      vertex -89.8916 -4.41609 30.01
      vertex -89.5666 -8.82154 30.01
    endloop
  endfacet
  facet normal 0 0 1
    outer loop
      vertex -70 0 30.01
      vertex -90 0 30.01
      vertex -89.8916 -4.41609 30.01
    endloop
  endfacet
  facet normal 0.9757 0.219109 0
    outer loop
      vertex 88.2707 17.5581 30.01
      vertex 87.3028 21.8682 15.01
      vertex 87.3028 21.8682 30.01
    endloop
  endfacet
  facet normal 0.9757 0.219109 0
    outer loop
      vertex 87.3028 21.8682 15.01
      vertex 88.2707 17.5581 30.01
      vertex 88.2707 17.5581 15.01
    endloop
  endfacet
  facet normal -0.9757 -0.219109 0
    outer loop
      vertex -87.3028 -21.8682 15.01
      vertex -88.2707 -17.5581 30.01
      vertex -88.2707 -17.5581 15.01
    endloop
  endfacet
  facet normal -0.9757 -0.219109 0
    outer loop
      vertex -88.2707 -17.5581 30.01
      vertex -87.3028 -21.8682 15.01
      vertex -87.3028 -21.8682 30.01
    endloop
  endfacet
  facet normal 0.653169 -0.757212 0
    outer loop
      vertex 57.0954 -69.5709 15.01
      vertex 60.4403 -66.6856 30.01
      vertex 57.0954 -69.5709 30.01
    endloop
  endfacet
  facet normal 0.653169 -0.757212 0
    outer loop
      vertex 60.4403 -66.6856 30.01
      vertex 57.0954 -69.5709 15.01
      vertex 60.4403 -66.6856 15.01
    endloop
  endfacet
  facet normal 0.914205 -0.405252 0
    outer loop
      vertex 81.359 -38.48 30.01
      vertex 83.1492 -34.4415 15.01
      vertex 83.1492 -34.4415 30.01
    endloop
  endfacet
  facet normal 0.914205 -0.405252 0
    outer loop
      vertex 83.1492 -34.4415 15.01
      vertex 81.359 -38.48 30.01
      vertex 81.359 -38.48 15.01
    endloop
  endfacet
  facet normal 0.492895 -0.870089 0
    outer loop
      vertex 42.4257 -79.3729 15.01
      vertex 46.2692 -77.1956 30.01
      vertex 42.4257 -79.3729 30.01
    endloop
  endfacet
  facet normal 0.492895 -0.870089 0
    outer loop
      vertex 46.2692 -77.1956 30.01
      vertex 42.4257 -79.3729 15.01
      vertex 46.2692 -77.1956 15.01
    endloop
  endfacet
  facet normal -0.359895 0.932993 0
    outer loop
      vertex -30.3201 84.739 15.01
      vertex -34.4415 83.1492 30.01
      vertex -30.3201 84.739 30.01
    endloop
  endfacet
  facet normal -0.359895 0.932993 0
    outer loop
      vertex -34.4415 83.1492 30.01
      vertex -30.3201 84.739 15.01
      vertex -34.4415 83.1492 15.01
    endloop
  endfacet
  facet normal -0.0245392 0.999699 0
    outer loop
      vertex 0 90 15.01
      vertex -4.41609 89.8916 30.01
      vertex 0 90 30.01
    endloop
  endfacet
  facet normal -0.0245392 0.999699 0
    outer loop
      vertex -4.41609 89.8916 30.01
      vertex 0 90 15.01
      vertex -4.41609 89.8916 15.01
    endloop
  endfacet
  facet normal 0.615236 0.788343 -0
    outer loop
      vertex 57.0954 69.5709 15.01
      vertex 53.6129 72.2887 30.01
      vertex 57.0954 69.5709 30.01
    endloop
  endfacet
  facet normal 0.615236 0.788343 0
    outer loop
      vertex 53.6129 72.2887 30.01
      vertex 57.0954 69.5709 15.01
      vertex 53.6129 72.2887 15.01
    endloop
  endfacet
  facet normal 0.757212 0.653169 0
    outer loop
      vertex 69.5709 57.0954 30.01
      vertex 66.6856 60.4403 15.01
      vertex 66.6856 60.4403 30.01
    endloop
  endfacet
  facet normal 0.757212 0.653169 0
    outer loop
      vertex 66.6856 60.4403 15.01
      vertex 69.5709 57.0954 30.01
      vertex 69.5709 57.0954 15.01
    endloop
  endfacet
  facet normal -0.653169 0.757212 0
    outer loop
      vertex -57.0954 69.5709 15.01
      vertex -60.4403 66.6856 30.01
      vertex -57.0954 69.5709 30.01
    endloop
  endfacet
  facet normal -0.653169 0.757212 0
    outer loop
      vertex -60.4403 66.6856 30.01
      vertex -57.0954 69.5709 15.01
      vertex -60.4403 66.6856 15.01
    endloop
  endfacet
  facet normal -0.170959 0.985278 0
    outer loop
      vertex -13.2057 89.0259 15.01
      vertex -17.5581 88.2707 30.01
      vertex -13.2057 89.0259 30.01
    endloop
  endfacet
  facet normal -0.170959 0.985278 0
    outer loop
      vertex -17.5581 88.2707 30.01
      vertex -13.2057 89.0259 15.01
      vertex -17.5581 88.2707 15.01
    endloop
  endfacet
  facet normal -0.492895 -0.870089 0
    outer loop
      vertex -46.2692 -77.1956 15.01
      vertex -42.4257 -79.3729 30.01
      vertex -46.2692 -77.1956 30.01
    endloop
  endfacet
  facet normal -0.492895 -0.870089 -0
    outer loop
      vertex -42.4257 -79.3729 30.01
      vertex -46.2692 -77.1956 15.01
      vertex -42.4257 -79.3729 15.01
    endloop
  endfacet
  facet normal -0.932993 -0.359895 0
    outer loop
      vertex -83.1492 -34.4415 15.01
      vertex -84.739 -30.3201 30.01
      vertex -84.739 -30.3201 15.01
    endloop
  endfacet
  facet normal -0.932993 -0.359895 0
    outer loop
      vertex -84.739 -30.3201 30.01
      vertex -83.1492 -34.4415 15.01
      vertex -83.1492 -34.4415 30.01
    endloop
  endfacet
  facet normal -0.949533 0.313666 0
    outer loop
      vertex -86.1246 26.1256 15.01
      vertex -84.739 30.3201 30.01
      vertex -84.739 30.3201 15.01
    endloop
  endfacet
  facet normal -0.949533 0.313666 0
    outer loop
      vertex -84.739 30.3201 30.01
      vertex -86.1246 26.1256 15.01
      vertex -86.1246 26.1256 30.01
    endloop
  endfacet
  facet normal 0.313666 0.949533 -0
    outer loop
      vertex 30.3201 84.739 15.01
      vertex 26.1256 86.1246 30.01
      vertex 30.3201 84.739 30.01
    endloop
  endfacet
  facet normal 0.313666 0.949533 0
    outer loop
      vertex 26.1256 86.1246 30.01
      vertex 30.3201 84.739 15.01
      vertex 26.1256 86.1246 15.01
    endloop
  endfacet
  facet normal 0.817582 -0.575812 0
    outer loop
      vertex 72.2887 -53.6129 30.01
      vertex 74.8323 -50.0013 15.01
      vertex 74.8323 -50.0013 30.01
    endloop
  endfacet
  facet normal 0.817582 -0.575812 0
    outer loop
      vertex 74.8323 -50.0013 15.01
      vertex 72.2887 -53.6129 30.01
      vertex 72.2887 -53.6129 15.01
    endloop
  endfacet
  facet normal 0.122403 -0.99248 0
    outer loop
      vertex 8.82154 -89.5666 15.01
      vertex 13.2057 -89.0259 30.01
      vertex 8.82154 -89.5666 30.01
    endloop
  endfacet
  facet normal 0.122403 -0.99248 0
    outer loop
      vertex 13.2057 -89.0259 30.01
      vertex 8.82154 -89.5666 15.01
      vertex 13.2057 -89.0259 15.01
    endloop
  endfacet
  facet normal 0.449612 -0.893224 0
    outer loop
      vertex 38.48 -81.359 15.01
      vertex 42.4257 -79.3729 30.01
      vertex 38.48 -81.359 30.01
    endloop
  endfacet
  facet normal 0.449612 -0.893224 0
    outer loop
      vertex 42.4257 -79.3729 30.01
      vertex 38.48 -81.359 15.01
      vertex 42.4257 -79.3729 15.01
    endloop
  endfacet
  facet normal 0.492895 0.870089 -0
    outer loop
      vertex 46.2692 77.1956 15.01
      vertex 42.4257 79.3729 30.01
      vertex 46.2692 77.1956 30.01
    endloop
  endfacet
  facet normal 0.492895 0.870089 0
    outer loop
      vertex 42.4257 79.3729 30.01
      vertex 46.2692 77.1956 15.01
      vertex 42.4257 79.3729 15.01
    endloop
  endfacet
  facet normal -0.844856 0.534993 0
    outer loop
      vertex -77.1956 46.2692 15.01
      vertex -74.8323 50.0013 30.01
      vertex -74.8323 50.0013 15.01
    endloop
  endfacet
  facet normal -0.844856 0.534993 0
    outer loop
      vertex -74.8323 50.0013 30.01
      vertex -77.1956 46.2692 15.01
      vertex -77.1956 46.2692 30.01
    endloop
  endfacet
  facet normal -0.575812 0.817582 0
    outer loop
      vertex -50.0013 74.8323 15.01
      vertex -53.6129 72.2887 30.01
      vertex -50.0013 74.8323 30.01
    endloop
  endfacet
  facet normal -0.575812 0.817582 0
    outer loop
      vertex -53.6129 72.2887 30.01
      vertex -50.0013 74.8323 15.01
      vertex -53.6129 72.2887 15.01
    endloop
  endfacet
  facet normal -0.449612 -0.893224 0
    outer loop
      vertex -42.4257 -79.3729 15.01
      vertex -38.48 -81.359 30.01
      vertex -42.4257 -79.3729 30.01
    endloop
  endfacet
  facet normal -0.449612 -0.893224 -0
    outer loop
      vertex -38.48 -81.359 30.01
      vertex -42.4257 -79.3729 15.01
      vertex -38.48 -81.359 15.01
    endloop
  endfacet
  facet normal -0.985278 -0.170959 0
    outer loop
      vertex -88.2707 -17.5581 15.01
      vertex -89.0259 -13.2057 30.01
      vertex -89.0259 -13.2057 15.01
    endloop
  endfacet
  facet normal -0.985278 -0.170959 0
    outer loop
      vertex -89.0259 -13.2057 30.01
      vertex -88.2707 -17.5581 15.01
      vertex -88.2707 -17.5581 30.01
    endloop
  endfacet
  facet normal 0.405252 -0.914205 0
    outer loop
      vertex 34.4415 -83.1492 15.01
      vertex 38.48 -81.359 30.01
      vertex 34.4415 -83.1492 30.01
    endloop
  endfacet
  facet normal 0.405252 -0.914205 0
    outer loop
      vertex 38.48 -81.359 30.01
      vertex 34.4415 -83.1492 15.01
      vertex 38.48 -81.359 15.01
    endloop
  endfacet
  facet normal -0.0245392 -0.999699 0
    outer loop
      vertex -4.41609 -89.8916 15.01
      vertex 0 -90 30.01
      vertex -4.41609 -89.8916 30.01
    endloop
  endfacet
  facet normal -0.0245392 -0.999699 -0
    outer loop
      vertex 0 -90 30.01
      vertex -4.41609 -89.8916 15.01
      vertex 0 -90 15.01
    endloop
  endfacet
  facet normal -0.893224 -0.449612 0
    outer loop
      vertex -79.3729 -42.4257 15.01
      vertex -81.359 -38.48 30.01
      vertex -81.359 -38.48 15.01
    endloop
  endfacet
  facet normal -0.893224 -0.449612 0
    outer loop
      vertex -81.359 -38.48 30.01
      vertex -79.3729 -42.4257 15.01
      vertex -79.3729 -42.4257 30.01
    endloop
  endfacet
  facet normal 0.788343 0.615236 0
    outer loop
      vertex 72.2887 53.6129 30.01
      vertex 69.5709 57.0954 15.01
      vertex 69.5709 57.0954 30.01
    endloop
  endfacet
  facet normal 0.788343 0.615236 0
    outer loop
      vertex 69.5709 57.0954 15.01
      vertex 72.2887 53.6129 30.01
      vertex 72.2887 53.6129 15.01
    endloop
  endfacet
  facet normal 0.0735723 0.99729 -0
    outer loop
      vertex 8.82154 89.5666 15.01
      vertex 4.41609 89.8916 30.01
      vertex 8.82154 89.5666 30.01
    endloop
  endfacet
  facet normal 0.0735723 0.99729 0
    outer loop
      vertex 4.41609 89.8916 30.01
      vertex 8.82154 89.5666 15.01
      vertex 4.41609 89.8916 15.01
    endloop
  endfacet
  facet normal 0.817582 0.575812 0
    outer loop
      vertex 74.8323 50.0013 30.01
      vertex 72.2887 53.6129 15.01
      vertex 72.2887 53.6129 30.01
    endloop
  endfacet
  facet normal 0.817582 0.575812 0
    outer loop
      vertex 72.2887 53.6129 15.01
      vertex 74.8323 50.0013 30.01
      vertex 74.8323 50.0013 15.01
    endloop
  endfacet
  facet normal -0.449612 0.893224 0
    outer loop
      vertex -38.48 81.359 15.01
      vertex -42.4257 79.3729 30.01
      vertex -38.48 81.359 30.01
    endloop
  endfacet
  facet normal -0.449612 0.893224 0
    outer loop
      vertex -42.4257 79.3729 30.01
      vertex -38.48 81.359 15.01
      vertex -42.4257 79.3729 15.01
    endloop
  endfacet
  facet normal 0.534993 0.844856 -0
    outer loop
      vertex 50.0013 74.8323 15.01
      vertex 46.2692 77.1956 30.01
      vertex 50.0013 74.8323 30.01
    endloop
  endfacet
  facet normal 0.534993 0.844856 0
    outer loop
      vertex 46.2692 77.1956 30.01
      vertex 50.0013 74.8323 15.01
      vertex 46.2692 77.1956 15.01
    endloop
  endfacet
  facet normal 0.0245392 0.999699 -0
    outer loop
      vertex 4.41609 89.8916 15.01
      vertex 0 90 30.01
      vertex 4.41609 89.8916 30.01
    endloop
  endfacet
  facet normal 0.0245392 0.999699 0
    outer loop
      vertex 0 90 30.01
      vertex 4.41609 89.8916 15.01
      vertex 0 90 15.01
    endloop
  endfacet
  facet normal -0.492895 0.870089 0
    outer loop
      vertex -42.4257 79.3729 15.01
      vertex -46.2692 77.1956 30.01
      vertex -42.4257 79.3729 30.01
    endloop
  endfacet
  facet normal -0.492895 0.870089 0
    outer loop
      vertex -46.2692 77.1956 30.01
      vertex -42.4257 79.3729 15.01
      vertex -46.2692 77.1956 15.01
    endloop
  endfacet
  facet normal -0.534993 0.844856 0
    outer loop
      vertex -46.2692 77.1956 15.01
      vertex -50.0013 74.8323 30.01
      vertex -46.2692 77.1956 30.01
    endloop
  endfacet
  facet normal -0.534993 0.844856 0
    outer loop
      vertex -50.0013 74.8323 30.01
      vertex -46.2692 77.1956 15.01
      vertex -50.0013 74.8323 15.01
    endloop
  endfacet
  facet normal -0.122403 -0.99248 0
    outer loop
      vertex -13.2057 -89.0259 15.01
      vertex -8.82154 -89.5666 30.01
      vertex -13.2057 -89.0259 30.01
    endloop
  endfacet
  facet normal -0.122403 -0.99248 -0
    outer loop
      vertex -8.82154 -89.5666 30.01
      vertex -13.2057 -89.0259 15.01
      vertex -8.82154 -89.5666 15.01
    endloop
  endfacet
  facet normal 0.985278 -0.170959 0
    outer loop
      vertex 88.2707 -17.5581 30.01
      vertex 89.0259 -13.2057 15.01
      vertex 89.0259 -13.2057 30.01
    endloop
  endfacet
  facet normal 0.985278 -0.170959 0
    outer loop
      vertex 89.0259 -13.2057 15.01
      vertex 88.2707 -17.5581 30.01
      vertex 88.2707 -17.5581 15.01
    endloop
  endfacet
  facet normal -0.914205 -0.405252 0
    outer loop
      vertex -81.359 -38.48 15.01
      vertex -83.1492 -34.4415 30.01
      vertex -83.1492 -34.4415 15.01
    endloop
  endfacet
  facet normal -0.914205 -0.405252 0
    outer loop
      vertex -83.1492 -34.4415 30.01
      vertex -81.359 -38.48 15.01
      vertex -81.359 -38.48 30.01
    endloop
  endfacet
  facet normal -0.893224 0.449612 0
    outer loop
      vertex -81.359 38.48 15.01
      vertex -79.3729 42.4257 30.01
      vertex -79.3729 42.4257 15.01
    endloop
  endfacet
  facet normal -0.893224 0.449612 0
    outer loop
      vertex -79.3729 42.4257 30.01
      vertex -81.359 38.48 15.01
      vertex -81.359 38.48 30.01
    endloop
  endfacet
  facet normal 0.266717 0.963775 -0
    outer loop
      vertex 26.1256 86.1246 15.01
      vertex 21.8682 87.3028 30.01
      vertex 26.1256 86.1246 30.01
    endloop
  endfacet
  facet normal 0.266717 0.963775 0
    outer loop
      vertex 21.8682 87.3028 30.01
      vertex 26.1256 86.1246 15.01
      vertex 21.8682 87.3028 15.01
    endloop
  endfacet
  facet normal -0.266717 0.963775 0
    outer loop
      vertex -21.8682 87.3028 15.01
      vertex -26.1256 86.1246 30.01
      vertex -21.8682 87.3028 30.01
    endloop
  endfacet
  facet normal -0.266717 0.963775 0
    outer loop
      vertex -26.1256 86.1246 30.01
      vertex -21.8682 87.3028 15.01
      vertex -26.1256 86.1246 15.01
    endloop
  endfacet
  facet normal -0.788343 -0.615236 0
    outer loop
      vertex -69.5709 -57.0954 15.01
      vertex -72.2887 -53.6129 30.01
      vertex -72.2887 -53.6129 15.01
    endloop
  endfacet
  facet normal -0.788343 -0.615236 0
    outer loop
      vertex -72.2887 -53.6129 30.01
      vertex -69.5709 -57.0954 15.01
      vertex -69.5709 -57.0954 30.01
    endloop
  endfacet
  facet normal -0.817582 -0.575812 0
    outer loop
      vertex -72.2887 -53.6129 15.01
      vertex -74.8323 -50.0013 30.01
      vertex -74.8323 -50.0013 15.01
    endloop
  endfacet
  facet normal -0.817582 -0.575812 0
    outer loop
      vertex -74.8323 -50.0013 30.01
      vertex -72.2887 -53.6129 15.01
      vertex -72.2887 -53.6129 30.01
    endloop
  endfacet
  facet normal -0.963775 -0.266717 0
    outer loop
      vertex -86.1246 -26.1256 15.01
      vertex -87.3028 -21.8682 30.01
      vertex -87.3028 -21.8682 15.01
    endloop
  endfacet
  facet normal -0.963775 -0.266717 0
    outer loop
      vertex -87.3028 -21.8682 30.01
      vertex -86.1246 -26.1256 15.01
      vertex -86.1246 -26.1256 30.01
    endloop
  endfacet
  facet normal -0.870089 0.492895 0
    outer loop
      vertex -79.3729 42.4257 15.01
      vertex -77.1956 46.2692 30.01
      vertex -77.1956 46.2692 15.01
    endloop
  endfacet
  facet normal -0.870089 0.492895 0
    outer loop
      vertex -77.1956 46.2692 30.01
      vertex -79.3729 42.4257 15.01
      vertex -79.3729 42.4257 30.01
    endloop
  endfacet
  facet normal -0.405252 0.914205 0
    outer loop
      vertex -34.4415 83.1492 15.01
      vertex -38.48 81.359 30.01
      vertex -34.4415 83.1492 30.01
    endloop
  endfacet
  facet normal -0.405252 0.914205 0
    outer loop
      vertex -38.48 81.359 30.01
      vertex -34.4415 83.1492 15.01
      vertex -38.48 81.359 15.01
    endloop
  endfacet
  facet normal -0.575812 -0.817582 0
    outer loop
      vertex -53.6129 -72.2887 15.01
      vertex -50.0013 -74.8323 30.01
      vertex -53.6129 -72.2887 30.01
    endloop
  endfacet
  facet normal -0.575812 -0.817582 -0
    outer loop
      vertex -50.0013 -74.8323 30.01
      vertex -53.6129 -72.2887 15.01
      vertex -50.0013 -74.8323 15.01
    endloop
  endfacet
  facet normal -0.534993 -0.844856 0
    outer loop
      vertex -50.0013 -74.8323 15.01
      vertex -46.2692 -77.1956 30.01
      vertex -50.0013 -74.8323 30.01
    endloop
  endfacet
  facet normal -0.534993 -0.844856 -0
    outer loop
      vertex -46.2692 -77.1956 30.01
      vertex -50.0013 -74.8323 15.01
      vertex -46.2692 -77.1956 15.01
    endloop
  endfacet
  facet normal -0.992482 -0.12239 0
    outer loop
      vertex -69.2424 -10.2711 30.01
      vertex -69.6629 -6.8612 45
      vertex -69.6629 -6.8612 30.01
    endloop
  endfacet
  facet normal -0.992482 -0.12239 0
    outer loop
      vertex -69.6629 -6.8612 45
      vertex -69.2424 -10.2711 30.01
      vertex -69.2424 -10.2711 45
    endloop
  endfacet
  facet normal 0.997289 0.0735788 0
    outer loop
      vertex 69.9157 3.43474 45
      vertex 69.6629 6.8612 30.01
      vertex 69.6629 6.8612 45
    endloop
  endfacet
  facet normal 0.997289 0.0735788 0
    outer loop
      vertex 69.6629 6.8612 30.01
      vertex 69.9157 3.43474 45
      vertex 69.9157 3.43474 30.01
    endloop
  endfacet
  facet normal 0.999699 0.024536 0
    outer loop
      vertex 70 0 45
      vertex 69.9157 3.43474 30.01
      vertex 69.9157 3.43474 45
    endloop
  endfacet
  facet normal 0.999699 0.024536 0
    outer loop
      vertex 69.9157 3.43474 30.01
      vertex 70 0 45
      vertex 70 0 30.01
    endloop
  endfacet
  facet normal 0.992482 0.12239 0
    outer loop
      vertex 69.6629 6.8612 45
      vertex 69.2424 10.2711 30.01
      vertex 69.2424 10.2711 45
    endloop
  endfacet
  facet normal 0.992482 0.12239 0
    outer loop
      vertex 69.2424 10.2711 30.01
      vertex 69.6629 6.8612 45
      vertex 69.6629 6.8612 30.01
    endloop
  endfacet
  facet normal -0.975701 -0.219106 0
    outer loop
      vertex -67.9022 -17.0086 30.01
      vertex -68.655 -13.6563 45
      vertex -68.655 -13.6563 30.01
    endloop
  endfacet
  facet normal -0.975701 -0.219106 0
    outer loop
      vertex -68.655 -13.6563 45
      vertex -67.9022 -17.0086 30.01
      vertex -67.9022 -17.0086 45
    endloop
  endfacet
  facet normal -0.999699 -0.024536 0
    outer loop
      vertex -69.9157 -3.43474 30.01
      vertex -70 0 45
      vertex -70 0 30.01
    endloop
  endfacet
  facet normal -0.999699 -0.024536 0
    outer loop
      vertex -70 0 45
      vertex -69.9157 -3.43474 30.01
      vertex -69.9157 -3.43474 45
    endloop
  endfacet
  facet normal 0.0735788 -0.997289 0
    outer loop
      vertex 3.43474 -69.9157 30.01
      vertex 6.8612 -69.6629 45
      vertex 3.43474 -69.9157 45
    endloop
  endfacet
  facet normal 0.0735788 -0.997289 0
    outer loop
      vertex 6.8612 -69.6629 45
      vertex 3.43474 -69.9157 30.01
      vertex 6.8612 -69.6629 30.01
    endloop
  endfacet
  facet normal 0.963773 0.266724 0
    outer loop
      vertex 67.9022 17.0086 45
      vertex 66.9858 20.3199 30.01
      vertex 66.9858 20.3199 45
    endloop
  endfacet
  facet normal 0.963773 0.266724 0
    outer loop
      vertex 66.9858 20.3199 30.01
      vertex 67.9022 17.0086 45
      vertex 67.9022 17.0086 30.01
    endloop
  endfacet
  facet normal 0.757217 0.653164 0
    outer loop
      vertex 54.1107 44.4075 45
      vertex 51.8666 47.0091 30.01
      vertex 51.8666 47.0091 45
    endloop
  endfacet
  facet normal 0.757217 0.653164 0
    outer loop
      vertex 51.8666 47.0091 30.01
      vertex 54.1107 44.4075 45
      vertex 54.1107 44.4075 30.01
    endloop
  endfacet
  facet normal 0.359896 -0.932993 0
    outer loop
      vertex 23.5823 -65.9081 30.01
      vertex 26.7878 -64.6716 45
      vertex 23.5823 -65.9081 45
    endloop
  endfacet
  facet normal 0.359896 -0.932993 0
    outer loop
      vertex 26.7878 -64.6716 45
      vertex 23.5823 -65.9081 30.01
      vertex 26.7878 -64.6716 30.01
    endloop
  endfacet
  facet normal 0.914216 0.405228 0
    outer loop
      vertex 64.6716 26.7878 45
      vertex 63.2793 29.9289 30.01
      vertex 63.2793 29.9289 45
    endloop
  endfacet
  facet normal 0.914216 0.405228 0
    outer loop
      vertex 63.2793 29.9289 30.01
      vertex 64.6716 26.7878 45
      vertex 64.6716 26.7878 30.01
    endloop
  endfacet
  facet normal 0.219106 0.975701 -0
    outer loop
      vertex 17.0086 67.9022 30.01
      vertex 13.6563 68.655 45
      vertex 17.0086 67.9022 45
    endloop
  endfacet
  facet normal 0.219106 0.975701 0
    outer loop
      vertex 13.6563 68.655 45
      vertex 17.0086 67.9022 30.01
      vertex 13.6563 68.655 30.01
    endloop
  endfacet
  facet normal -0.219106 -0.975701 0
    outer loop
      vertex -17.0086 -67.9022 30.01
      vertex -13.6563 -68.655 45
      vertex -17.0086 -67.9022 45
    endloop
  endfacet
  facet normal -0.219106 -0.975701 -0
    outer loop
      vertex -13.6563 -68.655 45
      vertex -17.0086 -67.9022 30.01
      vertex -13.6563 -68.655 30.01
    endloop
  endfacet
  facet normal -0.492904 0.870084 0
    outer loop
      vertex -32.9978 61.7345 30.01
      vertex -35.9872 60.041 45
      vertex -32.9978 61.7345 45
    endloop
  endfacet
  facet normal -0.492904 0.870084 0
    outer loop
      vertex -35.9872 60.041 45
      vertex -32.9978 61.7345 30.01
      vertex -35.9872 60.041 30.01
    endloop
  endfacet
  facet normal 0.963773 -0.266724 0
    outer loop
      vertex 66.9858 -20.3199 45
      vertex 67.9022 -17.0086 30.01
      vertex 67.9022 -17.0086 45
    endloop
  endfacet
  facet normal 0.963773 -0.266724 0
    outer loop
      vertex 67.9022 -17.0086 30.01
      vertex 66.9858 -20.3199 45
      vertex 66.9858 -20.3199 30.01
    endloop
  endfacet
  facet normal 0.534995 0.844855 -0
    outer loop
      vertex 38.8899 58.2029 30.01
      vertex 35.9872 60.041 45
      vertex 38.8899 58.2029 45
    endloop
  endfacet
  facet normal 0.534995 0.844855 0
    outer loop
      vertex 35.9872 60.041 45
      vertex 38.8899 58.2029 30.01
      vertex 35.9872 60.041 30.01
    endloop
  endfacet
  facet normal 0.757217 -0.653164 0
    outer loop
      vertex 51.8666 -47.0091 45
      vertex 54.1107 -44.4075 30.01
      vertex 54.1107 -44.4075 45
    endloop
  endfacet
  facet normal 0.757217 -0.653164 0
    outer loop
      vertex 54.1107 -44.4075 30.01
      vertex 51.8666 -47.0091 45
      vertex 51.8666 -47.0091 30.01
    endloop
  endfacet
  facet normal 0.870084 -0.492904 0
    outer loop
      vertex 60.041 -35.9872 45
      vertex 61.7345 -32.9978 30.01
      vertex 61.7345 -32.9978 45
    endloop
  endfacet
  facet normal 0.870084 -0.492904 0
    outer loop
      vertex 61.7345 -32.9978 30.01
      vertex 60.041 -35.9872 45
      vertex 60.041 -35.9872 30.01
    endloop
  endfacet
  facet normal 0.870084 0.492904 0
    outer loop
      vertex 61.7345 32.9978 45
      vertex 60.041 35.9872 30.01
      vertex 60.041 35.9872 45
    endloop
  endfacet
  facet normal 0.870084 0.492904 0
    outer loop
      vertex 60.041 35.9872 30.01
      vertex 61.7345 32.9978 45
      vertex 61.7345 32.9978 30.01
    endloop
  endfacet
  facet normal -0.949533 0.313668 0
    outer loop
      vertex -66.9858 20.3199 30.01
      vertex -65.9081 23.5823 45
      vertex -65.9081 23.5823 30.01
    endloop
  endfacet
  facet normal -0.949533 0.313668 0
    outer loop
      vertex -65.9081 23.5823 45
      vertex -66.9858 20.3199 30.01
      vertex -66.9858 20.3199 45
    endloop
  endfacet
  facet normal 0.985277 0.170965 0
    outer loop
      vertex 69.2424 10.2711 45
      vertex 68.655 13.6563 30.01
      vertex 68.655 13.6563 45
    endloop
  endfacet
  facet normal 0.985277 0.170965 0
    outer loop
      vertex 68.655 13.6563 30.01
      vertex 69.2424 10.2711 45
      vertex 69.2424 10.2711 30.01
    endloop
  endfacet
  facet normal -0.313668 0.949533 0
    outer loop
      vertex -20.3199 66.9858 30.01
      vertex -23.5823 65.9081 45
      vertex -20.3199 66.9858 45
    endloop
  endfacet
  facet normal -0.313668 0.949533 0
    outer loop
      vertex -23.5823 65.9081 45
      vertex -20.3199 66.9858 30.01
      vertex -23.5823 65.9081 30.01
    endloop
  endfacet
  facet normal 0.949533 -0.313668 0
    outer loop
      vertex 65.9081 -23.5823 45
      vertex 66.9858 -20.3199 30.01
      vertex 66.9858 -20.3199 45
    endloop
  endfacet
  facet normal 0.949533 -0.313668 0
    outer loop
      vertex 66.9858 -20.3199 30.01
      vertex 65.9081 -23.5823 45
      vertex 65.9081 -23.5823 30.01
    endloop
  endfacet
  facet normal 0.689532 0.724255 -0
    outer loop
      vertex 49.4975 49.4975 30.01
      vertex 47.0091 51.8666 45
      vertex 49.4975 49.4975 45
    endloop
  endfacet
  facet normal 0.689532 0.724255 0
    outer loop
      vertex 47.0091 51.8666 45
      vertex 49.4975 49.4975 30.01
      vertex 47.0091 51.8666 30.01
    endloop
  endfacet
  facet normal -0.757217 0.653164 0
    outer loop
      vertex -54.1107 44.4075 30.01
      vertex -51.8666 47.0091 45
      vertex -51.8666 47.0091 30.01
    endloop
  endfacet
  facet normal -0.757217 0.653164 0
    outer loop
      vertex -51.8666 47.0091 45
      vertex -54.1107 44.4075 30.01
      vertex -54.1107 44.4075 45
    endloop
  endfacet
  facet normal 0.57581 0.817584 -0
    outer loop
      vertex 41.699 56.2245 30.01
      vertex 38.8899 58.2029 45
      vertex 41.699 56.2245 45
    endloop
  endfacet
  facet normal 0.57581 0.817584 0
    outer loop
      vertex 38.8899 58.2029 45
      vertex 41.699 56.2245 30.01
      vertex 38.8899 58.2029 30.01
    endloop
  endfacet
  facet normal 0.653164 0.757217 -0
    outer loop
      vertex 47.0091 51.8666 30.01
      vertex 44.4075 54.1107 45
      vertex 47.0091 51.8666 45
    endloop
  endfacet
  facet normal 0.653164 0.757217 0
    outer loop
      vertex 44.4075 54.1107 45
      vertex 47.0091 51.8666 30.01
      vertex 44.4075 54.1107 30.01
    endloop
  endfacet
  facet normal 0.219106 -0.975701 0
    outer loop
      vertex 13.6563 -68.655 30.01
      vertex 17.0086 -67.9022 45
      vertex 13.6563 -68.655 45
    endloop
  endfacet
  facet normal 0.219106 -0.975701 0
    outer loop
      vertex 17.0086 -67.9022 45
      vertex 13.6563 -68.655 30.01
      vertex 17.0086 -67.9022 30.01
    endloop
  endfacet
  facet normal -0.724255 -0.689532 0
    outer loop
      vertex -49.4975 -49.4975 30.01
      vertex -51.8666 -47.0091 45
      vertex -51.8666 -47.0091 30.01
    endloop
  endfacet
  facet normal -0.724255 -0.689532 0
    outer loop
      vertex -51.8666 -47.0091 45
      vertex -49.4975 -49.4975 30.01
      vertex -49.4975 -49.4975 45
    endloop
  endfacet
  facet normal 0.997289 -0.0735788 0
    outer loop
      vertex 69.6629 -6.8612 45
      vertex 69.9157 -3.43474 30.01
      vertex 69.9157 -3.43474 45
    endloop
  endfacet
  facet normal 0.997289 -0.0735788 0
    outer loop
      vertex 69.9157 -3.43474 30.01
      vertex 69.6629 -6.8612 45
      vertex 69.6629 -6.8612 30.01
    endloop
  endfacet
  facet normal 0.893219 0.449622 0
    outer loop
      vertex 63.2793 29.9289 45
      vertex 61.7345 32.9978 30.01
      vertex 61.7345 32.9978 45
    endloop
  endfacet
  facet normal 0.893219 0.449622 0
    outer loop
      vertex 61.7345 32.9978 30.01
      vertex 63.2793 29.9289 45
      vertex 63.2793 29.9289 30.01
    endloop
  endfacet
  facet normal -0.12239 0.992482 0
    outer loop
      vertex -6.8612 69.6629 30.01
      vertex -10.2711 69.2424 45
      vertex -6.8612 69.6629 45
    endloop
  endfacet
  facet normal -0.12239 0.992482 0
    outer loop
      vertex -10.2711 69.2424 45
      vertex -6.8612 69.6629 30.01
      vertex -10.2711 69.2424 30.01
    endloop
  endfacet
  facet normal -0.689532 0.724255 0
    outer loop
      vertex -47.0091 51.8666 30.01
      vertex -49.4975 49.4975 45
      vertex -47.0091 51.8666 45
    endloop
  endfacet
  facet normal -0.689532 0.724255 0
    outer loop
      vertex -49.4975 49.4975 45
      vertex -47.0091 51.8666 30.01
      vertex -49.4975 49.4975 30.01
    endloop
  endfacet
  facet normal 0.724255 -0.689532 0
    outer loop
      vertex 49.4975 -49.4975 45
      vertex 51.8666 -47.0091 30.01
      vertex 51.8666 -47.0091 45
    endloop
  endfacet
  facet normal 0.724255 -0.689532 0
    outer loop
      vertex 51.8666 -47.0091 30.01
      vertex 49.4975 -49.4975 45
      vertex 49.4975 -49.4975 30.01
    endloop
  endfacet
  facet normal -0.653164 -0.757217 0
    outer loop
      vertex -47.0091 -51.8666 30.01
      vertex -44.4075 -54.1107 45
      vertex -47.0091 -51.8666 45
    endloop
  endfacet
  facet normal -0.653164 -0.757217 -0
    outer loop
      vertex -44.4075 -54.1107 45
      vertex -47.0091 -51.8666 30.01
      vertex -44.4075 -54.1107 30.01
    endloop
  endfacet
  facet normal -0.534995 0.844855 0
    outer loop
      vertex -35.9872 60.041 30.01
      vertex -38.8899 58.2029 45
      vertex -35.9872 60.041 45
    endloop
  endfacet
  facet normal -0.534995 0.844855 0
    outer loop
      vertex -38.8899 58.2029 45
      vertex -35.9872 60.041 30.01
      vertex -38.8899 58.2029 30.01
    endloop
  endfacet
  facet normal -0.0735788 0.997289 0
    outer loop
      vertex -3.43474 69.9157 30.01
      vertex -6.8612 69.6629 45
      vertex -3.43474 69.9157 45
    endloop
  endfacet
  facet normal -0.0735788 0.997289 0
    outer loop
      vertex -6.8612 69.6629 45
      vertex -3.43474 69.9157 30.01
      vertex -6.8612 69.6629 30.01
    endloop
  endfacet
  facet normal 0.12239 0.992482 -0
    outer loop
      vertex 10.2711 69.2424 30.01
      vertex 6.8612 69.6629 45
      vertex 10.2711 69.2424 45
    endloop
  endfacet
  facet normal 0.12239 0.992482 0
    outer loop
      vertex 6.8612 69.6629 45
      vertex 10.2711 69.2424 30.01
      vertex 6.8612 69.6629 30.01
    endloop
  endfacet
  facet normal -0.57581 0.817584 0
    outer loop
      vertex -38.8899 58.2029 30.01
      vertex -41.699 56.2245 45
      vertex -38.8899 58.2029 45
    endloop
  endfacet
  facet normal -0.57581 0.817584 0
    outer loop
      vertex -41.699 56.2245 45
      vertex -38.8899 58.2029 30.01
      vertex -41.699 56.2245 30.01
    endloop
  endfacet
  facet normal 0.844855 -0.534995 0
    outer loop
      vertex 58.2029 -38.8899 45
      vertex 60.041 -35.9872 30.01
      vertex 60.041 -35.9872 45
    endloop
  endfacet
  facet normal 0.844855 -0.534995 0
    outer loop
      vertex 60.041 -35.9872 30.01
      vertex 58.2029 -38.8899 45
      vertex 58.2029 -38.8899 30.01
    endloop
  endfacet
  facet normal 0.985277 -0.170965 0
    outer loop
      vertex 68.655 -13.6563 45
      vertex 69.2424 -10.2711 30.01
      vertex 69.2424 -10.2711 45
    endloop
  endfacet
  facet normal 0.985277 -0.170965 0
    outer loop
      vertex 69.2424 -10.2711 30.01
      vertex 68.655 -13.6563 45
      vertex 68.655 -13.6563 30.01
    endloop
  endfacet
  facet normal -0.266724 -0.963773 0
    outer loop
      vertex -20.3199 -66.9858 30.01
      vertex -17.0086 -67.9022 45
      vertex -20.3199 -66.9858 45
    endloop
  endfacet
  facet normal -0.266724 -0.963773 -0
    outer loop
      vertex -17.0086 -67.9022 45
      vertex -20.3199 -66.9858 30.01
      vertex -17.0086 -67.9022 30.01
    endloop
  endfacet
  facet normal -0.949533 -0.313668 0
    outer loop
      vertex -65.9081 -23.5823 30.01
      vertex -66.9858 -20.3199 45
      vertex -66.9858 -20.3199 30.01
    endloop
  endfacet
  facet normal -0.949533 -0.313668 0
    outer loop
      vertex -66.9858 -20.3199 45
      vertex -65.9081 -23.5823 30.01
      vertex -65.9081 -23.5823 45
    endloop
  endfacet
  facet normal 0.817584 0.57581 0
    outer loop
      vertex 58.2029 38.8899 45
      vertex 56.2245 41.699 30.01
      vertex 56.2245 41.699 45
    endloop
  endfacet
  facet normal 0.817584 0.57581 0
    outer loop
      vertex 56.2245 41.699 30.01
      vertex 58.2029 38.8899 45
      vertex 58.2029 38.8899 30.01
    endloop
  endfacet
  facet normal 0.932993 -0.359896 0
    outer loop
      vertex 64.6716 -26.7878 45
      vertex 65.9081 -23.5823 30.01
      vertex 65.9081 -23.5823 45
    endloop
  endfacet
  facet normal 0.932993 -0.359896 0
    outer loop
      vertex 65.9081 -23.5823 30.01
      vertex 64.6716 -26.7878 45
      vertex 64.6716 -26.7878 30.01
    endloop
  endfacet
  facet normal -0.219106 0.975701 0
    outer loop
      vertex -13.6563 68.655 30.01
      vertex -17.0086 67.9022 45
      vertex -13.6563 68.655 45
    endloop
  endfacet
  facet normal -0.219106 0.975701 0
    outer loop
      vertex -17.0086 67.9022 45
      vertex -13.6563 68.655 30.01
      vertex -17.0086 67.9022 30.01
    endloop
  endfacet
  facet normal -0.844855 -0.534995 0
    outer loop
      vertex -58.2029 -38.8899 30.01
      vertex -60.041 -35.9872 45
      vertex -60.041 -35.9872 30.01
    endloop
  endfacet
  facet normal -0.844855 -0.534995 0
    outer loop
      vertex -60.041 -35.9872 45
      vertex -58.2029 -38.8899 30.01
      vertex -58.2029 -38.8899 45
    endloop
  endfacet
  facet normal 0.170965 -0.985277 0
    outer loop
      vertex 10.2711 -69.2424 30.01
      vertex 13.6563 -68.655 45
      vertex 10.2711 -69.2424 45
    endloop
  endfacet
  facet normal 0.170965 -0.985277 0
    outer loop
      vertex 13.6563 -68.655 45
      vertex 10.2711 -69.2424 30.01
      vertex 13.6563 -68.655 30.01
    endloop
  endfacet
  facet normal -0.997289 -0.0735788 0
    outer loop
      vertex -69.6629 -6.8612 30.01
      vertex -69.9157 -3.43474 45
      vertex -69.9157 -3.43474 30.01
    endloop
  endfacet
  facet normal -0.997289 -0.0735788 0
    outer loop
      vertex -69.9157 -3.43474 45
      vertex -69.6629 -6.8612 30.01
      vertex -69.6629 -6.8612 45
    endloop
  endfacet
  facet normal -0.724255 0.689532 0
    outer loop
      vertex -51.8666 47.0091 30.01
      vertex -49.4975 49.4975 45
      vertex -49.4975 49.4975 30.01
    endloop
  endfacet
  facet normal -0.724255 0.689532 0
    outer loop
      vertex -49.4975 49.4975 45
      vertex -51.8666 47.0091 30.01
      vertex -51.8666 47.0091 45
    endloop
  endfacet
  facet normal 0.653164 -0.757217 0
    outer loop
      vertex 44.4075 -54.1107 30.01
      vertex 47.0091 -51.8666 45
      vertex 44.4075 -54.1107 45
    endloop
  endfacet
  facet normal 0.653164 -0.757217 0
    outer loop
      vertex 47.0091 -51.8666 45
      vertex 44.4075 -54.1107 30.01
      vertex 47.0091 -51.8666 30.01
    endloop
  endfacet
  facet normal -0.12239 -0.992482 0
    outer loop
      vertex -10.2711 -69.2424 30.01
      vertex -6.8612 -69.6629 45
      vertex -10.2711 -69.2424 45
    endloop
  endfacet
  facet normal -0.12239 -0.992482 -0
    outer loop
      vertex -6.8612 -69.6629 45
      vertex -10.2711 -69.2424 30.01
      vertex -6.8612 -69.6629 30.01
    endloop
  endfacet
  facet normal 0.024536 -0.999699 0
    outer loop
      vertex 0 -70 30.01
      vertex 3.43474 -69.9157 45
      vertex 0 -70 45
    endloop
  endfacet
  facet normal 0.024536 -0.999699 0
    outer loop
      vertex 3.43474 -69.9157 45
      vertex 0 -70 30.01
      vertex 3.43474 -69.9157 30.01
    endloop
  endfacet
  facet normal -0.615244 -0.788337 0
    outer loop
      vertex -44.4075 -54.1107 30.01
      vertex -41.699 -56.2245 45
      vertex -44.4075 -54.1107 45
    endloop
  endfacet
  facet normal -0.615244 -0.788337 -0
    outer loop
      vertex -41.699 -56.2245 45
      vertex -44.4075 -54.1107 30.01
      vertex -41.699 -56.2245 30.01
    endloop
  endfacet
  facet normal -0.999699 0.024536 0
    outer loop
      vertex -70 0 30.01
      vertex -69.9157 3.43474 45
      vertex -69.9157 3.43474 30.01
    endloop
  endfacet
  facet normal -0.999699 0.024536 0
    outer loop
      vertex -69.9157 3.43474 45
      vertex -70 0 30.01
      vertex -70 0 45
    endloop
  endfacet
  facet normal 0.788337 -0.615244 0
    outer loop
      vertex 54.1107 -44.4075 45
      vertex 56.2245 -41.699 30.01
      vertex 56.2245 -41.699 45
    endloop
  endfacet
  facet normal 0.788337 -0.615244 0
    outer loop
      vertex 56.2245 -41.699 30.01
      vertex 54.1107 -44.4075 45
      vertex 54.1107 -44.4075 30.01
    endloop
  endfacet
  facet normal -0.992482 0.12239 0
    outer loop
      vertex -69.6629 6.8612 30.01
      vertex -69.2424 10.2711 45
      vertex -69.2424 10.2711 30.01
    endloop
  endfacet
  facet normal -0.992482 0.12239 0
    outer loop
      vertex -69.2424 10.2711 45
      vertex -69.6629 6.8612 30.01
      vertex -69.6629 6.8612 45
    endloop
  endfacet
  facet normal -0.975701 0.219106 0
    outer loop
      vertex -68.655 13.6563 30.01
      vertex -67.9022 17.0086 45
      vertex -67.9022 17.0086 30.01
    endloop
  endfacet
  facet normal -0.975701 0.219106 0
    outer loop
      vertex -67.9022 17.0086 45
      vertex -68.655 13.6563 30.01
      vertex -68.655 13.6563 45
    endloop
  endfacet
  facet normal 0.492904 0.870084 -0
    outer loop
      vertex 35.9872 60.041 30.01
      vertex 32.9978 61.7345 45
      vertex 35.9872 60.041 45
    endloop
  endfacet
  facet normal 0.492904 0.870084 0
    outer loop
      vertex 32.9978 61.7345 45
      vertex 35.9872 60.041 30.01
      vertex 32.9978 61.7345 30.01
    endloop
  endfacet
  facet normal 0.405228 0.914216 -0
    outer loop
      vertex 29.9289 63.2793 30.01
      vertex 26.7878 64.6716 45
      vertex 29.9289 63.2793 45
    endloop
  endfacet
  facet normal 0.405228 0.914216 0
    outer loop
      vertex 26.7878 64.6716 45
      vertex 29.9289 63.2793 30.01
      vertex 26.7878 64.6716 30.01
    endloop
  endfacet
  facet normal -0.788337 0.615244 0
    outer loop
      vertex -56.2245 41.699 30.01
      vertex -54.1107 44.4075 45
      vertex -54.1107 44.4075 30.01
    endloop
  endfacet
  facet normal -0.788337 0.615244 0
    outer loop
      vertex -54.1107 44.4075 45
      vertex -56.2245 41.699 30.01
      vertex -56.2245 41.699 45
    endloop
  endfacet
  facet normal 0.170965 0.985277 -0
    outer loop
      vertex 13.6563 68.655 30.01
      vertex 10.2711 69.2424 45
      vertex 13.6563 68.655 45
    endloop
  endfacet
  facet normal 0.170965 0.985277 0
    outer loop
      vertex 10.2711 69.2424 45
      vertex 13.6563 68.655 30.01
      vertex 10.2711 69.2424 30.01
    endloop
  endfacet
  facet normal 0.689532 -0.724255 0
    outer loop
      vertex 47.0091 -51.8666 30.01
      vertex 49.4975 -49.4975 45
      vertex 47.0091 -51.8666 45
    endloop
  endfacet
  facet normal 0.689532 -0.724255 0
    outer loop
      vertex 49.4975 -49.4975 45
      vertex 47.0091 -51.8666 30.01
      vertex 49.4975 -49.4975 30.01
    endloop
  endfacet
  facet normal 0.975701 0.219106 0
    outer loop
      vertex 68.655 13.6563 45
      vertex 67.9022 17.0086 30.01
      vertex 67.9022 17.0086 45
    endloop
  endfacet
  facet normal 0.975701 0.219106 0
    outer loop
      vertex 67.9022 17.0086 30.01
      vertex 68.655 13.6563 45
      vertex 68.655 13.6563 30.01
    endloop
  endfacet
  facet normal -0.870084 -0.492904 0
    outer loop
      vertex -60.041 -35.9872 30.01
      vertex -61.7345 -32.9978 45
      vertex -61.7345 -32.9978 30.01
    endloop
  endfacet
  facet normal -0.870084 -0.492904 0
    outer loop
      vertex -61.7345 -32.9978 45
      vertex -60.041 -35.9872 30.01
      vertex -60.041 -35.9872 45
    endloop
  endfacet
  facet normal 0.949533 0.313668 0
    outer loop
      vertex 66.9858 20.3199 45
      vertex 65.9081 23.5823 30.01
      vertex 65.9081 23.5823 45
    endloop
  endfacet
  facet normal 0.949533 0.313668 0
    outer loop
      vertex 65.9081 23.5823 30.01
      vertex 66.9858 20.3199 45
      vertex 66.9858 20.3199 30.01
    endloop
  endfacet
  facet normal -0.914216 0.405228 0
    outer loop
      vertex -64.6716 26.7878 30.01
      vertex -63.2793 29.9289 45
      vertex -63.2793 29.9289 30.01
    endloop
  endfacet
  facet normal -0.914216 0.405228 0
    outer loop
      vertex -63.2793 29.9289 45
      vertex -64.6716 26.7878 30.01
      vertex -64.6716 26.7878 45
    endloop
  endfacet
  facet normal -0.757217 -0.653164 0
    outer loop
      vertex -51.8666 -47.0091 30.01
      vertex -54.1107 -44.4075 45
      vertex -54.1107 -44.4075 30.01
    endloop
  endfacet
  facet normal -0.757217 -0.653164 0
    outer loop
      vertex -54.1107 -44.4075 45
      vertex -51.8666 -47.0091 30.01
      vertex -51.8666 -47.0091 45
    endloop
  endfacet
  facet normal 0.724255 0.689532 0
    outer loop
      vertex 51.8666 47.0091 45
      vertex 49.4975 49.4975 30.01
      vertex 49.4975 49.4975 45
    endloop
  endfacet
  facet normal 0.724255 0.689532 0
    outer loop
      vertex 49.4975 49.4975 30.01
      vertex 51.8666 47.0091 45
      vertex 51.8666 47.0091 30.01
    endloop
  endfacet
  facet normal -0.0735788 -0.997289 0
    outer loop
      vertex -6.8612 -69.6629 30.01
      vertex -3.43474 -69.9157 45
      vertex -6.8612 -69.6629 45
    endloop
  endfacet
  facet normal -0.0735788 -0.997289 -0
    outer loop
      vertex -3.43474 -69.9157 45
      vertex -6.8612 -69.6629 30.01
      vertex -3.43474 -69.9157 30.01
    endloop
  endfacet
  facet normal 0.999699 -0.024536 0
    outer loop
      vertex 69.9157 -3.43474 45
      vertex 70 0 30.01
      vertex 70 0 45
    endloop
  endfacet
  facet normal 0.999699 -0.024536 0
    outer loop
      vertex 70 0 30.01
      vertex 69.9157 -3.43474 45
      vertex 69.9157 -3.43474 30.01
    endloop
  endfacet
  facet normal -0.492904 -0.870084 0
    outer loop
      vertex -35.9872 -60.041 30.01
      vertex -32.9978 -61.7345 45
      vertex -35.9872 -60.041 45
    endloop
  endfacet
  facet normal -0.492904 -0.870084 -0
    outer loop
      vertex -32.9978 -61.7345 45
      vertex -35.9872 -60.041 30.01
      vertex -32.9978 -61.7345 30.01
    endloop
  endfacet
  facet normal -0.893219 0.449622 0
    outer loop
      vertex -63.2793 29.9289 30.01
      vertex -61.7345 32.9978 45
      vertex -61.7345 32.9978 30.01
    endloop
  endfacet
  facet normal -0.893219 0.449622 0
    outer loop
      vertex -61.7345 32.9978 45
      vertex -63.2793 29.9289 30.01
      vertex -63.2793 29.9289 45
    endloop
  endfacet
  facet normal 0.449622 0.893219 -0
    outer loop
      vertex 32.9978 61.7345 30.01
      vertex 29.9289 63.2793 45
      vertex 32.9978 61.7345 45
    endloop
  endfacet
  facet normal 0.449622 0.893219 0
    outer loop
      vertex 29.9289 63.2793 45
      vertex 32.9978 61.7345 30.01
      vertex 29.9289 63.2793 30.01
    endloop
  endfacet
  facet normal 0.788337 0.615244 0
    outer loop
      vertex 56.2245 41.699 45
      vertex 54.1107 44.4075 30.01
      vertex 54.1107 44.4075 45
    endloop
  endfacet
  facet normal 0.788337 0.615244 0
    outer loop
      vertex 54.1107 44.4075 30.01
      vertex 56.2245 41.699 45
      vertex 56.2245 41.699 30.01
    endloop
  endfacet
  facet normal -0.359896 -0.932993 0
    outer loop
      vertex -26.7878 -64.6716 30.01
      vertex -23.5823 -65.9081 45
      vertex -26.7878 -64.6716 45
    endloop
  endfacet
  facet normal -0.359896 -0.932993 -0
    outer loop
      vertex -23.5823 -65.9081 45
      vertex -26.7878 -64.6716 30.01
      vertex -23.5823 -65.9081 30.01
    endloop
  endfacet
  facet normal 0.57581 -0.817584 0
    outer loop
      vertex 38.8899 -58.2029 30.01
      vertex 41.699 -56.2245 45
      vertex 38.8899 -58.2029 45
    endloop
  endfacet
  facet normal 0.57581 -0.817584 0
    outer loop
      vertex 41.699 -56.2245 45
      vertex 38.8899 -58.2029 30.01
      vertex 41.699 -56.2245 30.01
    endloop
  endfacet
  facet normal 0.024536 0.999699 -0
    outer loop
      vertex 3.43474 69.9157 30.01
      vertex 0 70 45
      vertex 3.43474 69.9157 45
    endloop
  endfacet
  facet normal 0.024536 0.999699 0
    outer loop
      vertex 0 70 45
      vertex 3.43474 69.9157 30.01
      vertex 0 70 30.01
    endloop
  endfacet
  facet normal -0.914216 -0.405228 0
    outer loop
      vertex -63.2793 -29.9289 30.01
      vertex -64.6716 -26.7878 45
      vertex -64.6716 -26.7878 30.01
    endloop
  endfacet
  facet normal -0.914216 -0.405228 0
    outer loop
      vertex -64.6716 -26.7878 45
      vertex -63.2793 -29.9289 30.01
      vertex -63.2793 -29.9289 45
    endloop
  endfacet
  facet normal 0.844855 0.534995 0
    outer loop
      vertex 60.041 35.9872 45
      vertex 58.2029 38.8899 30.01
      vertex 58.2029 38.8899 45
    endloop
  endfacet
  facet normal 0.844855 0.534995 0
    outer loop
      vertex 58.2029 38.8899 30.01
      vertex 60.041 35.9872 45
      vertex 60.041 35.9872 30.01
    endloop
  endfacet
  facet normal 0.313668 -0.949533 0
    outer loop
      vertex 20.3199 -66.9858 30.01
      vertex 23.5823 -65.9081 45
      vertex 20.3199 -66.9858 45
    endloop
  endfacet
  facet normal 0.313668 -0.949533 0
    outer loop
      vertex 23.5823 -65.9081 45
      vertex 20.3199 -66.9858 30.01
      vertex 23.5823 -65.9081 30.01
    endloop
  endfacet
  facet normal 0.534995 -0.844855 0
    outer loop
      vertex 35.9872 -60.041 30.01
      vertex 38.8899 -58.2029 45
      vertex 35.9872 -60.041 45
    endloop
  endfacet
  facet normal 0.534995 -0.844855 0
    outer loop
      vertex 38.8899 -58.2029 45
      vertex 35.9872 -60.041 30.01
      vertex 38.8899 -58.2029 30.01
    endloop
  endfacet
  facet normal 0.492904 -0.870084 0
    outer loop
      vertex 32.9978 -61.7345 30.01
      vertex 35.9872 -60.041 45
      vertex 32.9978 -61.7345 45
    endloop
  endfacet
  facet normal 0.492904 -0.870084 0
    outer loop
      vertex 35.9872 -60.041 45
      vertex 32.9978 -61.7345 30.01
      vertex 35.9872 -60.041 30.01
    endloop
  endfacet
  facet normal -0.359896 0.932993 0
    outer loop
      vertex -23.5823 65.9081 30.01
      vertex -26.7878 64.6716 45
      vertex -23.5823 65.9081 45
    endloop
  endfacet
  facet normal -0.359896 0.932993 0
    outer loop
      vertex -26.7878 64.6716 45
      vertex -23.5823 65.9081 30.01
      vertex -26.7878 64.6716 30.01
    endloop
  endfacet
  facet normal -0.024536 0.999699 0
    outer loop
      vertex 0 70 30.01
      vertex -3.43474 69.9157 45
      vertex 0 70 45
    endloop
  endfacet
  facet normal -0.024536 0.999699 0
    outer loop
      vertex -3.43474 69.9157 45
      vertex 0 70 30.01
      vertex -3.43474 69.9157 30.01
    endloop
  endfacet
  facet normal 0.615244 0.788337 -0
    outer loop
      vertex 44.4075 54.1107 30.01
      vertex 41.699 56.2245 45
      vertex 44.4075 54.1107 45
    endloop
  endfacet
  facet normal 0.615244 0.788337 0
    outer loop
      vertex 41.699 56.2245 45
      vertex 44.4075 54.1107 30.01
      vertex 41.699 56.2245 30.01
    endloop
  endfacet
  facet normal -0.615244 0.788337 0
    outer loop
      vertex -41.699 56.2245 30.01
      vertex -44.4075 54.1107 45
      vertex -41.699 56.2245 45
    endloop
  endfacet
  facet normal -0.615244 0.788337 0
    outer loop
      vertex -44.4075 54.1107 45
      vertex -41.699 56.2245 30.01
      vertex -44.4075 54.1107 30.01
    endloop
  endfacet
  facet normal -0.405228 -0.914216 0
    outer loop
      vertex -29.9289 -63.2793 30.01
      vertex -26.7878 -64.6716 45
      vertex -29.9289 -63.2793 45
    endloop
  endfacet
  facet normal -0.405228 -0.914216 -0
    outer loop
      vertex -26.7878 -64.6716 45
      vertex -29.9289 -63.2793 30.01
      vertex -26.7878 -64.6716 30.01
    endloop
  endfacet
  facet normal -0.653164 0.757217 0
    outer loop
      vertex -44.4075 54.1107 30.01
      vertex -47.0091 51.8666 45
      vertex -44.4075 54.1107 45
    endloop
  endfacet
  facet normal -0.653164 0.757217 0
    outer loop
      vertex -47.0091 51.8666 45
      vertex -44.4075 54.1107 30.01
      vertex -47.0091 51.8666 30.01
    endloop
  endfacet
  facet normal -0.170965 0.985277 0
    outer loop
      vertex -10.2711 69.2424 30.01
      vertex -13.6563 68.655 45
      vertex -10.2711 69.2424 45
    endloop
  endfacet
  facet normal -0.170965 0.985277 0
    outer loop
      vertex -13.6563 68.655 45
      vertex -10.2711 69.2424 30.01
      vertex -13.6563 68.655 30.01
    endloop
  endfacet
  facet normal 0.615244 -0.788337 0
    outer loop
      vertex 41.699 -56.2245 30.01
      vertex 44.4075 -54.1107 45
      vertex 41.699 -56.2245 45
    endloop
  endfacet
  facet normal 0.615244 -0.788337 0
    outer loop
      vertex 44.4075 -54.1107 45
      vertex 41.699 -56.2245 30.01
      vertex 44.4075 -54.1107 30.01
    endloop
  endfacet
  facet normal -0.932993 -0.359896 0
    outer loop
      vertex -64.6716 -26.7878 30.01
      vertex -65.9081 -23.5823 45
      vertex -65.9081 -23.5823 30.01
    endloop
  endfacet
  facet normal -0.932993 -0.359896 0
    outer loop
      vertex -65.9081 -23.5823 45
      vertex -64.6716 -26.7878 30.01
      vertex -64.6716 -26.7878 45
    endloop
  endfacet
  facet normal -0.817584 -0.57581 0
    outer loop
      vertex -56.2245 -41.699 30.01
      vertex -58.2029 -38.8899 45
      vertex -58.2029 -38.8899 30.01
    endloop
  endfacet
  facet normal -0.817584 -0.57581 0
    outer loop
      vertex -58.2029 -38.8899 45
      vertex -56.2245 -41.699 30.01
      vertex -56.2245 -41.699 45
    endloop
  endfacet
  facet normal 0.266724 0.963773 -0
    outer loop
      vertex 20.3199 66.9858 30.01
      vertex 17.0086 67.9022 45
      vertex 20.3199 66.9858 45
    endloop
  endfacet
  facet normal 0.266724 0.963773 0
    outer loop
      vertex 17.0086 67.9022 45
      vertex 20.3199 66.9858 30.01
      vertex 17.0086 67.9022 30.01
    endloop
  endfacet
  facet normal 0.893219 -0.449622 0
    outer loop
      vertex 61.7345 -32.9978 45
      vertex 63.2793 -29.9289 30.01
      vertex 63.2793 -29.9289 45
    endloop
  endfacet
  facet normal 0.893219 -0.449622 0
    outer loop
      vertex 63.2793 -29.9289 30.01
      vertex 61.7345 -32.9978 45
      vertex 61.7345 -32.9978 30.01
    endloop
  endfacet
  facet normal 0.359896 0.932993 -0
    outer loop
      vertex 26.7878 64.6716 30.01
      vertex 23.5823 65.9081 45
      vertex 26.7878 64.6716 45
    endloop
  endfacet
  facet normal 0.359896 0.932993 0
    outer loop
      vertex 23.5823 65.9081 45
      vertex 26.7878 64.6716 30.01
      vertex 23.5823 65.9081 30.01
    endloop
  endfacet
  facet normal -0.963773 0.266724 0
    outer loop
      vertex -67.9022 17.0086 30.01
      vertex -66.9858 20.3199 45
      vertex -66.9858 20.3199 30.01
    endloop
  endfacet
  facet normal -0.963773 0.266724 0
    outer loop
      vertex -66.9858 20.3199 45
      vertex -67.9022 17.0086 30.01
      vertex -67.9022 17.0086 45
    endloop
  endfacet
  facet normal 0.817584 -0.57581 0
    outer loop
      vertex 56.2245 -41.699 45
      vertex 58.2029 -38.8899 30.01
      vertex 58.2029 -38.8899 45
    endloop
  endfacet
  facet normal 0.817584 -0.57581 0
    outer loop
      vertex 58.2029 -38.8899 30.01
      vertex 56.2245 -41.699 45
      vertex 56.2245 -41.699 30.01
    endloop
  endfacet
  facet normal 0.12239 -0.992482 0
    outer loop
      vertex 6.8612 -69.6629 30.01
      vertex 10.2711 -69.2424 45
      vertex 6.8612 -69.6629 45
    endloop
  endfacet
  facet normal 0.12239 -0.992482 0
    outer loop
      vertex 10.2711 -69.2424 45
      vertex 6.8612 -69.6629 30.01
      vertex 10.2711 -69.2424 30.01
    endloop
  endfacet
  facet normal -0.024536 -0.999699 0
    outer loop
      vertex -3.43474 -69.9157 30.01
      vertex 0 -70 45
      vertex -3.43474 -69.9157 45
    endloop
  endfacet
  facet normal -0.024536 -0.999699 -0
    outer loop
      vertex 0 -70 45
      vertex -3.43474 -69.9157 30.01
      vertex 0 -70 30.01
    endloop
  endfacet
  facet normal 0.449622 -0.893219 0
    outer loop
      vertex 29.9289 -63.2793 30.01
      vertex 32.9978 -61.7345 45
      vertex 29.9289 -63.2793 45
    endloop
  endfacet
  facet normal 0.449622 -0.893219 0
    outer loop
      vertex 32.9978 -61.7345 45
      vertex 29.9289 -63.2793 30.01
      vertex 32.9978 -61.7345 30.01
    endloop
  endfacet
  facet normal -0.689532 -0.724255 0
    outer loop
      vertex -49.4975 -49.4975 30.01
      vertex -47.0091 -51.8666 45
      vertex -49.4975 -49.4975 45
    endloop
  endfacet
  facet normal -0.689532 -0.724255 -0
    outer loop
      vertex -47.0091 -51.8666 45
      vertex -49.4975 -49.4975 30.01
      vertex -47.0091 -51.8666 30.01
    endloop
  endfacet
  facet normal -0.844855 0.534995 0
    outer loop
      vertex -60.041 35.9872 30.01
      vertex -58.2029 38.8899 45
      vertex -58.2029 38.8899 30.01
    endloop
  endfacet
  facet normal -0.844855 0.534995 0
    outer loop
      vertex -58.2029 38.8899 45
      vertex -60.041 35.9872 30.01
      vertex -60.041 35.9872 45
    endloop
  endfacet
  facet normal 0.266724 -0.963773 0
    outer loop
      vertex 17.0086 -67.9022 30.01
      vertex 20.3199 -66.9858 45
      vertex 17.0086 -67.9022 45
    endloop
  endfacet
  facet normal 0.266724 -0.963773 0
    outer loop
      vertex 20.3199 -66.9858 45
      vertex 17.0086 -67.9022 30.01
      vertex 20.3199 -66.9858 30.01
    endloop
  endfacet
  facet normal -0.985277 -0.170965 0
    outer loop
      vertex -68.655 -13.6563 30.01
      vertex -69.2424 -10.2711 45
      vertex -69.2424 -10.2711 30.01
    endloop
  endfacet
  facet normal -0.985277 -0.170965 0
    outer loop
      vertex -69.2424 -10.2711 45
      vertex -68.655 -13.6563 30.01
      vertex -68.655 -13.6563 45
    endloop
  endfacet
  facet normal 0.405228 -0.914216 0
    outer loop
      vertex 26.7878 -64.6716 30.01
      vertex 29.9289 -63.2793 45
      vertex 26.7878 -64.6716 45
    endloop
  endfacet
  facet normal 0.405228 -0.914216 0
    outer loop
      vertex 29.9289 -63.2793 45
      vertex 26.7878 -64.6716 30.01
      vertex 29.9289 -63.2793 30.01
    endloop
  endfacet
  facet normal -0.932993 0.359896 0
    outer loop
      vertex -65.9081 23.5823 30.01
      vertex -64.6716 26.7878 45
      vertex -64.6716 26.7878 30.01
    endloop
  endfacet
  facet normal -0.932993 0.359896 0
    outer loop
      vertex -64.6716 26.7878 45
      vertex -65.9081 23.5823 30.01
      vertex -65.9081 23.5823 45
    endloop
  endfacet
  facet normal -0.817584 0.57581 0
    outer loop
      vertex -58.2029 38.8899 30.01
      vertex -56.2245 41.699 45
      vertex -56.2245 41.699 30.01
    endloop
  endfacet
  facet normal -0.817584 0.57581 0
    outer loop
      vertex -56.2245 41.699 45
      vertex -58.2029 38.8899 30.01
      vertex -58.2029 38.8899 45
    endloop
  endfacet
  facet normal 0.932993 0.359896 0
    outer loop
      vertex 65.9081 23.5823 45
      vertex 64.6716 26.7878 30.01
      vertex 64.6716 26.7878 45
    endloop
  endfacet
  facet normal 0.932993 0.359896 0
    outer loop
      vertex 64.6716 26.7878 30.01
      vertex 65.9081 23.5823 45
      vertex 65.9081 23.5823 30.01
    endloop
  endfacet
  facet normal 0.992482 -0.12239 0
    outer loop
      vertex 69.2424 -10.2711 45
      vertex 69.6629 -6.8612 30.01
      vertex 69.6629 -6.8612 45
    endloop
  endfacet
  facet normal 0.992482 -0.12239 0
    outer loop
      vertex 69.6629 -6.8612 30.01
      vertex 69.2424 -10.2711 45
      vertex 69.2424 -10.2711 30.01
    endloop
  endfacet
  facet normal 0.975701 -0.219106 0
    outer loop
      vertex 67.9022 -17.0086 45
      vertex 68.655 -13.6563 30.01
      vertex 68.655 -13.6563 45
    endloop
  endfacet
  facet normal 0.975701 -0.219106 0
    outer loop
      vertex 68.655 -13.6563 30.01
      vertex 67.9022 -17.0086 45
      vertex 67.9022 -17.0086 30.01
    endloop
  endfacet
  facet normal -0.449622 0.893219 0
    outer loop
      vertex -29.9289 63.2793 30.01
      vertex -32.9978 61.7345 45
      vertex -29.9289 63.2793 45
    endloop
  endfacet
  facet normal -0.449622 0.893219 0
    outer loop
      vertex -32.9978 61.7345 45
      vertex -29.9289 63.2793 30.01
      vertex -32.9978 61.7345 30.01
    endloop
  endfacet
  facet normal 0.313668 0.949533 -0
    outer loop
      vertex 23.5823 65.9081 30.01
      vertex 20.3199 66.9858 45
      vertex 23.5823 65.9081 45
    endloop
  endfacet
  facet normal 0.313668 0.949533 0
    outer loop
      vertex 20.3199 66.9858 45
      vertex 23.5823 65.9081 30.01
      vertex 20.3199 66.9858 30.01
    endloop
  endfacet
  facet normal 0.0735788 0.997289 -0
    outer loop
      vertex 6.8612 69.6629 30.01
      vertex 3.43474 69.9157 45
      vertex 6.8612 69.6629 45
    endloop
  endfacet
  facet normal 0.0735788 0.997289 0
    outer loop
      vertex 3.43474 69.9157 45
      vertex 6.8612 69.6629 30.01
      vertex 3.43474 69.9157 30.01
    endloop
  endfacet
  facet normal 0.914216 -0.405228 0
    outer loop
      vertex 63.2793 -29.9289 45
      vertex 64.6716 -26.7878 30.01
      vertex 64.6716 -26.7878 45
    endloop
  endfacet
  facet normal 0.914216 -0.405228 0
    outer loop
      vertex 64.6716 -26.7878 30.01
      vertex 63.2793 -29.9289 45
      vertex 63.2793 -29.9289 30.01
    endloop
  endfacet
  facet normal -0.313668 -0.949533 0
    outer loop
      vertex -23.5823 -65.9081 30.01
      vertex -20.3199 -66.9858 45
      vertex -23.5823 -65.9081 45
    endloop
  endfacet
  facet normal -0.313668 -0.949533 -0
    outer loop
      vertex -20.3199 -66.9858 45
      vertex -23.5823 -65.9081 30.01
      vertex -20.3199 -66.9858 30.01
    endloop
  endfacet
  facet normal 0 0 1
    outer loop
      vertex 67.48 0 45
      vertex 70 0 45
      vertex 69.9157 3.43474 45
    endloop
  endfacet
  facet normal 0 0 1
    outer loop
      vertex 67.3987 3.31109 45
      vertex 69.9157 3.43474 45
      vertex 69.6629 6.8612 45
    endloop
  endfacet
  facet normal 0 0 1
    outer loop
      vertex 70 0 45
      vertex 67.48 0 45
      vertex 69.9157 -3.43474 45
    endloop
  endfacet
  facet normal 0 0 1
    outer loop
      vertex 67.1551 6.6142 45
      vertex 69.6629 6.8612 45
      vertex 69.2424 10.2711 45
    endloop
  endfacet
  facet normal -0 0 1
    outer loop
      vertex 67.3987 -3.31109 45
      vertex 69.9157 -3.43474 45
      vertex 67.48 0 45
    endloop
  endfacet
  facet normal 0 0 1
    outer loop
      vertex 66.7496 9.90137 45
      vertex 69.2424 10.2711 45
      vertex 68.655 13.6563 45
    endloop
  endfacet
  facet normal 0 0 1
    outer loop
      vertex 69.9157 -3.43474 45
      vertex 67.3987 -3.31109 45
      vertex 69.6629 -6.8612 45
    endloop
  endfacet
  facet normal 0 0 1
    outer loop
      vertex 66.1834 13.1647 45
      vertex 68.655 13.6563 45
      vertex 67.9022 17.0086 45
    endloop
  endfacet
  facet normal -0 0 1
    outer loop
      vertex 67.1551 -6.6142 45
      vertex 69.6629 -6.8612 45
      vertex 67.3987 -3.31109 45
    endloop
  endfacet
  facet normal 0 0 1
    outer loop
      vertex 69.6629 -6.8612 45
      vertex 67.1551 -6.6142 45
      vertex 69.2424 -10.2711 45
    endloop
  endfacet
  facet normal 0 0 1
    outer loop
      vertex 69.9157 3.43474 45
      vertex 67.3987 3.31109 45
      vertex 67.48 0 45
    endloop
  endfacet
  facet normal 0 0 1
    outer loop
      vertex 69.6629 6.8612 45
      vertex 67.1551 6.6142 45
      vertex 67.3987 3.31109 45
    endloop
  endfacet
  facet normal 0 0 1
    outer loop
      vertex 65.4577 16.3963 45
      vertex 67.9022 17.0086 45
      vertex 66.9858 20.3199 45
    endloop
  endfacet
  facet normal 0 0 1
    outer loop
      vertex 69.2424 10.2711 45
      vertex 66.7496 9.90137 45
      vertex 67.1551 6.6142 45
    endloop
  endfacet
  facet normal 0 0 1
    outer loop
      vertex 68.655 13.6563 45
      vertex 66.1834 13.1647 45
      vertex 66.7496 9.90137 45
    endloop
  endfacet
  facet normal 0 0 1
    outer loop
      vertex 64.5743 19.5884 45
      vertex 66.9858 20.3199 45
      vertex 65.9081 23.5823 45
    endloop
  endfacet
  facet normal 0 0 1
    outer loop
      vertex 67.9022 17.0086 45
      vertex 65.4577 16.3963 45
      vertex 66.1834 13.1647 45
    endloop
  endfacet
  facet normal 0 0 1
    outer loop
      vertex 63.5354 22.7333 45
      vertex 65.9081 23.5823 45
      vertex 64.6716 26.7878 45
    endloop
  endfacet
  facet normal 0 0 1
    outer loop
      vertex 66.9858 20.3199 45
      vertex 64.5743 19.5884 45
      vertex 65.4577 16.3963 45
    endloop
  endfacet
  facet normal 0 0 1
    outer loop
      vertex 65.9081 23.5823 45
      vertex 63.5354 22.7333 45
      vertex 64.5743 19.5884 45
    endloop
  endfacet
  facet normal 0 0 1
    outer loop
      vertex 62.3434 25.8235 45
      vertex 64.6716 26.7878 45
      vertex 63.2793 29.9289 45
    endloop
  endfacet
  facet normal 0 0 1
    outer loop
      vertex 64.6716 26.7878 45
      vertex 62.3434 25.8235 45
      vertex 63.5354 22.7333 45
    endloop
  endfacet
  facet normal 0 0 1
    outer loop
      vertex 61.0012 28.8514 45
      vertex 63.2793 29.9289 45
      vertex 61.7345 32.9978 45
    endloop
  endfacet
  facet normal 0 0 1
    outer loop
      vertex 63.2793 29.9289 45
      vertex 61.0012 28.8514 45
      vertex 62.3434 25.8235 45
    endloop
  endfacet
  facet normal 0 0 1
    outer loop
      vertex 59.512 31.8099 45
      vertex 61.7345 32.9978 45
      vertex 60.041 35.9872 45
    endloop
  endfacet
  facet normal 0 0 1
    outer loop
      vertex 61.7345 32.9978 45
      vertex 59.512 31.8099 45
      vertex 61.0012 28.8514 45
    endloop
  endfacet
  facet normal 0 0 1
    outer loop
      vertex 57.8795 34.6917 45
      vertex 60.041 35.9872 45
      vertex 58.2029 38.8899 45
    endloop
  endfacet
  facet normal 0 0 1
    outer loop
      vertex 60.041 35.9872 45
      vertex 57.8795 34.6917 45
      vertex 59.512 31.8099 45
    endloop
  endfacet
  facet normal 0 0 1
    outer loop
      vertex 56.1076 37.4899 45
      vertex 58.2029 38.8899 45
      vertex 56.2245 41.699 45
    endloop
  endfacet
  facet normal 0 0 1
    outer loop
      vertex 58.2029 38.8899 45
      vertex 56.1076 37.4899 45
      vertex 57.8795 34.6917 45
    endloop
  endfacet
  facet normal 0 0 1
    outer loop
      vertex 56.2245 41.699 45
      vertex 54.2004 40.1978 45
      vertex 56.1076 37.4899 45
    endloop
  endfacet
  facet normal 0 0 1
    outer loop
      vertex 54.1107 44.4075 45
      vertex 54.2004 40.1978 45
      vertex 56.2245 41.699 45
    endloop
  endfacet
  facet normal 0 0 1
    outer loop
      vertex 54.1107 44.4075 45
      vertex 52.1627 42.8089 45
      vertex 54.2004 40.1978 45
    endloop
  endfacet
  facet normal 0 0 1
    outer loop
      vertex 51.8666 47.0091 45
      vertex 52.1627 42.8089 45
      vertex 54.1107 44.4075 45
    endloop
  endfacet
  facet normal 0 0 1
    outer loop
      vertex 51.8666 47.0091 45
      vertex 49.9994 45.3168 45
      vertex 52.1627 42.8089 45
    endloop
  endfacet
  facet normal 0 0 1
    outer loop
      vertex 49.4975 49.4975 45
      vertex 49.9994 45.3168 45
      vertex 51.8666 47.0091 45
    endloop
  endfacet
  facet normal 0 0 1
    outer loop
      vertex 49.4975 49.4975 45
      vertex 47.7156 47.7156 45
      vertex 49.9994 45.3168 45
    endloop
  endfacet
  facet normal 0 0 1
    outer loop
      vertex 47.0091 51.8666 45
      vertex 47.7156 47.7156 45
      vertex 49.4975 49.4975 45
    endloop
  endfacet
  facet normal 0 0 1
    outer loop
      vertex 47.0091 51.8666 45
      vertex 45.3168 49.9994 45
      vertex 47.7156 47.7156 45
    endloop
  endfacet
  facet normal 0 0 1
    outer loop
      vertex 44.4075 54.1107 45
      vertex 45.3168 49.9994 45
      vertex 47.0091 51.8666 45
    endloop
  endfacet
  facet normal 0 0 1
    outer loop
      vertex 44.4075 54.1107 45
      vertex 42.8089 52.1627 45
      vertex 45.3168 49.9994 45
    endloop
  endfacet
  facet normal 0 0 1
    outer loop
      vertex 41.699 56.2245 45
      vertex 42.8089 52.1627 45
      vertex 44.4075 54.1107 45
    endloop
  endfacet
  facet normal 0 0 1
    outer loop
      vertex 41.699 56.2245 45
      vertex 40.1978 54.2004 45
      vertex 42.8089 52.1627 45
    endloop
  endfacet
  facet normal 0 0 1
    outer loop
      vertex 38.8899 58.2029 45
      vertex 40.1978 54.2004 45
      vertex 41.699 56.2245 45
    endloop
  endfacet
  facet normal 0 0 1
    outer loop
      vertex 38.8899 58.2029 45
      vertex 37.4899 56.1076 45
      vertex 40.1978 54.2004 45
    endloop
  endfacet
  facet normal 0 0 1
    outer loop
      vertex 35.9872 60.041 45
      vertex 37.4899 56.1076 45
      vertex 38.8899 58.2029 45
    endloop
  endfacet
  facet normal 0 0 1
    outer loop
      vertex 35.9872 60.041 45
      vertex 34.6917 57.8795 45
      vertex 37.4899 56.1076 45
    endloop
  endfacet
  facet normal 0 0 1
    outer loop
      vertex 32.9978 61.7345 45
      vertex 34.6917 57.8795 45
      vertex 35.9872 60.041 45
    endloop
  endfacet
  facet normal 0 0 1
    outer loop
      vertex 32.9978 61.7345 45
      vertex 31.8099 59.512 45
      vertex 34.6917 57.8795 45
    endloop
  endfacet
  facet normal 0 0 1
    outer loop
      vertex 29.9289 63.2793 45
      vertex 31.8099 59.512 45
      vertex 32.9978 61.7345 45
    endloop
  endfacet
  facet normal 0 0 1
    outer loop
      vertex 29.9289 63.2793 45
      vertex 28.8514 61.0012 45
      vertex 31.8099 59.512 45
    endloop
  endfacet
  facet normal 0 0 1
    outer loop
      vertex 26.7878 64.6716 45
      vertex 28.8514 61.0012 45
      vertex 29.9289 63.2793 45
    endloop
  endfacet
  facet normal 0 0 1
    outer loop
      vertex 26.7878 64.6716 45
      vertex 25.8235 62.3434 45
      vertex 28.8514 61.0012 45
    endloop
  endfacet
  facet normal 0 0 1
    outer loop
      vertex 23.5823 65.9081 45
      vertex 25.8235 62.3434 45
      vertex 26.7878 64.6716 45
    endloop
  endfacet
  facet normal 0 0 1
    outer loop
      vertex 23.5823 65.9081 45
      vertex 22.7333 63.5354 45
      vertex 25.8235 62.3434 45
    endloop
  endfacet
  facet normal 0 0 1
    outer loop
      vertex 20.3199 66.9858 45
      vertex 22.7333 63.5354 45
      vertex 23.5823 65.9081 45
    endloop
  endfacet
  facet normal 0 0 1
    outer loop
      vertex 20.3199 66.9858 45
      vertex 19.5884 64.5743 45
      vertex 22.7333 63.5354 45
    endloop
  endfacet
  facet normal 0 0 1
    outer loop
      vertex 17.0086 67.9022 45
      vertex 19.5884 64.5743 45
      vertex 20.3199 66.9858 45
    endloop
  endfacet
  facet normal 0 0 1
    outer loop
      vertex 17.0086 67.9022 45
      vertex 16.3963 65.4577 45
      vertex 19.5884 64.5743 45
    endloop
  endfacet
  facet normal 0 0 1
    outer loop
      vertex 13.6563 68.655 45
      vertex 16.3963 65.4577 45
      vertex 17.0086 67.9022 45
    endloop
  endfacet
  facet normal 0 0 1
    outer loop
      vertex 13.6563 68.655 45
      vertex 13.1647 66.1834 45
      vertex 16.3963 65.4577 45
    endloop
  endfacet
  facet normal 0 0 1
    outer loop
      vertex 10.2711 69.2424 45
      vertex 13.1647 66.1834 45
      vertex 13.6563 68.655 45
    endloop
  endfacet
  facet normal 0 0 1
    outer loop
      vertex 10.2711 69.2424 45
      vertex 9.90137 66.7496 45
      vertex 13.1647 66.1834 45
    endloop
  endfacet
  facet normal 0 0 1
    outer loop
      vertex 6.8612 69.6629 45
      vertex 9.90137 66.7496 45
      vertex 10.2711 69.2424 45
    endloop
  endfacet
  facet normal 0 0 1
    outer loop
      vertex 6.8612 69.6629 45
      vertex 6.6142 67.1551 45
      vertex 9.90137 66.7496 45
    endloop
  endfacet
  facet normal 0 0 1
    outer loop
      vertex 3.43474 69.9157 45
      vertex 6.6142 67.1551 45
      vertex 6.8612 69.6629 45
    endloop
  endfacet
  facet normal 0 0 1
    outer loop
      vertex 3.43474 69.9157 45
      vertex 3.31109 67.3987 45
      vertex 6.6142 67.1551 45
    endloop
  endfacet
  facet normal 0 0 1
    outer loop
      vertex 0 70 45
      vertex 3.31109 67.3987 45
      vertex 3.43474 69.9157 45
    endloop
  endfacet
  facet normal 0 0 1
    outer loop
      vertex 0 70 45
      vertex 0 67.48 45
      vertex 3.31109 67.3987 45
    endloop
  endfacet
  facet normal 0 0 1
    outer loop
      vertex 0 70 45
      vertex -3.31109 67.3987 45
      vertex 0 67.48 45
    endloop
  endfacet
  facet normal -0 0 1
    outer loop
      vertex -3.43474 69.9157 45
      vertex -3.31109 67.3987 45
      vertex 0 70 45
    endloop
  endfacet
  facet normal 0 0 1
    outer loop
      vertex -3.43474 69.9157 45
      vertex -6.6142 67.1551 45
      vertex -3.31109 67.3987 45
    endloop
  endfacet
  facet normal -0 0 1
    outer loop
      vertex -6.8612 69.6629 45
      vertex -6.6142 67.1551 45
      vertex -3.43474 69.9157 45
    endloop
  endfacet
  facet normal 0 0 1
    outer loop
      vertex -6.8612 69.6629 45
      vertex -9.90137 66.7496 45
      vertex -6.6142 67.1551 45
    endloop
  endfacet
  facet normal -0 0 1
    outer loop
      vertex -10.2711 69.2424 45
      vertex -9.90137 66.7496 45
      vertex -6.8612 69.6629 45
    endloop
  endfacet
  facet normal 0 0 1
    outer loop
      vertex -10.2711 69.2424 45
      vertex -13.1647 66.1834 45
      vertex -9.90137 66.7496 45
    endloop
  endfacet
  facet normal -0 0 1
    outer loop
      vertex -13.6563 68.655 45
      vertex -13.1647 66.1834 45
      vertex -10.2711 69.2424 45
    endloop
  endfacet
  facet normal 0 0 1
    outer loop
      vertex -13.6563 68.655 45
      vertex -16.3963 65.4577 45
      vertex -13.1647 66.1834 45
    endloop
  endfacet
  facet normal -0 0 1
    outer loop
      vertex -17.0086 67.9022 45
      vertex -16.3963 65.4577 45
      vertex -13.6563 68.655 45
    endloop
  endfacet
  facet normal 0 0 1
    outer loop
      vertex -17.0086 67.9022 45
      vertex -19.5884 64.5743 45
      vertex -16.3963 65.4577 45
    endloop
  endfacet
  facet normal -0 0 1
    outer loop
      vertex -20.3199 66.9858 45
      vertex -19.5884 64.5743 45
      vertex -17.0086 67.9022 45
    endloop
  endfacet
  facet normal 0 0 1
    outer loop
      vertex -20.3199 66.9858 45
      vertex -22.7333 63.5354 45
      vertex -19.5884 64.5743 45
    endloop
  endfacet
  facet normal -0 0 1
    outer loop
      vertex -23.5823 65.9081 45
      vertex -22.7333 63.5354 45
      vertex -20.3199 66.9858 45
    endloop
  endfacet
  facet normal 0 0 1
    outer loop
      vertex -23.5823 65.9081 45
      vertex -25.8235 62.3434 45
      vertex -22.7333 63.5354 45
    endloop
  endfacet
  facet normal -0 0 1
    outer loop
      vertex -26.7878 64.6716 45
      vertex -25.8235 62.3434 45
      vertex -23.5823 65.9081 45
    endloop
  endfacet
  facet normal 0 0 1
    outer loop
      vertex -26.7878 64.6716 45
      vertex -28.8514 61.0012 45
      vertex -25.8235 62.3434 45
    endloop
  endfacet
  facet normal -0 0 1
    outer loop
      vertex -29.9289 63.2793 45
      vertex -28.8514 61.0012 45
      vertex -26.7878 64.6716 45
    endloop
  endfacet
  facet normal 0 0 1
    outer loop
      vertex -29.9289 63.2793 45
      vertex -31.8099 59.512 45
      vertex -28.8514 61.0012 45
    endloop
  endfacet
  facet normal -0 0 1
    outer loop
      vertex -32.9978 61.7345 45
      vertex -31.8099 59.512 45
      vertex -29.9289 63.2793 45
    endloop
  endfacet
  facet normal 0 0 1
    outer loop
      vertex -32.9978 61.7345 45
      vertex -34.6917 57.8795 45
      vertex -31.8099 59.512 45
    endloop
  endfacet
  facet normal -0 0 1
    outer loop
      vertex -35.9872 60.041 45
      vertex -34.6917 57.8795 45
      vertex -32.9978 61.7345 45
    endloop
  endfacet
  facet normal 0 0 1
    outer loop
      vertex -35.9872 60.041 45
      vertex -37.4899 56.1076 45
      vertex -34.6917 57.8795 45
    endloop
  endfacet
  facet normal -0 0 1
    outer loop
      vertex -38.8899 58.2029 45
      vertex -37.4899 56.1076 45
      vertex -35.9872 60.041 45
    endloop
  endfacet
  facet normal 0 0 1
    outer loop
      vertex -38.8899 58.2029 45
      vertex -40.1978 54.2004 45
      vertex -37.4899 56.1076 45
    endloop
  endfacet
  facet normal -0 0 1
    outer loop
      vertex -41.699 56.2245 45
      vertex -40.1978 54.2004 45
      vertex -38.8899 58.2029 45
    endloop
  endfacet
  facet normal 0 0 1
    outer loop
      vertex -41.699 56.2245 45
      vertex -42.8089 52.1627 45
      vertex -40.1978 54.2004 45
    endloop
  endfacet
  facet normal -0 0 1
    outer loop
      vertex -44.4075 54.1107 45
      vertex -42.8089 52.1627 45
      vertex -41.699 56.2245 45
    endloop
  endfacet
  facet normal 0 0 1
    outer loop
      vertex -44.4075 54.1107 45
      vertex -45.3168 49.9994 45
      vertex -42.8089 52.1627 45
    endloop
  endfacet
  facet normal -0 0 1
    outer loop
      vertex -47.0091 51.8666 45
      vertex -45.3168 49.9994 45
      vertex -44.4075 54.1107 45
    endloop
  endfacet
  facet normal 0 0 1
    outer loop
      vertex -47.0091 51.8666 45
      vertex -47.7156 47.7156 45
      vertex -45.3168 49.9994 45
    endloop
  endfacet
  facet normal -0 0 1
    outer loop
      vertex -49.4975 49.4975 45
      vertex -47.7156 47.7156 45
      vertex -47.0091 51.8666 45
    endloop
  endfacet
  facet normal 0 0 1
    outer loop
      vertex -49.4975 49.4975 45
      vertex -49.9994 45.3168 45
      vertex -47.7156 47.7156 45
    endloop
  endfacet
  facet normal -0 0 1
    outer loop
      vertex -51.8666 47.0091 45
      vertex -49.9994 45.3168 45
      vertex -49.4975 49.4975 45
    endloop
  endfacet
  facet normal 0 0 1
    outer loop
      vertex -51.8666 47.0091 45
      vertex -52.1627 42.8089 45
      vertex -49.9994 45.3168 45
    endloop
  endfacet
  facet normal -0 0 1
    outer loop
      vertex -54.1107 44.4075 45
      vertex -52.1627 42.8089 45
      vertex -51.8666 47.0091 45
    endloop
  endfacet
  facet normal 0 0 1
    outer loop
      vertex -54.1107 44.4075 45
      vertex -54.2004 40.1978 45
      vertex -52.1627 42.8089 45
    endloop
  endfacet
  facet normal -0 0 1
    outer loop
      vertex -56.2245 41.699 45
      vertex -54.2004 40.1978 45
      vertex -54.1107 44.4075 45
    endloop
  endfacet
  facet normal 0 0 1
    outer loop
      vertex -54.2004 40.1978 45
      vertex -56.2245 41.699 45
      vertex -56.1076 37.4899 45
    endloop
  endfacet
  facet normal -0 0 1
    outer loop
      vertex -58.2029 38.8899 45
      vertex -56.1076 37.4899 45
      vertex -56.2245 41.699 45
    endloop
  endfacet
  facet normal 0 0 1
    outer loop
      vertex -56.1076 37.4899 45
      vertex -58.2029 38.8899 45
      vertex -57.8795 34.6917 45
    endloop
  endfacet
  facet normal -0 0 1
    outer loop
      vertex -60.041 35.9872 45
      vertex -57.8795 34.6917 45
      vertex -58.2029 38.8899 45
    endloop
  endfacet
  facet normal 0 0 1
    outer loop
      vertex -57.8795 34.6917 45
      vertex -60.041 35.9872 45
      vertex -59.512 31.8099 45
    endloop
  endfacet
  facet normal -0 0 1
    outer loop
      vertex -61.7345 32.9978 45
      vertex -59.512 31.8099 45
      vertex -60.041 35.9872 45
    endloop
  endfacet
  facet normal 0 0 1
    outer loop
      vertex -59.512 31.8099 45
      vertex -61.7345 32.9978 45
      vertex -61.0012 28.8514 45
    endloop
  endfacet
  facet normal -0 0 1
    outer loop
      vertex -63.2793 29.9289 45
      vertex -61.0012 28.8514 45
      vertex -61.7345 32.9978 45
    endloop
  endfacet
  facet normal 0 0 1
    outer loop
      vertex -61.0012 28.8514 45
      vertex -63.2793 29.9289 45
      vertex -62.3434 25.8235 45
    endloop
  endfacet
  facet normal -0 0 1
    outer loop
      vertex -64.6716 26.7878 45
      vertex -62.3434 25.8235 45
      vertex -63.2793 29.9289 45
    endloop
  endfacet
  facet normal 0 0 1
    outer loop
      vertex -62.3434 25.8235 45
      vertex -64.6716 26.7878 45
      vertex -63.5354 22.7333 45
    endloop
  endfacet
  facet normal -0 0 1
    outer loop
      vertex -65.9081 23.5823 45
      vertex -63.5354 22.7333 45
      vertex -64.6716 26.7878 45
    endloop
  endfacet
  facet normal 0 0 1
    outer loop
      vertex -63.5354 22.7333 45
      vertex -65.9081 23.5823 45
      vertex -64.5743 19.5884 45
    endloop
  endfacet
  facet normal -0 0 1
    outer loop
      vertex -66.9858 20.3199 45
      vertex -64.5743 19.5884 45
      vertex -65.9081 23.5823 45
    endloop
  endfacet
  facet normal 0 0 1
    outer loop
      vertex -64.5743 19.5884 45
      vertex -66.9858 20.3199 45
      vertex -65.4577 16.3963 45
    endloop
  endfacet
  facet normal -0 0 1
    outer loop
      vertex -67.9022 17.0086 45
      vertex -65.4577 16.3963 45
      vertex -66.9858 20.3199 45
    endloop
  endfacet
  facet normal 0 0 1
    outer loop
      vertex -65.4577 16.3963 45
      vertex -67.9022 17.0086 45
      vertex -66.1834 13.1647 45
    endloop
  endfacet
  facet normal -0 0 1
    outer loop
      vertex -68.655 13.6563 45
      vertex -66.1834 13.1647 45
      vertex -67.9022 17.0086 45
    endloop
  endfacet
  facet normal 0 0 1
    outer loop
      vertex -66.1834 13.1647 45
      vertex -68.655 13.6563 45
      vertex -66.7496 9.90137 45
    endloop
  endfacet
  facet normal -0 0 1
    outer loop
      vertex -69.2424 10.2711 45
      vertex -66.7496 9.90137 45
      vertex -68.655 13.6563 45
    endloop
  endfacet
  facet normal 0 0 1
    outer loop
      vertex -66.7496 9.90137 45
      vertex -69.2424 10.2711 45
      vertex -67.1551 6.6142 45
    endloop
  endfacet
  facet normal -0 0 1
    outer loop
      vertex 66.7496 -9.90137 45
      vertex 69.2424 -10.2711 45
      vertex 67.1551 -6.6142 45
    endloop
  endfacet
  facet normal 0 0 1
    outer loop
      vertex 69.2424 -10.2711 45
      vertex 66.7496 -9.90137 45
      vertex 68.655 -13.6563 45
    endloop
  endfacet
  facet normal -0 0 1
    outer loop
      vertex 66.1834 -13.1647 45
      vertex 68.655 -13.6563 45
      vertex 66.7496 -9.90137 45
    endloop
  endfacet
  facet normal 0 0 1
    outer loop
      vertex 68.655 -13.6563 45
      vertex 66.1834 -13.1647 45
      vertex 67.9022 -17.0086 45
    endloop
  endfacet
  facet normal -0 0 1
    outer loop
      vertex 65.4577 -16.3963 45
      vertex 67.9022 -17.0086 45
      vertex 66.1834 -13.1647 45
    endloop
  endfacet
  facet normal 0 0 1
    outer loop
      vertex 67.9022 -17.0086 45
      vertex 65.4577 -16.3963 45
      vertex 66.9858 -20.3199 45
    endloop
  endfacet
  facet normal -0 0 1
    outer loop
      vertex 64.5743 -19.5884 45
      vertex 66.9858 -20.3199 45
      vertex 65.4577 -16.3963 45
    endloop
  endfacet
  facet normal 0 0 1
    outer loop
      vertex 66.9858 -20.3199 45
      vertex 64.5743 -19.5884 45
      vertex 65.9081 -23.5823 45
    endloop
  endfacet
  facet normal -0 0 1
    outer loop
      vertex 63.5354 -22.7333 45
      vertex 65.9081 -23.5823 45
      vertex 64.5743 -19.5884 45
    endloop
  endfacet
  facet normal 0 0 1
    outer loop
      vertex 65.9081 -23.5823 45
      vertex 63.5354 -22.7333 45
      vertex 64.6716 -26.7878 45
    endloop
  endfacet
  facet normal -0 0 1
    outer loop
      vertex 62.3434 -25.8235 45
      vertex 64.6716 -26.7878 45
      vertex 63.5354 -22.7333 45
    endloop
  endfacet
  facet normal 0 0 1
    outer loop
      vertex 64.6716 -26.7878 45
      vertex 62.3434 -25.8235 45
      vertex 63.2793 -29.9289 45
    endloop
  endfacet
  facet normal -0 0 1
    outer loop
      vertex 61.0012 -28.8514 45
      vertex 63.2793 -29.9289 45
      vertex 62.3434 -25.8235 45
    endloop
  endfacet
  facet normal 0 0 1
    outer loop
      vertex 63.2793 -29.9289 45
      vertex 61.0012 -28.8514 45
      vertex 61.7345 -32.9978 45
    endloop
  endfacet
  facet normal -0 0 1
    outer loop
      vertex 59.512 -31.8099 45
      vertex 61.7345 -32.9978 45
      vertex 61.0012 -28.8514 45
    endloop
  endfacet
  facet normal 0 0 1
    outer loop
      vertex 61.7345 -32.9978 45
      vertex 59.512 -31.8099 45
      vertex 60.041 -35.9872 45
    endloop
  endfacet
  facet normal -0 0 1
    outer loop
      vertex 57.8795 -34.6917 45
      vertex 60.041 -35.9872 45
      vertex 59.512 -31.8099 45
    endloop
  endfacet
  facet normal 0 0 1
    outer loop
      vertex 60.041 -35.9872 45
      vertex 57.8795 -34.6917 45
      vertex 58.2029 -38.8899 45
    endloop
  endfacet
  facet normal -0 0 1
    outer loop
      vertex 56.1076 -37.4899 45
      vertex 58.2029 -38.8899 45
      vertex 57.8795 -34.6917 45
    endloop
  endfacet
  facet normal 0 0 1
    outer loop
      vertex 58.2029 -38.8899 45
      vertex 56.1076 -37.4899 45
      vertex 56.2245 -41.699 45
    endloop
  endfacet
  facet normal -0 0 1
    outer loop
      vertex 54.2004 -40.1978 45
      vertex 56.2245 -41.699 45
      vertex 56.1076 -37.4899 45
    endloop
  endfacet
  facet normal 0 0 1
    outer loop
      vertex 54.2004 -40.1978 45
      vertex 54.1107 -44.4075 45
      vertex 56.2245 -41.699 45
    endloop
  endfacet
  facet normal -0 0 1
    outer loop
      vertex 52.1627 -42.8089 45
      vertex 54.1107 -44.4075 45
      vertex 54.2004 -40.1978 45
    endloop
  endfacet
  facet normal 0 0 1
    outer loop
      vertex 52.1627 -42.8089 45
      vertex 51.8666 -47.0091 45
      vertex 54.1107 -44.4075 45
    endloop
  endfacet
  facet normal -0 0 1
    outer loop
      vertex 49.9994 -45.3168 45
      vertex 51.8666 -47.0091 45
      vertex 52.1627 -42.8089 45
    endloop
  endfacet
  facet normal 0 0 1
    outer loop
      vertex 49.9994 -45.3168 45
      vertex 49.4975 -49.4975 45
      vertex 51.8666 -47.0091 45
    endloop
  endfacet
  facet normal -0 0 1
    outer loop
      vertex 47.7156 -47.7156 45
      vertex 49.4975 -49.4975 45
      vertex 49.9994 -45.3168 45
    endloop
  endfacet
  facet normal 0 0 1
    outer loop
      vertex 47.7156 -47.7156 45
      vertex 47.0091 -51.8666 45
      vertex 49.4975 -49.4975 45
    endloop
  endfacet
  facet normal -0 0 1
    outer loop
      vertex 45.3168 -49.9994 45
      vertex 47.0091 -51.8666 45
      vertex 47.7156 -47.7156 45
    endloop
  endfacet
  facet normal 0 0 1
    outer loop
      vertex 45.3168 -49.9994 45
      vertex 44.4075 -54.1107 45
      vertex 47.0091 -51.8666 45
    endloop
  endfacet
  facet normal -0 0 1
    outer loop
      vertex 42.8089 -52.1627 45
      vertex 44.4075 -54.1107 45
      vertex 45.3168 -49.9994 45
    endloop
  endfacet
  facet normal 0 0 1
    outer loop
      vertex 42.8089 -52.1627 45
      vertex 41.699 -56.2245 45
      vertex 44.4075 -54.1107 45
    endloop
  endfacet
  facet normal -0 0 1
    outer loop
      vertex 40.1978 -54.2004 45
      vertex 41.699 -56.2245 45
      vertex 42.8089 -52.1627 45
    endloop
  endfacet
  facet normal 0 0 1
    outer loop
      vertex 40.1978 -54.2004 45
      vertex 38.8899 -58.2029 45
      vertex 41.699 -56.2245 45
    endloop
  endfacet
  facet normal -0 0 1
    outer loop
      vertex 37.4899 -56.1076 45
      vertex 38.8899 -58.2029 45
      vertex 40.1978 -54.2004 45
    endloop
  endfacet
  facet normal 0 0 1
    outer loop
      vertex 37.4899 -56.1076 45
      vertex 35.9872 -60.041 45
      vertex 38.8899 -58.2029 45
    endloop
  endfacet
  facet normal -0 0 1
    outer loop
      vertex 34.6917 -57.8795 45
      vertex 35.9872 -60.041 45
      vertex 37.4899 -56.1076 45
    endloop
  endfacet
  facet normal 0 0 1
    outer loop
      vertex 34.6917 -57.8795 45
      vertex 32.9978 -61.7345 45
      vertex 35.9872 -60.041 45
    endloop
  endfacet
  facet normal -0 0 1
    outer loop
      vertex 31.8099 -59.512 45
      vertex 32.9978 -61.7345 45
      vertex 34.6917 -57.8795 45
    endloop
  endfacet
  facet normal 0 0 1
    outer loop
      vertex 31.8099 -59.512 45
      vertex 29.9289 -63.2793 45
      vertex 32.9978 -61.7345 45
    endloop
  endfacet
  facet normal -0 0 1
    outer loop
      vertex 28.8514 -61.0012 45
      vertex 29.9289 -63.2793 45
      vertex 31.8099 -59.512 45
    endloop
  endfacet
  facet normal 0 0 1
    outer loop
      vertex 28.8514 -61.0012 45
      vertex 26.7878 -64.6716 45
      vertex 29.9289 -63.2793 45
    endloop
  endfacet
  facet normal -0 0 1
    outer loop
      vertex 25.8235 -62.3434 45
      vertex 26.7878 -64.6716 45
      vertex 28.8514 -61.0012 45
    endloop
  endfacet
  facet normal 0 0 1
    outer loop
      vertex 25.8235 -62.3434 45
      vertex 23.5823 -65.9081 45
      vertex 26.7878 -64.6716 45
    endloop
  endfacet
  facet normal -0 0 1
    outer loop
      vertex 22.7333 -63.5354 45
      vertex 23.5823 -65.9081 45
      vertex 25.8235 -62.3434 45
    endloop
  endfacet
  facet normal 0 0 1
    outer loop
      vertex 22.7333 -63.5354 45
      vertex 20.3199 -66.9858 45
      vertex 23.5823 -65.9081 45
    endloop
  endfacet
  facet normal -0 0 1
    outer loop
      vertex 19.5884 -64.5743 45
      vertex 20.3199 -66.9858 45
      vertex 22.7333 -63.5354 45
    endloop
  endfacet
  facet normal 0 0 1
    outer loop
      vertex 19.5884 -64.5743 45
      vertex 17.0086 -67.9022 45
      vertex 20.3199 -66.9858 45
    endloop
  endfacet
  facet normal -0 0 1
    outer loop
      vertex 16.3963 -65.4577 45
      vertex 17.0086 -67.9022 45
      vertex 19.5884 -64.5743 45
    endloop
  endfacet
  facet normal 0 0 1
    outer loop
      vertex 16.3963 -65.4577 45
      vertex 13.6563 -68.655 45
      vertex 17.0086 -67.9022 45
    endloop
  endfacet
  facet normal -0 0 1
    outer loop
      vertex 13.1647 -66.1834 45
      vertex 13.6563 -68.655 45
      vertex 16.3963 -65.4577 45
    endloop
  endfacet
  facet normal 0 0 1
    outer loop
      vertex 13.1647 -66.1834 45
      vertex 10.2711 -69.2424 45
      vertex 13.6563 -68.655 45
    endloop
  endfacet
  facet normal -0 0 1
    outer loop
      vertex 9.90137 -66.7496 45
      vertex 10.2711 -69.2424 45
      vertex 13.1647 -66.1834 45
    endloop
  endfacet
  facet normal 0 0 1
    outer loop
      vertex 9.90137 -66.7496 45
      vertex 6.8612 -69.6629 45
      vertex 10.2711 -69.2424 45
    endloop
  endfacet
  facet normal -0 0 1
    outer loop
      vertex 6.6142 -67.1551 45
      vertex 6.8612 -69.6629 45
      vertex 9.90137 -66.7496 45
    endloop
  endfacet
  facet normal 0 0 1
    outer loop
      vertex 6.6142 -67.1551 45
      vertex 3.43474 -69.9157 45
      vertex 6.8612 -69.6629 45
    endloop
  endfacet
  facet normal -0 0 1
    outer loop
      vertex 3.31109 -67.3987 45
      vertex 3.43474 -69.9157 45
      vertex 6.6142 -67.1551 45
    endloop
  endfacet
  facet normal -0 0 1
    outer loop
      vertex 0 -67.48 45
      vertex 3.43474 -69.9157 45
      vertex 3.31109 -67.3987 45
    endloop
  endfacet
  facet normal 0 0 1
    outer loop
      vertex 0 -67.48 45
      vertex 0 -70 45
      vertex 3.43474 -69.9157 45
    endloop
  endfacet
  facet normal 0 0 1
    outer loop
      vertex -3.31109 -67.3987 45
      vertex 0 -70 45
      vertex 0 -67.48 45
    endloop
  endfacet
  facet normal 0 0 1
    outer loop
      vertex -3.31109 -67.3987 45
      vertex -3.43474 -69.9157 45
      vertex 0 -70 45
    endloop
  endfacet
  facet normal 0 0 1
    outer loop
      vertex -6.6142 -67.1551 45
      vertex -3.43474 -69.9157 45
      vertex -3.31109 -67.3987 45
    endloop
  endfacet
  facet normal 0 0 1
    outer loop
      vertex -6.6142 -67.1551 45
      vertex -6.8612 -69.6629 45
      vertex -3.43474 -69.9157 45
    endloop
  endfacet
  facet normal 0 0 1
    outer loop
      vertex -9.90137 -66.7496 45
      vertex -6.8612 -69.6629 45
      vertex -6.6142 -67.1551 45
    endloop
  endfacet
  facet normal 0 0 1
    outer loop
      vertex -9.90137 -66.7496 45
      vertex -10.2711 -69.2424 45
      vertex -6.8612 -69.6629 45
    endloop
  endfacet
  facet normal 0 0 1
    outer loop
      vertex -13.1647 -66.1834 45
      vertex -10.2711 -69.2424 45
      vertex -9.90137 -66.7496 45
    endloop
  endfacet
  facet normal 0 0 1
    outer loop
      vertex -13.1647 -66.1834 45
      vertex -13.6563 -68.655 45
      vertex -10.2711 -69.2424 45
    endloop
  endfacet
  facet normal 0 0 1
    outer loop
      vertex -16.3963 -65.4577 45
      vertex -13.6563 -68.655 45
      vertex -13.1647 -66.1834 45
    endloop
  endfacet
  facet normal 0 0 1
    outer loop
      vertex -16.3963 -65.4577 45
      vertex -17.0086 -67.9022 45
      vertex -13.6563 -68.655 45
    endloop
  endfacet
  facet normal 0 0 1
    outer loop
      vertex -19.5884 -64.5743 45
      vertex -17.0086 -67.9022 45
      vertex -16.3963 -65.4577 45
    endloop
  endfacet
  facet normal 0 0 1
    outer loop
      vertex -19.5884 -64.5743 45
      vertex -20.3199 -66.9858 45
      vertex -17.0086 -67.9022 45
    endloop
  endfacet
  facet normal 0 0 1
    outer loop
      vertex -22.7333 -63.5354 45
      vertex -20.3199 -66.9858 45
      vertex -19.5884 -64.5743 45
    endloop
  endfacet
  facet normal 0 0 1
    outer loop
      vertex -22.7333 -63.5354 45
      vertex -23.5823 -65.9081 45
      vertex -20.3199 -66.9858 45
    endloop
  endfacet
  facet normal 0 0 1
    outer loop
      vertex -25.8235 -62.3434 45
      vertex -23.5823 -65.9081 45
      vertex -22.7333 -63.5354 45
    endloop
  endfacet
  facet normal 0 0 1
    outer loop
      vertex -25.8235 -62.3434 45
      vertex -26.7878 -64.6716 45
      vertex -23.5823 -65.9081 45
    endloop
  endfacet
  facet normal 0 0 1
    outer loop
      vertex -28.8514 -61.0012 45
      vertex -26.7878 -64.6716 45
      vertex -25.8235 -62.3434 45
    endloop
  endfacet
  facet normal 0 0 1
    outer loop
      vertex -28.8514 -61.0012 45
      vertex -29.9289 -63.2793 45
      vertex -26.7878 -64.6716 45
    endloop
  endfacet
  facet normal 0 0 1
    outer loop
      vertex -31.8099 -59.512 45
      vertex -29.9289 -63.2793 45
      vertex -28.8514 -61.0012 45
    endloop
  endfacet
  facet normal 0 0 1
    outer loop
      vertex -31.8099 -59.512 45
      vertex -32.9978 -61.7345 45
      vertex -29.9289 -63.2793 45
    endloop
  endfacet
  facet normal 0 0 1
    outer loop
      vertex -34.6917 -57.8795 45
      vertex -32.9978 -61.7345 45
      vertex -31.8099 -59.512 45
    endloop
  endfacet
  facet normal 0 0 1
    outer loop
      vertex -34.6917 -57.8795 45
      vertex -35.9872 -60.041 45
      vertex -32.9978 -61.7345 45
    endloop
  endfacet
  facet normal 0 0 1
    outer loop
      vertex -37.4899 -56.1076 45
      vertex -35.9872 -60.041 45
      vertex -34.6917 -57.8795 45
    endloop
  endfacet
  facet normal 0 0 1
    outer loop
      vertex -37.4899 -56.1076 45
      vertex -38.8899 -58.2029 45
      vertex -35.9872 -60.041 45
    endloop
  endfacet
  facet normal 0 0 1
    outer loop
      vertex -40.1978 -54.2004 45
      vertex -38.8899 -58.2029 45
      vertex -37.4899 -56.1076 45
    endloop
  endfacet
  facet normal 0 0 1
    outer loop
      vertex -40.1978 -54.2004 45
      vertex -41.699 -56.2245 45
      vertex -38.8899 -58.2029 45
    endloop
  endfacet
  facet normal 0 0 1
    outer loop
      vertex -42.8089 -52.1627 45
      vertex -41.699 -56.2245 45
      vertex -40.1978 -54.2004 45
    endloop
  endfacet
  facet normal 0 0 1
    outer loop
      vertex -42.8089 -52.1627 45
      vertex -44.4075 -54.1107 45
      vertex -41.699 -56.2245 45
    endloop
  endfacet
  facet normal 0 0 1
    outer loop
      vertex -45.3168 -49.9994 45
      vertex -44.4075 -54.1107 45
      vertex -42.8089 -52.1627 45
    endloop
  endfacet
  facet normal 0 0 1
    outer loop
      vertex -45.3168 -49.9994 45
      vertex -47.0091 -51.8666 45
      vertex -44.4075 -54.1107 45
    endloop
  endfacet
  facet normal 0 0 1
    outer loop
      vertex -47.7156 -47.7156 45
      vertex -47.0091 -51.8666 45
      vertex -45.3168 -49.9994 45
    endloop
  endfacet
  facet normal 0 0 1
    outer loop
      vertex -47.7156 -47.7156 45
      vertex -49.4975 -49.4975 45
      vertex -47.0091 -51.8666 45
    endloop
  endfacet
  facet normal 0 0 1
    outer loop
      vertex -49.9994 -45.3168 45
      vertex -49.4975 -49.4975 45
      vertex -47.7156 -47.7156 45
    endloop
  endfacet
  facet normal 0 0 1
    outer loop
      vertex -49.9994 -45.3168 45
      vertex -51.8666 -47.0091 45
      vertex -49.4975 -49.4975 45
    endloop
  endfacet
  facet normal 0 0 1
    outer loop
      vertex -52.1627 -42.8089 45
      vertex -51.8666 -47.0091 45
      vertex -49.9994 -45.3168 45
    endloop
  endfacet
  facet normal 0 0 1
    outer loop
      vertex -52.1627 -42.8089 45
      vertex -54.1107 -44.4075 45
      vertex -51.8666 -47.0091 45
    endloop
  endfacet
  facet normal 0 0 1
    outer loop
      vertex -54.2004 -40.1978 45
      vertex -54.1107 -44.4075 45
      vertex -52.1627 -42.8089 45
    endloop
  endfacet
  facet normal 0 0 1
    outer loop
      vertex -56.2245 -41.699 45
      vertex -54.2004 -40.1978 45
      vertex -56.1076 -37.4899 45
    endloop
  endfacet
  facet normal 0 0 1
    outer loop
      vertex -54.2004 -40.1978 45
      vertex -56.2245 -41.699 45
      vertex -54.1107 -44.4075 45
    endloop
  endfacet
  facet normal 0 0 1
    outer loop
      vertex -58.2029 -38.8899 45
      vertex -56.1076 -37.4899 45
      vertex -57.8795 -34.6917 45
    endloop
  endfacet
  facet normal 0 0 1
    outer loop
      vertex -56.1076 -37.4899 45
      vertex -58.2029 -38.8899 45
      vertex -56.2245 -41.699 45
    endloop
  endfacet
  facet normal 0 0 1
    outer loop
      vertex -60.041 -35.9872 45
      vertex -57.8795 -34.6917 45
      vertex -59.512 -31.8099 45
    endloop
  endfacet
  facet normal 0 0 1
    outer loop
      vertex -57.8795 -34.6917 45
      vertex -60.041 -35.9872 45
      vertex -58.2029 -38.8899 45
    endloop
  endfacet
  facet normal 0 0 1
    outer loop
      vertex -61.7345 -32.9978 45
      vertex -59.512 -31.8099 45
      vertex -61.0012 -28.8514 45
    endloop
  endfacet
  facet normal 0 0 1
    outer loop
      vertex -59.512 -31.8099 45
      vertex -61.7345 -32.9978 45
      vertex -60.041 -35.9872 45
    endloop
  endfacet
  facet normal 0 0 1
    outer loop
      vertex -63.2793 -29.9289 45
      vertex -61.0012 -28.8514 45
      vertex -62.3434 -25.8235 45
    endloop
  endfacet
  facet normal 0 0 1
    outer loop
      vertex -61.0012 -28.8514 45
      vertex -63.2793 -29.9289 45
      vertex -61.7345 -32.9978 45
    endloop
  endfacet
  facet normal 0 0 1
    outer loop
      vertex -64.6716 -26.7878 45
      vertex -62.3434 -25.8235 45
      vertex -63.5354 -22.7333 45
    endloop
  endfacet
  facet normal 0 0 1
    outer loop
      vertex -65.9081 -23.5823 45
      vertex -63.5354 -22.7333 45
      vertex -64.5743 -19.5884 45
    endloop
  endfacet
  facet normal 0 0 1
    outer loop
      vertex -62.3434 -25.8235 45
      vertex -64.6716 -26.7878 45
      vertex -63.2793 -29.9289 45
    endloop
  endfacet
  facet normal 0 0 1
    outer loop
      vertex -66.9858 -20.3199 45
      vertex -64.5743 -19.5884 45
      vertex -65.4577 -16.3963 45
    endloop
  endfacet
  facet normal 0 0 1
    outer loop
      vertex -63.5354 -22.7333 45
      vertex -65.9081 -23.5823 45
      vertex -64.6716 -26.7878 45
    endloop
  endfacet
  facet normal 0 0 1
    outer loop
      vertex -67.9022 -17.0086 45
      vertex -65.4577 -16.3963 45
      vertex -66.1834 -13.1647 45
    endloop
  endfacet
  facet normal 0 0 1
    outer loop
      vertex -68.655 -13.6563 45
      vertex -66.1834 -13.1647 45
      vertex -66.7496 -9.90137 45
    endloop
  endfacet
  facet normal 0 0 1
    outer loop
      vertex -64.5743 -19.5884 45
      vertex -66.9858 -20.3199 45
      vertex -65.9081 -23.5823 45
    endloop
  endfacet
  facet normal 0 0 1
    outer loop
      vertex -69.2424 -10.2711 45
      vertex -66.7496 -9.90137 45
      vertex -67.1551 -6.6142 45
    endloop
  endfacet
  facet normal 0 0 1
    outer loop
      vertex -69.6629 -6.8612 45
      vertex -67.1551 -6.6142 45
      vertex -67.3987 -3.31109 45
    endloop
  endfacet
  facet normal 0 0 1
    outer loop
      vertex -69.9157 -3.43474 45
      vertex -67.3987 -3.31109 45
      vertex -67.48 0 45
    endloop
  endfacet
  facet normal -0 0 1
    outer loop
      vertex -69.6629 6.8612 45
      vertex -67.1551 6.6142 45
      vertex -69.2424 10.2711 45
    endloop
  endfacet
  facet normal 0 0 1
    outer loop
      vertex -65.4577 -16.3963 45
      vertex -67.9022 -17.0086 45
      vertex -66.9858 -20.3199 45
    endloop
  endfacet
  facet normal 0 0 1
    outer loop
      vertex -67.1551 6.6142 45
      vertex -69.6629 6.8612 45
      vertex -67.3987 3.31109 45
    endloop
  endfacet
  facet normal 0 0 1
    outer loop
      vertex -66.1834 -13.1647 45
      vertex -68.655 -13.6563 45
      vertex -67.9022 -17.0086 45
    endloop
  endfacet
  facet normal -0 0 1
    outer loop
      vertex -69.9157 3.43474 45
      vertex -67.3987 3.31109 45
      vertex -69.6629 6.8612 45
    endloop
  endfacet
  facet normal 0 0 1
    outer loop
      vertex -66.7496 -9.90137 45
      vertex -69.2424 -10.2711 45
      vertex -68.655 -13.6563 45
    endloop
  endfacet
  facet normal 0 0 1
    outer loop
      vertex -67.3987 3.31109 45
      vertex -69.9157 3.43474 45
      vertex -67.48 0 45
    endloop
  endfacet
  facet normal 0 0 1
    outer loop
      vertex -67.1551 -6.6142 45
      vertex -69.6629 -6.8612 45
      vertex -69.2424 -10.2711 45
    endloop
  endfacet
  facet normal 0 0 1
    outer loop
      vertex -70 0 45
      vertex -67.48 0 45
      vertex -69.9157 3.43474 45
    endloop
  endfacet
  facet normal 0 0 1
    outer loop
      vertex -67.3987 -3.31109 45
      vertex -69.9157 -3.43474 45
      vertex -69.6629 -6.8612 45
    endloop
  endfacet
  facet normal 0 0 1
    outer loop
      vertex -67.48 0 45
      vertex -70 0 45
      vertex -69.9157 -3.43474 45
    endloop
  endfacet
  facet normal -0.997289 0.0735788 0
    outer loop
      vertex -69.9157 3.43474 30.01
      vertex -69.6629 6.8612 45
      vertex -69.6629 6.8612 30.01
    endloop
  endfacet
  facet normal -0.997289 0.0735788 0
    outer loop
      vertex -69.6629 6.8612 45
      vertex -69.9157 3.43474 30.01
      vertex -69.9157 3.43474 45
    endloop
  endfacet
  facet normal -0.985277 0.170965 0
    outer loop
      vertex -69.2424 10.2711 30.01
      vertex -68.655 13.6563 45
      vertex -68.655 13.6563 30.01
    endloop
  endfacet
  facet normal -0.985277 0.170965 0
    outer loop
      vertex -68.655 13.6563 45
      vertex -69.2424 10.2711 30.01
      vertex -69.2424 10.2711 45
    endloop
  endfacet
  facet normal -0.170965 -0.985277 0
    outer loop
      vertex -13.6563 -68.655 30.01
      vertex -10.2711 -69.2424 45
      vertex -13.6563 -68.655 45
    endloop
  endfacet
  facet normal -0.170965 -0.985277 -0
    outer loop
      vertex -10.2711 -69.2424 45
      vertex -13.6563 -68.655 30.01
      vertex -10.2711 -69.2424 30.01
    endloop
  endfacet
  facet normal -0.266724 0.963773 0
    outer loop
      vertex -17.0086 67.9022 30.01
      vertex -20.3199 66.9858 45
      vertex -17.0086 67.9022 45
    endloop
  endfacet
  facet normal -0.266724 0.963773 0
    outer loop
      vertex -20.3199 66.9858 45
      vertex -17.0086 67.9022 30.01
      vertex -20.3199 66.9858 30.01
    endloop
  endfacet
  facet normal -0.788337 -0.615244 0
    outer loop
      vertex -54.1107 -44.4075 30.01
      vertex -56.2245 -41.699 45
      vertex -56.2245 -41.699 30.01
    endloop
  endfacet
  facet normal -0.788337 -0.615244 0
    outer loop
      vertex -56.2245 -41.699 45
      vertex -54.1107 -44.4075 30.01
      vertex -54.1107 -44.4075 45
    endloop
  endfacet
  facet normal -0.963773 -0.266724 0
    outer loop
      vertex -66.9858 -20.3199 30.01
      vertex -67.9022 -17.0086 45
      vertex -67.9022 -17.0086 30.01
    endloop
  endfacet
  facet normal -0.963773 -0.266724 0
    outer loop
      vertex -67.9022 -17.0086 45
      vertex -66.9858 -20.3199 30.01
      vertex -66.9858 -20.3199 45
    endloop
  endfacet
  facet normal -0.449622 -0.893219 0
    outer loop
      vertex -32.9978 -61.7345 30.01
      vertex -29.9289 -63.2793 45
      vertex -32.9978 -61.7345 45
    endloop
  endfacet
  facet normal -0.449622 -0.893219 -0
    outer loop
      vertex -29.9289 -63.2793 45
      vertex -32.9978 -61.7345 30.01
      vertex -29.9289 -63.2793 30.01
    endloop
  endfacet
  facet normal -0.870084 0.492904 0
    outer loop
      vertex -61.7345 32.9978 30.01
      vertex -60.041 35.9872 45
      vertex -60.041 35.9872 30.01
    endloop
  endfacet
  facet normal -0.870084 0.492904 0
    outer loop
      vertex -60.041 35.9872 45
      vertex -61.7345 32.9978 30.01
      vertex -61.7345 32.9978 45
    endloop
  endfacet
  facet normal -0.405228 0.914216 0
    outer loop
      vertex -26.7878 64.6716 30.01
      vertex -29.9289 63.2793 45
      vertex -26.7878 64.6716 45
    endloop
  endfacet
  facet normal -0.405228 0.914216 0
    outer loop
      vertex -29.9289 63.2793 45
      vertex -26.7878 64.6716 30.01
      vertex -29.9289 63.2793 30.01
    endloop
  endfacet
  facet normal -0.57581 -0.817584 0
    outer loop
      vertex -41.699 -56.2245 30.01
      vertex -38.8899 -58.2029 45
      vertex -41.699 -56.2245 45
    endloop
  endfacet
  facet normal -0.57581 -0.817584 -0
    outer loop
      vertex -38.8899 -58.2029 45
      vertex -41.699 -56.2245 30.01
      vertex -38.8899 -58.2029 30.01
    endloop
  endfacet
  facet normal -0.893219 -0.449622 0
    outer loop
      vertex -61.7345 -32.9978 30.01
      vertex -63.2793 -29.9289 45
      vertex -63.2793 -29.9289 30.01
    endloop
  endfacet
  facet normal -0.893219 -0.449622 0
    outer loop
      vertex -63.2793 -29.9289 45
      vertex -61.7345 -32.9978 30.01
      vertex -61.7345 -32.9978 45
    endloop
  endfacet
  facet normal -0.534995 -0.844855 0
    outer loop
      vertex -38.8899 -58.2029 30.01
      vertex -35.9872 -60.041 45
      vertex -38.8899 -58.2029 45
    endloop
  endfacet
  facet normal -0.534995 -0.844855 -0
    outer loop
      vertex -35.9872 -60.041 45
      vertex -38.8899 -58.2029 30.01
      vertex -35.9872 -60.041 30.01
    endloop
  endfacet
  facet normal -0.84484 0.53502 0
    outer loop
      vertex 24.9441 -16.6671 2.99
      vertex 25.7319 -15.4231 5
      vertex 25.7319 -15.4231 2.93573
    endloop
  endfacet
  facet normal -0.84484 0.53502 0
    outer loop
      vertex 25.7319 -15.4231 5
      vertex 24.9441 -16.6671 2.99
      vertex 24.9441 -16.6671 5
    endloop
  endfacet
  facet normal -0.84484 -0.53502 -0
    outer loop
      vertex 25.7319 15.4231 5
      vertex 24.9441 16.6671 2.99
      vertex 25.7319 15.4231 2.93573
    endloop
  endfacet
  facet normal -0.84484 -0.53502 0
    outer loop
      vertex 24.9441 16.6671 2.99
      vertex 25.7319 15.4231 5
      vertex 24.9441 16.6671 5
    endloop
  endfacet
  facet normal -0.757211 -0.653171 0
    outer loop
      vertex 23.1903 19.0318 2.99
      vertex 22.2285 20.1468 5
      vertex 22.2285 20.1468 2.93573
    endloop
  endfacet
  facet normal -0.757211 -0.653171 0
    outer loop
      vertex 22.2285 20.1468 5
      vertex 23.1903 19.0318 2.99
      vertex 23.1903 19.0318 5
    endloop
  endfacet
  facet normal 0.757211 0.653171 0
    outer loop
      vertex -22.2285 -20.1468 5
      vertex -23.1903 -19.0318 2.99
      vertex -23.1903 -19.0318 5
    endloop
  endfacet
  facet normal 0.757211 0.653171 0
    outer loop
      vertex -23.1903 -19.0318 2.99
      vertex -22.2285 -20.1468 5
      vertex -22.2285 -20.1468 2.93573
    endloop
  endfacet
  facet normal -0.724246 0.689542 0
    outer loop
      vertex 21.2132 -21.2132 2.99
      vertex 22.2285 -20.1468 5
      vertex 22.2285 -20.1468 2.93573
    endloop
  endfacet
  facet normal -0.724246 0.689542 0
    outer loop
      vertex 22.2285 -20.1468 5
      vertex 21.2132 -21.2132 2.99
      vertex 21.2132 -21.2132 5
    endloop
  endfacet
  facet normal -0.817579 -0.575816 0
    outer loop
      vertex 24.9441 16.6671 2.99
      vertex 24.0962 17.871 5
      vertex 24.0962 17.871 2.93573
    endloop
  endfacet
  facet normal -0.817579 -0.575816 0
    outer loop
      vertex 24.0962 17.871 5
      vertex 24.9441 16.6671 2.99
      vertex 24.9441 16.6671 5
    endloop
  endfacet
  facet normal 0.985282 0.170937 -0
    outer loop
      vertex -29.4236 -5.85271 2.99
      vertex -29.6753 -4.40191 5
      vertex -29.4236 -5.85271 5
    endloop
  endfacet
  facet normal 0.985282 0.170937 0
    outer loop
      vertex -29.6753 -4.40191 5
      vertex -29.4236 -5.85271 2.99
      vertex -29.6753 -4.40191 2.93573
    endloop
  endfacet
  facet normal 0.999699 0.0245166 0
    outer loop
      vertex -29.9639 -1.47203 5
      vertex -30 0 2.99
      vertex -30 0 5
    endloop
  endfacet
  facet normal 0.999699 0.0245166 0
    outer loop
      vertex -30 0 2.99
      vertex -29.9639 -1.47203 5
      vertex -29.9639 -1.47203 2.93573
    endloop
  endfacet
  facet normal -0.985282 -0.170937 -0
    outer loop
      vertex 29.6753 4.40191 5
      vertex 29.4236 5.85271 2.99
      vertex 29.6753 4.40191 2.93573
    endloop
  endfacet
  facet normal -0.985282 -0.170937 0
    outer loop
      vertex 29.4236 5.85271 2.99
      vertex 29.6753 4.40191 5
      vertex 29.4236 5.85271 5
    endloop
  endfacet
  facet normal 0.653171 0.757211 -0
    outer loop
      vertex -19.0318 -23.1903 2.99
      vertex -20.1468 -22.2285 5
      vertex -19.0318 -23.1903 5
    endloop
  endfacet
  facet normal 0.653171 0.757211 0
    outer loop
      vertex -20.1468 -22.2285 5
      vertex -19.0318 -23.1903 2.99
      vertex -20.1468 -22.2285 2.93573
    endloop
  endfacet
  facet normal 0.653171 -0.757211 0
    outer loop
      vertex -20.1468 22.2285 5
      vertex -19.0318 23.1903 2.99
      vertex -19.0318 23.1903 5
    endloop
  endfacet
  facet normal 0.653171 -0.757211 0
    outer loop
      vertex -19.0318 23.1903 2.99
      vertex -20.1468 22.2285 5
      vertex -20.1468 22.2285 2.93573
    endloop
  endfacet
  facet normal -0.689542 -0.724246 0
    outer loop
      vertex 20.1468 22.2285 5
      vertex 21.2132 21.2132 2.99
      vertex 21.2132 21.2132 5
    endloop
  endfacet
  facet normal -0.689542 -0.724246 0
    outer loop
      vertex 21.2132 21.2132 2.99
      vertex 20.1468 22.2285 5
      vertex 20.1468 22.2285 2.93573
    endloop
  endfacet
  facet normal -0.0245166 -0.999699 0
    outer loop
      vertex 0 30 2.99
      vertex 1.47203 29.9639 5
      vertex 0 30 5
    endloop
  endfacet
  facet normal -0.0245166 -0.999699 -0
    outer loop
      vertex 1.47203 29.9639 5
      vertex 0 30 2.99
      vertex 1.47203 29.9639 2.93573
    endloop
  endfacet
  facet normal 0.992483 0.12238 0
    outer loop
      vertex -29.6753 -4.40191 5
      vertex -29.8555 -2.94051 2.99
      vertex -29.8555 -2.94051 5
    endloop
  endfacet
  facet normal 0.992483 0.12238 0
    outer loop
      vertex -29.8555 -2.94051 2.99
      vertex -29.6753 -4.40191 5
      vertex -29.6753 -4.40191 2.93573
    endloop
  endfacet
  facet normal 0.492851 0.870113 -0
    outer loop
      vertex -14.1419 -26.4576 2.99
      vertex -15.4231 -25.7319 5
      vertex -14.1419 -26.4576 5
    endloop
  endfacet
  facet normal 0.492851 0.870113 0
    outer loop
      vertex -15.4231 -25.7319 5
      vertex -14.1419 -26.4576 2.99
      vertex -15.4231 -25.7319 2.93573
    endloop
  endfacet
  facet normal 0.985282 -0.170937 0
    outer loop
      vertex -29.6753 4.40191 5
      vertex -29.4236 5.85271 2.99
      vertex -29.4236 5.85271 5
    endloop
  endfacet
  facet normal 0.985282 -0.170937 0
    outer loop
      vertex -29.4236 5.85271 2.99
      vertex -29.6753 4.40191 5
      vertex -29.6753 4.40191 2.93573
    endloop
  endfacet
  facet normal 0.449657 0.893201 0
    outer loop
      vertex -12.8267 -27.1197 5
      vertex -14.1419 -26.4576 2.99
      vertex -14.1419 -26.4576 5
    endloop
  endfacet
  facet normal 0.449657 0.893201 0
    outer loop
      vertex -14.1419 -26.4576 2.99
      vertex -12.8267 -27.1197 5
      vertex -12.8267 -27.1197 2.93573
    endloop
  endfacet
  facet normal 0.933 -0.359875 0
    outer loop
      vertex -28.2463 10.1067 5
      vertex -27.7164 11.4805 2.99
      vertex -27.7164 11.4805 5
    endloop
  endfacet
  facet normal 0.933 -0.359875 0
    outer loop
      vertex -27.7164 11.4805 2.99
      vertex -28.2463 10.1067 5
      vertex -28.2463 10.1067 2.93573
    endloop
  endfacet
  facet normal 0.949526 0.313688 0
    outer loop
      vertex -28.2463 -10.1067 5
      vertex -28.7082 -8.70854 2.99
      vertex -28.7082 -8.70854 5
    endloop
  endfacet
  facet normal 0.949526 0.313688 0
    outer loop
      vertex -28.7082 -8.70854 2.99
      vertex -28.2463 -10.1067 5
      vertex -28.2463 -10.1067 2.93573
    endloop
  endfacet
  facet normal 0.933 0.359875 -0
    outer loop
      vertex -27.7164 -11.4805 2.99
      vertex -28.2463 -10.1067 5
      vertex -27.7164 -11.4805 5
    endloop
  endfacet
  facet normal 0.933 0.359875 0
    outer loop
      vertex -28.2463 -10.1067 5
      vertex -27.7164 -11.4805 2.99
      vertex -28.2463 -10.1067 2.93573
    endloop
  endfacet
  facet normal 0.170937 0.985282 0
    outer loop
      vertex -4.40191 -29.6753 5
      vertex -5.85271 -29.4236 2.99
      vertex -5.85271 -29.4236 5
    endloop
  endfacet
  facet normal 0.170937 0.985282 0
    outer loop
      vertex -5.85271 -29.4236 2.99
      vertex -4.40191 -29.6753 5
      vertex -4.40191 -29.6753 2.93573
    endloop
  endfacet
  facet normal -0.449657 -0.893201 0
    outer loop
      vertex 12.8267 27.1197 5
      vertex 14.1419 26.4576 2.99
      vertex 14.1419 26.4576 5
    endloop
  endfacet
  facet normal -0.449657 -0.893201 0
    outer loop
      vertex 14.1419 26.4576 2.99
      vertex 12.8267 27.1197 5
      vertex 12.8267 27.1197 2.93573
    endloop
  endfacet
  facet normal -0.170937 0.985282 0
    outer loop
      vertex 5.85271 -29.4236 2.99
      vertex 4.40191 -29.6753 5
      vertex 5.85271 -29.4236 5
    endloop
  endfacet
  facet normal -0.170937 0.985282 0
    outer loop
      vertex 4.40191 -29.6753 5
      vertex 5.85271 -29.4236 2.99
      vertex 4.40191 -29.6753 2.93573
    endloop
  endfacet
  facet normal -0.933 0.359875 0
    outer loop
      vertex 27.7164 -11.4805 2.99
      vertex 28.2463 -10.1067 5
      vertex 28.2463 -10.1067 2.93573
    endloop
  endfacet
  facet normal -0.933 0.359875 0
    outer loop
      vertex 28.2463 -10.1067 5
      vertex 27.7164 -11.4805 2.99
      vertex 27.7164 -11.4805 5
    endloop
  endfacet
  facet normal -0.949526 -0.313688 0
    outer loop
      vertex 28.7082 8.70854 2.99
      vertex 28.2463 10.1067 5
      vertex 28.2463 10.1067 2.93573
    endloop
  endfacet
  facet normal -0.949526 -0.313688 0
    outer loop
      vertex 28.2463 10.1067 5
      vertex 28.7082 8.70854 2.99
      vertex 28.7082 8.70854 5
    endloop
  endfacet
  facet normal -0.992471 -0.122482 0
    outer loop
      vertex 29.7249 4 2.95066
      vertex 29.6753 4.40191 5
      vertex 29.6753 4.40191 2.93573
    endloop
  endfacet
  facet normal -0.992471 -0.122482 0
    outer loop
      vertex 29.6753 4.40191 5
      vertex 29.7249 4 2.95066
      vertex 29.7249 4 5
    endloop
  endfacet
  facet normal 0.313688 -0.949526 0
    outer loop
      vertex -10.1067 28.2463 5
      vertex -8.70854 28.7082 2.99
      vertex -8.70854 28.7082 5
    endloop
  endfacet
  facet normal 0.313688 -0.949526 0
    outer loop
      vertex -8.70854 28.7082 2.99
      vertex -10.1067 28.2463 5
      vertex -10.1067 28.2463 2.93573
    endloop
  endfacet
  facet normal 0.870113 0.492851 0
    outer loop
      vertex -25.7319 -15.4231 5
      vertex -26.4576 -14.1419 2.99
      vertex -26.4576 -14.1419 5
    endloop
  endfacet
  facet normal 0.870113 0.492851 0
    outer loop
      vertex -26.4576 -14.1419 2.99
      vertex -25.7319 -15.4231 5
      vertex -25.7319 -15.4231 2.93573
    endloop
  endfacet
  facet normal -0.653171 -0.757211 0
    outer loop
      vertex 19.0318 23.1903 2.99
      vertex 20.1468 22.2285 5
      vertex 19.0318 23.1903 5
    endloop
  endfacet
  facet normal -0.653171 -0.757211 -0
    outer loop
      vertex 20.1468 22.2285 5
      vertex 19.0318 23.1903 2.99
      vertex 20.1468 22.2285 2.93573
    endloop
  endfacet
  facet normal -0.219153 -0.97569 0
    outer loop
      vertex 5.85271 29.4236 2.99
      vertex 7.2894 29.1009 5
      vertex 5.85271 29.4236 5
    endloop
  endfacet
  facet normal -0.219153 -0.97569 -0
    outer loop
      vertex 7.2894 29.1009 5
      vertex 5.85271 29.4236 2.99
      vertex 7.2894 29.1009 2.93573
    endloop
  endfacet
  facet normal -0.992471 0.122482 0
    outer loop
      vertex 29.6753 -4.40191 5
      vertex 29.7249 -4 2.95066
      vertex 29.6753 -4.40191 2.93573
    endloop
  endfacet
  facet normal -0.992471 0.122482 0
    outer loop
      vertex 29.7249 -4 2.95066
      vertex 29.6753 -4.40191 5
      vertex 29.7249 -4 5
    endloop
  endfacet
  facet normal -0.405225 -0.914217 0
    outer loop
      vertex 11.4805 27.7164 2.99
      vertex 12.8267 27.1197 5
      vertex 11.4805 27.7164 5
    endloop
  endfacet
  facet normal -0.405225 -0.914217 -0
    outer loop
      vertex 12.8267 27.1197 5
      vertex 11.4805 27.7164 2.99
      vertex 12.8267 27.1197 2.93573
    endloop
  endfacet
  facet normal -0.949526 0.313688 0
    outer loop
      vertex 28.2463 -10.1067 5
      vertex 28.7082 -8.70854 2.99
      vertex 28.2463 -10.1067 2.93573
    endloop
  endfacet
  facet normal -0.949526 0.313688 0
    outer loop
      vertex 28.7082 -8.70854 2.99
      vertex 28.2463 -10.1067 5
      vertex 28.7082 -8.70854 5
    endloop
  endfacet
  facet normal -0.893201 -0.449657 -0
    outer loop
      vertex 27.1197 12.8267 5
      vertex 26.4576 14.1419 2.99
      vertex 27.1197 12.8267 2.93573
    endloop
  endfacet
  facet normal -0.893201 -0.449657 0
    outer loop
      vertex 26.4576 14.1419 2.99
      vertex 27.1197 12.8267 5
      vertex 26.4576 14.1419 5
    endloop
  endfacet
  facet normal 0.817579 -0.575816 0
    outer loop
      vertex -24.9441 16.6671 2.99
      vertex -24.0962 17.871 5
      vertex -24.9441 16.6671 5
    endloop
  endfacet
  facet normal 0.817579 -0.575816 0
    outer loop
      vertex -24.0962 17.871 5
      vertex -24.9441 16.6671 2.99
      vertex -24.0962 17.871 2.93573
    endloop
  endfacet
  facet normal -0.53502 -0.84484 0
    outer loop
      vertex 15.4231 25.7319 5
      vertex 16.6671 24.9441 2.99
      vertex 16.6671 24.9441 5
    endloop
  endfacet
  facet normal -0.53502 -0.84484 0
    outer loop
      vertex 16.6671 24.9441 2.99
      vertex 15.4231 25.7319 5
      vertex 15.4231 25.7319 2.93573
    endloop
  endfacet
  facet normal 0.689542 -0.724246 0
    outer loop
      vertex -21.2132 21.2132 2.99
      vertex -20.1468 22.2285 5
      vertex -21.2132 21.2132 5
    endloop
  endfacet
  facet normal 0.689542 -0.724246 0
    outer loop
      vertex -20.1468 22.2285 5
      vertex -21.2132 21.2132 2.99
      vertex -20.1468 22.2285 2.93573
    endloop
  endfacet
  facet normal -0.788346 0.615233 0
    outer loop
      vertex 23.1903 -19.0318 2.99
      vertex 24.0962 -17.871 5
      vertex 24.0962 -17.871 2.93573
    endloop
  endfacet
  facet normal -0.788346 0.615233 0
    outer loop
      vertex 24.0962 -17.871 5
      vertex 23.1903 -19.0318 2.99
      vertex 23.1903 -19.0318 5
    endloop
  endfacet
  facet normal -0.615233 -0.788346 0
    outer loop
      vertex 17.871 24.0962 5
      vertex 19.0318 23.1903 2.99
      vertex 19.0318 23.1903 5
    endloop
  endfacet
  facet normal -0.615233 -0.788346 0
    outer loop
      vertex 19.0318 23.1903 2.99
      vertex 17.871 24.0962 5
      vertex 17.871 24.0962 2.93573
    endloop
  endfacet
  facet normal -0.313688 -0.949526 0
    outer loop
      vertex 8.70854 28.7082 2.99
      vertex 10.1067 28.2463 5
      vertex 8.70854 28.7082 5
    endloop
  endfacet
  facet normal -0.313688 -0.949526 -0
    outer loop
      vertex 10.1067 28.2463 5
      vertex 8.70854 28.7082 2.99
      vertex 10.1067 28.2463 2.93573
    endloop
  endfacet
  facet normal -0.0736175 0.997287 0
    outer loop
      vertex 2.94051 -29.8555 2.99
      vertex 1.47203 -29.9639 5
      vertex 2.94051 -29.8555 5
    endloop
  endfacet
  facet normal -0.0736175 0.997287 0
    outer loop
      vertex 1.47203 -29.9639 5
      vertex 2.94051 -29.8555 2.99
      vertex 1.47203 -29.9639 2.93573
    endloop
  endfacet
  facet normal 0.449657 -0.893201 0
    outer loop
      vertex -14.1419 26.4576 2.99
      vertex -12.8267 27.1197 5
      vertex -14.1419 26.4576 5
    endloop
  endfacet
  facet normal 0.449657 -0.893201 0
    outer loop
      vertex -12.8267 27.1197 5
      vertex -14.1419 26.4576 2.99
      vertex -12.8267 27.1197 2.93573
    endloop
  endfacet
  facet normal 0.12238 0.992483 -0
    outer loop
      vertex -2.94051 -29.8555 2.99
      vertex -4.40191 -29.6753 5
      vertex -2.94051 -29.8555 5
    endloop
  endfacet
  facet normal 0.12238 0.992483 0
    outer loop
      vertex -4.40191 -29.6753 5
      vertex -2.94051 -29.8555 2.99
      vertex -4.40191 -29.6753 2.93573
    endloop
  endfacet
  facet normal -0.97569 -0.219153 0
    outer loop
      vertex 29.4236 5.85271 2.99
      vertex 29.1009 7.2894 5
      vertex 29.1009 7.2894 2.93573
    endloop
  endfacet
  facet normal -0.97569 -0.219153 0
    outer loop
      vertex 29.1009 7.2894 5
      vertex 29.4236 5.85271 2.99
      vertex 29.4236 5.85271 5
    endloop
  endfacet
  facet normal 0.817579 0.575816 0
    outer loop
      vertex -24.0962 -17.871 5
      vertex -24.9441 -16.6671 2.99
      vertex -24.9441 -16.6671 5
    endloop
  endfacet
  facet normal 0.817579 0.575816 0
    outer loop
      vertex -24.9441 -16.6671 2.99
      vertex -24.0962 -17.871 5
      vertex -24.0962 -17.871 2.93573
    endloop
  endfacet
  facet normal 0.266695 0.963781 0
    outer loop
      vertex -7.2894 -29.1009 5
      vertex -8.70854 -28.7082 2.99
      vertex -8.70854 -28.7082 5
    endloop
  endfacet
  facet normal 0.266695 0.963781 0
    outer loop
      vertex -8.70854 -28.7082 2.99
      vertex -7.2894 -29.1009 5
      vertex -7.2894 -29.1009 2.93573
    endloop
  endfacet
  facet normal -0.724246 -0.689542 -0
    outer loop
      vertex 22.2285 20.1468 5
      vertex 21.2132 21.2132 2.99
      vertex 22.2285 20.1468 2.93573
    endloop
  endfacet
  facet normal -0.724246 -0.689542 0
    outer loop
      vertex 21.2132 21.2132 2.99
      vertex 22.2285 20.1468 5
      vertex 21.2132 21.2132 5
    endloop
  endfacet
  facet normal -0.933 -0.359875 -0
    outer loop
      vertex 28.2463 10.1067 5
      vertex 27.7164 11.4805 2.99
      vertex 28.2463 10.1067 2.93573
    endloop
  endfacet
  facet normal -0.933 -0.359875 0
    outer loop
      vertex 27.7164 11.4805 2.99
      vertex 28.2463 10.1067 5
      vertex 27.7164 11.4805 5
    endloop
  endfacet
  facet normal 0.914217 0.405225 0
    outer loop
      vertex -27.1197 -12.8267 5
      vertex -27.7164 -11.4805 2.99
      vertex -27.7164 -11.4805 5
    endloop
  endfacet
  facet normal 0.914217 0.405225 0
    outer loop
      vertex -27.7164 -11.4805 2.99
      vertex -27.1197 -12.8267 5
      vertex -27.1197 -12.8267 2.93573
    endloop
  endfacet
  facet normal 0.170937 -0.985282 0
    outer loop
      vertex -5.85271 29.4236 2.99
      vertex -4.40191 29.6753 5
      vertex -5.85271 29.4236 5
    endloop
  endfacet
  facet normal 0.170937 -0.985282 0
    outer loop
      vertex -4.40191 29.6753 5
      vertex -5.85271 29.4236 2.99
      vertex -4.40191 29.6753 2.93573
    endloop
  endfacet
  facet normal -0.963781 -0.266695 -0
    outer loop
      vertex 29.1009 7.2894 5
      vertex 28.7082 8.70854 2.99
      vertex 29.1009 7.2894 2.93573
    endloop
  endfacet
  facet normal -0.963781 -0.266695 0
    outer loop
      vertex 28.7082 8.70854 2.99
      vertex 29.1009 7.2894 5
      vertex 28.7082 8.70854 5
    endloop
  endfacet
  facet normal -0.0245166 0.999699 0
    outer loop
      vertex 1.47203 -29.9639 5
      vertex 0 -30 2.99
      vertex 0 -30 5
    endloop
  endfacet
  facet normal -0.0245166 0.999699 0
    outer loop
      vertex 0 -30 2.99
      vertex 1.47203 -29.9639 5
      vertex 1.47203 -29.9639 2.93573
    endloop
  endfacet
  facet normal -0.492851 -0.870113 0
    outer loop
      vertex 14.1419 26.4576 2.99
      vertex 15.4231 25.7319 5
      vertex 14.1419 26.4576 5
    endloop
  endfacet
  facet normal -0.492851 -0.870113 -0
    outer loop
      vertex 15.4231 25.7319 5
      vertex 14.1419 26.4576 2.99
      vertex 15.4231 25.7319 2.93573
    endloop
  endfacet
  facet normal -0.893201 0.449657 0
    outer loop
      vertex 26.4576 -14.1419 2.99
      vertex 27.1197 -12.8267 5
      vertex 27.1197 -12.8267 2.93573
    endloop
  endfacet
  facet normal -0.893201 0.449657 0
    outer loop
      vertex 27.1197 -12.8267 5
      vertex 26.4576 -14.1419 2.99
      vertex 26.4576 -14.1419 5
    endloop
  endfacet
  facet normal 0.0736175 0.997287 0
    outer loop
      vertex -1.47203 -29.9639 5
      vertex -2.94051 -29.8555 2.99
      vertex -2.94051 -29.8555 5
    endloop
  endfacet
  facet normal 0.0736175 0.997287 0
    outer loop
      vertex -2.94051 -29.8555 2.99
      vertex -1.47203 -29.9639 5
      vertex -1.47203 -29.9639 2.93573
    endloop
  endfacet
  facet normal 0.0245166 -0.999699 0
    outer loop
      vertex -1.47203 29.9639 5
      vertex 0 30 2.99
      vertex 0 30 5
    endloop
  endfacet
  facet normal 0.0245166 -0.999699 0
    outer loop
      vertex 0 30 2.99
      vertex -1.47203 29.9639 5
      vertex -1.47203 29.9639 2.93573
    endloop
  endfacet
  facet normal -0.757211 0.653171 0
    outer loop
      vertex 22.2285 -20.1468 5
      vertex 23.1903 -19.0318 2.99
      vertex 22.2285 -20.1468 2.93573
    endloop
  endfacet
  facet normal -0.757211 0.653171 0
    outer loop
      vertex 23.1903 -19.0318 2.99
      vertex 22.2285 -20.1468 5
      vertex 23.1903 -19.0318 5
    endloop
  endfacet
  facet normal -0.870113 -0.492851 0
    outer loop
      vertex 26.4576 14.1419 2.99
      vertex 25.7319 15.4231 5
      vertex 25.7319 15.4231 2.93573
    endloop
  endfacet
  facet normal -0.870113 -0.492851 0
    outer loop
      vertex 25.7319 15.4231 5
      vertex 26.4576 14.1419 2.99
      vertex 26.4576 14.1419 5
    endloop
  endfacet
  facet normal -0.963781 0.266695 0
    outer loop
      vertex 28.7082 -8.70854 2.99
      vertex 29.1009 -7.2894 5
      vertex 29.1009 -7.2894 2.93573
    endloop
  endfacet
  facet normal -0.963781 0.266695 0
    outer loop
      vertex 29.1009 -7.2894 5
      vertex 28.7082 -8.70854 2.99
      vertex 28.7082 -8.70854 5
    endloop
  endfacet
  facet normal -0.817579 0.575816 0
    outer loop
      vertex 24.0962 -17.871 5
      vertex 24.9441 -16.6671 2.99
      vertex 24.0962 -17.871 2.93573
    endloop
  endfacet
  facet normal -0.817579 0.575816 0
    outer loop
      vertex 24.9441 -16.6671 2.99
      vertex 24.0962 -17.871 5
      vertex 24.9441 -16.6671 5
    endloop
  endfacet
  facet normal 0.492851 -0.870113 0
    outer loop
      vertex -15.4231 25.7319 5
      vertex -14.1419 26.4576 2.99
      vertex -14.1419 26.4576 5
    endloop
  endfacet
  facet normal 0.492851 -0.870113 0
    outer loop
      vertex -14.1419 26.4576 2.99
      vertex -15.4231 25.7319 5
      vertex -15.4231 25.7319 2.93573
    endloop
  endfacet
  facet normal 0.97569 -0.219153 0
    outer loop
      vertex -29.4236 5.85271 2.99
      vertex -29.1009 7.2894 5
      vertex -29.4236 5.85271 5
    endloop
  endfacet
  facet normal 0.97569 -0.219153 0
    outer loop
      vertex -29.1009 7.2894 5
      vertex -29.4236 5.85271 2.99
      vertex -29.1009 7.2894 2.93573
    endloop
  endfacet
  facet normal 0.963781 -0.266695 0
    outer loop
      vertex -29.1009 7.2894 5
      vertex -28.7082 8.70854 2.99
      vertex -28.7082 8.70854 5
    endloop
  endfacet
  facet normal 0.963781 -0.266695 0
    outer loop
      vertex -28.7082 8.70854 2.99
      vertex -29.1009 7.2894 5
      vertex -29.1009 7.2894 2.93573
    endloop
  endfacet
  facet normal 0.219153 -0.97569 0
    outer loop
      vertex -7.2894 29.1009 5
      vertex -5.85271 29.4236 2.99
      vertex -5.85271 29.4236 5
    endloop
  endfacet
  facet normal 0.219153 -0.97569 0
    outer loop
      vertex -5.85271 29.4236 2.99
      vertex -7.2894 29.1009 5
      vertex -7.2894 29.1009 2.93573
    endloop
  endfacet
  facet normal -0.914217 -0.405225 0
    outer loop
      vertex 27.7164 11.4805 2.99
      vertex 27.1197 12.8267 5
      vertex 27.1197 12.8267 2.93573
    endloop
  endfacet
  facet normal -0.914217 -0.405225 0
    outer loop
      vertex 27.1197 12.8267 5
      vertex 27.7164 11.4805 2.99
      vertex 27.7164 11.4805 5
    endloop
  endfacet
  facet normal -0.97569 0.219153 0
    outer loop
      vertex 29.1009 -7.2894 5
      vertex 29.4236 -5.85271 2.99
      vertex 29.1009 -7.2894 2.93573
    endloop
  endfacet
  facet normal -0.97569 0.219153 0
    outer loop
      vertex 29.4236 -5.85271 2.99
      vertex 29.1009 -7.2894 5
      vertex 29.4236 -5.85271 5
    endloop
  endfacet
  facet normal 0.219153 0.97569 -0
    outer loop
      vertex -5.85271 -29.4236 2.99
      vertex -7.2894 -29.1009 5
      vertex -5.85271 -29.4236 5
    endloop
  endfacet
  facet normal 0.219153 0.97569 0
    outer loop
      vertex -7.2894 -29.1009 5
      vertex -5.85271 -29.4236 2.99
      vertex -7.2894 -29.1009 2.93573
    endloop
  endfacet
  facet normal -0.266695 -0.963781 0
    outer loop
      vertex 7.2894 29.1009 5
      vertex 8.70854 28.7082 2.99
      vertex 8.70854 28.7082 5
    endloop
  endfacet
  facet normal -0.266695 -0.963781 0
    outer loop
      vertex 8.70854 28.7082 2.99
      vertex 7.2894 29.1009 5
      vertex 7.2894 29.1009 2.93573
    endloop
  endfacet
  facet normal -0.788346 -0.615233 -0
    outer loop
      vertex 24.0962 17.871 5
      vertex 23.1903 19.0318 2.99
      vertex 24.0962 17.871 2.93573
    endloop
  endfacet
  facet normal -0.788346 -0.615233 0
    outer loop
      vertex 23.1903 19.0318 2.99
      vertex 24.0962 17.871 5
      vertex 23.1903 19.0318 5
    endloop
  endfacet
  facet normal 0.53502 -0.84484 0
    outer loop
      vertex -16.6671 24.9441 2.99
      vertex -15.4231 25.7319 5
      vertex -16.6671 24.9441 5
    endloop
  endfacet
  facet normal 0.53502 -0.84484 0
    outer loop
      vertex -15.4231 25.7319 5
      vertex -16.6671 24.9441 2.99
      vertex -15.4231 25.7319 2.93573
    endloop
  endfacet
  facet normal -0.53502 0.84484 0
    outer loop
      vertex 16.6671 -24.9441 2.99
      vertex 15.4231 -25.7319 5
      vertex 16.6671 -24.9441 5
    endloop
  endfacet
  facet normal -0.53502 0.84484 0
    outer loop
      vertex 15.4231 -25.7319 5
      vertex 16.6671 -24.9441 2.99
      vertex 15.4231 -25.7319 2.93573
    endloop
  endfacet
  facet normal 0.997287 -0.0736175 0
    outer loop
      vertex -29.9639 1.47203 5
      vertex -29.8555 2.94051 2.99
      vertex -29.8555 2.94051 5
    endloop
  endfacet
  facet normal 0.997287 -0.0736175 0
    outer loop
      vertex -29.8555 2.94051 2.99
      vertex -29.9639 1.47203 5
      vertex -29.9639 1.47203 2.93573
    endloop
  endfacet
  facet normal 0.914217 -0.405225 0
    outer loop
      vertex -27.7164 11.4805 2.99
      vertex -27.1197 12.8267 5
      vertex -27.7164 11.4805 5
    endloop
  endfacet
  facet normal 0.914217 -0.405225 0
    outer loop
      vertex -27.1197 12.8267 5
      vertex -27.7164 11.4805 2.99
      vertex -27.1197 12.8267 2.93573
    endloop
  endfacet
  facet normal 0.0736175 -0.997287 0
    outer loop
      vertex -2.94051 29.8555 2.99
      vertex -1.47203 29.9639 5
      vertex -2.94051 29.8555 5
    endloop
  endfacet
  facet normal 0.0736175 -0.997287 0
    outer loop
      vertex -1.47203 29.9639 5
      vertex -2.94051 29.8555 2.99
      vertex -1.47203 29.9639 2.93573
    endloop
  endfacet
  facet normal -0.313688 0.949526 0
    outer loop
      vertex 10.1067 -28.2463 5
      vertex 8.70854 -28.7082 2.99
      vertex 8.70854 -28.7082 5
    endloop
  endfacet
  facet normal -0.313688 0.949526 0
    outer loop
      vertex 8.70854 -28.7082 2.99
      vertex 10.1067 -28.2463 5
      vertex 10.1067 -28.2463 2.93573
    endloop
  endfacet
  facet normal -0.575816 -0.817579 0
    outer loop
      vertex 16.6671 24.9441 2.99
      vertex 17.871 24.0962 5
      vertex 16.6671 24.9441 5
    endloop
  endfacet
  facet normal -0.575816 -0.817579 -0
    outer loop
      vertex 17.871 24.0962 5
      vertex 16.6671 24.9441 2.99
      vertex 17.871 24.0962 2.93573
    endloop
  endfacet
  facet normal -0.359875 -0.933 0
    outer loop
      vertex 10.1067 28.2463 5
      vertex 11.4805 27.7164 2.99
      vertex 11.4805 27.7164 5
    endloop
  endfacet
  facet normal -0.359875 -0.933 0
    outer loop
      vertex 11.4805 27.7164 2.99
      vertex 10.1067 28.2463 5
      vertex 10.1067 28.2463 2.93573
    endloop
  endfacet
  facet normal -0.405225 0.914217 0
    outer loop
      vertex 12.8267 -27.1197 5
      vertex 11.4805 -27.7164 2.99
      vertex 11.4805 -27.7164 5
    endloop
  endfacet
  facet normal -0.405225 0.914217 0
    outer loop
      vertex 11.4805 -27.7164 2.99
      vertex 12.8267 -27.1197 5
      vertex 12.8267 -27.1197 2.93573
    endloop
  endfacet
  facet normal -0.870113 0.492851 0
    outer loop
      vertex 25.7319 -15.4231 5
      vertex 26.4576 -14.1419 2.99
      vertex 25.7319 -15.4231 2.93573
    endloop
  endfacet
  facet normal -0.870113 0.492851 0
    outer loop
      vertex 26.4576 -14.1419 2.99
      vertex 25.7319 -15.4231 5
      vertex 26.4576 -14.1419 5
    endloop
  endfacet
  facet normal 0.788346 -0.615233 0
    outer loop
      vertex -24.0962 17.871 5
      vertex -23.1903 19.0318 2.99
      vertex -23.1903 19.0318 5
    endloop
  endfacet
  facet normal 0.788346 -0.615233 0
    outer loop
      vertex -23.1903 19.0318 2.99
      vertex -24.0962 17.871 5
      vertex -24.0962 17.871 2.93573
    endloop
  endfacet
  facet normal 0.949526 -0.313688 0
    outer loop
      vertex -28.7082 8.70854 2.99
      vertex -28.2463 10.1067 5
      vertex -28.7082 8.70854 5
    endloop
  endfacet
  facet normal 0.949526 -0.313688 0
    outer loop
      vertex -28.2463 10.1067 5
      vertex -28.7082 8.70854 2.99
      vertex -28.2463 10.1067 2.93573
    endloop
  endfacet
  facet normal 0.12238 -0.992483 0
    outer loop
      vertex -4.40191 29.6753 5
      vertex -2.94051 29.8555 2.99
      vertex -2.94051 29.8555 5
    endloop
  endfacet
  facet normal 0.12238 -0.992483 0
    outer loop
      vertex -2.94051 29.8555 2.99
      vertex -4.40191 29.6753 5
      vertex -4.40191 29.6753 2.93573
    endloop
  endfacet
  facet normal 0.359875 -0.933 0
    outer loop
      vertex -11.4805 27.7164 2.99
      vertex -10.1067 28.2463 5
      vertex -11.4805 27.7164 5
    endloop
  endfacet
  facet normal 0.359875 -0.933 0
    outer loop
      vertex -10.1067 28.2463 5
      vertex -11.4805 27.7164 2.99
      vertex -10.1067 28.2463 2.93573
    endloop
  endfacet
  facet normal -0.492851 0.870113 0
    outer loop
      vertex 15.4231 -25.7319 5
      vertex 14.1419 -26.4576 2.99
      vertex 14.1419 -26.4576 5
    endloop
  endfacet
  facet normal -0.492851 0.870113 0
    outer loop
      vertex 14.1419 -26.4576 2.99
      vertex 15.4231 -25.7319 5
      vertex 15.4231 -25.7319 2.93573
    endloop
  endfacet
  facet normal 0.724246 0.689542 -0
    outer loop
      vertex -21.2132 -21.2132 2.99
      vertex -22.2285 -20.1468 5
      vertex -21.2132 -21.2132 5
    endloop
  endfacet
  facet normal 0.724246 0.689542 0
    outer loop
      vertex -22.2285 -20.1468 5
      vertex -21.2132 -21.2132 2.99
      vertex -22.2285 -20.1468 2.93573
    endloop
  endfacet
  facet normal 0.724246 -0.689542 0
    outer loop
      vertex -22.2285 20.1468 5
      vertex -21.2132 21.2132 2.99
      vertex -21.2132 21.2132 5
    endloop
  endfacet
  facet normal 0.724246 -0.689542 0
    outer loop
      vertex -21.2132 21.2132 2.99
      vertex -22.2285 20.1468 5
      vertex -22.2285 20.1468 2.93573
    endloop
  endfacet
  facet normal 0.84484 -0.53502 0
    outer loop
      vertex -25.7319 15.4231 5
      vertex -24.9441 16.6671 2.99
      vertex -24.9441 16.6671 5
    endloop
  endfacet
  facet normal 0.84484 -0.53502 0
    outer loop
      vertex -24.9441 16.6671 2.99
      vertex -25.7319 15.4231 5
      vertex -25.7319 15.4231 2.93573
    endloop
  endfacet
  facet normal 0.999699 -0.0245166 0
    outer loop
      vertex -30 0 2.99
      vertex -29.9639 1.47203 5
      vertex -30 0 5
    endloop
  endfacet
  facet normal 0.999699 -0.0245166 0
    outer loop
      vertex -29.9639 1.47203 5
      vertex -30 0 2.99
      vertex -29.9639 1.47203 2.93573
    endloop
  endfacet
  facet normal -0.449657 0.893201 0
    outer loop
      vertex 14.1419 -26.4576 2.99
      vertex 12.8267 -27.1197 5
      vertex 14.1419 -26.4576 5
    endloop
  endfacet
  facet normal -0.449657 0.893201 0
    outer loop
      vertex 12.8267 -27.1197 5
      vertex 14.1419 -26.4576 2.99
      vertex 12.8267 -27.1197 2.93573
    endloop
  endfacet
  facet normal -0.12238 0.992483 0
    outer loop
      vertex 4.40191 -29.6753 5
      vertex 2.94051 -29.8555 2.99
      vertex 2.94051 -29.8555 5
    endloop
  endfacet
  facet normal -0.12238 0.992483 0
    outer loop
      vertex 2.94051 -29.8555 2.99
      vertex 4.40191 -29.6753 5
      vertex 4.40191 -29.6753 2.93573
    endloop
  endfacet
  facet normal -0.170937 -0.985282 0
    outer loop
      vertex 4.40191 29.6753 5
      vertex 5.85271 29.4236 2.99
      vertex 5.85271 29.4236 5
    endloop
  endfacet
  facet normal -0.170937 -0.985282 0
    outer loop
      vertex 5.85271 29.4236 2.99
      vertex 4.40191 29.6753 5
      vertex 4.40191 29.6753 2.93573
    endloop
  endfacet
  facet normal -0.12238 -0.992483 0
    outer loop
      vertex 2.94051 29.8555 2.99
      vertex 4.40191 29.6753 5
      vertex 2.94051 29.8555 5
    endloop
  endfacet
  facet normal -0.12238 -0.992483 -0
    outer loop
      vertex 4.40191 29.6753 5
      vertex 2.94051 29.8555 2.99
      vertex 4.40191 29.6753 2.93573
    endloop
  endfacet
  facet normal 0.997287 0.0736175 -0
    outer loop
      vertex -29.8555 -2.94051 2.99
      vertex -29.9639 -1.47203 5
      vertex -29.8555 -2.94051 5
    endloop
  endfacet
  facet normal 0.997287 0.0736175 0
    outer loop
      vertex -29.9639 -1.47203 5
      vertex -29.8555 -2.94051 2.99
      vertex -29.9639 -1.47203 2.93573
    endloop
  endfacet
  facet normal 0.893201 -0.449657 0
    outer loop
      vertex -27.1197 12.8267 5
      vertex -26.4576 14.1419 2.99
      vertex -26.4576 14.1419 5
    endloop
  endfacet
  facet normal 0.893201 -0.449657 0
    outer loop
      vertex -26.4576 14.1419 2.99
      vertex -27.1197 12.8267 5
      vertex -27.1197 12.8267 2.93573
    endloop
  endfacet
  facet normal -0.914217 0.405225 0
    outer loop
      vertex 27.1197 -12.8267 5
      vertex 27.7164 -11.4805 2.99
      vertex 27.1197 -12.8267 2.93573
    endloop
  endfacet
  facet normal -0.914217 0.405225 0
    outer loop
      vertex 27.7164 -11.4805 2.99
      vertex 27.1197 -12.8267 5
      vertex 27.7164 -11.4805 5
    endloop
  endfacet
  facet normal -0.266695 0.963781 0
    outer loop
      vertex 8.70854 -28.7082 2.99
      vertex 7.2894 -29.1009 5
      vertex 8.70854 -28.7082 5
    endloop
  endfacet
  facet normal -0.266695 0.963781 0
    outer loop
      vertex 7.2894 -29.1009 5
      vertex 8.70854 -28.7082 2.99
      vertex 7.2894 -29.1009 2.93573
    endloop
  endfacet
  facet normal 0.788346 0.615233 -0
    outer loop
      vertex -23.1903 -19.0318 2.99
      vertex -24.0962 -17.871 5
      vertex -23.1903 -19.0318 5
    endloop
  endfacet
  facet normal 0.788346 0.615233 0
    outer loop
      vertex -24.0962 -17.871 5
      vertex -23.1903 -19.0318 2.99
      vertex -24.0962 -17.871 2.93573
    endloop
  endfacet
  facet normal -0.219153 0.97569 0
    outer loop
      vertex 7.2894 -29.1009 5
      vertex 5.85271 -29.4236 2.99
      vertex 5.85271 -29.4236 5
    endloop
  endfacet
  facet normal -0.219153 0.97569 0
    outer loop
      vertex 5.85271 -29.4236 2.99
      vertex 7.2894 -29.1009 5
      vertex 7.2894 -29.1009 2.93573
    endloop
  endfacet
  facet normal -0.653171 0.757211 0
    outer loop
      vertex 20.1468 -22.2285 5
      vertex 19.0318 -23.1903 2.99
      vertex 19.0318 -23.1903 5
    endloop
  endfacet
  facet normal -0.653171 0.757211 0
    outer loop
      vertex 19.0318 -23.1903 2.99
      vertex 20.1468 -22.2285 5
      vertex 20.1468 -22.2285 2.93573
    endloop
  endfacet
  facet normal 0.870113 -0.492851 0
    outer loop
      vertex -26.4576 14.1419 2.99
      vertex -25.7319 15.4231 5
      vertex -26.4576 14.1419 5
    endloop
  endfacet
  facet normal 0.870113 -0.492851 0
    outer loop
      vertex -25.7319 15.4231 5
      vertex -26.4576 14.1419 2.99
      vertex -25.7319 15.4231 2.93573
    endloop
  endfacet
  facet normal 0.992483 -0.12238 0
    outer loop
      vertex -29.8555 2.94051 2.99
      vertex -29.6753 4.40191 5
      vertex -29.8555 2.94051 5
    endloop
  endfacet
  facet normal 0.992483 -0.12238 0
    outer loop
      vertex -29.6753 4.40191 5
      vertex -29.8555 2.94051 2.99
      vertex -29.6753 4.40191 2.93573
    endloop
  endfacet
  facet normal 0.689542 0.724246 0
    outer loop
      vertex -20.1468 -22.2285 5
      vertex -21.2132 -21.2132 2.99
      vertex -21.2132 -21.2132 5
    endloop
  endfacet
  facet normal 0.689542 0.724246 0
    outer loop
      vertex -21.2132 -21.2132 2.99
      vertex -20.1468 -22.2285 5
      vertex -20.1468 -22.2285 2.93573
    endloop
  endfacet
  facet normal -0.615233 0.788346 0
    outer loop
      vertex 19.0318 -23.1903 2.99
      vertex 17.871 -24.0962 5
      vertex 19.0318 -23.1903 5
    endloop
  endfacet
  facet normal -0.615233 0.788346 0
    outer loop
      vertex 17.871 -24.0962 5
      vertex 19.0318 -23.1903 2.99
      vertex 17.871 -24.0962 2.93573
    endloop
  endfacet
  facet normal -0.0736175 -0.997287 0
    outer loop
      vertex 1.47203 29.9639 5
      vertex 2.94051 29.8555 2.99
      vertex 2.94051 29.8555 5
    endloop
  endfacet
  facet normal -0.0736175 -0.997287 0
    outer loop
      vertex 2.94051 29.8555 2.99
      vertex 1.47203 29.9639 5
      vertex 1.47203 29.9639 2.93573
    endloop
  endfacet
  facet normal 0.0245166 0.999699 -0
    outer loop
      vertex 0 -30 2.99
      vertex -1.47203 -29.9639 5
      vertex 0 -30 5
    endloop
  endfacet
  facet normal 0.0245166 0.999699 0
    outer loop
      vertex -1.47203 -29.9639 5
      vertex 0 -30 2.99
      vertex -1.47203 -29.9639 2.93573
    endloop
  endfacet
  facet normal -0.689542 0.724246 0
    outer loop
      vertex 21.2132 -21.2132 2.99
      vertex 20.1468 -22.2285 5
      vertex 21.2132 -21.2132 5
    endloop
  endfacet
  facet normal -0.689542 0.724246 0
    outer loop
      vertex 20.1468 -22.2285 5
      vertex 21.2132 -21.2132 2.99
      vertex 20.1468 -22.2285 2.93573
    endloop
  endfacet
  facet normal 0.757211 -0.653171 0
    outer loop
      vertex -23.1903 19.0318 2.99
      vertex -22.2285 20.1468 5
      vertex -23.1903 19.0318 5
    endloop
  endfacet
  facet normal 0.757211 -0.653171 0
    outer loop
      vertex -22.2285 20.1468 5
      vertex -23.1903 19.0318 2.99
      vertex -22.2285 20.1468 2.93573
    endloop
  endfacet
  facet normal 0.313688 0.949526 -0
    outer loop
      vertex -8.70854 -28.7082 2.99
      vertex -10.1067 -28.2463 5
      vertex -8.70854 -28.7082 5
    endloop
  endfacet
  facet normal 0.313688 0.949526 0
    outer loop
      vertex -10.1067 -28.2463 5
      vertex -8.70854 -28.7082 2.99
      vertex -10.1067 -28.2463 2.93573
    endloop
  endfacet
  facet normal -0.985282 0.170937 0
    outer loop
      vertex 29.4236 -5.85271 2.99
      vertex 29.6753 -4.40191 5
      vertex 29.6753 -4.40191 2.93573
    endloop
  endfacet
  facet normal -0.985282 0.170937 0
    outer loop
      vertex 29.6753 -4.40191 5
      vertex 29.4236 -5.85271 2.99
      vertex 29.4236 -5.85271 5
    endloop
  endfacet
  facet normal -0.359875 0.933 0
    outer loop
      vertex 11.4805 -27.7164 2.99
      vertex 10.1067 -28.2463 5
      vertex 11.4805 -27.7164 5
    endloop
  endfacet
  facet normal -0.359875 0.933 0
    outer loop
      vertex 10.1067 -28.2463 5
      vertex 11.4805 -27.7164 2.99
      vertex 10.1067 -28.2463 2.93573
    endloop
  endfacet
  facet normal 0.84484 0.53502 -0
    outer loop
      vertex -24.9441 -16.6671 2.99
      vertex -25.7319 -15.4231 5
      vertex -24.9441 -16.6671 5
    endloop
  endfacet
  facet normal 0.84484 0.53502 0
    outer loop
      vertex -25.7319 -15.4231 5
      vertex -24.9441 -16.6671 2.99
      vertex -25.7319 -15.4231 2.93573
    endloop
  endfacet
  facet normal 0.615233 -0.788346 0
    outer loop
      vertex -19.0318 23.1903 2.99
      vertex -17.871 24.0962 5
      vertex -19.0318 23.1903 5
    endloop
  endfacet
  facet normal 0.615233 -0.788346 0
    outer loop
      vertex -17.871 24.0962 5
      vertex -19.0318 23.1903 2.99
      vertex -17.871 24.0962 2.93573
    endloop
  endfacet
  facet normal 0.575816 -0.817579 0
    outer loop
      vertex -17.871 24.0962 5
      vertex -16.6671 24.9441 2.99
      vertex -16.6671 24.9441 5
    endloop
  endfacet
  facet normal 0.575816 -0.817579 0
    outer loop
      vertex -16.6671 24.9441 2.99
      vertex -17.871 24.0962 5
      vertex -17.871 24.0962 2.93573
    endloop
  endfacet
  facet normal 0.266695 -0.963781 0
    outer loop
      vertex -8.70854 28.7082 2.99
      vertex -7.2894 29.1009 5
      vertex -8.70854 28.7082 5
    endloop
  endfacet
  facet normal 0.266695 -0.963781 0
    outer loop
      vertex -7.2894 29.1009 5
      vertex -8.70854 28.7082 2.99
      vertex -7.2894 29.1009 2.93573
    endloop
  endfacet
  facet normal 0.359875 0.933 0
    outer loop
      vertex -10.1067 -28.2463 5
      vertex -11.4805 -27.7164 2.99
      vertex -11.4805 -27.7164 5
    endloop
  endfacet
  facet normal 0.359875 0.933 0
    outer loop
      vertex -11.4805 -27.7164 2.99
      vertex -10.1067 -28.2463 5
      vertex -10.1067 -28.2463 2.93573
    endloop
  endfacet
  facet normal 0.53502 0.84484 0
    outer loop
      vertex -15.4231 -25.7319 5
      vertex -16.6671 -24.9441 2.99
      vertex -16.6671 -24.9441 5
    endloop
  endfacet
  facet normal 0.53502 0.84484 0
    outer loop
      vertex -16.6671 -24.9441 2.99
      vertex -15.4231 -25.7319 5
      vertex -15.4231 -25.7319 2.93573
    endloop
  endfacet
  facet normal 0.963781 0.266695 -0
    outer loop
      vertex -28.7082 -8.70854 2.99
      vertex -29.1009 -7.2894 5
      vertex -28.7082 -8.70854 5
    endloop
  endfacet
  facet normal 0.963781 0.266695 0
    outer loop
      vertex -29.1009 -7.2894 5
      vertex -28.7082 -8.70854 2.99
      vertex -29.1009 -7.2894 2.93573
    endloop
  endfacet
  facet normal 0.97569 0.219153 0
    outer loop
      vertex -29.1009 -7.2894 5
      vertex -29.4236 -5.85271 2.99
      vertex -29.4236 -5.85271 5
    endloop
  endfacet
  facet normal 0.97569 0.219153 0
    outer loop
      vertex -29.4236 -5.85271 2.99
      vertex -29.1009 -7.2894 5
      vertex -29.1009 -7.2894 2.93573
    endloop
  endfacet
  facet normal 0.405225 -0.914217 0
    outer loop
      vertex -12.8267 27.1197 5
      vertex -11.4805 27.7164 2.99
      vertex -11.4805 27.7164 5
    endloop
  endfacet
  facet normal 0.405225 -0.914217 0
    outer loop
      vertex -11.4805 27.7164 2.99
      vertex -12.8267 27.1197 5
      vertex -12.8267 27.1197 2.93573
    endloop
  endfacet
  facet normal 0.615233 0.788346 0
    outer loop
      vertex -17.871 -24.0962 5
      vertex -19.0318 -23.1903 2.99
      vertex -19.0318 -23.1903 5
    endloop
  endfacet
  facet normal 0.615233 0.788346 0
    outer loop
      vertex -19.0318 -23.1903 2.99
      vertex -17.871 -24.0962 5
      vertex -17.871 -24.0962 2.93573
    endloop
  endfacet
  facet normal 0.575816 0.817579 -0
    outer loop
      vertex -16.6671 -24.9441 2.99
      vertex -17.871 -24.0962 5
      vertex -16.6671 -24.9441 5
    endloop
  endfacet
  facet normal 0.575816 0.817579 0
    outer loop
      vertex -17.871 -24.0962 5
      vertex -16.6671 -24.9441 2.99
      vertex -17.871 -24.0962 2.93573
    endloop
  endfacet
  facet normal 0.893201 0.449657 -0
    outer loop
      vertex -26.4576 -14.1419 2.99
      vertex -27.1197 -12.8267 5
      vertex -26.4576 -14.1419 5
    endloop
  endfacet
  facet normal 0.893201 0.449657 0
    outer loop
      vertex -27.1197 -12.8267 5
      vertex -26.4576 -14.1419 2.99
      vertex -27.1197 -12.8267 2.93573
    endloop
  endfacet
  facet normal -0.575816 0.817579 0
    outer loop
      vertex 17.871 -24.0962 5
      vertex 16.6671 -24.9441 2.99
      vertex 16.6671 -24.9441 5
    endloop
  endfacet
  facet normal -0.575816 0.817579 0
    outer loop
      vertex 16.6671 -24.9441 2.99
      vertex 17.871 -24.0962 5
      vertex 17.871 -24.0962 2.93573
    endloop
  endfacet
  facet normal 0.405225 0.914217 -0
    outer loop
      vertex -11.4805 -27.7164 2.99
      vertex -12.8267 -27.1197 5
      vertex -11.4805 -27.7164 5
    endloop
  endfacet
  facet normal 0.405225 0.914217 0
    outer loop
      vertex -12.8267 -27.1197 5
      vertex -11.4805 -27.7164 2.99
      vertex -12.8267 -27.1197 2.93573
    endloop
  endfacet
  facet normal 0.616734 0.558972 -0.554248
    outer loop
      vertex -22.2285 -20.1468 2.93573
      vertex -24.7312 -20.2964 0
      vertex -23.1903 -19.0318 2.99
    endloop
  endfacet
  facet normal 0.614428 0.563226 -0.552499
    outer loop
      vertex -22.2285 -20.1468 2.93573
      vertex -24.7246 -20.3036 0
      vertex -24.7312 -20.2964 0
    endloop
  endfacet
  facet normal 0.616738 0.558979 -0.554236
    outer loop
      vertex -24.7246 -20.3036 0
      vertex -22.2285 -20.1468 2.93573
      vertex -21.2132 -21.2132 2.99
    endloop
  endfacet
  facet normal -0.823343 -0.122109 -0.554253
    outer loop
      vertex 31.0759 4 0.943683
      vertex 29.6753 4.40191 2.93573
      vertex 29.4236 5.85271 2.99
    endloop
  endfacet
  facet normal -0.823342 -0.122198 -0.554234
    outer loop
      vertex 29.6753 4.40191 2.93573
      vertex 31.0759 4 0.943683
      vertex 29.7249 4 2.95066
    endloop
  endfacet
  facet normal -0.783703 -0.280394 -0.554247
    outer loop
      vertex 30.6124 9.29641 0
      vertex 28.2463 10.1067 2.93573
      vertex 27.7164 11.4805 2.99
    endloop
  endfacet
  facet normal -0.78386 -0.27995 -0.554248
    outer loop
      vertex 28.7082 8.70854 2.99
      vertex 30.6124 9.29641 0
      vertex 30.6157 9.28717 0
    endloop
  endfacet
  facet normal -0.7837 -0.280418 -0.554238
    outer loop
      vertex 30.6124 9.29641 0
      vertex 28.7082 8.70854 2.99
      vertex 28.2463 10.1067 2.93573
    endloop
  endfacet
  facet normal 0.495813 -0.668566 -0.554247
    outer loop
      vertex -17.7824 26.5956 0
      vertex -19.0318 23.1903 2.99
      vertex -20.2964 24.7312 0
    endloop
  endfacet
  facet normal -0.752753 -0.355232 -0.554231
    outer loop
      vertex 28.2198 15.0727 0
      vertex 26.4576 14.1419 2.99
      vertex 28.2156 15.0816 0
    endloop
  endfacet
  facet normal -0.75242 -0.355914 -0.554247
    outer loop
      vertex 28.2198 15.0727 0
      vertex 27.1197 12.8267 2.93573
      vertex 26.4576 14.1419 2.99
    endloop
  endfacet
  facet normal -0.752457 -0.355868 -0.554226
    outer loop
      vertex 27.1197 12.8267 2.93573
      vertex 28.2198 15.0727 0
      vertex 27.7164 11.4805 2.99
    endloop
  endfacet
  facet normal -0.614428 -0.563226 -0.552499
    outer loop
      vertex 22.2285 20.1468 2.93573
      vertex 24.7246 20.3036 0
      vertex 24.7312 20.2964 0
    endloop
  endfacet
  facet normal -0.616738 -0.558979 -0.554236
    outer loop
      vertex 24.7246 20.3036 0
      vertex 22.2285 20.1468 2.93573
      vertex 21.2132 21.2132 2.99
    endloop
  endfacet
  facet normal -0.616734 -0.558972 -0.554248
    outer loop
      vertex 22.2285 20.1468 2.93573
      vertex 24.7312 20.2964 0
      vertex 23.1903 19.0318 2.99
    endloop
  endfacet
  facet normal 0.0424105 -0.831246 -0.554285
    outer loop
      vertex -3.12609 31.8398 0
      vertex -2.94051 29.8555 2.99
      vertex -3.13589 31.8393 0
    endloop
  endfacet
  facet normal 0.0408846 -0.831343 -0.554254
    outer loop
      vertex -2.94051 29.8555 2.99
      vertex -3.12609 31.8398 0
      vertex -1.47203 29.9639 2.93573
    endloop
  endfacet
  facet normal 0.0408214 -0.831361 -0.554231
    outer loop
      vertex -1.47203 29.9639 2.93573
      vertex -3.12609 31.8398 0
      vertex 0 30 2.99
    endloop
  endfacet
  facet normal 0.807386 0.202287 -0.554263
    outer loop
      vertex -29.1009 -7.2894 2.93573
      vertex -30.6181 -9.27766 0
      vertex -29.4236 -5.85271 2.99
    endloop
  endfacet
  facet normal 0.807416 0.202231 -0.55424
    outer loop
      vertex -28.7082 -8.70854 2.99
      vertex -30.6181 -9.27766 0
      vertex -29.1009 -7.2894 2.93573
    endloop
  endfacet
  facet normal 0.807034 0.203668 -0.55427
    outer loop
      vertex -30.6181 -9.27766 0
      vertex -28.7082 -8.70854 2.99
      vertex -30.6157 -9.28717 0
    endloop
  endfacet
  facet normal -0.558972 -0.616734 -0.554248
    outer loop
      vertex 19.0318 23.1903 2.99
      vertex 20.2964 24.7312 0
      vertex 20.1468 22.2285 2.93573
    endloop
  endfacet
  facet normal -0.563226 -0.614428 -0.552499
    outer loop
      vertex 20.3036 24.7246 0
      vertex 20.1468 22.2285 2.93573
      vertex 20.2964 24.7312 0
    endloop
  endfacet
  facet normal -0.558979 -0.616738 -0.554236
    outer loop
      vertex 20.1468 22.2285 2.93573
      vertex 20.3036 24.7246 0
      vertex 21.2132 21.2132 2.99
    endloop
  endfacet
  facet normal -0.807418 -0.202249 -0.554231
    outer loop
      vertex 30.6181 9.27766 0
      vertex 31.3786 6.24159 0
      vertex 29.4236 5.85271 2.99
    endloop
  endfacet
  facet normal 0.203668 -0.807034 -0.55427
    outer loop
      vertex -9.27766 30.6181 0
      vertex -8.70854 28.7082 2.99
      vertex -9.28717 30.6157 0
    endloop
  endfacet
  facet normal 0.202231 -0.807416 -0.55424
    outer loop
      vertex -8.70854 28.7082 2.99
      vertex -9.27766 30.6181 0
      vertex -7.2894 29.1009 2.93573
    endloop
  endfacet
  facet normal 0.202287 -0.807386 -0.554263
    outer loop
      vertex -7.2894 29.1009 2.93573
      vertex -9.27766 30.6181 0
      vertex -5.85271 29.4236 2.99
    endloop
  endfacet
  facet normal 0.122112 -0.823353 -0.554237
    outer loop
      vertex -5.85271 29.4236 2.99
      vertex -3.1456 31.8378 0
      vertex -4.40191 29.6753 2.93573
    endloop
  endfacet
  facet normal 0.122107 -0.823352 -0.554239
    outer loop
      vertex -3.1456 31.8378 0
      vertex -2.94051 29.8555 2.99
      vertex -4.40191 29.6753 2.93573
    endloop
  endfacet
  facet normal 0.127086 -0.822672 -0.55413
    outer loop
      vertex -2.94051 29.8555 2.99
      vertex -3.1456 31.8378 0
      vertex -3.13589 31.8393 0
    endloop
  endfacet
  facet normal -0.713923 -0.427928 -0.554248
    outer loop
      vertex 26.6065 17.7661 0
      vertex 28.2156 15.0816 0
      vertex 26.4576 14.1419 2.99
    endloop
  endfacet
  facet normal -0.0408846 0.831343 -0.554254
    outer loop
      vertex 2.94051 -29.8555 2.99
      vertex 3.12609 -31.8398 0
      vertex 1.47203 -29.9639 2.93573
    endloop
  endfacet
  facet normal -0.0408214 0.831361 -0.554231
    outer loop
      vertex 1.47203 -29.9639 2.93573
      vertex 3.12609 -31.8398 0
      vertex 0 -30 2.99
    endloop
  endfacet
  facet normal -0.0424105 0.831246 -0.554285
    outer loop
      vertex 3.12609 -31.8398 0
      vertex 2.94051 -29.8555 2.99
      vertex 3.13589 -31.8393 0
    endloop
  endfacet
  facet normal 0.427928 0.713923 -0.554248
    outer loop
      vertex -14.1419 -26.4576 2.99
      vertex -15.0816 -28.2156 0
      vertex -17.7661 -26.6065 0
    endloop
  endfacet
  facet normal 0.558979 -0.616738 -0.554236
    outer loop
      vertex -21.2132 21.2132 2.99
      vertex -20.3036 24.7246 0
      vertex -20.1468 22.2285 2.93573
    endloop
  endfacet
  facet normal 0.563226 -0.614428 -0.552499
    outer loop
      vertex -20.2964 24.7312 0
      vertex -20.1468 22.2285 2.93573
      vertex -20.3036 24.7246 0
    endloop
  endfacet
  facet normal 0.558972 -0.616734 -0.554248
    outer loop
      vertex -20.1468 22.2285 2.93573
      vertex -20.2964 24.7312 0
      vertex -19.0318 23.1903 2.99
    endloop
  endfacet
  facet normal -0.28041 0.783704 -0.554236
    outer loop
      vertex 11.4805 -27.7164 2.99
      vertex 12.2433 -29.558 0
      vertex 9.29641 -30.6124 0
    endloop
  endfacet
  facet normal 0.831361 0.0408222 -0.554231
    outer loop
      vertex -30 0 2.99
      vertex -31.8398 -3.12609 0
      vertex -31.9933 0 0
    endloop
  endfacet
  facet normal -0.616738 -0.558976 -0.554237
    outer loop
      vertex 22.6227 22.6227 0
      vertex 24.7246 20.3036 0
      vertex 21.2132 21.2132 2.99
    endloop
  endfacet
  facet normal -0.122107 0.823352 -0.554239
    outer loop
      vertex 3.1456 -31.8378 0
      vertex 2.94051 -29.8555 2.99
      vertex 4.40191 -29.6753 2.93573
    endloop
  endfacet
  facet normal -0.127086 0.822672 -0.55413
    outer loop
      vertex 2.94051 -29.8555 2.99
      vertex 3.1456 -31.8378 0
      vertex 3.13589 -31.8393 0
    endloop
  endfacet
  facet normal -0.122112 0.823353 -0.554237
    outer loop
      vertex 5.85271 -29.4236 2.99
      vertex 3.1456 -31.8378 0
      vertex 4.40191 -29.6753 2.93573
    endloop
  endfacet
  facet normal 0.752445 -0.355878 -0.554236
    outer loop
      vertex -28.2198 15.0727 0
      vertex -27.7164 11.4805 2.99
      vertex -29.558 12.2433 0
    endloop
  endfacet
  facet normal 0.783704 0.28041 -0.554236
    outer loop
      vertex -27.7164 -11.4805 2.99
      vertex -29.558 -12.2433 0
      vertex -30.6124 -9.29641 0
    endloop
  endfacet
  facet normal 0.831361 -0.0408222 -0.554231
    outer loop
      vertex -31.8398 3.12609 0
      vertex -30 0 2.99
      vertex -31.9933 0 0
    endloop
  endfacet
  facet normal -0.668566 -0.495813 -0.554247
    outer loop
      vertex 24.7312 20.2964 0
      vertex 26.5956 17.7824 0
      vertex 23.1903 19.0318 2.99
    endloop
  endfacet
  facet normal -0.558976 -0.616738 -0.554237
    outer loop
      vertex 22.6227 22.6227 0
      vertex 21.2132 21.2132 2.99
      vertex 20.3036 24.7246 0
    endloop
  endfacet
  facet normal -0.823366 0.122132 -0.554214
    outer loop
      vertex 31.3786 -6.24159 0
      vertex 31.0759 -4 0.943683
      vertex 31.7111 -4 0
    endloop
  endfacet
  facet normal -0.823352 0.122141 -0.554231
    outer loop
      vertex 31.0759 -4 0.943683
      vertex 31.3786 -6.24159 0
      vertex 29.4236 -5.85271 2.99
    endloop
  endfacet
  facet normal 0.713923 0.427928 -0.554248
    outer loop
      vertex -26.4576 -14.1419 2.99
      vertex -26.6065 -17.7661 0
      vertex -28.2156 -15.0816 0
    endloop
  endfacet
  facet normal 0.0408222 0.831361 -0.554231
    outer loop
      vertex 0 -30 2.99
      vertex 0 -31.9933 0
      vertex -3.12609 -31.8398 0
    endloop
  endfacet
  facet normal 0.202249 -0.807418 -0.554231
    outer loop
      vertex -6.24159 31.3786 0
      vertex -5.85271 29.4236 2.99
      vertex -9.27766 30.6181 0
    endloop
  endfacet
  facet normal 0.355868 0.752457 -0.554226
    outer loop
      vertex -11.4805 -27.7164 2.99
      vertex -15.0727 -28.2198 0
      vertex -12.8267 -27.1197 2.93573
    endloop
  endfacet
  facet normal 0.355914 0.75242 -0.554247
    outer loop
      vertex -15.0727 -28.2198 0
      vertex -14.1419 -26.4576 2.99
      vertex -12.8267 -27.1197 2.93573
    endloop
  endfacet
  facet normal 0.355232 0.752753 -0.554231
    outer loop
      vertex -14.1419 -26.4576 2.99
      vertex -15.0727 -28.2198 0
      vertex -15.0816 -28.2156 0
    endloop
  endfacet
  facet normal -0.355878 -0.752445 -0.554236
    outer loop
      vertex 12.2433 29.558 0
      vertex 15.0727 28.2198 0
      vertex 11.4805 27.7164 2.99
    endloop
  endfacet
  facet normal -0.122121 0.823356 -0.554231
    outer loop
      vertex 5.85271 -29.4236 2.99
      vertex 6.24159 -31.3786 0
      vertex 3.1456 -31.8378 0
    endloop
  endfacet
  facet normal -0.355868 -0.752457 -0.554226
    outer loop
      vertex 11.4805 27.7164 2.99
      vertex 15.0727 28.2198 0
      vertex 12.8267 27.1197 2.93573
    endloop
  endfacet
  facet normal -0.355914 -0.75242 -0.554247
    outer loop
      vertex 15.0727 28.2198 0
      vertex 14.1419 26.4576 2.99
      vertex 12.8267 27.1197 2.93573
    endloop
  endfacet
  facet normal -0.355232 -0.752753 -0.554231
    outer loop
      vertex 14.1419 26.4576 2.99
      vertex 15.0727 28.2198 0
      vertex 15.0816 28.2156 0
    endloop
  endfacet
  facet normal 0.425759 -0.715276 -0.554175
    outer loop
      vertex -17.7661 26.6065 0
      vertex -16.6671 24.9441 2.99
      vertex -17.7745 26.6015 0
    endloop
  endfacet
  facet normal 0.42794 -0.713931 -0.554229
    outer loop
      vertex -16.6671 24.9441 2.99
      vertex -17.7661 26.6065 0
      vertex -15.4231 25.7319 2.93573
    endloop
  endfacet
  facet normal 0.42789 -0.713981 -0.554204
    outer loop
      vertex -15.4231 25.7319 2.93573
      vertex -17.7661 26.6065 0
      vertex -14.1419 26.4576 2.99
    endloop
  endfacet
  facet normal -0.783704 -0.28041 -0.554236
    outer loop
      vertex 29.558 12.2433 0
      vertex 30.6124 9.29641 0
      vertex 27.7164 11.4805 2.99
    endloop
  endfacet
  facet normal -0.495813 -0.668566 -0.554247
    outer loop
      vertex 20.2964 24.7312 0
      vertex 19.0318 23.1903 2.99
      vertex 17.7824 26.5956 0
    endloop
  endfacet
  facet normal -0.807034 -0.203668 -0.55427
    outer loop
      vertex 30.6181 9.27766 0
      vertex 28.7082 8.70854 2.99
      vertex 30.6157 9.28717 0
    endloop
  endfacet
  facet normal -0.807416 -0.202231 -0.55424
    outer loop
      vertex 30.6181 9.27766 0
      vertex 29.1009 7.2894 2.93573
      vertex 28.7082 8.70854 2.99
    endloop
  endfacet
  facet normal -0.807386 -0.202287 -0.554263
    outer loop
      vertex 29.1009 7.2894 2.93573
      vertex 30.6181 9.27766 0
      vertex 29.4236 5.85271 2.99
    endloop
  endfacet
  facet normal -0.202287 -0.807386 -0.554263
    outer loop
      vertex 5.85271 29.4236 2.99
      vertex 9.27766 30.6181 0
      vertex 7.2894 29.1009 2.93573
    endloop
  endfacet
  facet normal -0.202231 -0.807416 -0.55424
    outer loop
      vertex 9.27766 30.6181 0
      vertex 8.70854 28.7082 2.99
      vertex 7.2894 29.1009 2.93573
    endloop
  endfacet
  facet normal -0.203668 -0.807034 -0.55427
    outer loop
      vertex 8.70854 28.7082 2.99
      vertex 9.27766 30.6181 0
      vertex 9.28717 30.6157 0
    endloop
  endfacet
  facet normal -0.616738 0.558976 -0.554237
    outer loop
      vertex 24.7246 -20.3036 0
      vertex 22.6227 -22.6227 0
      vertex 21.2132 -21.2132 2.99
    endloop
  endfacet
  facet normal 0.831246 -0.0424105 -0.554285
    outer loop
      vertex -29.8555 2.94051 2.99
      vertex -31.8398 3.12609 0
      vertex -31.8393 3.13589 0
    endloop
  endfacet
  facet normal 0.831343 -0.0408846 -0.554254
    outer loop
      vertex -29.9639 1.47203 2.93573
      vertex -31.8398 3.12609 0
      vertex -29.8555 2.94051 2.99
    endloop
  endfacet
  facet normal 0.831361 -0.0408214 -0.554231
    outer loop
      vertex -31.8398 3.12609 0
      vertex -29.9639 1.47203 2.93573
      vertex -30 0 2.99
    endloop
  endfacet
  facet normal 0.783703 -0.280394 -0.554247
    outer loop
      vertex -28.2463 10.1067 2.93573
      vertex -30.6124 9.29641 0
      vertex -27.7164 11.4805 2.99
    endloop
  endfacet
  facet normal 0.7837 -0.280418 -0.554238
    outer loop
      vertex -28.7082 8.70854 2.99
      vertex -30.6124 9.29641 0
      vertex -28.2463 10.1067 2.93573
    endloop
  endfacet
  facet normal 0.78386 -0.27995 -0.554248
    outer loop
      vertex -30.6124 9.29641 0
      vertex -28.7082 8.70854 2.99
      vertex -30.6157 9.28717 0
    endloop
  endfacet
  facet normal -0.752445 -0.355878 -0.554236
    outer loop
      vertex 28.2198 15.0727 0
      vertex 29.558 12.2433 0
      vertex 27.7164 11.4805 2.99
    endloop
  endfacet
  facet normal -0.495813 0.668566 -0.554247
    outer loop
      vertex 19.0318 -23.1903 2.99
      vertex 20.2964 -24.7312 0
      vertex 17.7824 -26.5956 0
    endloop
  endfacet
  facet normal -0.427928 -0.713923 -0.554248
    outer loop
      vertex 15.0816 28.2156 0
      vertex 17.7661 26.6065 0
      vertex 14.1419 26.4576 2.99
    endloop
  endfacet
  facet normal -0.42794 0.713931 -0.554229
    outer loop
      vertex 16.6671 -24.9441 2.99
      vertex 17.7661 -26.6065 0
      vertex 15.4231 -25.7319 2.93573
    endloop
  endfacet
  facet normal -0.42789 0.713981 -0.554204
    outer loop
      vertex 15.4231 -25.7319 2.93573
      vertex 17.7661 -26.6065 0
      vertex 14.1419 -26.4576 2.99
    endloop
  endfacet
  facet normal -0.425759 0.715276 -0.554175
    outer loop
      vertex 17.7661 -26.6065 0
      vertex 16.6671 -24.9441 2.99
      vertex 17.7745 -26.6015 0
    endloop
  endfacet
  facet normal 0.783704 -0.28041 -0.554236
    outer loop
      vertex -29.558 12.2433 0
      vertex -27.7164 11.4805 2.99
      vertex -30.6124 9.29641 0
    endloop
  endfacet
  facet normal 0.822672 0.127086 -0.55413
    outer loop
      vertex -29.8555 -2.94051 2.99
      vertex -31.8378 -3.1456 0
      vertex -31.8393 -3.13589 0
    endloop
  endfacet
  facet normal 0.823352 0.122107 -0.554239
    outer loop
      vertex -29.6753 -4.40191 2.93573
      vertex -31.8378 -3.1456 0
      vertex -29.8555 -2.94051 2.99
    endloop
  endfacet
  facet normal 0.823353 0.122112 -0.554237
    outer loop
      vertex -31.8378 -3.1456 0
      vertex -29.6753 -4.40191 2.93573
      vertex -29.4236 -5.85271 2.99
    endloop
  endfacet
  facet normal 0.0408214 0.831361 -0.554231
    outer loop
      vertex 0 -30 2.99
      vertex -3.12609 -31.8398 0
      vertex -1.47203 -29.9639 2.93573
    endloop
  endfacet
  facet normal 0.0408846 0.831343 -0.554254
    outer loop
      vertex -3.12609 -31.8398 0
      vertex -2.94051 -29.8555 2.99
      vertex -1.47203 -29.9639 2.93573
    endloop
  endfacet
  facet normal 0.0424105 0.831246 -0.554285
    outer loop
      vertex -2.94051 -29.8555 2.99
      vertex -3.12609 -31.8398 0
      vertex -3.13589 -31.8393 0
    endloop
  endfacet
  facet normal -0.0408214 -0.831361 -0.554231
    outer loop
      vertex 0 30 2.99
      vertex 3.12609 31.8398 0
      vertex 1.47203 29.9639 2.93573
    endloop
  endfacet
  facet normal -0.0408846 -0.831343 -0.554254
    outer loop
      vertex 3.12609 31.8398 0
      vertex 2.94051 29.8555 2.99
      vertex 1.47203 29.9639 2.93573
    endloop
  endfacet
  facet normal -0.0424105 -0.831246 -0.554285
    outer loop
      vertex 2.94051 29.8555 2.99
      vertex 3.12609 31.8398 0
      vertex 3.13589 31.8393 0
    endloop
  endfacet
  facet normal 0.807418 0.202249 -0.554231
    outer loop
      vertex -29.4236 -5.85271 2.99
      vertex -30.6181 -9.27766 0
      vertex -31.3786 -6.24159 0
    endloop
  endfacet
  facet normal -0.783704 0.28041 -0.554236
    outer loop
      vertex 30.6124 -9.29641 0
      vertex 29.558 -12.2433 0
      vertex 27.7164 -11.4805 2.99
    endloop
  endfacet
  facet normal -0.807386 0.202287 -0.554263
    outer loop
      vertex 30.6181 -9.27766 0
      vertex 29.1009 -7.2894 2.93573
      vertex 29.4236 -5.85271 2.99
    endloop
  endfacet
  facet normal -0.807416 0.202231 -0.55424
    outer loop
      vertex 30.6181 -9.27766 0
      vertex 28.7082 -8.70854 2.99
      vertex 29.1009 -7.2894 2.93573
    endloop
  endfacet
  facet normal -0.807034 0.203668 -0.55427
    outer loop
      vertex 28.7082 -8.70854 2.99
      vertex 30.6181 -9.27766 0
      vertex 30.6157 -9.28717 0
    endloop
  endfacet
  facet normal -0.495843 -0.668554 -0.554234
    outer loop
      vertex 16.6671 24.9441 2.99
      vertex 17.7745 26.6015 0
      vertex 17.871 24.0962 2.93573
    endloop
  endfacet
  facet normal -0.498475 -0.667449 -0.553204
    outer loop
      vertex 17.7824 26.5956 0
      vertex 17.871 24.0962 2.93573
      vertex 17.7745 26.6015 0
    endloop
  endfacet
  facet normal -0.49584 -0.66856 -0.554229
    outer loop
      vertex 17.871 24.0962 2.93573
      vertex 17.7824 26.5956 0
      vertex 19.0318 23.1903 2.99
    endloop
  endfacet
  facet normal -0.0408222 -0.831361 -0.554231
    outer loop
      vertex 0 31.9933 0
      vertex 3.12609 31.8398 0
      vertex 0 30 2.99
    endloop
  endfacet
  facet normal -0.127086 -0.822672 -0.55413
    outer loop
      vertex 3.1456 31.8378 0
      vertex 2.94051 29.8555 2.99
      vertex 3.13589 31.8393 0
    endloop
  endfacet
  facet normal -0.122107 -0.823352 -0.554239
    outer loop
      vertex 2.94051 29.8555 2.99
      vertex 3.1456 31.8378 0
      vertex 4.40191 29.6753 2.93573
    endloop
  endfacet
  facet normal -0.122112 -0.823353 -0.554237
    outer loop
      vertex 4.40191 29.6753 2.93573
      vertex 3.1456 31.8378 0
      vertex 5.85271 29.4236 2.99
    endloop
  endfacet
  facet normal -0.823366 -0.122132 -0.554214
    outer loop
      vertex 31.0759 4 0.943683
      vertex 31.3786 6.24159 0
      vertex 31.7111 4 0
    endloop
  endfacet
  facet normal -0.823352 -0.122141 -0.554231
    outer loop
      vertex 31.3786 6.24159 0
      vertex 31.0759 4 0.943683
      vertex 29.4236 5.85271 2.99
    endloop
  endfacet
  facet normal 0.495813 0.668566 -0.554247
    outer loop
      vertex -19.0318 -23.1903 2.99
      vertex -17.7824 -26.5956 0
      vertex -20.2964 -24.7312 0
    endloop
  endfacet
  facet normal -0.807418 0.202249 -0.554231
    outer loop
      vertex 31.3786 -6.24159 0
      vertex 30.6181 -9.27766 0
      vertex 29.4236 -5.85271 2.99
    endloop
  endfacet
  facet normal 0.0408222 -0.831361 -0.554231
    outer loop
      vertex 0 31.9933 0
      vertex 0 30 2.99
      vertex -3.12609 31.8398 0
    endloop
  endfacet
  facet normal -0.27995 -0.78386 -0.554248
    outer loop
      vertex 9.29641 30.6124 0
      vertex 8.70854 28.7082 2.99
      vertex 9.28717 30.6157 0
    endloop
  endfacet
  facet normal -0.280418 -0.7837 -0.554238
    outer loop
      vertex 8.70854 28.7082 2.99
      vertex 9.29641 30.6124 0
      vertex 10.1067 28.2463 2.93573
    endloop
  endfacet
  facet normal -0.280394 -0.783703 -0.554247
    outer loop
      vertex 10.1067 28.2463 2.93573
      vertex 9.29641 30.6124 0
      vertex 11.4805 27.7164 2.99
    endloop
  endfacet
  facet normal -0.667449 0.498475 -0.553204
    outer loop
      vertex 24.0962 -17.871 2.93573
      vertex 26.6015 -17.7745 0
      vertex 26.5956 -17.7824 0
    endloop
  endfacet
  facet normal -0.668554 0.495843 -0.554234
    outer loop
      vertex 26.6015 -17.7745 0
      vertex 24.0962 -17.871 2.93573
      vertex 24.9441 -16.6671 2.99
    endloop
  endfacet
  facet normal -0.66856 0.49584 -0.554229
    outer loop
      vertex 24.0962 -17.871 2.93573
      vertex 26.5956 -17.7824 0
      vertex 23.1903 -19.0318 2.99
    endloop
  endfacet
  facet normal -0.713923 0.427928 -0.554248
    outer loop
      vertex 28.2156 -15.0816 0
      vertex 26.6065 -17.7661 0
      vertex 26.4576 -14.1419 2.99
    endloop
  endfacet
  facet normal 0.28041 0.783704 -0.554236
    outer loop
      vertex -11.4805 -27.7164 2.99
      vertex -9.29641 -30.6124 0
      vertex -12.2433 -29.558 0
    endloop
  endfacet
  facet normal 0.752753 -0.355232 -0.554231
    outer loop
      vertex -26.4576 14.1419 2.99
      vertex -28.2198 15.0727 0
      vertex -28.2156 15.0816 0
    endloop
  endfacet
  facet normal 0.75242 -0.355914 -0.554247
    outer loop
      vertex -27.1197 12.8267 2.93573
      vertex -28.2198 15.0727 0
      vertex -26.4576 14.1419 2.99
    endloop
  endfacet
  facet normal 0.752457 -0.355868 -0.554226
    outer loop
      vertex -28.2198 15.0727 0
      vertex -27.1197 12.8267 2.93573
      vertex -27.7164 11.4805 2.99
    endloop
  endfacet
  facet normal 0.823356 0.122121 -0.554231
    outer loop
      vertex -29.4236 -5.85271 2.99
      vertex -31.3786 -6.24159 0
      vertex -31.8378 -3.1456 0
    endloop
  endfacet
  facet normal 0.122121 -0.823356 -0.554231
    outer loop
      vertex -3.1456 31.8378 0
      vertex -5.85271 29.4236 2.99
      vertex -6.24159 31.3786 0
    endloop
  endfacet
  facet normal 0.823353 -0.122112 -0.554237
    outer loop
      vertex -29.6753 4.40191 2.93573
      vertex -31.8378 3.1456 0
      vertex -29.4236 5.85271 2.99
    endloop
  endfacet
  facet normal 0.823352 -0.122107 -0.554239
    outer loop
      vertex -29.8555 2.94051 2.99
      vertex -31.8378 3.1456 0
      vertex -29.6753 4.40191 2.93573
    endloop
  endfacet
  facet normal 0.822672 -0.127086 -0.55413
    outer loop
      vertex -31.8378 3.1456 0
      vertex -29.8555 2.94051 2.99
      vertex -31.8393 3.13589 0
    endloop
  endfacet
  facet normal 0.558976 -0.616738 -0.554237
    outer loop
      vertex -20.3036 24.7246 0
      vertex -21.2132 21.2132 2.99
      vertex -22.6227 22.6227 0
    endloop
  endfacet
  facet normal 0.558976 0.616738 -0.554237
    outer loop
      vertex -21.2132 -21.2132 2.99
      vertex -20.3036 -24.7246 0
      vertex -22.6227 -22.6227 0
    endloop
  endfacet
  facet normal 0.752445 0.355878 -0.554236
    outer loop
      vertex -27.7164 -11.4805 2.99
      vertex -28.2198 -15.0727 0
      vertex -29.558 -12.2433 0
    endloop
  endfacet
  facet normal -0.28041 -0.783704 -0.554236
    outer loop
      vertex 12.2433 29.558 0
      vertex 11.4805 27.7164 2.99
      vertex 9.29641 30.6124 0
    endloop
  endfacet
  facet normal 0.668566 -0.495813 -0.554247
    outer loop
      vertex -24.7312 20.2964 0
      vertex -23.1903 19.0318 2.99
      vertex -26.5956 17.7824 0
    endloop
  endfacet
  facet normal 0.831361 0.0408214 -0.554231
    outer loop
      vertex -29.9639 -1.47203 2.93573
      vertex -31.8398 -3.12609 0
      vertex -30 0 2.99
    endloop
  endfacet
  facet normal 0.831343 0.0408846 -0.554254
    outer loop
      vertex -29.8555 -2.94051 2.99
      vertex -31.8398 -3.12609 0
      vertex -29.9639 -1.47203 2.93573
    endloop
  endfacet
  facet normal 0.831246 0.0424105 -0.554285
    outer loop
      vertex -31.8398 -3.12609 0
      vertex -29.8555 -2.94051 2.99
      vertex -31.8393 -3.13589 0
    endloop
  endfacet
  facet normal 0.563226 0.614428 -0.552499
    outer loop
      vertex -20.3036 -24.7246 0
      vertex -20.1468 -22.2285 2.93573
      vertex -20.2964 -24.7312 0
    endloop
  endfacet
  facet normal 0.558979 0.616738 -0.554236
    outer loop
      vertex -20.1468 -22.2285 2.93573
      vertex -20.3036 -24.7246 0
      vertex -21.2132 -21.2132 2.99
    endloop
  endfacet
  facet normal 0.558972 0.616734 -0.554248
    outer loop
      vertex -19.0318 -23.1903 2.99
      vertex -20.2964 -24.7312 0
      vertex -20.1468 -22.2285 2.93573
    endloop
  endfacet
  facet normal -0.355914 0.75242 -0.554247
    outer loop
      vertex 14.1419 -26.4576 2.99
      vertex 15.0727 -28.2198 0
      vertex 12.8267 -27.1197 2.93573
    endloop
  endfacet
  facet normal -0.355868 0.752457 -0.554226
    outer loop
      vertex 12.8267 -27.1197 2.93573
      vertex 15.0727 -28.2198 0
      vertex 11.4805 -27.7164 2.99
    endloop
  endfacet
  facet normal -0.355232 0.752753 -0.554231
    outer loop
      vertex 15.0727 -28.2198 0
      vertex 14.1419 -26.4576 2.99
      vertex 15.0816 -28.2156 0
    endloop
  endfacet
  facet normal -0.355878 0.752445 -0.554236
    outer loop
      vertex 15.0727 -28.2198 0
      vertex 12.2433 -29.558 0
      vertex 11.4805 -27.7164 2.99
    endloop
  endfacet
  facet normal -0.42789 -0.713981 -0.554204
    outer loop
      vertex 14.1419 26.4576 2.99
      vertex 17.7661 26.6065 0
      vertex 15.4231 25.7319 2.93573
    endloop
  endfacet
  facet normal -0.42794 -0.713931 -0.554229
    outer loop
      vertex 17.7661 26.6065 0
      vertex 16.6671 24.9441 2.99
      vertex 15.4231 25.7319 2.93573
    endloop
  endfacet
  facet normal -0.425759 -0.715276 -0.554175
    outer loop
      vertex 16.6671 24.9441 2.99
      vertex 17.7661 26.6065 0
      vertex 17.7745 26.6015 0
    endloop
  endfacet
  facet normal -0.498475 0.667449 -0.553204
    outer loop
      vertex 17.7745 -26.6015 0
      vertex 17.871 -24.0962 2.93573
      vertex 17.7824 -26.5956 0
    endloop
  endfacet
  facet normal -0.495843 0.668554 -0.554234
    outer loop
      vertex 17.871 -24.0962 2.93573
      vertex 17.7745 -26.6015 0
      vertex 16.6671 -24.9441 2.99
    endloop
  endfacet
  facet normal -0.49584 0.66856 -0.554229
    outer loop
      vertex 19.0318 -23.1903 2.99
      vertex 17.7824 -26.5956 0
      vertex 17.871 -24.0962 2.93573
    endloop
  endfacet
  facet normal -0.713981 0.42789 -0.554204
    outer loop
      vertex 26.6065 -17.7661 0
      vertex 25.7319 -15.4231 2.93573
      vertex 26.4576 -14.1419 2.99
    endloop
  endfacet
  facet normal -0.713931 0.42794 -0.554229
    outer loop
      vertex 26.6065 -17.7661 0
      vertex 24.9441 -16.6671 2.99
      vertex 25.7319 -15.4231 2.93573
    endloop
  endfacet
  facet normal -0.715276 0.425759 -0.554175
    outer loop
      vertex 24.9441 -16.6671 2.99
      vertex 26.6065 -17.7661 0
      vertex 26.6015 -17.7745 0
    endloop
  endfacet
  facet normal -0.752445 0.355878 -0.554236
    outer loop
      vertex 29.558 -12.2433 0
      vertex 28.2198 -15.0727 0
      vertex 27.7164 -11.4805 2.99
    endloop
  endfacet
  facet normal -0.122121 -0.823356 -0.554231
    outer loop
      vertex 6.24159 31.3786 0
      vertex 5.85271 29.4236 2.99
      vertex 3.1456 31.8378 0
    endloop
  endfacet
  facet normal 0.49584 -0.66856 -0.554229
    outer loop
      vertex -19.0318 23.1903 2.99
      vertex -17.7824 26.5956 0
      vertex -17.871 24.0962 2.93573
    endloop
  endfacet
  facet normal 0.498475 -0.667449 -0.553204
    outer loop
      vertex -17.7745 26.6015 0
      vertex -17.871 24.0962 2.93573
      vertex -17.7824 26.5956 0
    endloop
  endfacet
  facet normal 0.495843 -0.668554 -0.554234
    outer loop
      vertex -17.871 24.0962 2.93573
      vertex -17.7745 26.6015 0
      vertex -16.6671 24.9441 2.99
    endloop
  endfacet
  facet normal -0.715276 -0.425759 -0.554175
    outer loop
      vertex 26.6065 17.7661 0
      vertex 24.9441 16.6671 2.99
      vertex 26.6015 17.7745 0
    endloop
  endfacet
  facet normal -0.713931 -0.42794 -0.554229
    outer loop
      vertex 26.6065 17.7661 0
      vertex 25.7319 15.4231 2.93573
      vertex 24.9441 16.6671 2.99
    endloop
  endfacet
  facet normal -0.713981 -0.42789 -0.554204
    outer loop
      vertex 25.7319 15.4231 2.93573
      vertex 26.6065 17.7661 0
      vertex 26.4576 14.1419 2.99
    endloop
  endfacet
  facet normal -0.78386 0.27995 -0.554248
    outer loop
      vertex 30.6124 -9.29641 0
      vertex 28.7082 -8.70854 2.99
      vertex 30.6157 -9.28717 0
    endloop
  endfacet
  facet normal -0.7837 0.280418 -0.554238
    outer loop
      vertex 30.6124 -9.29641 0
      vertex 28.2463 -10.1067 2.93573
      vertex 28.7082 -8.70854 2.99
    endloop
  endfacet
  facet normal -0.783703 0.280394 -0.554247
    outer loop
      vertex 28.2463 -10.1067 2.93573
      vertex 30.6124 -9.29641 0
      vertex 27.7164 -11.4805 2.99
    endloop
  endfacet
  facet normal 0.202287 0.807386 -0.554263
    outer loop
      vertex -5.85271 -29.4236 2.99
      vertex -9.27766 -30.6181 0
      vertex -7.2894 -29.1009 2.93573
    endloop
  endfacet
  facet normal 0.202231 0.807416 -0.55424
    outer loop
      vertex -9.27766 -30.6181 0
      vertex -8.70854 -28.7082 2.99
      vertex -7.2894 -29.1009 2.93573
    endloop
  endfacet
  facet normal 0.203668 0.807034 -0.55427
    outer loop
      vertex -8.70854 -28.7082 2.99
      vertex -9.27766 -30.6181 0
      vertex -9.28717 -30.6157 0
    endloop
  endfacet
  facet normal 0.427928 -0.713923 -0.554248
    outer loop
      vertex -15.0816 28.2156 0
      vertex -14.1419 26.4576 2.99
      vertex -17.7661 26.6065 0
    endloop
  endfacet
  facet normal -0.823342 0.122198 -0.554234
    outer loop
      vertex 31.0759 -4 0.943683
      vertex 29.6753 -4.40191 2.93573
      vertex 29.7249 -4 2.95066
    endloop
  endfacet
  facet normal -0.823343 0.122109 -0.554253
    outer loop
      vertex 29.6753 -4.40191 2.93573
      vertex 31.0759 -4 0.943683
      vertex 29.4236 -5.85271 2.99
    endloop
  endfacet
  facet normal -0.202249 -0.807418 -0.554231
    outer loop
      vertex 6.24159 31.3786 0
      vertex 9.27766 30.6181 0
      vertex 5.85271 29.4236 2.99
    endloop
  endfacet
  facet normal 0.616738 0.558976 -0.554237
    outer loop
      vertex -21.2132 -21.2132 2.99
      vertex -22.6227 -22.6227 0
      vertex -24.7246 -20.3036 0
    endloop
  endfacet
  facet normal 0.78386 0.27995 -0.554248
    outer loop
      vertex -28.7082 -8.70854 2.99
      vertex -30.6124 -9.29641 0
      vertex -30.6157 -9.28717 0
    endloop
  endfacet
  facet normal 0.7837 0.280418 -0.554238
    outer loop
      vertex -28.2463 -10.1067 2.93573
      vertex -30.6124 -9.29641 0
      vertex -28.7082 -8.70854 2.99
    endloop
  endfacet
  facet normal 0.783703 0.280394 -0.554247
    outer loop
      vertex -30.6124 -9.29641 0
      vertex -28.2463 -10.1067 2.93573
      vertex -27.7164 -11.4805 2.99
    endloop
  endfacet
  facet normal 0.42789 0.713981 -0.554204
    outer loop
      vertex -14.1419 -26.4576 2.99
      vertex -17.7661 -26.6065 0
      vertex -15.4231 -25.7319 2.93573
    endloop
  endfacet
  facet normal 0.42794 0.713931 -0.554229
    outer loop
      vertex -17.7661 -26.6065 0
      vertex -16.6671 -24.9441 2.99
      vertex -15.4231 -25.7319 2.93573
    endloop
  endfacet
  facet normal 0.425759 0.715276 -0.554175
    outer loop
      vertex -16.6671 -24.9441 2.99
      vertex -17.7661 -26.6065 0
      vertex -17.7745 -26.6015 0
    endloop
  endfacet
  facet normal 0.355878 -0.752445 -0.554236
    outer loop
      vertex -12.2433 29.558 0
      vertex -11.4805 27.7164 2.99
      vertex -15.0727 28.2198 0
    endloop
  endfacet
  facet normal 0.807418 -0.202249 -0.554231
    outer loop
      vertex -30.6181 9.27766 0
      vertex -29.4236 5.85271 2.99
      vertex -31.3786 6.24159 0
    endloop
  endfacet
  facet normal -0.66856 -0.49584 -0.554229
    outer loop
      vertex 26.5956 17.7824 0
      vertex 24.0962 17.871 2.93573
      vertex 23.1903 19.0318 2.99
    endloop
  endfacet
  facet normal -0.667449 -0.498475 -0.553204
    outer loop
      vertex 26.6015 17.7745 0
      vertex 24.0962 17.871 2.93573
      vertex 26.5956 17.7824 0
    endloop
  endfacet
  facet normal -0.668554 -0.495843 -0.554234
    outer loop
      vertex 24.0962 17.871 2.93573
      vertex 26.6015 17.7745 0
      vertex 24.9441 16.6671 2.99
    endloop
  endfacet
  facet normal -0.668566 0.495813 -0.554247
    outer loop
      vertex 26.5956 -17.7824 0
      vertex 24.7312 -20.2964 0
      vertex 23.1903 -19.0318 2.99
    endloop
  endfacet
  facet normal 0.122107 0.823352 -0.554239
    outer loop
      vertex -2.94051 -29.8555 2.99
      vertex -3.1456 -31.8378 0
      vertex -4.40191 -29.6753 2.93573
    endloop
  endfacet
  facet normal 0.122112 0.823353 -0.554237
    outer loop
      vertex -4.40191 -29.6753 2.93573
      vertex -3.1456 -31.8378 0
      vertex -5.85271 -29.4236 2.99
    endloop
  endfacet
  facet normal 0.127086 0.822672 -0.55413
    outer loop
      vertex -3.1456 -31.8378 0
      vertex -2.94051 -29.8555 2.99
      vertex -3.13589 -31.8393 0
    endloop
  endfacet
  facet normal -0.563226 0.614428 -0.552499
    outer loop
      vertex 20.2964 -24.7312 0
      vertex 20.1468 -22.2285 2.93573
      vertex 20.3036 -24.7246 0
    endloop
  endfacet
  facet normal -0.558972 0.616734 -0.554248
    outer loop
      vertex 20.1468 -22.2285 2.93573
      vertex 20.2964 -24.7312 0
      vertex 19.0318 -23.1903 2.99
    endloop
  endfacet
  facet normal -0.558979 0.616738 -0.554236
    outer loop
      vertex 21.2132 -21.2132 2.99
      vertex 20.3036 -24.7246 0
      vertex 20.1468 -22.2285 2.93573
    endloop
  endfacet
  facet normal -0.558976 0.616738 -0.554237
    outer loop
      vertex 21.2132 -21.2132 2.99
      vertex 22.6227 -22.6227 0
      vertex 20.3036 -24.7246 0
    endloop
  endfacet
  facet normal 0.28041 -0.783704 -0.554236
    outer loop
      vertex -9.29641 30.6124 0
      vertex -11.4805 27.7164 2.99
      vertex -12.2433 29.558 0
    endloop
  endfacet
  facet normal -0.0408222 0.831361 -0.554231
    outer loop
      vertex 0 -30 2.99
      vertex 3.12609 -31.8398 0
      vertex 0 -31.9933 0
    endloop
  endfacet
  facet normal 0.823356 -0.122121 -0.554231
    outer loop
      vertex -31.3786 6.24159 0
      vertex -29.4236 5.85271 2.99
      vertex -31.8378 3.1456 0
    endloop
  endfacet
  facet normal 0.713981 0.42789 -0.554204
    outer loop
      vertex -25.7319 -15.4231 2.93573
      vertex -26.6065 -17.7661 0
      vertex -26.4576 -14.1419 2.99
    endloop
  endfacet
  facet normal 0.713931 0.42794 -0.554229
    outer loop
      vertex -24.9441 -16.6671 2.99
      vertex -26.6065 -17.7661 0
      vertex -25.7319 -15.4231 2.93573
    endloop
  endfacet
  facet normal 0.715276 0.425759 -0.554175
    outer loop
      vertex -26.6065 -17.7661 0
      vertex -24.9441 -16.6671 2.99
      vertex -26.6015 -17.7745 0
    endloop
  endfacet
  facet normal 0.713923 -0.427928 -0.554248
    outer loop
      vertex -26.6065 17.7661 0
      vertex -26.4576 14.1419 2.99
      vertex -28.2156 15.0816 0
    endloop
  endfacet
  facet normal 0.752457 0.355868 -0.554226
    outer loop
      vertex -27.1197 -12.8267 2.93573
      vertex -28.2198 -15.0727 0
      vertex -27.7164 -11.4805 2.99
    endloop
  endfacet
  facet normal 0.75242 0.355914 -0.554247
    outer loop
      vertex -26.4576 -14.1419 2.99
      vertex -28.2198 -15.0727 0
      vertex -27.1197 -12.8267 2.93573
    endloop
  endfacet
  facet normal 0.752753 0.355232 -0.554231
    outer loop
      vertex -28.2198 -15.0727 0
      vertex -26.4576 -14.1419 2.99
      vertex -28.2156 -15.0816 0
    endloop
  endfacet
  facet normal -0.752457 0.355868 -0.554226
    outer loop
      vertex 28.2198 -15.0727 0
      vertex 27.1197 -12.8267 2.93573
      vertex 27.7164 -11.4805 2.99
    endloop
  endfacet
  facet normal -0.75242 0.355914 -0.554247
    outer loop
      vertex 28.2198 -15.0727 0
      vertex 26.4576 -14.1419 2.99
      vertex 27.1197 -12.8267 2.93573
    endloop
  endfacet
  facet normal -0.752753 0.355232 -0.554231
    outer loop
      vertex 26.4576 -14.1419 2.99
      vertex 28.2198 -15.0727 0
      vertex 28.2156 -15.0816 0
    endloop
  endfacet
  facet normal 0.280394 -0.783703 -0.554247
    outer loop
      vertex -11.4805 27.7164 2.99
      vertex -9.29641 30.6124 0
      vertex -10.1067 28.2463 2.93573
    endloop
  endfacet
  facet normal 0.280418 -0.7837 -0.554238
    outer loop
      vertex -9.29641 30.6124 0
      vertex -8.70854 28.7082 2.99
      vertex -10.1067 28.2463 2.93573
    endloop
  endfacet
  facet normal 0.27995 -0.78386 -0.554248
    outer loop
      vertex -8.70854 28.7082 2.99
      vertex -9.29641 30.6124 0
      vertex -9.28717 30.6157 0
    endloop
  endfacet
  facet normal 0.202249 0.807418 -0.554231
    outer loop
      vertex -5.85271 -29.4236 2.99
      vertex -6.24159 -31.3786 0
      vertex -9.27766 -30.6181 0
    endloop
  endfacet
  facet normal -0.427928 0.713923 -0.554248
    outer loop
      vertex 17.7661 -26.6065 0
      vertex 15.0816 -28.2156 0
      vertex 14.1419 -26.4576 2.99
    endloop
  endfacet
  facet normal 0.122121 0.823356 -0.554231
    outer loop
      vertex -5.85271 -29.4236 2.99
      vertex -3.1456 -31.8378 0
      vertex -6.24159 -31.3786 0
    endloop
  endfacet
  facet normal 0.355232 -0.752753 -0.554231
    outer loop
      vertex -15.0727 28.2198 0
      vertex -14.1419 26.4576 2.99
      vertex -15.0816 28.2156 0
    endloop
  endfacet
  facet normal 0.355914 -0.75242 -0.554247
    outer loop
      vertex -14.1419 26.4576 2.99
      vertex -15.0727 28.2198 0
      vertex -12.8267 27.1197 2.93573
    endloop
  endfacet
  facet normal 0.355868 -0.752457 -0.554226
    outer loop
      vertex -12.8267 27.1197 2.93573
      vertex -15.0727 28.2198 0
      vertex -11.4805 27.7164 2.99
    endloop
  endfacet
  facet normal 0.616738 -0.558979 -0.554236
    outer loop
      vertex -22.2285 20.1468 2.93573
      vertex -24.7246 20.3036 0
      vertex -21.2132 21.2132 2.99
    endloop
  endfacet
  facet normal 0.614428 -0.563226 -0.552499
    outer loop
      vertex -24.7246 20.3036 0
      vertex -22.2285 20.1468 2.93573
      vertex -24.7312 20.2964 0
    endloop
  endfacet
  facet normal 0.616734 -0.558972 -0.554248
    outer loop
      vertex -24.7312 20.2964 0
      vertex -22.2285 20.1468 2.93573
      vertex -23.1903 19.0318 2.99
    endloop
  endfacet
  facet normal 0.616738 -0.558976 -0.554237
    outer loop
      vertex -22.6227 22.6227 0
      vertex -21.2132 21.2132 2.99
      vertex -24.7246 20.3036 0
    endloop
  endfacet
  facet normal -0.616734 0.558972 -0.554248
    outer loop
      vertex 24.7312 -20.2964 0
      vertex 22.2285 -20.1468 2.93573
      vertex 23.1903 -19.0318 2.99
    endloop
  endfacet
  facet normal -0.614428 0.563226 -0.552499
    outer loop
      vertex 24.7246 -20.3036 0
      vertex 22.2285 -20.1468 2.93573
      vertex 24.7312 -20.2964 0
    endloop
  endfacet
  facet normal -0.616738 0.558979 -0.554236
    outer loop
      vertex 22.2285 -20.1468 2.93573
      vertex 24.7246 -20.3036 0
      vertex 21.2132 -21.2132 2.99
    endloop
  endfacet
  facet normal 0.66856 -0.49584 -0.554229
    outer loop
      vertex -24.0962 17.871 2.93573
      vertex -26.5956 17.7824 0
      vertex -23.1903 19.0318 2.99
    endloop
  endfacet
  facet normal 0.667449 -0.498475 -0.553204
    outer loop
      vertex -24.0962 17.871 2.93573
      vertex -26.6015 17.7745 0
      vertex -26.5956 17.7824 0
    endloop
  endfacet
  facet normal 0.668554 -0.495843 -0.554234
    outer loop
      vertex -26.6015 17.7745 0
      vertex -24.0962 17.871 2.93573
      vertex -24.9441 16.6671 2.99
    endloop
  endfacet
  facet normal 0.807034 -0.203668 -0.55427
    outer loop
      vertex -28.7082 8.70854 2.99
      vertex -30.6181 9.27766 0
      vertex -30.6157 9.28717 0
    endloop
  endfacet
  facet normal 0.807416 -0.202231 -0.55424
    outer loop
      vertex -29.1009 7.2894 2.93573
      vertex -30.6181 9.27766 0
      vertex -28.7082 8.70854 2.99
    endloop
  endfacet
  facet normal 0.807386 -0.202287 -0.554263
    outer loop
      vertex -30.6181 9.27766 0
      vertex -29.1009 7.2894 2.93573
      vertex -29.4236 5.85271 2.99
    endloop
  endfacet
  facet normal 0.355878 0.752445 -0.554236
    outer loop
      vertex -11.4805 -27.7164 2.99
      vertex -12.2433 -29.558 0
      vertex -15.0727 -28.2198 0
    endloop
  endfacet
  facet normal 0.715276 -0.425759 -0.554175
    outer loop
      vertex -24.9441 16.6671 2.99
      vertex -26.6065 17.7661 0
      vertex -26.6015 17.7745 0
    endloop
  endfacet
  facet normal 0.713931 -0.42794 -0.554229
    outer loop
      vertex -25.7319 15.4231 2.93573
      vertex -26.6065 17.7661 0
      vertex -24.9441 16.6671 2.99
    endloop
  endfacet
  facet normal 0.713981 -0.42789 -0.554204
    outer loop
      vertex -26.6065 17.7661 0
      vertex -25.7319 15.4231 2.93573
      vertex -26.4576 14.1419 2.99
    endloop
  endfacet
  facet normal -0.202249 0.807418 -0.554231
    outer loop
      vertex 9.27766 -30.6181 0
      vertex 6.24159 -31.3786 0
      vertex 5.85271 -29.4236 2.99
    endloop
  endfacet
  facet normal 0.498475 0.667449 -0.553204
    outer loop
      vertex -17.7824 -26.5956 0
      vertex -17.871 -24.0962 2.93573
      vertex -17.7745 -26.6015 0
    endloop
  endfacet
  facet normal 0.49584 0.66856 -0.554229
    outer loop
      vertex -17.871 -24.0962 2.93573
      vertex -17.7824 -26.5956 0
      vertex -19.0318 -23.1903 2.99
    endloop
  endfacet
  facet normal 0.495843 0.668554 -0.554234
    outer loop
      vertex -16.6671 -24.9441 2.99
      vertex -17.7745 -26.6015 0
      vertex -17.871 -24.0962 2.93573
    endloop
  endfacet
  facet normal -0.280418 0.7837 -0.554238
    outer loop
      vertex 9.29641 -30.6124 0
      vertex 8.70854 -28.7082 2.99
      vertex 10.1067 -28.2463 2.93573
    endloop
  endfacet
  facet normal -0.27995 0.78386 -0.554248
    outer loop
      vertex 8.70854 -28.7082 2.99
      vertex 9.29641 -30.6124 0
      vertex 9.28717 -30.6157 0
    endloop
  endfacet
  facet normal -0.280394 0.783703 -0.554247
    outer loop
      vertex 11.4805 -27.7164 2.99
      vertex 9.29641 -30.6124 0
      vertex 10.1067 -28.2463 2.93573
    endloop
  endfacet
  facet normal 0.668554 0.495843 -0.554234
    outer loop
      vertex -24.0962 -17.871 2.93573
      vertex -26.6015 -17.7745 0
      vertex -24.9441 -16.6671 2.99
    endloop
  endfacet
  facet normal 0.667449 0.498475 -0.553204
    outer loop
      vertex -26.6015 -17.7745 0
      vertex -24.0962 -17.871 2.93573
      vertex -26.5956 -17.7824 0
    endloop
  endfacet
  facet normal 0.66856 0.49584 -0.554229
    outer loop
      vertex -26.5956 -17.7824 0
      vertex -24.0962 -17.871 2.93573
      vertex -23.1903 -19.0318 2.99
    endloop
  endfacet
  facet normal 0.668566 0.495813 -0.554247
    outer loop
      vertex -23.1903 -19.0318 2.99
      vertex -24.7312 -20.2964 0
      vertex -26.5956 -17.7824 0
    endloop
  endfacet
  facet normal 0.280418 0.7837 -0.554238
    outer loop
      vertex -8.70854 -28.7082 2.99
      vertex -9.29641 -30.6124 0
      vertex -10.1067 -28.2463 2.93573
    endloop
  endfacet
  facet normal 0.280394 0.783703 -0.554247
    outer loop
      vertex -10.1067 -28.2463 2.93573
      vertex -9.29641 -30.6124 0
      vertex -11.4805 -27.7164 2.99
    endloop
  endfacet
  facet normal 0.27995 0.78386 -0.554248
    outer loop
      vertex -9.29641 -30.6124 0
      vertex -8.70854 -28.7082 2.99
      vertex -9.28717 -30.6157 0
    endloop
  endfacet
  facet normal -0.202231 0.807416 -0.55424
    outer loop
      vertex 8.70854 -28.7082 2.99
      vertex 9.27766 -30.6181 0
      vertex 7.2894 -29.1009 2.93573
    endloop
  endfacet
  facet normal -0.202287 0.807386 -0.554263
    outer loop
      vertex 7.2894 -29.1009 2.93573
      vertex 9.27766 -30.6181 0
      vertex 5.85271 -29.4236 2.99
    endloop
  endfacet
  facet normal -0.203668 0.807034 -0.55427
    outer loop
      vertex 9.27766 -30.6181 0
      vertex 8.70854 -28.7082 2.99
      vertex 9.28717 -30.6157 0
    endloop
  endfacet
  facet normal -0.659392 -0.751799 0
    outer loop
      vertex 93.6526 4.76012 0
      vertex 94.2426 4.24264 3
      vertex 93.6526 4.76012 3
    endloop
  endfacet
  facet normal -0.659392 -0.751799 -0
    outer loop
      vertex 94.2426 4.24264 3
      vertex 93.6526 4.76012 0
      vertex 94.2426 4.24264 0
    endloop
  endfacet
  facet normal -0.55555 -0.831483 0
    outer loop
      vertex 93 5.19615 0
      vertex 93.6526 4.76012 3
      vertex 93 5.19615 3
    endloop
  endfacet
  facet normal -0.55555 -0.831483 -0
    outer loop
      vertex 93.6526 4.76012 3
      vertex 93 5.19615 0
      vertex 93.6526 4.76012 0
    endloop
  endfacet
  facet normal 0.55555 0.831483 -0
    outer loop
      vertex 87 -5.19615 0
      vertex 86.3474 -4.76012 3
      vertex 87 -5.19615 3
    endloop
  endfacet
  facet normal 0.55555 0.831483 0
    outer loop
      vertex 86.3474 -4.76012 3
      vertex 87 -5.19615 0
      vertex 86.3474 -4.76012 0
    endloop
  endfacet
  facet normal -0.442294 0.89687 0
    outer loop
      vertex 93 -5.19615 0
      vertex 92.2961 -5.54328 3
      vertex 93 -5.19615 3
    endloop
  endfacet
  facet normal -0.442294 0.89687 0
    outer loop
      vertex 92.2961 -5.54328 3
      vertex 93 -5.19615 0
      vertex 92.2961 -5.54328 0
    endloop
  endfacet
  facet normal -0.659392 0.751799 0
    outer loop
      vertex 94.2426 -4.24264 0
      vertex 93.6526 -4.76012 3
      vertex 94.2426 -4.24264 3
    endloop
  endfacet
  facet normal -0.659392 0.751799 0
    outer loop
      vertex 93.6526 -4.76012 3
      vertex 94.2426 -4.24264 0
      vertex 93.6526 -4.76012 0
    endloop
  endfacet
  facet normal 0.659392 0.751799 -0
    outer loop
      vertex 86.3474 -4.76012 0
      vertex 85.7574 -4.24264 3
      vertex 86.3474 -4.76012 3
    endloop
  endfacet
  facet normal 0.659392 0.751799 0
    outer loop
      vertex 85.7574 -4.24264 3
      vertex 86.3474 -4.76012 0
      vertex 85.7574 -4.24264 0
    endloop
  endfacet
  facet normal 0.55555 -0.831483 0
    outer loop
      vertex 86.3474 4.76012 0
      vertex 87 5.19615 3
      vertex 86.3474 4.76012 3
    endloop
  endfacet
  facet normal 0.55555 -0.831483 0
    outer loop
      vertex 87 5.19615 3
      vertex 86.3474 4.76012 0
      vertex 87 5.19615 0
    endloop
  endfacet
  facet normal 0.0653985 -0.997859 0
    outer loop
      vertex 89.2168 5.94867 0
      vertex 90 6 3
      vertex 89.2168 5.94867 3
    endloop
  endfacet
  facet normal 0.0653985 -0.997859 0
    outer loop
      vertex 90 6 3
      vertex 89.2168 5.94867 0
      vertex 90 6 0
    endloop
  endfacet
  facet normal -0.55555 0.831483 0
    outer loop
      vertex 93.6526 -4.76012 0
      vertex 93 -5.19615 3
      vertex 93.6526 -4.76012 3
    endloop
  endfacet
  facet normal -0.55555 0.831483 0
    outer loop
      vertex 93 -5.19615 3
      vertex 93.6526 -4.76012 0
      vertex 93 -5.19615 0
    endloop
  endfacet
  facet normal 0.751824 -0.659364 0
    outer loop
      vertex 85.5446 4 3
      vertex 85.7574 4.24264 0
      vertex 85.7574 4.24264 3
    endloop
  endfacet
  facet normal 0.751824 -0.659364 0
    outer loop
      vertex 85.7574 4.24264 0
      vertex 85.5446 4 3
      vertex 85.5446 4 0
    endloop
  endfacet
  facet normal -0.751824 0.659364 0
    outer loop
      vertex 94.2426 -4.24264 0
      vertex 94.4554 -4 3
      vertex 94.4554 -4 0
    endloop
  endfacet
  facet normal -0.751824 0.659364 0
    outer loop
      vertex 94.4554 -4 3
      vertex 94.2426 -4.24264 0
      vertex 94.2426 -4.24264 3
    endloop
  endfacet
  facet normal -0.751824 -0.659364 0
    outer loop
      vertex 94.4554 4 0
      vertex 94.2426 4.24264 3
      vertex 94.2426 4.24264 0
    endloop
  endfacet
  facet normal -0.751824 -0.659364 0
    outer loop
      vertex 94.2426 4.24264 3
      vertex 94.4554 4 0
      vertex 94.4554 4 3
    endloop
  endfacet
  facet normal -0.442294 -0.89687 0
    outer loop
      vertex 92.2961 5.54328 0
      vertex 93 5.19615 3
      vertex 92.2961 5.54328 3
    endloop
  endfacet
  facet normal -0.442294 -0.89687 -0
    outer loop
      vertex 93 5.19615 3
      vertex 92.2961 5.54328 0
      vertex 93 5.19615 0
    endloop
  endfacet
  facet normal 0.195111 -0.980781 0
    outer loop
      vertex 88.4471 5.79555 0
      vertex 89.2168 5.94867 3
      vertex 88.4471 5.79555 3
    endloop
  endfacet
  facet normal 0.195111 -0.980781 0
    outer loop
      vertex 89.2168 5.94867 3
      vertex 88.4471 5.79555 0
      vertex 89.2168 5.94867 0
    endloop
  endfacet
  facet normal -0.195111 0.980781 0
    outer loop
      vertex 91.5529 -5.79555 0
      vertex 90.7832 -5.94867 3
      vertex 91.5529 -5.79555 3
    endloop
  endfacet
  facet normal -0.195111 0.980781 0
    outer loop
      vertex 90.7832 -5.94867 3
      vertex 91.5529 -5.79555 0
      vertex 90.7832 -5.94867 0
    endloop
  endfacet
  facet normal 0.659392 -0.751799 0
    outer loop
      vertex 85.7574 4.24264 0
      vertex 86.3474 4.76012 3
      vertex 85.7574 4.24264 3
    endloop
  endfacet
  facet normal 0.659392 -0.751799 0
    outer loop
      vertex 86.3474 4.76012 3
      vertex 85.7574 4.24264 0
      vertex 86.3474 4.76012 0
    endloop
  endfacet
  facet normal 0.321425 -0.946935 0
    outer loop
      vertex 87.7039 5.54328 0
      vertex 88.4471 5.79555 3
      vertex 87.7039 5.54328 3
    endloop
  endfacet
  facet normal 0.321425 -0.946935 0
    outer loop
      vertex 88.4471 5.79555 3
      vertex 87.7039 5.54328 0
      vertex 88.4471 5.79555 0
    endloop
  endfacet
  facet normal 0.442294 0.89687 -0
    outer loop
      vertex 87.7039 -5.54328 0
      vertex 87 -5.19615 3
      vertex 87.7039 -5.54328 3
    endloop
  endfacet
  facet normal 0.442294 0.89687 0
    outer loop
      vertex 87 -5.19615 3
      vertex 87.7039 -5.54328 0
      vertex 87 -5.19615 0
    endloop
  endfacet
  facet normal 0 0 -1
    outer loop
      vertex 94.4554 4 3
      vertex 93.6526 4.76012 3
      vertex 94.2426 4.24264 3
    endloop
  endfacet
  facet normal 0 0 -1
    outer loop
      vertex 94.4554 4 3
      vertex 93 5.19615 3
      vertex 93.6526 4.76012 3
    endloop
  endfacet
  facet normal 0 0 -1
    outer loop
      vertex 94.4554 4 3
      vertex 92.2961 5.54328 3
      vertex 93 5.19615 3
    endloop
  endfacet
  facet normal 0 0 -1
    outer loop
      vertex 94.4554 4 3
      vertex 91.5529 5.79555 3
      vertex 92.2961 5.54328 3
    endloop
  endfacet
  facet normal 0 0 -1
    outer loop
      vertex 94.4554 4 3
      vertex 90.7832 5.94867 3
      vertex 91.5529 5.79555 3
    endloop
  endfacet
  facet normal 0 0 -1
    outer loop
      vertex 94.4554 4 3
      vertex 90 6 3
      vertex 90.7832 5.94867 3
    endloop
  endfacet
  facet normal 0 0 -1
    outer loop
      vertex 94.4554 4 3
      vertex 89.2168 5.94867 3
      vertex 90 6 3
    endloop
  endfacet
  facet normal 0 0 -1
    outer loop
      vertex 94.4554 4 3
      vertex 88.4471 5.79555 3
      vertex 89.2168 5.94867 3
    endloop
  endfacet
  facet normal 0 0 -1
    outer loop
      vertex 94.4554 4 3
      vertex 87.7039 5.54328 3
      vertex 88.4471 5.79555 3
    endloop
  endfacet
  facet normal 0 0 -1
    outer loop
      vertex 94.4554 4 3
      vertex 87 5.19615 3
      vertex 87.7039 5.54328 3
    endloop
  endfacet
  facet normal 0 0 -1
    outer loop
      vertex 94.4554 4 3
      vertex 86.3474 4.76012 3
      vertex 87 5.19615 3
    endloop
  endfacet
  facet normal 0 0 -1
    outer loop
      vertex 85.5446 4 3
      vertex 86.3474 4.76012 3
      vertex 94.4554 4 3
    endloop
  endfacet
  facet normal 0 0 -1
    outer loop
      vertex 86.3474 4.76012 3
      vertex 85.5446 4 3
      vertex 85.7574 4.24264 3
    endloop
  endfacet
  facet normal 0 0 -1
    outer loop
      vertex 93.6526 -4.76012 3
      vertex 94.4554 -4 3
      vertex 94.2426 -4.24264 3
    endloop
  endfacet
  facet normal 0 0 -1
    outer loop
      vertex 93 -5.19615 3
      vertex 94.4554 -4 3
      vertex 93.6526 -4.76012 3
    endloop
  endfacet
  facet normal 0 0 -1
    outer loop
      vertex 92.2961 -5.54328 3
      vertex 94.4554 -4 3
      vertex 93 -5.19615 3
    endloop
  endfacet
  facet normal 0 0 -1
    outer loop
      vertex 91.5529 -5.79555 3
      vertex 94.4554 -4 3
      vertex 92.2961 -5.54328 3
    endloop
  endfacet
  facet normal 0 0 -1
    outer loop
      vertex 90.7832 -5.94867 3
      vertex 94.4554 -4 3
      vertex 91.5529 -5.79555 3
    endloop
  endfacet
  facet normal 0 0 -1
    outer loop
      vertex 90 -6 3
      vertex 94.4554 -4 3
      vertex 90.7832 -5.94867 3
    endloop
  endfacet
  facet normal 0 0 -1
    outer loop
      vertex 89.2168 -5.94867 3
      vertex 94.4554 -4 3
      vertex 90 -6 3
    endloop
  endfacet
  facet normal 0 0 -1
    outer loop
      vertex 88.4471 -5.79555 3
      vertex 94.4554 -4 3
      vertex 89.2168 -5.94867 3
    endloop
  endfacet
  facet normal 0 0 -1
    outer loop
      vertex 87.7039 -5.54328 3
      vertex 94.4554 -4 3
      vertex 88.4471 -5.79555 3
    endloop
  endfacet
  facet normal 0 0 -1
    outer loop
      vertex 87 -5.19615 3
      vertex 94.4554 -4 3
      vertex 87.7039 -5.54328 3
    endloop
  endfacet
  facet normal 0 0 -1
    outer loop
      vertex 86.3474 -4.76012 3
      vertex 94.4554 -4 3
      vertex 87 -5.19615 3
    endloop
  endfacet
  facet normal 0 0 -1
    outer loop
      vertex 85.5446 -4 3
      vertex 86.3474 -4.76012 3
      vertex 85.7574 -4.24264 3
    endloop
  endfacet
  facet normal 0 0 -1
    outer loop
      vertex 86.3474 -4.76012 3
      vertex 85.5446 -4 3
      vertex 94.4554 -4 3
    endloop
  endfacet
  facet normal 0.442294 -0.89687 0
    outer loop
      vertex 87 5.19615 0
      vertex 87.7039 5.54328 3
      vertex 87 5.19615 3
    endloop
  endfacet
  facet normal 0.442294 -0.89687 0
    outer loop
      vertex 87.7039 5.54328 3
      vertex 87 5.19615 0
      vertex 87.7039 5.54328 0
    endloop
  endfacet
  facet normal -0.321425 0.946935 0
    outer loop
      vertex 92.2961 -5.54328 0
      vertex 91.5529 -5.79555 3
      vertex 92.2961 -5.54328 3
    endloop
  endfacet
  facet normal -0.321425 0.946935 0
    outer loop
      vertex 91.5529 -5.79555 3
      vertex 92.2961 -5.54328 0
      vertex 91.5529 -5.79555 0
    endloop
  endfacet
  facet normal 0.195111 0.980781 -0
    outer loop
      vertex 89.2168 -5.94867 0
      vertex 88.4471 -5.79555 3
      vertex 89.2168 -5.94867 3
    endloop
  endfacet
  facet normal 0.195111 0.980781 0
    outer loop
      vertex 88.4471 -5.79555 3
      vertex 89.2168 -5.94867 0
      vertex 88.4471 -5.79555 0
    endloop
  endfacet
  facet normal -0.0653985 0.997859 0
    outer loop
      vertex 90.7832 -5.94867 0
      vertex 90 -6 3
      vertex 90.7832 -5.94867 3
    endloop
  endfacet
  facet normal -0.0653985 0.997859 0
    outer loop
      vertex 90 -6 3
      vertex 90.7832 -5.94867 0
      vertex 90 -6 0
    endloop
  endfacet
  facet normal -0.321425 -0.946935 0
    outer loop
      vertex 91.5529 5.79555 0
      vertex 92.2961 5.54328 3
      vertex 91.5529 5.79555 3
    endloop
  endfacet
  facet normal -0.321425 -0.946935 -0
    outer loop
      vertex 92.2961 5.54328 3
      vertex 91.5529 5.79555 0
      vertex 92.2961 5.54328 0
    endloop
  endfacet
  facet normal -0.195111 -0.980781 0
    outer loop
      vertex 90.7832 5.94867 0
      vertex 91.5529 5.79555 3
      vertex 90.7832 5.94867 3
    endloop
  endfacet
  facet normal -0.195111 -0.980781 -0
    outer loop
      vertex 91.5529 5.79555 3
      vertex 90.7832 5.94867 0
      vertex 91.5529 5.79555 0
    endloop
  endfacet
  facet normal 0.751824 0.659364 0
    outer loop
      vertex 85.7574 -4.24264 3
      vertex 85.5446 -4 0
      vertex 85.5446 -4 3
    endloop
  endfacet
  facet normal 0.751824 0.659364 0
    outer loop
      vertex 85.5446 -4 0
      vertex 85.7574 -4.24264 3
      vertex 85.7574 -4.24264 0
    endloop
  endfacet
  facet normal 0.0653985 0.997859 -0
    outer loop
      vertex 90 -6 0
      vertex 89.2168 -5.94867 3
      vertex 90 -6 3
    endloop
  endfacet
  facet normal 0.0653985 0.997859 0
    outer loop
      vertex 89.2168 -5.94867 3
      vertex 90 -6 0
      vertex 89.2168 -5.94867 0
    endloop
  endfacet
  facet normal 0.321425 0.946935 -0
    outer loop
      vertex 88.4471 -5.79555 0
      vertex 87.7039 -5.54328 3
      vertex 88.4471 -5.79555 3
    endloop
  endfacet
  facet normal 0.321425 0.946935 0
    outer loop
      vertex 87.7039 -5.54328 3
      vertex 88.4471 -5.79555 0
      vertex 87.7039 -5.54328 0
    endloop
  endfacet
  facet normal -0.0653985 -0.997859 0
    outer loop
      vertex 90 6 0
      vertex 90.7832 5.94867 3
      vertex 90 6 3
    endloop
  endfacet
  facet normal -0.0653985 -0.997859 -0
    outer loop
      vertex 90.7832 5.94867 3
      vertex 90 6 0
      vertex 90.7832 5.94867 0
    endloop
  endfacet
  facet normal -0.0653641 0.997861 0
    outer loop
      vertex 0.783156 84.0513 0
      vertex 0 84 3
      vertex 0.783156 84.0513 3
    endloop
  endfacet
  facet normal -0.0653641 0.997861 0
    outer loop
      vertex 0 84 3
      vertex 0.783156 84.0513 0
      vertex 0 84 0
    endloop
  endfacet
  facet normal 0.751799 -0.659392 0
    outer loop
      vertex -4.76012 93.6526 3
      vertex -4.24264 94.2426 0
      vertex -4.24264 94.2426 3
    endloop
  endfacet
  facet normal 0.751799 -0.659392 0
    outer loop
      vertex -4.24264 94.2426 0
      vertex -4.76012 93.6526 3
      vertex -4.76012 93.6526 0
    endloop
  endfacet
  facet normal 0.555629 -0.83143 0
    outer loop
      vertex -3.65257 94.7601 0
      vertex -3 95.1962 3
      vertex -3.65257 94.7601 3
    endloop
  endfacet
  facet normal 0.555629 -0.83143 0
    outer loop
      vertex -3 95.1962 3
      vertex -3.65257 94.7601 0
      vertex -3 95.1962 0
    endloop
  endfacet
  facet normal 0.831483 -0.55555 0
    outer loop
      vertex -5.19615 93 3
      vertex -4.76012 93.6526 0
      vertex -4.76012 93.6526 3
    endloop
  endfacet
  facet normal 0.831483 -0.55555 0
    outer loop
      vertex -4.76012 93.6526 0
      vertex -5.19615 93 3
      vertex -5.19615 93 0
    endloop
  endfacet
  facet normal 0.0653641 0.997861 -0
    outer loop
      vertex 0 84 0
      vertex -0.783156 84.0513 3
      vertex 0 84 3
    endloop
  endfacet
  facet normal 0.0653641 0.997861 0
    outer loop
      vertex -0.783156 84.0513 3
      vertex 0 84 0
      vertex -0.783156 84.0513 0
    endloop
  endfacet
  facet normal -0.831483 0.55555 0
    outer loop
      vertex 4.76012 86.3474 0
      vertex 5.19615 87 3
      vertex 5.19615 87 0
    endloop
  endfacet
  facet normal -0.831483 0.55555 0
    outer loop
      vertex 5.19615 87 3
      vertex 4.76012 86.3474 0
      vertex 4.76012 86.3474 3
    endloop
  endfacet
  facet normal 0.442263 -0.896885 0
    outer loop
      vertex -3 95.1962 0
      vertex -2.2961 95.5433 3
      vertex -3 95.1962 3
    endloop
  endfacet
  facet normal 0.442263 -0.896885 0
    outer loop
      vertex -2.2961 95.5433 3
      vertex -3 95.1962 0
      vertex -2.2961 95.5433 0
    endloop
  endfacet
  facet normal -0.89687 -0.442294 0
    outer loop
      vertex 5.54328 92.2961 0
      vertex 5.19615 93 3
      vertex 5.19615 93 0
    endloop
  endfacet
  facet normal -0.89687 -0.442294 0
    outer loop
      vertex 5.19615 93 3
      vertex 5.54328 92.2961 0
      vertex 5.54328 92.2961 3
    endloop
  endfacet
  facet normal 0.0653641 -0.997861 0
    outer loop
      vertex -0.783156 95.9487 0
      vertex 0 96 3
      vertex -0.783156 95.9487 3
    endloop
  endfacet
  facet normal 0.0653641 -0.997861 0
    outer loop
      vertex 0 96 3
      vertex -0.783156 95.9487 0
      vertex 0 96 0
    endloop
  endfacet
  facet normal 0.89687 -0.442294 0
    outer loop
      vertex -5.54328 92.2961 3
      vertex -5.19615 93 0
      vertex -5.19615 93 3
    endloop
  endfacet
  facet normal 0.89687 -0.442294 0
    outer loop
      vertex -5.19615 93 0
      vertex -5.54328 92.2961 3
      vertex -5.54328 92.2961 0
    endloop
  endfacet
  facet normal 0.946935 0.321425 0
    outer loop
      vertex -5.54328 87.7039 3
      vertex -5.79555 88.4471 0
      vertex -5.79555 88.4471 3
    endloop
  endfacet
  facet normal 0.946935 0.321425 0
    outer loop
      vertex -5.79555 88.4471 0
      vertex -5.54328 87.7039 3
      vertex -5.54328 87.7039 0
    endloop
  endfacet
  facet normal -0.751799 0.659392 0
    outer loop
      vertex 4.24264 85.7574 0
      vertex 4.76012 86.3474 3
      vertex 4.76012 86.3474 0
    endloop
  endfacet
  facet normal -0.751799 0.659392 0
    outer loop
      vertex 4.76012 86.3474 3
      vertex 4.24264 85.7574 0
      vertex 4.24264 85.7574 3
    endloop
  endfacet
  facet normal -0.321463 -0.946922 0
    outer loop
      vertex 1.55291 95.7956 0
      vertex 2.2961 95.5433 3
      vertex 1.55291 95.7956 3
    endloop
  endfacet
  facet normal -0.321463 -0.946922 -0
    outer loop
      vertex 2.2961 95.5433 3
      vertex 1.55291 95.7956 0
      vertex 2.2961 95.5433 0
    endloop
  endfacet
  facet normal 0.997859 0.0653985 0
    outer loop
      vertex -5.94867 89.2168 3
      vertex -6 90 0
      vertex -6 90 3
    endloop
  endfacet
  facet normal 0.997859 0.0653985 0
    outer loop
      vertex -6 90 0
      vertex -5.94867 89.2168 3
      vertex -5.94867 89.2168 0
    endloop
  endfacet
  facet normal 0 0 -1
    outer loop
      vertex 5.94867 89.2168 3
      vertex 5.94867 90.7832 3
      vertex 6 90 3
    endloop
  endfacet
  facet normal 0 0 -1
    outer loop
      vertex 5.79555 88.4471 3
      vertex 5.94867 90.7832 3
      vertex 5.94867 89.2168 3
    endloop
  endfacet
  facet normal 0 0 -1
    outer loop
      vertex 5.79555 88.4471 3
      vertex 5.79555 91.5529 3
      vertex 5.94867 90.7832 3
    endloop
  endfacet
  facet normal 0 0 -1
    outer loop
      vertex 5.54328 87.7039 3
      vertex 5.79555 91.5529 3
      vertex 5.79555 88.4471 3
    endloop
  endfacet
  facet normal 0 0 -1
    outer loop
      vertex 5.54328 87.7039 3
      vertex 5.54328 92.2961 3
      vertex 5.79555 91.5529 3
    endloop
  endfacet
  facet normal 0 0 -1
    outer loop
      vertex 5.19615 87 3
      vertex 5.54328 92.2961 3
      vertex 5.54328 87.7039 3
    endloop
  endfacet
  facet normal 0 0 -1
    outer loop
      vertex 5.19615 87 3
      vertex 5.19615 93 3
      vertex 5.54328 92.2961 3
    endloop
  endfacet
  facet normal 0 0 -1
    outer loop
      vertex 4.76012 86.3474 3
      vertex 5.19615 93 3
      vertex 5.19615 87 3
    endloop
  endfacet
  facet normal 0 0 -1
    outer loop
      vertex 4.76012 86.3474 3
      vertex 4.76012 93.6526 3
      vertex 5.19615 93 3
    endloop
  endfacet
  facet normal 0 0 -1
    outer loop
      vertex 4.24264 85.7574 3
      vertex 4.76012 93.6526 3
      vertex 4.76012 86.3474 3
    endloop
  endfacet
  facet normal 0 0 -1
    outer loop
      vertex 4.24264 85.7574 3
      vertex 4.24264 94.2426 3
      vertex 4.76012 93.6526 3
    endloop
  endfacet
  facet normal 0 0 -1
    outer loop
      vertex 3.65257 85.2399 3
      vertex 4.24264 94.2426 3
      vertex 4.24264 85.7574 3
    endloop
  endfacet
  facet normal 0 0 -1
    outer loop
      vertex 3.65257 85.2399 3
      vertex 3.65257 94.7601 3
      vertex 4.24264 94.2426 3
    endloop
  endfacet
  facet normal 0 0 -1
    outer loop
      vertex 3 84.8038 3
      vertex 3.65257 94.7601 3
      vertex 3.65257 85.2399 3
    endloop
  endfacet
  facet normal 0 0 -1
    outer loop
      vertex 3 84.8038 3
      vertex 3 95.1962 3
      vertex 3.65257 94.7601 3
    endloop
  endfacet
  facet normal 0 0 -1
    outer loop
      vertex 2.2961 84.4567 3
      vertex 3 95.1962 3
      vertex 3 84.8038 3
    endloop
  endfacet
  facet normal 0 0 -1
    outer loop
      vertex 2.2961 84.4567 3
      vertex 2.2961 95.5433 3
      vertex 3 95.1962 3
    endloop
  endfacet
  facet normal 0 0 -1
    outer loop
      vertex 1.55291 84.2044 3
      vertex 2.2961 95.5433 3
      vertex 2.2961 84.4567 3
    endloop
  endfacet
  facet normal 0 0 -1
    outer loop
      vertex 1.55291 84.2044 3
      vertex 1.55291 95.7956 3
      vertex 2.2961 95.5433 3
    endloop
  endfacet
  facet normal 0 0 -1
    outer loop
      vertex 0.783156 84.0513 3
      vertex 1.55291 95.7956 3
      vertex 1.55291 84.2044 3
    endloop
  endfacet
  facet normal 0 0 -1
    outer loop
      vertex 0.783156 84.0513 3
      vertex 0.783156 95.9487 3
      vertex 1.55291 95.7956 3
    endloop
  endfacet
  facet normal 0 0 -1
    outer loop
      vertex 0 84 3
      vertex 0.783156 95.9487 3
      vertex 0.783156 84.0513 3
    endloop
  endfacet
  facet normal 0 0 -1
    outer loop
      vertex 0 84 3
      vertex 0 96 3
      vertex 0.783156 95.9487 3
    endloop
  endfacet
  facet normal 0 0 -1
    outer loop
      vertex -0.783156 84.0513 3
      vertex 0 96 3
      vertex 0 84 3
    endloop
  endfacet
  facet normal 0 0 -1
    outer loop
      vertex -0.783156 84.0513 3
      vertex -0.783156 95.9487 3
      vertex 0 96 3
    endloop
  endfacet
  facet normal 0 0 -1
    outer loop
      vertex -1.55291 84.2044 3
      vertex -0.783156 95.9487 3
      vertex -0.783156 84.0513 3
    endloop
  endfacet
  facet normal 0 0 -1
    outer loop
      vertex -1.55291 84.2044 3
      vertex -1.55291 95.7956 3
      vertex -0.783156 95.9487 3
    endloop
  endfacet
  facet normal 0 0 -1
    outer loop
      vertex -2.2961 84.4567 3
      vertex -1.55291 95.7956 3
      vertex -1.55291 84.2044 3
    endloop
  endfacet
  facet normal 0 0 -1
    outer loop
      vertex -2.2961 84.4567 3
      vertex -2.2961 95.5433 3
      vertex -1.55291 95.7956 3
    endloop
  endfacet
  facet normal 0 0 -1
    outer loop
      vertex -3 84.8038 3
      vertex -2.2961 95.5433 3
      vertex -2.2961 84.4567 3
    endloop
  endfacet
  facet normal 0 0 -1
    outer loop
      vertex -3 84.8038 3
      vertex -3 95.1962 3
      vertex -2.2961 95.5433 3
    endloop
  endfacet
  facet normal 0 0 -1
    outer loop
      vertex -3.65257 85.2399 3
      vertex -3 95.1962 3
      vertex -3 84.8038 3
    endloop
  endfacet
  facet normal 0 0 -1
    outer loop
      vertex -3.65257 85.2399 3
      vertex -3.65257 94.7601 3
      vertex -3 95.1962 3
    endloop
  endfacet
  facet normal 0 0 -1
    outer loop
      vertex -4.24264 85.7574 3
      vertex -3.65257 94.7601 3
      vertex -3.65257 85.2399 3
    endloop
  endfacet
  facet normal 0 0 -1
    outer loop
      vertex -4.24264 85.7574 3
      vertex -4.24264 94.2426 3
      vertex -3.65257 94.7601 3
    endloop
  endfacet
  facet normal 0 0 -1
    outer loop
      vertex -4.76012 86.3474 3
      vertex -4.24264 94.2426 3
      vertex -4.24264 85.7574 3
    endloop
  endfacet
  facet normal 0 0 -1
    outer loop
      vertex -4.76012 86.3474 3
      vertex -4.76012 93.6526 3
      vertex -4.24264 94.2426 3
    endloop
  endfacet
  facet normal 0 0 -1
    outer loop
      vertex -5.19615 87 3
      vertex -4.76012 93.6526 3
      vertex -4.76012 86.3474 3
    endloop
  endfacet
  facet normal 0 0 -1
    outer loop
      vertex -5.19615 87 3
      vertex -5.19615 93 3
      vertex -4.76012 93.6526 3
    endloop
  endfacet
  facet normal 0 0 -1
    outer loop
      vertex -5.54328 87.7039 3
      vertex -5.19615 93 3
      vertex -5.19615 87 3
    endloop
  endfacet
  facet normal 0 0 -1
    outer loop
      vertex -5.54328 87.7039 3
      vertex -5.54328 92.2961 3
      vertex -5.19615 93 3
    endloop
  endfacet
  facet normal 0 0 -1
    outer loop
      vertex -5.79555 88.4471 3
      vertex -5.54328 92.2961 3
      vertex -5.54328 87.7039 3
    endloop
  endfacet
  facet normal 0 0 -1
    outer loop
      vertex -5.79555 88.4471 3
      vertex -5.79555 91.5529 3
      vertex -5.54328 92.2961 3
    endloop
  endfacet
  facet normal 0 0 -1
    outer loop
      vertex -5.94867 89.2168 3
      vertex -5.79555 91.5529 3
      vertex -5.79555 88.4471 3
    endloop
  endfacet
  facet normal 0 0 -1
    outer loop
      vertex -5.94867 89.2168 3
      vertex -5.94867 90.7832 3
      vertex -5.79555 91.5529 3
    endloop
  endfacet
  facet normal 0 -0 -1
    outer loop
      vertex -5.94867 90.7832 3
      vertex -5.94867 89.2168 3
      vertex -6 90 3
    endloop
  endfacet
  facet normal 0.195074 -0.980789 0
    outer loop
      vertex -1.55291 95.7956 0
      vertex -0.783156 95.9487 3
      vertex -1.55291 95.7956 3
    endloop
  endfacet
  facet normal 0.195074 -0.980789 0
    outer loop
      vertex -0.783156 95.9487 3
      vertex -1.55291 95.7956 0
      vertex -0.783156 95.9487 0
    endloop
  endfacet
  facet normal -0.831483 -0.55555 0
    outer loop
      vertex 5.19615 93 0
      vertex 4.76012 93.6526 3
      vertex 4.76012 93.6526 0
    endloop
  endfacet
  facet normal -0.831483 -0.55555 0
    outer loop
      vertex 4.76012 93.6526 3
      vertex 5.19615 93 0
      vertex 5.19615 93 3
    endloop
  endfacet
  facet normal -0.659362 -0.751826 0
    outer loop
      vertex 3.65257 94.7601 0
      vertex 4.24264 94.2426 3
      vertex 3.65257 94.7601 3
    endloop
  endfacet
  facet normal -0.659362 -0.751826 -0
    outer loop
      vertex 4.24264 94.2426 3
      vertex 3.65257 94.7601 0
      vertex 4.24264 94.2426 0
    endloop
  endfacet
  facet normal -0.997859 -0.0653985 0
    outer loop
      vertex 6 90 0
      vertex 5.94867 90.7832 3
      vertex 5.94867 90.7832 0
    endloop
  endfacet
  facet normal -0.997859 -0.0653985 0
    outer loop
      vertex 5.94867 90.7832 3
      vertex 6 90 0
      vertex 6 90 3
    endloop
  endfacet
  facet normal 0.442263 0.896885 -0
    outer loop
      vertex -2.2961 84.4567 0
      vertex -3 84.8038 3
      vertex -2.2961 84.4567 3
    endloop
  endfacet
  facet normal 0.442263 0.896885 0
    outer loop
      vertex -3 84.8038 3
      vertex -2.2961 84.4567 0
      vertex -3 84.8038 0
    endloop
  endfacet
  facet normal -0.555629 -0.83143 0
    outer loop
      vertex 3 95.1962 0
      vertex 3.65257 94.7601 3
      vertex 3 95.1962 3
    endloop
  endfacet
  facet normal -0.555629 -0.83143 -0
    outer loop
      vertex 3.65257 94.7601 3
      vertex 3 95.1962 0
      vertex 3.65257 94.7601 0
    endloop
  endfacet
  facet normal -0.195074 -0.980789 0
    outer loop
      vertex 0.783156 95.9487 0
      vertex 1.55291 95.7956 3
      vertex 0.783156 95.9487 3
    endloop
  endfacet
  facet normal -0.195074 -0.980789 -0
    outer loop
      vertex 1.55291 95.7956 3
      vertex 0.783156 95.9487 0
      vertex 1.55291 95.7956 0
    endloop
  endfacet
  facet normal -0.946935 -0.321425 0
    outer loop
      vertex 5.79555 91.5529 0
      vertex 5.54328 92.2961 3
      vertex 5.54328 92.2961 0
    endloop
  endfacet
  facet normal -0.946935 -0.321425 0
    outer loop
      vertex 5.54328 92.2961 3
      vertex 5.79555 91.5529 0
      vertex 5.79555 91.5529 3
    endloop
  endfacet
  facet normal 0.195074 0.980789 -0
    outer loop
      vertex -0.783156 84.0513 0
      vertex -1.55291 84.2044 3
      vertex -0.783156 84.0513 3
    endloop
  endfacet
  facet normal 0.195074 0.980789 0
    outer loop
      vertex -1.55291 84.2044 3
      vertex -0.783156 84.0513 0
      vertex -1.55291 84.2044 0
    endloop
  endfacet
  facet normal 0.659362 -0.751826 0
    outer loop
      vertex -4.24264 94.2426 0
      vertex -3.65257 94.7601 3
      vertex -4.24264 94.2426 3
    endloop
  endfacet
  facet normal 0.659362 -0.751826 0
    outer loop
      vertex -3.65257 94.7601 3
      vertex -4.24264 94.2426 0
      vertex -3.65257 94.7601 0
    endloop
  endfacet
  facet normal 0.321463 -0.946922 0
    outer loop
      vertex -2.2961 95.5433 0
      vertex -1.55291 95.7956 3
      vertex -2.2961 95.5433 3
    endloop
  endfacet
  facet normal 0.321463 -0.946922 0
    outer loop
      vertex -1.55291 95.7956 3
      vertex -2.2961 95.5433 0
      vertex -1.55291 95.7956 0
    endloop
  endfacet
  facet normal 0.659362 0.751826 -0
    outer loop
      vertex -3.65257 85.2399 0
      vertex -4.24264 85.7574 3
      vertex -3.65257 85.2399 3
    endloop
  endfacet
  facet normal 0.659362 0.751826 0
    outer loop
      vertex -4.24264 85.7574 3
      vertex -3.65257 85.2399 0
      vertex -4.24264 85.7574 0
    endloop
  endfacet
  facet normal -0.442263 -0.896885 0
    outer loop
      vertex 2.2961 95.5433 0
      vertex 3 95.1962 3
      vertex 2.2961 95.5433 3
    endloop
  endfacet
  facet normal -0.442263 -0.896885 -0
    outer loop
      vertex 3 95.1962 3
      vertex 2.2961 95.5433 0
      vertex 3 95.1962 0
    endloop
  endfacet
  facet normal 0.980781 0.195111 0
    outer loop
      vertex -5.79555 88.4471 3
      vertex -5.94867 89.2168 0
      vertex -5.94867 89.2168 3
    endloop
  endfacet
  facet normal 0.980781 0.195111 0
    outer loop
      vertex -5.94867 89.2168 0
      vertex -5.79555 88.4471 3
      vertex -5.79555 88.4471 0
    endloop
  endfacet
  facet normal -0.0653641 -0.997861 0
    outer loop
      vertex 0 96 0
      vertex 0.783156 95.9487 3
      vertex 0 96 3
    endloop
  endfacet
  facet normal -0.0653641 -0.997861 -0
    outer loop
      vertex 0.783156 95.9487 3
      vertex 0 96 0
      vertex 0.783156 95.9487 0
    endloop
  endfacet
  facet normal -0.980781 -0.195111 0
    outer loop
      vertex 5.94867 90.7832 0
      vertex 5.79555 91.5529 3
      vertex 5.79555 91.5529 0
    endloop
  endfacet
  facet normal -0.980781 -0.195111 0
    outer loop
      vertex 5.79555 91.5529 3
      vertex 5.94867 90.7832 0
      vertex 5.94867 90.7832 3
    endloop
  endfacet
  facet normal 0.751799 0.659392 0
    outer loop
      vertex -4.24264 85.7574 3
      vertex -4.76012 86.3474 0
      vertex -4.76012 86.3474 3
    endloop
  endfacet
  facet normal 0.751799 0.659392 0
    outer loop
      vertex -4.76012 86.3474 0
      vertex -4.24264 85.7574 3
      vertex -4.24264 85.7574 0
    endloop
  endfacet
  facet normal 0.555629 0.83143 -0
    outer loop
      vertex -3 84.8038 0
      vertex -3.65257 85.2399 3
      vertex -3 84.8038 3
    endloop
  endfacet
  facet normal 0.555629 0.83143 0
    outer loop
      vertex -3.65257 85.2399 3
      vertex -3 84.8038 0
      vertex -3.65257 85.2399 0
    endloop
  endfacet
  facet normal -0.89687 0.442294 0
    outer loop
      vertex 5.19615 87 0
      vertex 5.54328 87.7039 3
      vertex 5.54328 87.7039 0
    endloop
  endfacet
  facet normal -0.89687 0.442294 0
    outer loop
      vertex 5.54328 87.7039 3
      vertex 5.19615 87 0
      vertex 5.19615 87 3
    endloop
  endfacet
  facet normal 0.89687 0.442294 0
    outer loop
      vertex -5.19615 87 3
      vertex -5.54328 87.7039 0
      vertex -5.54328 87.7039 3
    endloop
  endfacet
  facet normal 0.89687 0.442294 0
    outer loop
      vertex -5.54328 87.7039 0
      vertex -5.19615 87 3
      vertex -5.19615 87 0
    endloop
  endfacet
  facet normal -0.980781 0.195111 0
    outer loop
      vertex 5.79555 88.4471 0
      vertex 5.94867 89.2168 3
      vertex 5.94867 89.2168 0
    endloop
  endfacet
  facet normal -0.980781 0.195111 0
    outer loop
      vertex 5.94867 89.2168 3
      vertex 5.79555 88.4471 0
      vertex 5.79555 88.4471 3
    endloop
  endfacet
  facet normal -0.195074 0.980789 0
    outer loop
      vertex 1.55291 84.2044 0
      vertex 0.783156 84.0513 3
      vertex 1.55291 84.2044 3
    endloop
  endfacet
  facet normal -0.195074 0.980789 0
    outer loop
      vertex 0.783156 84.0513 3
      vertex 1.55291 84.2044 0
      vertex 0.783156 84.0513 0
    endloop
  endfacet
  facet normal -0.321463 0.946922 0
    outer loop
      vertex 2.2961 84.4567 0
      vertex 1.55291 84.2044 3
      vertex 2.2961 84.4567 3
    endloop
  endfacet
  facet normal -0.321463 0.946922 0
    outer loop
      vertex 1.55291 84.2044 3
      vertex 2.2961 84.4567 0
      vertex 1.55291 84.2044 0
    endloop
  endfacet
  facet normal -0.555629 0.83143 0
    outer loop
      vertex 3.65257 85.2399 0
      vertex 3 84.8038 3
      vertex 3.65257 85.2399 3
    endloop
  endfacet
  facet normal -0.555629 0.83143 0
    outer loop
      vertex 3 84.8038 3
      vertex 3.65257 85.2399 0
      vertex 3 84.8038 0
    endloop
  endfacet
  facet normal 0.946935 -0.321425 0
    outer loop
      vertex -5.79555 91.5529 3
      vertex -5.54328 92.2961 0
      vertex -5.54328 92.2961 3
    endloop
  endfacet
  facet normal 0.946935 -0.321425 0
    outer loop
      vertex -5.54328 92.2961 0
      vertex -5.79555 91.5529 3
      vertex -5.79555 91.5529 0
    endloop
  endfacet
  facet normal 0.980781 -0.195111 0
    outer loop
      vertex -5.94867 90.7832 3
      vertex -5.79555 91.5529 0
      vertex -5.79555 91.5529 3
    endloop
  endfacet
  facet normal 0.980781 -0.195111 0
    outer loop
      vertex -5.79555 91.5529 0
      vertex -5.94867 90.7832 3
      vertex -5.94867 90.7832 0
    endloop
  endfacet
  facet normal -0.659362 0.751826 0
    outer loop
      vertex 4.24264 85.7574 0
      vertex 3.65257 85.2399 3
      vertex 4.24264 85.7574 3
    endloop
  endfacet
  facet normal -0.659362 0.751826 0
    outer loop
      vertex 3.65257 85.2399 3
      vertex 4.24264 85.7574 0
      vertex 3.65257 85.2399 0
    endloop
  endfacet
  facet normal -0.751799 -0.659392 0
    outer loop
      vertex 4.76012 93.6526 0
      vertex 4.24264 94.2426 3
      vertex 4.24264 94.2426 0
    endloop
  endfacet
  facet normal -0.751799 -0.659392 0
    outer loop
      vertex 4.24264 94.2426 3
      vertex 4.76012 93.6526 0
      vertex 4.76012 93.6526 3
    endloop
  endfacet
  facet normal -0.997859 0.0653985 0
    outer loop
      vertex 5.94867 89.2168 0
      vertex 6 90 3
      vertex 6 90 0
    endloop
  endfacet
  facet normal -0.997859 0.0653985 0
    outer loop
      vertex 6 90 3
      vertex 5.94867 89.2168 0
      vertex 5.94867 89.2168 3
    endloop
  endfacet
  facet normal 0.831483 0.55555 0
    outer loop
      vertex -4.76012 86.3474 3
      vertex -5.19615 87 0
      vertex -5.19615 87 3
    endloop
  endfacet
  facet normal 0.831483 0.55555 0
    outer loop
      vertex -5.19615 87 0
      vertex -4.76012 86.3474 3
      vertex -4.76012 86.3474 0
    endloop
  endfacet
  facet normal -0.442263 0.896885 0
    outer loop
      vertex 3 84.8038 0
      vertex 2.2961 84.4567 3
      vertex 3 84.8038 3
    endloop
  endfacet
  facet normal -0.442263 0.896885 0
    outer loop
      vertex 2.2961 84.4567 3
      vertex 3 84.8038 0
      vertex 2.2961 84.4567 0
    endloop
  endfacet
  facet normal -0.946935 0.321425 0
    outer loop
      vertex 5.54328 87.7039 0
      vertex 5.79555 88.4471 3
      vertex 5.79555 88.4471 0
    endloop
  endfacet
  facet normal -0.946935 0.321425 0
    outer loop
      vertex 5.79555 88.4471 3
      vertex 5.54328 87.7039 0
      vertex 5.54328 87.7039 3
    endloop
  endfacet
  facet normal 0.321463 0.946922 -0
    outer loop
      vertex -1.55291 84.2044 0
      vertex -2.2961 84.4567 3
      vertex -1.55291 84.2044 3
    endloop
  endfacet
  facet normal 0.321463 0.946922 0
    outer loop
      vertex -2.2961 84.4567 3
      vertex -1.55291 84.2044 0
      vertex -2.2961 84.4567 0
    endloop
  endfacet
  facet normal 0.997859 -0.0653985 0
    outer loop
      vertex -6 90 3
      vertex -5.94867 90.7832 0
      vertex -5.94867 90.7832 3
    endloop
  endfacet
  facet normal 0.997859 -0.0653985 0
    outer loop
      vertex -5.94867 90.7832 0
      vertex -6 90 3
      vertex -6 90 0
    endloop
  endfacet
  facet normal 0.946922 -0.321463 0
    outer loop
      vertex -95.7956 1.55291 3
      vertex -95.5433 2.2961 0
      vertex -95.5433 2.2961 3
    endloop
  endfacet
  facet normal 0.946922 -0.321463 0
    outer loop
      vertex -95.5433 2.2961 0
      vertex -95.7956 1.55291 3
      vertex -95.7956 1.55291 0
    endloop
  endfacet
  facet normal 0.946922 0.321463 0
    outer loop
      vertex -95.5433 -2.2961 3
      vertex -95.7956 -1.55291 0
      vertex -95.7956 -1.55291 3
    endloop
  endfacet
  facet normal 0.946922 0.321463 0
    outer loop
      vertex -95.7956 -1.55291 0
      vertex -95.5433 -2.2961 3
      vertex -95.5433 -2.2961 0
    endloop
  endfacet
  facet normal -0.980789 -0.195074 0
    outer loop
      vertex -84.0513 0.783156 0
      vertex -84.2044 1.55291 3
      vertex -84.2044 1.55291 0
    endloop
  endfacet
  facet normal -0.980789 -0.195074 0
    outer loop
      vertex -84.2044 1.55291 3
      vertex -84.0513 0.783156 0
      vertex -84.0513 0.783156 3
    endloop
  endfacet
  facet normal 0.997861 -0.0653641 0
    outer loop
      vertex -96 0 3
      vertex -95.9487 0.783156 0
      vertex -95.9487 0.783156 3
    endloop
  endfacet
  facet normal 0.997861 -0.0653641 0
    outer loop
      vertex -95.9487 0.783156 0
      vertex -96 0 3
      vertex -96 0 0
    endloop
  endfacet
  facet normal -0.659392 0.751799 0
    outer loop
      vertex -85.7574 -4.24264 0
      vertex -86.3474 -4.76012 3
      vertex -85.7574 -4.24264 3
    endloop
  endfacet
  facet normal -0.659392 0.751799 0
    outer loop
      vertex -86.3474 -4.76012 3
      vertex -85.7574 -4.24264 0
      vertex -86.3474 -4.76012 0
    endloop
  endfacet
  facet normal 0.442294 -0.89687 0
    outer loop
      vertex -93 5.19615 0
      vertex -92.2961 5.54328 3
      vertex -93 5.19615 3
    endloop
  endfacet
  facet normal 0.442294 -0.89687 0
    outer loop
      vertex -92.2961 5.54328 3
      vertex -93 5.19615 0
      vertex -92.2961 5.54328 0
    endloop
  endfacet
  facet normal 0.997861 0.0653641 0
    outer loop
      vertex -95.9487 -0.783156 3
      vertex -96 0 0
      vertex -96 0 3
    endloop
  endfacet
  facet normal 0.997861 0.0653641 0
    outer loop
      vertex -96 0 0
      vertex -95.9487 -0.783156 3
      vertex -95.9487 -0.783156 0
    endloop
  endfacet
  facet normal 0.896885 0.442263 0
    outer loop
      vertex -95.1962 -3 3
      vertex -95.5433 -2.2961 0
      vertex -95.5433 -2.2961 3
    endloop
  endfacet
  facet normal 0.896885 0.442263 0
    outer loop
      vertex -95.5433 -2.2961 0
      vertex -95.1962 -3 3
      vertex -95.1962 -3 0
    endloop
  endfacet
  facet normal -0.659392 -0.751799 0
    outer loop
      vertex -86.3474 4.76012 0
      vertex -85.7574 4.24264 3
      vertex -86.3474 4.76012 3
    endloop
  endfacet
  facet normal -0.659392 -0.751799 -0
    outer loop
      vertex -85.7574 4.24264 3
      vertex -86.3474 4.76012 0
      vertex -85.7574 4.24264 0
    endloop
  endfacet
  facet normal 0.83143 -0.555629 0
    outer loop
      vertex -95.1962 3 3
      vertex -94.7601 3.65257 0
      vertex -94.7601 3.65257 3
    endloop
  endfacet
  facet normal 0.83143 -0.555629 0
    outer loop
      vertex -94.7601 3.65257 0
      vertex -95.1962 3 3
      vertex -95.1962 3 0
    endloop
  endfacet
  facet normal -0.0653985 0.997859 0
    outer loop
      vertex -89.2168 -5.94867 0
      vertex -90 -6 3
      vertex -89.2168 -5.94867 3
    endloop
  endfacet
  facet normal -0.0653985 0.997859 0
    outer loop
      vertex -90 -6 3
      vertex -89.2168 -5.94867 0
      vertex -90 -6 0
    endloop
  endfacet
  facet normal 0.55555 0.831483 -0
    outer loop
      vertex -93 -5.19615 0
      vertex -93.6526 -4.76012 3
      vertex -93 -5.19615 3
    endloop
  endfacet
  facet normal 0.55555 0.831483 0
    outer loop
      vertex -93.6526 -4.76012 3
      vertex -93 -5.19615 0
      vertex -93.6526 -4.76012 0
    endloop
  endfacet
  facet normal -0.980789 0.195074 0
    outer loop
      vertex -84.2044 -1.55291 0
      vertex -84.0513 -0.783156 3
      vertex -84.0513 -0.783156 0
    endloop
  endfacet
  facet normal -0.980789 0.195074 0
    outer loop
      vertex -84.0513 -0.783156 3
      vertex -84.2044 -1.55291 0
      vertex -84.2044 -1.55291 3
    endloop
  endfacet
  facet normal -0.321425 -0.946935 0
    outer loop
      vertex -88.4471 5.79555 0
      vertex -87.7039 5.54328 3
      vertex -88.4471 5.79555 3
    endloop
  endfacet
  facet normal -0.321425 -0.946935 -0
    outer loop
      vertex -87.7039 5.54328 3
      vertex -88.4471 5.79555 0
      vertex -87.7039 5.54328 0
    endloop
  endfacet
  facet normal -0.55555 0.831483 0
    outer loop
      vertex -86.3474 -4.76012 0
      vertex -87 -5.19615 3
      vertex -86.3474 -4.76012 3
    endloop
  endfacet
  facet normal -0.55555 0.831483 0
    outer loop
      vertex -87 -5.19615 3
      vertex -86.3474 -4.76012 0
      vertex -87 -5.19615 0
    endloop
  endfacet
  facet normal 0.83143 0.555629 0
    outer loop
      vertex -94.7601 -3.65257 3
      vertex -95.1962 -3 0
      vertex -95.1962 -3 3
    endloop
  endfacet
  facet normal 0.83143 0.555629 0
    outer loop
      vertex -95.1962 -3 0
      vertex -94.7601 -3.65257 3
      vertex -94.7601 -3.65257 0
    endloop
  endfacet
  facet normal 0.751826 -0.659362 0
    outer loop
      vertex -94.7601 3.65257 3
      vertex -94.2426 4.24264 0
      vertex -94.2426 4.24264 3
    endloop
  endfacet
  facet normal 0.751826 -0.659362 0
    outer loop
      vertex -94.2426 4.24264 0
      vertex -94.7601 3.65257 3
      vertex -94.7601 3.65257 0
    endloop
  endfacet
  facet normal -0.751826 -0.659362 0
    outer loop
      vertex -85.2399 3.65257 0
      vertex -85.7574 4.24264 3
      vertex -85.7574 4.24264 0
    endloop
  endfacet
  facet normal -0.751826 -0.659362 0
    outer loop
      vertex -85.7574 4.24264 3
      vertex -85.2399 3.65257 0
      vertex -85.2399 3.65257 3
    endloop
  endfacet
  facet normal 0.442294 0.89687 -0
    outer loop
      vertex -92.2961 -5.54328 0
      vertex -93 -5.19615 3
      vertex -92.2961 -5.54328 3
    endloop
  endfacet
  facet normal 0.442294 0.89687 0
    outer loop
      vertex -93 -5.19615 3
      vertex -92.2961 -5.54328 0
      vertex -93 -5.19615 0
    endloop
  endfacet
  facet normal -0.997861 -0.0653641 0
    outer loop
      vertex -84 0 0
      vertex -84.0513 0.783156 3
      vertex -84.0513 0.783156 0
    endloop
  endfacet
  facet normal -0.997861 -0.0653641 0
    outer loop
      vertex -84.0513 0.783156 3
      vertex -84 0 0
      vertex -84 0 3
    endloop
  endfacet
  facet normal 0.751826 0.659362 0
    outer loop
      vertex -94.2426 -4.24264 3
      vertex -94.7601 -3.65257 0
      vertex -94.7601 -3.65257 3
    endloop
  endfacet
  facet normal 0.751826 0.659362 0
    outer loop
      vertex -94.7601 -3.65257 0
      vertex -94.2426 -4.24264 3
      vertex -94.2426 -4.24264 0
    endloop
  endfacet
  facet normal -0.0653985 -0.997859 0
    outer loop
      vertex -90 6 0
      vertex -89.2168 5.94867 3
      vertex -90 6 3
    endloop
  endfacet
  facet normal -0.0653985 -0.997859 -0
    outer loop
      vertex -89.2168 5.94867 3
      vertex -90 6 0
      vertex -89.2168 5.94867 0
    endloop
  endfacet
  facet normal -0.751826 0.659362 0
    outer loop
      vertex -85.7574 -4.24264 0
      vertex -85.2399 -3.65257 3
      vertex -85.2399 -3.65257 0
    endloop
  endfacet
  facet normal -0.751826 0.659362 0
    outer loop
      vertex -85.2399 -3.65257 3
      vertex -85.7574 -4.24264 0
      vertex -85.7574 -4.24264 3
    endloop
  endfacet
  facet normal 0.659392 0.751799 -0
    outer loop
      vertex -93.6526 -4.76012 0
      vertex -94.2426 -4.24264 3
      vertex -93.6526 -4.76012 3
    endloop
  endfacet
  facet normal 0.659392 0.751799 0
    outer loop
      vertex -94.2426 -4.24264 3
      vertex -93.6526 -4.76012 0
      vertex -94.2426 -4.24264 0
    endloop
  endfacet
  facet normal 0.980789 -0.195074 0
    outer loop
      vertex -95.9487 0.783156 3
      vertex -95.7956 1.55291 0
      vertex -95.7956 1.55291 3
    endloop
  endfacet
  facet normal 0.980789 -0.195074 0
    outer loop
      vertex -95.7956 1.55291 0
      vertex -95.9487 0.783156 3
      vertex -95.9487 0.783156 0
    endloop
  endfacet
  facet normal -0.83143 -0.555629 0
    outer loop
      vertex -84.8038 3 0
      vertex -85.2399 3.65257 3
      vertex -85.2399 3.65257 0
    endloop
  endfacet
  facet normal -0.83143 -0.555629 0
    outer loop
      vertex -85.2399 3.65257 3
      vertex -84.8038 3 0
      vertex -84.8038 3 3
    endloop
  endfacet
  facet normal 0.980789 0.195074 0
    outer loop
      vertex -95.7956 -1.55291 3
      vertex -95.9487 -0.783156 0
      vertex -95.9487 -0.783156 3
    endloop
  endfacet
  facet normal 0.980789 0.195074 0
    outer loop
      vertex -95.9487 -0.783156 0
      vertex -95.7956 -1.55291 3
      vertex -95.7956 -1.55291 0
    endloop
  endfacet
  facet normal -0.442294 0.89687 0
    outer loop
      vertex -87 -5.19615 0
      vertex -87.7039 -5.54328 3
      vertex -87 -5.19615 3
    endloop
  endfacet
  facet normal -0.442294 0.89687 0
    outer loop
      vertex -87.7039 -5.54328 3
      vertex -87 -5.19615 0
      vertex -87.7039 -5.54328 0
    endloop
  endfacet
  facet normal 0.55555 -0.831483 0
    outer loop
      vertex -93.6526 4.76012 0
      vertex -93 5.19615 3
      vertex -93.6526 4.76012 3
    endloop
  endfacet
  facet normal 0.55555 -0.831483 0
    outer loop
      vertex -93 5.19615 3
      vertex -93.6526 4.76012 0
      vertex -93 5.19615 0
    endloop
  endfacet
  facet normal 0.896885 -0.442263 0
    outer loop
      vertex -95.5433 2.2961 3
      vertex -95.1962 3 0
      vertex -95.1962 3 3
    endloop
  endfacet
  facet normal 0.896885 -0.442263 0
    outer loop
      vertex -95.1962 3 0
      vertex -95.5433 2.2961 3
      vertex -95.5433 2.2961 0
    endloop
  endfacet
  facet normal 0.195111 -0.980781 0
    outer loop
      vertex -91.5529 5.79555 0
      vertex -90.7832 5.94867 3
      vertex -91.5529 5.79555 3
    endloop
  endfacet
  facet normal 0.195111 -0.980781 0
    outer loop
      vertex -90.7832 5.94867 3
      vertex -91.5529 5.79555 0
      vertex -90.7832 5.94867 0
    endloop
  endfacet
  facet normal -0.896885 0.442263 0
    outer loop
      vertex -84.8038 -3 0
      vertex -84.4567 -2.2961 3
      vertex -84.4567 -2.2961 0
    endloop
  endfacet
  facet normal -0.896885 0.442263 0
    outer loop
      vertex -84.4567 -2.2961 3
      vertex -84.8038 -3 0
      vertex -84.8038 -3 3
    endloop
  endfacet
  facet normal 0.659392 -0.751799 0
    outer loop
      vertex -94.2426 4.24264 0
      vertex -93.6526 4.76012 3
      vertex -94.2426 4.24264 3
    endloop
  endfacet
  facet normal 0.659392 -0.751799 0
    outer loop
      vertex -93.6526 4.76012 3
      vertex -94.2426 4.24264 0
      vertex -93.6526 4.76012 0
    endloop
  endfacet
  facet normal -0.195111 -0.980781 0
    outer loop
      vertex -89.2168 5.94867 0
      vertex -88.4471 5.79555 3
      vertex -89.2168 5.94867 3
    endloop
  endfacet
  facet normal -0.195111 -0.980781 -0
    outer loop
      vertex -88.4471 5.79555 3
      vertex -89.2168 5.94867 0
      vertex -88.4471 5.79555 0
    endloop
  endfacet
  facet normal 0.0653985 -0.997859 0
    outer loop
      vertex -90.7832 5.94867 0
      vertex -90 6 3
      vertex -90.7832 5.94867 3
    endloop
  endfacet
  facet normal 0.0653985 -0.997859 0
    outer loop
      vertex -90 6 3
      vertex -90.7832 5.94867 0
      vertex -90 6 0
    endloop
  endfacet
  facet normal 0.195111 0.980781 -0
    outer loop
      vertex -90.7832 -5.94867 0
      vertex -91.5529 -5.79555 3
      vertex -90.7832 -5.94867 3
    endloop
  endfacet
  facet normal 0.195111 0.980781 0
    outer loop
      vertex -91.5529 -5.79555 3
      vertex -90.7832 -5.94867 0
      vertex -91.5529 -5.79555 0
    endloop
  endfacet
  facet normal 0.321425 -0.946935 0
    outer loop
      vertex -92.2961 5.54328 0
      vertex -91.5529 5.79555 3
      vertex -92.2961 5.54328 3
    endloop
  endfacet
  facet normal 0.321425 -0.946935 0
    outer loop
      vertex -91.5529 5.79555 3
      vertex -92.2961 5.54328 0
      vertex -91.5529 5.79555 0
    endloop
  endfacet
  facet normal -0.442294 -0.89687 0
    outer loop
      vertex -87.7039 5.54328 0
      vertex -87 5.19615 3
      vertex -87.7039 5.54328 3
    endloop
  endfacet
  facet normal -0.442294 -0.89687 -0
    outer loop
      vertex -87 5.19615 3
      vertex -87.7039 5.54328 0
      vertex -87 5.19615 0
    endloop
  endfacet
  facet normal 0.321425 0.946935 -0
    outer loop
      vertex -91.5529 -5.79555 0
      vertex -92.2961 -5.54328 3
      vertex -91.5529 -5.79555 3
    endloop
  endfacet
  facet normal 0.321425 0.946935 0
    outer loop
      vertex -92.2961 -5.54328 3
      vertex -91.5529 -5.79555 0
      vertex -92.2961 -5.54328 0
    endloop
  endfacet
  facet normal -0.896885 -0.442263 0
    outer loop
      vertex -84.4567 2.2961 0
      vertex -84.8038 3 3
      vertex -84.8038 3 0
    endloop
  endfacet
  facet normal -0.896885 -0.442263 0
    outer loop
      vertex -84.8038 3 3
      vertex -84.4567 2.2961 0
      vertex -84.4567 2.2961 3
    endloop
  endfacet
  facet normal 0.0653985 0.997859 -0
    outer loop
      vertex -90 -6 0
      vertex -90.7832 -5.94867 3
      vertex -90 -6 3
    endloop
  endfacet
  facet normal 0.0653985 0.997859 0
    outer loop
      vertex -90.7832 -5.94867 3
      vertex -90 -6 0
      vertex -90.7832 -5.94867 0
    endloop
  endfacet
  facet normal -0.195111 0.980781 0
    outer loop
      vertex -88.4471 -5.79555 0
      vertex -89.2168 -5.94867 3
      vertex -88.4471 -5.79555 3
    endloop
  endfacet
  facet normal -0.195111 0.980781 0
    outer loop
      vertex -89.2168 -5.94867 3
      vertex -88.4471 -5.79555 0
      vertex -89.2168 -5.94867 0
    endloop
  endfacet
  facet normal -0.321425 0.946935 0
    outer loop
      vertex -87.7039 -5.54328 0
      vertex -88.4471 -5.79555 3
      vertex -87.7039 -5.54328 3
    endloop
  endfacet
  facet normal -0.321425 0.946935 0
    outer loop
      vertex -88.4471 -5.79555 3
      vertex -87.7039 -5.54328 0
      vertex -88.4471 -5.79555 0
    endloop
  endfacet
  facet normal -0.997861 0.0653641 0
    outer loop
      vertex -84.0513 -0.783156 0
      vertex -84 0 3
      vertex -84 0 0
    endloop
  endfacet
  facet normal -0.997861 0.0653641 0
    outer loop
      vertex -84 0 3
      vertex -84.0513 -0.783156 0
      vertex -84.0513 -0.783156 3
    endloop
  endfacet
  facet normal -0.55555 -0.831483 0
    outer loop
      vertex -87 5.19615 0
      vertex -86.3474 4.76012 3
      vertex -87 5.19615 3
    endloop
  endfacet
  facet normal -0.55555 -0.831483 -0
    outer loop
      vertex -86.3474 4.76012 3
      vertex -87 5.19615 0
      vertex -86.3474 4.76012 0
    endloop
  endfacet
  facet normal -0.946922 -0.321463 0
    outer loop
      vertex -84.2044 1.55291 0
      vertex -84.4567 2.2961 3
      vertex -84.4567 2.2961 0
    endloop
  endfacet
  facet normal -0.946922 -0.321463 0
    outer loop
      vertex -84.4567 2.2961 3
      vertex -84.2044 1.55291 0
      vertex -84.2044 1.55291 3
    endloop
  endfacet
  facet normal -0.83143 0.555629 0
    outer loop
      vertex -85.2399 -3.65257 0
      vertex -84.8038 -3 3
      vertex -84.8038 -3 0
    endloop
  endfacet
  facet normal -0.83143 0.555629 0
    outer loop
      vertex -84.8038 -3 3
      vertex -85.2399 -3.65257 0
      vertex -85.2399 -3.65257 3
    endloop
  endfacet
  facet normal -0.946922 0.321463 0
    outer loop
      vertex -84.4567 -2.2961 0
      vertex -84.2044 -1.55291 3
      vertex -84.2044 -1.55291 0
    endloop
  endfacet
  facet normal -0.946922 0.321463 0
    outer loop
      vertex -84.2044 -1.55291 3
      vertex -84.4567 -2.2961 0
      vertex -84.4567 -2.2961 3
    endloop
  endfacet
  facet normal 0 0 -1
    outer loop
      vertex -84.0513 -0.783156 3
      vertex -84.0513 0.783156 3
      vertex -84 0 3
    endloop
  endfacet
  facet normal 0 0 -1
    outer loop
      vertex -84.2044 -1.55291 3
      vertex -84.0513 0.783156 3
      vertex -84.0513 -0.783156 3
    endloop
  endfacet
  facet normal 0 0 -1
    outer loop
      vertex -84.2044 -1.55291 3
      vertex -84.2044 1.55291 3
      vertex -84.0513 0.783156 3
    endloop
  endfacet
  facet normal 0 0 -1
    outer loop
      vertex -84.4567 -2.2961 3
      vertex -84.2044 1.55291 3
      vertex -84.2044 -1.55291 3
    endloop
  endfacet
  facet normal 0 0 -1
    outer loop
      vertex -84.4567 -2.2961 3
      vertex -84.4567 2.2961 3
      vertex -84.2044 1.55291 3
    endloop
  endfacet
  facet normal 0 0 -1
    outer loop
      vertex -84.8038 -3 3
      vertex -84.4567 2.2961 3
      vertex -84.4567 -2.2961 3
    endloop
  endfacet
  facet normal 0 0 -1
    outer loop
      vertex -84.8038 -3 3
      vertex -84.8038 3 3
      vertex -84.4567 2.2961 3
    endloop
  endfacet
  facet normal 0 0 -1
    outer loop
      vertex -85.2399 -3.65257 3
      vertex -84.8038 3 3
      vertex -84.8038 -3 3
    endloop
  endfacet
  facet normal 0 0 -1
    outer loop
      vertex -85.2399 -3.65257 3
      vertex -85.2399 3.65257 3
      vertex -84.8038 3 3
    endloop
  endfacet
  facet normal 0 0 -1
    outer loop
      vertex -85.7574 -4.24264 3
      vertex -85.2399 3.65257 3
      vertex -85.2399 -3.65257 3
    endloop
  endfacet
  facet normal 0 0 -1
    outer loop
      vertex -85.7574 -4.24264 3
      vertex -85.7574 4.24264 3
      vertex -85.2399 3.65257 3
    endloop
  endfacet
  facet normal 0 0 -1
    outer loop
      vertex -86.3474 -4.76012 3
      vertex -85.7574 4.24264 3
      vertex -85.7574 -4.24264 3
    endloop
  endfacet
  facet normal 0 0 -1
    outer loop
      vertex -86.3474 -4.76012 3
      vertex -86.3474 4.76012 3
      vertex -85.7574 4.24264 3
    endloop
  endfacet
  facet normal 0 0 -1
    outer loop
      vertex -87 -5.19615 3
      vertex -86.3474 4.76012 3
      vertex -86.3474 -4.76012 3
    endloop
  endfacet
  facet normal 0 0 -1
    outer loop
      vertex -87 -5.19615 3
      vertex -87 5.19615 3
      vertex -86.3474 4.76012 3
    endloop
  endfacet
  facet normal 0 0 -1
    outer loop
      vertex -87.7039 -5.54328 3
      vertex -87 5.19615 3
      vertex -87 -5.19615 3
    endloop
  endfacet
  facet normal 0 0 -1
    outer loop
      vertex -87.7039 -5.54328 3
      vertex -87.7039 5.54328 3
      vertex -87 5.19615 3
    endloop
  endfacet
  facet normal 0 0 -1
    outer loop
      vertex -88.4471 -5.79555 3
      vertex -87.7039 5.54328 3
      vertex -87.7039 -5.54328 3
    endloop
  endfacet
  facet normal 0 0 -1
    outer loop
      vertex -88.4471 -5.79555 3
      vertex -88.4471 5.79555 3
      vertex -87.7039 5.54328 3
    endloop
  endfacet
  facet normal 0 0 -1
    outer loop
      vertex -89.2168 -5.94867 3
      vertex -88.4471 5.79555 3
      vertex -88.4471 -5.79555 3
    endloop
  endfacet
  facet normal 0 0 -1
    outer loop
      vertex -89.2168 -5.94867 3
      vertex -89.2168 5.94867 3
      vertex -88.4471 5.79555 3
    endloop
  endfacet
  facet normal 0 0 -1
    outer loop
      vertex -90 -6 3
      vertex -89.2168 5.94867 3
      vertex -89.2168 -5.94867 3
    endloop
  endfacet
  facet normal 0 0 -1
    outer loop
      vertex -90 -6 3
      vertex -90 6 3
      vertex -89.2168 5.94867 3
    endloop
  endfacet
  facet normal 0 0 -1
    outer loop
      vertex -90.7832 -5.94867 3
      vertex -90 6 3
      vertex -90 -6 3
    endloop
  endfacet
  facet normal 0 0 -1
    outer loop
      vertex -90.7832 -5.94867 3
      vertex -90.7832 5.94867 3
      vertex -90 6 3
    endloop
  endfacet
  facet normal 0 0 -1
    outer loop
      vertex -91.5529 -5.79555 3
      vertex -90.7832 5.94867 3
      vertex -90.7832 -5.94867 3
    endloop
  endfacet
  facet normal 0 0 -1
    outer loop
      vertex -91.5529 -5.79555 3
      vertex -91.5529 5.79555 3
      vertex -90.7832 5.94867 3
    endloop
  endfacet
  facet normal 0 0 -1
    outer loop
      vertex -92.2961 -5.54328 3
      vertex -91.5529 5.79555 3
      vertex -91.5529 -5.79555 3
    endloop
  endfacet
  facet normal 0 0 -1
    outer loop
      vertex -92.2961 -5.54328 3
      vertex -92.2961 5.54328 3
      vertex -91.5529 5.79555 3
    endloop
  endfacet
  facet normal 0 0 -1
    outer loop
      vertex -93 -5.19615 3
      vertex -92.2961 5.54328 3
      vertex -92.2961 -5.54328 3
    endloop
  endfacet
  facet normal 0 0 -1
    outer loop
      vertex -93 -5.19615 3
      vertex -93 5.19615 3
      vertex -92.2961 5.54328 3
    endloop
  endfacet
  facet normal 0 0 -1
    outer loop
      vertex -93.6526 -4.76012 3
      vertex -93 5.19615 3
      vertex -93 -5.19615 3
    endloop
  endfacet
  facet normal 0 0 -1
    outer loop
      vertex -93.6526 -4.76012 3
      vertex -93.6526 4.76012 3
      vertex -93 5.19615 3
    endloop
  endfacet
  facet normal 0 0 -1
    outer loop
      vertex -94.2426 -4.24264 3
      vertex -93.6526 4.76012 3
      vertex -93.6526 -4.76012 3
    endloop
  endfacet
  facet normal 0 0 -1
    outer loop
      vertex -94.2426 -4.24264 3
      vertex -94.2426 4.24264 3
      vertex -93.6526 4.76012 3
    endloop
  endfacet
  facet normal 0 0 -1
    outer loop
      vertex -94.7601 -3.65257 3
      vertex -94.2426 4.24264 3
      vertex -94.2426 -4.24264 3
    endloop
  endfacet
  facet normal 0 0 -1
    outer loop
      vertex -94.7601 -3.65257 3
      vertex -94.7601 3.65257 3
      vertex -94.2426 4.24264 3
    endloop
  endfacet
  facet normal 0 0 -1
    outer loop
      vertex -95.1962 -3 3
      vertex -94.7601 3.65257 3
      vertex -94.7601 -3.65257 3
    endloop
  endfacet
  facet normal 0 0 -1
    outer loop
      vertex -95.1962 -3 3
      vertex -95.1962 3 3
      vertex -94.7601 3.65257 3
    endloop
  endfacet
  facet normal 0 0 -1
    outer loop
      vertex -95.5433 -2.2961 3
      vertex -95.1962 3 3
      vertex -95.1962 -3 3
    endloop
  endfacet
  facet normal 0 0 -1
    outer loop
      vertex -95.5433 -2.2961 3
      vertex -95.5433 2.2961 3
      vertex -95.1962 3 3
    endloop
  endfacet
  facet normal 0 0 -1
    outer loop
      vertex -95.7956 -1.55291 3
      vertex -95.5433 2.2961 3
      vertex -95.5433 -2.2961 3
    endloop
  endfacet
  facet normal 0 0 -1
    outer loop
      vertex -95.7956 -1.55291 3
      vertex -95.7956 1.55291 3
      vertex -95.5433 2.2961 3
    endloop
  endfacet
  facet normal 0 0 -1
    outer loop
      vertex -95.9487 -0.783156 3
      vertex -95.7956 1.55291 3
      vertex -95.7956 -1.55291 3
    endloop
  endfacet
  facet normal 0 0 -1
    outer loop
      vertex -95.9487 -0.783156 3
      vertex -95.9487 0.783156 3
      vertex -95.7956 1.55291 3
    endloop
  endfacet
  facet normal 0 -0 -1
    outer loop
      vertex -95.9487 0.783156 3
      vertex -95.9487 -0.783156 3
      vertex -96 0 3
    endloop
  endfacet
  facet normal -0.321463 0.946922 0
    outer loop
      vertex 2.2961 -95.5433 0
      vertex 1.55291 -95.7956 3
      vertex 2.2961 -95.5433 3
    endloop
  endfacet
  facet normal -0.321463 0.946922 0
    outer loop
      vertex 1.55291 -95.7956 3
      vertex 2.2961 -95.5433 0
      vertex 1.55291 -95.7956 0
    endloop
  endfacet
  facet normal 0.195074 -0.980789 0
    outer loop
      vertex -1.55291 -84.2044 0
      vertex -0.783156 -84.0513 3
      vertex -1.55291 -84.2044 3
    endloop
  endfacet
  facet normal 0.195074 -0.980789 0
    outer loop
      vertex -0.783156 -84.0513 3
      vertex -1.55291 -84.2044 0
      vertex -0.783156 -84.0513 0
    endloop
  endfacet
  facet normal 0.0653641 0.997861 -0
    outer loop
      vertex 0 -96 0
      vertex -0.783156 -95.9487 3
      vertex 0 -96 3
    endloop
  endfacet
  facet normal 0.0653641 0.997861 0
    outer loop
      vertex -0.783156 -95.9487 3
      vertex 0 -96 0
      vertex -0.783156 -95.9487 0
    endloop
  endfacet
  facet normal -0.751799 -0.659392 0
    outer loop
      vertex 4.76012 -86.3474 0
      vertex 4.24264 -85.7574 3
      vertex 4.24264 -85.7574 0
    endloop
  endfacet
  facet normal -0.751799 -0.659392 0
    outer loop
      vertex 4.24264 -85.7574 3
      vertex 4.76012 -86.3474 0
      vertex 4.76012 -86.3474 3
    endloop
  endfacet
  facet normal 0.89687 0.442294 0
    outer loop
      vertex -5.19615 -93 3
      vertex -5.54328 -92.2961 0
      vertex -5.54328 -92.2961 3
    endloop
  endfacet
  facet normal 0.89687 0.442294 0
    outer loop
      vertex -5.54328 -92.2961 0
      vertex -5.19615 -93 3
      vertex -5.19615 -93 0
    endloop
  endfacet
  facet normal -0.0653641 0.997861 0
    outer loop
      vertex 0.783156 -95.9487 0
      vertex 0 -96 3
      vertex 0.783156 -95.9487 3
    endloop
  endfacet
  facet normal -0.0653641 0.997861 0
    outer loop
      vertex 0 -96 3
      vertex 0.783156 -95.9487 0
      vertex 0 -96 0
    endloop
  endfacet
  facet normal -0.442263 0.896885 0
    outer loop
      vertex 3 -95.1962 0
      vertex 2.2961 -95.5433 3
      vertex 3 -95.1962 3
    endloop
  endfacet
  facet normal -0.442263 0.896885 0
    outer loop
      vertex 2.2961 -95.5433 3
      vertex 3 -95.1962 0
      vertex 2.2961 -95.5433 0
    endloop
  endfacet
  facet normal 0.751799 -0.659392 0
    outer loop
      vertex -4.76012 -86.3474 3
      vertex -4.24264 -85.7574 0
      vertex -4.24264 -85.7574 3
    endloop
  endfacet
  facet normal 0.751799 -0.659392 0
    outer loop
      vertex -4.24264 -85.7574 0
      vertex -4.76012 -86.3474 3
      vertex -4.76012 -86.3474 0
    endloop
  endfacet
  facet normal 0.321463 0.946922 -0
    outer loop
      vertex -1.55291 -95.7956 0
      vertex -2.2961 -95.5433 3
      vertex -1.55291 -95.7956 3
    endloop
  endfacet
  facet normal 0.321463 0.946922 0
    outer loop
      vertex -2.2961 -95.5433 3
      vertex -1.55291 -95.7956 0
      vertex -2.2961 -95.5433 0
    endloop
  endfacet
  facet normal -0.659362 -0.751826 0
    outer loop
      vertex 3.65257 -85.2399 0
      vertex 4.24264 -85.7574 3
      vertex 3.65257 -85.2399 3
    endloop
  endfacet
  facet normal -0.659362 -0.751826 -0
    outer loop
      vertex 4.24264 -85.7574 3
      vertex 3.65257 -85.2399 0
      vertex 4.24264 -85.7574 0
    endloop
  endfacet
  facet normal 0.555629 0.83143 -0
    outer loop
      vertex -3 -95.1962 0
      vertex -3.65257 -94.7601 3
      vertex -3 -95.1962 3
    endloop
  endfacet
  facet normal 0.555629 0.83143 0
    outer loop
      vertex -3.65257 -94.7601 3
      vertex -3 -95.1962 0
      vertex -3.65257 -94.7601 0
    endloop
  endfacet
  facet normal -0.997859 -0.0653985 0
    outer loop
      vertex 6 -90 0
      vertex 5.94867 -89.2168 3
      vertex 5.94867 -89.2168 0
    endloop
  endfacet
  facet normal -0.997859 -0.0653985 0
    outer loop
      vertex 5.94867 -89.2168 3
      vertex 6 -90 0
      vertex 6 -90 3
    endloop
  endfacet
  facet normal -0.831483 0.55555 0
    outer loop
      vertex 4.76012 -93.6526 0
      vertex 5.19615 -93 3
      vertex 5.19615 -93 0
    endloop
  endfacet
  facet normal -0.831483 0.55555 0
    outer loop
      vertex 5.19615 -93 3
      vertex 4.76012 -93.6526 0
      vertex 4.76012 -93.6526 3
    endloop
  endfacet
  facet normal 0.946935 -0.321425 0
    outer loop
      vertex -5.79555 -88.4471 3
      vertex -5.54328 -87.7039 0
      vertex -5.54328 -87.7039 3
    endloop
  endfacet
  facet normal 0.946935 -0.321425 0
    outer loop
      vertex -5.54328 -87.7039 0
      vertex -5.79555 -88.4471 3
      vertex -5.79555 -88.4471 0
    endloop
  endfacet
  facet normal -0.89687 -0.442294 0
    outer loop
      vertex 5.54328 -87.7039 0
      vertex 5.19615 -87 3
      vertex 5.19615 -87 0
    endloop
  endfacet
  facet normal -0.89687 -0.442294 0
    outer loop
      vertex 5.19615 -87 3
      vertex 5.54328 -87.7039 0
      vertex 5.54328 -87.7039 3
    endloop
  endfacet
  facet normal -0.555629 0.83143 0
    outer loop
      vertex 3.65257 -94.7601 0
      vertex 3 -95.1962 3
      vertex 3.65257 -94.7601 3
    endloop
  endfacet
  facet normal -0.555629 0.83143 0
    outer loop
      vertex 3 -95.1962 3
      vertex 3.65257 -94.7601 0
      vertex 3 -95.1962 0
    endloop
  endfacet
  facet normal 0.946935 0.321425 0
    outer loop
      vertex -5.54328 -92.2961 3
      vertex -5.79555 -91.5529 0
      vertex -5.79555 -91.5529 3
    endloop
  endfacet
  facet normal 0.946935 0.321425 0
    outer loop
      vertex -5.79555 -91.5529 0
      vertex -5.54328 -92.2961 3
      vertex -5.54328 -92.2961 0
    endloop
  endfacet
  facet normal 0.659362 -0.751826 0
    outer loop
      vertex -4.24264 -85.7574 0
      vertex -3.65257 -85.2399 3
      vertex -4.24264 -85.7574 3
    endloop
  endfacet
  facet normal 0.659362 -0.751826 0
    outer loop
      vertex -3.65257 -85.2399 3
      vertex -4.24264 -85.7574 0
      vertex -3.65257 -85.2399 0
    endloop
  endfacet
  facet normal 0.751799 0.659392 0
    outer loop
      vertex -4.24264 -94.2426 3
      vertex -4.76012 -93.6526 0
      vertex -4.76012 -93.6526 3
    endloop
  endfacet
  facet normal 0.751799 0.659392 0
    outer loop
      vertex -4.76012 -93.6526 0
      vertex -4.24264 -94.2426 3
      vertex -4.24264 -94.2426 0
    endloop
  endfacet
  facet normal -0.831483 -0.55555 0
    outer loop
      vertex 5.19615 -87 0
      vertex 4.76012 -86.3474 3
      vertex 4.76012 -86.3474 0
    endloop
  endfacet
  facet normal -0.831483 -0.55555 0
    outer loop
      vertex 4.76012 -86.3474 3
      vertex 5.19615 -87 0
      vertex 5.19615 -87 3
    endloop
  endfacet
  facet normal -0.89687 0.442294 0
    outer loop
      vertex 5.19615 -93 0
      vertex 5.54328 -92.2961 3
      vertex 5.54328 -92.2961 0
    endloop
  endfacet
  facet normal -0.89687 0.442294 0
    outer loop
      vertex 5.54328 -92.2961 3
      vertex 5.19615 -93 0
      vertex 5.19615 -93 3
    endloop
  endfacet
  facet normal 0.0653641 -0.997861 0
    outer loop
      vertex -0.783156 -84.0513 0
      vertex 0 -84 3
      vertex -0.783156 -84.0513 3
    endloop
  endfacet
  facet normal 0.0653641 -0.997861 0
    outer loop
      vertex 0 -84 3
      vertex -0.783156 -84.0513 0
      vertex 0 -84 0
    endloop
  endfacet
  facet normal -0.659362 0.751826 0
    outer loop
      vertex 4.24264 -94.2426 0
      vertex 3.65257 -94.7601 3
      vertex 4.24264 -94.2426 3
    endloop
  endfacet
  facet normal -0.659362 0.751826 0
    outer loop
      vertex 3.65257 -94.7601 3
      vertex 4.24264 -94.2426 0
      vertex 3.65257 -94.7601 0
    endloop
  endfacet
  facet normal 0.997859 -0.0653985 0
    outer loop
      vertex -6 -90 3
      vertex -5.94867 -89.2168 0
      vertex -5.94867 -89.2168 3
    endloop
  endfacet
  facet normal 0.997859 -0.0653985 0
    outer loop
      vertex -5.94867 -89.2168 0
      vertex -6 -90 3
      vertex -6 -90 0
    endloop
  endfacet
  facet normal -0.751799 0.659392 0
    outer loop
      vertex 4.24264 -94.2426 0
      vertex 4.76012 -93.6526 3
      vertex 4.76012 -93.6526 0
    endloop
  endfacet
  facet normal -0.751799 0.659392 0
    outer loop
      vertex 4.76012 -93.6526 3
      vertex 4.24264 -94.2426 0
      vertex 4.24264 -94.2426 3
    endloop
  endfacet
  facet normal 0.195074 0.980789 -0
    outer loop
      vertex -0.783156 -95.9487 0
      vertex -1.55291 -95.7956 3
      vertex -0.783156 -95.9487 3
    endloop
  endfacet
  facet normal 0.195074 0.980789 0
    outer loop
      vertex -1.55291 -95.7956 3
      vertex -0.783156 -95.9487 0
      vertex -1.55291 -95.7956 0
    endloop
  endfacet
  facet normal 0.555629 -0.83143 0
    outer loop
      vertex -3.65257 -85.2399 0
      vertex -3 -84.8038 3
      vertex -3.65257 -85.2399 3
    endloop
  endfacet
  facet normal 0.555629 -0.83143 0
    outer loop
      vertex -3 -84.8038 3
      vertex -3.65257 -85.2399 0
      vertex -3 -84.8038 0
    endloop
  endfacet
  facet normal -0.195074 0.980789 0
    outer loop
      vertex 1.55291 -95.7956 0
      vertex 0.783156 -95.9487 3
      vertex 1.55291 -95.7956 3
    endloop
  endfacet
  facet normal -0.195074 0.980789 0
    outer loop
      vertex 0.783156 -95.9487 3
      vertex 1.55291 -95.7956 0
      vertex 0.783156 -95.9487 0
    endloop
  endfacet
  facet normal 0.831483 0.55555 0
    outer loop
      vertex -4.76012 -93.6526 3
      vertex -5.19615 -93 0
      vertex -5.19615 -93 3
    endloop
  endfacet
  facet normal 0.831483 0.55555 0
    outer loop
      vertex -5.19615 -93 0
      vertex -4.76012 -93.6526 3
      vertex -4.76012 -93.6526 0
    endloop
  endfacet
  facet normal 0.442263 0.896885 -0
    outer loop
      vertex -2.2961 -95.5433 0
      vertex -3 -95.1962 3
      vertex -2.2961 -95.5433 3
    endloop
  endfacet
  facet normal 0.442263 0.896885 0
    outer loop
      vertex -3 -95.1962 3
      vertex -2.2961 -95.5433 0
      vertex -3 -95.1962 0
    endloop
  endfacet
  facet normal 0.980781 0.195111 0
    outer loop
      vertex -5.79555 -91.5529 3
      vertex -5.94867 -90.7832 0
      vertex -5.94867 -90.7832 3
    endloop
  endfacet
  facet normal 0.980781 0.195111 0
    outer loop
      vertex -5.94867 -90.7832 0
      vertex -5.79555 -91.5529 3
      vertex -5.79555 -91.5529 0
    endloop
  endfacet
  facet normal 0.997859 0.0653985 0
    outer loop
      vertex -5.94867 -90.7832 3
      vertex -6 -90 0
      vertex -6 -90 3
    endloop
  endfacet
  facet normal 0.997859 0.0653985 0
    outer loop
      vertex -6 -90 0
      vertex -5.94867 -90.7832 3
      vertex -5.94867 -90.7832 0
    endloop
  endfacet
  facet normal 0.980781 -0.195111 0
    outer loop
      vertex -5.94867 -89.2168 3
      vertex -5.79555 -88.4471 0
      vertex -5.79555 -88.4471 3
    endloop
  endfacet
  facet normal 0.980781 -0.195111 0
    outer loop
      vertex -5.79555 -88.4471 0
      vertex -5.94867 -89.2168 3
      vertex -5.94867 -89.2168 0
    endloop
  endfacet
  facet normal -0.195074 -0.980789 0
    outer loop
      vertex 0.783156 -84.0513 0
      vertex 1.55291 -84.2044 3
      vertex 0.783156 -84.0513 3
    endloop
  endfacet
  facet normal -0.195074 -0.980789 -0
    outer loop
      vertex 1.55291 -84.2044 3
      vertex 0.783156 -84.0513 0
      vertex 1.55291 -84.2044 0
    endloop
  endfacet
  facet normal -0.980781 0.195111 0
    outer loop
      vertex 5.79555 -91.5529 0
      vertex 5.94867 -90.7832 3
      vertex 5.94867 -90.7832 0
    endloop
  endfacet
  facet normal -0.980781 0.195111 0
    outer loop
      vertex 5.94867 -90.7832 3
      vertex 5.79555 -91.5529 0
      vertex 5.79555 -91.5529 3
    endloop
  endfacet
  facet normal 0.89687 -0.442294 0
    outer loop
      vertex -5.54328 -87.7039 3
      vertex -5.19615 -87 0
      vertex -5.19615 -87 3
    endloop
  endfacet
  facet normal 0.89687 -0.442294 0
    outer loop
      vertex -5.19615 -87 0
      vertex -5.54328 -87.7039 3
      vertex -5.54328 -87.7039 0
    endloop
  endfacet
  facet normal -0.946935 0.321425 0
    outer loop
      vertex 5.54328 -92.2961 0
      vertex 5.79555 -91.5529 3
      vertex 5.79555 -91.5529 0
    endloop
  endfacet
  facet normal -0.946935 0.321425 0
    outer loop
      vertex 5.79555 -91.5529 3
      vertex 5.54328 -92.2961 0
      vertex 5.54328 -92.2961 3
    endloop
  endfacet
  facet normal -0.442263 -0.896885 0
    outer loop
      vertex 2.2961 -84.4567 0
      vertex 3 -84.8038 3
      vertex 2.2961 -84.4567 3
    endloop
  endfacet
  facet normal -0.442263 -0.896885 -0
    outer loop
      vertex 3 -84.8038 3
      vertex 2.2961 -84.4567 0
      vertex 3 -84.8038 0
    endloop
  endfacet
  facet normal 0.442263 -0.896885 0
    outer loop
      vertex -3 -84.8038 0
      vertex -2.2961 -84.4567 3
      vertex -3 -84.8038 3
    endloop
  endfacet
  facet normal 0.442263 -0.896885 0
    outer loop
      vertex -2.2961 -84.4567 3
      vertex -3 -84.8038 0
      vertex -2.2961 -84.4567 0
    endloop
  endfacet
  facet normal -0.0653641 -0.997861 0
    outer loop
      vertex 0 -84 0
      vertex 0.783156 -84.0513 3
      vertex 0 -84 3
    endloop
  endfacet
  facet normal -0.0653641 -0.997861 -0
    outer loop
      vertex 0.783156 -84.0513 3
      vertex 0 -84 0
      vertex 0.783156 -84.0513 0
    endloop
  endfacet
  facet normal -0.997859 0.0653985 0
    outer loop
      vertex 5.94867 -90.7832 0
      vertex 6 -90 3
      vertex 6 -90 0
    endloop
  endfacet
  facet normal -0.997859 0.0653985 0
    outer loop
      vertex 6 -90 3
      vertex 5.94867 -90.7832 0
      vertex 5.94867 -90.7832 3
    endloop
  endfacet
  facet normal -0.980781 -0.195111 0
    outer loop
      vertex 5.94867 -89.2168 0
      vertex 5.79555 -88.4471 3
      vertex 5.79555 -88.4471 0
    endloop
  endfacet
  facet normal -0.980781 -0.195111 0
    outer loop
      vertex 5.79555 -88.4471 3
      vertex 5.94867 -89.2168 0
      vertex 5.94867 -89.2168 3
    endloop
  endfacet
  facet normal 0.659362 0.751826 -0
    outer loop
      vertex -3.65257 -94.7601 0
      vertex -4.24264 -94.2426 3
      vertex -3.65257 -94.7601 3
    endloop
  endfacet
  facet normal 0.659362 0.751826 0
    outer loop
      vertex -4.24264 -94.2426 3
      vertex -3.65257 -94.7601 0
      vertex -4.24264 -94.2426 0
    endloop
  endfacet
  facet normal -0.946935 -0.321425 0
    outer loop
      vertex 5.79555 -88.4471 0
      vertex 5.54328 -87.7039 3
      vertex 5.54328 -87.7039 0
    endloop
  endfacet
  facet normal -0.946935 -0.321425 0
    outer loop
      vertex 5.54328 -87.7039 3
      vertex 5.79555 -88.4471 0
      vertex 5.79555 -88.4471 3
    endloop
  endfacet
  facet normal 0 0 -1
    outer loop
      vertex 5.94867 -90.7832 3
      vertex 5.94867 -89.2168 3
      vertex 6 -90 3
    endloop
  endfacet
  facet normal 0 0 -1
    outer loop
      vertex 5.79555 -91.5529 3
      vertex 5.94867 -89.2168 3
      vertex 5.94867 -90.7832 3
    endloop
  endfacet
  facet normal 0 0 -1
    outer loop
      vertex 5.79555 -91.5529 3
      vertex 5.79555 -88.4471 3
      vertex 5.94867 -89.2168 3
    endloop
  endfacet
  facet normal 0 0 -1
    outer loop
      vertex 5.54328 -92.2961 3
      vertex 5.79555 -88.4471 3
      vertex 5.79555 -91.5529 3
    endloop
  endfacet
  facet normal 0 0 -1
    outer loop
      vertex 5.54328 -92.2961 3
      vertex 5.54328 -87.7039 3
      vertex 5.79555 -88.4471 3
    endloop
  endfacet
  facet normal 0 0 -1
    outer loop
      vertex 5.19615 -93 3
      vertex 5.54328 -87.7039 3
      vertex 5.54328 -92.2961 3
    endloop
  endfacet
  facet normal 0 0 -1
    outer loop
      vertex 5.19615 -93 3
      vertex 5.19615 -87 3
      vertex 5.54328 -87.7039 3
    endloop
  endfacet
  facet normal 0 0 -1
    outer loop
      vertex 4.76012 -93.6526 3
      vertex 5.19615 -87 3
      vertex 5.19615 -93 3
    endloop
  endfacet
  facet normal 0 0 -1
    outer loop
      vertex 4.76012 -93.6526 3
      vertex 4.76012 -86.3474 3
      vertex 5.19615 -87 3
    endloop
  endfacet
  facet normal 0 0 -1
    outer loop
      vertex 4.24264 -94.2426 3
      vertex 4.76012 -86.3474 3
      vertex 4.76012 -93.6526 3
    endloop
  endfacet
  facet normal 0 0 -1
    outer loop
      vertex 4.24264 -94.2426 3
      vertex 4.24264 -85.7574 3
      vertex 4.76012 -86.3474 3
    endloop
  endfacet
  facet normal 0 0 -1
    outer loop
      vertex 3.65257 -94.7601 3
      vertex 4.24264 -85.7574 3
      vertex 4.24264 -94.2426 3
    endloop
  endfacet
  facet normal 0 0 -1
    outer loop
      vertex 3.65257 -94.7601 3
      vertex 3.65257 -85.2399 3
      vertex 4.24264 -85.7574 3
    endloop
  endfacet
  facet normal 0 0 -1
    outer loop
      vertex 3 -95.1962 3
      vertex 3.65257 -85.2399 3
      vertex 3.65257 -94.7601 3
    endloop
  endfacet
  facet normal 0 0 -1
    outer loop
      vertex 3 -95.1962 3
      vertex 3 -84.8038 3
      vertex 3.65257 -85.2399 3
    endloop
  endfacet
  facet normal 0 0 -1
    outer loop
      vertex 2.2961 -95.5433 3
      vertex 3 -84.8038 3
      vertex 3 -95.1962 3
    endloop
  endfacet
  facet normal 0 0 -1
    outer loop
      vertex 2.2961 -95.5433 3
      vertex 2.2961 -84.4567 3
      vertex 3 -84.8038 3
    endloop
  endfacet
  facet normal 0 0 -1
    outer loop
      vertex 1.55291 -95.7956 3
      vertex 2.2961 -84.4567 3
      vertex 2.2961 -95.5433 3
    endloop
  endfacet
  facet normal 0 0 -1
    outer loop
      vertex 1.55291 -95.7956 3
      vertex 1.55291 -84.2044 3
      vertex 2.2961 -84.4567 3
    endloop
  endfacet
  facet normal 0 0 -1
    outer loop
      vertex 0.783156 -95.9487 3
      vertex 1.55291 -84.2044 3
      vertex 1.55291 -95.7956 3
    endloop
  endfacet
  facet normal 0 0 -1
    outer loop
      vertex 0.783156 -95.9487 3
      vertex 0.783156 -84.0513 3
      vertex 1.55291 -84.2044 3
    endloop
  endfacet
  facet normal 0 0 -1
    outer loop
      vertex 0 -96 3
      vertex 0.783156 -84.0513 3
      vertex 0.783156 -95.9487 3
    endloop
  endfacet
  facet normal 0 0 -1
    outer loop
      vertex 0 -96 3
      vertex 0 -84 3
      vertex 0.783156 -84.0513 3
    endloop
  endfacet
  facet normal 0 0 -1
    outer loop
      vertex -0.783156 -95.9487 3
      vertex 0 -84 3
      vertex 0 -96 3
    endloop
  endfacet
  facet normal 0 0 -1
    outer loop
      vertex -0.783156 -95.9487 3
      vertex -0.783156 -84.0513 3
      vertex 0 -84 3
    endloop
  endfacet
  facet normal 0 0 -1
    outer loop
      vertex -1.55291 -95.7956 3
      vertex -0.783156 -84.0513 3
      vertex -0.783156 -95.9487 3
    endloop
  endfacet
  facet normal 0 0 -1
    outer loop
      vertex -1.55291 -95.7956 3
      vertex -1.55291 -84.2044 3
      vertex -0.783156 -84.0513 3
    endloop
  endfacet
  facet normal 0 0 -1
    outer loop
      vertex -2.2961 -95.5433 3
      vertex -1.55291 -84.2044 3
      vertex -1.55291 -95.7956 3
    endloop
  endfacet
  facet normal 0 0 -1
    outer loop
      vertex -2.2961 -95.5433 3
      vertex -2.2961 -84.4567 3
      vertex -1.55291 -84.2044 3
    endloop
  endfacet
  facet normal 0 0 -1
    outer loop
      vertex -3 -95.1962 3
      vertex -2.2961 -84.4567 3
      vertex -2.2961 -95.5433 3
    endloop
  endfacet
  facet normal 0 0 -1
    outer loop
      vertex -3 -95.1962 3
      vertex -3 -84.8038 3
      vertex -2.2961 -84.4567 3
    endloop
  endfacet
  facet normal 0 0 -1
    outer loop
      vertex -3.65257 -94.7601 3
      vertex -3 -84.8038 3
      vertex -3 -95.1962 3
    endloop
  endfacet
  facet normal 0 0 -1
    outer loop
      vertex -3.65257 -94.7601 3
      vertex -3.65257 -85.2399 3
      vertex -3 -84.8038 3
    endloop
  endfacet
  facet normal 0 0 -1
    outer loop
      vertex -4.24264 -94.2426 3
      vertex -3.65257 -85.2399 3
      vertex -3.65257 -94.7601 3
    endloop
  endfacet
  facet normal 0 0 -1
    outer loop
      vertex -4.24264 -94.2426 3
      vertex -4.24264 -85.7574 3
      vertex -3.65257 -85.2399 3
    endloop
  endfacet
  facet normal 0 0 -1
    outer loop
      vertex -4.76012 -93.6526 3
      vertex -4.24264 -85.7574 3
      vertex -4.24264 -94.2426 3
    endloop
  endfacet
  facet normal 0 0 -1
    outer loop
      vertex -4.76012 -93.6526 3
      vertex -4.76012 -86.3474 3
      vertex -4.24264 -85.7574 3
    endloop
  endfacet
  facet normal 0 0 -1
    outer loop
      vertex -5.19615 -93 3
      vertex -4.76012 -86.3474 3
      vertex -4.76012 -93.6526 3
    endloop
  endfacet
  facet normal 0 0 -1
    outer loop
      vertex -5.19615 -93 3
      vertex -5.19615 -87 3
      vertex -4.76012 -86.3474 3
    endloop
  endfacet
  facet normal 0 0 -1
    outer loop
      vertex -5.54328 -92.2961 3
      vertex -5.19615 -87 3
      vertex -5.19615 -93 3
    endloop
  endfacet
  facet normal 0 0 -1
    outer loop
      vertex -5.54328 -92.2961 3
      vertex -5.54328 -87.7039 3
      vertex -5.19615 -87 3
    endloop
  endfacet
  facet normal 0 0 -1
    outer loop
      vertex -5.79555 -91.5529 3
      vertex -5.54328 -87.7039 3
      vertex -5.54328 -92.2961 3
    endloop
  endfacet
  facet normal 0 0 -1
    outer loop
      vertex -5.79555 -91.5529 3
      vertex -5.79555 -88.4471 3
      vertex -5.54328 -87.7039 3
    endloop
  endfacet
  facet normal 0 0 -1
    outer loop
      vertex -5.94867 -90.7832 3
      vertex -5.79555 -88.4471 3
      vertex -5.79555 -91.5529 3
    endloop
  endfacet
  facet normal 0 0 -1
    outer loop
      vertex -5.94867 -90.7832 3
      vertex -5.94867 -89.2168 3
      vertex -5.79555 -88.4471 3
    endloop
  endfacet
  facet normal 0 -0 -1
    outer loop
      vertex -5.94867 -89.2168 3
      vertex -5.94867 -90.7832 3
      vertex -6 -90 3
    endloop
  endfacet
  facet normal 0.831483 -0.55555 0
    outer loop
      vertex -5.19615 -87 3
      vertex -4.76012 -86.3474 0
      vertex -4.76012 -86.3474 3
    endloop
  endfacet
  facet normal 0.831483 -0.55555 0
    outer loop
      vertex -4.76012 -86.3474 0
      vertex -5.19615 -87 3
      vertex -5.19615 -87 0
    endloop
  endfacet
  facet normal 0.321463 -0.946922 0
    outer loop
      vertex -2.2961 -84.4567 0
      vertex -1.55291 -84.2044 3
      vertex -2.2961 -84.4567 3
    endloop
  endfacet
  facet normal 0.321463 -0.946922 0
    outer loop
      vertex -1.55291 -84.2044 3
      vertex -2.2961 -84.4567 0
      vertex -1.55291 -84.2044 0
    endloop
  endfacet
  facet normal -0.555629 -0.83143 0
    outer loop
      vertex 3 -84.8038 0
      vertex 3.65257 -85.2399 3
      vertex 3 -84.8038 3
    endloop
  endfacet
  facet normal -0.555629 -0.83143 -0
    outer loop
      vertex 3.65257 -85.2399 3
      vertex 3 -84.8038 0
      vertex 3.65257 -85.2399 0
    endloop
  endfacet
  facet normal -0.321463 -0.946922 0
    outer loop
      vertex 1.55291 -84.2044 0
      vertex 2.2961 -84.4567 3
      vertex 1.55291 -84.2044 3
    endloop
  endfacet
  facet normal -0.321463 -0.946922 -0
    outer loop
      vertex 2.2961 -84.4567 3
      vertex 1.55291 -84.2044 0
      vertex 2.2961 -84.4567 0
    endloop
  endfacet
  facet normal -0.219107 -0.975701 0
    outer loop
      vertex 13.1647 66.1834 5
      vertex 16.3963 65.4577 45
      vertex 13.1647 66.1834 45
    endloop
  endfacet
  facet normal -0.219107 -0.975701 -0
    outer loop
      vertex 16.3963 65.4577 45
      vertex 13.1647 66.1834 5
      vertex 16.3963 65.4577 5
    endloop
  endfacet
  facet normal -0.997291 -0.0735513 0
    outer loop
      vertex 67.3479 4 5
      vertex 67.1551 6.6142 45
      vertex 67.1551 6.6142 5
    endloop
  endfacet
  facet normal -0.997292 -0.07354 -0
    outer loop
      vertex 67.3987 3.31109 45
      vertex 67.3479 4 5
      vertex 67.3987 3.31109 5
    endloop
  endfacet
  facet normal -0.997292 -0.0735489 -1.54646e-07
    outer loop
      vertex 67.3479 4 5
      vertex 67.3987 3.31109 45
      vertex 67.1551 6.6142 45
    endloop
  endfacet
  facet normal -0.999699 -0.0245464 0
    outer loop
      vertex 67.48 0 5
      vertex 67.3987 3.31109 45
      vertex 67.3987 3.31109 5
    endloop
  endfacet
  facet normal -0.999699 -0.0245464 0
    outer loop
      vertex 67.3987 3.31109 45
      vertex 67.48 0 5
      vertex 67.48 0 45
    endloop
  endfacet
  facet normal -0.992477 -0.12243 0
    outer loop
      vertex 67.1551 6.6142 5
      vertex 66.7496 9.90137 45
      vertex 66.7496 9.90137 5
    endloop
  endfacet
  facet normal -0.992477 -0.12243 0
    outer loop
      vertex 66.7496 9.90137 45
      vertex 67.1551 6.6142 5
      vertex 67.1551 6.6142 45
    endloop
  endfacet
  facet normal -0.0735489 0.997292 0
    outer loop
      vertex 6.6142 -67.1551 5
      vertex 3.31109 -67.3987 45
      vertex 6.6142 -67.1551 45
    endloop
  endfacet
  facet normal -0.0735489 0.997292 0
    outer loop
      vertex 3.31109 -67.3987 45
      vertex 6.6142 -67.1551 5
      vertex 3.31109 -67.3987 5
    endloop
  endfacet
  facet normal 0.0735489 -0.997292 0
    outer loop
      vertex -6.6142 67.1551 5
      vertex -3.31109 67.3987 45
      vertex -6.6142 67.1551 45
    endloop
  endfacet
  facet normal 0.0735489 -0.997292 0
    outer loop
      vertex -3.31109 67.3987 45
      vertex -6.6142 67.1551 5
      vertex -3.31109 67.3987 5
    endloop
  endfacet
  facet normal -0.78835 0.615227 0
    outer loop
      vertex 52.1627 -42.8089 5
      vertex 54.2004 -40.1978 45
      vertex 54.2004 -40.1978 5
    endloop
  endfacet
  facet normal -0.78835 0.615227 0
    outer loop
      vertex 54.2004 -40.1978 45
      vertex 52.1627 -42.8089 5
      vertex 52.1627 -42.8089 45
    endloop
  endfacet
  facet normal -0.575825 -0.817573 0
    outer loop
      vertex 37.4899 56.1076 5
      vertex 40.1978 54.2004 45
      vertex 37.4899 56.1076 45
    endloop
  endfacet
  facet normal -0.575825 -0.817573 -0
    outer loop
      vertex 40.1978 54.2004 45
      vertex 37.4899 56.1076 5
      vertex 40.1978 54.2004 5
    endloop
  endfacet
  facet normal 0.313672 0.949531 -0
    outer loop
      vertex -19.5884 -64.5743 5
      vertex -22.7333 -63.5354 45
      vertex -19.5884 -64.5743 45
    endloop
  endfacet
  facet normal 0.313672 0.949531 0
    outer loop
      vertex -22.7333 -63.5354 45
      vertex -19.5884 -64.5743 5
      vertex -22.7333 -63.5354 5
    endloop
  endfacet
  facet normal -0.975701 0.219107 0
    outer loop
      vertex 65.4577 -16.3963 5
      vertex 66.1834 -13.1647 45
      vertex 66.1834 -13.1647 5
    endloop
  endfacet
  facet normal -0.975701 0.219107 0
    outer loop
      vertex 66.1834 -13.1647 45
      vertex 65.4577 -16.3963 5
      vertex 65.4577 -16.3963 45
    endloop
  endfacet
  facet normal 0.689533 -0.724254 0
    outer loop
      vertex -47.7156 47.7156 5
      vertex -45.3168 49.9994 45
      vertex -47.7156 47.7156 45
    endloop
  endfacet
  facet normal 0.689533 -0.724254 0
    outer loop
      vertex -45.3168 49.9994 45
      vertex -47.7156 47.7156 5
      vertex -45.3168 49.9994 5
    endloop
  endfacet
  facet normal -0.997292 0.07354 0
    outer loop
      vertex 67.3479 -4 5
      vertex 67.3987 -3.31109 45
      vertex 67.3987 -3.31109 5
    endloop
  endfacet
  facet normal -0.997291 0.0735513 0
    outer loop
      vertex 67.1551 -6.6142 45
      vertex 67.3479 -4 5
      vertex 67.1551 -6.6142 5
    endloop
  endfacet
  facet normal -0.997292 0.0735489 -1.54646e-07
    outer loop
      vertex 67.3479 -4 5
      vertex 67.1551 -6.6142 45
      vertex 67.3987 -3.31109 45
    endloop
  endfacet
  facet normal -0.949531 -0.313672 0
    outer loop
      vertex 64.5743 19.5884 5
      vertex 63.5354 22.7333 45
      vertex 63.5354 22.7333 5
    endloop
  endfacet
  facet normal -0.949531 -0.313672 0
    outer loop
      vertex 63.5354 22.7333 45
      vertex 64.5743 19.5884 5
      vertex 64.5743 19.5884 45
    endloop
  endfacet
  facet normal -0.0245464 0.999699 0
    outer loop
      vertex 3.31109 -67.3987 5
      vertex 0 -67.48 45
      vertex 3.31109 -67.3987 45
    endloop
  endfacet
  facet normal -0.0245464 0.999699 0
    outer loop
      vertex 0 -67.48 45
      vertex 3.31109 -67.3987 5
      vertex 0 -67.48 5
    endloop
  endfacet
  facet normal -0.893222 0.449615 0
    outer loop
      vertex 59.512 -31.8099 5
      vertex 61.0012 -28.8514 45
      vertex 61.0012 -28.8514 5
    endloop
  endfacet
  facet normal -0.893222 0.449615 0
    outer loop
      vertex 61.0012 -28.8514 45
      vertex 59.512 -31.8099 5
      vertex 59.512 -31.8099 45
    endloop
  endfacet
  facet normal -0.653168 -0.757213 0
    outer loop
      vertex 42.8089 52.1627 5
      vertex 45.3168 49.9994 45
      vertex 42.8089 52.1627 45
    endloop
  endfacet
  facet normal -0.653168 -0.757213 -0
    outer loop
      vertex 45.3168 49.9994 45
      vertex 42.8089 52.1627 5
      vertex 45.3168 49.9994 5
    endloop
  endfacet
  facet normal 0.914207 -0.405247 0
    outer loop
      vertex -62.3434 25.8235 45
      vertex -61.0012 28.8514 5
      vertex -61.0012 28.8514 45
    endloop
  endfacet
  facet normal 0.914207 -0.405247 0
    outer loop
      vertex -61.0012 28.8514 5
      vertex -62.3434 25.8235 45
      vertex -62.3434 25.8235 5
    endloop
  endfacet
  facet normal -0.932995 0.359889 0
    outer loop
      vertex 62.3434 -25.8235 5
      vertex 63.5354 -22.7333 45
      vertex 63.5354 -22.7333 5
    endloop
  endfacet
  facet normal -0.932995 0.359889 0
    outer loop
      vertex 63.5354 -22.7333 45
      vertex 62.3434 -25.8235 5
      vertex 62.3434 -25.8235 45
    endloop
  endfacet
  facet normal -0.87009 -0.492894 0
    outer loop
      vertex 59.512 31.8099 5
      vertex 57.8795 34.6917 45
      vertex 57.8795 34.6917 5
    endloop
  endfacet
  facet normal -0.87009 -0.492894 0
    outer loop
      vertex 57.8795 34.6917 45
      vertex 59.512 31.8099 5
      vertex 59.512 31.8099 45
    endloop
  endfacet
  facet normal 0.653168 -0.757213 0
    outer loop
      vertex -45.3168 49.9994 5
      vertex -42.8089 52.1627 45
      vertex -45.3168 49.9994 45
    endloop
  endfacet
  facet normal 0.653168 -0.757213 0
    outer loop
      vertex -42.8089 52.1627 45
      vertex -45.3168 49.9994 5
      vertex -42.8089 52.1627 5
    endloop
  endfacet
  facet normal -0.817573 0.575825 0
    outer loop
      vertex 54.2004 -40.1978 5
      vertex 56.1076 -37.4899 45
      vertex 56.1076 -37.4899 5
    endloop
  endfacet
  facet normal -0.817573 0.575825 0
    outer loop
      vertex 56.1076 -37.4899 45
      vertex 54.2004 -40.1978 5
      vertex 54.2004 -40.1978 45
    endloop
  endfacet
  facet normal -0.492894 -0.87009 0
    outer loop
      vertex 31.8099 59.512 5
      vertex 34.6917 57.8795 45
      vertex 31.8099 59.512 45
    endloop
  endfacet
  facet normal -0.492894 -0.87009 -0
    outer loop
      vertex 34.6917 57.8795 45
      vertex 31.8099 59.512 5
      vertex 34.6917 57.8795 5
    endloop
  endfacet
  facet normal 0.992477 -0.12243 0
    outer loop
      vertex -67.1551 6.6142 45
      vertex -66.7496 9.90137 5
      vertex -66.7496 9.90137 45
    endloop
  endfacet
  facet normal 0.992477 -0.12243 0
    outer loop
      vertex -66.7496 9.90137 5
      vertex -67.1551 6.6142 45
      vertex -67.1551 6.6142 5
    endloop
  endfacet
  facet normal -0.653168 0.757213 0
    outer loop
      vertex 45.3168 -49.9994 5
      vertex 42.8089 -52.1627 45
      vertex 45.3168 -49.9994 45
    endloop
  endfacet
  facet normal -0.653168 0.757213 0
    outer loop
      vertex 42.8089 -52.1627 45
      vertex 45.3168 -49.9994 5
      vertex 42.8089 -52.1627 5
    endloop
  endfacet
  facet normal -0.844859 -0.534989 0
    outer loop
      vertex 57.8795 34.6917 5
      vertex 56.1076 37.4899 45
      vertex 56.1076 37.4899 5
    endloop
  endfacet
  facet normal -0.844859 -0.534989 0
    outer loop
      vertex 56.1076 37.4899 45
      vertex 57.8795 34.6917 5
      vertex 57.8795 34.6917 45
    endloop
  endfacet
  facet normal -0.893222 -0.449615 0
    outer loop
      vertex 61.0012 28.8514 5
      vertex 59.512 31.8099 45
      vertex 59.512 31.8099 5
    endloop
  endfacet
  facet normal -0.893222 -0.449615 0
    outer loop
      vertex 59.512 31.8099 45
      vertex 61.0012 28.8514 5
      vertex 61.0012 28.8514 45
    endloop
  endfacet
  facet normal 0.17095 -0.98528 0
    outer loop
      vertex -13.1647 66.1834 5
      vertex -9.90137 66.7496 45
      vertex -13.1647 66.1834 45
    endloop
  endfacet
  facet normal 0.17095 -0.98528 0
    outer loop
      vertex -9.90137 66.7496 45
      vertex -13.1647 66.1834 5
      vertex -9.90137 66.7496 5
    endloop
  endfacet
  facet normal -0.219107 0.975701 0
    outer loop
      vertex 16.3963 -65.4577 5
      vertex 13.1647 -66.1834 45
      vertex 16.3963 -65.4577 45
    endloop
  endfacet
  facet normal -0.219107 0.975701 0
    outer loop
      vertex 13.1647 -66.1834 45
      vertex 16.3963 -65.4577 5
      vertex 13.1647 -66.1834 5
    endloop
  endfacet
  facet normal 0.219107 -0.975701 0
    outer loop
      vertex -16.3963 65.4577 5
      vertex -13.1647 66.1834 45
      vertex -16.3963 65.4577 45
    endloop
  endfacet
  facet normal 0.219107 -0.975701 0
    outer loop
      vertex -13.1647 66.1834 45
      vertex -16.3963 65.4577 5
      vertex -13.1647 66.1834 5
    endloop
  endfacet
  facet normal 0.12243 0.992477 -0
    outer loop
      vertex -6.6142 -67.1551 5
      vertex -9.90137 -66.7496 45
      vertex -6.6142 -67.1551 45
    endloop
  endfacet
  facet normal 0.12243 0.992477 0
    outer loop
      vertex -9.90137 -66.7496 45
      vertex -6.6142 -67.1551 5
      vertex -9.90137 -66.7496 5
    endloop
  endfacet
  facet normal -0.615227 0.78835 0
    outer loop
      vertex 42.8089 -52.1627 5
      vertex 40.1978 -54.2004 45
      vertex 42.8089 -52.1627 45
    endloop
  endfacet
  facet normal -0.615227 0.78835 0
    outer loop
      vertex 40.1978 -54.2004 45
      vertex 42.8089 -52.1627 5
      vertex 40.1978 -54.2004 5
    endloop
  endfacet
  facet normal -0.963774 0.26672 0
    outer loop
      vertex 64.5743 -19.5884 5
      vertex 65.4577 -16.3963 45
      vertex 65.4577 -16.3963 5
    endloop
  endfacet
  facet normal -0.963774 0.26672 0
    outer loop
      vertex 65.4577 -16.3963 45
      vertex 64.5743 -19.5884 5
      vertex 64.5743 -19.5884 45
    endloop
  endfacet
  facet normal 0 0 1
    outer loop
      vertex 29.7249 4 5
      vertex 67.1551 6.6142 5
      vertex 66.7496 9.90137 5
    endloop
  endfacet
  facet normal 0 0 1
    outer loop
      vertex 29.6753 4.40191 5
      vertex 66.7496 9.90137 5
      vertex 66.1834 13.1647 5
    endloop
  endfacet
  facet normal 0 0 1
    outer loop
      vertex 29.4236 5.85271 5
      vertex 66.1834 13.1647 5
      vertex 65.4577 16.3963 5
    endloop
  endfacet
  facet normal 0 0 1
    outer loop
      vertex 29.1009 7.2894 5
      vertex 65.4577 16.3963 5
      vertex 64.5743 19.5884 5
    endloop
  endfacet
  facet normal 0 0 1
    outer loop
      vertex 28.7082 8.70854 5
      vertex 64.5743 19.5884 5
      vertex 63.5354 22.7333 5
    endloop
  endfacet
  facet normal 0 0 1
    outer loop
      vertex 28.2463 10.1067 5
      vertex 63.5354 22.7333 5
      vertex 62.3434 25.8235 5
    endloop
  endfacet
  facet normal 0 0 1
    outer loop
      vertex 27.7164 11.4805 5
      vertex 62.3434 25.8235 5
      vertex 61.0012 28.8514 5
    endloop
  endfacet
  facet normal 0 0 1
    outer loop
      vertex 27.1197 12.8267 5
      vertex 61.0012 28.8514 5
      vertex 59.512 31.8099 5
    endloop
  endfacet
  facet normal 0 0 1
    outer loop
      vertex 26.4576 14.1419 5
      vertex 59.512 31.8099 5
      vertex 57.8795 34.6917 5
    endloop
  endfacet
  facet normal 0 0 1
    outer loop
      vertex 25.7319 15.4231 5
      vertex 57.8795 34.6917 5
      vertex 56.1076 37.4899 5
    endloop
  endfacet
  facet normal 0 0 1
    outer loop
      vertex 24.9441 16.6671 5
      vertex 56.1076 37.4899 5
      vertex 54.2004 40.1978 5
    endloop
  endfacet
  facet normal 0 0 1
    outer loop
      vertex 24.0962 17.871 5
      vertex 54.2004 40.1978 5
      vertex 52.1627 42.8089 5
    endloop
  endfacet
  facet normal 0 0 1
    outer loop
      vertex 23.1903 19.0318 5
      vertex 52.1627 42.8089 5
      vertex 49.9994 45.3168 5
    endloop
  endfacet
  facet normal 0 0 1
    outer loop
      vertex 22.2285 20.1468 5
      vertex 49.9994 45.3168 5
      vertex 47.7156 47.7156 5
    endloop
  endfacet
  facet normal 0 0 1
    outer loop
      vertex 21.2132 21.2132 5
      vertex 47.7156 47.7156 5
      vertex 45.3168 49.9994 5
    endloop
  endfacet
  facet normal 0 0 1
    outer loop
      vertex 20.1468 22.2285 5
      vertex 45.3168 49.9994 5
      vertex 42.8089 52.1627 5
    endloop
  endfacet
  facet normal 0 0 1
    outer loop
      vertex 19.0318 23.1903 5
      vertex 42.8089 52.1627 5
      vertex 40.1978 54.2004 5
    endloop
  endfacet
  facet normal 0 0 1
    outer loop
      vertex 17.871 24.0962 5
      vertex 40.1978 54.2004 5
      vertex 37.4899 56.1076 5
    endloop
  endfacet
  facet normal 0 0 1
    outer loop
      vertex 16.6671 24.9441 5
      vertex 37.4899 56.1076 5
      vertex 34.6917 57.8795 5
    endloop
  endfacet
  facet normal 0 0 1
    outer loop
      vertex 15.4231 25.7319 5
      vertex 34.6917 57.8795 5
      vertex 31.8099 59.512 5
    endloop
  endfacet
  facet normal 0 0 1
    outer loop
      vertex 56.1076 37.4899 5
      vertex 24.9441 16.6671 5
      vertex 25.7319 15.4231 5
    endloop
  endfacet
  facet normal 0 0 1
    outer loop
      vertex 67.1551 6.6142 5
      vertex 29.7249 4 5
      vertex 67.3479 4 5
    endloop
  endfacet
  facet normal 0 0 1
    outer loop
      vertex 66.7496 9.90137 5
      vertex 29.6753 4.40191 5
      vertex 29.7249 4 5
    endloop
  endfacet
  facet normal 0 0 1
    outer loop
      vertex 66.1834 13.1647 5
      vertex 29.4236 5.85271 5
      vertex 29.6753 4.40191 5
    endloop
  endfacet
  facet normal 0 0 1
    outer loop
      vertex 14.1419 26.4576 5
      vertex 31.8099 59.512 5
      vertex 28.8514 61.0012 5
    endloop
  endfacet
  facet normal 0 0 1
    outer loop
      vertex 65.4577 16.3963 5
      vertex 29.1009 7.2894 5
      vertex 29.4236 5.85271 5
    endloop
  endfacet
  facet normal 0 0 1
    outer loop
      vertex 64.5743 19.5884 5
      vertex 28.7082 8.70854 5
      vertex 29.1009 7.2894 5
    endloop
  endfacet
  facet normal 0 0 1
    outer loop
      vertex 63.5354 22.7333 5
      vertex 28.2463 10.1067 5
      vertex 28.7082 8.70854 5
    endloop
  endfacet
  facet normal 0 0 1
    outer loop
      vertex 62.3434 25.8235 5
      vertex 27.7164 11.4805 5
      vertex 28.2463 10.1067 5
    endloop
  endfacet
  facet normal 0 0 1
    outer loop
      vertex 61.0012 28.8514 5
      vertex 27.1197 12.8267 5
      vertex 27.7164 11.4805 5
    endloop
  endfacet
  facet normal 0 0 1
    outer loop
      vertex 12.8267 27.1197 5
      vertex 28.8514 61.0012 5
      vertex 25.8235 62.3434 5
    endloop
  endfacet
  facet normal 0 0 1
    outer loop
      vertex 59.512 31.8099 5
      vertex 26.4576 14.1419 5
      vertex 27.1197 12.8267 5
    endloop
  endfacet
  facet normal 0 0 1
    outer loop
      vertex 57.8795 34.6917 5
      vertex 25.7319 15.4231 5
      vertex 26.4576 14.1419 5
    endloop
  endfacet
  facet normal 0 0 1
    outer loop
      vertex 54.2004 40.1978 5
      vertex 24.0962 17.871 5
      vertex 24.9441 16.6671 5
    endloop
  endfacet
  facet normal 0 0 1
    outer loop
      vertex 52.1627 42.8089 5
      vertex 23.1903 19.0318 5
      vertex 24.0962 17.871 5
    endloop
  endfacet
  facet normal 0 0 1
    outer loop
      vertex 11.4805 27.7164 5
      vertex 25.8235 62.3434 5
      vertex 22.7333 63.5354 5
    endloop
  endfacet
  facet normal 0 0 1
    outer loop
      vertex 49.9994 45.3168 5
      vertex 22.2285 20.1468 5
      vertex 23.1903 19.0318 5
    endloop
  endfacet
  facet normal 0 0 1
    outer loop
      vertex 47.7156 47.7156 5
      vertex 21.2132 21.2132 5
      vertex 22.2285 20.1468 5
    endloop
  endfacet
  facet normal 0 0 1
    outer loop
      vertex 45.3168 49.9994 5
      vertex 20.1468 22.2285 5
      vertex 21.2132 21.2132 5
    endloop
  endfacet
  facet normal 0 0 1
    outer loop
      vertex 10.1067 28.2463 5
      vertex 22.7333 63.5354 5
      vertex 19.5884 64.5743 5
    endloop
  endfacet
  facet normal 0 0 1
    outer loop
      vertex 42.8089 52.1627 5
      vertex 19.0318 23.1903 5
      vertex 20.1468 22.2285 5
    endloop
  endfacet
  facet normal 0 0 1
    outer loop
      vertex 40.1978 54.2004 5
      vertex 17.871 24.0962 5
      vertex 19.0318 23.1903 5
    endloop
  endfacet
  facet normal 0 0 1
    outer loop
      vertex 37.4899 56.1076 5
      vertex 16.6671 24.9441 5
      vertex 17.871 24.0962 5
    endloop
  endfacet
  facet normal 0 0 1
    outer loop
      vertex 8.70854 28.7082 5
      vertex 19.5884 64.5743 5
      vertex 16.3963 65.4577 5
    endloop
  endfacet
  facet normal 0 0 1
    outer loop
      vertex 34.6917 57.8795 5
      vertex 15.4231 25.7319 5
      vertex 16.6671 24.9441 5
    endloop
  endfacet
  facet normal 0 0 1
    outer loop
      vertex 31.8099 59.512 5
      vertex 14.1419 26.4576 5
      vertex 15.4231 25.7319 5
    endloop
  endfacet
  facet normal 0 0 1
    outer loop
      vertex 7.2894 29.1009 5
      vertex 16.3963 65.4577 5
      vertex 13.1647 66.1834 5
    endloop
  endfacet
  facet normal 0 0 1
    outer loop
      vertex 28.8514 61.0012 5
      vertex 12.8267 27.1197 5
      vertex 14.1419 26.4576 5
    endloop
  endfacet
  facet normal 0 0 1
    outer loop
      vertex 25.8235 62.3434 5
      vertex 11.4805 27.7164 5
      vertex 12.8267 27.1197 5
    endloop
  endfacet
  facet normal 0 0 1
    outer loop
      vertex 22.7333 63.5354 5
      vertex 10.1067 28.2463 5
      vertex 11.4805 27.7164 5
    endloop
  endfacet
  facet normal 0 0 1
    outer loop
      vertex 5.85271 29.4236 5
      vertex 13.1647 66.1834 5
      vertex 9.90137 66.7496 5
    endloop
  endfacet
  facet normal 0 0 1
    outer loop
      vertex 19.5884 64.5743 5
      vertex 8.70854 28.7082 5
      vertex 10.1067 28.2463 5
    endloop
  endfacet
  facet normal 0 0 1
    outer loop
      vertex 16.3963 65.4577 5
      vertex 7.2894 29.1009 5
      vertex 8.70854 28.7082 5
    endloop
  endfacet
  facet normal 0 0 1
    outer loop
      vertex 4.40191 29.6753 5
      vertex 9.90137 66.7496 5
      vertex 6.6142 67.1551 5
    endloop
  endfacet
  facet normal 0 0 1
    outer loop
      vertex 13.1647 66.1834 5
      vertex 5.85271 29.4236 5
      vertex 7.2894 29.1009 5
    endloop
  endfacet
  facet normal 0 0 1
    outer loop
      vertex 9.90137 66.7496 5
      vertex 4.40191 29.6753 5
      vertex 5.85271 29.4236 5
    endloop
  endfacet
  facet normal 0 0 1
    outer loop
      vertex 2.94051 29.8555 5
      vertex 6.6142 67.1551 5
      vertex 3.31109 67.3987 5
    endloop
  endfacet
  facet normal 0 0 1
    outer loop
      vertex 6.6142 67.1551 5
      vertex 2.94051 29.8555 5
      vertex 4.40191 29.6753 5
    endloop
  endfacet
  facet normal 0 0 1
    outer loop
      vertex 3.31109 67.3987 5
      vertex 1.47203 29.9639 5
      vertex 2.94051 29.8555 5
    endloop
  endfacet
  facet normal 0 0 1
    outer loop
      vertex 0 67.48 5
      vertex 1.47203 29.9639 5
      vertex 3.31109 67.3987 5
    endloop
  endfacet
  facet normal 0 0 1
    outer loop
      vertex 0 67.48 5
      vertex 0 30 5
      vertex 1.47203 29.9639 5
    endloop
  endfacet
  facet normal 0 0 1
    outer loop
      vertex 0 67.48 5
      vertex -1.47203 29.9639 5
      vertex 0 30 5
    endloop
  endfacet
  facet normal -0 0 1
    outer loop
      vertex -3.31109 67.3987 5
      vertex -1.47203 29.9639 5
      vertex 0 67.48 5
    endloop
  endfacet
  facet normal 0 0 1
    outer loop
      vertex -1.47203 29.9639 5
      vertex -3.31109 67.3987 5
      vertex -2.94051 29.8555 5
    endloop
  endfacet
  facet normal -0 0 1
    outer loop
      vertex -6.6142 67.1551 5
      vertex -2.94051 29.8555 5
      vertex -3.31109 67.3987 5
    endloop
  endfacet
  facet normal 0 0 1
    outer loop
      vertex -2.94051 29.8555 5
      vertex -6.6142 67.1551 5
      vertex -4.40191 29.6753 5
    endloop
  endfacet
  facet normal -0 0 1
    outer loop
      vertex -9.90137 66.7496 5
      vertex -4.40191 29.6753 5
      vertex -6.6142 67.1551 5
    endloop
  endfacet
  facet normal 0 0 1
    outer loop
      vertex -4.40191 29.6753 5
      vertex -9.90137 66.7496 5
      vertex -5.85271 29.4236 5
    endloop
  endfacet
  facet normal -0 0 1
    outer loop
      vertex -13.1647 66.1834 5
      vertex -5.85271 29.4236 5
      vertex -9.90137 66.7496 5
    endloop
  endfacet
  facet normal 0 0 1
    outer loop
      vertex -5.85271 29.4236 5
      vertex -13.1647 66.1834 5
      vertex -7.2894 29.1009 5
    endloop
  endfacet
  facet normal -0 0 1
    outer loop
      vertex -16.3963 65.4577 5
      vertex -7.2894 29.1009 5
      vertex -13.1647 66.1834 5
    endloop
  endfacet
  facet normal 0 0 1
    outer loop
      vertex -7.2894 29.1009 5
      vertex -16.3963 65.4577 5
      vertex -8.70854 28.7082 5
    endloop
  endfacet
  facet normal -0 0 1
    outer loop
      vertex -19.5884 64.5743 5
      vertex -8.70854 28.7082 5
      vertex -16.3963 65.4577 5
    endloop
  endfacet
  facet normal 0 0 1
    outer loop
      vertex -8.70854 28.7082 5
      vertex -19.5884 64.5743 5
      vertex -10.1067 28.2463 5
    endloop
  endfacet
  facet normal -0 0 1
    outer loop
      vertex -22.7333 63.5354 5
      vertex -10.1067 28.2463 5
      vertex -19.5884 64.5743 5
    endloop
  endfacet
  facet normal 0 0 1
    outer loop
      vertex -10.1067 28.2463 5
      vertex -22.7333 63.5354 5
      vertex -11.4805 27.7164 5
    endloop
  endfacet
  facet normal -0 0 1
    outer loop
      vertex -25.8235 62.3434 5
      vertex -11.4805 27.7164 5
      vertex -22.7333 63.5354 5
    endloop
  endfacet
  facet normal 0 0 1
    outer loop
      vertex -11.4805 27.7164 5
      vertex -25.8235 62.3434 5
      vertex -12.8267 27.1197 5
    endloop
  endfacet
  facet normal -0 0 1
    outer loop
      vertex -28.8514 61.0012 5
      vertex -12.8267 27.1197 5
      vertex -25.8235 62.3434 5
    endloop
  endfacet
  facet normal 0 0 1
    outer loop
      vertex -12.8267 27.1197 5
      vertex -28.8514 61.0012 5
      vertex -14.1419 26.4576 5
    endloop
  endfacet
  facet normal -0 0 1
    outer loop
      vertex -31.8099 59.512 5
      vertex -14.1419 26.4576 5
      vertex -28.8514 61.0012 5
    endloop
  endfacet
  facet normal 0 0 1
    outer loop
      vertex -14.1419 26.4576 5
      vertex -31.8099 59.512 5
      vertex -15.4231 25.7319 5
    endloop
  endfacet
  facet normal -0 0 1
    outer loop
      vertex -34.6917 57.8795 5
      vertex -15.4231 25.7319 5
      vertex -31.8099 59.512 5
    endloop
  endfacet
  facet normal 0 0 1
    outer loop
      vertex -15.4231 25.7319 5
      vertex -34.6917 57.8795 5
      vertex -16.6671 24.9441 5
    endloop
  endfacet
  facet normal -0 0 1
    outer loop
      vertex -37.4899 56.1076 5
      vertex -16.6671 24.9441 5
      vertex -34.6917 57.8795 5
    endloop
  endfacet
  facet normal 0 0 1
    outer loop
      vertex -16.6671 24.9441 5
      vertex -37.4899 56.1076 5
      vertex -17.871 24.0962 5
    endloop
  endfacet
  facet normal -0 0 1
    outer loop
      vertex -40.1978 54.2004 5
      vertex -17.871 24.0962 5
      vertex -37.4899 56.1076 5
    endloop
  endfacet
  facet normal 0 0 1
    outer loop
      vertex -17.871 24.0962 5
      vertex -40.1978 54.2004 5
      vertex -19.0318 23.1903 5
    endloop
  endfacet
  facet normal -0 0 1
    outer loop
      vertex -42.8089 52.1627 5
      vertex -19.0318 23.1903 5
      vertex -40.1978 54.2004 5
    endloop
  endfacet
  facet normal 0 0 1
    outer loop
      vertex -19.0318 23.1903 5
      vertex -42.8089 52.1627 5
      vertex -20.1468 22.2285 5
    endloop
  endfacet
  facet normal -0 0 1
    outer loop
      vertex -45.3168 49.9994 5
      vertex -20.1468 22.2285 5
      vertex -42.8089 52.1627 5
    endloop
  endfacet
  facet normal 0 0 1
    outer loop
      vertex -20.1468 22.2285 5
      vertex -45.3168 49.9994 5
      vertex -21.2132 21.2132 5
    endloop
  endfacet
  facet normal -0 0 1
    outer loop
      vertex -47.7156 47.7156 5
      vertex -21.2132 21.2132 5
      vertex -45.3168 49.9994 5
    endloop
  endfacet
  facet normal 0 0 1
    outer loop
      vertex -21.2132 21.2132 5
      vertex -47.7156 47.7156 5
      vertex -22.2285 20.1468 5
    endloop
  endfacet
  facet normal -0 0 1
    outer loop
      vertex -49.9994 45.3168 5
      vertex -22.2285 20.1468 5
      vertex -47.7156 47.7156 5
    endloop
  endfacet
  facet normal 0 0 1
    outer loop
      vertex -22.2285 20.1468 5
      vertex -49.9994 45.3168 5
      vertex -23.1903 19.0318 5
    endloop
  endfacet
  facet normal -0 0 1
    outer loop
      vertex -52.1627 42.8089 5
      vertex -23.1903 19.0318 5
      vertex -49.9994 45.3168 5
    endloop
  endfacet
  facet normal 0 0 1
    outer loop
      vertex -23.1903 19.0318 5
      vertex -52.1627 42.8089 5
      vertex -24.0962 17.871 5
    endloop
  endfacet
  facet normal -0 0 1
    outer loop
      vertex -54.2004 40.1978 5
      vertex -24.0962 17.871 5
      vertex -52.1627 42.8089 5
    endloop
  endfacet
  facet normal 0 0 1
    outer loop
      vertex -24.0962 17.871 5
      vertex -54.2004 40.1978 5
      vertex -24.9441 16.6671 5
    endloop
  endfacet
  facet normal -0 0 1
    outer loop
      vertex -56.1076 37.4899 5
      vertex -24.9441 16.6671 5
      vertex -54.2004 40.1978 5
    endloop
  endfacet
  facet normal 0 0 1
    outer loop
      vertex -24.9441 16.6671 5
      vertex -56.1076 37.4899 5
      vertex -25.7319 15.4231 5
    endloop
  endfacet
  facet normal -0 0 1
    outer loop
      vertex -57.8795 34.6917 5
      vertex -25.7319 15.4231 5
      vertex -56.1076 37.4899 5
    endloop
  endfacet
  facet normal -0 0 1
    outer loop
      vertex 29.7249 -4 5
      vertex 67.1551 -6.6142 5
      vertex 67.3479 -4 5
    endloop
  endfacet
  facet normal 0 0 1
    outer loop
      vertex 67.1551 -6.6142 5
      vertex 29.7249 -4 5
      vertex 66.7496 -9.90137 5
    endloop
  endfacet
  facet normal -0 0 1
    outer loop
      vertex 29.6753 -4.40191 5
      vertex 66.7496 -9.90137 5
      vertex 29.7249 -4 5
    endloop
  endfacet
  facet normal -0 0 1
    outer loop
      vertex 29.4236 -5.85271 5
      vertex 66.1834 -13.1647 5
      vertex 29.6753 -4.40191 5
    endloop
  endfacet
  facet normal -0 0 1
    outer loop
      vertex 29.1009 -7.2894 5
      vertex 65.4577 -16.3963 5
      vertex 29.4236 -5.85271 5
    endloop
  endfacet
  facet normal 0 0 1
    outer loop
      vertex 65.4577 -16.3963 5
      vertex 29.1009 -7.2894 5
      vertex 64.5743 -19.5884 5
    endloop
  endfacet
  facet normal 0 0 1
    outer loop
      vertex 64.5743 -19.5884 5
      vertex 28.7082 -8.70854 5
      vertex 63.5354 -22.7333 5
    endloop
  endfacet
  facet normal -0 0 1
    outer loop
      vertex 28.2463 -10.1067 5
      vertex 63.5354 -22.7333 5
      vertex 28.7082 -8.70854 5
    endloop
  endfacet
  facet normal -0 0 1
    outer loop
      vertex 27.7164 -11.4805 5
      vertex 62.3434 -25.8235 5
      vertex 28.2463 -10.1067 5
    endloop
  endfacet
  facet normal 0 0 1
    outer loop
      vertex 62.3434 -25.8235 5
      vertex 27.7164 -11.4805 5
      vertex 61.0012 -28.8514 5
    endloop
  endfacet
  facet normal 0 0 1
    outer loop
      vertex 61.0012 -28.8514 5
      vertex 27.1197 -12.8267 5
      vertex 59.512 -31.8099 5
    endloop
  endfacet
  facet normal -0 0 1
    outer loop
      vertex 26.4576 -14.1419 5
      vertex 59.512 -31.8099 5
      vertex 27.1197 -12.8267 5
    endloop
  endfacet
  facet normal -0 0 1
    outer loop
      vertex 25.7319 -15.4231 5
      vertex 57.8795 -34.6917 5
      vertex 26.4576 -14.1419 5
    endloop
  endfacet
  facet normal 0 0 1
    outer loop
      vertex 57.8795 -34.6917 5
      vertex 25.7319 -15.4231 5
      vertex 56.1076 -37.4899 5
    endloop
  endfacet
  facet normal 0 0 1
    outer loop
      vertex 56.1076 -37.4899 5
      vertex 24.9441 -16.6671 5
      vertex 54.2004 -40.1978 5
    endloop
  endfacet
  facet normal -0 0 1
    outer loop
      vertex 24.0962 -17.871 5
      vertex 54.2004 -40.1978 5
      vertex 24.9441 -16.6671 5
    endloop
  endfacet
  facet normal -0 0 1
    outer loop
      vertex 23.1903 -19.0318 5
      vertex 52.1627 -42.8089 5
      vertex 24.0962 -17.871 5
    endloop
  endfacet
  facet normal 0 0 1
    outer loop
      vertex 52.1627 -42.8089 5
      vertex 23.1903 -19.0318 5
      vertex 49.9994 -45.3168 5
    endloop
  endfacet
  facet normal 0 0 1
    outer loop
      vertex 49.9994 -45.3168 5
      vertex 22.2285 -20.1468 5
      vertex 47.7156 -47.7156 5
    endloop
  endfacet
  facet normal -0 0 1
    outer loop
      vertex 21.2132 -21.2132 5
      vertex 47.7156 -47.7156 5
      vertex 22.2285 -20.1468 5
    endloop
  endfacet
  facet normal 0 0 1
    outer loop
      vertex 66.7496 -9.90137 5
      vertex 29.6753 -4.40191 5
      vertex 66.1834 -13.1647 5
    endloop
  endfacet
  facet normal 0 0 1
    outer loop
      vertex 66.1834 -13.1647 5
      vertex 29.4236 -5.85271 5
      vertex 65.4577 -16.3963 5
    endloop
  endfacet
  facet normal -0 0 1
    outer loop
      vertex 28.7082 -8.70854 5
      vertex 64.5743 -19.5884 5
      vertex 29.1009 -7.2894 5
    endloop
  endfacet
  facet normal 0 0 1
    outer loop
      vertex 63.5354 -22.7333 5
      vertex 28.2463 -10.1067 5
      vertex 62.3434 -25.8235 5
    endloop
  endfacet
  facet normal -0 0 1
    outer loop
      vertex 27.1197 -12.8267 5
      vertex 61.0012 -28.8514 5
      vertex 27.7164 -11.4805 5
    endloop
  endfacet
  facet normal 0 0 1
    outer loop
      vertex 59.512 -31.8099 5
      vertex 26.4576 -14.1419 5
      vertex 57.8795 -34.6917 5
    endloop
  endfacet
  facet normal -0 0 1
    outer loop
      vertex 24.9441 -16.6671 5
      vertex 56.1076 -37.4899 5
      vertex 25.7319 -15.4231 5
    endloop
  endfacet
  facet normal 0 0 1
    outer loop
      vertex 54.2004 -40.1978 5
      vertex 24.0962 -17.871 5
      vertex 52.1627 -42.8089 5
    endloop
  endfacet
  facet normal -0 0 1
    outer loop
      vertex 22.2285 -20.1468 5
      vertex 49.9994 -45.3168 5
      vertex 23.1903 -19.0318 5
    endloop
  endfacet
  facet normal 0 0 1
    outer loop
      vertex 47.7156 -47.7156 5
      vertex 21.2132 -21.2132 5
      vertex 45.3168 -49.9994 5
    endloop
  endfacet
  facet normal -0 0 1
    outer loop
      vertex 20.1468 -22.2285 5
      vertex 45.3168 -49.9994 5
      vertex 21.2132 -21.2132 5
    endloop
  endfacet
  facet normal 0 0 1
    outer loop
      vertex 45.3168 -49.9994 5
      vertex 20.1468 -22.2285 5
      vertex 42.8089 -52.1627 5
    endloop
  endfacet
  facet normal -0 0 1
    outer loop
      vertex 19.0318 -23.1903 5
      vertex 42.8089 -52.1627 5
      vertex 20.1468 -22.2285 5
    endloop
  endfacet
  facet normal 0 0 1
    outer loop
      vertex 42.8089 -52.1627 5
      vertex 19.0318 -23.1903 5
      vertex 40.1978 -54.2004 5
    endloop
  endfacet
  facet normal -0 0 1
    outer loop
      vertex 17.871 -24.0962 5
      vertex 40.1978 -54.2004 5
      vertex 19.0318 -23.1903 5
    endloop
  endfacet
  facet normal 0 0 1
    outer loop
      vertex 40.1978 -54.2004 5
      vertex 17.871 -24.0962 5
      vertex 37.4899 -56.1076 5
    endloop
  endfacet
  facet normal -0 0 1
    outer loop
      vertex 16.6671 -24.9441 5
      vertex 37.4899 -56.1076 5
      vertex 17.871 -24.0962 5
    endloop
  endfacet
  facet normal 0 0 1
    outer loop
      vertex 37.4899 -56.1076 5
      vertex 16.6671 -24.9441 5
      vertex 34.6917 -57.8795 5
    endloop
  endfacet
  facet normal -0 0 1
    outer loop
      vertex 15.4231 -25.7319 5
      vertex 34.6917 -57.8795 5
      vertex 16.6671 -24.9441 5
    endloop
  endfacet
  facet normal 0 0 1
    outer loop
      vertex 34.6917 -57.8795 5
      vertex 15.4231 -25.7319 5
      vertex 31.8099 -59.512 5
    endloop
  endfacet
  facet normal -0 0 1
    outer loop
      vertex 14.1419 -26.4576 5
      vertex 31.8099 -59.512 5
      vertex 15.4231 -25.7319 5
    endloop
  endfacet
  facet normal 0 0 1
    outer loop
      vertex 31.8099 -59.512 5
      vertex 14.1419 -26.4576 5
      vertex 28.8514 -61.0012 5
    endloop
  endfacet
  facet normal -0 0 1
    outer loop
      vertex 12.8267 -27.1197 5
      vertex 28.8514 -61.0012 5
      vertex 14.1419 -26.4576 5
    endloop
  endfacet
  facet normal 0 0 1
    outer loop
      vertex 28.8514 -61.0012 5
      vertex 12.8267 -27.1197 5
      vertex 25.8235 -62.3434 5
    endloop
  endfacet
  facet normal -0 0 1
    outer loop
      vertex 11.4805 -27.7164 5
      vertex 25.8235 -62.3434 5
      vertex 12.8267 -27.1197 5
    endloop
  endfacet
  facet normal 0 0 1
    outer loop
      vertex 25.8235 -62.3434 5
      vertex 11.4805 -27.7164 5
      vertex 22.7333 -63.5354 5
    endloop
  endfacet
  facet normal -0 0 1
    outer loop
      vertex 10.1067 -28.2463 5
      vertex 22.7333 -63.5354 5
      vertex 11.4805 -27.7164 5
    endloop
  endfacet
  facet normal 0 0 1
    outer loop
      vertex 22.7333 -63.5354 5
      vertex 10.1067 -28.2463 5
      vertex 19.5884 -64.5743 5
    endloop
  endfacet
  facet normal -0 0 1
    outer loop
      vertex 8.70854 -28.7082 5
      vertex 19.5884 -64.5743 5
      vertex 10.1067 -28.2463 5
    endloop
  endfacet
  facet normal 0 0 1
    outer loop
      vertex 19.5884 -64.5743 5
      vertex 8.70854 -28.7082 5
      vertex 16.3963 -65.4577 5
    endloop
  endfacet
  facet normal -0 0 1
    outer loop
      vertex 7.2894 -29.1009 5
      vertex 16.3963 -65.4577 5
      vertex 8.70854 -28.7082 5
    endloop
  endfacet
  facet normal 0 0 1
    outer loop
      vertex 16.3963 -65.4577 5
      vertex 7.2894 -29.1009 5
      vertex 13.1647 -66.1834 5
    endloop
  endfacet
  facet normal -0 0 1
    outer loop
      vertex 5.85271 -29.4236 5
      vertex 13.1647 -66.1834 5
      vertex 7.2894 -29.1009 5
    endloop
  endfacet
  facet normal 0 0 1
    outer loop
      vertex 13.1647 -66.1834 5
      vertex 5.85271 -29.4236 5
      vertex 9.90137 -66.7496 5
    endloop
  endfacet
  facet normal -0 0 1
    outer loop
      vertex 4.40191 -29.6753 5
      vertex 9.90137 -66.7496 5
      vertex 5.85271 -29.4236 5
    endloop
  endfacet
  facet normal 0 0 1
    outer loop
      vertex 9.90137 -66.7496 5
      vertex 4.40191 -29.6753 5
      vertex 6.6142 -67.1551 5
    endloop
  endfacet
  facet normal -0 0 1
    outer loop
      vertex 2.94051 -29.8555 5
      vertex 6.6142 -67.1551 5
      vertex 4.40191 -29.6753 5
    endloop
  endfacet
  facet normal 0 0 1
    outer loop
      vertex 6.6142 -67.1551 5
      vertex 2.94051 -29.8555 5
      vertex 3.31109 -67.3987 5
    endloop
  endfacet
  facet normal -0 0 1
    outer loop
      vertex 1.47203 -29.9639 5
      vertex 3.31109 -67.3987 5
      vertex 2.94051 -29.8555 5
    endloop
  endfacet
  facet normal -0 0 1
    outer loop
      vertex 0 -30 5
      vertex 3.31109 -67.3987 5
      vertex 1.47203 -29.9639 5
    endloop
  endfacet
  facet normal 0 0 1
    outer loop
      vertex 0 -30 5
      vertex 0 -67.48 5
      vertex 3.31109 -67.3987 5
    endloop
  endfacet
  facet normal 0 0 1
    outer loop
      vertex -1.47203 -29.9639 5
      vertex 0 -67.48 5
      vertex 0 -30 5
    endloop
  endfacet
  facet normal 0 0 1
    outer loop
      vertex -3.31109 -67.3987 5
      vertex -1.47203 -29.9639 5
      vertex -2.94051 -29.8555 5
    endloop
  endfacet
  facet normal 0 0 1
    outer loop
      vertex -1.47203 -29.9639 5
      vertex -3.31109 -67.3987 5
      vertex 0 -67.48 5
    endloop
  endfacet
  facet normal 0 0 1
    outer loop
      vertex -6.6142 -67.1551 5
      vertex -2.94051 -29.8555 5
      vertex -4.40191 -29.6753 5
    endloop
  endfacet
  facet normal 0 0 1
    outer loop
      vertex -9.90137 -66.7496 5
      vertex -4.40191 -29.6753 5
      vertex -5.85271 -29.4236 5
    endloop
  endfacet
  facet normal 0 0 1
    outer loop
      vertex -2.94051 -29.8555 5
      vertex -6.6142 -67.1551 5
      vertex -3.31109 -67.3987 5
    endloop
  endfacet
  facet normal 0 0 1
    outer loop
      vertex -13.1647 -66.1834 5
      vertex -5.85271 -29.4236 5
      vertex -7.2894 -29.1009 5
    endloop
  endfacet
  facet normal 0 0 1
    outer loop
      vertex -16.3963 -65.4577 5
      vertex -7.2894 -29.1009 5
      vertex -8.70854 -28.7082 5
    endloop
  endfacet
  facet normal 0 0 1
    outer loop
      vertex -4.40191 -29.6753 5
      vertex -9.90137 -66.7496 5
      vertex -6.6142 -67.1551 5
    endloop
  endfacet
  facet normal 0 0 1
    outer loop
      vertex -19.5884 -64.5743 5
      vertex -8.70854 -28.7082 5
      vertex -10.1067 -28.2463 5
    endloop
  endfacet
  facet normal 0 0 1
    outer loop
      vertex -22.7333 -63.5354 5
      vertex -10.1067 -28.2463 5
      vertex -11.4805 -27.7164 5
    endloop
  endfacet
  facet normal 0 0 1
    outer loop
      vertex -25.8235 -62.3434 5
      vertex -11.4805 -27.7164 5
      vertex -12.8267 -27.1197 5
    endloop
  endfacet
  facet normal 0 0 1
    outer loop
      vertex -5.85271 -29.4236 5
      vertex -13.1647 -66.1834 5
      vertex -9.90137 -66.7496 5
    endloop
  endfacet
  facet normal 0 0 1
    outer loop
      vertex -28.8514 -61.0012 5
      vertex -12.8267 -27.1197 5
      vertex -14.1419 -26.4576 5
    endloop
  endfacet
  facet normal 0 0 1
    outer loop
      vertex -31.8099 -59.512 5
      vertex -14.1419 -26.4576 5
      vertex -15.4231 -25.7319 5
    endloop
  endfacet
  facet normal 0 0 1
    outer loop
      vertex -7.2894 -29.1009 5
      vertex -16.3963 -65.4577 5
      vertex -13.1647 -66.1834 5
    endloop
  endfacet
  facet normal 0 0 1
    outer loop
      vertex -34.6917 -57.8795 5
      vertex -15.4231 -25.7319 5
      vertex -16.6671 -24.9441 5
    endloop
  endfacet
  facet normal 0 0 1
    outer loop
      vertex -37.4899 -56.1076 5
      vertex -16.6671 -24.9441 5
      vertex -17.871 -24.0962 5
    endloop
  endfacet
  facet normal 0 0 1
    outer loop
      vertex -40.1978 -54.2004 5
      vertex -17.871 -24.0962 5
      vertex -19.0318 -23.1903 5
    endloop
  endfacet
  facet normal 0 0 1
    outer loop
      vertex -8.70854 -28.7082 5
      vertex -19.5884 -64.5743 5
      vertex -16.3963 -65.4577 5
    endloop
  endfacet
  facet normal 0 0 1
    outer loop
      vertex -42.8089 -52.1627 5
      vertex -19.0318 -23.1903 5
      vertex -20.1468 -22.2285 5
    endloop
  endfacet
  facet normal 0 0 1
    outer loop
      vertex -45.3168 -49.9994 5
      vertex -20.1468 -22.2285 5
      vertex -21.2132 -21.2132 5
    endloop
  endfacet
  facet normal 0 0 1
    outer loop
      vertex -47.7156 -47.7156 5
      vertex -21.2132 -21.2132 5
      vertex -22.2285 -20.1468 5
    endloop
  endfacet
  facet normal 0 0 1
    outer loop
      vertex -10.1067 -28.2463 5
      vertex -22.7333 -63.5354 5
      vertex -19.5884 -64.5743 5
    endloop
  endfacet
  facet normal 0 0 1
    outer loop
      vertex -49.9994 -45.3168 5
      vertex -22.2285 -20.1468 5
      vertex -23.1903 -19.0318 5
    endloop
  endfacet
  facet normal 0 0 1
    outer loop
      vertex -52.1627 -42.8089 5
      vertex -23.1903 -19.0318 5
      vertex -24.0962 -17.871 5
    endloop
  endfacet
  facet normal 0 0 1
    outer loop
      vertex -54.2004 -40.1978 5
      vertex -24.0962 -17.871 5
      vertex -24.9441 -16.6671 5
    endloop
  endfacet
  facet normal 0 0 1
    outer loop
      vertex -56.1076 -37.4899 5
      vertex -24.9441 -16.6671 5
      vertex -25.7319 -15.4231 5
    endloop
  endfacet
  facet normal 0 0 1
    outer loop
      vertex -11.4805 -27.7164 5
      vertex -25.8235 -62.3434 5
      vertex -22.7333 -63.5354 5
    endloop
  endfacet
  facet normal 0 0 1
    outer loop
      vertex -57.8795 -34.6917 5
      vertex -25.7319 -15.4231 5
      vertex -26.4576 -14.1419 5
    endloop
  endfacet
  facet normal 0 0 1
    outer loop
      vertex -59.512 -31.8099 5
      vertex -26.4576 -14.1419 5
      vertex -27.1197 -12.8267 5
    endloop
  endfacet
  facet normal 0 0 1
    outer loop
      vertex -61.0012 -28.8514 5
      vertex -27.1197 -12.8267 5
      vertex -27.7164 -11.4805 5
    endloop
  endfacet
  facet normal 0 0 1
    outer loop
      vertex -62.3434 -25.8235 5
      vertex -27.7164 -11.4805 5
      vertex -28.2463 -10.1067 5
    endloop
  endfacet
  facet normal 0 0 1
    outer loop
      vertex -63.5354 -22.7333 5
      vertex -28.2463 -10.1067 5
      vertex -28.7082 -8.70854 5
    endloop
  endfacet
  facet normal 0 0 1
    outer loop
      vertex -12.8267 -27.1197 5
      vertex -28.8514 -61.0012 5
      vertex -25.8235 -62.3434 5
    endloop
  endfacet
  facet normal 0 0 1
    outer loop
      vertex -64.5743 -19.5884 5
      vertex -28.7082 -8.70854 5
      vertex -29.1009 -7.2894 5
    endloop
  endfacet
  facet normal 0 0 1
    outer loop
      vertex -65.4577 -16.3963 5
      vertex -29.1009 -7.2894 5
      vertex -29.4236 -5.85271 5
    endloop
  endfacet
  facet normal 0 0 1
    outer loop
      vertex -66.1834 -13.1647 5
      vertex -29.4236 -5.85271 5
      vertex -29.6753 -4.40191 5
    endloop
  endfacet
  facet normal 0 0 1
    outer loop
      vertex -66.7496 -9.90137 5
      vertex -29.6753 -4.40191 5
      vertex -29.8555 -2.94051 5
    endloop
  endfacet
  facet normal 0 0 1
    outer loop
      vertex -67.1551 -6.6142 5
      vertex -29.8555 -2.94051 5
      vertex -29.9639 -1.47203 5
    endloop
  endfacet
  facet normal 0 0 1
    outer loop
      vertex -67.3987 -3.31109 5
      vertex -29.9639 -1.47203 5
      vertex -30 0 5
    endloop
  endfacet
  facet normal 0 0 1
    outer loop
      vertex -25.7319 15.4231 5
      vertex -57.8795 34.6917 5
      vertex -26.4576 14.1419 5
    endloop
  endfacet
  facet normal 0 0 1
    outer loop
      vertex -14.1419 -26.4576 5
      vertex -31.8099 -59.512 5
      vertex -28.8514 -61.0012 5
    endloop
  endfacet
  facet normal -0 0 1
    outer loop
      vertex -59.512 31.8099 5
      vertex -26.4576 14.1419 5
      vertex -57.8795 34.6917 5
    endloop
  endfacet
  facet normal 0 0 1
    outer loop
      vertex -15.4231 -25.7319 5
      vertex -34.6917 -57.8795 5
      vertex -31.8099 -59.512 5
    endloop
  endfacet
  facet normal 0 0 1
    outer loop
      vertex -26.4576 14.1419 5
      vertex -59.512 31.8099 5
      vertex -27.1197 12.8267 5
    endloop
  endfacet
  facet normal 0 0 1
    outer loop
      vertex -16.6671 -24.9441 5
      vertex -37.4899 -56.1076 5
      vertex -34.6917 -57.8795 5
    endloop
  endfacet
  facet normal -0 0 1
    outer loop
      vertex -61.0012 28.8514 5
      vertex -27.1197 12.8267 5
      vertex -59.512 31.8099 5
    endloop
  endfacet
  facet normal 0 0 1
    outer loop
      vertex -17.871 -24.0962 5
      vertex -40.1978 -54.2004 5
      vertex -37.4899 -56.1076 5
    endloop
  endfacet
  facet normal 0 0 1
    outer loop
      vertex -27.1197 12.8267 5
      vertex -61.0012 28.8514 5
      vertex -27.7164 11.4805 5
    endloop
  endfacet
  facet normal 0 0 1
    outer loop
      vertex -19.0318 -23.1903 5
      vertex -42.8089 -52.1627 5
      vertex -40.1978 -54.2004 5
    endloop
  endfacet
  facet normal -0 0 1
    outer loop
      vertex -62.3434 25.8235 5
      vertex -27.7164 11.4805 5
      vertex -61.0012 28.8514 5
    endloop
  endfacet
  facet normal 0 0 1
    outer loop
      vertex -20.1468 -22.2285 5
      vertex -45.3168 -49.9994 5
      vertex -42.8089 -52.1627 5
    endloop
  endfacet
  facet normal 0 0 1
    outer loop
      vertex -27.7164 11.4805 5
      vertex -62.3434 25.8235 5
      vertex -28.2463 10.1067 5
    endloop
  endfacet
  facet normal 0 0 1
    outer loop
      vertex -21.2132 -21.2132 5
      vertex -47.7156 -47.7156 5
      vertex -45.3168 -49.9994 5
    endloop
  endfacet
  facet normal -0 0 1
    outer loop
      vertex -63.5354 22.7333 5
      vertex -28.2463 10.1067 5
      vertex -62.3434 25.8235 5
    endloop
  endfacet
  facet normal 0 0 1
    outer loop
      vertex -22.2285 -20.1468 5
      vertex -49.9994 -45.3168 5
      vertex -47.7156 -47.7156 5
    endloop
  endfacet
  facet normal 0 0 1
    outer loop
      vertex -28.2463 10.1067 5
      vertex -63.5354 22.7333 5
      vertex -28.7082 8.70854 5
    endloop
  endfacet
  facet normal 0 0 1
    outer loop
      vertex -23.1903 -19.0318 5
      vertex -52.1627 -42.8089 5
      vertex -49.9994 -45.3168 5
    endloop
  endfacet
  facet normal -0 0 1
    outer loop
      vertex -64.5743 19.5884 5
      vertex -28.7082 8.70854 5
      vertex -63.5354 22.7333 5
    endloop
  endfacet
  facet normal 0 0 1
    outer loop
      vertex -24.0962 -17.871 5
      vertex -54.2004 -40.1978 5
      vertex -52.1627 -42.8089 5
    endloop
  endfacet
  facet normal 0 0 1
    outer loop
      vertex -28.7082 8.70854 5
      vertex -64.5743 19.5884 5
      vertex -29.1009 7.2894 5
    endloop
  endfacet
  facet normal 0 0 1
    outer loop
      vertex -24.9441 -16.6671 5
      vertex -56.1076 -37.4899 5
      vertex -54.2004 -40.1978 5
    endloop
  endfacet
  facet normal -0 0 1
    outer loop
      vertex -65.4577 16.3963 5
      vertex -29.1009 7.2894 5
      vertex -64.5743 19.5884 5
    endloop
  endfacet
  facet normal 0 0 1
    outer loop
      vertex -25.7319 -15.4231 5
      vertex -57.8795 -34.6917 5
      vertex -56.1076 -37.4899 5
    endloop
  endfacet
  facet normal 0 0 1
    outer loop
      vertex -29.1009 7.2894 5
      vertex -65.4577 16.3963 5
      vertex -29.4236 5.85271 5
    endloop
  endfacet
  facet normal 0 0 1
    outer loop
      vertex -26.4576 -14.1419 5
      vertex -59.512 -31.8099 5
      vertex -57.8795 -34.6917 5
    endloop
  endfacet
  facet normal -0 0 1
    outer loop
      vertex -66.1834 13.1647 5
      vertex -29.4236 5.85271 5
      vertex -65.4577 16.3963 5
    endloop
  endfacet
  facet normal 0 0 1
    outer loop
      vertex -27.1197 -12.8267 5
      vertex -61.0012 -28.8514 5
      vertex -59.512 -31.8099 5
    endloop
  endfacet
  facet normal 0 0 1
    outer loop
      vertex -29.4236 5.85271 5
      vertex -66.1834 13.1647 5
      vertex -29.6753 4.40191 5
    endloop
  endfacet
  facet normal 0 0 1
    outer loop
      vertex -27.7164 -11.4805 5
      vertex -62.3434 -25.8235 5
      vertex -61.0012 -28.8514 5
    endloop
  endfacet
  facet normal -0 0 1
    outer loop
      vertex -66.7496 9.90137 5
      vertex -29.6753 4.40191 5
      vertex -66.1834 13.1647 5
    endloop
  endfacet
  facet normal 0 0 1
    outer loop
      vertex -28.2463 -10.1067 5
      vertex -63.5354 -22.7333 5
      vertex -62.3434 -25.8235 5
    endloop
  endfacet
  facet normal 0 0 1
    outer loop
      vertex -29.6753 4.40191 5
      vertex -66.7496 9.90137 5
      vertex -29.8555 2.94051 5
    endloop
  endfacet
  facet normal 0 0 1
    outer loop
      vertex -28.7082 -8.70854 5
      vertex -64.5743 -19.5884 5
      vertex -63.5354 -22.7333 5
    endloop
  endfacet
  facet normal -0 0 1
    outer loop
      vertex -67.1551 6.6142 5
      vertex -29.8555 2.94051 5
      vertex -66.7496 9.90137 5
    endloop
  endfacet
  facet normal 0 0 1
    outer loop
      vertex -29.1009 -7.2894 5
      vertex -65.4577 -16.3963 5
      vertex -64.5743 -19.5884 5
    endloop
  endfacet
  facet normal 0 0 1
    outer loop
      vertex -29.8555 2.94051 5
      vertex -67.1551 6.6142 5
      vertex -29.9639 1.47203 5
    endloop
  endfacet
  facet normal 0 0 1
    outer loop
      vertex -29.4236 -5.85271 5
      vertex -66.1834 -13.1647 5
      vertex -65.4577 -16.3963 5
    endloop
  endfacet
  facet normal -0 0 1
    outer loop
      vertex -67.3987 3.31109 5
      vertex -29.9639 1.47203 5
      vertex -67.1551 6.6142 5
    endloop
  endfacet
  facet normal 0 0 1
    outer loop
      vertex -29.6753 -4.40191 5
      vertex -66.7496 -9.90137 5
      vertex -66.1834 -13.1647 5
    endloop
  endfacet
  facet normal 0 0 1
    outer loop
      vertex -29.9639 1.47203 5
      vertex -67.3987 3.31109 5
      vertex -30 0 5
    endloop
  endfacet
  facet normal 0 0 1
    outer loop
      vertex -29.8555 -2.94051 5
      vertex -67.1551 -6.6142 5
      vertex -66.7496 -9.90137 5
    endloop
  endfacet
  facet normal 0 0 1
    outer loop
      vertex -67.48 0 5
      vertex -30 0 5
      vertex -67.3987 3.31109 5
    endloop
  endfacet
  facet normal 0 0 1
    outer loop
      vertex -29.9639 -1.47203 5
      vertex -67.3987 -3.31109 5
      vertex -67.1551 -6.6142 5
    endloop
  endfacet
  facet normal 0 0 1
    outer loop
      vertex -30 0 5
      vertex -67.48 0 5
      vertex -67.3987 -3.31109 5
    endloop
  endfacet
  facet normal 0 0 -1
    outer loop
      vertex 67.48 0 5
      vertex 110 0 5
      vertex 109.902 -4 5
    endloop
  endfacet
  facet normal 0 0 -1
    outer loop
      vertex 110 0 5
      vertex 67.48 0 5
      vertex 109.902 4 5
    endloop
  endfacet
  facet normal 0 0 -1
    outer loop
      vertex 109.902 -4 5
      vertex 67.3987 -3.31109 5
      vertex 67.48 0 5
    endloop
  endfacet
  facet normal 0 -0 -1
    outer loop
      vertex 67.3987 -3.31109 5
      vertex 109.902 -4 5
      vertex 67.3479 -4 5
    endloop
  endfacet
  facet normal 0 0 -1
    outer loop
      vertex 67.3987 3.31109 5
      vertex 109.902 4 5
      vertex 67.48 0 5
    endloop
  endfacet
  facet normal -0 0 -1
    outer loop
      vertex 109.902 4 5
      vertex 67.3987 3.31109 5
      vertex 67.3479 4 5
    endloop
  endfacet
  facet normal -0.689533 0.724254 0
    outer loop
      vertex 47.7156 -47.7156 5
      vertex 45.3168 -49.9994 45
      vertex 47.7156 -47.7156 45
    endloop
  endfacet
  facet normal -0.689533 0.724254 0
    outer loop
      vertex 45.3168 -49.9994 45
      vertex 47.7156 -47.7156 5
      vertex 45.3168 -49.9994 5
    endloop
  endfacet
  facet normal -0.534989 -0.844859 0
    outer loop
      vertex 34.6917 57.8795 5
      vertex 37.4899 56.1076 45
      vertex 34.6917 57.8795 45
    endloop
  endfacet
  facet normal -0.534989 -0.844859 -0
    outer loop
      vertex 37.4899 56.1076 45
      vertex 34.6917 57.8795 5
      vertex 37.4899 56.1076 5
    endloop
  endfacet
  facet normal -0.98528 -0.17095 0
    outer loop
      vertex 66.7496 9.90137 5
      vertex 66.1834 13.1647 45
      vertex 66.1834 13.1647 5
    endloop
  endfacet
  facet normal -0.98528 -0.17095 0
    outer loop
      vertex 66.1834 13.1647 45
      vertex 66.7496 9.90137 5
      vertex 66.7496 9.90137 45
    endloop
  endfacet
  facet normal 0.492894 0.87009 -0
    outer loop
      vertex -31.8099 -59.512 5
      vertex -34.6917 -57.8795 45
      vertex -31.8099 -59.512 45
    endloop
  endfacet
  facet normal 0.492894 0.87009 0
    outer loop
      vertex -34.6917 -57.8795 45
      vertex -31.8099 -59.512 5
      vertex -34.6917 -57.8795 5
    endloop
  endfacet
  facet normal 0.98528 -0.17095 0
    outer loop
      vertex -66.7496 9.90137 45
      vertex -66.1834 13.1647 5
      vertex -66.1834 13.1647 45
    endloop
  endfacet
  facet normal 0.98528 -0.17095 0
    outer loop
      vertex -66.1834 13.1647 5
      vertex -66.7496 9.90137 45
      vertex -66.7496 9.90137 5
    endloop
  endfacet
  facet normal -0.87009 0.492894 0
    outer loop
      vertex 57.8795 -34.6917 5
      vertex 59.512 -31.8099 45
      vertex 59.512 -31.8099 5
    endloop
  endfacet
  facet normal -0.87009 0.492894 0
    outer loop
      vertex 59.512 -31.8099 45
      vertex 57.8795 -34.6917 5
      vertex 57.8795 -34.6917 45
    endloop
  endfacet
  facet normal 0.534989 -0.844859 0
    outer loop
      vertex -37.4899 56.1076 5
      vertex -34.6917 57.8795 45
      vertex -37.4899 56.1076 45
    endloop
  endfacet
  facet normal 0.534989 -0.844859 0
    outer loop
      vertex -34.6917 57.8795 45
      vertex -37.4899 56.1076 5
      vertex -34.6917 57.8795 5
    endloop
  endfacet
  facet normal -0.992477 0.12243 0
    outer loop
      vertex 66.7496 -9.90137 5
      vertex 67.1551 -6.6142 45
      vertex 67.1551 -6.6142 5
    endloop
  endfacet
  facet normal -0.992477 0.12243 0
    outer loop
      vertex 67.1551 -6.6142 45
      vertex 66.7496 -9.90137 5
      vertex 66.7496 -9.90137 45
    endloop
  endfacet
  facet normal -0.932995 -0.359889 0
    outer loop
      vertex 63.5354 22.7333 5
      vertex 62.3434 25.8235 45
      vertex 62.3434 25.8235 5
    endloop
  endfacet
  facet normal -0.932995 -0.359889 0
    outer loop
      vertex 62.3434 25.8235 45
      vertex 63.5354 22.7333 5
      vertex 63.5354 22.7333 45
    endloop
  endfacet
  facet normal 0.0735489 0.997292 -0
    outer loop
      vertex -3.31109 -67.3987 5
      vertex -6.6142 -67.1551 45
      vertex -3.31109 -67.3987 45
    endloop
  endfacet
  facet normal 0.0735489 0.997292 0
    outer loop
      vertex -6.6142 -67.1551 45
      vertex -3.31109 -67.3987 5
      vertex -6.6142 -67.1551 5
    endloop
  endfacet
  facet normal 0.575825 -0.817573 0
    outer loop
      vertex -40.1978 54.2004 5
      vertex -37.4899 56.1076 45
      vertex -40.1978 54.2004 45
    endloop
  endfacet
  facet normal 0.575825 -0.817573 0
    outer loop
      vertex -37.4899 56.1076 45
      vertex -40.1978 54.2004 5
      vertex -37.4899 56.1076 5
    endloop
  endfacet
  facet normal 0.0245464 -0.999699 0
    outer loop
      vertex -3.31109 67.3987 5
      vertex 0 67.48 45
      vertex -3.31109 67.3987 45
    endloop
  endfacet
  facet normal 0.0245464 -0.999699 0
    outer loop
      vertex 0 67.48 45
      vertex -3.31109 67.3987 5
      vertex 0 67.48 5
    endloop
  endfacet
  facet normal -0.724254 0.689533 0
    outer loop
      vertex 47.7156 -47.7156 5
      vertex 49.9994 -45.3168 45
      vertex 49.9994 -45.3168 5
    endloop
  endfacet
  facet normal -0.724254 0.689533 0
    outer loop
      vertex 49.9994 -45.3168 45
      vertex 47.7156 -47.7156 5
      vertex 47.7156 -47.7156 45
    endloop
  endfacet
  facet normal -0.17095 0.98528 0
    outer loop
      vertex 13.1647 -66.1834 5
      vertex 9.90137 -66.7496 45
      vertex 13.1647 -66.1834 45
    endloop
  endfacet
  facet normal -0.17095 0.98528 0
    outer loop
      vertex 9.90137 -66.7496 45
      vertex 13.1647 -66.1834 5
      vertex 9.90137 -66.7496 5
    endloop
  endfacet
  facet normal 0.997292 0.0735489 0
    outer loop
      vertex -67.1551 -6.6142 45
      vertex -67.3987 -3.31109 5
      vertex -67.3987 -3.31109 45
    endloop
  endfacet
  facet normal 0.997292 0.0735489 0
    outer loop
      vertex -67.3987 -3.31109 5
      vertex -67.1551 -6.6142 45
      vertex -67.1551 -6.6142 5
    endloop
  endfacet
  facet normal -0.757213 0.653168 0
    outer loop
      vertex 49.9994 -45.3168 5
      vertex 52.1627 -42.8089 45
      vertex 52.1627 -42.8089 5
    endloop
  endfacet
  facet normal -0.757213 0.653168 0
    outer loop
      vertex 52.1627 -42.8089 45
      vertex 49.9994 -45.3168 5
      vertex 49.9994 -45.3168 45
    endloop
  endfacet
  facet normal 0.817573 -0.575825 0
    outer loop
      vertex -56.1076 37.4899 45
      vertex -54.2004 40.1978 5
      vertex -54.2004 40.1978 45
    endloop
  endfacet
  facet normal 0.817573 -0.575825 0
    outer loop
      vertex -54.2004 40.1978 5
      vertex -56.1076 37.4899 45
      vertex -56.1076 37.4899 5
    endloop
  endfacet
  facet normal 0.757213 0.653168 0
    outer loop
      vertex -49.9994 -45.3168 45
      vertex -52.1627 -42.8089 5
      vertex -52.1627 -42.8089 45
    endloop
  endfacet
  facet normal 0.757213 0.653168 0
    outer loop
      vertex -52.1627 -42.8089 5
      vertex -49.9994 -45.3168 45
      vertex -49.9994 -45.3168 5
    endloop
  endfacet
  facet normal -0.575825 0.817573 0
    outer loop
      vertex 40.1978 -54.2004 5
      vertex 37.4899 -56.1076 45
      vertex 40.1978 -54.2004 45
    endloop
  endfacet
  facet normal -0.575825 0.817573 0
    outer loop
      vertex 37.4899 -56.1076 45
      vertex 40.1978 -54.2004 5
      vertex 37.4899 -56.1076 5
    endloop
  endfacet
  facet normal -0.615227 -0.78835 0
    outer loop
      vertex 40.1978 54.2004 5
      vertex 42.8089 52.1627 45
      vertex 40.1978 54.2004 45
    endloop
  endfacet
  facet normal -0.615227 -0.78835 -0
    outer loop
      vertex 42.8089 52.1627 45
      vertex 40.1978 54.2004 5
      vertex 42.8089 52.1627 5
    endloop
  endfacet
  facet normal -0.0735489 -0.997292 0
    outer loop
      vertex 3.31109 67.3987 5
      vertex 6.6142 67.1551 45
      vertex 3.31109 67.3987 45
    endloop
  endfacet
  facet normal -0.0735489 -0.997292 -0
    outer loop
      vertex 6.6142 67.1551 45
      vertex 3.31109 67.3987 5
      vertex 6.6142 67.1551 5
    endloop
  endfacet
  facet normal 0.992477 0.12243 0
    outer loop
      vertex -66.7496 -9.90137 45
      vertex -67.1551 -6.6142 5
      vertex -67.1551 -6.6142 45
    endloop
  endfacet
  facet normal 0.992477 0.12243 0
    outer loop
      vertex -67.1551 -6.6142 5
      vertex -66.7496 -9.90137 45
      vertex -66.7496 -9.90137 5
    endloop
  endfacet
  facet normal -0.12243 -0.992477 0
    outer loop
      vertex 6.6142 67.1551 5
      vertex 9.90137 66.7496 45
      vertex 6.6142 67.1551 45
    endloop
  endfacet
  facet normal -0.12243 -0.992477 -0
    outer loop
      vertex 9.90137 66.7496 45
      vertex 6.6142 67.1551 5
      vertex 9.90137 66.7496 5
    endloop
  endfacet
  facet normal -0.17095 -0.98528 0
    outer loop
      vertex 9.90137 66.7496 5
      vertex 13.1647 66.1834 45
      vertex 9.90137 66.7496 45
    endloop
  endfacet
  facet normal -0.17095 -0.98528 -0
    outer loop
      vertex 13.1647 66.1834 45
      vertex 9.90137 66.7496 5
      vertex 13.1647 66.1834 5
    endloop
  endfacet
  facet normal -0.914207 0.405247 0
    outer loop
      vertex 61.0012 -28.8514 5
      vertex 62.3434 -25.8235 45
      vertex 62.3434 -25.8235 5
    endloop
  endfacet
  facet normal -0.914207 0.405247 0
    outer loop
      vertex 62.3434 -25.8235 45
      vertex 61.0012 -28.8514 5
      vertex 61.0012 -28.8514 45
    endloop
  endfacet
  facet normal -0.949531 0.313672 0
    outer loop
      vertex 63.5354 -22.7333 5
      vertex 64.5743 -19.5884 45
      vertex 64.5743 -19.5884 5
    endloop
  endfacet
  facet normal -0.949531 0.313672 0
    outer loop
      vertex 64.5743 -19.5884 45
      vertex 63.5354 -22.7333 5
      vertex 63.5354 -22.7333 45
    endloop
  endfacet
  facet normal 0.313672 -0.949531 0
    outer loop
      vertex -22.7333 63.5354 5
      vertex -19.5884 64.5743 45
      vertex -22.7333 63.5354 45
    endloop
  endfacet
  facet normal 0.313672 -0.949531 0
    outer loop
      vertex -19.5884 64.5743 45
      vertex -22.7333 63.5354 5
      vertex -19.5884 64.5743 5
    endloop
  endfacet
  facet normal -0.405247 -0.914207 0
    outer loop
      vertex 25.8235 62.3434 5
      vertex 28.8514 61.0012 45
      vertex 25.8235 62.3434 45
    endloop
  endfacet
  facet normal -0.405247 -0.914207 -0
    outer loop
      vertex 28.8514 61.0012 45
      vertex 25.8235 62.3434 5
      vertex 28.8514 61.0012 5
    endloop
  endfacet
  facet normal 0.689533 0.724254 -0
    outer loop
      vertex -45.3168 -49.9994 5
      vertex -47.7156 -47.7156 45
      vertex -45.3168 -49.9994 45
    endloop
  endfacet
  facet normal 0.689533 0.724254 0
    outer loop
      vertex -47.7156 -47.7156 45
      vertex -45.3168 -49.9994 5
      vertex -47.7156 -47.7156 5
    endloop
  endfacet
  facet normal 0.999699 -0.0245464 0
    outer loop
      vertex -67.48 0 45
      vertex -67.3987 3.31109 5
      vertex -67.3987 3.31109 45
    endloop
  endfacet
  facet normal 0.999699 -0.0245464 0
    outer loop
      vertex -67.3987 3.31109 5
      vertex -67.48 0 45
      vertex -67.48 0 5
    endloop
  endfacet
  facet normal -0.0245464 -0.999699 0
    outer loop
      vertex 0 67.48 5
      vertex 3.31109 67.3987 45
      vertex 0 67.48 45
    endloop
  endfacet
  facet normal -0.0245464 -0.999699 -0
    outer loop
      vertex 3.31109 67.3987 45
      vertex 0 67.48 5
      vertex 3.31109 67.3987 5
    endloop
  endfacet
  facet normal -0.359889 -0.932995 0
    outer loop
      vertex 22.7333 63.5354 5
      vertex 25.8235 62.3434 45
      vertex 22.7333 63.5354 45
    endloop
  endfacet
  facet normal -0.359889 -0.932995 -0
    outer loop
      vertex 25.8235 62.3434 45
      vertex 22.7333 63.5354 5
      vertex 25.8235 62.3434 5
    endloop
  endfacet
  facet normal -0.689533 -0.724254 0
    outer loop
      vertex 45.3168 49.9994 5
      vertex 47.7156 47.7156 45
      vertex 45.3168 49.9994 45
    endloop
  endfacet
  facet normal -0.689533 -0.724254 -0
    outer loop
      vertex 47.7156 47.7156 45
      vertex 45.3168 49.9994 5
      vertex 47.7156 47.7156 5
    endloop
  endfacet
  facet normal -0.817573 -0.575825 0
    outer loop
      vertex 56.1076 37.4899 5
      vertex 54.2004 40.1978 45
      vertex 54.2004 40.1978 5
    endloop
  endfacet
  facet normal -0.817573 -0.575825 0
    outer loop
      vertex 54.2004 40.1978 45
      vertex 56.1076 37.4899 5
      vertex 56.1076 37.4899 45
    endloop
  endfacet
  facet normal -0.78835 -0.615227 0
    outer loop
      vertex 54.2004 40.1978 5
      vertex 52.1627 42.8089 45
      vertex 52.1627 42.8089 5
    endloop
  endfacet
  facet normal -0.78835 -0.615227 0
    outer loop
      vertex 52.1627 42.8089 45
      vertex 54.2004 40.1978 5
      vertex 54.2004 40.1978 45
    endloop
  endfacet
  facet normal 0.98528 0.17095 0
    outer loop
      vertex -66.1834 -13.1647 45
      vertex -66.7496 -9.90137 5
      vertex -66.7496 -9.90137 45
    endloop
  endfacet
  facet normal 0.98528 0.17095 0
    outer loop
      vertex -66.7496 -9.90137 5
      vertex -66.1834 -13.1647 45
      vertex -66.1834 -13.1647 5
    endloop
  endfacet
  facet normal -0.449615 -0.893222 0
    outer loop
      vertex 28.8514 61.0012 5
      vertex 31.8099 59.512 45
      vertex 28.8514 61.0012 45
    endloop
  endfacet
  facet normal -0.449615 -0.893222 -0
    outer loop
      vertex 31.8099 59.512 45
      vertex 28.8514 61.0012 5
      vertex 31.8099 59.512 5
    endloop
  endfacet
  facet normal 0.219107 0.975701 -0
    outer loop
      vertex -13.1647 -66.1834 5
      vertex -16.3963 -65.4577 45
      vertex -13.1647 -66.1834 45
    endloop
  endfacet
  facet normal 0.219107 0.975701 0
    outer loop
      vertex -16.3963 -65.4577 45
      vertex -13.1647 -66.1834 5
      vertex -16.3963 -65.4577 5
    endloop
  endfacet
  facet normal 0.615227 0.78835 -0
    outer loop
      vertex -40.1978 -54.2004 5
      vertex -42.8089 -52.1627 45
      vertex -40.1978 -54.2004 45
    endloop
  endfacet
  facet normal 0.615227 0.78835 0
    outer loop
      vertex -42.8089 -52.1627 45
      vertex -40.1978 -54.2004 5
      vertex -42.8089 -52.1627 5
    endloop
  endfacet
  facet normal 0.0245464 0.999699 -0
    outer loop
      vertex 0 -67.48 5
      vertex -3.31109 -67.3987 45
      vertex 0 -67.48 45
    endloop
  endfacet
  facet normal 0.0245464 0.999699 0
    outer loop
      vertex -3.31109 -67.3987 45
      vertex 0 -67.48 5
      vertex -3.31109 -67.3987 5
    endloop
  endfacet
  facet normal 0.757213 -0.653168 0
    outer loop
      vertex -52.1627 42.8089 45
      vertex -49.9994 45.3168 5
      vertex -49.9994 45.3168 45
    endloop
  endfacet
  facet normal 0.757213 -0.653168 0
    outer loop
      vertex -49.9994 45.3168 5
      vertex -52.1627 42.8089 45
      vertex -52.1627 42.8089 5
    endloop
  endfacet
  facet normal 0.724254 -0.689533 0
    outer loop
      vertex -49.9994 45.3168 45
      vertex -47.7156 47.7156 5
      vertex -47.7156 47.7156 45
    endloop
  endfacet
  facet normal 0.724254 -0.689533 0
    outer loop
      vertex -47.7156 47.7156 5
      vertex -49.9994 45.3168 45
      vertex -49.9994 45.3168 5
    endloop
  endfacet
  facet normal 0.359889 0.932995 -0
    outer loop
      vertex -22.7333 -63.5354 5
      vertex -25.8235 -62.3434 45
      vertex -22.7333 -63.5354 45
    endloop
  endfacet
  facet normal 0.359889 0.932995 0
    outer loop
      vertex -25.8235 -62.3434 45
      vertex -22.7333 -63.5354 5
      vertex -25.8235 -62.3434 5
    endloop
  endfacet
  facet normal 0.999699 0.0245464 0
    outer loop
      vertex -67.3987 -3.31109 45
      vertex -67.48 0 5
      vertex -67.48 0 45
    endloop
  endfacet
  facet normal 0.999699 0.0245464 0
    outer loop
      vertex -67.48 0 5
      vertex -67.3987 -3.31109 45
      vertex -67.3987 -3.31109 5
    endloop
  endfacet
  facet normal -0.999699 0.0245464 0
    outer loop
      vertex 67.3987 -3.31109 5
      vertex 67.48 0 45
      vertex 67.48 0 5
    endloop
  endfacet
  facet normal -0.999699 0.0245464 0
    outer loop
      vertex 67.48 0 45
      vertex 67.3987 -3.31109 5
      vertex 67.3987 -3.31109 45
    endloop
  endfacet
  facet normal 0.359889 -0.932995 0
    outer loop
      vertex -25.8235 62.3434 5
      vertex -22.7333 63.5354 45
      vertex -25.8235 62.3434 45
    endloop
  endfacet
  facet normal 0.359889 -0.932995 0
    outer loop
      vertex -22.7333 63.5354 45
      vertex -25.8235 62.3434 5
      vertex -22.7333 63.5354 5
    endloop
  endfacet
  facet normal 0.844859 0.534989 0
    outer loop
      vertex -56.1076 -37.4899 45
      vertex -57.8795 -34.6917 5
      vertex -57.8795 -34.6917 45
    endloop
  endfacet
  facet normal 0.844859 0.534989 0
    outer loop
      vertex -57.8795 -34.6917 5
      vertex -56.1076 -37.4899 45
      vertex -56.1076 -37.4899 5
    endloop
  endfacet
  facet normal 0.949531 -0.313672 0
    outer loop
      vertex -64.5743 19.5884 45
      vertex -63.5354 22.7333 5
      vertex -63.5354 22.7333 45
    endloop
  endfacet
  facet normal 0.949531 -0.313672 0
    outer loop
      vertex -63.5354 22.7333 5
      vertex -64.5743 19.5884 45
      vertex -64.5743 19.5884 5
    endloop
  endfacet
  facet normal 0.17095 0.98528 -0
    outer loop
      vertex -9.90137 -66.7496 5
      vertex -13.1647 -66.1834 45
      vertex -9.90137 -66.7496 45
    endloop
  endfacet
  facet normal 0.17095 0.98528 0
    outer loop
      vertex -13.1647 -66.1834 45
      vertex -9.90137 -66.7496 5
      vertex -13.1647 -66.1834 5
    endloop
  endfacet
  facet normal -0.914207 -0.405247 0
    outer loop
      vertex 62.3434 25.8235 5
      vertex 61.0012 28.8514 45
      vertex 61.0012 28.8514 5
    endloop
  endfacet
  facet normal -0.914207 -0.405247 0
    outer loop
      vertex 61.0012 28.8514 45
      vertex 62.3434 25.8235 5
      vertex 62.3434 25.8235 45
    endloop
  endfacet
  facet normal 0.492894 -0.87009 0
    outer loop
      vertex -34.6917 57.8795 5
      vertex -31.8099 59.512 45
      vertex -34.6917 57.8795 45
    endloop
  endfacet
  facet normal 0.492894 -0.87009 0
    outer loop
      vertex -31.8099 59.512 45
      vertex -34.6917 57.8795 5
      vertex -31.8099 59.512 5
    endloop
  endfacet
  facet normal -0.975701 -0.219107 0
    outer loop
      vertex 66.1834 13.1647 5
      vertex 65.4577 16.3963 45
      vertex 65.4577 16.3963 5
    endloop
  endfacet
  facet normal -0.975701 -0.219107 0
    outer loop
      vertex 65.4577 16.3963 45
      vertex 66.1834 13.1647 5
      vertex 66.1834 13.1647 45
    endloop
  endfacet
  facet normal 0.615227 -0.78835 0
    outer loop
      vertex -42.8089 52.1627 5
      vertex -40.1978 54.2004 45
      vertex -42.8089 52.1627 45
    endloop
  endfacet
  facet normal 0.615227 -0.78835 0
    outer loop
      vertex -40.1978 54.2004 45
      vertex -42.8089 52.1627 5
      vertex -40.1978 54.2004 5
    endloop
  endfacet
  facet normal -0.724254 -0.689533 0
    outer loop
      vertex 49.9994 45.3168 5
      vertex 47.7156 47.7156 45
      vertex 47.7156 47.7156 5
    endloop
  endfacet
  facet normal -0.724254 -0.689533 0
    outer loop
      vertex 47.7156 47.7156 45
      vertex 49.9994 45.3168 5
      vertex 49.9994 45.3168 45
    endloop
  endfacet
  facet normal -0.963774 -0.26672 0
    outer loop
      vertex 65.4577 16.3963 5
      vertex 64.5743 19.5884 45
      vertex 64.5743 19.5884 5
    endloop
  endfacet
  facet normal -0.963774 -0.26672 0
    outer loop
      vertex 64.5743 19.5884 45
      vertex 65.4577 16.3963 5
      vertex 65.4577 16.3963 45
    endloop
  endfacet
  facet normal 0.12243 -0.992477 0
    outer loop
      vertex -9.90137 66.7496 5
      vertex -6.6142 67.1551 45
      vertex -9.90137 66.7496 45
    endloop
  endfacet
  facet normal 0.12243 -0.992477 0
    outer loop
      vertex -6.6142 67.1551 45
      vertex -9.90137 66.7496 5
      vertex -6.6142 67.1551 5
    endloop
  endfacet
  facet normal 0.724254 0.689533 0
    outer loop
      vertex -47.7156 -47.7156 45
      vertex -49.9994 -45.3168 5
      vertex -49.9994 -45.3168 45
    endloop
  endfacet
  facet normal 0.724254 0.689533 0
    outer loop
      vertex -49.9994 -45.3168 5
      vertex -47.7156 -47.7156 45
      vertex -47.7156 -47.7156 5
    endloop
  endfacet
  facet normal -0.26672 -0.963774 0
    outer loop
      vertex 16.3963 65.4577 5
      vertex 19.5884 64.5743 45
      vertex 16.3963 65.4577 45
    endloop
  endfacet
  facet normal -0.26672 -0.963774 -0
    outer loop
      vertex 19.5884 64.5743 45
      vertex 16.3963 65.4577 5
      vertex 19.5884 64.5743 5
    endloop
  endfacet
  facet normal 0.997292 -0.0735489 0
    outer loop
      vertex -67.3987 3.31109 45
      vertex -67.1551 6.6142 5
      vertex -67.1551 6.6142 45
    endloop
  endfacet
  facet normal 0.997292 -0.0735489 0
    outer loop
      vertex -67.1551 6.6142 5
      vertex -67.3987 3.31109 45
      vertex -67.3987 3.31109 5
    endloop
  endfacet
  facet normal 0.405247 0.914207 -0
    outer loop
      vertex -25.8235 -62.3434 5
      vertex -28.8514 -61.0012 45
      vertex -25.8235 -62.3434 45
    endloop
  endfacet
  facet normal 0.405247 0.914207 0
    outer loop
      vertex -28.8514 -61.0012 45
      vertex -25.8235 -62.3434 5
      vertex -28.8514 -61.0012 5
    endloop
  endfacet
  facet normal 0.932995 0.359889 0
    outer loop
      vertex -62.3434 -25.8235 45
      vertex -63.5354 -22.7333 5
      vertex -63.5354 -22.7333 45
    endloop
  endfacet
  facet normal 0.932995 0.359889 0
    outer loop
      vertex -63.5354 -22.7333 5
      vertex -62.3434 -25.8235 45
      vertex -62.3434 -25.8235 5
    endloop
  endfacet
  facet normal 0.949531 0.313672 0
    outer loop
      vertex -63.5354 -22.7333 45
      vertex -64.5743 -19.5884 5
      vertex -64.5743 -19.5884 45
    endloop
  endfacet
  facet normal 0.949531 0.313672 0
    outer loop
      vertex -64.5743 -19.5884 5
      vertex -63.5354 -22.7333 45
      vertex -63.5354 -22.7333 5
    endloop
  endfacet
  facet normal 0.975701 -0.219107 0
    outer loop
      vertex -66.1834 13.1647 45
      vertex -65.4577 16.3963 5
      vertex -65.4577 16.3963 45
    endloop
  endfacet
  facet normal 0.975701 -0.219107 0
    outer loop
      vertex -65.4577 16.3963 5
      vertex -66.1834 13.1647 45
      vertex -66.1834 13.1647 5
    endloop
  endfacet
  facet normal 0.449615 0.893222 -0
    outer loop
      vertex -28.8514 -61.0012 5
      vertex -31.8099 -59.512 45
      vertex -28.8514 -61.0012 45
    endloop
  endfacet
  facet normal 0.449615 0.893222 0
    outer loop
      vertex -31.8099 -59.512 45
      vertex -28.8514 -61.0012 5
      vertex -31.8099 -59.512 5
    endloop
  endfacet
  facet normal -0.757213 -0.653168 0
    outer loop
      vertex 52.1627 42.8089 5
      vertex 49.9994 45.3168 45
      vertex 49.9994 45.3168 5
    endloop
  endfacet
  facet normal -0.757213 -0.653168 0
    outer loop
      vertex 49.9994 45.3168 45
      vertex 52.1627 42.8089 5
      vertex 52.1627 42.8089 45
    endloop
  endfacet
  facet normal 0.534989 0.844859 -0
    outer loop
      vertex -34.6917 -57.8795 5
      vertex -37.4899 -56.1076 45
      vertex -34.6917 -57.8795 45
    endloop
  endfacet
  facet normal 0.534989 0.844859 0
    outer loop
      vertex -37.4899 -56.1076 45
      vertex -34.6917 -57.8795 5
      vertex -37.4899 -56.1076 5
    endloop
  endfacet
  facet normal -0.844859 0.534989 0
    outer loop
      vertex 56.1076 -37.4899 5
      vertex 57.8795 -34.6917 45
      vertex 57.8795 -34.6917 5
    endloop
  endfacet
  facet normal -0.844859 0.534989 0
    outer loop
      vertex 57.8795 -34.6917 45
      vertex 56.1076 -37.4899 5
      vertex 56.1076 -37.4899 45
    endloop
  endfacet
  facet normal -0.12243 0.992477 0
    outer loop
      vertex 9.90137 -66.7496 5
      vertex 6.6142 -67.1551 45
      vertex 9.90137 -66.7496 45
    endloop
  endfacet
  facet normal -0.12243 0.992477 0
    outer loop
      vertex 6.6142 -67.1551 45
      vertex 9.90137 -66.7496 5
      vertex 6.6142 -67.1551 5
    endloop
  endfacet
  facet normal -0.449615 0.893222 0
    outer loop
      vertex 31.8099 -59.512 5
      vertex 28.8514 -61.0012 45
      vertex 31.8099 -59.512 45
    endloop
  endfacet
  facet normal -0.449615 0.893222 0
    outer loop
      vertex 28.8514 -61.0012 45
      vertex 31.8099 -59.512 5
      vertex 28.8514 -61.0012 5
    endloop
  endfacet
  facet normal 0.844859 -0.534989 0
    outer loop
      vertex -57.8795 34.6917 45
      vertex -56.1076 37.4899 5
      vertex -56.1076 37.4899 45
    endloop
  endfacet
  facet normal 0.844859 -0.534989 0
    outer loop
      vertex -56.1076 37.4899 5
      vertex -57.8795 34.6917 45
      vertex -57.8795 34.6917 5
    endloop
  endfacet
  facet normal 0.975701 0.219107 0
    outer loop
      vertex -65.4577 -16.3963 45
      vertex -66.1834 -13.1647 5
      vertex -66.1834 -13.1647 45
    endloop
  endfacet
  facet normal 0.975701 0.219107 0
    outer loop
      vertex -66.1834 -13.1647 5
      vertex -65.4577 -16.3963 45
      vertex -65.4577 -16.3963 5
    endloop
  endfacet
  facet normal -0.26672 0.963774 0
    outer loop
      vertex 19.5884 -64.5743 5
      vertex 16.3963 -65.4577 45
      vertex 19.5884 -64.5743 45
    endloop
  endfacet
  facet normal -0.26672 0.963774 0
    outer loop
      vertex 16.3963 -65.4577 45
      vertex 19.5884 -64.5743 5
      vertex 16.3963 -65.4577 5
    endloop
  endfacet
  facet normal -0.405247 0.914207 0
    outer loop
      vertex 28.8514 -61.0012 5
      vertex 25.8235 -62.3434 45
      vertex 28.8514 -61.0012 45
    endloop
  endfacet
  facet normal -0.405247 0.914207 0
    outer loop
      vertex 25.8235 -62.3434 45
      vertex 28.8514 -61.0012 5
      vertex 25.8235 -62.3434 5
    endloop
  endfacet
  facet normal 0.87009 0.492894 0
    outer loop
      vertex -57.8795 -34.6917 45
      vertex -59.512 -31.8099 5
      vertex -59.512 -31.8099 45
    endloop
  endfacet
  facet normal 0.87009 0.492894 0
    outer loop
      vertex -59.512 -31.8099 5
      vertex -57.8795 -34.6917 45
      vertex -57.8795 -34.6917 5
    endloop
  endfacet
  facet normal -0.98528 0.17095 0
    outer loop
      vertex 66.1834 -13.1647 5
      vertex 66.7496 -9.90137 45
      vertex 66.7496 -9.90137 5
    endloop
  endfacet
  facet normal -0.98528 0.17095 0
    outer loop
      vertex 66.7496 -9.90137 45
      vertex 66.1834 -13.1647 5
      vertex 66.1834 -13.1647 45
    endloop
  endfacet
  facet normal 0.449615 -0.893222 0
    outer loop
      vertex -31.8099 59.512 5
      vertex -28.8514 61.0012 45
      vertex -31.8099 59.512 45
    endloop
  endfacet
  facet normal 0.449615 -0.893222 0
    outer loop
      vertex -28.8514 61.0012 45
      vertex -31.8099 59.512 5
      vertex -28.8514 61.0012 5
    endloop
  endfacet
  facet normal 0.26672 0.963774 -0
    outer loop
      vertex -16.3963 -65.4577 5
      vertex -19.5884 -64.5743 45
      vertex -16.3963 -65.4577 45
    endloop
  endfacet
  facet normal 0.26672 0.963774 0
    outer loop
      vertex -19.5884 -64.5743 45
      vertex -16.3963 -65.4577 5
      vertex -19.5884 -64.5743 5
    endloop
  endfacet
  facet normal 0.963774 -0.26672 0
    outer loop
      vertex -65.4577 16.3963 45
      vertex -64.5743 19.5884 5
      vertex -64.5743 19.5884 45
    endloop
  endfacet
  facet normal 0.963774 -0.26672 0
    outer loop
      vertex -64.5743 19.5884 5
      vertex -65.4577 16.3963 45
      vertex -65.4577 16.3963 5
    endloop
  endfacet
  facet normal -0.313672 0.949531 0
    outer loop
      vertex 22.7333 -63.5354 5
      vertex 19.5884 -64.5743 45
      vertex 22.7333 -63.5354 45
    endloop
  endfacet
  facet normal -0.313672 0.949531 0
    outer loop
      vertex 19.5884 -64.5743 45
      vertex 22.7333 -63.5354 5
      vertex 19.5884 -64.5743 5
    endloop
  endfacet
  facet normal -0.359889 0.932995 0
    outer loop
      vertex 25.8235 -62.3434 5
      vertex 22.7333 -63.5354 45
      vertex 25.8235 -62.3434 45
    endloop
  endfacet
  facet normal -0.359889 0.932995 0
    outer loop
      vertex 22.7333 -63.5354 45
      vertex 25.8235 -62.3434 5
      vertex 22.7333 -63.5354 5
    endloop
  endfacet
  facet normal 0.932995 -0.359889 0
    outer loop
      vertex -63.5354 22.7333 45
      vertex -62.3434 25.8235 5
      vertex -62.3434 25.8235 45
    endloop
  endfacet
  facet normal 0.932995 -0.359889 0
    outer loop
      vertex -62.3434 25.8235 5
      vertex -63.5354 22.7333 45
      vertex -63.5354 22.7333 5
    endloop
  endfacet
  facet normal -0.534989 0.844859 0
    outer loop
      vertex 37.4899 -56.1076 5
      vertex 34.6917 -57.8795 45
      vertex 37.4899 -56.1076 45
    endloop
  endfacet
  facet normal -0.534989 0.844859 0
    outer loop
      vertex 34.6917 -57.8795 45
      vertex 37.4899 -56.1076 5
      vertex 34.6917 -57.8795 5
    endloop
  endfacet
  facet normal 0.78835 -0.615227 0
    outer loop
      vertex -54.2004 40.1978 45
      vertex -52.1627 42.8089 5
      vertex -52.1627 42.8089 45
    endloop
  endfacet
  facet normal 0.78835 -0.615227 0
    outer loop
      vertex -52.1627 42.8089 5
      vertex -54.2004 40.1978 45
      vertex -54.2004 40.1978 5
    endloop
  endfacet
  facet normal 0.914207 0.405247 0
    outer loop
      vertex -61.0012 -28.8514 45
      vertex -62.3434 -25.8235 5
      vertex -62.3434 -25.8235 45
    endloop
  endfacet
  facet normal 0.914207 0.405247 0
    outer loop
      vertex -62.3434 -25.8235 5
      vertex -61.0012 -28.8514 45
      vertex -61.0012 -28.8514 5
    endloop
  endfacet
  facet normal 0.26672 -0.963774 0
    outer loop
      vertex -19.5884 64.5743 5
      vertex -16.3963 65.4577 45
      vertex -19.5884 64.5743 45
    endloop
  endfacet
  facet normal 0.26672 -0.963774 0
    outer loop
      vertex -16.3963 65.4577 45
      vertex -19.5884 64.5743 5
      vertex -16.3963 65.4577 5
    endloop
  endfacet
  facet normal 0.78835 0.615227 0
    outer loop
      vertex -52.1627 -42.8089 45
      vertex -54.2004 -40.1978 5
      vertex -54.2004 -40.1978 45
    endloop
  endfacet
  facet normal 0.78835 0.615227 0
    outer loop
      vertex -54.2004 -40.1978 5
      vertex -52.1627 -42.8089 45
      vertex -52.1627 -42.8089 5
    endloop
  endfacet
  facet normal 0.817573 0.575825 0
    outer loop
      vertex -54.2004 -40.1978 45
      vertex -56.1076 -37.4899 5
      vertex -56.1076 -37.4899 45
    endloop
  endfacet
  facet normal 0.817573 0.575825 0
    outer loop
      vertex -56.1076 -37.4899 5
      vertex -54.2004 -40.1978 45
      vertex -54.2004 -40.1978 5
    endloop
  endfacet
  facet normal -0.313672 -0.949531 0
    outer loop
      vertex 19.5884 64.5743 5
      vertex 22.7333 63.5354 45
      vertex 19.5884 64.5743 45
    endloop
  endfacet
  facet normal -0.313672 -0.949531 -0
    outer loop
      vertex 22.7333 63.5354 45
      vertex 19.5884 64.5743 5
      vertex 22.7333 63.5354 5
    endloop
  endfacet
  facet normal 0.963774 0.26672 0
    outer loop
      vertex -64.5743 -19.5884 45
      vertex -65.4577 -16.3963 5
      vertex -65.4577 -16.3963 45
    endloop
  endfacet
  facet normal 0.963774 0.26672 0
    outer loop
      vertex -65.4577 -16.3963 5
      vertex -64.5743 -19.5884 45
      vertex -64.5743 -19.5884 5
    endloop
  endfacet
  facet normal -0.492894 0.87009 0
    outer loop
      vertex 34.6917 -57.8795 5
      vertex 31.8099 -59.512 45
      vertex 34.6917 -57.8795 45
    endloop
  endfacet
  facet normal -0.492894 0.87009 0
    outer loop
      vertex 31.8099 -59.512 45
      vertex 34.6917 -57.8795 5
      vertex 31.8099 -59.512 5
    endloop
  endfacet
  facet normal 0.893222 -0.449615 0
    outer loop
      vertex -61.0012 28.8514 45
      vertex -59.512 31.8099 5
      vertex -59.512 31.8099 45
    endloop
  endfacet
  facet normal 0.893222 -0.449615 0
    outer loop
      vertex -59.512 31.8099 5
      vertex -61.0012 28.8514 45
      vertex -61.0012 28.8514 5
    endloop
  endfacet
  facet normal 0.653168 0.757213 -0
    outer loop
      vertex -42.8089 -52.1627 5
      vertex -45.3168 -49.9994 45
      vertex -42.8089 -52.1627 45
    endloop
  endfacet
  facet normal 0.653168 0.757213 0
    outer loop
      vertex -45.3168 -49.9994 45
      vertex -42.8089 -52.1627 5
      vertex -45.3168 -49.9994 5
    endloop
  endfacet
  facet normal 0.87009 -0.492894 0
    outer loop
      vertex -59.512 31.8099 45
      vertex -57.8795 34.6917 5
      vertex -57.8795 34.6917 45
    endloop
  endfacet
  facet normal 0.87009 -0.492894 0
    outer loop
      vertex -57.8795 34.6917 5
      vertex -59.512 31.8099 45
      vertex -59.512 31.8099 5
    endloop
  endfacet
  facet normal 0.405247 -0.914207 0
    outer loop
      vertex -28.8514 61.0012 5
      vertex -25.8235 62.3434 45
      vertex -28.8514 61.0012 45
    endloop
  endfacet
  facet normal 0.405247 -0.914207 0
    outer loop
      vertex -25.8235 62.3434 45
      vertex -28.8514 61.0012 5
      vertex -25.8235 62.3434 5
    endloop
  endfacet
  facet normal 0.575825 0.817573 -0
    outer loop
      vertex -37.4899 -56.1076 5
      vertex -40.1978 -54.2004 45
      vertex -37.4899 -56.1076 45
    endloop
  endfacet
  facet normal 0.575825 0.817573 0
    outer loop
      vertex -40.1978 -54.2004 45
      vertex -37.4899 -56.1076 5
      vertex -40.1978 -54.2004 5
    endloop
  endfacet
  facet normal 0.893222 0.449615 0
    outer loop
      vertex -59.512 -31.8099 45
      vertex -61.0012 -28.8514 5
      vertex -61.0012 -28.8514 45
    endloop
  endfacet
  facet normal 0.893222 0.449615 0
    outer loop
      vertex -61.0012 -28.8514 5
      vertex -59.512 -31.8099 45
      vertex -59.512 -31.8099 5
    endloop
  endfacet
  facet normal 0 -1 0
    outer loop
      vertex 31.7111 4 0
      vertex 67.3479 4 5
      vertex 29.7249 4 5
    endloop
  endfacet
  facet normal 0 -1 0
    outer loop
      vertex 67.3479 4 5
      vertex 85.5446 4 3
      vertex 109.902 4 5
    endloop
  endfacet
  facet normal 0 -1 0
    outer loop
      vertex 31.0759 4 0.943683
      vertex 29.7249 4 5
      vertex 29.7249 4 2.95066
    endloop
  endfacet
  facet normal 0 -1 0
    outer loop
      vertex 31.7111 4 0
      vertex 29.7249 4 5
      vertex 31.0759 4 0.943683
    endloop
  endfacet
  facet normal 0 -1 0
    outer loop
      vertex 85.5446 4 0
      vertex 67.3479 4 5
      vertex 31.7111 4 0
    endloop
  endfacet
  facet normal 0 -1 0
    outer loop
      vertex 67.3479 4 5
      vertex 85.5446 4 0
      vertex 85.5446 4 3
    endloop
  endfacet
  facet normal 0 -1 0
    outer loop
      vertex 94.4554 4 3
      vertex 109.902 4 5
      vertex 85.5446 4 3
    endloop
  endfacet
  facet normal 0 -1 0
    outer loop
      vertex 109.902 4 0
      vertex 94.4554 4 3
      vertex 94.4554 4 0
    endloop
  endfacet
  facet normal 0 -1 0
    outer loop
      vertex 94.4554 4 3
      vertex 109.902 4 0
      vertex 109.902 4 5
    endloop
  endfacet
  facet normal 0 1 -0
    outer loop
      vertex 85.5446 -4 3
      vertex 67.3479 -4 5
      vertex 109.902 -4 5
    endloop
  endfacet
  facet normal 0 1 0
    outer loop
      vertex 85.5446 -4 3
      vertex 109.902 -4 5
      vertex 94.4554 -4 3
    endloop
  endfacet
  facet normal 0 1 -0
    outer loop
      vertex 109.902 -4 0
      vertex 94.4554 -4 3
      vertex 109.902 -4 5
    endloop
  endfacet
  facet normal 0 1 0
    outer loop
      vertex 94.4554 -4 3
      vertex 109.902 -4 0
      vertex 94.4554 -4 0
    endloop
  endfacet
  facet normal 0 1 -0
    outer loop
      vertex 85.5446 -4 0
      vertex 67.3479 -4 5
      vertex 85.5446 -4 3
    endloop
  endfacet
  facet normal 0 1 0
    outer loop
      vertex 67.3479 -4 5
      vertex 31.7111 -4 0
      vertex 29.7249 -4 5
    endloop
  endfacet
  facet normal 0 1 0
    outer loop
      vertex 29.7249 -4 5
      vertex 31.0759 -4 0.943683
      vertex 29.7249 -4 2.95066
    endloop
  endfacet
  facet normal 0 1 0
    outer loop
      vertex 67.3479 -4 5
      vertex 85.5446 -4 0
      vertex 31.7111 -4 0
    endloop
  endfacet
  facet normal 0 1 0
    outer loop
      vertex 29.7249 -4 5
      vertex 31.7111 -4 0
      vertex 31.0759 -4 0.943683
    endloop
  endfacet
  facet normal 0.995156 0.0983078 0
    outer loop
      vertex 35.692 4.69894 51
      vertex 35.7095 4.52179 50.7
      vertex 35.692 4.69894 50.7
    endloop
  endfacet
  facet normal 0.995187 0.0979921 0
    outer loop
      vertex 35.7095 4.52179 50.7
      vertex 35.8968 2.61961 50.7
      vertex 35.7095 4.52179 47.7
    endloop
  endfacet
  facet normal 0.995187 0.0979921 0.000188267
    outer loop
      vertex 35.692 4.69894 51
      vertex 35.8968 2.61961 50.7
      vertex 35.7095 4.52179 50.7
    endloop
  endfacet
  facet normal 0.995185 0.0980145 3.10825e-05
    outer loop
      vertex 35.9229 2.35451 51
      vertex 35.8968 2.61961 50.7
      vertex 35.692 4.69894 51
    endloop
  endfacet
  facet normal 0.995188 0.0979797 0
    outer loop
      vertex 35.8968 2.61961 50.7
      vertex 35.9229 2.35451 51
      vertex 35.9229 2.35451 50.7
    endloop
  endfacet
  facet normal 0.995156 0.0983078 0
    outer loop
      vertex 35.7095 4.52179 47.7
      vertex 35.692 4.69894 45
      vertex 35.692 4.69894 47.7
    endloop
  endfacet
  facet normal 0.995187 0.0979921 -0
    outer loop
      vertex 35.8968 2.61961 47.7
      vertex 35.7095 4.52179 47.7
      vertex 35.8968 2.61961 50.7
    endloop
  endfacet
  facet normal 0.995187 0.0979921 -2.09186e-05
    outer loop
      vertex 35.7095 4.52179 47.7
      vertex 35.8968 2.61961 47.7
      vertex 35.692 4.69894 45
    endloop
  endfacet
  facet normal 0.995188 0.0979797 -0
    outer loop
      vertex 35.9229 2.35451 45
      vertex 35.8968 2.61961 47.7
      vertex 35.9229 2.35451 47.7
    endloop
  endfacet
  facet normal 0.995185 0.0980145 -3.45361e-06
    outer loop
      vertex 35.8968 2.61961 47.7
      vertex 35.9229 2.35451 45
      vertex 35.692 4.69894 45
    endloop
  endfacet
  facet normal 0.999468 0.0326051 0
    outer loop
      vertex 35.9229 2.35451 51
      vertex 35.9283 2.18898 50.7
      vertex 35.9229 2.35451 50.7
    endloop
  endfacet
  facet normal 0.999464 0.0327374 -0
    outer loop
      vertex 36 0 47.8
      vertex 35.9283 2.18898 50.7
      vertex 36 0 51
    endloop
  endfacet
  facet normal 0.999464 0.0327281 -6.7931e-05
    outer loop
      vertex 36 0 51
      vertex 35.9283 2.18898 50.7
      vertex 35.9229 2.35451 51
    endloop
  endfacet
  facet normal 0.999468 0.0326051 0
    outer loop
      vertex 35.9283 2.18898 47.7
      vertex 35.9229 2.35451 45
      vertex 35.9229 2.35451 47.7
    endloop
  endfacet
  facet normal 0.999464 0.0327374 0
    outer loop
      vertex 35.9283 2.18898 50.7
      vertex 36 0 47.8
      vertex 35.9283 2.18898 47.7
    endloop
  endfacet
  facet normal 0.999464 0.0327374 -0
    outer loop
      vertex 36 0 47.7
      vertex 35.9283 2.18898 47.7
      vertex 36 0 47.8
    endloop
  endfacet
  facet normal 0.999464 0.0327374 -0
    outer loop
      vertex 36 0 45
      vertex 35.9283 2.18898 47.7
      vertex 36 0 47.7
    endloop
  endfacet
  facet normal 0.999464 0.0327281 7.54789e-06
    outer loop
      vertex 35.9283 2.18898 47.7
      vertex 36 0 45
      vertex 35.9229 2.35451 45
    endloop
  endfacet
  facet normal -0.973871 -0.227101 0
    outer loop
      vertex -34.7733 -9.31748 45
      vertex -35.3083 -7.02325 51
      vertex -35.3083 -7.02325 45
    endloop
  endfacet
  facet normal -0.973871 -0.227101 0
    outer loop
      vertex -35.3083 -7.02325 51
      vertex -34.7733 -9.31748 45
      vertex -34.7733 -9.31748 51
    endloop
  endfacet
  facet normal 0.634384 -0.773018 0
    outer loop
      vertex 21.9154 -28.5607 45
      vertex 23.7365 -27.0662 51
      vertex 21.9154 -28.5607 51
    endloop
  endfacet
  facet normal 0.634384 -0.773018 0
    outer loop
      vertex 23.7365 -27.0662 51
      vertex 21.9154 -28.5607 45
      vertex 23.7365 -27.0662 45
    endloop
  endfacet
  facet normal 0.0327281 0.999464 -0
    outer loop
      vertex 2.35451 35.9229 45
      vertex 0 36 51
      vertex 2.35451 35.9229 51
    endloop
  endfacet
  facet normal 0.0327281 0.999464 0
    outer loop
      vertex 0 36 51
      vertex 2.35451 35.9229 45
      vertex 0 36 45
    endloop
  endfacet
  facet normal -0.93591 0.35224 0
    outer loop
      vertex -34.0895 11.5718 45
      vertex -33.2597 13.7766 51
      vertex -33.2597 13.7766 45
    endloop
  endfacet
  facet normal -0.93591 0.35224 0
    outer loop
      vertex -33.2597 13.7766 51
      vertex -34.0895 11.5718 45
      vertex -34.0895 11.5718 51
    endloop
  endfacet
  facet normal 0.227101 -0.973871 0
    outer loop
      vertex 7.02325 -35.3083 45
      vertex 9.31748 -34.7733 51
      vertex 7.02325 -35.3083 51
    endloop
  endfacet
  facet normal 0.227101 -0.973871 0
    outer loop
      vertex 9.31748 -34.7733 51
      vertex 7.02325 -35.3083 45
      vertex 9.31748 -34.7733 45
    endloop
  endfacet
  facet normal -0.683545 0.729908 0
    outer loop
      vertex -23.7365 27.0662 45
      vertex -23.9144 26.8996 47.7
      vertex -23.7365 27.0662 47.7
    endloop
  endfacet
  facet normal -0.683615 0.729843 -8.61263e-06
    outer loop
      vertex -25.4558 25.4558 45
      vertex -23.9144 26.8996 47.7
      vertex -23.7365 27.0662 45
    endloop
  endfacet
  facet normal -0.683601 0.729856 -2.37708e-05
    outer loop
      vertex -23.9144 26.8996 47.7
      vertex -25.4558 25.4558 45
      vertex -25.4339 25.4764 47.7
    endloop
  endfacet
  facet normal -0.685157 0.728395 0
    outer loop
      vertex -25.4339 25.4764 47.7
      vertex -25.4558 25.4558 45
      vertex -25.4558 25.4558 47.7
    endloop
  endfacet
  facet normal -0.683601 0.729856 0
    outer loop
      vertex -23.9144 26.8996 47.7
      vertex -25.4339 25.4764 50.7
      vertex -23.9144 26.8996 50.7
    endloop
  endfacet
  facet normal -0.683601 0.729856 0
    outer loop
      vertex -25.4339 25.4764 50.7
      vertex -23.9144 26.8996 47.7
      vertex -25.4339 25.4764 47.7
    endloop
  endfacet
  facet normal -0.683545 0.729908 0
    outer loop
      vertex -23.9144 26.8996 50.7
      vertex -23.7365 27.0662 51
      vertex -23.7365 27.0662 50.7
    endloop
  endfacet
  facet normal -0.683615 0.729843 7.75137e-05
    outer loop
      vertex -23.7365 27.0662 51
      vertex -23.9144 26.8996 50.7
      vertex -25.4558 25.4558 51
    endloop
  endfacet
  facet normal -0.683601 0.729856 0.000213937
    outer loop
      vertex -25.4339 25.4764 50.7
      vertex -25.4558 25.4558 51
      vertex -23.9144 26.8996 50.7
    endloop
  endfacet
  facet normal -0.685157 0.728395 0
    outer loop
      vertex -25.4558 25.4558 51
      vertex -25.4339 25.4764 50.7
      vertex -25.4558 25.4558 50.7
    endloop
  endfacet
  facet normal 0.986646 -0.162877 0
    outer loop
      vertex 35.3083 -7.02325 51
      vertex 35.692 -4.69894 45
      vertex 35.692 -4.69894 51
    endloop
  endfacet
  facet normal 0.986646 -0.162877 0
    outer loop
      vertex 35.692 -4.69894 45
      vertex 35.3083 -7.02325 51
      vertex 35.3083 -7.02325 45
    endloop
  endfacet
  facet normal -0.162842 -0.986652 -0
    outer loop
      vertex -7.02325 -35.3083 47.7
      vertex -7.02325 -35.3083 45
      vertex -6.83724 -35.339 47.7
    endloop
  endfacet
  facet normal -0.162842 -0.986652 0
    outer loop
      vertex -6.83724 -35.339 50.7
      vertex -7.02325 -35.3083 51
      vertex -7.02325 -35.3083 50.7
    endloop
  endfacet
  facet normal -0.162877 -0.986646 -2.22433e-05
    outer loop
      vertex -7.02325 -35.3083 51
      vertex -6.83724 -35.339 50.7
      vertex -4.69894 -35.692 51
    endloop
  endfacet
  facet normal -0.16288 -0.986646 0
    outer loop
      vertex -6.83724 -35.339 47.7
      vertex -4.69894 -35.692 51
      vertex -6.83724 -35.339 50.7
    endloop
  endfacet
  facet normal -0.162877 -0.986646 2.47148e-06
    outer loop
      vertex -4.69894 -35.692 45
      vertex -6.83724 -35.339 47.7
      vertex -7.02325 -35.3083 45
    endloop
  endfacet
  facet normal -0.16288 -0.986646 0
    outer loop
      vertex -6.83724 -35.339 47.7
      vertex -4.69894 -35.692 45
      vertex -4.69894 -35.692 51
    endloop
  endfacet
  facet normal -0.412725 0.910856 0
    outer loop
      vertex -13.7766 33.2597 45
      vertex -15.9224 32.2874 51
      vertex -13.7766 33.2597 51
    endloop
  endfacet
  facet normal -0.412725 0.910856 0
    outer loop
      vertex -15.9224 32.2874 51
      vertex -13.7766 33.2597 45
      vertex -15.9224 32.2874 45
    endloop
  endfacet
  facet normal -0.0980145 -0.995185 0
    outer loop
      vertex -4.69894 -35.692 45
      vertex -2.35451 -35.9229 51
      vertex -4.69894 -35.692 51
    endloop
  endfacet
  facet normal -0.0980145 -0.995185 -0
    outer loop
      vertex -2.35451 -35.9229 51
      vertex -4.69894 -35.692 45
      vertex -2.35451 -35.9229 45
    endloop
  endfacet
  facet normal 0.999464 -0.0327281 0
    outer loop
      vertex 35.9229 -2.35451 51
      vertex 36 0 47.8
      vertex 36 0 51
    endloop
  endfacet
  facet normal 0.999464 -0.0327281 0
    outer loop
      vertex 35.9229 -2.35451 45
      vertex 36 0 47.8
      vertex 35.9229 -2.35451 51
    endloop
  endfacet
  facet normal 0.999464 -0.0327281 0
    outer loop
      vertex 36 0 47.8
      vertex 35.9229 -2.35451 45
      vertex 36 0 47.7
    endloop
  endfacet
  facet normal 0.999464 -0.0327281 0
    outer loop
      vertex 36 0 47.7
      vertex 35.9229 -2.35451 45
      vertex 36 0 45
    endloop
  endfacet
  facet normal 0.412725 -0.910856 0
    outer loop
      vertex 13.7766 -33.2597 45
      vertex 15.9224 -32.2874 51
      vertex 13.7766 -33.2597 51
    endloop
  endfacet
  facet normal 0.412725 -0.910856 0
    outer loop
      vertex 15.9224 -32.2874 51
      vertex 13.7766 -33.2597 45
      vertex 15.9224 -32.2874 45
    endloop
  endfacet
  facet normal 0.8492 0.528071 0
    outer loop
      vertex 31.1769 18 51
      vertex 29.9329 20.0005 45
      vertex 29.9329 20.0005 51
    endloop
  endfacet
  facet normal 0.8492 0.528071 0
    outer loop
      vertex 29.9329 20.0005 45
      vertex 31.1769 18 51
      vertex 31.1769 18 45
    endloop
  endfacet
  facet normal -0.8492 0.528071 0
    outer loop
      vertex -31.1769 18 45
      vertex -29.9329 20.0005 51
      vertex -29.9329 20.0005 45
    endloop
  endfacet
  facet normal -0.8492 0.528071 0
    outer loop
      vertex -29.9329 20.0005 51
      vertex -31.1769 18 45
      vertex -31.1769 18 51
    endloop
  endfacet
  facet normal -0.773018 -0.634384 0
    outer loop
      vertex -27.0662 -23.7365 45
      vertex -28.5607 -21.9154 51
      vertex -28.5607 -21.9154 45
    endloop
  endfacet
  facet normal -0.773018 -0.634384 0
    outer loop
      vertex -28.5607 -21.9154 51
      vertex -27.0662 -23.7365 45
      vertex -27.0662 -23.7365 51
    endloop
  endfacet
  facet normal -0.881921 -0.471397 0
    outer loop
      vertex -31.1769 -18 45
      vertex -32.2874 -15.9224 51
      vertex -32.2874 -15.9224 45
    endloop
  endfacet
  facet normal -0.881921 -0.471397 0
    outer loop
      vertex -32.2874 -15.9224 51
      vertex -31.1769 -18 45
      vertex -31.1769 -18 51
    endloop
  endfacet
  facet normal -0.986646 0.162877 0
    outer loop
      vertex -35.692 4.69894 45
      vertex -35.3083 7.02325 51
      vertex -35.3083 7.02325 45
    endloop
  endfacet
  facet normal -0.986646 0.162877 0
    outer loop
      vertex -35.3083 7.02325 51
      vertex -35.692 4.69894 45
      vertex -35.692 4.69894 51
    endloop
  endfacet
  facet normal -0.999464 0.0327281 0
    outer loop
      vertex -36 0 45
      vertex -35.9229 2.35451 51
      vertex -35.9229 2.35451 45
    endloop
  endfacet
  facet normal -0.999464 0.0327281 0
    outer loop
      vertex -35.9229 2.35451 51
      vertex -36 0 45
      vertex -36 0 51
    endloop
  endfacet
  facet normal -0.773153 0.634219 0
    outer loop
      vertex -27.0662 23.7365 45
      vertex -27.1858 23.5907 47.7
      vertex -27.0662 23.7365 47.7
    endloop
  endfacet
  facet normal -0.773007 0.634398 0
    outer loop
      vertex -28.5607 21.9154 51
      vertex -27.1858 23.5907 47.7
      vertex -28.5607 21.9154 45
    endloop
  endfacet
  facet normal -0.773018 0.634384 1.4863e-05
    outer loop
      vertex -28.5607 21.9154 45
      vertex -27.1858 23.5907 47.7
      vertex -27.0662 23.7365 45
    endloop
  endfacet
  facet normal -0.773153 0.634219 0
    outer loop
      vertex -27.1858 23.5907 50.7
      vertex -27.0662 23.7365 51
      vertex -27.0662 23.7365 50.7
    endloop
  endfacet
  facet normal -0.773018 0.634384 -0.000133767
    outer loop
      vertex -27.1858 23.5907 50.7
      vertex -28.5607 21.9154 51
      vertex -27.0662 23.7365 51
    endloop
  endfacet
  facet normal -0.773007 0.634398 0
    outer loop
      vertex -27.1858 23.5907 47.7
      vertex -28.5607 21.9154 51
      vertex -27.1858 23.5907 50.7
    endloop
  endfacet
  facet normal 0.634384 0.773018 -0
    outer loop
      vertex 23.7365 27.0662 45
      vertex 21.9154 28.5607 51
      vertex 23.7365 27.0662 51
    endloop
  endfacet
  facet normal 0.634384 0.773018 0
    outer loop
      vertex 21.9154 28.5607 51
      vertex 23.7365 27.0662 45
      vertex 21.9154 28.5607 45
    endloop
  endfacet
  facet normal 0.683615 0.729843 -0
    outer loop
      vertex 25.4558 25.4558 45
      vertex 23.7365 27.0662 51
      vertex 25.4558 25.4558 51
    endloop
  endfacet
  facet normal 0.683615 0.729843 0
    outer loop
      vertex 23.7365 27.0662 51
      vertex 25.4558 25.4558 45
      vertex 23.7365 27.0662 45
    endloop
  endfacet
  facet normal 0.290269 -0.956945 0
    outer loop
      vertex 9.31748 -34.7733 45
      vertex 11.5718 -34.0895 51
      vertex 9.31748 -34.7733 51
    endloop
  endfacet
  facet normal 0.290269 -0.956945 0
    outer loop
      vertex 11.5718 -34.0895 51
      vertex 9.31748 -34.7733 45
      vertex 11.5718 -34.0895 45
    endloop
  endfacet
  facet normal -0.35224 0.93591 0
    outer loop
      vertex -11.5718 34.0895 45
      vertex -13.7766 33.2597 51
      vertex -11.5718 34.0895 51
    endloop
  endfacet
  facet normal -0.35224 0.93591 0
    outer loop
      vertex -13.7766 33.2597 51
      vertex -11.5718 34.0895 45
      vertex -13.7766 33.2597 45
    endloop
  endfacet
  facet normal -0.290269 0.956945 0
    outer loop
      vertex -9.31748 34.7733 45
      vertex -11.5718 34.0895 51
      vertex -9.31748 34.7733 51
    endloop
  endfacet
  facet normal -0.290269 0.956945 0
    outer loop
      vertex -11.5718 34.0895 51
      vertex -9.31748 34.7733 45
      vertex -11.5718 34.0895 45
    endloop
  endfacet
  facet normal -0.471397 -0.881921 -2.33611e-05
    outer loop
      vertex -18 -31.1769 51
      vertex -16.0685 -32.2093 50.7
      vertex -15.9224 -32.2874 51
    endloop
  endfacet
  facet normal -0.471394 -0.881923 0
    outer loop
      vertex -18 -31.1769 51
      vertex -16.0685 -32.2093 47.7
      vertex -16.0685 -32.2093 50.7
    endloop
  endfacet
  facet normal -0.471394 -0.881923 0
    outer loop
      vertex -18 -31.1769 45
      vertex -16.0685 -32.2093 47.7
      vertex -18 -31.1769 51
    endloop
  endfacet
  facet normal -0.471397 -0.881921 2.59568e-06
    outer loop
      vertex -15.9224 -32.2874 45
      vertex -16.0685 -32.2093 47.7
      vertex -18 -31.1769 45
    endloop
  endfacet
  facet normal -0.471434 -0.881901 0
    outer loop
      vertex -16.0685 -32.2093 47.7
      vertex -15.9224 -32.2874 45
      vertex -15.9224 -32.2874 47.7
    endloop
  endfacet
  facet normal -0.471434 -0.881901 -0
    outer loop
      vertex -15.9224 -32.2874 51
      vertex -16.0685 -32.2093 50.7
      vertex -15.9224 -32.2874 50.7
    endloop
  endfacet
  facet normal 0.412725 0.910856 -0
    outer loop
      vertex 15.9224 32.2874 45
      vertex 13.7766 33.2597 51
      vertex 15.9224 32.2874 51
    endloop
  endfacet
  facet normal 0.412725 0.910856 0
    outer loop
      vertex 13.7766 33.2597 51
      vertex 15.9224 32.2874 45
      vertex 13.7766 33.2597 45
    endloop
  endfacet
  facet normal 0.973374 0.229224 0
    outer loop
      vertex 34.7733 9.31748 51
      vertex 34.7802 9.28818 50.7
      vertex 34.7733 9.31748 50.7
    endloop
  endfacet
  facet normal 0.973882 0.227053 0
    outer loop
      vertex 34.7802 9.28818 50.7
      vertex 35.2529 7.26066 50.7
      vertex 34.7802 9.28818 47.7
    endloop
  endfacet
  facet normal 0.973882 0.227053 0.000223799
    outer loop
      vertex 34.7733 9.31748 51
      vertex 35.2529 7.26066 50.7
      vertex 34.7802 9.28818 50.7
    endloop
  endfacet
  facet normal 0.973871 0.227101 -0.000121675
    outer loop
      vertex 35.3083 7.02325 51
      vertex 35.2529 7.26066 50.7
      vertex 34.7733 9.31748 51
    endloop
  endfacet
  facet normal 0.973837 0.227246 0
    outer loop
      vertex 35.2529 7.26066 50.7
      vertex 35.3083 7.02325 51
      vertex 35.3083 7.02325 50.7
    endloop
  endfacet
  facet normal 0.973374 0.229224 0
    outer loop
      vertex 34.7802 9.28818 47.7
      vertex 34.7733 9.31748 45
      vertex 34.7733 9.31748 47.7
    endloop
  endfacet
  facet normal 0.973882 0.227053 -0
    outer loop
      vertex 35.2529 7.26066 47.7
      vertex 34.7802 9.28818 47.7
      vertex 35.2529 7.26066 50.7
    endloop
  endfacet
  facet normal 0.973882 0.227053 -2.48666e-05
    outer loop
      vertex 34.7802 9.28818 47.7
      vertex 35.2529 7.26066 47.7
      vertex 34.7733 9.31748 45
    endloop
  endfacet
  facet normal 0.973837 0.227246 -0
    outer loop
      vertex 35.3083 7.02325 45
      vertex 35.2529 7.26066 47.7
      vertex 35.3083 7.02325 47.7
    endloop
  endfacet
  facet normal 0.973871 0.227101 1.35194e-05
    outer loop
      vertex 35.2529 7.26066 47.7
      vertex 35.3083 7.02325 45
      vertex 34.7733 9.31748 45
    endloop
  endfacet
  facet normal -0.162877 0.986646 0
    outer loop
      vertex -4.69894 35.692 45
      vertex -7.02325 35.3083 51
      vertex -4.69894 35.692 51
    endloop
  endfacet
  facet normal -0.162877 0.986646 0
    outer loop
      vertex -7.02325 35.3083 51
      vertex -4.69894 35.692 45
      vertex -7.02325 35.3083 45
    endloop
  endfacet
  facet normal -0.729843 -0.683615 0
    outer loop
      vertex -25.4558 -25.4558 45
      vertex -27.0662 -23.7365 51
      vertex -27.0662 -23.7365 45
    endloop
  endfacet
  facet normal -0.729843 -0.683615 0
    outer loop
      vertex -27.0662 -23.7365 51
      vertex -25.4558 -25.4558 45
      vertex -25.4558 -25.4558 51
    endloop
  endfacet
  facet normal 0.729843 0.683615 0
    outer loop
      vertex 27.0662 23.7365 51
      vertex 25.4558 25.4558 45
      vertex 25.4558 25.4558 51
    endloop
  endfacet
  facet normal 0.729843 0.683615 0
    outer loop
      vertex 25.4558 25.4558 45
      vertex 27.0662 23.7365 51
      vertex 27.0662 23.7365 45
    endloop
  endfacet
  facet normal 0.956945 -0.290269 0
    outer loop
      vertex 34.0895 -11.5718 51
      vertex 34.7733 -9.31748 45
      vertex 34.7733 -9.31748 51
    endloop
  endfacet
  facet normal 0.956945 -0.290269 0
    outer loop
      vertex 34.7733 -9.31748 45
      vertex 34.0895 -11.5718 51
      vertex 34.0895 -11.5718 45
    endloop
  endfacet
  facet normal -0.227102 -0.973871 0
    outer loop
      vertex -9.31748 -34.7733 45
      vertex -9.21156 -34.798 47.7
      vertex -9.31748 -34.7733 47.7
    endloop
  endfacet
  facet normal -0.227071 -0.973878 -1.27747e-06
    outer loop
      vertex -9.21156 -34.798 47.7
      vertex -9.31748 -34.7733 45
      vertex -7.28028 -35.2483 47.7
    endloop
  endfacet
  facet normal -0.227101 -0.973871 2.24428e-05
    outer loop
      vertex -7.02325 -35.3083 45
      vertex -7.28028 -35.2483 47.7
      vertex -9.31748 -34.7733 45
    endloop
  endfacet
  facet normal -0.227324 -0.973819 0
    outer loop
      vertex -7.28028 -35.2483 47.7
      vertex -7.02325 -35.3083 45
      vertex -7.02325 -35.3083 47.7
    endloop
  endfacet
  facet normal -0.227071 -0.973878 0
    outer loop
      vertex -9.21156 -34.798 47.7
      vertex -7.28028 -35.2483 50.7
      vertex -9.21156 -34.798 50.7
    endloop
  endfacet
  facet normal -0.227071 -0.973878 -0
    outer loop
      vertex -7.28028 -35.2483 50.7
      vertex -9.21156 -34.798 47.7
      vertex -7.28028 -35.2483 47.7
    endloop
  endfacet
  facet normal -0.227102 -0.973871 0
    outer loop
      vertex -9.21156 -34.798 50.7
      vertex -9.31748 -34.7733 51
      vertex -9.31748 -34.7733 50.7
    endloop
  endfacet
  facet normal -0.227071 -0.973878 1.14973e-05
    outer loop
      vertex -7.28028 -35.2483 50.7
      vertex -9.31748 -34.7733 51
      vertex -9.21156 -34.798 50.7
    endloop
  endfacet
  facet normal -0.227101 -0.973871 -0.000201985
    outer loop
      vertex -9.31748 -34.7733 51
      vertex -7.28028 -35.2483 50.7
      vertex -7.02325 -35.3083 51
    endloop
  endfacet
  facet normal -0.227324 -0.973819 -0
    outer loop
      vertex -7.02325 -35.3083 51
      vertex -7.28028 -35.2483 50.7
      vertex -7.02325 -35.3083 50.7
    endloop
  endfacet
  facet normal 0.773018 -0.634384 0
    outer loop
      vertex 27.0662 -23.7365 51
      vertex 28.5607 -21.9154 45
      vertex 28.5607 -21.9154 51
    endloop
  endfacet
  facet normal 0.773018 -0.634384 0
    outer loop
      vertex 28.5607 -21.9154 45
      vertex 27.0662 -23.7365 51
      vertex 27.0662 -23.7365 45
    endloop
  endfacet
  facet normal -0.633697 0.773582 0
    outer loop
      vertex -21.9154 28.5607 45
      vertex -21.9613 28.5231 47.7
      vertex -21.9154 28.5607 47.7
    endloop
  endfacet
  facet normal -0.634398 0.773006 -1.99365e-05
    outer loop
      vertex -21.9613 28.5231 47.7
      vertex -21.9154 28.5607 45
      vertex -23.5602 27.2109 47.7
    endloop
  endfacet
  facet normal -0.634384 0.773018 -5.15978e-06
    outer loop
      vertex -23.7365 27.0662 45
      vertex -23.5602 27.2109 47.7
      vertex -21.9154 28.5607 45
    endloop
  endfacet
  facet normal -0.634431 0.77298 0
    outer loop
      vertex -23.5602 27.2109 47.7
      vertex -23.7365 27.0662 45
      vertex -23.7365 27.0662 47.7
    endloop
  endfacet
  facet normal -0.634398 0.773006 0
    outer loop
      vertex -21.9613 28.5231 47.7
      vertex -23.5602 27.2109 50.7
      vertex -21.9613 28.5231 50.7
    endloop
  endfacet
  facet normal -0.634398 0.773006 0
    outer loop
      vertex -23.5602 27.2109 50.7
      vertex -21.9613 28.5231 47.7
      vertex -23.5602 27.2109 47.7
    endloop
  endfacet
  facet normal -0.633697 0.773582 0
    outer loop
      vertex -21.9613 28.5231 50.7
      vertex -21.9154 28.5607 51
      vertex -21.9154 28.5607 50.7
    endloop
  endfacet
  facet normal -0.634398 0.773006 0.000179429
    outer loop
      vertex -23.5602 27.2109 50.7
      vertex -21.9154 28.5607 51
      vertex -21.9613 28.5231 50.7
    endloop
  endfacet
  facet normal -0.634384 0.773018 4.6438e-05
    outer loop
      vertex -21.9154 28.5607 51
      vertex -23.5602 27.2109 50.7
      vertex -23.7365 27.0662 51
    endloop
  endfacet
  facet normal -0.634431 0.77298 0
    outer loop
      vertex -23.7365 27.0662 51
      vertex -23.5602 27.2109 50.7
      vertex -23.7365 27.0662 50.7
    endloop
  endfacet
  facet normal -0.528071 0.8492 0.000194348
    outer loop
      vertex -18 31.1769 51
      vertex -19.8599 30.0204 50.7
      vertex -20.0005 29.9329 51
    endloop
  endfacet
  facet normal -0.528048 0.849214 0
    outer loop
      vertex -18 31.1769 51
      vertex -19.8599 30.0204 47.7
      vertex -19.8599 30.0204 50.7
    endloop
  endfacet
  facet normal -0.528048 0.849214 0
    outer loop
      vertex -18 31.1769 45
      vertex -19.8599 30.0204 47.7
      vertex -18 31.1769 51
    endloop
  endfacet
  facet normal -0.528071 0.8492 -2.15942e-05
    outer loop
      vertex -20.0005 29.9329 45
      vertex -19.8599 30.0204 47.7
      vertex -18 31.1769 45
    endloop
  endfacet
  facet normal -0.52837 0.849014 0
    outer loop
      vertex -19.8599 30.0204 47.7
      vertex -20.0005 29.9329 45
      vertex -20.0005 29.9329 47.7
    endloop
  endfacet
  facet normal -0.52837 0.849014 0
    outer loop
      vertex -20.0005 29.9329 51
      vertex -19.8599 30.0204 50.7
      vertex -20.0005 29.9329 50.7
    endloop
  endfacet
  facet normal 0.0327281 -0.999464 0
    outer loop
      vertex 0 -36 45
      vertex 2.35451 -35.9229 51
      vertex 0 -36 51
    endloop
  endfacet
  facet normal 0.0327281 -0.999464 0
    outer loop
      vertex 2.35451 -35.9229 51
      vertex 0 -36 45
      vertex 2.35451 -35.9229 45
    endloop
  endfacet
  facet normal -0.910856 -0.412725 0
    outer loop
      vertex -32.2874 -15.9224 45
      vertex -33.2597 -13.7766 51
      vertex -33.2597 -13.7766 45
    endloop
  endfacet
  facet normal -0.910856 -0.412725 0
    outer loop
      vertex -33.2597 -13.7766 51
      vertex -32.2874 -15.9224 45
      vertex -32.2874 -15.9224 51
    endloop
  endfacet
  facet normal -0.956945 -0.290269 0
    outer loop
      vertex -34.0895 -11.5718 45
      vertex -34.7733 -9.31748 51
      vertex -34.7733 -9.31748 45
    endloop
  endfacet
  facet normal -0.956945 -0.290269 0
    outer loop
      vertex -34.7733 -9.31748 51
      vertex -34.0895 -11.5718 45
      vertex -34.0895 -11.5718 51
    endloop
  endfacet
  facet normal -0.227101 0.973871 0
    outer loop
      vertex -7.02325 35.3083 45
      vertex -9.31748 34.7733 51
      vertex -7.02325 35.3083 51
    endloop
  endfacet
  facet normal -0.227101 0.973871 0
    outer loop
      vertex -9.31748 34.7733 51
      vertex -7.02325 35.3083 45
      vertex -9.31748 34.7733 45
    endloop
  endfacet
  facet normal 0.995185 -0.0980145 0
    outer loop
      vertex 35.692 -4.69894 51
      vertex 35.9229 -2.35451 45
      vertex 35.9229 -2.35451 51
    endloop
  endfacet
  facet normal 0.995185 -0.0980145 0
    outer loop
      vertex 35.9229 -2.35451 45
      vertex 35.692 -4.69894 51
      vertex 35.692 -4.69894 45
    endloop
  endfacet
  facet normal -0.412954 -0.910752 0
    outer loop
      vertex -15.9224 -32.2874 45
      vertex -15.6798 -32.3974 47.7
      vertex -15.9224 -32.2874 47.7
    endloop
  endfacet
  facet normal -0.412725 -0.910856 -2.48433e-05
    outer loop
      vertex -13.7766 -33.2597 45
      vertex -15.6798 -32.3974 47.7
      vertex -15.9224 -32.2874 45
    endloop
  endfacet
  facet normal -0.412671 -0.91088 2.06107e-05
    outer loop
      vertex -15.6798 -32.3974 47.7
      vertex -13.7766 -33.2597 45
      vertex -13.9387 -33.1862 47.7
    endloop
  endfacet
  facet normal -0.412956 -0.910751 0
    outer loop
      vertex -13.9387 -33.1862 47.7
      vertex -13.7766 -33.2597 45
      vertex -13.7766 -33.2597 47.7
    endloop
  endfacet
  facet normal -0.412671 -0.91088 0
    outer loop
      vertex -15.6798 -32.3974 47.7
      vertex -13.9387 -33.1862 50.7
      vertex -15.6798 -32.3974 50.7
    endloop
  endfacet
  facet normal -0.412671 -0.91088 -0
    outer loop
      vertex -13.9387 -33.1862 50.7
      vertex -15.6798 -32.3974 47.7
      vertex -13.9387 -33.1862 47.7
    endloop
  endfacet
  facet normal -0.412954 -0.910752 0
    outer loop
      vertex -15.6798 -32.3974 50.7
      vertex -15.9224 -32.2874 51
      vertex -15.9224 -32.2874 50.7
    endloop
  endfacet
  facet normal -0.412725 -0.910856 0.000223589
    outer loop
      vertex -15.9224 -32.2874 51
      vertex -15.6798 -32.3974 50.7
      vertex -13.7766 -33.2597 51
    endloop
  endfacet
  facet normal -0.412671 -0.91088 -0.000185496
    outer loop
      vertex -13.9387 -33.1862 50.7
      vertex -13.7766 -33.2597 51
      vertex -15.6798 -32.3974 50.7
    endloop
  endfacet
  facet normal -0.412956 -0.910751 -0
    outer loop
      vertex -13.7766 -33.2597 51
      vertex -13.9387 -33.1862 50.7
      vertex -13.7766 -33.2597 50.7
    endloop
  endfacet
  facet normal 0.956935 0.290302 0
    outer loop
      vertex 34.0895 11.5718 51
      vertex 34.1661 11.3193 50.7
      vertex 34.0895 11.5718 50.7
    endloop
  endfacet
  facet normal 0.956937 0.290297 0
    outer loop
      vertex 34.1661 11.3193 50.7
      vertex 34.7418 9.42156 50.7
      vertex 34.1661 11.3193 47.7
    endloop
  endfacet
  facet normal 0.956945 0.290269 3.02975e-05
    outer loop
      vertex 34.7733 9.31748 51
      vertex 34.1661 11.3193 50.7
      vertex 34.0895 11.5718 51
    endloop
  endfacet
  facet normal 0.956937 0.290297 0.000235394
    outer loop
      vertex 34.1661 11.3193 50.7
      vertex 34.7733 9.31748 51
      vertex 34.7418 9.42156 50.7
    endloop
  endfacet
  facet normal 0.957125 0.289676 0
    outer loop
      vertex 34.7418 9.42156 50.7
      vertex 34.7733 9.31748 51
      vertex 34.7733 9.31748 50.7
    endloop
  endfacet
  facet normal 0.956935 0.290302 0
    outer loop
      vertex 34.1661 11.3193 47.7
      vertex 34.0895 11.5718 45
      vertex 34.0895 11.5718 47.7
    endloop
  endfacet
  facet normal 0.956937 0.290297 -0
    outer loop
      vertex 34.7418 9.42156 47.7
      vertex 34.1661 11.3193 47.7
      vertex 34.7418 9.42156 50.7
    endloop
  endfacet
  facet normal 0.956937 0.290297 -2.61549e-05
    outer loop
      vertex 34.7733 9.31748 45
      vertex 34.1661 11.3193 47.7
      vertex 34.7418 9.42156 47.7
    endloop
  endfacet
  facet normal 0.957125 0.289676 -0
    outer loop
      vertex 34.7733 9.31748 45
      vertex 34.7418 9.42156 47.7
      vertex 34.7733 9.31748 47.7
    endloop
  endfacet
  facet normal 0.956945 0.290269 -3.36639e-06
    outer loop
      vertex 34.1661 11.3193 47.7
      vertex 34.7733 9.31748 45
      vertex 34.0895 11.5718 45
    endloop
  endfacet
  facet normal 0.881921 0.471397 0
    outer loop
      vertex 32.2874 15.9224 51
      vertex 31.1769 18 45
      vertex 31.1769 18 51
    endloop
  endfacet
  facet normal 0.881921 0.471397 0
    outer loop
      vertex 31.1769 18 45
      vertex 32.2874 15.9224 51
      vertex 32.2874 15.9224 45
    endloop
  endfacet
  facet normal -0.582374 0.812921 0
    outer loop
      vertex -20.0005 29.9329 45
      vertex -20.217 29.7778 47.7
      vertex -20.0005 29.9329 47.7
    endloop
  endfacet
  facet normal -0.582478 0.812846 -1.26261e-05
    outer loop
      vertex -21.9154 28.5607 45
      vertex -20.217 29.7778 47.7
      vertex -20.0005 29.9329 45
    endloop
  endfacet
  facet normal -0.58249 0.812838 -1.88145e-06
    outer loop
      vertex -20.217 29.7778 47.7
      vertex -21.9154 28.5607 45
      vertex -21.7707 28.6644 47.7
    endloop
  endfacet
  facet normal -0.582513 0.812822 0
    outer loop
      vertex -21.7707 28.6644 47.7
      vertex -21.9154 28.5607 45
      vertex -21.9154 28.5607 47.7
    endloop
  endfacet
  facet normal -0.58249 0.812838 0
    outer loop
      vertex -20.217 29.7778 47.7
      vertex -21.7707 28.6644 50.7
      vertex -20.217 29.7778 50.7
    endloop
  endfacet
  facet normal -0.58249 0.812838 0
    outer loop
      vertex -21.7707 28.6644 50.7
      vertex -20.217 29.7778 47.7
      vertex -21.7707 28.6644 47.7
    endloop
  endfacet
  facet normal -0.582374 0.812921 0
    outer loop
      vertex -20.217 29.7778 50.7
      vertex -20.0005 29.9329 51
      vertex -20.0005 29.9329 50.7
    endloop
  endfacet
  facet normal -0.582478 0.812846 0.000113635
    outer loop
      vertex -20.0005 29.9329 51
      vertex -20.217 29.7778 50.7
      vertex -21.9154 28.5607 51
    endloop
  endfacet
  facet normal -0.58249 0.812838 1.6933e-05
    outer loop
      vertex -21.7707 28.6644 50.7
      vertex -21.9154 28.5607 51
      vertex -20.217 29.7778 50.7
    endloop
  endfacet
  facet normal -0.582513 0.812822 0
    outer loop
      vertex -21.9154 28.5607 51
      vertex -21.7707 28.6644 50.7
      vertex -21.9154 28.5607 50.7
    endloop
  endfacet
  facet normal -0.634384 -0.773018 0
    outer loop
      vertex -23.7365 -27.0662 45
      vertex -21.9154 -28.5607 51
      vertex -23.7365 -27.0662 51
    endloop
  endfacet
  facet normal -0.634384 -0.773018 -0
    outer loop
      vertex -21.9154 -28.5607 51
      vertex -23.7365 -27.0662 45
      vertex -21.9154 -28.5607 45
    endloop
  endfacet
  facet normal -0.910856 0.412725 0
    outer loop
      vertex -33.2597 13.7766 45
      vertex -32.2874 15.9224 51
      vertex -32.2874 15.9224 45
    endloop
  endfacet
  facet normal -0.910856 0.412725 0
    outer loop
      vertex -32.2874 15.9224 51
      vertex -33.2597 13.7766 45
      vertex -33.2597 13.7766 51
    endloop
  endfacet
  facet normal 0.935906 0.352251 -0
    outer loop
      vertex 34.0231 11.7483 47.7
      vertex 33.2597 13.7766 51
      vertex 34.0231 11.7483 50.7
    endloop
  endfacet
  facet normal 0.93591 0.35224 8.62841e-05
    outer loop
      vertex 34.0895 11.5718 51
      vertex 34.0231 11.7483 50.7
      vertex 33.2597 13.7766 51
    endloop
  endfacet
  facet normal 0.935958 0.352111 0
    outer loop
      vertex 34.0231 11.7483 50.7
      vertex 34.0895 11.5718 51
      vertex 34.0895 11.5718 50.7
    endloop
  endfacet
  facet normal 0.935906 0.352251 0
    outer loop
      vertex 33.2597 13.7766 51
      vertex 34.0231 11.7483 47.7
      vertex 33.2597 13.7766 45
    endloop
  endfacet
  facet normal 0.935958 0.352111 -0
    outer loop
      vertex 34.0895 11.5718 45
      vertex 34.0231 11.7483 47.7
      vertex 34.0895 11.5718 47.7
    endloop
  endfacet
  facet normal 0.93591 0.35224 -9.58713e-06
    outer loop
      vertex 34.0231 11.7483 47.7
      vertex 34.0895 11.5718 45
      vertex 33.2597 13.7766 45
    endloop
  endfacet
  facet normal 0.773018 0.634384 0
    outer loop
      vertex 28.5607 21.9154 51
      vertex 27.0662 23.7365 45
      vertex 27.0662 23.7365 51
    endloop
  endfacet
  facet normal 0.773018 0.634384 0
    outer loop
      vertex 27.0662 23.7365 45
      vertex 28.5607 21.9154 51
      vertex 28.5607 21.9154 45
    endloop
  endfacet
  facet normal -0.0327281 0.999464 0
    outer loop
      vertex 0 36 45
      vertex -2.35451 35.9229 51
      vertex 0 36 51
    endloop
  endfacet
  facet normal -0.0327281 0.999464 0
    outer loop
      vertex -2.35451 35.9229 51
      vertex 0 36 45
      vertex -2.35451 35.9229 45
    endloop
  endfacet
  facet normal -0.973871 0.227101 0
    outer loop
      vertex -35.3083 7.02325 45
      vertex -34.7733 9.31748 51
      vertex -34.7733 9.31748 45
    endloop
  endfacet
  facet normal -0.973871 0.227101 0
    outer loop
      vertex -34.7733 9.31748 51
      vertex -35.3083 7.02325 45
      vertex -35.3083 7.02325 51
    endloop
  endfacet
  facet normal 0.582478 0.812846 -0
    outer loop
      vertex 21.9154 28.5607 45
      vertex 20.0005 29.9329 51
      vertex 21.9154 28.5607 51
    endloop
  endfacet
  facet normal 0.582478 0.812846 0
    outer loop
      vertex 20.0005 29.9329 51
      vertex 21.9154 28.5607 45
      vertex 20.0005 29.9329 45
    endloop
  endfacet
  facet normal -0.999464 -0.0327281 0
    outer loop
      vertex -35.9229 -2.35451 45
      vertex -36 0 51
      vertex -36 0 45
    endloop
  endfacet
  facet normal -0.999464 -0.0327281 0
    outer loop
      vertex -36 0 51
      vertex -35.9229 -2.35451 45
      vertex -35.9229 -2.35451 51
    endloop
  endfacet
  facet normal -0.956945 0.290269 0
    outer loop
      vertex -34.7733 9.31748 45
      vertex -34.0895 11.5718 51
      vertex -34.0895 11.5718 45
    endloop
  endfacet
  facet normal -0.956945 0.290269 0
    outer loop
      vertex -34.0895 11.5718 51
      vertex -34.7733 9.31748 45
      vertex -34.7733 9.31748 51
    endloop
  endfacet
  facet normal 0.8492 -0.528071 0
    outer loop
      vertex 29.9329 -20.0005 51
      vertex 31.1769 -18 45
      vertex 31.1769 -18 51
    endloop
  endfacet
  facet normal 0.8492 -0.528071 0
    outer loop
      vertex 31.1769 -18 45
      vertex 29.9329 -20.0005 51
      vertex 29.9329 -20.0005 45
    endloop
  endfacet
  facet normal 0.528071 -0.8492 0
    outer loop
      vertex 18 -31.1769 45
      vertex 20.0005 -29.9329 51
      vertex 18 -31.1769 51
    endloop
  endfacet
  facet normal 0.528071 -0.8492 0
    outer loop
      vertex 20.0005 -29.9329 51
      vertex 18 -31.1769 45
      vertex 20.0005 -29.9329 45
    endloop
  endfacet
  facet normal -0.729279 0.684216 0
    outer loop
      vertex -25.4558 25.4558 45
      vertex -25.5302 25.3765 47.7
      vertex -25.4558 25.4558 47.7
    endloop
  endfacet
  facet normal -0.729874 0.683582 0
    outer loop
      vertex -25.5302 25.3765 47.7
      vertex -26.8858 23.9291 47.7
      vertex -25.5302 25.3765 50.7
    endloop
  endfacet
  facet normal -0.729874 0.683582 -3.50147e-05
    outer loop
      vertex -25.4558 25.4558 45
      vertex -26.8858 23.9291 47.7
      vertex -25.5302 25.3765 47.7
    endloop
  endfacet
  facet normal -0.729843 0.683615 -2.07533e-07
    outer loop
      vertex -27.0662 23.7365 45
      vertex -26.8858 23.9291 47.7
      vertex -25.4558 25.4558 45
    endloop
  endfacet
  facet normal -0.729844 0.683613 0
    outer loop
      vertex -26.8858 23.9291 47.7
      vertex -27.0662 23.7365 45
      vertex -27.0662 23.7365 47.7
    endloop
  endfacet
  facet normal -0.729279 0.684216 0
    outer loop
      vertex -25.5302 25.3765 50.7
      vertex -25.4558 25.4558 51
      vertex -25.4558 25.4558 50.7
    endloop
  endfacet
  facet normal -0.729874 0.683582 0
    outer loop
      vertex -26.8858 23.9291 50.7
      vertex -25.5302 25.3765 50.7
      vertex -26.8858 23.9291 47.7
    endloop
  endfacet
  facet normal -0.729874 0.683582 0.000315132
    outer loop
      vertex -25.5302 25.3765 50.7
      vertex -26.8858 23.9291 50.7
      vertex -25.4558 25.4558 51
    endloop
  endfacet
  facet normal -0.729844 0.683613 0
    outer loop
      vertex -27.0662 23.7365 51
      vertex -26.8858 23.9291 50.7
      vertex -27.0662 23.7365 50.7
    endloop
  endfacet
  facet normal -0.729843 0.683615 1.8678e-06
    outer loop
      vertex -26.8858 23.9291 50.7
      vertex -27.0662 23.7365 51
      vertex -25.4558 25.4558 51
    endloop
  endfacet
  facet normal 0.910856 0.412725 0
    outer loop
      vertex 33.2597 13.7766 51
      vertex 32.2874 15.9224 45
      vertex 32.2874 15.9224 51
    endloop
  endfacet
  facet normal 0.910856 0.412725 0
    outer loop
      vertex 32.2874 15.9224 45
      vertex 33.2597 13.7766 51
      vertex 33.2597 13.7766 45
    endloop
  endfacet
  facet normal 0.471397 -0.881921 0
    outer loop
      vertex 15.9224 -32.2874 45
      vertex 18 -31.1769 51
      vertex 15.9224 -32.2874 51
    endloop
  endfacet
  facet normal 0.471397 -0.881921 0
    outer loop
      vertex 18 -31.1769 51
      vertex 15.9224 -32.2874 45
      vertex 18 -31.1769 45
    endloop
  endfacet
  facet normal 0.0980145 -0.995185 0
    outer loop
      vertex 2.35451 -35.9229 45
      vertex 4.69894 -35.692 51
      vertex 2.35451 -35.9229 51
    endloop
  endfacet
  facet normal 0.0980145 -0.995185 0
    outer loop
      vertex 4.69894 -35.692 51
      vertex 2.35451 -35.9229 45
      vertex 4.69894 -35.692 45
    endloop
  endfacet
  facet normal 0.0980145 0.995185 -0
    outer loop
      vertex 4.69894 35.692 45
      vertex 2.35451 35.9229 51
      vertex 4.69894 35.692 51
    endloop
  endfacet
  facet normal 0.0980145 0.995185 0
    outer loop
      vertex 2.35451 35.9229 51
      vertex 4.69894 35.692 45
      vertex 2.35451 35.9229 45
    endloop
  endfacet
  facet normal -0.471397 0.881921 0
    outer loop
      vertex -15.9224 32.2874 45
      vertex -18 31.1769 51
      vertex -15.9224 32.2874 51
    endloop
  endfacet
  facet normal -0.471397 0.881921 0
    outer loop
      vertex -18 31.1769 51
      vertex -15.9224 32.2874 45
      vertex -18 31.1769 45
    endloop
  endfacet
  facet normal 0.812846 0.582478 0
    outer loop
      vertex 29.9329 20.0005 51
      vertex 28.5607 21.9154 45
      vertex 28.5607 21.9154 51
    endloop
  endfacet
  facet normal 0.812846 0.582478 0
    outer loop
      vertex 28.5607 21.9154 45
      vertex 29.9329 20.0005 51
      vertex 29.9329 20.0005 45
    endloop
  endfacet
  facet normal 0.729843 -0.683615 0
    outer loop
      vertex 25.4558 -25.4558 51
      vertex 27.0662 -23.7365 45
      vertex 27.0662 -23.7365 51
    endloop
  endfacet
  facet normal 0.729843 -0.683615 0
    outer loop
      vertex 27.0662 -23.7365 45
      vertex 25.4558 -25.4558 51
      vertex 25.4558 -25.4558 45
    endloop
  endfacet
  facet normal 0.973871 -0.227101 0
    outer loop
      vertex 34.7733 -9.31748 51
      vertex 35.3083 -7.02325 45
      vertex 35.3083 -7.02325 51
    endloop
  endfacet
  facet normal 0.973871 -0.227101 0
    outer loop
      vertex 35.3083 -7.02325 45
      vertex 34.7733 -9.31748 51
      vertex 34.7733 -9.31748 45
    endloop
  endfacet
  facet normal 0.881921 -0.471397 0
    outer loop
      vertex 31.1769 -18 51
      vertex 32.2874 -15.9224 45
      vertex 32.2874 -15.9224 51
    endloop
  endfacet
  facet normal 0.881921 -0.471397 0
    outer loop
      vertex 32.2874 -15.9224 45
      vertex 31.1769 -18 51
      vertex 31.1769 -18 45
    endloop
  endfacet
  facet normal -0.0980145 0.995185 0
    outer loop
      vertex -2.35451 35.9229 45
      vertex -4.69894 35.692 51
      vertex -2.35451 35.9229 51
    endloop
  endfacet
  facet normal -0.0980145 0.995185 0
    outer loop
      vertex -4.69894 35.692 51
      vertex -2.35451 35.9229 45
      vertex -4.69894 35.692 45
    endloop
  endfacet
  facet normal 0.582478 -0.812846 0
    outer loop
      vertex 20.0005 -29.9329 45
      vertex 21.9154 -28.5607 51
      vertex 20.0005 -29.9329 51
    endloop
  endfacet
  facet normal 0.582478 -0.812846 0
    outer loop
      vertex 21.9154 -28.5607 51
      vertex 20.0005 -29.9329 45
      vertex 21.9154 -28.5607 45
    endloop
  endfacet
  facet normal 0.471397 0.881921 -0
    outer loop
      vertex 18 31.1769 45
      vertex 15.9224 32.2874 51
      vertex 18 31.1769 51
    endloop
  endfacet
  facet normal 0.471397 0.881921 0
    outer loop
      vertex 15.9224 32.2874 51
      vertex 18 31.1769 45
      vertex 15.9224 32.2874 45
    endloop
  endfacet
  facet normal -0.812846 0.582478 0
    outer loop
      vertex -29.9329 20.0005 45
      vertex -28.5607 21.9154 51
      vertex -28.5607 21.9154 45
    endloop
  endfacet
  facet normal -0.812846 0.582478 0
    outer loop
      vertex -28.5607 21.9154 51
      vertex -29.9329 20.0005 45
      vertex -29.9329 20.0005 51
    endloop
  endfacet
  facet normal -0.93591 -0.35224 0
    outer loop
      vertex -33.2597 -13.7766 45
      vertex -34.0895 -11.5718 51
      vertex -34.0895 -11.5718 45
    endloop
  endfacet
  facet normal -0.93591 -0.35224 0
    outer loop
      vertex -34.0895 -11.5718 51
      vertex -33.2597 -13.7766 45
      vertex -33.2597 -13.7766 51
    endloop
  endfacet
  facet normal 0.35224 -0.93591 0
    outer loop
      vertex 11.5718 -34.0895 45
      vertex 13.7766 -33.2597 51
      vertex 11.5718 -34.0895 51
    endloop
  endfacet
  facet normal 0.35224 -0.93591 0
    outer loop
      vertex 13.7766 -33.2597 51
      vertex 11.5718 -34.0895 45
      vertex 13.7766 -33.2597 45
    endloop
  endfacet
  facet normal 0.986678 0.162685 0
    outer loop
      vertex 35.3083 7.02325 51
      vertex 35.3454 6.79824 50.7
      vertex 35.3083 7.02325 50.7
    endloop
  endfacet
  facet normal 0.986645 0.162883 0
    outer loop
      vertex 35.3454 6.79824 50.7
      vertex 35.6823 4.75751 50.7
      vertex 35.3454 6.79824 47.7
    endloop
  endfacet
  facet normal 0.986646 0.162877 -0.000147773
    outer loop
      vertex 35.692 4.69894 51
      vertex 35.3454 6.79824 50.7
      vertex 35.3083 7.02325 51
    endloop
  endfacet
  facet normal 0.986645 0.162883 -0.000101285
    outer loop
      vertex 35.3454 6.79824 50.7
      vertex 35.692 4.69894 51
      vertex 35.6823 4.75751 50.7
    endloop
  endfacet
  facet normal 0.986562 0.163388 0
    outer loop
      vertex 35.6823 4.75751 50.7
      vertex 35.692 4.69894 51
      vertex 35.692 4.69894 50.7
    endloop
  endfacet
  facet normal 0.986678 0.162685 0
    outer loop
      vertex 35.3454 6.79824 47.7
      vertex 35.3083 7.02325 45
      vertex 35.3083 7.02325 47.7
    endloop
  endfacet
  facet normal 0.986645 0.162883 -0
    outer loop
      vertex 35.6823 4.75751 47.7
      vertex 35.3454 6.79824 47.7
      vertex 35.6823 4.75751 50.7
    endloop
  endfacet
  facet normal 0.986645 0.162883 1.12539e-05
    outer loop
      vertex 35.692 4.69894 45
      vertex 35.3454 6.79824 47.7
      vertex 35.6823 4.75751 47.7
    endloop
  endfacet
  facet normal 0.986562 0.163388 -0
    outer loop
      vertex 35.692 4.69894 45
      vertex 35.6823 4.75751 47.7
      vertex 35.692 4.69894 47.7
    endloop
  endfacet
  facet normal 0.986646 0.162877 1.64193e-05
    outer loop
      vertex 35.3454 6.79824 47.7
      vertex 35.692 4.69894 45
      vertex 35.3083 7.02325 45
    endloop
  endfacet
  facet normal 0 0 1
    outer loop
      vertex 30 0 51
      vertex 36 0 51
      vertex 35.9229 2.35451 51
    endloop
  endfacet
  facet normal 0 0 1
    outer loop
      vertex 29.9358 1.96209 51
      vertex 35.9229 2.35451 51
      vertex 35.692 4.69894 51
    endloop
  endfacet
  facet normal 0 0 1
    outer loop
      vertex 36 0 51
      vertex 30 0 51
      vertex 35.9229 -2.35451 51
    endloop
  endfacet
  facet normal 0 0 1
    outer loop
      vertex 29.7433 3.91578 51
      vertex 35.692 4.69894 51
      vertex 35.3083 7.02325 51
    endloop
  endfacet
  facet normal -0 0 1
    outer loop
      vertex 29.9358 -1.96209 51
      vertex 35.9229 -2.35451 51
      vertex 30 0 51
    endloop
  endfacet
  facet normal 0 0 1
    outer loop
      vertex 29.4236 5.85271 51
      vertex 35.3083 7.02325 51
      vertex 34.7733 9.31748 51
    endloop
  endfacet
  facet normal 0 0 1
    outer loop
      vertex 35.9229 -2.35451 51
      vertex 29.9358 -1.96209 51
      vertex 35.692 -4.69894 51
    endloop
  endfacet
  facet normal 0 0 1
    outer loop
      vertex 28.9778 7.76457 51
      vertex 34.7733 9.31748 51
      vertex 34.0895 11.5718 51
    endloop
  endfacet
  facet normal -0 0 1
    outer loop
      vertex 29.7433 -3.91578 51
      vertex 35.692 -4.69894 51
      vertex 29.9358 -1.96209 51
    endloop
  endfacet
  facet normal 0 0 1
    outer loop
      vertex 28.4079 9.64318 51
      vertex 34.0895 11.5718 51
      vertex 33.2597 13.7766 51
    endloop
  endfacet
  facet normal 0 0 1
    outer loop
      vertex 35.692 -4.69894 51
      vertex 29.7433 -3.91578 51
      vertex 35.3083 -7.02325 51
    endloop
  endfacet
  facet normal 0 0 1
    outer loop
      vertex 27.7164 11.4805 51
      vertex 33.2597 13.7766 51
      vertex 32.2874 15.9224 51
    endloop
  endfacet
  facet normal -0 0 1
    outer loop
      vertex 29.4236 -5.85271 51
      vertex 35.3083 -7.02325 51
      vertex 29.7433 -3.91578 51
    endloop
  endfacet
  facet normal 0 0 1
    outer loop
      vertex 26.9062 13.2687 51
      vertex 32.2874 15.9224 51
      vertex 31.1769 18 51
    endloop
  endfacet
  facet normal 0 0 1
    outer loop
      vertex 35.3083 -7.02325 51
      vertex 29.4236 -5.85271 51
      vertex 34.7733 -9.31748 51
    endloop
  endfacet
  facet normal -0 0 1
    outer loop
      vertex 28.9778 -7.76457 51
      vertex 34.7733 -9.31748 51
      vertex 29.4236 -5.85271 51
    endloop
  endfacet
  facet normal 0 0 1
    outer loop
      vertex 35.9229 2.35451 51
      vertex 29.9358 1.96209 51
      vertex 30 0 51
    endloop
  endfacet
  facet normal 0 0 1
    outer loop
      vertex 25.9808 15 51
      vertex 31.1769 18 51
      vertex 29.9329 20.0005 51
    endloop
  endfacet
  facet normal 0 0 1
    outer loop
      vertex 35.692 4.69894 51
      vertex 29.7433 3.91578 51
      vertex 29.9358 1.96209 51
    endloop
  endfacet
  facet normal 0 0 1
    outer loop
      vertex 35.3083 7.02325 51
      vertex 29.4236 5.85271 51
      vertex 29.7433 3.91578 51
    endloop
  endfacet
  facet normal 0 0 1
    outer loop
      vertex 34.7733 9.31748 51
      vertex 28.9778 7.76457 51
      vertex 29.4236 5.85271 51
    endloop
  endfacet
  facet normal 0 0 1
    outer loop
      vertex 24.9441 16.6671 51
      vertex 29.9329 20.0005 51
      vertex 28.5607 21.9154 51
    endloop
  endfacet
  facet normal 0 0 1
    outer loop
      vertex 34.0895 11.5718 51
      vertex 28.4079 9.64318 51
      vertex 28.9778 7.76457 51
    endloop
  endfacet
  facet normal 0 0 1
    outer loop
      vertex 33.2597 13.7766 51
      vertex 27.7164 11.4805 51
      vertex 28.4079 9.64318 51
    endloop
  endfacet
  facet normal 0 0 1
    outer loop
      vertex 23.8006 18.2628 51
      vertex 28.5607 21.9154 51
      vertex 27.0662 23.7365 51
    endloop
  endfacet
  facet normal 0 0 1
    outer loop
      vertex 32.2874 15.9224 51
      vertex 26.9062 13.2687 51
      vertex 27.7164 11.4805 51
    endloop
  endfacet
  facet normal 0 0 1
    outer loop
      vertex 31.1769 18 51
      vertex 25.9808 15 51
      vertex 26.9062 13.2687 51
    endloop
  endfacet
  facet normal 0 0 1
    outer loop
      vertex 22.5552 19.7804 51
      vertex 27.0662 23.7365 51
      vertex 25.4558 25.4558 51
    endloop
  endfacet
  facet normal 0 0 1
    outer loop
      vertex 29.9329 20.0005 51
      vertex 24.9441 16.6671 51
      vertex 25.9808 15 51
    endloop
  endfacet
  facet normal 0 0 1
    outer loop
      vertex 28.5607 21.9154 51
      vertex 23.8006 18.2628 51
      vertex 24.9441 16.6671 51
    endloop
  endfacet
  facet normal 0 0 1
    outer loop
      vertex 21.2132 21.2132 51
      vertex 25.4558 25.4558 51
      vertex 23.7365 27.0662 51
    endloop
  endfacet
  facet normal 0 0 1
    outer loop
      vertex 27.0662 23.7365 51
      vertex 22.5552 19.7804 51
      vertex 23.8006 18.2628 51
    endloop
  endfacet
  facet normal 0 0 1
    outer loop
      vertex 19.7804 22.5552 51
      vertex 23.7365 27.0662 51
      vertex 21.9154 28.5607 51
    endloop
  endfacet
  facet normal 0 0 1
    outer loop
      vertex 25.4558 25.4558 51
      vertex 21.2132 21.2132 51
      vertex 22.5552 19.7804 51
    endloop
  endfacet
  facet normal 0 0 1
    outer loop
      vertex 18.2628 23.8006 51
      vertex 21.9154 28.5607 51
      vertex 20.0005 29.9329 51
    endloop
  endfacet
  facet normal 0 0 1
    outer loop
      vertex 23.7365 27.0662 51
      vertex 19.7804 22.5552 51
      vertex 21.2132 21.2132 51
    endloop
  endfacet
  facet normal 0 0 1
    outer loop
      vertex 21.9154 28.5607 51
      vertex 18.2628 23.8006 51
      vertex 19.7804 22.5552 51
    endloop
  endfacet
  facet normal 0 0 1
    outer loop
      vertex 16.6671 24.9441 51
      vertex 20.0005 29.9329 51
      vertex 18 31.1769 51
    endloop
  endfacet
  facet normal 0 0 1
    outer loop
      vertex 20.0005 29.9329 51
      vertex 16.6671 24.9441 51
      vertex 18.2628 23.8006 51
    endloop
  endfacet
  facet normal 0 0 1
    outer loop
      vertex 15 25.9808 51
      vertex 18 31.1769 51
      vertex 15.9224 32.2874 51
    endloop
  endfacet
  facet normal 0 0 1
    outer loop
      vertex 18 31.1769 51
      vertex 15 25.9808 51
      vertex 16.6671 24.9441 51
    endloop
  endfacet
  facet normal 0 0 1
    outer loop
      vertex 13.2687 26.9062 51
      vertex 15.9224 32.2874 51
      vertex 13.7766 33.2597 51
    endloop
  endfacet
  facet normal 0 0 1
    outer loop
      vertex 15.9224 32.2874 51
      vertex 13.2687 26.9062 51
      vertex 15 25.9808 51
    endloop
  endfacet
  facet normal 0 0 1
    outer loop
      vertex 11.4805 27.7164 51
      vertex 13.7766 33.2597 51
      vertex 11.5718 34.0895 51
    endloop
  endfacet
  facet normal 0 0 1
    outer loop
      vertex 13.7766 33.2597 51
      vertex 11.4805 27.7164 51
      vertex 13.2687 26.9062 51
    endloop
  endfacet
  facet normal 0 0 1
    outer loop
      vertex 11.5718 34.0895 51
      vertex 9.64318 28.4079 51
      vertex 11.4805 27.7164 51
    endloop
  endfacet
  facet normal 0 0 1
    outer loop
      vertex 9.31748 34.7733 51
      vertex 9.64318 28.4079 51
      vertex 11.5718 34.0895 51
    endloop
  endfacet
  facet normal 0 0 1
    outer loop
      vertex 9.31748 34.7733 51
      vertex 7.76457 28.9778 51
      vertex 9.64318 28.4079 51
    endloop
  endfacet
  facet normal 0 0 1
    outer loop
      vertex 7.02325 35.3083 51
      vertex 7.76457 28.9778 51
      vertex 9.31748 34.7733 51
    endloop
  endfacet
  facet normal 0 0 1
    outer loop
      vertex 7.02325 35.3083 51
      vertex 5.85271 29.4236 51
      vertex 7.76457 28.9778 51
    endloop
  endfacet
  facet normal 0 0 1
    outer loop
      vertex 4.69894 35.692 51
      vertex 5.85271 29.4236 51
      vertex 7.02325 35.3083 51
    endloop
  endfacet
  facet normal 0 0 1
    outer loop
      vertex 4.69894 35.692 51
      vertex 3.91578 29.7433 51
      vertex 5.85271 29.4236 51
    endloop
  endfacet
  facet normal 0 0 1
    outer loop
      vertex 2.35451 35.9229 51
      vertex 3.91578 29.7433 51
      vertex 4.69894 35.692 51
    endloop
  endfacet
  facet normal 0 0 1
    outer loop
      vertex 2.35451 35.9229 51
      vertex 1.96209 29.9358 51
      vertex 3.91578 29.7433 51
    endloop
  endfacet
  facet normal 0 0 1
    outer loop
      vertex 0 36 51
      vertex 1.96209 29.9358 51
      vertex 2.35451 35.9229 51
    endloop
  endfacet
  facet normal 0 0 1
    outer loop
      vertex 0 36 51
      vertex 0 30 51
      vertex 1.96209 29.9358 51
    endloop
  endfacet
  facet normal 0 0 1
    outer loop
      vertex 0 36 51
      vertex -1.96209 29.9358 51
      vertex 0 30 51
    endloop
  endfacet
  facet normal -0 0 1
    outer loop
      vertex -2.35451 35.9229 51
      vertex -1.96209 29.9358 51
      vertex 0 36 51
    endloop
  endfacet
  facet normal 0 0 1
    outer loop
      vertex -2.35451 35.9229 51
      vertex -3.91578 29.7433 51
      vertex -1.96209 29.9358 51
    endloop
  endfacet
  facet normal -0 0 1
    outer loop
      vertex -4.69894 35.692 51
      vertex -3.91578 29.7433 51
      vertex -2.35451 35.9229 51
    endloop
  endfacet
  facet normal 0 0 1
    outer loop
      vertex -4.69894 35.692 51
      vertex -5.85271 29.4236 51
      vertex -3.91578 29.7433 51
    endloop
  endfacet
  facet normal -0 0 1
    outer loop
      vertex -7.02325 35.3083 51
      vertex -5.85271 29.4236 51
      vertex -4.69894 35.692 51
    endloop
  endfacet
  facet normal 0 0 1
    outer loop
      vertex -7.02325 35.3083 51
      vertex -7.76457 28.9778 51
      vertex -5.85271 29.4236 51
    endloop
  endfacet
  facet normal -0 0 1
    outer loop
      vertex -9.31748 34.7733 51
      vertex -7.76457 28.9778 51
      vertex -7.02325 35.3083 51
    endloop
  endfacet
  facet normal 0 0 1
    outer loop
      vertex -9.31748 34.7733 51
      vertex -9.64318 28.4079 51
      vertex -7.76457 28.9778 51
    endloop
  endfacet
  facet normal -0 0 1
    outer loop
      vertex -11.5718 34.0895 51
      vertex -9.64318 28.4079 51
      vertex -9.31748 34.7733 51
    endloop
  endfacet
  facet normal 0 0 1
    outer loop
      vertex -9.64318 28.4079 51
      vertex -11.5718 34.0895 51
      vertex -11.4805 27.7164 51
    endloop
  endfacet
  facet normal -0 0 1
    outer loop
      vertex -13.7766 33.2597 51
      vertex -11.4805 27.7164 51
      vertex -11.5718 34.0895 51
    endloop
  endfacet
  facet normal 0 0 1
    outer loop
      vertex -11.4805 27.7164 51
      vertex -13.7766 33.2597 51
      vertex -13.2687 26.9062 51
    endloop
  endfacet
  facet normal -0 0 1
    outer loop
      vertex -15.9224 32.2874 51
      vertex -13.2687 26.9062 51
      vertex -13.7766 33.2597 51
    endloop
  endfacet
  facet normal 0 0 1
    outer loop
      vertex -13.2687 26.9062 51
      vertex -15.9224 32.2874 51
      vertex -15 25.9808 51
    endloop
  endfacet
  facet normal -0 0 1
    outer loop
      vertex -18 31.1769 51
      vertex -15 25.9808 51
      vertex -15.9224 32.2874 51
    endloop
  endfacet
  facet normal 0 0 1
    outer loop
      vertex -15 25.9808 51
      vertex -18 31.1769 51
      vertex -16.6671 24.9441 51
    endloop
  endfacet
  facet normal -0 0 1
    outer loop
      vertex -20.0005 29.9329 51
      vertex -16.6671 24.9441 51
      vertex -18 31.1769 51
    endloop
  endfacet
  facet normal 0 0 1
    outer loop
      vertex -16.6671 24.9441 51
      vertex -20.0005 29.9329 51
      vertex -18.2628 23.8006 51
    endloop
  endfacet
  facet normal -0 0 1
    outer loop
      vertex -21.9154 28.5607 51
      vertex -18.2628 23.8006 51
      vertex -20.0005 29.9329 51
    endloop
  endfacet
  facet normal 0 0 1
    outer loop
      vertex -18.2628 23.8006 51
      vertex -21.9154 28.5607 51
      vertex -19.7804 22.5552 51
    endloop
  endfacet
  facet normal -0 0 1
    outer loop
      vertex -23.7365 27.0662 51
      vertex -19.7804 22.5552 51
      vertex -21.9154 28.5607 51
    endloop
  endfacet
  facet normal 0 0 1
    outer loop
      vertex -19.7804 22.5552 51
      vertex -23.7365 27.0662 51
      vertex -21.2132 21.2132 51
    endloop
  endfacet
  facet normal -0 0 1
    outer loop
      vertex -25.4558 25.4558 51
      vertex -21.2132 21.2132 51
      vertex -23.7365 27.0662 51
    endloop
  endfacet
  facet normal 0 0 1
    outer loop
      vertex -21.2132 21.2132 51
      vertex -25.4558 25.4558 51
      vertex -22.5552 19.7804 51
    endloop
  endfacet
  facet normal -0 0 1
    outer loop
      vertex -27.0662 23.7365 51
      vertex -22.5552 19.7804 51
      vertex -25.4558 25.4558 51
    endloop
  endfacet
  facet normal 0 0 1
    outer loop
      vertex -22.5552 19.7804 51
      vertex -27.0662 23.7365 51
      vertex -23.8006 18.2628 51
    endloop
  endfacet
  facet normal -0 0 1
    outer loop
      vertex -28.5607 21.9154 51
      vertex -23.8006 18.2628 51
      vertex -27.0662 23.7365 51
    endloop
  endfacet
  facet normal 0 0 1
    outer loop
      vertex -23.8006 18.2628 51
      vertex -28.5607 21.9154 51
      vertex -24.9441 16.6671 51
    endloop
  endfacet
  facet normal -0 0 1
    outer loop
      vertex -29.9329 20.0005 51
      vertex -24.9441 16.6671 51
      vertex -28.5607 21.9154 51
    endloop
  endfacet
  facet normal 0 0 1
    outer loop
      vertex -24.9441 16.6671 51
      vertex -29.9329 20.0005 51
      vertex -25.9808 15 51
    endloop
  endfacet
  facet normal -0 0 1
    outer loop
      vertex -31.1769 18 51
      vertex -25.9808 15 51
      vertex -29.9329 20.0005 51
    endloop
  endfacet
  facet normal 0 0 1
    outer loop
      vertex -25.9808 15 51
      vertex -31.1769 18 51
      vertex -26.9062 13.2687 51
    endloop
  endfacet
  facet normal -0 0 1
    outer loop
      vertex -32.2874 15.9224 51
      vertex -26.9062 13.2687 51
      vertex -31.1769 18 51
    endloop
  endfacet
  facet normal 0 0 1
    outer loop
      vertex -26.9062 13.2687 51
      vertex -32.2874 15.9224 51
      vertex -27.7164 11.4805 51
    endloop
  endfacet
  facet normal -0 0 1
    outer loop
      vertex -33.2597 13.7766 51
      vertex -27.7164 11.4805 51
      vertex -32.2874 15.9224 51
    endloop
  endfacet
  facet normal 0 0 1
    outer loop
      vertex -27.7164 11.4805 51
      vertex -33.2597 13.7766 51
      vertex -28.4079 9.64318 51
    endloop
  endfacet
  facet normal -0 0 1
    outer loop
      vertex -34.0895 11.5718 51
      vertex -28.4079 9.64318 51
      vertex -33.2597 13.7766 51
    endloop
  endfacet
  facet normal 0 0 1
    outer loop
      vertex -28.4079 9.64318 51
      vertex -34.0895 11.5718 51
      vertex -28.9778 7.76457 51
    endloop
  endfacet
  facet normal -0 0 1
    outer loop
      vertex -34.7733 9.31748 51
      vertex -28.9778 7.76457 51
      vertex -34.0895 11.5718 51
    endloop
  endfacet
  facet normal 0 0 1
    outer loop
      vertex 34.7733 -9.31748 51
      vertex 28.9778 -7.76457 51
      vertex 34.0895 -11.5718 51
    endloop
  endfacet
  facet normal -0 0 1
    outer loop
      vertex 28.4079 -9.64318 51
      vertex 34.0895 -11.5718 51
      vertex 28.9778 -7.76457 51
    endloop
  endfacet
  facet normal 0 0 1
    outer loop
      vertex 34.0895 -11.5718 51
      vertex 28.4079 -9.64318 51
      vertex 33.2597 -13.7766 51
    endloop
  endfacet
  facet normal -0 0 1
    outer loop
      vertex 27.7164 -11.4805 51
      vertex 33.2597 -13.7766 51
      vertex 28.4079 -9.64318 51
    endloop
  endfacet
  facet normal 0 0 1
    outer loop
      vertex 33.2597 -13.7766 51
      vertex 27.7164 -11.4805 51
      vertex 32.2874 -15.9224 51
    endloop
  endfacet
  facet normal -0 0 1
    outer loop
      vertex 26.9062 -13.2687 51
      vertex 32.2874 -15.9224 51
      vertex 27.7164 -11.4805 51
    endloop
  endfacet
  facet normal 0 0 1
    outer loop
      vertex 32.2874 -15.9224 51
      vertex 26.9062 -13.2687 51
      vertex 31.1769 -18 51
    endloop
  endfacet
  facet normal -0 0 1
    outer loop
      vertex 25.9808 -15 51
      vertex 31.1769 -18 51
      vertex 26.9062 -13.2687 51
    endloop
  endfacet
  facet normal 0 0 1
    outer loop
      vertex 31.1769 -18 51
      vertex 25.9808 -15 51
      vertex 29.9329 -20.0005 51
    endloop
  endfacet
  facet normal -0 0 1
    outer loop
      vertex 24.9441 -16.6671 51
      vertex 29.9329 -20.0005 51
      vertex 25.9808 -15 51
    endloop
  endfacet
  facet normal 0 0 1
    outer loop
      vertex 29.9329 -20.0005 51
      vertex 24.9441 -16.6671 51
      vertex 28.5607 -21.9154 51
    endloop
  endfacet
  facet normal -0 0 1
    outer loop
      vertex 23.8006 -18.2628 51
      vertex 28.5607 -21.9154 51
      vertex 24.9441 -16.6671 51
    endloop
  endfacet
  facet normal 0 0 1
    outer loop
      vertex 28.5607 -21.9154 51
      vertex 23.8006 -18.2628 51
      vertex 27.0662 -23.7365 51
    endloop
  endfacet
  facet normal -0 0 1
    outer loop
      vertex 22.5552 -19.7804 51
      vertex 27.0662 -23.7365 51
      vertex 23.8006 -18.2628 51
    endloop
  endfacet
  facet normal 0 0 1
    outer loop
      vertex 27.0662 -23.7365 51
      vertex 22.5552 -19.7804 51
      vertex 25.4558 -25.4558 51
    endloop
  endfacet
  facet normal -0 0 1
    outer loop
      vertex 21.2132 -21.2132 51
      vertex 25.4558 -25.4558 51
      vertex 22.5552 -19.7804 51
    endloop
  endfacet
  facet normal 0 0 1
    outer loop
      vertex 25.4558 -25.4558 51
      vertex 21.2132 -21.2132 51
      vertex 23.7365 -27.0662 51
    endloop
  endfacet
  facet normal -0 0 1
    outer loop
      vertex 19.7804 -22.5552 51
      vertex 23.7365 -27.0662 51
      vertex 21.2132 -21.2132 51
    endloop
  endfacet
  facet normal 0 0 1
    outer loop
      vertex 23.7365 -27.0662 51
      vertex 19.7804 -22.5552 51
      vertex 21.9154 -28.5607 51
    endloop
  endfacet
  facet normal -0 0 1
    outer loop
      vertex 18.2628 -23.8006 51
      vertex 21.9154 -28.5607 51
      vertex 19.7804 -22.5552 51
    endloop
  endfacet
  facet normal 0 0 1
    outer loop
      vertex 21.9154 -28.5607 51
      vertex 18.2628 -23.8006 51
      vertex 20.0005 -29.9329 51
    endloop
  endfacet
  facet normal -0 0 1
    outer loop
      vertex 16.6671 -24.9441 51
      vertex 20.0005 -29.9329 51
      vertex 18.2628 -23.8006 51
    endloop
  endfacet
  facet normal 0 0 1
    outer loop
      vertex 20.0005 -29.9329 51
      vertex 16.6671 -24.9441 51
      vertex 18 -31.1769 51
    endloop
  endfacet
  facet normal -0 0 1
    outer loop
      vertex 15 -25.9808 51
      vertex 18 -31.1769 51
      vertex 16.6671 -24.9441 51
    endloop
  endfacet
  facet normal 0 0 1
    outer loop
      vertex 18 -31.1769 51
      vertex 15 -25.9808 51
      vertex 15.9224 -32.2874 51
    endloop
  endfacet
  facet normal -0 0 1
    outer loop
      vertex 13.2687 -26.9062 51
      vertex 15.9224 -32.2874 51
      vertex 15 -25.9808 51
    endloop
  endfacet
  facet normal 0 0 1
    outer loop
      vertex 15.9224 -32.2874 51
      vertex 13.2687 -26.9062 51
      vertex 13.7766 -33.2597 51
    endloop
  endfacet
  facet normal -0 0 1
    outer loop
      vertex 11.4805 -27.7164 51
      vertex 13.7766 -33.2597 51
      vertex 13.2687 -26.9062 51
    endloop
  endfacet
  facet normal 0 0 1
    outer loop
      vertex 13.7766 -33.2597 51
      vertex 11.4805 -27.7164 51
      vertex 11.5718 -34.0895 51
    endloop
  endfacet
  facet normal -0 0 1
    outer loop
      vertex 9.64318 -28.4079 51
      vertex 11.5718 -34.0895 51
      vertex 11.4805 -27.7164 51
    endloop
  endfacet
  facet normal 0 0 1
    outer loop
      vertex 9.64318 -28.4079 51
      vertex 9.31748 -34.7733 51
      vertex 11.5718 -34.0895 51
    endloop
  endfacet
  facet normal -0 0 1
    outer loop
      vertex 7.76457 -28.9778 51
      vertex 9.31748 -34.7733 51
      vertex 9.64318 -28.4079 51
    endloop
  endfacet
  facet normal 0 0 1
    outer loop
      vertex 7.76457 -28.9778 51
      vertex 7.02325 -35.3083 51
      vertex 9.31748 -34.7733 51
    endloop
  endfacet
  facet normal -0 0 1
    outer loop
      vertex 5.85271 -29.4236 51
      vertex 7.02325 -35.3083 51
      vertex 7.76457 -28.9778 51
    endloop
  endfacet
  facet normal 0 0 1
    outer loop
      vertex 5.85271 -29.4236 51
      vertex 4.69894 -35.692 51
      vertex 7.02325 -35.3083 51
    endloop
  endfacet
  facet normal -0 0 1
    outer loop
      vertex 3.91578 -29.7433 51
      vertex 4.69894 -35.692 51
      vertex 5.85271 -29.4236 51
    endloop
  endfacet
  facet normal 0 0 1
    outer loop
      vertex 3.91578 -29.7433 51
      vertex 2.35451 -35.9229 51
      vertex 4.69894 -35.692 51
    endloop
  endfacet
  facet normal -0 0 1
    outer loop
      vertex 1.96209 -29.9358 51
      vertex 2.35451 -35.9229 51
      vertex 3.91578 -29.7433 51
    endloop
  endfacet
  facet normal -0 0 1
    outer loop
      vertex 0 -30 51
      vertex 2.35451 -35.9229 51
      vertex 1.96209 -29.9358 51
    endloop
  endfacet
  facet normal 0 0 1
    outer loop
      vertex 0 -30 51
      vertex 0 -36 51
      vertex 2.35451 -35.9229 51
    endloop
  endfacet
  facet normal 0 0 1
    outer loop
      vertex -1.96209 -29.9358 51
      vertex 0 -36 51
      vertex 0 -30 51
    endloop
  endfacet
  facet normal 0 0 1
    outer loop
      vertex -1.96209 -29.9358 51
      vertex -2.35451 -35.9229 51
      vertex 0 -36 51
    endloop
  endfacet
  facet normal 0 0 1
    outer loop
      vertex -3.91578 -29.7433 51
      vertex -2.35451 -35.9229 51
      vertex -1.96209 -29.9358 51
    endloop
  endfacet
  facet normal 0 0 1
    outer loop
      vertex -3.91578 -29.7433 51
      vertex -4.69894 -35.692 51
      vertex -2.35451 -35.9229 51
    endloop
  endfacet
  facet normal 0 0 1
    outer loop
      vertex -5.85271 -29.4236 51
      vertex -4.69894 -35.692 51
      vertex -3.91578 -29.7433 51
    endloop
  endfacet
  facet normal 0 0 1
    outer loop
      vertex -5.85271 -29.4236 51
      vertex -7.02325 -35.3083 51
      vertex -4.69894 -35.692 51
    endloop
  endfacet
  facet normal 0 0 1
    outer loop
      vertex -7.76457 -28.9778 51
      vertex -7.02325 -35.3083 51
      vertex -5.85271 -29.4236 51
    endloop
  endfacet
  facet normal 0 0 1
    outer loop
      vertex -7.76457 -28.9778 51
      vertex -9.31748 -34.7733 51
      vertex -7.02325 -35.3083 51
    endloop
  endfacet
  facet normal 0 0 1
    outer loop
      vertex -9.64318 -28.4079 51
      vertex -9.31748 -34.7733 51
      vertex -7.76457 -28.9778 51
    endloop
  endfacet
  facet normal 0 0 1
    outer loop
      vertex -11.5718 -34.0895 51
      vertex -9.64318 -28.4079 51
      vertex -11.4805 -27.7164 51
    endloop
  endfacet
  facet normal 0 0 1
    outer loop
      vertex -9.64318 -28.4079 51
      vertex -11.5718 -34.0895 51
      vertex -9.31748 -34.7733 51
    endloop
  endfacet
  facet normal 0 0 1
    outer loop
      vertex -13.7766 -33.2597 51
      vertex -11.4805 -27.7164 51
      vertex -13.2687 -26.9062 51
    endloop
  endfacet
  facet normal 0 0 1
    outer loop
      vertex -11.4805 -27.7164 51
      vertex -13.7766 -33.2597 51
      vertex -11.5718 -34.0895 51
    endloop
  endfacet
  facet normal 0 0 1
    outer loop
      vertex -15.9224 -32.2874 51
      vertex -13.2687 -26.9062 51
      vertex -15 -25.9808 51
    endloop
  endfacet
  facet normal 0 0 1
    outer loop
      vertex -13.2687 -26.9062 51
      vertex -15.9224 -32.2874 51
      vertex -13.7766 -33.2597 51
    endloop
  endfacet
  facet normal 0 0 1
    outer loop
      vertex -18 -31.1769 51
      vertex -15 -25.9808 51
      vertex -16.6671 -24.9441 51
    endloop
  endfacet
  facet normal 0 0 1
    outer loop
      vertex -15 -25.9808 51
      vertex -18 -31.1769 51
      vertex -15.9224 -32.2874 51
    endloop
  endfacet
  facet normal 0 0 1
    outer loop
      vertex -20.0005 -29.9329 51
      vertex -16.6671 -24.9441 51
      vertex -18.2628 -23.8006 51
    endloop
  endfacet
  facet normal 0 0 1
    outer loop
      vertex -21.9154 -28.5607 51
      vertex -18.2628 -23.8006 51
      vertex -19.7804 -22.5552 51
    endloop
  endfacet
  facet normal 0 0 1
    outer loop
      vertex -16.6671 -24.9441 51
      vertex -20.0005 -29.9329 51
      vertex -18 -31.1769 51
    endloop
  endfacet
  facet normal 0 0 1
    outer loop
      vertex -23.7365 -27.0662 51
      vertex -19.7804 -22.5552 51
      vertex -21.2132 -21.2132 51
    endloop
  endfacet
  facet normal 0 0 1
    outer loop
      vertex -18.2628 -23.8006 51
      vertex -21.9154 -28.5607 51
      vertex -20.0005 -29.9329 51
    endloop
  endfacet
  facet normal 0 0 1
    outer loop
      vertex -25.4558 -25.4558 51
      vertex -21.2132 -21.2132 51
      vertex -22.5552 -19.7804 51
    endloop
  endfacet
  facet normal 0 0 1
    outer loop
      vertex -19.7804 -22.5552 51
      vertex -23.7365 -27.0662 51
      vertex -21.9154 -28.5607 51
    endloop
  endfacet
  facet normal 0 0 1
    outer loop
      vertex -27.0662 -23.7365 51
      vertex -22.5552 -19.7804 51
      vertex -23.8006 -18.2628 51
    endloop
  endfacet
  facet normal 0 0 1
    outer loop
      vertex -28.5607 -21.9154 51
      vertex -23.8006 -18.2628 51
      vertex -24.9441 -16.6671 51
    endloop
  endfacet
  facet normal 0 0 1
    outer loop
      vertex -21.2132 -21.2132 51
      vertex -25.4558 -25.4558 51
      vertex -23.7365 -27.0662 51
    endloop
  endfacet
  facet normal 0 0 1
    outer loop
      vertex -29.9329 -20.0005 51
      vertex -24.9441 -16.6671 51
      vertex -25.9808 -15 51
    endloop
  endfacet
  facet normal 0 0 1
    outer loop
      vertex -31.1769 -18 51
      vertex -25.9808 -15 51
      vertex -26.9062 -13.2687 51
    endloop
  endfacet
  facet normal 0 0 1
    outer loop
      vertex -22.5552 -19.7804 51
      vertex -27.0662 -23.7365 51
      vertex -25.4558 -25.4558 51
    endloop
  endfacet
  facet normal 0 0 1
    outer loop
      vertex -32.2874 -15.9224 51
      vertex -26.9062 -13.2687 51
      vertex -27.7164 -11.4805 51
    endloop
  endfacet
  facet normal 0 0 1
    outer loop
      vertex -33.2597 -13.7766 51
      vertex -27.7164 -11.4805 51
      vertex -28.4079 -9.64318 51
    endloop
  endfacet
  facet normal 0 0 1
    outer loop
      vertex -23.8006 -18.2628 51
      vertex -28.5607 -21.9154 51
      vertex -27.0662 -23.7365 51
    endloop
  endfacet
  facet normal 0 0 1
    outer loop
      vertex -34.0895 -11.5718 51
      vertex -28.4079 -9.64318 51
      vertex -28.9778 -7.76457 51
    endloop
  endfacet
  facet normal 0 0 1
    outer loop
      vertex -34.7733 -9.31748 51
      vertex -28.9778 -7.76457 51
      vertex -29.4236 -5.85271 51
    endloop
  endfacet
  facet normal 0 0 1
    outer loop
      vertex -35.3083 -7.02325 51
      vertex -29.4236 -5.85271 51
      vertex -29.7433 -3.91578 51
    endloop
  endfacet
  facet normal 0 0 1
    outer loop
      vertex -24.9441 -16.6671 51
      vertex -29.9329 -20.0005 51
      vertex -28.5607 -21.9154 51
    endloop
  endfacet
  facet normal 0 0 1
    outer loop
      vertex -35.692 -4.69894 51
      vertex -29.7433 -3.91578 51
      vertex -29.9358 -1.96209 51
    endloop
  endfacet
  facet normal 0 0 1
    outer loop
      vertex -35.9229 -2.35451 51
      vertex -29.9358 -1.96209 51
      vertex -30 0 51
    endloop
  endfacet
  facet normal 0 0 1
    outer loop
      vertex -28.9778 7.76457 51
      vertex -34.7733 9.31748 51
      vertex -29.4236 5.85271 51
    endloop
  endfacet
  facet normal 0 0 1
    outer loop
      vertex -25.9808 -15 51
      vertex -31.1769 -18 51
      vertex -29.9329 -20.0005 51
    endloop
  endfacet
  facet normal -0 0 1
    outer loop
      vertex -35.3083 7.02325 51
      vertex -29.4236 5.85271 51
      vertex -34.7733 9.31748 51
    endloop
  endfacet
  facet normal 0 0 1
    outer loop
      vertex -26.9062 -13.2687 51
      vertex -32.2874 -15.9224 51
      vertex -31.1769 -18 51
    endloop
  endfacet
  facet normal 0 0 1
    outer loop
      vertex -29.4236 5.85271 51
      vertex -35.3083 7.02325 51
      vertex -29.7433 3.91578 51
    endloop
  endfacet
  facet normal 0 0 1
    outer loop
      vertex -27.7164 -11.4805 51
      vertex -33.2597 -13.7766 51
      vertex -32.2874 -15.9224 51
    endloop
  endfacet
  facet normal -0 0 1
    outer loop
      vertex -35.692 4.69894 51
      vertex -29.7433 3.91578 51
      vertex -35.3083 7.02325 51
    endloop
  endfacet
  facet normal 0 0 1
    outer loop
      vertex -28.4079 -9.64318 51
      vertex -34.0895 -11.5718 51
      vertex -33.2597 -13.7766 51
    endloop
  endfacet
  facet normal 0 0 1
    outer loop
      vertex -29.7433 3.91578 51
      vertex -35.692 4.69894 51
      vertex -29.9358 1.96209 51
    endloop
  endfacet
  facet normal 0 0 1
    outer loop
      vertex -28.9778 -7.76457 51
      vertex -34.7733 -9.31748 51
      vertex -34.0895 -11.5718 51
    endloop
  endfacet
  facet normal -0 0 1
    outer loop
      vertex -35.9229 2.35451 51
      vertex -29.9358 1.96209 51
      vertex -35.692 4.69894 51
    endloop
  endfacet
  facet normal 0 0 1
    outer loop
      vertex -29.4236 -5.85271 51
      vertex -35.3083 -7.02325 51
      vertex -34.7733 -9.31748 51
    endloop
  endfacet
  facet normal 0 0 1
    outer loop
      vertex -29.9358 1.96209 51
      vertex -35.9229 2.35451 51
      vertex -30 0 51
    endloop
  endfacet
  facet normal 0 0 1
    outer loop
      vertex -29.7433 -3.91578 51
      vertex -35.692 -4.69894 51
      vertex -35.3083 -7.02325 51
    endloop
  endfacet
  facet normal 0 0 1
    outer loop
      vertex -36 0 51
      vertex -30 0 51
      vertex -35.9229 2.35451 51
    endloop
  endfacet
  facet normal 0 0 1
    outer loop
      vertex -29.9358 -1.96209 51
      vertex -35.9229 -2.35451 51
      vertex -35.692 -4.69894 51
    endloop
  endfacet
  facet normal 0 0 1
    outer loop
      vertex -30 0 51
      vertex -36 0 51
      vertex -35.9229 -2.35451 51
    endloop
  endfacet
  facet normal 0.812846 -0.582478 0
    outer loop
      vertex 28.5607 -21.9154 51
      vertex 29.9329 -20.0005 45
      vertex 29.9329 -20.0005 51
    endloop
  endfacet
  facet normal 0.812846 -0.582478 0
    outer loop
      vertex 29.9329 -20.0005 45
      vertex 28.5607 -21.9154 51
      vertex 28.5607 -21.9154 45
    endloop
  endfacet
  facet normal 0.162877 0.986646 -0
    outer loop
      vertex 7.02325 35.3083 45
      vertex 4.69894 35.692 51
      vertex 7.02325 35.3083 51
    endloop
  endfacet
  facet normal 0.162877 0.986646 0
    outer loop
      vertex 4.69894 35.692 51
      vertex 7.02325 35.3083 45
      vertex 4.69894 35.692 45
    endloop
  endfacet
  facet normal 0.528071 0.8492 -0
    outer loop
      vertex 20.0005 29.9329 45
      vertex 18 31.1769 51
      vertex 20.0005 29.9329 51
    endloop
  endfacet
  facet normal 0.528071 0.8492 0
    outer loop
      vertex 18 31.1769 51
      vertex 20.0005 29.9329 45
      vertex 18 31.1769 45
    endloop
  endfacet
  facet normal 0.35224 0.93591 -0
    outer loop
      vertex 13.7766 33.2597 45
      vertex 11.5718 34.0895 51
      vertex 13.7766 33.2597 51
    endloop
  endfacet
  facet normal 0.35224 0.93591 0
    outer loop
      vertex 11.5718 34.0895 51
      vertex 13.7766 33.2597 45
      vertex 11.5718 34.0895 45
    endloop
  endfacet
  facet normal 0.162877 -0.986646 0
    outer loop
      vertex 4.69894 -35.692 45
      vertex 7.02325 -35.3083 51
      vertex 4.69894 -35.692 51
    endloop
  endfacet
  facet normal 0.162877 -0.986646 0
    outer loop
      vertex 7.02325 -35.3083 51
      vertex 4.69894 -35.692 45
      vertex 7.02325 -35.3083 45
    endloop
  endfacet
  facet normal -0.8492 -0.528071 0
    outer loop
      vertex -29.9329 -20.0005 45
      vertex -31.1769 -18 51
      vertex -31.1769 -18 45
    endloop
  endfacet
  facet normal -0.8492 -0.528071 0
    outer loop
      vertex -31.1769 -18 51
      vertex -29.9329 -20.0005 45
      vertex -29.9329 -20.0005 51
    endloop
  endfacet
  facet normal -0.986646 -0.162877 0
    outer loop
      vertex -35.3083 -7.02325 45
      vertex -35.692 -4.69894 51
      vertex -35.692 -4.69894 45
    endloop
  endfacet
  facet normal -0.986646 -0.162877 0
    outer loop
      vertex -35.692 -4.69894 51
      vertex -35.3083 -7.02325 45
      vertex -35.3083 -7.02325 51
    endloop
  endfacet
  facet normal 0.683615 -0.729843 0
    outer loop
      vertex 23.7365 -27.0662 45
      vertex 25.4558 -25.4558 51
      vertex 23.7365 -27.0662 51
    endloop
  endfacet
  facet normal 0.683615 -0.729843 0
    outer loop
      vertex 25.4558 -25.4558 51
      vertex 23.7365 -27.0662 45
      vertex 25.4558 -25.4558 45
    endloop
  endfacet
  facet normal -0.0327281 -0.999464 0
    outer loop
      vertex -2.35451 -35.9229 45
      vertex 0 -36 51
      vertex -2.35451 -35.9229 51
    endloop
  endfacet
  facet normal -0.0327281 -0.999464 -0
    outer loop
      vertex 0 -36 51
      vertex -2.35451 -35.9229 45
      vertex 0 -36 45
    endloop
  endfacet
  facet normal -0.995185 -0.0980145 0
    outer loop
      vertex -35.692 -4.69894 45
      vertex -35.9229 -2.35451 51
      vertex -35.9229 -2.35451 45
    endloop
  endfacet
  facet normal -0.995185 -0.0980145 0
    outer loop
      vertex -35.9229 -2.35451 51
      vertex -35.692 -4.69894 45
      vertex -35.692 -4.69894 51
    endloop
  endfacet
  facet normal -0.582478 -0.812846 0
    outer loop
      vertex -21.9154 -28.5607 45
      vertex -20.0005 -29.9329 51
      vertex -21.9154 -28.5607 51
    endloop
  endfacet
  facet normal -0.582478 -0.812846 -0
    outer loop
      vertex -20.0005 -29.9329 51
      vertex -21.9154 -28.5607 45
      vertex -20.0005 -29.9329 45
    endloop
  endfacet
  facet normal 0.290269 0.956945 -0
    outer loop
      vertex 11.5718 34.0895 45
      vertex 9.31748 34.7733 51
      vertex 11.5718 34.0895 51
    endloop
  endfacet
  facet normal 0.290269 0.956945 0
    outer loop
      vertex 9.31748 34.7733 51
      vertex 11.5718 34.0895 45
      vertex 9.31748 34.7733 45
    endloop
  endfacet
  facet normal -0.812846 -0.582478 0
    outer loop
      vertex -28.5607 -21.9154 45
      vertex -29.9329 -20.0005 51
      vertex -29.9329 -20.0005 45
    endloop
  endfacet
  facet normal -0.812846 -0.582478 0
    outer loop
      vertex -29.9329 -20.0005 51
      vertex -28.5607 -21.9154 45
      vertex -28.5607 -21.9154 51
    endloop
  endfacet
  facet normal 0.227101 0.973871 -0
    outer loop
      vertex 9.31748 34.7733 45
      vertex 7.02325 35.3083 51
      vertex 9.31748 34.7733 51
    endloop
  endfacet
  facet normal 0.227101 0.973871 0
    outer loop
      vertex 7.02325 35.3083 51
      vertex 9.31748 34.7733 45
      vertex 7.02325 35.3083 45
    endloop
  endfacet
  facet normal -0.881921 0.471397 0
    outer loop
      vertex -32.2874 15.9224 45
      vertex -31.1769 18 51
      vertex -31.1769 18 45
    endloop
  endfacet
  facet normal -0.881921 0.471397 0
    outer loop
      vertex -31.1769 18 51
      vertex -32.2874 15.9224 45
      vertex -32.2874 15.9224 51
    endloop
  endfacet
  facet normal -0.528071 -0.8492 0
    outer loop
      vertex -20.0005 -29.9329 45
      vertex -18 -31.1769 51
      vertex -20.0005 -29.9329 51
    endloop
  endfacet
  facet normal -0.528071 -0.8492 -0
    outer loop
      vertex -18 -31.1769 51
      vertex -20.0005 -29.9329 45
      vertex -18 -31.1769 45
    endloop
  endfacet
  facet normal -0.683615 -0.729843 0
    outer loop
      vertex -25.4558 -25.4558 45
      vertex -23.7365 -27.0662 51
      vertex -25.4558 -25.4558 51
    endloop
  endfacet
  facet normal -0.683615 -0.729843 -0
    outer loop
      vertex -23.7365 -27.0662 51
      vertex -25.4558 -25.4558 45
      vertex -23.7365 -27.0662 45
    endloop
  endfacet
  facet normal -0.352417 -0.935843 0
    outer loop
      vertex -13.7766 -33.2597 45
      vertex -13.7211 -33.2806 47.7
      vertex -13.7766 -33.2597 47.7
    endloop
  endfacet
  facet normal -0.352257 -0.935903 -3.74601e-06
    outer loop
      vertex -13.7211 -33.2806 47.7
      vertex -13.7766 -33.2597 45
      vertex -11.7853 -34.0092 47.7
    endloop
  endfacet
  facet normal -0.35224 -0.93591 -1.83724e-05
    outer loop
      vertex -11.5718 -34.0895 45
      vertex -11.7853 -34.0092 47.7
      vertex -13.7766 -33.2597 45
    endloop
  endfacet
  facet normal -0.352036 -0.935986 0
    outer loop
      vertex -11.7853 -34.0092 47.7
      vertex -11.5718 -34.0895 45
      vertex -11.5718 -34.0895 47.7
    endloop
  endfacet
  facet normal -0.352257 -0.935903 0
    outer loop
      vertex -13.7211 -33.2806 47.7
      vertex -11.7853 -34.0092 50.7
      vertex -13.7211 -33.2806 50.7
    endloop
  endfacet
  facet normal -0.352257 -0.935903 -0
    outer loop
      vertex -11.7853 -34.0092 50.7
      vertex -13.7211 -33.2806 47.7
      vertex -11.7853 -34.0092 47.7
    endloop
  endfacet
  facet normal -0.352417 -0.935843 0
    outer loop
      vertex -13.7211 -33.2806 50.7
      vertex -13.7766 -33.2597 51
      vertex -13.7766 -33.2597 50.7
    endloop
  endfacet
  facet normal -0.352257 -0.935903 3.3714e-05
    outer loop
      vertex -11.7853 -34.0092 50.7
      vertex -13.7766 -33.2597 51
      vertex -13.7211 -33.2806 50.7
    endloop
  endfacet
  facet normal -0.35224 -0.93591 0.000165352
    outer loop
      vertex -13.7766 -33.2597 51
      vertex -11.7853 -34.0092 50.7
      vertex -11.5718 -34.0895 51
    endloop
  endfacet
  facet normal -0.352036 -0.935986 -0
    outer loop
      vertex -11.5718 -34.0895 51
      vertex -11.7853 -34.0092 50.7
      vertex -11.5718 -34.0895 50.7
    endloop
  endfacet
  facet normal -0.290019 -0.957021 0
    outer loop
      vertex -11.5718 -34.0895 45
      vertex -11.3385 -34.1602 47.7
      vertex -11.5718 -34.0895 47.7
    endloop
  endfacet
  facet normal -0.290269 -0.956945 2.36012e-05
    outer loop
      vertex -9.31748 -34.7733 45
      vertex -11.3385 -34.1602 47.7
      vertex -11.5718 -34.0895 45
    endloop
  endfacet
  facet normal -0.290314 -0.956931 -1.32369e-05
    outer loop
      vertex -11.3385 -34.1602 47.7
      vertex -9.31748 -34.7733 45
      vertex -9.34628 -34.7646 47.7
    endloop
  endfacet
  facet normal -0.289177 -0.957276 0
    outer loop
      vertex -9.34628 -34.7646 47.7
      vertex -9.31748 -34.7733 45
      vertex -9.31748 -34.7733 47.7
    endloop
  endfacet
  facet normal -0.290314 -0.956931 0
    outer loop
      vertex -11.3385 -34.1602 47.7
      vertex -9.34628 -34.7646 50.7
      vertex -11.3385 -34.1602 50.7
    endloop
  endfacet
  facet normal -0.290314 -0.956931 -0
    outer loop
      vertex -9.34628 -34.7646 50.7
      vertex -11.3385 -34.1602 47.7
      vertex -9.34628 -34.7646 47.7
    endloop
  endfacet
  facet normal -0.290019 -0.957021 0
    outer loop
      vertex -11.3385 -34.1602 50.7
      vertex -11.5718 -34.0895 51
      vertex -11.5718 -34.0895 50.7
    endloop
  endfacet
  facet normal -0.290269 -0.956945 -0.000212411
    outer loop
      vertex -11.5718 -34.0895 51
      vertex -11.3385 -34.1602 50.7
      vertex -9.31748 -34.7733 51
    endloop
  endfacet
  facet normal -0.290314 -0.956931 0.000119132
    outer loop
      vertex -9.34628 -34.7646 50.7
      vertex -9.31748 -34.7733 51
      vertex -11.3385 -34.1602 50.7
    endloop
  endfacet
  facet normal -0.289177 -0.957276 -0
    outer loop
      vertex -9.31748 -34.7733 51
      vertex -9.34628 -34.7646 50.7
      vertex -9.31748 -34.7733 50.7
    endloop
  endfacet
  facet normal 0.910856 -0.412725 0
    outer loop
      vertex 32.2874 -15.9224 51
      vertex 33.2597 -13.7766 45
      vertex 33.2597 -13.7766 51
    endloop
  endfacet
  facet normal 0.910856 -0.412725 0
    outer loop
      vertex 33.2597 -13.7766 45
      vertex 32.2874 -15.9224 51
      vertex 32.2874 -15.9224 45
    endloop
  endfacet
  facet normal -0.995185 0.0980145 0
    outer loop
      vertex -35.9229 2.35451 45
      vertex -35.692 4.69894 51
      vertex -35.692 4.69894 45
    endloop
  endfacet
  facet normal -0.995185 0.0980145 0
    outer loop
      vertex -35.692 4.69894 51
      vertex -35.9229 2.35451 45
      vertex -35.9229 2.35451 51
    endloop
  endfacet
  facet normal 0.93591 -0.35224 0
    outer loop
      vertex 33.2597 -13.7766 51
      vertex 34.0895 -11.5718 45
      vertex 34.0895 -11.5718 51
    endloop
  endfacet
  facet normal 0.93591 -0.35224 0
    outer loop
      vertex 34.0895 -11.5718 45
      vertex 33.2597 -13.7766 51
      vertex 33.2597 -13.7766 45
    endloop
  endfacet
  facet normal 0 0 -1
    outer loop
      vertex 30 0 45
      vertex 36 0 45
      vertex 35.9229 -2.35451 45
    endloop
  endfacet
  facet normal 0 0 -1
    outer loop
      vertex 29.9358 -1.96209 45
      vertex 35.9229 -2.35451 45
      vertex 35.692 -4.69894 45
    endloop
  endfacet
  facet normal 0 0 -1
    outer loop
      vertex 36 0 45
      vertex 30 0 45
      vertex 35.9229 2.35451 45
    endloop
  endfacet
  facet normal 0 0 -1
    outer loop
      vertex 29.7433 -3.91578 45
      vertex 35.692 -4.69894 45
      vertex 35.3083 -7.02325 45
    endloop
  endfacet
  facet normal 0 0 -1
    outer loop
      vertex 29.9358 1.96209 45
      vertex 35.9229 2.35451 45
      vertex 30 0 45
    endloop
  endfacet
  facet normal 0 0 -1
    outer loop
      vertex 29.4236 -5.85271 45
      vertex 35.3083 -7.02325 45
      vertex 34.7733 -9.31748 45
    endloop
  endfacet
  facet normal -0 0 -1
    outer loop
      vertex 35.9229 2.35451 45
      vertex 29.9358 1.96209 45
      vertex 35.692 4.69894 45
    endloop
  endfacet
  facet normal 0 0 -1
    outer loop
      vertex 28.9778 -7.76457 45
      vertex 34.7733 -9.31748 45
      vertex 34.0895 -11.5718 45
    endloop
  endfacet
  facet normal 0 0 -1
    outer loop
      vertex 29.7433 3.91578 45
      vertex 35.692 4.69894 45
      vertex 29.9358 1.96209 45
    endloop
  endfacet
  facet normal 0 0 -1
    outer loop
      vertex 28.4079 -9.64318 45
      vertex 34.0895 -11.5718 45
      vertex 33.2597 -13.7766 45
    endloop
  endfacet
  facet normal -0 0 -1
    outer loop
      vertex 35.692 4.69894 45
      vertex 29.7433 3.91578 45
      vertex 35.3083 7.02325 45
    endloop
  endfacet
  facet normal 0 0 -1
    outer loop
      vertex 27.7164 -11.4805 45
      vertex 33.2597 -13.7766 45
      vertex 32.2874 -15.9224 45
    endloop
  endfacet
  facet normal 0 0 -1
    outer loop
      vertex 29.4236 5.85271 45
      vertex 35.3083 7.02325 45
      vertex 29.7433 3.91578 45
    endloop
  endfacet
  facet normal 0 0 -1
    outer loop
      vertex 26.9062 -13.2687 45
      vertex 32.2874 -15.9224 45
      vertex 31.1769 -18 45
    endloop
  endfacet
  facet normal -0 0 -1
    outer loop
      vertex 35.3083 7.02325 45
      vertex 29.4236 5.85271 45
      vertex 34.7733 9.31748 45
    endloop
  endfacet
  facet normal 0 0 -1
    outer loop
      vertex 28.9778 7.76457 45
      vertex 34.7733 9.31748 45
      vertex 29.4236 5.85271 45
    endloop
  endfacet
  facet normal 0 0 -1
    outer loop
      vertex 35.9229 -2.35451 45
      vertex 29.9358 -1.96209 45
      vertex 30 0 45
    endloop
  endfacet
  facet normal 0 0 -1
    outer loop
      vertex 25.9808 -15 45
      vertex 31.1769 -18 45
      vertex 29.9329 -20.0005 45
    endloop
  endfacet
  facet normal 0 0 -1
    outer loop
      vertex 35.692 -4.69894 45
      vertex 29.7433 -3.91578 45
      vertex 29.9358 -1.96209 45
    endloop
  endfacet
  facet normal 0 0 -1
    outer loop
      vertex 35.3083 -7.02325 45
      vertex 29.4236 -5.85271 45
      vertex 29.7433 -3.91578 45
    endloop
  endfacet
  facet normal 0 0 -1
    outer loop
      vertex 34.7733 -9.31748 45
      vertex 28.9778 -7.76457 45
      vertex 29.4236 -5.85271 45
    endloop
  endfacet
  facet normal 0 0 -1
    outer loop
      vertex 24.9441 -16.6671 45
      vertex 29.9329 -20.0005 45
      vertex 28.5607 -21.9154 45
    endloop
  endfacet
  facet normal 0 0 -1
    outer loop
      vertex 34.0895 -11.5718 45
      vertex 28.4079 -9.64318 45
      vertex 28.9778 -7.76457 45
    endloop
  endfacet
  facet normal 0 0 -1
    outer loop
      vertex 33.2597 -13.7766 45
      vertex 27.7164 -11.4805 45
      vertex 28.4079 -9.64318 45
    endloop
  endfacet
  facet normal 0 0 -1
    outer loop
      vertex 23.8006 -18.2628 45
      vertex 28.5607 -21.9154 45
      vertex 27.0662 -23.7365 45
    endloop
  endfacet
  facet normal 0 0 -1
    outer loop
      vertex 32.2874 -15.9224 45
      vertex 26.9062 -13.2687 45
      vertex 27.7164 -11.4805 45
    endloop
  endfacet
  facet normal 0 0 -1
    outer loop
      vertex 31.1769 -18 45
      vertex 25.9808 -15 45
      vertex 26.9062 -13.2687 45
    endloop
  endfacet
  facet normal 0 0 -1
    outer loop
      vertex 22.5552 -19.7804 45
      vertex 27.0662 -23.7365 45
      vertex 25.4558 -25.4558 45
    endloop
  endfacet
  facet normal 0 0 -1
    outer loop
      vertex 29.9329 -20.0005 45
      vertex 24.9441 -16.6671 45
      vertex 25.9808 -15 45
    endloop
  endfacet
  facet normal 0 0 -1
    outer loop
      vertex 28.5607 -21.9154 45
      vertex 23.8006 -18.2628 45
      vertex 24.9441 -16.6671 45
    endloop
  endfacet
  facet normal 0 0 -1
    outer loop
      vertex 21.2132 -21.2132 45
      vertex 25.4558 -25.4558 45
      vertex 23.7365 -27.0662 45
    endloop
  endfacet
  facet normal 0 0 -1
    outer loop
      vertex 27.0662 -23.7365 45
      vertex 22.5552 -19.7804 45
      vertex 23.8006 -18.2628 45
    endloop
  endfacet
  facet normal 0 0 -1
    outer loop
      vertex 19.7804 -22.5552 45
      vertex 23.7365 -27.0662 45
      vertex 21.9154 -28.5607 45
    endloop
  endfacet
  facet normal 0 0 -1
    outer loop
      vertex 25.4558 -25.4558 45
      vertex 21.2132 -21.2132 45
      vertex 22.5552 -19.7804 45
    endloop
  endfacet
  facet normal 0 0 -1
    outer loop
      vertex 18.2628 -23.8006 45
      vertex 21.9154 -28.5607 45
      vertex 20.0005 -29.9329 45
    endloop
  endfacet
  facet normal 0 0 -1
    outer loop
      vertex 23.7365 -27.0662 45
      vertex 19.7804 -22.5552 45
      vertex 21.2132 -21.2132 45
    endloop
  endfacet
  facet normal 0 0 -1
    outer loop
      vertex 21.9154 -28.5607 45
      vertex 18.2628 -23.8006 45
      vertex 19.7804 -22.5552 45
    endloop
  endfacet
  facet normal 0 0 -1
    outer loop
      vertex 16.6671 -24.9441 45
      vertex 20.0005 -29.9329 45
      vertex 18 -31.1769 45
    endloop
  endfacet
  facet normal 0 0 -1
    outer loop
      vertex 20.0005 -29.9329 45
      vertex 16.6671 -24.9441 45
      vertex 18.2628 -23.8006 45
    endloop
  endfacet
  facet normal 0 0 -1
    outer loop
      vertex 15 -25.9808 45
      vertex 18 -31.1769 45
      vertex 15.9224 -32.2874 45
    endloop
  endfacet
  facet normal 0 0 -1
    outer loop
      vertex 18 -31.1769 45
      vertex 15 -25.9808 45
      vertex 16.6671 -24.9441 45
    endloop
  endfacet
  facet normal 0 0 -1
    outer loop
      vertex 13.2687 -26.9062 45
      vertex 15.9224 -32.2874 45
      vertex 13.7766 -33.2597 45
    endloop
  endfacet
  facet normal 0 0 -1
    outer loop
      vertex 15.9224 -32.2874 45
      vertex 13.2687 -26.9062 45
      vertex 15 -25.9808 45
    endloop
  endfacet
  facet normal 0 0 -1
    outer loop
      vertex 11.4805 -27.7164 45
      vertex 13.7766 -33.2597 45
      vertex 11.5718 -34.0895 45
    endloop
  endfacet
  facet normal 0 0 -1
    outer loop
      vertex 13.7766 -33.2597 45
      vertex 11.4805 -27.7164 45
      vertex 13.2687 -26.9062 45
    endloop
  endfacet
  facet normal 0 0 -1
    outer loop
      vertex 11.5718 -34.0895 45
      vertex 9.64318 -28.4079 45
      vertex 11.4805 -27.7164 45
    endloop
  endfacet
  facet normal 0 0 -1
    outer loop
      vertex 9.31748 -34.7733 45
      vertex 9.64318 -28.4079 45
      vertex 11.5718 -34.0895 45
    endloop
  endfacet
  facet normal 0 0 -1
    outer loop
      vertex 9.31748 -34.7733 45
      vertex 7.76457 -28.9778 45
      vertex 9.64318 -28.4079 45
    endloop
  endfacet
  facet normal 0 0 -1
    outer loop
      vertex 7.02325 -35.3083 45
      vertex 7.76457 -28.9778 45
      vertex 9.31748 -34.7733 45
    endloop
  endfacet
  facet normal 0 0 -1
    outer loop
      vertex 7.02325 -35.3083 45
      vertex 5.85271 -29.4236 45
      vertex 7.76457 -28.9778 45
    endloop
  endfacet
  facet normal 0 0 -1
    outer loop
      vertex 4.69894 -35.692 45
      vertex 5.85271 -29.4236 45
      vertex 7.02325 -35.3083 45
    endloop
  endfacet
  facet normal 0 0 -1
    outer loop
      vertex 4.69894 -35.692 45
      vertex 3.91578 -29.7433 45
      vertex 5.85271 -29.4236 45
    endloop
  endfacet
  facet normal 0 0 -1
    outer loop
      vertex 2.35451 -35.9229 45
      vertex 3.91578 -29.7433 45
      vertex 4.69894 -35.692 45
    endloop
  endfacet
  facet normal 0 0 -1
    outer loop
      vertex 2.35451 -35.9229 45
      vertex 1.96209 -29.9358 45
      vertex 3.91578 -29.7433 45
    endloop
  endfacet
  facet normal 0 0 -1
    outer loop
      vertex 0 -36 45
      vertex 1.96209 -29.9358 45
      vertex 2.35451 -35.9229 45
    endloop
  endfacet
  facet normal 0 0 -1
    outer loop
      vertex 0 -36 45
      vertex 0 -30 45
      vertex 1.96209 -29.9358 45
    endloop
  endfacet
  facet normal 0 0 -1
    outer loop
      vertex 0 -36 45
      vertex -1.96209 -29.9358 45
      vertex 0 -30 45
    endloop
  endfacet
  facet normal 0 0 -1
    outer loop
      vertex -2.35451 -35.9229 45
      vertex -1.96209 -29.9358 45
      vertex 0 -36 45
    endloop
  endfacet
  facet normal 0 0 -1
    outer loop
      vertex -2.35451 -35.9229 45
      vertex -3.91578 -29.7433 45
      vertex -1.96209 -29.9358 45
    endloop
  endfacet
  facet normal 0 0 -1
    outer loop
      vertex -4.69894 -35.692 45
      vertex -3.91578 -29.7433 45
      vertex -2.35451 -35.9229 45
    endloop
  endfacet
  facet normal 0 0 -1
    outer loop
      vertex -4.69894 -35.692 45
      vertex -5.85271 -29.4236 45
      vertex -3.91578 -29.7433 45
    endloop
  endfacet
  facet normal 0 0 -1
    outer loop
      vertex -7.02325 -35.3083 45
      vertex -5.85271 -29.4236 45
      vertex -4.69894 -35.692 45
    endloop
  endfacet
  facet normal 0 0 -1
    outer loop
      vertex -7.02325 -35.3083 45
      vertex -7.76457 -28.9778 45
      vertex -5.85271 -29.4236 45
    endloop
  endfacet
  facet normal 0 0 -1
    outer loop
      vertex -9.31748 -34.7733 45
      vertex -7.76457 -28.9778 45
      vertex -7.02325 -35.3083 45
    endloop
  endfacet
  facet normal 0 0 -1
    outer loop
      vertex -9.31748 -34.7733 45
      vertex -9.64318 -28.4079 45
      vertex -7.76457 -28.9778 45
    endloop
  endfacet
  facet normal 0 0 -1
    outer loop
      vertex -11.5718 -34.0895 45
      vertex -9.64318 -28.4079 45
      vertex -9.31748 -34.7733 45
    endloop
  endfacet
  facet normal -0 0 -1
    outer loop
      vertex -9.64318 -28.4079 45
      vertex -11.5718 -34.0895 45
      vertex -11.4805 -27.7164 45
    endloop
  endfacet
  facet normal 0 0 -1
    outer loop
      vertex -13.7766 -33.2597 45
      vertex -11.4805 -27.7164 45
      vertex -11.5718 -34.0895 45
    endloop
  endfacet
  facet normal -0 0 -1
    outer loop
      vertex -11.4805 -27.7164 45
      vertex -13.7766 -33.2597 45
      vertex -13.2687 -26.9062 45
    endloop
  endfacet
  facet normal 0 0 -1
    outer loop
      vertex -15.9224 -32.2874 45
      vertex -13.2687 -26.9062 45
      vertex -13.7766 -33.2597 45
    endloop
  endfacet
  facet normal -0 0 -1
    outer loop
      vertex -13.2687 -26.9062 45
      vertex -15.9224 -32.2874 45
      vertex -15 -25.9808 45
    endloop
  endfacet
  facet normal 0 0 -1
    outer loop
      vertex -18 -31.1769 45
      vertex -15 -25.9808 45
      vertex -15.9224 -32.2874 45
    endloop
  endfacet
  facet normal -0 0 -1
    outer loop
      vertex -15 -25.9808 45
      vertex -18 -31.1769 45
      vertex -16.6671 -24.9441 45
    endloop
  endfacet
  facet normal 0 0 -1
    outer loop
      vertex -20.0005 -29.9329 45
      vertex -16.6671 -24.9441 45
      vertex -18 -31.1769 45
    endloop
  endfacet
  facet normal -0 0 -1
    outer loop
      vertex -16.6671 -24.9441 45
      vertex -20.0005 -29.9329 45
      vertex -18.2628 -23.8006 45
    endloop
  endfacet
  facet normal 0 0 -1
    outer loop
      vertex -21.9154 -28.5607 45
      vertex -18.2628 -23.8006 45
      vertex -20.0005 -29.9329 45
    endloop
  endfacet
  facet normal -0 0 -1
    outer loop
      vertex -18.2628 -23.8006 45
      vertex -21.9154 -28.5607 45
      vertex -19.7804 -22.5552 45
    endloop
  endfacet
  facet normal 0 0 -1
    outer loop
      vertex -23.7365 -27.0662 45
      vertex -19.7804 -22.5552 45
      vertex -21.9154 -28.5607 45
    endloop
  endfacet
  facet normal -0 0 -1
    outer loop
      vertex -19.7804 -22.5552 45
      vertex -23.7365 -27.0662 45
      vertex -21.2132 -21.2132 45
    endloop
  endfacet
  facet normal 0 0 -1
    outer loop
      vertex -25.4558 -25.4558 45
      vertex -21.2132 -21.2132 45
      vertex -23.7365 -27.0662 45
    endloop
  endfacet
  facet normal -0 0 -1
    outer loop
      vertex -21.2132 -21.2132 45
      vertex -25.4558 -25.4558 45
      vertex -22.5552 -19.7804 45
    endloop
  endfacet
  facet normal 0 0 -1
    outer loop
      vertex -27.0662 -23.7365 45
      vertex -22.5552 -19.7804 45
      vertex -25.4558 -25.4558 45
    endloop
  endfacet
  facet normal -0 0 -1
    outer loop
      vertex -22.5552 -19.7804 45
      vertex -27.0662 -23.7365 45
      vertex -23.8006 -18.2628 45
    endloop
  endfacet
  facet normal 0 0 -1
    outer loop
      vertex -28.5607 -21.9154 45
      vertex -23.8006 -18.2628 45
      vertex -27.0662 -23.7365 45
    endloop
  endfacet
  facet normal -0 0 -1
    outer loop
      vertex -23.8006 -18.2628 45
      vertex -28.5607 -21.9154 45
      vertex -24.9441 -16.6671 45
    endloop
  endfacet
  facet normal 0 0 -1
    outer loop
      vertex -29.9329 -20.0005 45
      vertex -24.9441 -16.6671 45
      vertex -28.5607 -21.9154 45
    endloop
  endfacet
  facet normal -0 0 -1
    outer loop
      vertex -24.9441 -16.6671 45
      vertex -29.9329 -20.0005 45
      vertex -25.9808 -15 45
    endloop
  endfacet
  facet normal 0 0 -1
    outer loop
      vertex -31.1769 -18 45
      vertex -25.9808 -15 45
      vertex -29.9329 -20.0005 45
    endloop
  endfacet
  facet normal -0 0 -1
    outer loop
      vertex -25.9808 -15 45
      vertex -31.1769 -18 45
      vertex -26.9062 -13.2687 45
    endloop
  endfacet
  facet normal 0 0 -1
    outer loop
      vertex -32.2874 -15.9224 45
      vertex -26.9062 -13.2687 45
      vertex -31.1769 -18 45
    endloop
  endfacet
  facet normal -0 0 -1
    outer loop
      vertex -26.9062 -13.2687 45
      vertex -32.2874 -15.9224 45
      vertex -27.7164 -11.4805 45
    endloop
  endfacet
  facet normal 0 0 -1
    outer loop
      vertex -33.2597 -13.7766 45
      vertex -27.7164 -11.4805 45
      vertex -32.2874 -15.9224 45
    endloop
  endfacet
  facet normal -0 0 -1
    outer loop
      vertex -27.7164 -11.4805 45
      vertex -33.2597 -13.7766 45
      vertex -28.4079 -9.64318 45
    endloop
  endfacet
  facet normal 0 0 -1
    outer loop
      vertex -34.0895 -11.5718 45
      vertex -28.4079 -9.64318 45
      vertex -33.2597 -13.7766 45
    endloop
  endfacet
  facet normal -0 0 -1
    outer loop
      vertex -28.4079 -9.64318 45
      vertex -34.0895 -11.5718 45
      vertex -28.9778 -7.76457 45
    endloop
  endfacet
  facet normal 0 0 -1
    outer loop
      vertex -34.7733 -9.31748 45
      vertex -28.9778 -7.76457 45
      vertex -34.0895 -11.5718 45
    endloop
  endfacet
  facet normal -0 0 -1
    outer loop
      vertex 34.7733 9.31748 45
      vertex 28.9778 7.76457 45
      vertex 34.0895 11.5718 45
    endloop
  endfacet
  facet normal 0 0 -1
    outer loop
      vertex 28.4079 9.64318 45
      vertex 34.0895 11.5718 45
      vertex 28.9778 7.76457 45
    endloop
  endfacet
  facet normal -0 0 -1
    outer loop
      vertex 34.0895 11.5718 45
      vertex 28.4079 9.64318 45
      vertex 33.2597 13.7766 45
    endloop
  endfacet
  facet normal 0 0 -1
    outer loop
      vertex 27.7164 11.4805 45
      vertex 33.2597 13.7766 45
      vertex 28.4079 9.64318 45
    endloop
  endfacet
  facet normal -0 0 -1
    outer loop
      vertex 33.2597 13.7766 45
      vertex 27.7164 11.4805 45
      vertex 32.2874 15.9224 45
    endloop
  endfacet
  facet normal 0 0 -1
    outer loop
      vertex 26.9062 13.2687 45
      vertex 32.2874 15.9224 45
      vertex 27.7164 11.4805 45
    endloop
  endfacet
  facet normal -0 0 -1
    outer loop
      vertex 32.2874 15.9224 45
      vertex 26.9062 13.2687 45
      vertex 31.1769 18 45
    endloop
  endfacet
  facet normal 0 0 -1
    outer loop
      vertex 25.9808 15 45
      vertex 31.1769 18 45
      vertex 26.9062 13.2687 45
    endloop
  endfacet
  facet normal -0 0 -1
    outer loop
      vertex 31.1769 18 45
      vertex 25.9808 15 45
      vertex 29.9329 20.0005 45
    endloop
  endfacet
  facet normal 0 0 -1
    outer loop
      vertex 24.9441 16.6671 45
      vertex 29.9329 20.0005 45
      vertex 25.9808 15 45
    endloop
  endfacet
  facet normal -0 0 -1
    outer loop
      vertex 29.9329 20.0005 45
      vertex 24.9441 16.6671 45
      vertex 28.5607 21.9154 45
    endloop
  endfacet
  facet normal 0 0 -1
    outer loop
      vertex 23.8006 18.2628 45
      vertex 28.5607 21.9154 45
      vertex 24.9441 16.6671 45
    endloop
  endfacet
  facet normal -0 0 -1
    outer loop
      vertex 28.5607 21.9154 45
      vertex 23.8006 18.2628 45
      vertex 27.0662 23.7365 45
    endloop
  endfacet
  facet normal 0 0 -1
    outer loop
      vertex 22.5552 19.7804 45
      vertex 27.0662 23.7365 45
      vertex 23.8006 18.2628 45
    endloop
  endfacet
  facet normal -0 0 -1
    outer loop
      vertex 27.0662 23.7365 45
      vertex 22.5552 19.7804 45
      vertex 25.4558 25.4558 45
    endloop
  endfacet
  facet normal 0 0 -1
    outer loop
      vertex 21.2132 21.2132 45
      vertex 25.4558 25.4558 45
      vertex 22.5552 19.7804 45
    endloop
  endfacet
  facet normal -0 0 -1
    outer loop
      vertex 25.4558 25.4558 45
      vertex 21.2132 21.2132 45
      vertex 23.7365 27.0662 45
    endloop
  endfacet
  facet normal 0 0 -1
    outer loop
      vertex 19.7804 22.5552 45
      vertex 23.7365 27.0662 45
      vertex 21.2132 21.2132 45
    endloop
  endfacet
  facet normal -0 0 -1
    outer loop
      vertex 23.7365 27.0662 45
      vertex 19.7804 22.5552 45
      vertex 21.9154 28.5607 45
    endloop
  endfacet
  facet normal 0 0 -1
    outer loop
      vertex 18.2628 23.8006 45
      vertex 21.9154 28.5607 45
      vertex 19.7804 22.5552 45
    endloop
  endfacet
  facet normal -0 0 -1
    outer loop
      vertex 21.9154 28.5607 45
      vertex 18.2628 23.8006 45
      vertex 20.0005 29.9329 45
    endloop
  endfacet
  facet normal 0 0 -1
    outer loop
      vertex 16.6671 24.9441 45
      vertex 20.0005 29.9329 45
      vertex 18.2628 23.8006 45
    endloop
  endfacet
  facet normal -0 0 -1
    outer loop
      vertex 20.0005 29.9329 45
      vertex 16.6671 24.9441 45
      vertex 18 31.1769 45
    endloop
  endfacet
  facet normal 0 0 -1
    outer loop
      vertex 15 25.9808 45
      vertex 18 31.1769 45
      vertex 16.6671 24.9441 45
    endloop
  endfacet
  facet normal -0 0 -1
    outer loop
      vertex 18 31.1769 45
      vertex 15 25.9808 45
      vertex 15.9224 32.2874 45
    endloop
  endfacet
  facet normal 0 0 -1
    outer loop
      vertex 13.2687 26.9062 45
      vertex 15.9224 32.2874 45
      vertex 15 25.9808 45
    endloop
  endfacet
  facet normal -0 0 -1
    outer loop
      vertex 15.9224 32.2874 45
      vertex 13.2687 26.9062 45
      vertex 13.7766 33.2597 45
    endloop
  endfacet
  facet normal 0 0 -1
    outer loop
      vertex 11.4805 27.7164 45
      vertex 13.7766 33.2597 45
      vertex 13.2687 26.9062 45
    endloop
  endfacet
  facet normal -0 0 -1
    outer loop
      vertex 13.7766 33.2597 45
      vertex 11.4805 27.7164 45
      vertex 11.5718 34.0895 45
    endloop
  endfacet
  facet normal 0 0 -1
    outer loop
      vertex 9.64318 28.4079 45
      vertex 11.5718 34.0895 45
      vertex 11.4805 27.7164 45
    endloop
  endfacet
  facet normal 0 0 -1
    outer loop
      vertex 9.64318 28.4079 45
      vertex 9.31748 34.7733 45
      vertex 11.5718 34.0895 45
    endloop
  endfacet
  facet normal 0 0 -1
    outer loop
      vertex 7.76457 28.9778 45
      vertex 9.31748 34.7733 45
      vertex 9.64318 28.4079 45
    endloop
  endfacet
  facet normal 0 0 -1
    outer loop
      vertex 7.76457 28.9778 45
      vertex 7.02325 35.3083 45
      vertex 9.31748 34.7733 45
    endloop
  endfacet
  facet normal 0 0 -1
    outer loop
      vertex 5.85271 29.4236 45
      vertex 7.02325 35.3083 45
      vertex 7.76457 28.9778 45
    endloop
  endfacet
  facet normal 0 0 -1
    outer loop
      vertex 5.85271 29.4236 45
      vertex 4.69894 35.692 45
      vertex 7.02325 35.3083 45
    endloop
  endfacet
  facet normal 0 0 -1
    outer loop
      vertex 3.91578 29.7433 45
      vertex 4.69894 35.692 45
      vertex 5.85271 29.4236 45
    endloop
  endfacet
  facet normal 0 0 -1
    outer loop
      vertex 3.91578 29.7433 45
      vertex 2.35451 35.9229 45
      vertex 4.69894 35.692 45
    endloop
  endfacet
  facet normal 0 0 -1
    outer loop
      vertex 1.96209 29.9358 45
      vertex 2.35451 35.9229 45
      vertex 3.91578 29.7433 45
    endloop
  endfacet
  facet normal 0 0 -1
    outer loop
      vertex 0 30 45
      vertex 2.35451 35.9229 45
      vertex 1.96209 29.9358 45
    endloop
  endfacet
  facet normal 0 0 -1
    outer loop
      vertex 0 30 45
      vertex 0 36 45
      vertex 2.35451 35.9229 45
    endloop
  endfacet
  facet normal 0 0 -1
    outer loop
      vertex -1.96209 29.9358 45
      vertex 0 36 45
      vertex 0 30 45
    endloop
  endfacet
  facet normal 0 0 -1
    outer loop
      vertex -1.96209 29.9358 45
      vertex -2.35451 35.9229 45
      vertex 0 36 45
    endloop
  endfacet
  facet normal 0 0 -1
    outer loop
      vertex -3.91578 29.7433 45
      vertex -2.35451 35.9229 45
      vertex -1.96209 29.9358 45
    endloop
  endfacet
  facet normal 0 0 -1
    outer loop
      vertex -3.91578 29.7433 45
      vertex -4.69894 35.692 45
      vertex -2.35451 35.9229 45
    endloop
  endfacet
  facet normal 0 0 -1
    outer loop
      vertex -5.85271 29.4236 45
      vertex -4.69894 35.692 45
      vertex -3.91578 29.7433 45
    endloop
  endfacet
  facet normal 0 0 -1
    outer loop
      vertex -5.85271 29.4236 45
      vertex -7.02325 35.3083 45
      vertex -4.69894 35.692 45
    endloop
  endfacet
  facet normal 0 0 -1
    outer loop
      vertex -7.76457 28.9778 45
      vertex -7.02325 35.3083 45
      vertex -5.85271 29.4236 45
    endloop
  endfacet
  facet normal 0 0 -1
    outer loop
      vertex -7.76457 28.9778 45
      vertex -9.31748 34.7733 45
      vertex -7.02325 35.3083 45
    endloop
  endfacet
  facet normal 0 0 -1
    outer loop
      vertex -9.64318 28.4079 45
      vertex -9.31748 34.7733 45
      vertex -7.76457 28.9778 45
    endloop
  endfacet
  facet normal 0 0 -1
    outer loop
      vertex -11.5718 34.0895 45
      vertex -9.64318 28.4079 45
      vertex -11.4805 27.7164 45
    endloop
  endfacet
  facet normal 0 0 -1
    outer loop
      vertex -9.64318 28.4079 45
      vertex -11.5718 34.0895 45
      vertex -9.31748 34.7733 45
    endloop
  endfacet
  facet normal 0 0 -1
    outer loop
      vertex -13.7766 33.2597 45
      vertex -11.4805 27.7164 45
      vertex -13.2687 26.9062 45
    endloop
  endfacet
  facet normal 0 0 -1
    outer loop
      vertex -11.4805 27.7164 45
      vertex -13.7766 33.2597 45
      vertex -11.5718 34.0895 45
    endloop
  endfacet
  facet normal 0 0 -1
    outer loop
      vertex -15.9224 32.2874 45
      vertex -13.2687 26.9062 45
      vertex -15 25.9808 45
    endloop
  endfacet
  facet normal 0 0 -1
    outer loop
      vertex -13.2687 26.9062 45
      vertex -15.9224 32.2874 45
      vertex -13.7766 33.2597 45
    endloop
  endfacet
  facet normal 0 0 -1
    outer loop
      vertex -18 31.1769 45
      vertex -15 25.9808 45
      vertex -16.6671 24.9441 45
    endloop
  endfacet
  facet normal 0 0 -1
    outer loop
      vertex -15 25.9808 45
      vertex -18 31.1769 45
      vertex -15.9224 32.2874 45
    endloop
  endfacet
  facet normal 0 0 -1
    outer loop
      vertex -20.0005 29.9329 45
      vertex -16.6671 24.9441 45
      vertex -18.2628 23.8006 45
    endloop
  endfacet
  facet normal 0 0 -1
    outer loop
      vertex -21.9154 28.5607 45
      vertex -18.2628 23.8006 45
      vertex -19.7804 22.5552 45
    endloop
  endfacet
  facet normal 0 0 -1
    outer loop
      vertex -16.6671 24.9441 45
      vertex -20.0005 29.9329 45
      vertex -18 31.1769 45
    endloop
  endfacet
  facet normal 0 0 -1
    outer loop
      vertex -23.7365 27.0662 45
      vertex -19.7804 22.5552 45
      vertex -21.2132 21.2132 45
    endloop
  endfacet
  facet normal 0 0 -1
    outer loop
      vertex -18.2628 23.8006 45
      vertex -21.9154 28.5607 45
      vertex -20.0005 29.9329 45
    endloop
  endfacet
  facet normal 0 0 -1
    outer loop
      vertex -25.4558 25.4558 45
      vertex -21.2132 21.2132 45
      vertex -22.5552 19.7804 45
    endloop
  endfacet
  facet normal 0 0 -1
    outer loop
      vertex -19.7804 22.5552 45
      vertex -23.7365 27.0662 45
      vertex -21.9154 28.5607 45
    endloop
  endfacet
  facet normal 0 0 -1
    outer loop
      vertex -27.0662 23.7365 45
      vertex -22.5552 19.7804 45
      vertex -23.8006 18.2628 45
    endloop
  endfacet
  facet normal 0 0 -1
    outer loop
      vertex -28.5607 21.9154 45
      vertex -23.8006 18.2628 45
      vertex -24.9441 16.6671 45
    endloop
  endfacet
  facet normal 0 0 -1
    outer loop
      vertex -21.2132 21.2132 45
      vertex -25.4558 25.4558 45
      vertex -23.7365 27.0662 45
    endloop
  endfacet
  facet normal 0 0 -1
    outer loop
      vertex -29.9329 20.0005 45
      vertex -24.9441 16.6671 45
      vertex -25.9808 15 45
    endloop
  endfacet
  facet normal 0 0 -1
    outer loop
      vertex -31.1769 18 45
      vertex -25.9808 15 45
      vertex -26.9062 13.2687 45
    endloop
  endfacet
  facet normal 0 0 -1
    outer loop
      vertex -22.5552 19.7804 45
      vertex -27.0662 23.7365 45
      vertex -25.4558 25.4558 45
    endloop
  endfacet
  facet normal 0 0 -1
    outer loop
      vertex -32.2874 15.9224 45
      vertex -26.9062 13.2687 45
      vertex -27.7164 11.4805 45
    endloop
  endfacet
  facet normal 0 0 -1
    outer loop
      vertex -33.2597 13.7766 45
      vertex -27.7164 11.4805 45
      vertex -28.4079 9.64318 45
    endloop
  endfacet
  facet normal 0 0 -1
    outer loop
      vertex -23.8006 18.2628 45
      vertex -28.5607 21.9154 45
      vertex -27.0662 23.7365 45
    endloop
  endfacet
  facet normal 0 0 -1
    outer loop
      vertex -34.0895 11.5718 45
      vertex -28.4079 9.64318 45
      vertex -28.9778 7.76457 45
    endloop
  endfacet
  facet normal 0 0 -1
    outer loop
      vertex -34.7733 9.31748 45
      vertex -28.9778 7.76457 45
      vertex -29.4236 5.85271 45
    endloop
  endfacet
  facet normal 0 0 -1
    outer loop
      vertex -35.3083 7.02325 45
      vertex -29.4236 5.85271 45
      vertex -29.7433 3.91578 45
    endloop
  endfacet
  facet normal 0 0 -1
    outer loop
      vertex -24.9441 16.6671 45
      vertex -29.9329 20.0005 45
      vertex -28.5607 21.9154 45
    endloop
  endfacet
  facet normal 0 0 -1
    outer loop
      vertex -35.692 4.69894 45
      vertex -29.7433 3.91578 45
      vertex -29.9358 1.96209 45
    endloop
  endfacet
  facet normal 0 0 -1
    outer loop
      vertex -35.9229 2.35451 45
      vertex -29.9358 1.96209 45
      vertex -30 0 45
    endloop
  endfacet
  facet normal -0 0 -1
    outer loop
      vertex -28.9778 -7.76457 45
      vertex -34.7733 -9.31748 45
      vertex -29.4236 -5.85271 45
    endloop
  endfacet
  facet normal 0 0 -1
    outer loop
      vertex -25.9808 15 45
      vertex -31.1769 18 45
      vertex -29.9329 20.0005 45
    endloop
  endfacet
  facet normal 0 0 -1
    outer loop
      vertex -35.3083 -7.02325 45
      vertex -29.4236 -5.85271 45
      vertex -34.7733 -9.31748 45
    endloop
  endfacet
  facet normal 0 0 -1
    outer loop
      vertex -26.9062 13.2687 45
      vertex -32.2874 15.9224 45
      vertex -31.1769 18 45
    endloop
  endfacet
  facet normal -0 0 -1
    outer loop
      vertex -29.4236 -5.85271 45
      vertex -35.3083 -7.02325 45
      vertex -29.7433 -3.91578 45
    endloop
  endfacet
  facet normal 0 0 -1
    outer loop
      vertex -27.7164 11.4805 45
      vertex -33.2597 13.7766 45
      vertex -32.2874 15.9224 45
    endloop
  endfacet
  facet normal 0 0 -1
    outer loop
      vertex -35.692 -4.69894 45
      vertex -29.7433 -3.91578 45
      vertex -35.3083 -7.02325 45
    endloop
  endfacet
  facet normal 0 0 -1
    outer loop
      vertex -28.4079 9.64318 45
      vertex -34.0895 11.5718 45
      vertex -33.2597 13.7766 45
    endloop
  endfacet
  facet normal -0 0 -1
    outer loop
      vertex -29.7433 -3.91578 45
      vertex -35.692 -4.69894 45
      vertex -29.9358 -1.96209 45
    endloop
  endfacet
  facet normal 0 0 -1
    outer loop
      vertex -28.9778 7.76457 45
      vertex -34.7733 9.31748 45
      vertex -34.0895 11.5718 45
    endloop
  endfacet
  facet normal 0 0 -1
    outer loop
      vertex -35.9229 -2.35451 45
      vertex -29.9358 -1.96209 45
      vertex -35.692 -4.69894 45
    endloop
  endfacet
  facet normal 0 0 -1
    outer loop
      vertex -29.4236 5.85271 45
      vertex -35.3083 7.02325 45
      vertex -34.7733 9.31748 45
    endloop
  endfacet
  facet normal -0 0 -1
    outer loop
      vertex -29.9358 -1.96209 45
      vertex -35.9229 -2.35451 45
      vertex -30 0 45
    endloop
  endfacet
  facet normal 0 0 -1
    outer loop
      vertex -29.7433 3.91578 45
      vertex -35.692 4.69894 45
      vertex -35.3083 7.02325 45
    endloop
  endfacet
  facet normal 0 0 -1
    outer loop
      vertex -36 0 45
      vertex -30 0 45
      vertex -35.9229 -2.35451 45
    endloop
  endfacet
  facet normal 0 0 -1
    outer loop
      vertex -29.9358 1.96209 45
      vertex -35.9229 2.35451 45
      vertex -35.692 4.69894 45
    endloop
  endfacet
  facet normal 0 0 -1
    outer loop
      vertex -30 0 45
      vertex -36 0 45
      vertex -35.9229 2.35451 45
    endloop
  endfacet
  facet normal -0.995181 -0.0980567 0
    outer loop
      vertex 29.9358 1.96209 45
      vertex 29.7433 3.91578 51
      vertex 29.7433 3.91578 45
    endloop
  endfacet
  facet normal -0.995181 -0.0980567 0
    outer loop
      vertex 29.7433 3.91578 51
      vertex 29.9358 1.96209 45
      vertex 29.9358 1.96209 51
    endloop
  endfacet
  facet normal -0.999465 -0.0327027 0
    outer loop
      vertex 30 0 45
      vertex 29.9358 1.96209 51
      vertex 29.9358 1.96209 45
    endloop
  endfacet
  facet normal -0.999465 -0.0327027 0
    outer loop
      vertex 29.9358 1.96209 51
      vertex 30 0 45
      vertex 30 0 51
    endloop
  endfacet
  facet normal -0.986651 -0.162852 0
    outer loop
      vertex 29.7433 3.91578 45
      vertex 29.4236 5.85271 51
      vertex 29.4236 5.85271 45
    endloop
  endfacet
  facet normal -0.986651 -0.162852 0
    outer loop
      vertex 29.4236 5.85271 51
      vertex 29.7433 3.91578 45
      vertex 29.7433 3.91578 51
    endloop
  endfacet
  facet normal -0.162852 0.986651 0
    outer loop
      vertex 5.85271 -29.4236 45
      vertex 3.91578 -29.7433 51
      vertex 5.85271 -29.4236 51
    endloop
  endfacet
  facet normal -0.162852 0.986651 0
    outer loop
      vertex 3.91578 -29.7433 51
      vertex 5.85271 -29.4236 45
      vertex 3.91578 -29.7433 45
    endloop
  endfacet
  facet normal -0.910868 -0.412697 0
    outer loop
      vertex 27.7164 11.4805 45
      vertex 26.9062 13.2687 51
      vertex 26.9062 13.2687 45
    endloop
  endfacet
  facet normal -0.910868 -0.412697 0
    outer loop
      vertex 26.9062 13.2687 51
      vertex 27.7164 11.4805 45
      vertex 27.7164 11.4805 51
    endloop
  endfacet
  facet normal -0.58249 -0.812838 0
    outer loop
      vertex 16.6671 24.9441 45
      vertex 18.2628 23.8006 51
      vertex 16.6671 24.9441 51
    endloop
  endfacet
  facet normal -0.58249 -0.812838 -0
    outer loop
      vertex 18.2628 23.8006 51
      vertex 16.6671 24.9441 45
      vertex 18.2628 23.8006 45
    endloop
  endfacet
  facet normal 0.881921 -0.471397 0
    outer loop
      vertex -26.9062 13.2687 51
      vertex -25.9808 15 45
      vertex -25.9808 15 51
    endloop
  endfacet
  facet normal 0.881921 -0.471397 0
    outer loop
      vertex -25.9808 15 45
      vertex -26.9062 13.2687 51
      vertex -26.9062 13.2687 45
    endloop
  endfacet
  facet normal -0.973875 0.227084 0
    outer loop
      vertex 28.9778 -7.76457 45
      vertex 29.4236 -5.85271 51
      vertex 29.4236 -5.85271 45
    endloop
  endfacet
  facet normal -0.973875 0.227084 0
    outer loop
      vertex 29.4236 -5.85271 51
      vertex 28.9778 -7.76457 45
      vertex 28.9778 -7.76457 51
    endloop
  endfacet
  facet normal -0.528079 0.849195 0
    outer loop
      vertex 16.6671 -24.9441 45
      vertex 15 -25.9808 51
      vertex 16.6671 -24.9441 51
    endloop
  endfacet
  facet normal -0.528079 0.849195 0
    outer loop
      vertex 15 -25.9808 51
      vertex 16.6671 -24.9441 45
      vertex 15 -25.9808 45
    endloop
  endfacet
  facet normal -0.973875 -0.227084 0
    outer loop
      vertex 29.4236 5.85271 45
      vertex 28.9778 7.76457 51
      vertex 28.9778 7.76457 45
    endloop
  endfacet
  facet normal -0.973875 -0.227084 0
    outer loop
      vertex 28.9778 7.76457 51
      vertex 29.4236 5.85271 45
      vertex 29.4236 5.85271 51
    endloop
  endfacet
  facet normal 0.956936 0.290299 0
    outer loop
      vertex -28.4079 -9.64318 51
      vertex -28.9778 -7.76457 45
      vertex -28.9778 -7.76457 51
    endloop
  endfacet
  facet normal 0.956936 0.290299 0
    outer loop
      vertex -28.9778 -7.76457 45
      vertex -28.4079 -9.64318 51
      vertex -28.4079 -9.64318 45
    endloop
  endfacet
  facet normal 0.0980567 0.995181 -0
    outer loop
      vertex -1.96209 -29.9358 45
      vertex -3.91578 -29.7433 51
      vertex -1.96209 -29.9358 51
    endloop
  endfacet
  facet normal 0.0980567 0.995181 0
    outer loop
      vertex -3.91578 -29.7433 51
      vertex -1.96209 -29.9358 45
      vertex -3.91578 -29.7433 45
    endloop
  endfacet
  facet normal -0.0327027 0.999465 0
    outer loop
      vertex 1.96209 -29.9358 45
      vertex 0 -30 51
      vertex 1.96209 -29.9358 51
    endloop
  endfacet
  facet normal -0.0327027 0.999465 0
    outer loop
      vertex 0 -30 51
      vertex 1.96209 -29.9358 45
      vertex 0 -30 45
    endloop
  endfacet
  facet normal 0.58249 -0.812838 0
    outer loop
      vertex -18.2628 23.8006 45
      vertex -16.6671 24.9441 51
      vertex -18.2628 23.8006 51
    endloop
  endfacet
  facet normal 0.58249 -0.812838 0
    outer loop
      vertex -16.6671 24.9441 51
      vertex -18.2628 23.8006 45
      vertex -16.6671 24.9441 45
    endloop
  endfacet
  facet normal 0.986651 0.162852 0
    outer loop
      vertex -29.4236 -5.85271 51
      vertex -29.7433 -3.91578 45
      vertex -29.7433 -3.91578 51
    endloop
  endfacet
  facet normal 0.986651 0.162852 0
    outer loop
      vertex -29.7433 -3.91578 45
      vertex -29.4236 -5.85271 51
      vertex -29.4236 -5.85271 45
    endloop
  endfacet
  facet normal 0.528079 -0.849195 0
    outer loop
      vertex -16.6671 24.9441 45
      vertex -15 25.9808 51
      vertex -16.6671 24.9441 51
    endloop
  endfacet
  facet normal 0.528079 -0.849195 0
    outer loop
      vertex -15 25.9808 51
      vertex -16.6671 24.9441 45
      vertex -15 25.9808 45
    endloop
  endfacet
  facet normal 0.812838 0.58249 0
    outer loop
      vertex -23.8006 -18.2628 51
      vertex -24.9441 -16.6671 45
      vertex -24.9441 -16.6671 51
    endloop
  endfacet
  facet normal 0.812838 0.58249 0
    outer loop
      vertex -24.9441 -16.6671 45
      vertex -23.8006 -18.2628 51
      vertex -23.8006 -18.2628 45
    endloop
  endfacet
  facet normal -0.471397 -0.881921 0
    outer loop
      vertex 13.2687 26.9062 45
      vertex 15 25.9808 51
      vertex 13.2687 26.9062 51
    endloop
  endfacet
  facet normal -0.471397 -0.881921 -0
    outer loop
      vertex 15 25.9808 51
      vertex 13.2687 26.9062 45
      vertex 15 25.9808 45
    endloop
  endfacet
  facet normal -0.956936 0.290299 0
    outer loop
      vertex 28.4079 -9.64318 45
      vertex 28.9778 -7.76457 51
      vertex 28.9778 -7.76457 45
    endloop
  endfacet
  facet normal -0.956936 0.290299 0
    outer loop
      vertex 28.9778 -7.76457 51
      vertex 28.4079 -9.64318 45
      vertex 28.4079 -9.64318 51
    endloop
  endfacet
  facet normal -0.290299 -0.956936 0
    outer loop
      vertex 7.76457 28.9778 45
      vertex 9.64318 28.4079 51
      vertex 7.76457 28.9778 51
    endloop
  endfacet
  facet normal -0.290299 -0.956936 -0
    outer loop
      vertex 9.64318 28.4079 51
      vertex 7.76457 28.9778 45
      vertex 9.64318 28.4079 45
    endloop
  endfacet
  facet normal 0.773026 -0.634374 0
    outer loop
      vertex -23.8006 18.2628 51
      vertex -22.5552 19.7804 45
      vertex -22.5552 19.7804 51
    endloop
  endfacet
  facet normal 0.773026 -0.634374 0
    outer loop
      vertex -22.5552 19.7804 45
      vertex -23.8006 18.2628 51
      vertex -23.8006 18.2628 45
    endloop
  endfacet
  facet normal 0.227084 -0.973875 0
    outer loop
      vertex -7.76457 28.9778 45
      vertex -5.85271 29.4236 51
      vertex -7.76457 28.9778 51
    endloop
  endfacet
  facet normal 0.227084 -0.973875 0
    outer loop
      vertex -5.85271 29.4236 51
      vertex -7.76457 28.9778 45
      vertex -5.85271 29.4236 45
    endloop
  endfacet
  facet normal -0.849195 -0.528079 0
    outer loop
      vertex 25.9808 15 45
      vertex 24.9441 16.6671 51
      vertex 24.9441 16.6671 45
    endloop
  endfacet
  facet normal -0.849195 -0.528079 0
    outer loop
      vertex 24.9441 16.6671 51
      vertex 25.9808 15 45
      vertex 25.9808 15 51
    endloop
  endfacet
  facet normal -0.58249 0.812838 0
    outer loop
      vertex 18.2628 -23.8006 45
      vertex 16.6671 -24.9441 51
      vertex 18.2628 -23.8006 51
    endloop
  endfacet
  facet normal -0.58249 0.812838 0
    outer loop
      vertex 16.6671 -24.9441 51
      vertex 18.2628 -23.8006 45
      vertex 16.6671 -24.9441 45
    endloop
  endfacet
  facet normal -0.634374 -0.773026 0
    outer loop
      vertex 18.2628 23.8006 45
      vertex 19.7804 22.5552 51
      vertex 18.2628 23.8006 51
    endloop
  endfacet
  facet normal -0.634374 -0.773026 -0
    outer loop
      vertex 19.7804 22.5552 51
      vertex 18.2628 23.8006 45
      vertex 19.7804 22.5552 45
    endloop
  endfacet
  facet normal 0.471397 0.881921 -0
    outer loop
      vertex -13.2687 -26.9062 45
      vertex -15 -25.9808 51
      vertex -13.2687 -26.9062 51
    endloop
  endfacet
  facet normal 0.471397 0.881921 0
    outer loop
      vertex -15 -25.9808 51
      vertex -13.2687 -26.9062 45
      vertex -15 -25.9808 45
    endloop
  endfacet
  facet normal -0.812838 -0.58249 0
    outer loop
      vertex 24.9441 16.6671 45
      vertex 23.8006 18.2628 51
      vertex 23.8006 18.2628 45
    endloop
  endfacet
  facet normal -0.812838 -0.58249 0
    outer loop
      vertex 23.8006 18.2628 51
      vertex 24.9441 16.6671 45
      vertex 24.9441 16.6671 51
    endloop
  endfacet
  facet normal -0.773026 -0.634374 0
    outer loop
      vertex 23.8006 18.2628 45
      vertex 22.5552 19.7804 51
      vertex 22.5552 19.7804 45
    endloop
  endfacet
  facet normal -0.773026 -0.634374 0
    outer loop
      vertex 22.5552 19.7804 51
      vertex 23.8006 18.2628 45
      vertex 23.8006 18.2628 51
    endloop
  endfacet
  facet normal -0.773026 0.634374 0
    outer loop
      vertex 22.5552 -19.7804 45
      vertex 23.8006 -18.2628 51
      vertex 23.8006 -18.2628 45
    endloop
  endfacet
  facet normal -0.773026 0.634374 0
    outer loop
      vertex 23.8006 -18.2628 51
      vertex 22.5552 -19.7804 45
      vertex 22.5552 -19.7804 51
    endloop
  endfacet
  facet normal -0.352242 0.935909 0
    outer loop
      vertex 11.4805 -27.7164 45
      vertex 9.64318 -28.4079 51
      vertex 11.4805 -27.7164 51
    endloop
  endfacet
  facet normal -0.352242 0.935909 0
    outer loop
      vertex 9.64318 -28.4079 51
      vertex 11.4805 -27.7164 45
      vertex 9.64318 -28.4079 45
    endloop
  endfacet
  facet normal -0.352242 -0.935909 0
    outer loop
      vertex 9.64318 28.4079 45
      vertex 11.4805 27.7164 51
      vertex 9.64318 28.4079 51
    endloop
  endfacet
  facet normal -0.352242 -0.935909 -0
    outer loop
      vertex 11.4805 27.7164 51
      vertex 9.64318 28.4079 45
      vertex 11.4805 27.7164 45
    endloop
  endfacet
  facet normal -0.227084 0.973875 0
    outer loop
      vertex 7.76457 -28.9778 45
      vertex 5.85271 -29.4236 51
      vertex 7.76457 -28.9778 51
    endloop
  endfacet
  facet normal -0.227084 0.973875 0
    outer loop
      vertex 5.85271 -29.4236 51
      vertex 7.76457 -28.9778 45
      vertex 5.85271 -29.4236 45
    endloop
  endfacet
  facet normal 0.973875 0.227084 0
    outer loop
      vertex -28.9778 -7.76457 51
      vertex -29.4236 -5.85271 45
      vertex -29.4236 -5.85271 51
    endloop
  endfacet
  facet normal 0.973875 0.227084 0
    outer loop
      vertex -29.4236 -5.85271 45
      vertex -28.9778 -7.76457 51
      vertex -28.9778 -7.76457 45
    endloop
  endfacet
  facet normal 0.773026 0.634374 0
    outer loop
      vertex -22.5552 -19.7804 51
      vertex -23.8006 -18.2628 45
      vertex -23.8006 -18.2628 51
    endloop
  endfacet
  facet normal 0.773026 0.634374 0
    outer loop
      vertex -23.8006 -18.2628 45
      vertex -22.5552 -19.7804 51
      vertex -22.5552 -19.7804 45
    endloop
  endfacet
  facet normal 0.0327027 0.999465 -0
    outer loop
      vertex 0 -30 45
      vertex -1.96209 -29.9358 51
      vertex 0 -30 51
    endloop
  endfacet
  facet normal 0.0327027 0.999465 0
    outer loop
      vertex -1.96209 -29.9358 51
      vertex 0 -30 45
      vertex -1.96209 -29.9358 45
    endloop
  endfacet
  facet normal 0.0980567 -0.995181 0
    outer loop
      vertex -3.91578 29.7433 45
      vertex -1.96209 29.9358 51
      vertex -3.91578 29.7433 51
    endloop
  endfacet
  facet normal 0.0980567 -0.995181 0
    outer loop
      vertex -1.96209 29.9358 51
      vertex -3.91578 29.7433 45
      vertex -1.96209 29.9358 45
    endloop
  endfacet
  facet normal 0.471397 -0.881921 0
    outer loop
      vertex -15 25.9808 45
      vertex -13.2687 26.9062 51
      vertex -15 25.9808 51
    endloop
  endfacet
  facet normal 0.471397 -0.881921 0
    outer loop
      vertex -13.2687 26.9062 51
      vertex -15 25.9808 45
      vertex -13.2687 26.9062 45
    endloop
  endfacet
  facet normal -0.471397 0.881921 0
    outer loop
      vertex 15 -25.9808 45
      vertex 13.2687 -26.9062 51
      vertex 15 -25.9808 51
    endloop
  endfacet
  facet normal -0.471397 0.881921 0
    outer loop
      vertex 13.2687 -26.9062 51
      vertex 15 -25.9808 45
      vertex 13.2687 -26.9062 45
    endloop
  endfacet
  facet normal -0.935909 -0.352242 0
    outer loop
      vertex 28.4079 9.64318 45
      vertex 27.7164 11.4805 51
      vertex 27.7164 11.4805 45
    endloop
  endfacet
  facet normal -0.935909 -0.352242 0
    outer loop
      vertex 27.7164 11.4805 51
      vertex 28.4079 9.64318 45
      vertex 28.4079 9.64318 51
    endloop
  endfacet
  facet normal 0.290299 -0.956936 0
    outer loop
      vertex -9.64318 28.4079 45
      vertex -7.76457 28.9778 51
      vertex -9.64318 28.4079 51
    endloop
  endfacet
  facet normal 0.290299 -0.956936 0
    outer loop
      vertex -7.76457 28.9778 51
      vertex -9.64318 28.4079 45
      vertex -7.76457 28.9778 45
    endloop
  endfacet
  facet normal 0.935909 -0.352242 0
    outer loop
      vertex -28.4079 9.64318 51
      vertex -27.7164 11.4805 45
      vertex -27.7164 11.4805 51
    endloop
  endfacet
  facet normal 0.935909 -0.352242 0
    outer loop
      vertex -27.7164 11.4805 45
      vertex -28.4079 9.64318 51
      vertex -28.4079 9.64318 45
    endloop
  endfacet
  facet normal 0.162852 -0.986651 0
    outer loop
      vertex -5.85271 29.4236 45
      vertex -3.91578 29.7433 51
      vertex -5.85271 29.4236 51
    endloop
  endfacet
  facet normal 0.162852 -0.986651 0
    outer loop
      vertex -3.91578 29.7433 51
      vertex -5.85271 29.4236 45
      vertex -3.91578 29.7433 45
    endloop
  endfacet
  facet normal -0.881921 -0.471397 0
    outer loop
      vertex 26.9062 13.2687 45
      vertex 25.9808 15 51
      vertex 25.9808 15 45
    endloop
  endfacet
  facet normal -0.881921 -0.471397 0
    outer loop
      vertex 25.9808 15 51
      vertex 26.9062 13.2687 45
      vertex 26.9062 13.2687 51
    endloop
  endfacet
  facet normal 0.729855 -0.683602 0
    outer loop
      vertex -22.5552 19.7804 51
      vertex -21.2132 21.2132 45
      vertex -21.2132 21.2132 51
    endloop
  endfacet
  facet normal 0.729855 -0.683602 0
    outer loop
      vertex -21.2132 21.2132 45
      vertex -22.5552 19.7804 51
      vertex -22.5552 19.7804 45
    endloop
  endfacet
  facet normal 0.973875 -0.227084 0
    outer loop
      vertex -29.4236 5.85271 51
      vertex -28.9778 7.76457 45
      vertex -28.9778 7.76457 51
    endloop
  endfacet
  facet normal 0.973875 -0.227084 0
    outer loop
      vertex -28.9778 7.76457 45
      vertex -29.4236 5.85271 51
      vertex -29.4236 5.85271 45
    endloop
  endfacet
  facet normal -0.729855 0.683602 0
    outer loop
      vertex 21.2132 -21.2132 45
      vertex 22.5552 -19.7804 51
      vertex 22.5552 -19.7804 45
    endloop
  endfacet
  facet normal -0.729855 0.683602 0
    outer loop
      vertex 22.5552 -19.7804 51
      vertex 21.2132 -21.2132 45
      vertex 21.2132 -21.2132 51
    endloop
  endfacet
  facet normal 0.995181 -0.0980567 0
    outer loop
      vertex -29.9358 1.96209 51
      vertex -29.7433 3.91578 45
      vertex -29.7433 3.91578 51
    endloop
  endfacet
  facet normal 0.995181 -0.0980567 0
    outer loop
      vertex -29.7433 3.91578 45
      vertex -29.9358 1.96209 51
      vertex -29.9358 1.96209 45
    endloop
  endfacet
  facet normal -0.956936 -0.290299 0
    outer loop
      vertex 28.9778 7.76457 45
      vertex 28.4079 9.64318 51
      vertex 28.4079 9.64318 45
    endloop
  endfacet
  facet normal -0.956936 -0.290299 0
    outer loop
      vertex 28.4079 9.64318 51
      vertex 28.9778 7.76457 45
      vertex 28.9778 7.76457 51
    endloop
  endfacet
  facet normal -0.995181 0.0980567 0
    outer loop
      vertex 29.7433 -3.91578 45
      vertex 29.9358 -1.96209 51
      vertex 29.9358 -1.96209 45
    endloop
  endfacet
  facet normal -0.995181 0.0980567 0
    outer loop
      vertex 29.9358 -1.96209 51
      vertex 29.7433 -3.91578 45
      vertex 29.7433 -3.91578 51
    endloop
  endfacet
  facet normal -0.528079 -0.849195 0
    outer loop
      vertex 15 25.9808 45
      vertex 16.6671 24.9441 51
      vertex 15 25.9808 51
    endloop
  endfacet
  facet normal -0.528079 -0.849195 -0
    outer loop
      vertex 16.6671 24.9441 51
      vertex 15 25.9808 45
      vertex 16.6671 24.9441 45
    endloop
  endfacet
  facet normal -0.881921 0.471397 0
    outer loop
      vertex 25.9808 -15 45
      vertex 26.9062 -13.2687 51
      vertex 26.9062 -13.2687 45
    endloop
  endfacet
  facet normal -0.881921 0.471397 0
    outer loop
      vertex 26.9062 -13.2687 51
      vertex 25.9808 -15 45
      vertex 25.9808 -15 51
    endloop
  endfacet
  facet normal -0.162852 -0.986651 0
    outer loop
      vertex 3.91578 29.7433 45
      vertex 5.85271 29.4236 51
      vertex 3.91578 29.7433 51
    endloop
  endfacet
  facet normal -0.162852 -0.986651 -0
    outer loop
      vertex 5.85271 29.4236 51
      vertex 3.91578 29.7433 45
      vertex 5.85271 29.4236 45
    endloop
  endfacet
  facet normal 0.999465 0.0327027 0
    outer loop
      vertex -29.9358 -1.96209 51
      vertex -30 0 45
      vertex -30 0 51
    endloop
  endfacet
  facet normal 0.999465 0.0327027 0
    outer loop
      vertex -30 0 45
      vertex -29.9358 -1.96209 51
      vertex -29.9358 -1.96209 45
    endloop
  endfacet
  facet normal 0.683602 -0.729855 0
    outer loop
      vertex -21.2132 21.2132 45
      vertex -19.7804 22.5552 51
      vertex -21.2132 21.2132 51
    endloop
  endfacet
  facet normal 0.683602 -0.729855 0
    outer loop
      vertex -19.7804 22.5552 51
      vertex -21.2132 21.2132 45
      vertex -19.7804 22.5552 45
    endloop
  endfacet
  facet normal 0.0327027 -0.999465 0
    outer loop
      vertex -1.96209 29.9358 45
      vertex 0 30 51
      vertex -1.96209 29.9358 51
    endloop
  endfacet
  facet normal 0.0327027 -0.999465 0
    outer loop
      vertex 0 30 51
      vertex -1.96209 29.9358 45
      vertex 0 30 45
    endloop
  endfacet
  facet normal -0.910868 0.412697 0
    outer loop
      vertex 26.9062 -13.2687 45
      vertex 27.7164 -11.4805 51
      vertex 27.7164 -11.4805 45
    endloop
  endfacet
  facet normal -0.910868 0.412697 0
    outer loop
      vertex 27.7164 -11.4805 51
      vertex 26.9062 -13.2687 45
      vertex 26.9062 -13.2687 51
    endloop
  endfacet
  facet normal -0.849195 0.528079 0
    outer loop
      vertex 24.9441 -16.6671 45
      vertex 25.9808 -15 51
      vertex 25.9808 -15 45
    endloop
  endfacet
  facet normal -0.849195 0.528079 0
    outer loop
      vertex 25.9808 -15 51
      vertex 24.9441 -16.6671 45
      vertex 24.9441 -16.6671 51
    endloop
  endfacet
  facet normal -0.290299 0.956936 0
    outer loop
      vertex 9.64318 -28.4079 45
      vertex 7.76457 -28.9778 51
      vertex 9.64318 -28.4079 51
    endloop
  endfacet
  facet normal -0.290299 0.956936 0
    outer loop
      vertex 7.76457 -28.9778 51
      vertex 9.64318 -28.4079 45
      vertex 7.76457 -28.9778 45
    endloop
  endfacet
  facet normal -0.412697 0.910868 0
    outer loop
      vertex 13.2687 -26.9062 45
      vertex 11.4805 -27.7164 51
      vertex 13.2687 -26.9062 51
    endloop
  endfacet
  facet normal -0.412697 0.910868 0
    outer loop
      vertex 11.4805 -27.7164 51
      vertex 13.2687 -26.9062 45
      vertex 11.4805 -27.7164 45
    endloop
  endfacet
  facet normal -0.0980567 0.995181 0
    outer loop
      vertex 3.91578 -29.7433 45
      vertex 1.96209 -29.9358 51
      vertex 3.91578 -29.7433 51
    endloop
  endfacet
  facet normal -0.0980567 0.995181 0
    outer loop
      vertex 1.96209 -29.9358 51
      vertex 3.91578 -29.7433 45
      vertex 1.96209 -29.9358 45
    endloop
  endfacet
  facet normal 0.58249 0.812838 -0
    outer loop
      vertex -16.6671 -24.9441 45
      vertex -18.2628 -23.8006 51
      vertex -16.6671 -24.9441 51
    endloop
  endfacet
  facet normal 0.58249 0.812838 0
    outer loop
      vertex -18.2628 -23.8006 51
      vertex -16.6671 -24.9441 45
      vertex -18.2628 -23.8006 45
    endloop
  endfacet
  facet normal -0.227084 -0.973875 0
    outer loop
      vertex 5.85271 29.4236 45
      vertex 7.76457 28.9778 51
      vertex 5.85271 29.4236 51
    endloop
  endfacet
  facet normal -0.227084 -0.973875 -0
    outer loop
      vertex 7.76457 28.9778 51
      vertex 5.85271 29.4236 45
      vertex 7.76457 28.9778 45
    endloop
  endfacet
  facet normal 0.227084 0.973875 -0
    outer loop
      vertex -5.85271 -29.4236 45
      vertex -7.76457 -28.9778 51
      vertex -5.85271 -29.4236 51
    endloop
  endfacet
  facet normal 0.227084 0.973875 0
    outer loop
      vertex -7.76457 -28.9778 51
      vertex -5.85271 -29.4236 45
      vertex -7.76457 -28.9778 45
    endloop
  endfacet
  facet normal 0.849195 0.528079 0
    outer loop
      vertex -24.9441 -16.6671 51
      vertex -25.9808 -15 45
      vertex -25.9808 -15 51
    endloop
  endfacet
  facet normal 0.849195 0.528079 0
    outer loop
      vertex -25.9808 -15 45
      vertex -24.9441 -16.6671 51
      vertex -24.9441 -16.6671 45
    endloop
  endfacet
  facet normal 0.352242 -0.935909 0
    outer loop
      vertex -11.4805 27.7164 45
      vertex -9.64318 28.4079 51
      vertex -11.4805 27.7164 51
    endloop
  endfacet
  facet normal 0.352242 -0.935909 0
    outer loop
      vertex -9.64318 28.4079 51
      vertex -11.4805 27.7164 45
      vertex -9.64318 28.4079 45
    endloop
  endfacet
  facet normal -0.935909 0.352242 0
    outer loop
      vertex 27.7164 -11.4805 45
      vertex 28.4079 -9.64318 51
      vertex 28.4079 -9.64318 45
    endloop
  endfacet
  facet normal -0.935909 0.352242 0
    outer loop
      vertex 28.4079 -9.64318 51
      vertex 27.7164 -11.4805 45
      vertex 27.7164 -11.4805 51
    endloop
  endfacet
  facet normal 0.910868 -0.412697 0
    outer loop
      vertex -27.7164 11.4805 51
      vertex -26.9062 13.2687 45
      vertex -26.9062 13.2687 51
    endloop
  endfacet
  facet normal 0.910868 -0.412697 0
    outer loop
      vertex -26.9062 13.2687 45
      vertex -27.7164 11.4805 51
      vertex -27.7164 11.4805 45
    endloop
  endfacet
  facet normal 0.162852 0.986651 -0
    outer loop
      vertex -3.91578 -29.7433 45
      vertex -5.85271 -29.4236 51
      vertex -3.91578 -29.7433 51
    endloop
  endfacet
  facet normal 0.162852 0.986651 0
    outer loop
      vertex -5.85271 -29.4236 51
      vertex -3.91578 -29.7433 45
      vertex -5.85271 -29.4236 45
    endloop
  endfacet
  facet normal 0.634374 -0.773026 0
    outer loop
      vertex -19.7804 22.5552 45
      vertex -18.2628 23.8006 51
      vertex -19.7804 22.5552 51
    endloop
  endfacet
  facet normal 0.634374 -0.773026 0
    outer loop
      vertex -18.2628 23.8006 51
      vertex -19.7804 22.5552 45
      vertex -18.2628 23.8006 45
    endloop
  endfacet
  facet normal -0.986651 0.162852 0
    outer loop
      vertex 29.4236 -5.85271 45
      vertex 29.7433 -3.91578 51
      vertex 29.7433 -3.91578 45
    endloop
  endfacet
  facet normal -0.986651 0.162852 0
    outer loop
      vertex 29.7433 -3.91578 51
      vertex 29.4236 -5.85271 45
      vertex 29.4236 -5.85271 51
    endloop
  endfacet
  facet normal 0.528079 0.849195 -0
    outer loop
      vertex -15 -25.9808 45
      vertex -16.6671 -24.9441 51
      vertex -15 -25.9808 51
    endloop
  endfacet
  facet normal 0.528079 0.849195 0
    outer loop
      vertex -16.6671 -24.9441 51
      vertex -15 -25.9808 45
      vertex -16.6671 -24.9441 45
    endloop
  endfacet
  facet normal 0.999465 -0.0327027 0
    outer loop
      vertex -30 0 51
      vertex -29.9358 1.96209 45
      vertex -29.9358 1.96209 51
    endloop
  endfacet
  facet normal 0.999465 -0.0327027 0
    outer loop
      vertex -29.9358 1.96209 45
      vertex -30 0 51
      vertex -30 0 45
    endloop
  endfacet
  facet normal -0.0327027 -0.999465 0
    outer loop
      vertex 0 30 45
      vertex 1.96209 29.9358 51
      vertex 0 30 51
    endloop
  endfacet
  facet normal -0.0327027 -0.999465 -0
    outer loop
      vertex 1.96209 29.9358 51
      vertex 0 30 45
      vertex 1.96209 29.9358 45
    endloop
  endfacet
  facet normal 0.683602 0.729855 -0
    outer loop
      vertex -19.7804 -22.5552 45
      vertex -21.2132 -21.2132 51
      vertex -19.7804 -22.5552 51
    endloop
  endfacet
  facet normal 0.683602 0.729855 0
    outer loop
      vertex -21.2132 -21.2132 51
      vertex -19.7804 -22.5552 45
      vertex -21.2132 -21.2132 45
    endloop
  endfacet
  facet normal 0.352242 0.935909 -0
    outer loop
      vertex -9.64318 -28.4079 45
      vertex -11.4805 -27.7164 51
      vertex -9.64318 -28.4079 51
    endloop
  endfacet
  facet normal 0.352242 0.935909 0
    outer loop
      vertex -11.4805 -27.7164 51
      vertex -9.64318 -28.4079 45
      vertex -11.4805 -27.7164 45
    endloop
  endfacet
  facet normal -0.683602 -0.729855 0
    outer loop
      vertex 19.7804 22.5552 45
      vertex 21.2132 21.2132 51
      vertex 19.7804 22.5552 51
    endloop
  endfacet
  facet normal -0.683602 -0.729855 -0
    outer loop
      vertex 21.2132 21.2132 51
      vertex 19.7804 22.5552 45
      vertex 21.2132 21.2132 45
    endloop
  endfacet
  facet normal 0.986651 -0.162852 0
    outer loop
      vertex -29.7433 3.91578 51
      vertex -29.4236 5.85271 45
      vertex -29.4236 5.85271 51
    endloop
  endfacet
  facet normal 0.986651 -0.162852 0
    outer loop
      vertex -29.4236 5.85271 45
      vertex -29.7433 3.91578 51
      vertex -29.7433 3.91578 45
    endloop
  endfacet
  facet normal -0.412697 -0.910868 0
    outer loop
      vertex 11.4805 27.7164 45
      vertex 13.2687 26.9062 51
      vertex 11.4805 27.7164 51
    endloop
  endfacet
  facet normal -0.412697 -0.910868 -0
    outer loop
      vertex 13.2687 26.9062 51
      vertex 11.4805 27.7164 45
      vertex 13.2687 26.9062 45
    endloop
  endfacet
  facet normal -0.729855 -0.683602 0
    outer loop
      vertex 22.5552 19.7804 45
      vertex 21.2132 21.2132 51
      vertex 21.2132 21.2132 45
    endloop
  endfacet
  facet normal -0.729855 -0.683602 0
    outer loop
      vertex 21.2132 21.2132 51
      vertex 22.5552 19.7804 45
      vertex 22.5552 19.7804 51
    endloop
  endfacet
  facet normal 0.729855 0.683602 0
    outer loop
      vertex -21.2132 -21.2132 51
      vertex -22.5552 -19.7804 45
      vertex -22.5552 -19.7804 51
    endloop
  endfacet
  facet normal 0.729855 0.683602 0
    outer loop
      vertex -22.5552 -19.7804 45
      vertex -21.2132 -21.2132 51
      vertex -21.2132 -21.2132 45
    endloop
  endfacet
  facet normal 0.812838 -0.58249 0
    outer loop
      vertex -24.9441 16.6671 51
      vertex -23.8006 18.2628 45
      vertex -23.8006 18.2628 51
    endloop
  endfacet
  facet normal 0.812838 -0.58249 0
    outer loop
      vertex -23.8006 18.2628 45
      vertex -24.9441 16.6671 51
      vertex -24.9441 16.6671 45
    endloop
  endfacet
  facet normal 0.956936 -0.290299 0
    outer loop
      vertex -28.9778 7.76457 51
      vertex -28.4079 9.64318 45
      vertex -28.4079 9.64318 51
    endloop
  endfacet
  facet normal 0.956936 -0.290299 0
    outer loop
      vertex -28.4079 9.64318 45
      vertex -28.9778 7.76457 51
      vertex -28.9778 7.76457 45
    endloop
  endfacet
  facet normal 0.995181 0.0980567 0
    outer loop
      vertex -29.7433 -3.91578 51
      vertex -29.9358 -1.96209 45
      vertex -29.9358 -1.96209 51
    endloop
  endfacet
  facet normal 0.995181 0.0980567 0
    outer loop
      vertex -29.9358 -1.96209 45
      vertex -29.7433 -3.91578 51
      vertex -29.7433 -3.91578 45
    endloop
  endfacet
  facet normal 0.910868 0.412697 0
    outer loop
      vertex -26.9062 -13.2687 51
      vertex -27.7164 -11.4805 45
      vertex -27.7164 -11.4805 51
    endloop
  endfacet
  facet normal 0.910868 0.412697 0
    outer loop
      vertex -27.7164 -11.4805 45
      vertex -26.9062 -13.2687 51
      vertex -26.9062 -13.2687 45
    endloop
  endfacet
  facet normal -0.999465 0.0327027 0
    outer loop
      vertex 29.9358 -1.96209 45
      vertex 30 0 51
      vertex 30 0 45
    endloop
  endfacet
  facet normal -0.999465 0.0327027 0
    outer loop
      vertex 30 0 51
      vertex 29.9358 -1.96209 45
      vertex 29.9358 -1.96209 51
    endloop
  endfacet
  facet normal 0.935909 0.352242 0
    outer loop
      vertex -27.7164 -11.4805 51
      vertex -28.4079 -9.64318 45
      vertex -28.4079 -9.64318 51
    endloop
  endfacet
  facet normal 0.935909 0.352242 0
    outer loop
      vertex -28.4079 -9.64318 45
      vertex -27.7164 -11.4805 51
      vertex -27.7164 -11.4805 45
    endloop
  endfacet
  facet normal 0.634374 0.773026 -0
    outer loop
      vertex -18.2628 -23.8006 45
      vertex -19.7804 -22.5552 51
      vertex -18.2628 -23.8006 51
    endloop
  endfacet
  facet normal 0.634374 0.773026 0
    outer loop
      vertex -19.7804 -22.5552 51
      vertex -18.2628 -23.8006 45
      vertex -19.7804 -22.5552 45
    endloop
  endfacet
  facet normal -0.812838 0.58249 0
    outer loop
      vertex 23.8006 -18.2628 45
      vertex 24.9441 -16.6671 51
      vertex 24.9441 -16.6671 45
    endloop
  endfacet
  facet normal -0.812838 0.58249 0
    outer loop
      vertex 24.9441 -16.6671 51
      vertex 23.8006 -18.2628 45
      vertex 23.8006 -18.2628 51
    endloop
  endfacet
  facet normal 0.412697 -0.910868 0
    outer loop
      vertex -13.2687 26.9062 45
      vertex -11.4805 27.7164 51
      vertex -13.2687 26.9062 51
    endloop
  endfacet
  facet normal 0.412697 -0.910868 0
    outer loop
      vertex -11.4805 27.7164 51
      vertex -13.2687 26.9062 45
      vertex -11.4805 27.7164 45
    endloop
  endfacet
  facet normal -0.0980567 -0.995181 0
    outer loop
      vertex 1.96209 29.9358 45
      vertex 3.91578 29.7433 51
      vertex 1.96209 29.9358 51
    endloop
  endfacet
  facet normal -0.0980567 -0.995181 -0
    outer loop
      vertex 3.91578 29.7433 51
      vertex 1.96209 29.9358 45
      vertex 3.91578 29.7433 45
    endloop
  endfacet
  facet normal -0.634374 0.773026 0
    outer loop
      vertex 19.7804 -22.5552 45
      vertex 18.2628 -23.8006 51
      vertex 19.7804 -22.5552 51
    endloop
  endfacet
  facet normal -0.634374 0.773026 0
    outer loop
      vertex 18.2628 -23.8006 51
      vertex 19.7804 -22.5552 45
      vertex 18.2628 -23.8006 45
    endloop
  endfacet
  facet normal -0.683602 0.729855 0
    outer loop
      vertex 21.2132 -21.2132 45
      vertex 19.7804 -22.5552 51
      vertex 21.2132 -21.2132 51
    endloop
  endfacet
  facet normal -0.683602 0.729855 0
    outer loop
      vertex 19.7804 -22.5552 51
      vertex 21.2132 -21.2132 45
      vertex 19.7804 -22.5552 45
    endloop
  endfacet
  facet normal 0.881921 0.471397 0
    outer loop
      vertex -25.9808 -15 51
      vertex -26.9062 -13.2687 45
      vertex -26.9062 -13.2687 51
    endloop
  endfacet
  facet normal 0.881921 0.471397 0
    outer loop
      vertex -26.9062 -13.2687 45
      vertex -25.9808 -15 51
      vertex -25.9808 -15 45
    endloop
  endfacet
  facet normal 0.849195 -0.528079 0
    outer loop
      vertex -25.9808 15 51
      vertex -24.9441 16.6671 45
      vertex -24.9441 16.6671 51
    endloop
  endfacet
  facet normal 0.849195 -0.528079 0
    outer loop
      vertex -24.9441 16.6671 45
      vertex -25.9808 15 51
      vertex -25.9808 15 45
    endloop
  endfacet
  facet normal 0.290299 0.956936 -0
    outer loop
      vertex -7.76457 -28.9778 45
      vertex -9.64318 -28.4079 51
      vertex -7.76457 -28.9778 51
    endloop
  endfacet
  facet normal 0.290299 0.956936 0
    outer loop
      vertex -9.64318 -28.4079 51
      vertex -7.76457 -28.9778 45
      vertex -9.64318 -28.4079 45
    endloop
  endfacet
  facet normal 0.412697 0.910868 -0
    outer loop
      vertex -11.4805 -27.7164 45
      vertex -13.2687 -26.9062 51
      vertex -11.4805 -27.7164 51
    endloop
  endfacet
  facet normal 0.412697 0.910868 0
    outer loop
      vertex -13.2687 -26.9062 51
      vertex -11.4805 -27.7164 45
      vertex -13.2687 -26.9062 45
    endloop
  endfacet
  facet normal -0.374617 0.92718 0
    outer loop
      vertex 37.0874 14.9843 47.7
      vertex 33.3786 13.4858 50.7
      vertex 37.0874 14.9843 50.7
    endloop
  endfacet
  facet normal -0.374617 0.92718 0
    outer loop
      vertex 33.3786 13.4858 50.7
      vertex 37.0874 14.9843 47.7
      vertex 33.3786 13.4858 47.7
    endloop
  endfacet
  facet normal 0.997329 0.0730421 0
    outer loop
      vertex 39.9452 2.09344 50.7
      vertex 39.8241 3.74696 47.7
      vertex 39.8241 3.74696 50.7
    endloop
  endfacet
  facet normal 0.997329 0.0730421 0
    outer loop
      vertex 39.8241 3.74696 47.7
      vertex 39.9452 2.09344 50.7
      vertex 39.9452 2.09344 47.7
    endloop
  endfacet
  facet normal -0.997312 -0.0732716 0
    outer loop
      vertex 35.9507 1.88409 47.7
      vertex 35.9283 2.18898 50.7
      vertex 35.9283 2.18898 47.7
    endloop
  endfacet
  facet normal -0.997312 -0.0732716 0
    outer loop
      vertex 35.9283 2.18898 50.7
      vertex 35.9507 1.88409 47.7
      vertex 35.9507 1.88409 50.7
    endloop
  endfacet
  facet normal -0.997331 -0.0730126 0
    outer loop
      vertex 35.8968 2.61961 47.7
      vertex 35.8417 3.37226 50.7
      vertex 35.8417 3.37226 47.7
    endloop
  endfacet
  facet normal -0.997331 -0.0730126 0
    outer loop
      vertex 35.8417 3.37226 50.7
      vertex 35.8968 2.61961 47.7
      vertex 35.8968 2.61961 50.7
    endloop
  endfacet
  facet normal 0.993446 0.114298 0
    outer loop
      vertex 39.8241 3.74696 50.7
      vertex 39.6346 5.39404 47.7
      vertex 39.6346 5.39404 50.7
    endloop
  endfacet
  facet normal 0.993446 0.114298 0
    outer loop
      vertex 39.6346 5.39404 47.7
      vertex 39.8241 3.74696 50.7
      vertex 39.8241 3.74696 47.7
    endloop
  endfacet
  facet normal -0.993452 -0.11425 0
    outer loop
      vertex 35.8417 3.37226 47.7
      vertex 35.7095 4.52179 50.7
      vertex 35.7095 4.52179 47.7
    endloop
  endfacet
  facet normal -0.993452 -0.11425 0
    outer loop
      vertex 35.7095 4.52179 50.7
      vertex 35.8417 3.37226 47.7
      vertex 35.8417 3.37226 50.7
    endloop
  endfacet
  facet normal -0.993532 -0.113552 0
    outer loop
      vertex 35.6823 4.75751 47.7
      vertex 35.6712 4.85463 50.7
      vertex 35.6712 4.85463 47.7
    endloop
  endfacet
  facet normal -0.993532 -0.113552 0
    outer loop
      vertex 35.6712 4.85463 50.7
      vertex 35.6823 4.75751 47.7
      vertex 35.6823 4.75751 50.7
    endloop
  endfacet
  facet normal 0.987865 0.155314 0
    outer loop
      vertex 39.6346 5.39404 50.7
      vertex 39.3771 7.03185 47.7
      vertex 39.3771 7.03185 50.7
    endloop
  endfacet
  facet normal 0.987865 0.155314 0
    outer loop
      vertex 39.3771 7.03185 47.7
      vertex 39.6346 5.39404 50.7
      vertex 39.6346 5.39404 47.7
    endloop
  endfacet
  facet normal -0.98786 -0.155346 0
    outer loop
      vertex 35.6712 4.85463 47.7
      vertex 35.4394 6.32867 50.7
      vertex 35.4394 6.32867 47.7
    endloop
  endfacet
  facet normal -0.98786 -0.155346 0
    outer loop
      vertex 35.4394 6.32867 50.7
      vertex 35.6712 4.85463 47.7
      vertex 35.6712 4.85463 50.7
    endloop
  endfacet
  facet normal 0.980563 0.196205 0
    outer loop
      vertex 39.3771 7.03185 50.7
      vertex 39.0518 8.65758 47.7
      vertex 39.0518 8.65758 50.7
    endloop
  endfacet
  facet normal 0.980563 0.196205 0
    outer loop
      vertex 39.0518 8.65758 47.7
      vertex 39.3771 7.03185 50.7
      vertex 39.3771 7.03185 47.7
    endloop
  endfacet
  facet normal -0.980546 -0.196289 0
    outer loop
      vertex 35.4394 6.32867 47.7
      vertex 35.3454 6.79824 50.7
      vertex 35.3454 6.79824 47.7
    endloop
  endfacet
  facet normal -0.980546 -0.196289 0
    outer loop
      vertex 35.3454 6.79824 50.7
      vertex 35.4394 6.32867 47.7
      vertex 35.4394 6.32867 50.7
    endloop
  endfacet
  facet normal -0.980593 -0.196056 0
    outer loop
      vertex 35.2529 7.26066 47.7
      vertex 35.1467 7.79183 50.7
      vertex 35.1467 7.79183 47.7
    endloop
  endfacet
  facet normal -0.980593 -0.196056 0
    outer loop
      vertex 35.1467 7.79183 50.7
      vertex 35.2529 7.26066 47.7
      vertex 35.2529 7.26066 50.7
    endloop
  endfacet
  facet normal 0.971601 0.236624 0
    outer loop
      vertex 39.0518 8.65758 50.7
      vertex 38.6595 10.2684 47.7
      vertex 38.6595 10.2684 50.7
    endloop
  endfacet
  facet normal 0.971601 0.236624 0
    outer loop
      vertex 38.6595 10.2684 47.7
      vertex 39.0518 8.65758 50.7
      vertex 39.0518 8.65758 47.7
    endloop
  endfacet
  facet normal -0.971598 -0.236638 0
    outer loop
      vertex 35.1467 7.79183 47.7
      vertex 34.7936 9.2416 50.7
      vertex 34.7936 9.2416 47.7
    endloop
  endfacet
  facet normal -0.971598 -0.236638 0
    outer loop
      vertex 34.7936 9.2416 50.7
      vertex 35.1467 7.79183 47.7
      vertex 35.1467 7.79183 50.7
    endloop
  endfacet
  facet normal 0.960969 0.276656 0
    outer loop
      vertex 38.6595 10.2684 50.7
      vertex 38.2008 11.8617 47.7
      vertex 38.2008 11.8617 50.7
    endloop
  endfacet
  facet normal 0.960969 0.276656 0
    outer loop
      vertex 38.2008 11.8617 47.7
      vertex 38.6595 10.2684 50.7
      vertex 38.6595 10.2684 47.7
    endloop
  endfacet
  facet normal -0.961024 -0.276465 0
    outer loop
      vertex 34.7936 9.2416 47.7
      vertex 34.7802 9.28818 50.7
      vertex 34.7802 9.28818 47.7
    endloop
  endfacet
  facet normal -0.961024 -0.276465 0
    outer loop
      vertex 34.7802 9.28818 50.7
      vertex 34.7936 9.2416 47.7
      vertex 34.7936 9.2416 50.7
    endloop
  endfacet
  facet normal -0.960949 -0.276727 0
    outer loop
      vertex 34.7418 9.42156 47.7
      vertex 34.3807 10.6755 50.7
      vertex 34.3807 10.6755 47.7
    endloop
  endfacet
  facet normal -0.960949 -0.276727 0
    outer loop
      vertex 34.3807 10.6755 50.7
      vertex 34.7418 9.42156 47.7
      vertex 34.7418 9.42156 50.7
    endloop
  endfacet
  facet normal 0.948659 0.3163 0
    outer loop
      vertex 38.2008 11.8617 50.7
      vertex 37.6764 13.4345 47.7
      vertex 37.6764 13.4345 50.7
    endloop
  endfacet
  facet normal 0.948659 0.3163 0
    outer loop
      vertex 37.6764 13.4345 47.7
      vertex 38.2008 11.8617 50.7
      vertex 38.2008 11.8617 47.7
    endloop
  endfacet
  facet normal -0.948683 -0.316228 0
    outer loop
      vertex 34.3807 10.6755 47.7
      vertex 34.1661 11.3193 50.7
      vertex 34.1661 11.3193 47.7
    endloop
  endfacet
  facet normal -0.948683 -0.316228 0
    outer loop
      vertex 34.1661 11.3193 50.7
      vertex 34.3807 10.6755 47.7
      vertex 34.3807 10.6755 50.7
    endloop
  endfacet
  facet normal -0.948656 -0.316311 0
    outer loop
      vertex 34.0231 11.7483 47.7
      vertex 33.9088 12.0911 50.7
      vertex 33.9088 12.0911 47.7
    endloop
  endfacet
  facet normal -0.948656 -0.316311 0
    outer loop
      vertex 33.9088 12.0911 50.7
      vertex 34.0231 11.7483 47.7
      vertex 34.0231 11.7483 50.7
    endloop
  endfacet
  facet normal -0 0 1
    outer loop
      vertex 35.8968 2.61961 50.7
      vertex 39.9452 2.09344 50.7
      vertex 39.8241 3.74696 50.7
    endloop
  endfacet
  facet normal -0 0 1
    outer loop
      vertex 35.7095 4.52179 50.7
      vertex 39.8241 3.74696 50.7
      vertex 39.6346 5.39404 50.7
    endloop
  endfacet
  facet normal 0 0 1
    outer loop
      vertex 35.6712 4.85463 50.7
      vertex 39.6346 5.39404 50.7
      vertex 39.3771 7.03185 50.7
    endloop
  endfacet
  facet normal 0 0 1
    outer loop
      vertex 35.3083 7.02325 50.7
      vertex 39.3771 7.03185 50.7
      vertex 39.0518 8.65758 50.7
    endloop
  endfacet
  facet normal 0 0 1
    outer loop
      vertex 35.1467 7.79183 50.7
      vertex 39.0518 8.65758 50.7
      vertex 38.6595 10.2684 50.7
    endloop
  endfacet
  facet normal 0 0 1
    outer loop
      vertex 34.7418 9.42156 50.7
      vertex 38.6595 10.2684 50.7
      vertex 38.2008 11.8617 50.7
    endloop
  endfacet
  facet normal 0 0 1
    outer loop
      vertex 34.1661 11.3193 50.7
      vertex 38.2008 11.8617 50.7
      vertex 37.6764 13.4345 50.7
    endloop
  endfacet
  facet normal 0 0 1
    outer loop
      vertex 33.9088 12.0911 50.7
      vertex 37.6764 13.4345 50.7
      vertex 37.0874 14.9843 50.7
    endloop
  endfacet
  facet normal 0 0 1
    outer loop
      vertex 39.0518 8.65758 50.7
      vertex 35.1467 7.79183 50.7
      vertex 35.2529 7.26066 50.7
    endloop
  endfacet
  facet normal 0 0 1
    outer loop
      vertex 39.9619 1.74477 50.7
      vertex 35.9507 1.88409 50.7
      vertex 35.9657 1.5703 50.7
    endloop
  endfacet
  facet normal 0 -0 1
    outer loop
      vertex 35.9507 1.88409 50.7
      vertex 39.9452 2.09344 50.7
      vertex 35.9283 2.18898 50.7
    endloop
  endfacet
  facet normal 0 0 1
    outer loop
      vertex 39.9452 2.09344 50.7
      vertex 35.9507 1.88409 50.7
      vertex 39.9619 1.74477 50.7
    endloop
  endfacet
  facet normal 0 0 1
    outer loop
      vertex 39.9452 2.09344 50.7
      vertex 35.8968 2.61961 50.7
      vertex 35.9229 2.35451 50.7
    endloop
  endfacet
  facet normal -0 -0 1
    outer loop
      vertex 35.9283 2.18898 50.7
      vertex 39.9452 2.09344 50.7
      vertex 35.9229 2.35451 50.7
    endloop
  endfacet
  facet normal 0 -0 1
    outer loop
      vertex 35.8968 2.61961 50.7
      vertex 39.8241 3.74696 50.7
      vertex 35.8417 3.37226 50.7
    endloop
  endfacet
  facet normal 0 0 1
    outer loop
      vertex 39.8241 3.74696 50.7
      vertex 35.7095 4.52179 50.7
      vertex 35.8417 3.37226 50.7
    endloop
  endfacet
  facet normal 0 0 1
    outer loop
      vertex 39.6346 5.39404 50.7
      vertex 35.692 4.69894 50.7
      vertex 35.7095 4.52179 50.7
    endloop
  endfacet
  facet normal 0 0 1
    outer loop
      vertex 35.692 4.69894 50.7
      vertex 35.6712 4.85463 50.7
      vertex 35.6823 4.75751 50.7
    endloop
  endfacet
  facet normal 0 0 1
    outer loop
      vertex 39.6346 5.39404 50.7
      vertex 35.6712 4.85463 50.7
      vertex 35.692 4.69894 50.7
    endloop
  endfacet
  facet normal 0 0 1
    outer loop
      vertex 39.3771 7.03185 50.7
      vertex 35.4394 6.32867 50.7
      vertex 35.6712 4.85463 50.7
    endloop
  endfacet
  facet normal 0 0 1
    outer loop
      vertex 39.3771 7.03185 50.7
      vertex 35.3454 6.79824 50.7
      vertex 35.4394 6.32867 50.7
    endloop
  endfacet
  facet normal 0 0 1
    outer loop
      vertex 39.3771 7.03185 50.7
      vertex 35.3083 7.02325 50.7
      vertex 35.3454 6.79824 50.7
    endloop
  endfacet
  facet normal 0 0 1
    outer loop
      vertex 39.0518 8.65758 50.7
      vertex 35.2529 7.26066 50.7
      vertex 35.3083 7.02325 50.7
    endloop
  endfacet
  facet normal 0 0 1
    outer loop
      vertex 38.6595 10.2684 50.7
      vertex 34.7936 9.2416 50.7
      vertex 35.1467 7.79183 50.7
    endloop
  endfacet
  facet normal 0 0 1
    outer loop
      vertex 38.6595 10.2684 50.7
      vertex 34.7733 9.31748 50.7
      vertex 34.7936 9.2416 50.7
    endloop
  endfacet
  facet normal 0 0 1
    outer loop
      vertex 34.7936 9.2416 50.7
      vertex 34.7733 9.31748 50.7
      vertex 34.7802 9.28818 50.7
    endloop
  endfacet
  facet normal 0 0 1
    outer loop
      vertex 38.6595 10.2684 50.7
      vertex 34.7418 9.42156 50.7
      vertex 34.7733 9.31748 50.7
    endloop
  endfacet
  facet normal 0 0 1
    outer loop
      vertex 38.2008 11.8617 50.7
      vertex 34.3807 10.6755 50.7
      vertex 34.7418 9.42156 50.7
    endloop
  endfacet
  facet normal 0 0 1
    outer loop
      vertex 38.2008 11.8617 50.7
      vertex 34.1661 11.3193 50.7
      vertex 34.3807 10.6755 50.7
    endloop
  endfacet
  facet normal 0 0 1
    outer loop
      vertex 37.6764 13.4345 50.7
      vertex 34.0895 11.5718 50.7
      vertex 34.1661 11.3193 50.7
    endloop
  endfacet
  facet normal 0 0 1
    outer loop
      vertex 37.6764 13.4345 50.7
      vertex 34.0231 11.7483 50.7
      vertex 34.0895 11.5718 50.7
    endloop
  endfacet
  facet normal 0 0 1
    outer loop
      vertex 37.6764 13.4345 50.7
      vertex 33.9088 12.0911 50.7
      vertex 34.0231 11.7483 50.7
    endloop
  endfacet
  facet normal 0 -0 1
    outer loop
      vertex 33.9088 12.0911 50.7
      vertex 37.0874 14.9843 50.7
      vertex 33.3786 13.4858 50.7
    endloop
  endfacet
  facet normal 0.934768 0.355258 0
    outer loop
      vertex 37.6764 13.4345 50.7
      vertex 37.0874 14.9843 47.7
      vertex 37.0874 14.9843 50.7
    endloop
  endfacet
  facet normal 0.934768 0.355258 0
    outer loop
      vertex 37.0874 14.9843 47.7
      vertex 37.6764 13.4345 50.7
      vertex 37.6764 13.4345 47.7
    endloop
  endfacet
  facet normal 0 0 -1
    outer loop
      vertex 36 0 47.7
      vertex 39.9985 0.349061 47.7
      vertex 40 0 47.7
    endloop
  endfacet
  facet normal -0 0 -1
    outer loop
      vertex 39.9985 0.349061 47.7
      vertex 36 0 47.7
      vertex 39.9619 1.74477 47.7
    endloop
  endfacet
  facet normal 0 0 -1
    outer loop
      vertex 39.9619 1.74477 47.7
      vertex 35.9507 1.88409 47.7
      vertex 39.9452 2.09344 47.7
    endloop
  endfacet
  facet normal 0 0 -1
    outer loop
      vertex 35.9283 2.18898 47.7
      vertex 39.9452 2.09344 47.7
      vertex 35.9507 1.88409 47.7
    endloop
  endfacet
  facet normal 0 0 -1
    outer loop
      vertex 39.9452 2.09344 47.7
      vertex 35.8968 2.61961 47.7
      vertex 39.8241 3.74696 47.7
    endloop
  endfacet
  facet normal 0 0 -1
    outer loop
      vertex 39.8241 3.74696 47.7
      vertex 35.7095 4.52179 47.7
      vertex 39.6346 5.39404 47.7
    endloop
  endfacet
  facet normal 0 0 -1
    outer loop
      vertex 35.692 4.69894 47.7
      vertex 39.6346 5.39404 47.7
      vertex 35.7095 4.52179 47.7
    endloop
  endfacet
  facet normal 0 0 -1
    outer loop
      vertex 35.4394 6.32867 47.7
      vertex 39.3771 7.03185 47.7
      vertex 35.6712 4.85463 47.7
    endloop
  endfacet
  facet normal 0 0 -1
    outer loop
      vertex 35.3083 7.02325 47.7
      vertex 39.3771 7.03185 47.7
      vertex 35.3454 6.79824 47.7
    endloop
  endfacet
  facet normal 0 0 -1
    outer loop
      vertex 35.2529 7.26066 47.7
      vertex 39.0518 8.65758 47.7
      vertex 35.3083 7.02325 47.7
    endloop
  endfacet
  facet normal -0 0 -1
    outer loop
      vertex 39.9619 1.74477 47.7
      vertex 36 0 47.7
      vertex 35.9507 1.88409 47.7
    endloop
  endfacet
  facet normal 0 0 -1
    outer loop
      vertex 35.9229 2.35451 47.7
      vertex 39.9452 2.09344 47.7
      vertex 35.9283 2.18898 47.7
    endloop
  endfacet
  facet normal 0 0 -1
    outer loop
      vertex 35.8968 2.61961 47.7
      vertex 39.9452 2.09344 47.7
      vertex 35.9229 2.35451 47.7
    endloop
  endfacet
  facet normal 0 0 -1
    outer loop
      vertex 35.8417 3.37226 47.7
      vertex 39.8241 3.74696 47.7
      vertex 35.8968 2.61961 47.7
    endloop
  endfacet
  facet normal 0 0 -1
    outer loop
      vertex 35.7095 4.52179 47.7
      vertex 39.8241 3.74696 47.7
      vertex 35.8417 3.37226 47.7
    endloop
  endfacet
  facet normal 0 0 -1
    outer loop
      vertex 35.6712 4.85463 47.7
      vertex 39.6346 5.39404 47.7
      vertex 35.692 4.69894 47.7
    endloop
  endfacet
  facet normal -0 0 -1
    outer loop
      vertex 39.6346 5.39404 47.7
      vertex 35.6712 4.85463 47.7
      vertex 39.3771 7.03185 47.7
    endloop
  endfacet
  facet normal 0 0 -1
    outer loop
      vertex 35.3454 6.79824 47.7
      vertex 39.3771 7.03185 47.7
      vertex 35.4394 6.32867 47.7
    endloop
  endfacet
  facet normal 0 0 -1
    outer loop
      vertex 35.6712 4.85463 47.7
      vertex 35.692 4.69894 47.7
      vertex 35.6823 4.75751 47.7
    endloop
  endfacet
  facet normal -0 0 -1
    outer loop
      vertex 39.3771 7.03185 47.7
      vertex 35.3083 7.02325 47.7
      vertex 39.0518 8.65758 47.7
    endloop
  endfacet
  facet normal 0 0 -1
    outer loop
      vertex 35.1467 7.79183 47.7
      vertex 39.0518 8.65758 47.7
      vertex 35.2529 7.26066 47.7
    endloop
  endfacet
  facet normal -0 0 -1
    outer loop
      vertex 39.0518 8.65758 47.7
      vertex 35.1467 7.79183 47.7
      vertex 38.6595 10.2684 47.7
    endloop
  endfacet
  facet normal 0 0 -1
    outer loop
      vertex 34.7936 9.2416 47.7
      vertex 38.6595 10.2684 47.7
      vertex 35.1467 7.79183 47.7
    endloop
  endfacet
  facet normal 0 0 -1
    outer loop
      vertex 34.7733 9.31748 47.7
      vertex 38.6595 10.2684 47.7
      vertex 34.7936 9.2416 47.7
    endloop
  endfacet
  facet normal 0 0 -1
    outer loop
      vertex 34.7418 9.42156 47.7
      vertex 38.6595 10.2684 47.7
      vertex 34.7733 9.31748 47.7
    endloop
  endfacet
  facet normal -0 0 -1
    outer loop
      vertex 38.6595 10.2684 47.7
      vertex 34.7418 9.42156 47.7
      vertex 38.2008 11.8617 47.7
    endloop
  endfacet
  facet normal 0 0 -1
    outer loop
      vertex 34.7733 9.31748 47.7
      vertex 34.7936 9.2416 47.7
      vertex 34.7802 9.28818 47.7
    endloop
  endfacet
  facet normal 0 0 -1
    outer loop
      vertex 34.3807 10.6755 47.7
      vertex 38.2008 11.8617 47.7
      vertex 34.7418 9.42156 47.7
    endloop
  endfacet
  facet normal 0 0 -1
    outer loop
      vertex 34.1661 11.3193 47.7
      vertex 38.2008 11.8617 47.7
      vertex 34.3807 10.6755 47.7
    endloop
  endfacet
  facet normal -0 0 -1
    outer loop
      vertex 38.2008 11.8617 47.7
      vertex 34.1661 11.3193 47.7
      vertex 37.6764 13.4345 47.7
    endloop
  endfacet
  facet normal 0 0 -1
    outer loop
      vertex 34.0895 11.5718 47.7
      vertex 37.6764 13.4345 47.7
      vertex 34.1661 11.3193 47.7
    endloop
  endfacet
  facet normal 0 0 -1
    outer loop
      vertex 34.0231 11.7483 47.7
      vertex 37.6764 13.4345 47.7
      vertex 34.0895 11.5718 47.7
    endloop
  endfacet
  facet normal 0 0 -1
    outer loop
      vertex 33.9088 12.0911 47.7
      vertex 37.6764 13.4345 47.7
      vertex 34.0231 11.7483 47.7
    endloop
  endfacet
  facet normal -0 0 -1
    outer loop
      vertex 37.6764 13.4345 47.7
      vertex 33.9088 12.0911 47.7
      vertex 37.0874 14.9843 47.7
    endloop
  endfacet
  facet normal 0 0 -1
    outer loop
      vertex 37.0874 14.9843 47.7
      vertex 33.9088 12.0911 47.7
      vertex 33.3786 13.4858 47.7
    endloop
  endfacet
  facet normal -0.934736 -0.355343 0
    outer loop
      vertex 33.9088 12.0911 47.7
      vertex 33.3786 13.4858 50.7
      vertex 33.3786 13.4858 47.7
    endloop
  endfacet
  facet normal -0.934736 -0.355343 0
    outer loop
      vertex 33.3786 13.4858 50.7
      vertex 33.9088 12.0911 47.7
      vertex 33.9088 12.0911 50.7
    endloop
  endfacet
  facet normal 0.999656 0.0262142 0
    outer loop
      vertex 39.9985 0.349061 47.8
      vertex 39.9619 1.74477 47.7
      vertex 39.9619 1.74477 50.7
    endloop
  endfacet
  facet normal 0.999656 0.0262142 0
    outer loop
      vertex 39.9619 1.74477 47.7
      vertex 39.9985 0.349061 47.8
      vertex 39.9985 0.349061 47.7
    endloop
  endfacet
  facet normal -0.998761 -0.0477434 0.0140393
    outer loop
      vertex 35.9657 1.5703 50.7
      vertex 35.9507 1.88409 50.7
      vertex 36 0 47.8
    endloop
  endfacet
  facet normal 0.999991 0.0042972 0
    outer loop
      vertex 40 0 47.8
      vertex 39.9985 0.349061 47.7
      vertex 39.9985 0.349061 47.8
    endloop
  endfacet
  facet normal 0.999991 0.0042972 0
    outer loop
      vertex 39.9985 0.349061 47.7
      vertex 40 0 47.8
      vertex 40 0 47.7
    endloop
  endfacet
  facet normal 0.999935 0.00429696 0.0105518
    outer loop
      vertex 39.9985 0.349061 47.8
      vertex 39.9619 1.74477 50.7
      vertex 40 0 47.8
    endloop
  endfacet
  facet normal -0.999658 -0.0261575 -0
    outer loop
      vertex 36 0 47.8
      vertex 35.9507 1.88409 47.7
      vertex 36 0 47.7
    endloop
  endfacet
  facet normal -0.999658 -0.0261575 0
    outer loop
      vertex 35.9507 1.88409 47.7
      vertex 36 0 47.8
      vertex 35.9507 1.88409 50.7
    endloop
  endfacet
  facet normal 0 -1 0
    outer loop
      vertex 36 0 47.7
      vertex 40 0 47.8
      vertex 36 0 47.8
    endloop
  endfacet
  facet normal 0 -1 -0
    outer loop
      vertex 40 0 47.8
      vertex 36 0 47.7
      vertex 40 0 47.7
    endloop
  endfacet
  facet normal 0.998855 0.0478414 0
    outer loop
      vertex 39.9619 1.74477 50.7
      vertex 39.9452 2.09344 47.7
      vertex 39.9452 2.09344 50.7
    endloop
  endfacet
  facet normal 0.998855 0.0478414 0
    outer loop
      vertex 39.9452 2.09344 47.7
      vertex 39.9619 1.74477 50.7
      vertex 39.9619 1.74477 47.7
    endloop
  endfacet
  facet normal 0 -0.87936 0.476158
    outer loop
      vertex 40 0 47.8
      vertex 35.9657 1.5703 50.7
      vertex 36 0 47.8
    endloop
  endfacet
  facet normal 0.0373745 -0.856055 0.515532
    outer loop
      vertex 39.9619 1.74477 50.7
      vertex 35.9657 1.5703 50.7
      vertex 40 0 47.8
    endloop
  endfacet
  facet normal -0.615675 -0.788 0
    outer loop
      vertex -31.5204 24.6265 47.7
      vertex -28.3684 22.1638 50.7
      vertex -31.5204 24.6265 50.7
    endloop
  endfacet
  facet normal -0.615675 -0.788 -0
    outer loop
      vertex -28.3684 22.1638 50.7
      vertex -31.5204 24.6265 47.7
      vertex -28.3684 22.1638 47.7
    endloop
  endfacet
  facet normal -0.561917 0.827193 0
    outer loop
      vertex -21.7856 33.5468 47.7
      vertex -23.157 32.6152 50.7
      vertex -21.7856 33.5468 50.7
    endloop
  endfacet
  facet normal -0.561917 0.827193 0
    outer loop
      vertex -23.157 32.6152 50.7
      vertex -21.7856 33.5468 47.7
      vertex -23.157 32.6152 47.7
    endloop
  endfacet
  facet normal 0.561701 -0.82734 0
    outer loop
      vertex -19.8599 30.0204 47.7
      vertex -19.607 30.1921 50.7
      vertex -19.8599 30.0204 50.7
    endloop
  endfacet
  facet normal 0.561701 -0.82734 0
    outer loop
      vertex -19.607 30.1921 50.7
      vertex -19.8599 30.0204 47.7
      vertex -19.607 30.1921 47.7
    endloop
  endfacet
  facet normal 0.561926 -0.827188 0
    outer loop
      vertex -20.8413 29.3537 47.7
      vertex -20.217 29.7778 50.7
      vertex -20.8413 29.3537 50.7
    endloop
  endfacet
  facet normal 0.561926 -0.827188 0
    outer loop
      vertex -20.217 29.7778 50.7
      vertex -20.8413 29.3537 47.7
      vertex -20.217 29.7778 47.7
    endloop
  endfacet
  facet normal -0.595678 0.803224 0
    outer loop
      vertex -23.157 32.6152 47.7
      vertex -24.4887 31.6276 50.7
      vertex -23.157 32.6152 50.7
    endloop
  endfacet
  facet normal -0.595678 0.803224 0
    outer loop
      vertex -24.4887 31.6276 50.7
      vertex -23.157 32.6152 47.7
      vertex -24.4887 31.6276 47.7
    endloop
  endfacet
  facet normal 0.595705 -0.803203 0
    outer loop
      vertex -21.7707 28.6644 47.7
      vertex -20.8413 29.3537 50.7
      vertex -21.7707 28.6644 50.7
    endloop
  endfacet
  facet normal 0.595705 -0.803203 0
    outer loop
      vertex -20.8413 29.3537 50.7
      vertex -21.7707 28.6644 47.7
      vertex -20.8413 29.3537 47.7
    endloop
  endfacet
  facet normal 0.59623 -0.802814 0
    outer loop
      vertex -22.0398 28.4648 47.7
      vertex -21.9613 28.5231 50.7
      vertex -22.0398 28.4648 50.7
    endloop
  endfacet
  facet normal 0.59623 -0.802814 0
    outer loop
      vertex -21.9613 28.5231 50.7
      vertex -22.0398 28.4648 47.7
      vertex -21.9613 28.5231 47.7
    endloop
  endfacet
  facet normal -0.628483 0.777823 0
    outer loop
      vertex -24.4887 31.6276 47.7
      vertex -25.7783 30.5856 50.7
      vertex -24.4887 31.6276 50.7
    endloop
  endfacet
  facet normal -0.628483 0.777823 0
    outer loop
      vertex -25.7783 30.5856 50.7
      vertex -24.4887 31.6276 47.7
      vertex -25.7783 30.5856 47.7
    endloop
  endfacet
  facet normal 0.628423 -0.777872 0
    outer loop
      vertex -23.2005 27.5271 47.7
      vertex -22.0398 28.4648 50.7
      vertex -23.2005 27.5271 50.7
    endloop
  endfacet
  facet normal 0.628423 -0.777872 0
    outer loop
      vertex -22.0398 28.4648 50.7
      vertex -23.2005 27.5271 47.7
      vertex -22.0398 28.4648 47.7
    endloop
  endfacet
  facet normal -0.660164 0.751121 0
    outer loop
      vertex -25.7783 30.5856 47.7
      vertex -27.0236 29.4911 50.7
      vertex -25.7783 30.5856 50.7
    endloop
  endfacet
  facet normal -0.660164 0.751121 0
    outer loop
      vertex -27.0236 29.4911 50.7
      vertex -25.7783 30.5856 47.7
      vertex -27.0236 29.4911 47.7
    endloop
  endfacet
  facet normal 0.660232 -0.751061 0
    outer loop
      vertex -23.5602 27.2109 47.7
      vertex -23.2005 27.5271 50.7
      vertex -23.5602 27.2109 50.7
    endloop
  endfacet
  facet normal 0.660232 -0.751061 0
    outer loop
      vertex -23.2005 27.5271 50.7
      vertex -23.5602 27.2109 47.7
      vertex -23.2005 27.5271 47.7
    endloop
  endfacet
  facet normal 0.660228 -0.751065 0
    outer loop
      vertex -24.3212 26.542 47.7
      vertex -23.9144 26.8996 50.7
      vertex -24.3212 26.542 50.7
    endloop
  endfacet
  facet normal 0.660228 -0.751065 0
    outer loop
      vertex -23.9144 26.8996 50.7
      vertex -24.3212 26.542 47.7
      vertex -23.9144 26.8996 47.7
    endloop
  endfacet
  facet normal -0.690727 0.723116 0
    outer loop
      vertex -27.0236 29.4911 47.7
      vertex -28.2225 28.3459 50.7
      vertex -27.0236 29.4911 50.7
    endloop
  endfacet
  facet normal -0.690727 0.723116 0
    outer loop
      vertex -28.2225 28.3459 50.7
      vertex -27.0236 29.4911 47.7
      vertex -28.2225 28.3459 47.7
    endloop
  endfacet
  facet normal 0.690737 -0.723106 0
    outer loop
      vertex -25.4002 25.5113 47.7
      vertex -24.3212 26.542 50.7
      vertex -25.4002 25.5113 50.7
    endloop
  endfacet
  facet normal 0.690737 -0.723106 0
    outer loop
      vertex -24.3212 26.542 50.7
      vertex -25.4002 25.5113 47.7
      vertex -24.3212 26.542 47.7
    endloop
  endfacet
  facet normal -0.720104 0.693867 0
    outer loop
      vertex -29.3729 27.152 47.7
      vertex -28.2225 28.3459 50.7
      vertex -28.2225 28.3459 47.7
    endloop
  endfacet
  facet normal -0.720104 0.693867 0
    outer loop
      vertex -28.2225 28.3459 50.7
      vertex -29.3729 27.152 47.7
      vertex -29.3729 27.152 50.7
    endloop
  endfacet
  facet normal 0.719366 -0.694631 0
    outer loop
      vertex -25.4339 25.4764 50.7
      vertex -25.4002 25.5113 47.7
      vertex -25.4002 25.5113 50.7
    endloop
  endfacet
  facet normal 0.719366 -0.694631 0
    outer loop
      vertex -25.4002 25.5113 47.7
      vertex -25.4339 25.4764 50.7
      vertex -25.4339 25.4764 47.7
    endloop
  endfacet
  facet normal 0.720127 -0.693842 0
    outer loop
      vertex -26.4356 24.4368 50.7
      vertex -25.5302 25.3765 47.7
      vertex -25.5302 25.3765 50.7
    endloop
  endfacet
  facet normal 0.720127 -0.693842 0
    outer loop
      vertex -25.5302 25.3765 47.7
      vertex -26.4356 24.4368 50.7
      vertex -26.4356 24.4368 47.7
    endloop
  endfacet
  facet normal -0.748237 0.663431 0
    outer loop
      vertex -30.4728 25.9115 47.7
      vertex -29.3729 27.152 50.7
      vertex -29.3729 27.152 47.7
    endloop
  endfacet
  facet normal -0.748237 0.663431 0
    outer loop
      vertex -29.3729 27.152 50.7
      vertex -30.4728 25.9115 47.7
      vertex -30.4728 25.9115 50.7
    endloop
  endfacet
  facet normal 0.748206 -0.663467 0
    outer loop
      vertex -26.8858 23.9291 50.7
      vertex -26.4356 24.4368 47.7
      vertex -26.4356 24.4368 50.7
    endloop
  endfacet
  facet normal 0.748206 -0.663467 0
    outer loop
      vertex -26.4356 24.4368 47.7
      vertex -26.8858 23.9291 50.7
      vertex -26.8858 23.9291 47.7
    endloop
  endfacet
  facet normal 0.74805 -0.663642 0
    outer loop
      vertex -27.4256 23.3204 50.7
      vertex -27.1858 23.5907 47.7
      vertex -27.1858 23.5907 50.7
    endloop
  endfacet
  facet normal 0.74805 -0.663642 0
    outer loop
      vertex -27.1858 23.5907 47.7
      vertex -27.4256 23.3204 50.7
      vertex -27.4256 23.3204 47.7
    endloop
  endfacet
  facet normal 0 0 1
    outer loop
      vertex -21.7856 33.5468 50.7
      vertex -19.8599 30.0204 50.7
      vertex -19.607 30.1921 50.7
    endloop
  endfacet
  facet normal 0 0 1
    outer loop
      vertex -21.7856 33.5468 50.7
      vertex -20.217 29.7778 50.7
      vertex -20.0005 29.9329 50.7
    endloop
  endfacet
  facet normal 0 0 1
    outer loop
      vertex -21.492 33.7357 50.7
      vertex -19.607 30.1921 50.7
      vertex -19.3428 30.3621 50.7
    endloop
  endfacet
  facet normal -0 0 1
    outer loop
      vertex -21.7856 33.5468 50.7
      vertex -19.607 30.1921 50.7
      vertex -21.492 33.7357 50.7
    endloop
  endfacet
  facet normal 0 0 1
    outer loop
      vertex -19.8599 30.0204 50.7
      vertex -21.7856 33.5468 50.7
      vertex -20.0005 29.9329 50.7
    endloop
  endfacet
  facet normal 0 0 1
    outer loop
      vertex -20.217 29.7778 50.7
      vertex -21.7856 33.5468 50.7
      vertex -23.157 32.6152 50.7
    endloop
  endfacet
  facet normal 0 0 1
    outer loop
      vertex -20.217 29.7778 50.7
      vertex -23.157 32.6152 50.7
      vertex -20.8413 29.3537 50.7
    endloop
  endfacet
  facet normal 0 0 1
    outer loop
      vertex -20.8413 29.3537 50.7
      vertex -23.157 32.6152 50.7
      vertex -21.7707 28.6644 50.7
    endloop
  endfacet
  facet normal -0 0 1
    outer loop
      vertex -24.4887 31.6276 50.7
      vertex -21.7707 28.6644 50.7
      vertex -23.157 32.6152 50.7
    endloop
  endfacet
  facet normal 0 0 1
    outer loop
      vertex -21.7707 28.6644 50.7
      vertex -24.4887 31.6276 50.7
      vertex -21.9154 28.5607 50.7
    endloop
  endfacet
  facet normal 0 0 1
    outer loop
      vertex -21.9154 28.5607 50.7
      vertex -24.4887 31.6276 50.7
      vertex -21.9613 28.5231 50.7
    endloop
  endfacet
  facet normal 0 0 1
    outer loop
      vertex -21.9613 28.5231 50.7
      vertex -24.4887 31.6276 50.7
      vertex -22.0398 28.4648 50.7
    endloop
  endfacet
  facet normal 0 0 1
    outer loop
      vertex -22.0398 28.4648 50.7
      vertex -24.4887 31.6276 50.7
      vertex -23.2005 27.5271 50.7
    endloop
  endfacet
  facet normal -0 0 1
    outer loop
      vertex -25.7783 30.5856 50.7
      vertex -23.2005 27.5271 50.7
      vertex -24.4887 31.6276 50.7
    endloop
  endfacet
  facet normal 0 0 1
    outer loop
      vertex -23.2005 27.5271 50.7
      vertex -25.7783 30.5856 50.7
      vertex -23.5602 27.2109 50.7
    endloop
  endfacet
  facet normal 0 0 1
    outer loop
      vertex -23.5602 27.2109 50.7
      vertex -25.7783 30.5856 50.7
      vertex -23.7365 27.0662 50.7
    endloop
  endfacet
  facet normal -0 0 1
    outer loop
      vertex -27.0236 29.4911 50.7
      vertex -23.7365 27.0662 50.7
      vertex -25.7783 30.5856 50.7
    endloop
  endfacet
  facet normal 0 0 1
    outer loop
      vertex -23.7365 27.0662 50.7
      vertex -27.0236 29.4911 50.7
      vertex -23.9144 26.8996 50.7
    endloop
  endfacet
  facet normal 0 0 1
    outer loop
      vertex -23.9144 26.8996 50.7
      vertex -27.0236 29.4911 50.7
      vertex -24.3212 26.542 50.7
    endloop
  endfacet
  facet normal 0 0 1
    outer loop
      vertex -24.3212 26.542 50.7
      vertex -27.0236 29.4911 50.7
      vertex -25.4002 25.5113 50.7
    endloop
  endfacet
  facet normal -0 0 1
    outer loop
      vertex -28.2225 28.3459 50.7
      vertex -25.4002 25.5113 50.7
      vertex -27.0236 29.4911 50.7
    endloop
  endfacet
  facet normal 0 -0 1
    outer loop
      vertex -25.4558 25.4558 50.7
      vertex -25.4002 25.5113 50.7
      vertex -28.2225 28.3459 50.7
    endloop
  endfacet
  facet normal 0 0 1
    outer loop
      vertex -25.4002 25.5113 50.7
      vertex -25.4558 25.4558 50.7
      vertex -25.4339 25.4764 50.7
    endloop
  endfacet
  facet normal 0 0 1
    outer loop
      vertex -25.4558 25.4558 50.7
      vertex -28.2225 28.3459 50.7
      vertex -25.5302 25.3765 50.7
    endloop
  endfacet
  facet normal -0 0 1
    outer loop
      vertex -29.3729 27.152 50.7
      vertex -25.5302 25.3765 50.7
      vertex -28.2225 28.3459 50.7
    endloop
  endfacet
  facet normal 0 0 1
    outer loop
      vertex -25.5302 25.3765 50.7
      vertex -29.3729 27.152 50.7
      vertex -26.4356 24.4368 50.7
    endloop
  endfacet
  facet normal 0 0 1
    outer loop
      vertex -26.4356 24.4368 50.7
      vertex -29.3729 27.152 50.7
      vertex -26.8858 23.9291 50.7
    endloop
  endfacet
  facet normal 0 0 1
    outer loop
      vertex -26.8858 23.9291 50.7
      vertex -29.3729 27.152 50.7
      vertex -27.0662 23.7365 50.7
    endloop
  endfacet
  facet normal -0 0 1
    outer loop
      vertex -30.4728 25.9115 50.7
      vertex -27.0662 23.7365 50.7
      vertex -29.3729 27.152 50.7
    endloop
  endfacet
  facet normal 0 0 1
    outer loop
      vertex -27.0662 23.7365 50.7
      vertex -30.4728 25.9115 50.7
      vertex -27.1858 23.5907 50.7
    endloop
  endfacet
  facet normal 0 0 1
    outer loop
      vertex -27.1858 23.5907 50.7
      vertex -30.4728 25.9115 50.7
      vertex -27.4256 23.3204 50.7
    endloop
  endfacet
  facet normal 0 0 1
    outer loop
      vertex -27.4256 23.3204 50.7
      vertex -30.4728 25.9115 50.7
      vertex -28.3684 22.1638 50.7
    endloop
  endfacet
  facet normal 0 0 1
    outer loop
      vertex -28.3684 22.1638 50.7
      vertex -30.4728 25.9115 50.7
      vertex -31.5204 24.6265 50.7
    endloop
  endfacet
  facet normal -0.775069 0.631877 0
    outer loop
      vertex -31.5204 24.6265 47.7
      vertex -30.4728 25.9115 50.7
      vertex -30.4728 25.9115 47.7
    endloop
  endfacet
  facet normal -0.775069 0.631877 0
    outer loop
      vertex -30.4728 25.9115 50.7
      vertex -31.5204 24.6265 47.7
      vertex -31.5204 24.6265 50.7
    endloop
  endfacet
  facet normal 0 0 -1
    outer loop
      vertex -20.3015 34.4652 47.7
      vertex -18 31.1769 47.7
      vertex -19.607 30.1921 47.7
    endloop
  endfacet
  facet normal 0 0 -1
    outer loop
      vertex -21.7856 33.5468 47.7
      vertex -19.607 30.1921 47.7
      vertex -19.8599 30.0204 47.7
    endloop
  endfacet
  facet normal 0 0 -1
    outer loop
      vertex -21.7856 33.5468 47.7
      vertex -19.8599 30.0204 47.7
      vertex -20.0005 29.9329 47.7
    endloop
  endfacet
  facet normal 0 0 -1
    outer loop
      vertex -21.7856 33.5468 47.7
      vertex -20.0005 29.9329 47.7
      vertex -20.217 29.7778 47.7
    endloop
  endfacet
  facet normal 0 0 -1
    outer loop
      vertex -18 31.1769 47.7
      vertex -20.3015 34.4652 47.7
      vertex -20 34.641 47.7
    endloop
  endfacet
  facet normal 0 0 -1
    outer loop
      vertex -23.157 32.6152 47.7
      vertex -20.217 29.7778 47.7
      vertex -20.8413 29.3537 47.7
    endloop
  endfacet
  facet normal 0 0 -1
    outer loop
      vertex -19.607 30.1921 47.7
      vertex -21.492 33.7357 47.7
      vertex -20.3015 34.4652 47.7
    endloop
  endfacet
  facet normal 0 0 -1
    outer loop
      vertex -23.157 32.6152 47.7
      vertex -20.8413 29.3537 47.7
      vertex -21.7707 28.6644 47.7
    endloop
  endfacet
  facet normal 0 0 -1
    outer loop
      vertex -19.607 30.1921 47.7
      vertex -21.7856 33.5468 47.7
      vertex -21.492 33.7357 47.7
    endloop
  endfacet
  facet normal 0 0 -1
    outer loop
      vertex -24.4887 31.6276 47.7
      vertex -21.7707 28.6644 47.7
      vertex -21.9154 28.5607 47.7
    endloop
  endfacet
  facet normal 0 0 -1
    outer loop
      vertex -24.4887 31.6276 47.7
      vertex -21.9154 28.5607 47.7
      vertex -21.9613 28.5231 47.7
    endloop
  endfacet
  facet normal 0 0 -1
    outer loop
      vertex -24.4887 31.6276 47.7
      vertex -21.9613 28.5231 47.7
      vertex -22.0398 28.4648 47.7
    endloop
  endfacet
  facet normal 0 0 -1
    outer loop
      vertex -20.217 29.7778 47.7
      vertex -23.157 32.6152 47.7
      vertex -21.7856 33.5468 47.7
    endloop
  endfacet
  facet normal 0 0 -1
    outer loop
      vertex -24.4887 31.6276 47.7
      vertex -22.0398 28.4648 47.7
      vertex -23.2005 27.5271 47.7
    endloop
  endfacet
  facet normal 0 0 -1
    outer loop
      vertex -25.7783 30.5856 47.7
      vertex -23.2005 27.5271 47.7
      vertex -23.5602 27.2109 47.7
    endloop
  endfacet
  facet normal 0 0 -1
    outer loop
      vertex -25.7783 30.5856 47.7
      vertex -23.5602 27.2109 47.7
      vertex -23.7365 27.0662 47.7
    endloop
  endfacet
  facet normal 0 0 -1
    outer loop
      vertex -27.0236 29.4911 47.7
      vertex -23.7365 27.0662 47.7
      vertex -23.9144 26.8996 47.7
    endloop
  endfacet
  facet normal 0 0 -1
    outer loop
      vertex -27.0236 29.4911 47.7
      vertex -23.9144 26.8996 47.7
      vertex -24.3212 26.542 47.7
    endloop
  endfacet
  facet normal 0 0 -1
    outer loop
      vertex -21.7707 28.6644 47.7
      vertex -24.4887 31.6276 47.7
      vertex -23.157 32.6152 47.7
    endloop
  endfacet
  facet normal 0 0 -1
    outer loop
      vertex -27.0236 29.4911 47.7
      vertex -24.3212 26.542 47.7
      vertex -25.4002 25.5113 47.7
    endloop
  endfacet
  facet normal 0 0 -1
    outer loop
      vertex -25.4558 25.4558 47.7
      vertex -25.4002 25.5113 47.7
      vertex -25.4339 25.4764 47.7
    endloop
  endfacet
  facet normal -0 0 -1
    outer loop
      vertex -25.4002 25.5113 47.7
      vertex -25.4558 25.4558 47.7
      vertex -28.2225 28.3459 47.7
    endloop
  endfacet
  facet normal 0 0 -1
    outer loop
      vertex -28.2225 28.3459 47.7
      vertex -25.4558 25.4558 47.7
      vertex -25.5302 25.3765 47.7
    endloop
  endfacet
  facet normal 0 0 -1
    outer loop
      vertex -23.2005 27.5271 47.7
      vertex -25.7783 30.5856 47.7
      vertex -24.4887 31.6276 47.7
    endloop
  endfacet
  facet normal 0 0 -1
    outer loop
      vertex -29.3729 27.152 47.7
      vertex -25.5302 25.3765 47.7
      vertex -26.4356 24.4368 47.7
    endloop
  endfacet
  facet normal 0 0 -1
    outer loop
      vertex -29.3729 27.152 47.7
      vertex -26.4356 24.4368 47.7
      vertex -26.8858 23.9291 47.7
    endloop
  endfacet
  facet normal 0 0 -1
    outer loop
      vertex -23.7365 27.0662 47.7
      vertex -27.0236 29.4911 47.7
      vertex -25.7783 30.5856 47.7
    endloop
  endfacet
  facet normal 0 0 -1
    outer loop
      vertex -29.3729 27.152 47.7
      vertex -26.8858 23.9291 47.7
      vertex -27.0662 23.7365 47.7
    endloop
  endfacet
  facet normal 0 0 -1
    outer loop
      vertex -30.4728 25.9115 47.7
      vertex -27.0662 23.7365 47.7
      vertex -27.1858 23.5907 47.7
    endloop
  endfacet
  facet normal 0 0 -1
    outer loop
      vertex -30.4728 25.9115 47.7
      vertex -27.1858 23.5907 47.7
      vertex -27.4256 23.3204 47.7
    endloop
  endfacet
  facet normal 0 0 -1
    outer loop
      vertex -25.4002 25.5113 47.7
      vertex -28.2225 28.3459 47.7
      vertex -27.0236 29.4911 47.7
    endloop
  endfacet
  facet normal 0 0 -1
    outer loop
      vertex -30.4728 25.9115 47.7
      vertex -27.4256 23.3204 47.7
      vertex -28.3684 22.1638 47.7
    endloop
  endfacet
  facet normal 0 0 -1
    outer loop
      vertex -25.5302 25.3765 47.7
      vertex -29.3729 27.152 47.7
      vertex -28.2225 28.3459 47.7
    endloop
  endfacet
  facet normal 0 0 -1
    outer loop
      vertex -27.0662 23.7365 47.7
      vertex -30.4728 25.9115 47.7
      vertex -29.3729 27.152 47.7
    endloop
  endfacet
  facet normal 0 -0 -1
    outer loop
      vertex -30.4728 25.9115 47.7
      vertex -28.3684 22.1638 47.7
      vertex -31.5204 24.6265 47.7
    endloop
  endfacet
  facet normal 0.775109 -0.631828 0
    outer loop
      vertex -28.3684 22.1638 50.7
      vertex -27.4256 23.3204 47.7
      vertex -27.4256 23.3204 50.7
    endloop
  endfacet
  facet normal 0.775109 -0.631828 0
    outer loop
      vertex -27.4256 23.3204 47.7
      vertex -28.3684 22.1638 50.7
      vertex -28.3684 22.1638 47.7
    endloop
  endfacet
  facet normal -0.522478 0.852653 0
    outer loop
      vertex -21.492 33.7357 47.7
      vertex -20.3015 34.4652 47.8
      vertex -20.3015 34.4652 47.7
    endloop
  endfacet
  facet normal -0.522478 0.852653 0
    outer loop
      vertex -20.3015 34.4652 47.8
      vertex -21.492 33.7357 47.7
      vertex -21.492 33.7357 50.7
    endloop
  endfacet
  facet normal 0.541056 -0.840865 0.0142736
    outer loop
      vertex -19.3428 30.3621 50.7
      vertex -19.607 30.1921 50.7
      vertex -18 31.1769 47.8
    endloop
  endfacet
  facet normal -0.503711 0.863872 0
    outer loop
      vertex -20 34.641 47.7
      vertex -20.3015 34.4652 47.8
      vertex -20 34.641 47.8
    endloop
  endfacet
  facet normal -0.503711 0.863872 0
    outer loop
      vertex -20.3015 34.4652 47.8
      vertex -20 34.641 47.7
      vertex -20.3015 34.4652 47.7
    endloop
  endfacet
  facet normal -0.503683 0.863825 0.0105261
    outer loop
      vertex -20.3015 34.4652 47.8
      vertex -21.492 33.7357 50.7
      vertex -20 34.641 47.8
    endloop
  endfacet
  facet normal 0.52251 -0.852633 0
    outer loop
      vertex -19.607 30.1921 47.7
      vertex -18 31.1769 47.8
      vertex -19.607 30.1921 50.7
    endloop
  endfacet
  facet normal 0.52251 -0.852633 0
    outer loop
      vertex -18 31.1769 47.8
      vertex -19.607 30.1921 47.7
      vertex -18 31.1769 47.7
    endloop
  endfacet
  facet normal 0.866025 0.5 0
    outer loop
      vertex -18 31.1769 47.8
      vertex -20 34.641 47.7
      vertex -20 34.641 47.8
    endloop
  endfacet
  facet normal 0.866025 0.5 0
    outer loop
      vertex -20 34.641 47.7
      vertex -18 31.1769 47.8
      vertex -18 31.1769 47.7
    endloop
  endfacet
  facet normal -0.541076 0.840974 0
    outer loop
      vertex -21.492 33.7357 47.7
      vertex -21.7856 33.5468 50.7
      vertex -21.492 33.7357 50.7
    endloop
  endfacet
  facet normal -0.541076 0.840974 0
    outer loop
      vertex -21.7856 33.5468 50.7
      vertex -21.492 33.7357 47.7
      vertex -21.7856 33.5468 47.7
    endloop
  endfacet
  facet normal 0.761548 0.43968 0.476158
    outer loop
      vertex -18 31.1769 47.8
      vertex -20 34.641 47.8
      vertex -19.3428 30.3621 50.7
    endloop
  endfacet
  facet normal 0.722681 0.460394 0.515529
    outer loop
      vertex -20 34.641 47.8
      vertex -21.492 33.7357 50.7
      vertex -19.3428 30.3621 50.7
    endloop
  endfacet
  facet normal 0.990268 -0.139175 0
    outer loop
      vertex -5.56692 -39.6107 50.7
      vertex -5.01023 -35.6497 47.7
      vertex -5.01023 -35.6497 50.7
    endloop
  endfacet
  facet normal 0.990268 -0.139175 0
    outer loop
      vertex -5.01023 -35.6497 47.7
      vertex -5.56692 -39.6107 50.7
      vertex -5.56692 -39.6107 47.7
    endloop
  endfacet
  facet normal -0.435425 -0.900225 0
    outer loop
      vertex -18.1596 -35.6403 47.7
      vertex -16.6671 -36.3622 50.7
      vertex -18.1596 -35.6403 50.7
    endloop
  endfacet
  facet normal -0.435425 -0.900225 -0
    outer loop
      vertex -16.6671 -36.3622 50.7
      vertex -18.1596 -35.6403 47.7
      vertex -16.6671 -36.3622 47.7
    endloop
  endfacet
  facet normal 0.435398 0.900238 -0
    outer loop
      vertex -16.0685 -32.2093 47.7
      vertex -16.3437 -32.0762 50.7
      vertex -16.0685 -32.2093 50.7
    endloop
  endfacet
  facet normal 0.435398 0.900238 0
    outer loop
      vertex -16.3437 -32.0762 50.7
      vertex -16.0685 -32.2093 47.7
      vertex -16.3437 -32.0762 47.7
    endloop
  endfacet
  facet normal 0.435409 0.900233 -0
    outer loop
      vertex -15.0004 -32.726 47.7
      vertex -15.6798 -32.3974 50.7
      vertex -15.0004 -32.726 50.7
    endloop
  endfacet
  facet normal 0.435409 0.900233 0
    outer loop
      vertex -15.6798 -32.3974 50.7
      vertex -15.0004 -32.726 47.7
      vertex -15.6798 -32.3974 47.7
    endloop
  endfacet
  facet normal -0.397716 -0.917509 0
    outer loop
      vertex -16.6671 -36.3622 47.7
      vertex -15.1459 -37.0216 50.7
      vertex -16.6671 -36.3622 50.7
    endloop
  endfacet
  facet normal -0.397716 -0.917509 -0
    outer loop
      vertex -15.1459 -37.0216 50.7
      vertex -16.6671 -36.3622 47.7
      vertex -15.1459 -37.0216 47.7
    endloop
  endfacet
  facet normal 0.397702 0.917515 -0
    outer loop
      vertex -13.9387 -33.1862 47.7
      vertex -15.0004 -32.726 50.7
      vertex -13.9387 -33.1862 50.7
    endloop
  endfacet
  facet normal 0.397702 0.917515 0
    outer loop
      vertex -15.0004 -32.726 50.7
      vertex -13.9387 -33.1862 47.7
      vertex -15.0004 -32.726 47.7
    endloop
  endfacet
  facet normal 0.397866 0.917444 -0
    outer loop
      vertex -13.6314 -33.3195 47.7
      vertex -13.7211 -33.2806 50.7
      vertex -13.6314 -33.3195 50.7
    endloop
  endfacet
  facet normal 0.397866 0.917444 0
    outer loop
      vertex -13.7211 -33.2806 50.7
      vertex -13.6314 -33.3195 47.7
      vertex -13.7211 -33.2806 47.7
    endloop
  endfacet
  facet normal -0.359432 -0.933171 0
    outer loop
      vertex -15.1459 -37.0216 47.7
      vertex -13.5988 -37.6175 50.7
      vertex -15.1459 -37.0216 50.7
    endloop
  endfacet
  facet normal -0.359432 -0.933171 -0
    outer loop
      vertex -13.5988 -37.6175 50.7
      vertex -15.1459 -37.0216 47.7
      vertex -13.5988 -37.6175 47.7
    endloop
  endfacet
  facet normal 0.359343 0.933206 -0
    outer loop
      vertex -12.2389 -33.8557 47.7
      vertex -13.6314 -33.3195 50.7
      vertex -12.2389 -33.8557 50.7
    endloop
  endfacet
  facet normal 0.359343 0.933206 0
    outer loop
      vertex -13.6314 -33.3195 50.7
      vertex -12.2389 -33.8557 47.7
      vertex -13.6314 -33.3195 47.7
    endloop
  endfacet
  facet normal -0.320386 -0.947287 0
    outer loop
      vertex -13.5988 -37.6175 47.7
      vertex -12.0282 -38.1487 50.7
      vertex -13.5988 -37.6175 50.7
    endloop
  endfacet
  facet normal -0.320386 -0.947287 -0
    outer loop
      vertex -12.0282 -38.1487 50.7
      vertex -13.5988 -37.6175 47.7
      vertex -12.0282 -38.1487 47.7
    endloop
  endfacet
  facet normal 0.320547 0.947233 -0
    outer loop
      vertex -11.7853 -34.0092 47.7
      vertex -12.2389 -33.8557 50.7
      vertex -11.7853 -34.0092 50.7
    endloop
  endfacet
  facet normal 0.320547 0.947233 0
    outer loop
      vertex -12.2389 -33.8557 50.7
      vertex -11.7853 -34.0092 47.7
      vertex -12.2389 -33.8557 47.7
    endloop
  endfacet
  facet normal 0.320489 0.947252 -0
    outer loop
      vertex -10.8254 -34.3338 47.7
      vertex -11.3385 -34.1602 50.7
      vertex -10.8254 -34.3338 50.7
    endloop
  endfacet
  facet normal 0.320489 0.947252 0
    outer loop
      vertex -11.3385 -34.1602 50.7
      vertex -10.8254 -34.3338 47.7
      vertex -11.3385 -34.1602 47.7
    endloop
  endfacet
  facet normal -0.280889 -0.95974 0
    outer loop
      vertex -12.0282 -38.1487 47.7
      vertex -10.437 -38.6144 50.7
      vertex -12.0282 -38.1487 50.7
    endloop
  endfacet
  facet normal -0.280889 -0.95974 -0
    outer loop
      vertex -10.437 -38.6144 50.7
      vertex -12.0282 -38.1487 47.7
      vertex -10.437 -38.6144 47.7
    endloop
  endfacet
  facet normal 0.280873 0.959745 -0
    outer loop
      vertex -9.39333 -34.7529 47.7
      vertex -10.8254 -34.3338 50.7
      vertex -9.39333 -34.7529 50.7
    endloop
  endfacet
  facet normal 0.280873 0.959745 0
    outer loop
      vertex -10.8254 -34.3338 50.7
      vertex -9.39333 -34.7529 47.7
      vertex -10.8254 -34.3338 47.7
    endloop
  endfacet
  facet normal -0.240846 -0.970563 0
    outer loop
      vertex -10.437 -38.6144 47.7
      vertex -8.8279 -39.0137 50.7
      vertex -10.437 -38.6144 50.7
    endloop
  endfacet
  facet normal -0.240846 -0.970563 -0
    outer loop
      vertex -8.8279 -39.0137 50.7
      vertex -10.437 -38.6144 47.7
      vertex -8.8279 -39.0137 47.7
    endloop
  endfacet
  facet normal 0.241322 0.970445 -0
    outer loop
      vertex -9.34628 -34.7646 47.7
      vertex -9.39333 -34.7529 50.7
      vertex -9.34628 -34.7646 50.7
    endloop
  endfacet
  facet normal 0.241322 0.970445 0
    outer loop
      vertex -9.39333 -34.7529 50.7
      vertex -9.34628 -34.7646 47.7
      vertex -9.39333 -34.7529 47.7
    endloop
  endfacet
  facet normal 0.240867 0.970558 -0
    outer loop
      vertex -7.94511 -35.1123 47.7
      vertex -9.21156 -34.798 50.7
      vertex -7.94511 -35.1123 50.7
    endloop
  endfacet
  facet normal 0.240867 0.970558 0
    outer loop
      vertex -9.21156 -34.798 50.7
      vertex -7.94511 -35.1123 47.7
      vertex -9.21156 -34.798 47.7
    endloop
  endfacet
  facet normal -0.200429 -0.979708 0
    outer loop
      vertex -8.8279 -39.0137 47.7
      vertex -7.2036 -39.346 50.7
      vertex -8.8279 -39.0137 50.7
    endloop
  endfacet
  facet normal -0.200429 -0.979708 -0
    outer loop
      vertex -7.2036 -39.346 50.7
      vertex -8.8279 -39.0137 47.7
      vertex -7.2036 -39.346 47.7
    endloop
  endfacet
  facet normal 0.200413 0.979711 -0
    outer loop
      vertex -7.28028 -35.2483 47.7
      vertex -7.94511 -35.1123 50.7
      vertex -7.28028 -35.2483 50.7
    endloop
  endfacet
  facet normal 0.200413 0.979711 0
    outer loop
      vertex -7.94511 -35.1123 50.7
      vertex -7.28028 -35.2483 47.7
      vertex -7.94511 -35.1123 47.7
    endloop
  endfacet
  facet normal 0.200372 0.97972 -0
    outer loop
      vertex -6.48324 -35.4114 47.7
      vertex -6.83724 -35.339 50.7
      vertex -6.48324 -35.4114 50.7
    endloop
  endfacet
  facet normal 0.200372 0.97972 0
    outer loop
      vertex -6.83724 -35.339 50.7
      vertex -6.48324 -35.4114 47.7
      vertex -6.83724 -35.339 47.7
    endloop
  endfacet
  facet normal 0 0 1
    outer loop
      vertex -6.48324 -35.4114 50.7
      vertex -5.56692 -39.6107 50.7
      vertex -5.01023 -35.6497 50.7
    endloop
  endfacet
  facet normal 0 0 1
    outer loop
      vertex -7.2036 -39.346 50.7
      vertex -6.48324 -35.4114 50.7
      vertex -6.83724 -35.339 50.7
    endloop
  endfacet
  facet normal 0 0 1
    outer loop
      vertex -7.2036 -39.346 50.7
      vertex -6.83724 -35.339 50.7
      vertex -7.02325 -35.3083 50.7
    endloop
  endfacet
  facet normal 0 0 1
    outer loop
      vertex -6.48324 -35.4114 50.7
      vertex -7.2036 -39.346 50.7
      vertex -5.56692 -39.6107 50.7
    endloop
  endfacet
  facet normal 0 0 1
    outer loop
      vertex -7.28028 -35.2483 50.7
      vertex -7.2036 -39.346 50.7
      vertex -7.02325 -35.3083 50.7
    endloop
  endfacet
  facet normal 0 0 1
    outer loop
      vertex -8.8279 -39.0137 50.7
      vertex -7.28028 -35.2483 50.7
      vertex -7.94511 -35.1123 50.7
    endloop
  endfacet
  facet normal 0 0 1
    outer loop
      vertex -7.28028 -35.2483 50.7
      vertex -8.8279 -39.0137 50.7
      vertex -7.2036 -39.346 50.7
    endloop
  endfacet
  facet normal 0 0 1
    outer loop
      vertex -9.21156 -34.798 50.7
      vertex -8.8279 -39.0137 50.7
      vertex -7.94511 -35.1123 50.7
    endloop
  endfacet
  facet normal 0 0 1
    outer loop
      vertex -10.437 -38.6144 50.7
      vertex -9.21156 -34.798 50.7
      vertex -9.31748 -34.7733 50.7
    endloop
  endfacet
  facet normal 0 0 1
    outer loop
      vertex -9.39333 -34.7529 50.7
      vertex -9.31748 -34.7733 50.7
      vertex -9.34628 -34.7646 50.7
    endloop
  endfacet
  facet normal 0 0 1
    outer loop
      vertex -9.31748 -34.7733 50.7
      vertex -9.39333 -34.7529 50.7
      vertex -10.437 -38.6144 50.7
    endloop
  endfacet
  facet normal 0 0 1
    outer loop
      vertex -9.21156 -34.798 50.7
      vertex -10.437 -38.6144 50.7
      vertex -8.8279 -39.0137 50.7
    endloop
  endfacet
  facet normal 0 0 1
    outer loop
      vertex -10.8254 -34.3338 50.7
      vertex -10.437 -38.6144 50.7
      vertex -9.39333 -34.7529 50.7
    endloop
  endfacet
  facet normal 0 0 1
    outer loop
      vertex -12.0282 -38.1487 50.7
      vertex -10.8254 -34.3338 50.7
      vertex -11.3385 -34.1602 50.7
    endloop
  endfacet
  facet normal 0 0 1
    outer loop
      vertex -12.0282 -38.1487 50.7
      vertex -11.3385 -34.1602 50.7
      vertex -11.5718 -34.0895 50.7
    endloop
  endfacet
  facet normal 0 0 1
    outer loop
      vertex -13.5988 -37.6175 50.7
      vertex -11.5718 -34.0895 50.7
      vertex -11.7853 -34.0092 50.7
    endloop
  endfacet
  facet normal 0 0 1
    outer loop
      vertex -10.8254 -34.3338 50.7
      vertex -12.0282 -38.1487 50.7
      vertex -10.437 -38.6144 50.7
    endloop
  endfacet
  facet normal 0 0 1
    outer loop
      vertex -13.5988 -37.6175 50.7
      vertex -11.7853 -34.0092 50.7
      vertex -12.2389 -33.8557 50.7
    endloop
  endfacet
  facet normal 0 0 1
    outer loop
      vertex -11.5718 -34.0895 50.7
      vertex -13.5988 -37.6175 50.7
      vertex -12.0282 -38.1487 50.7
    endloop
  endfacet
  facet normal 0 0 1
    outer loop
      vertex -13.6314 -33.3195 50.7
      vertex -13.5988 -37.6175 50.7
      vertex -12.2389 -33.8557 50.7
    endloop
  endfacet
  facet normal 0 0 1
    outer loop
      vertex -15.1459 -37.0216 50.7
      vertex -13.6314 -33.3195 50.7
      vertex -13.7211 -33.2806 50.7
    endloop
  endfacet
  facet normal 0 0 1
    outer loop
      vertex -15.1459 -37.0216 50.7
      vertex -13.7211 -33.2806 50.7
      vertex -13.7766 -33.2597 50.7
    endloop
  endfacet
  facet normal 0 0 1
    outer loop
      vertex -15.1459 -37.0216 50.7
      vertex -13.7766 -33.2597 50.7
      vertex -13.9387 -33.1862 50.7
    endloop
  endfacet
  facet normal 0 0 1
    outer loop
      vertex -16.6671 -36.3622 50.7
      vertex -13.9387 -33.1862 50.7
      vertex -15.0004 -32.726 50.7
    endloop
  endfacet
  facet normal 0 0 1
    outer loop
      vertex -13.6314 -33.3195 50.7
      vertex -15.1459 -37.0216 50.7
      vertex -13.5988 -37.6175 50.7
    endloop
  endfacet
  facet normal 0 0 1
    outer loop
      vertex -16.6671 -36.3622 50.7
      vertex -15.0004 -32.726 50.7
      vertex -15.6798 -32.3974 50.7
    endloop
  endfacet
  facet normal 0 0 1
    outer loop
      vertex -18.1596 -35.6403 50.7
      vertex -15.6798 -32.3974 50.7
      vertex -15.9224 -32.2874 50.7
    endloop
  endfacet
  facet normal 0 0 1
    outer loop
      vertex -18.1596 -35.6403 50.7
      vertex -15.9224 -32.2874 50.7
      vertex -16.0685 -32.2093 50.7
    endloop
  endfacet
  facet normal 0 0 1
    outer loop
      vertex -18.1596 -35.6403 50.7
      vertex -16.0685 -32.2093 50.7
      vertex -16.3437 -32.0762 50.7
    endloop
  endfacet
  facet normal 0 0 1
    outer loop
      vertex -18.1596 -35.6403 50.7
      vertex -16.3437 -32.0762 50.7
      vertex -16.6229 -31.9324 50.7
    endloop
  endfacet
  facet normal 0 0 1
    outer loop
      vertex -13.9387 -33.1862 50.7
      vertex -16.6671 -36.3622 50.7
      vertex -15.1459 -37.0216 50.7
    endloop
  endfacet
  facet normal 0 0 1
    outer loop
      vertex -15.6798 -32.3974 50.7
      vertex -18.1596 -35.6403 50.7
      vertex -16.6671 -36.3622 50.7
    endloop
  endfacet
  facet normal 0 -0 1
    outer loop
      vertex -18.1596 -35.6403 50.7
      vertex -16.6229 -31.9324 50.7
      vertex -18.4699 -35.4804 50.7
    endloop
  endfacet
  facet normal -0.159655 -0.987173 0
    outer loop
      vertex -7.2036 -39.346 47.7
      vertex -5.56692 -39.6107 50.7
      vertex -7.2036 -39.346 50.7
    endloop
  endfacet
  facet normal -0.159655 -0.987173 -0
    outer loop
      vertex -5.56692 -39.6107 50.7
      vertex -7.2036 -39.346 47.7
      vertex -5.56692 -39.6107 47.7
    endloop
  endfacet
  facet normal 0 0 -1
    outer loop
      vertex -5.56692 -39.6107 47.7
      vertex -6.48324 -35.4114 47.7
      vertex -5.01023 -35.6497 47.7
    endloop
  endfacet
  facet normal 0 0 -1
    outer loop
      vertex -7.2036 -39.346 47.7
      vertex -6.48324 -35.4114 47.7
      vertex -5.56692 -39.6107 47.7
    endloop
  endfacet
  facet normal -0 0 -1
    outer loop
      vertex -6.48324 -35.4114 47.7
      vertex -7.2036 -39.346 47.7
      vertex -6.83724 -35.339 47.7
    endloop
  endfacet
  facet normal -0 0 -1
    outer loop
      vertex -6.83724 -35.339 47.7
      vertex -7.2036 -39.346 47.7
      vertex -7.02325 -35.3083 47.7
    endloop
  endfacet
  facet normal 0 0 -1
    outer loop
      vertex -7.2036 -39.346 47.7
      vertex -7.28028 -35.2483 47.7
      vertex -7.02325 -35.3083 47.7
    endloop
  endfacet
  facet normal 0 0 -1
    outer loop
      vertex -8.8279 -39.0137 47.7
      vertex -7.28028 -35.2483 47.7
      vertex -7.2036 -39.346 47.7
    endloop
  endfacet
  facet normal -0 0 -1
    outer loop
      vertex -7.28028 -35.2483 47.7
      vertex -8.8279 -39.0137 47.7
      vertex -7.94511 -35.1123 47.7
    endloop
  endfacet
  facet normal 0 0 -1
    outer loop
      vertex -8.8279 -39.0137 47.7
      vertex -9.21156 -34.798 47.7
      vertex -7.94511 -35.1123 47.7
    endloop
  endfacet
  facet normal 0 0 -1
    outer loop
      vertex -10.437 -38.6144 47.7
      vertex -9.21156 -34.798 47.7
      vertex -8.8279 -39.0137 47.7
    endloop
  endfacet
  facet normal -0 0 -1
    outer loop
      vertex -9.21156 -34.798 47.7
      vertex -10.437 -38.6144 47.7
      vertex -9.31748 -34.7733 47.7
    endloop
  endfacet
  facet normal 0 -0 -1
    outer loop
      vertex -9.39333 -34.7529 47.7
      vertex -9.31748 -34.7733 47.7
      vertex -10.437 -38.6144 47.7
    endloop
  endfacet
  facet normal 0 0 -1
    outer loop
      vertex -9.31748 -34.7733 47.7
      vertex -9.39333 -34.7529 47.7
      vertex -9.34628 -34.7646 47.7
    endloop
  endfacet
  facet normal 0 0 -1
    outer loop
      vertex -10.437 -38.6144 47.7
      vertex -10.8254 -34.3338 47.7
      vertex -9.39333 -34.7529 47.7
    endloop
  endfacet
  facet normal 0 0 -1
    outer loop
      vertex -12.0282 -38.1487 47.7
      vertex -10.8254 -34.3338 47.7
      vertex -10.437 -38.6144 47.7
    endloop
  endfacet
  facet normal -0 0 -1
    outer loop
      vertex -10.8254 -34.3338 47.7
      vertex -12.0282 -38.1487 47.7
      vertex -11.3385 -34.1602 47.7
    endloop
  endfacet
  facet normal -0 0 -1
    outer loop
      vertex -11.3385 -34.1602 47.7
      vertex -12.0282 -38.1487 47.7
      vertex -11.5718 -34.0895 47.7
    endloop
  endfacet
  facet normal 0 0 -1
    outer loop
      vertex -13.5988 -37.6175 47.7
      vertex -11.5718 -34.0895 47.7
      vertex -12.0282 -38.1487 47.7
    endloop
  endfacet
  facet normal -0 0 -1
    outer loop
      vertex -11.5718 -34.0895 47.7
      vertex -13.5988 -37.6175 47.7
      vertex -11.7853 -34.0092 47.7
    endloop
  endfacet
  facet normal -0 0 -1
    outer loop
      vertex -11.7853 -34.0092 47.7
      vertex -13.5988 -37.6175 47.7
      vertex -12.2389 -33.8557 47.7
    endloop
  endfacet
  facet normal 0 0 -1
    outer loop
      vertex -13.5988 -37.6175 47.7
      vertex -13.6314 -33.3195 47.7
      vertex -12.2389 -33.8557 47.7
    endloop
  endfacet
  facet normal 0 0 -1
    outer loop
      vertex -15.1459 -37.0216 47.7
      vertex -13.6314 -33.3195 47.7
      vertex -13.5988 -37.6175 47.7
    endloop
  endfacet
  facet normal -0 0 -1
    outer loop
      vertex -13.6314 -33.3195 47.7
      vertex -15.1459 -37.0216 47.7
      vertex -13.7211 -33.2806 47.7
    endloop
  endfacet
  facet normal -0 0 -1
    outer loop
      vertex -13.7211 -33.2806 47.7
      vertex -15.1459 -37.0216 47.7
      vertex -13.7766 -33.2597 47.7
    endloop
  endfacet
  facet normal -0 0 -1
    outer loop
      vertex -13.7766 -33.2597 47.7
      vertex -15.1459 -37.0216 47.7
      vertex -13.9387 -33.1862 47.7
    endloop
  endfacet
  facet normal 0 0 -1
    outer loop
      vertex -16.6671 -36.3622 47.7
      vertex -13.9387 -33.1862 47.7
      vertex -15.1459 -37.0216 47.7
    endloop
  endfacet
  facet normal -0 0 -1
    outer loop
      vertex -13.9387 -33.1862 47.7
      vertex -16.6671 -36.3622 47.7
      vertex -15.0004 -32.726 47.7
    endloop
  endfacet
  facet normal -0 0 -1
    outer loop
      vertex -15.0004 -32.726 47.7
      vertex -16.6671 -36.3622 47.7
      vertex -15.6798 -32.3974 47.7
    endloop
  endfacet
  facet normal 0 0 -1
    outer loop
      vertex -18.1596 -35.6403 47.7
      vertex -15.6798 -32.3974 47.7
      vertex -16.6671 -36.3622 47.7
    endloop
  endfacet
  facet normal -0 0 -1
    outer loop
      vertex -15.6798 -32.3974 47.7
      vertex -18.1596 -35.6403 47.7
      vertex -15.9224 -32.2874 47.7
    endloop
  endfacet
  facet normal -0 0 -1
    outer loop
      vertex -15.9224 -32.2874 47.7
      vertex -18.1596 -35.6403 47.7
      vertex -16.0685 -32.2093 47.7
    endloop
  endfacet
  facet normal -0 0 -1
    outer loop
      vertex -16.0685 -32.2093 47.7
      vertex -18.1596 -35.6403 47.7
      vertex -16.3437 -32.0762 47.7
    endloop
  endfacet
  facet normal 0 0 -1
    outer loop
      vertex -18.4699 -35.4804 47.7
      vertex -16.3437 -32.0762 47.7
      vertex -18.1596 -35.6403 47.7
    endloop
  endfacet
  facet normal -0 0 -1
    outer loop
      vertex -16.3437 -32.0762 47.7
      vertex -18.4699 -35.4804 47.7
      vertex -18 -31.1769 47.7
    endloop
  endfacet
  facet normal 0 0 -1
    outer loop
      vertex -19.6969 -34.8142 47.7
      vertex -18 -31.1769 47.7
      vertex -18.4699 -35.4804 47.7
    endloop
  endfacet
  facet normal 0 0 -1
    outer loop
      vertex -18 -31.1769 47.7
      vertex -19.6969 -34.8142 47.7
      vertex -20 -34.641 47.7
    endloop
  endfacet
  facet normal 0.159701 0.987165 -0
    outer loop
      vertex -5.01023 -35.6497 47.7
      vertex -6.48324 -35.4114 50.7
      vertex -5.01023 -35.6497 50.7
    endloop
  endfacet
  facet normal 0.159701 0.987165 0
    outer loop
      vertex -6.48324 -35.4114 50.7
      vertex -5.01023 -35.6497 47.7
      vertex -6.48324 -35.4114 47.7
    endloop
  endfacet
  facet normal -0.477155 -0.878819 0
    outer loop
      vertex -18.4699 -35.4804 47.7
      vertex -19.6969 -34.8142 47.8
      vertex -19.6969 -34.8142 47.7
    endloop
  endfacet
  facet normal -0.477155 -0.878819 0
    outer loop
      vertex -19.6969 -34.8142 47.8
      vertex -18.4699 -35.4804 47.7
      vertex -18.4699 -35.4804 50.7
    endloop
  endfacet
  facet normal 0.457834 0.888925 0.014172
    outer loop
      vertex -16.3437 -32.0762 50.7
      vertex -18 -31.1769 47.8
      vertex -16.6229 -31.9324 50.7
    endloop
  endfacet
  facet normal -0.496139 -0.868243 0
    outer loop
      vertex -20 -34.641 47.7
      vertex -19.6969 -34.8142 47.8
      vertex -20 -34.641 47.8
    endloop
  endfacet
  facet normal -0.496139 -0.868243 -0
    outer loop
      vertex -19.6969 -34.8142 47.8
      vertex -20 -34.641 47.7
      vertex -19.6969 -34.8142 47.7
    endloop
  endfacet
  facet normal -0.496112 -0.868196 0.0104611
    outer loop
      vertex -18.4699 -35.4804 50.7
      vertex -20 -34.641 47.8
      vertex -19.6969 -34.8142 47.8
    endloop
  endfacet
  facet normal 0.47716 0.878817 -0
    outer loop
      vertex -16.3437 -32.0762 47.7
      vertex -18 -31.1769 47.8
      vertex -16.3437 -32.0762 50.7
    endloop
  endfacet
  facet normal 0.47716 0.878817 0
    outer loop
      vertex -18 -31.1769 47.8
      vertex -16.3437 -32.0762 47.7
      vertex -18 -31.1769 47.7
    endloop
  endfacet
  facet normal -0.866025 0.5 0
    outer loop
      vertex -20 -34.641 47.7
      vertex -18 -31.1769 47.8
      vertex -18 -31.1769 47.7
    endloop
  endfacet
  facet normal -0.866025 0.5 0
    outer loop
      vertex -18 -31.1769 47.8
      vertex -20 -34.641 47.7
      vertex -20 -34.641 47.8
    endloop
  endfacet
  facet normal -0.458066 -0.888918 0
    outer loop
      vertex -18.4699 -35.4804 47.7
      vertex -18.1596 -35.6403 50.7
      vertex -18.4699 -35.4804 50.7
    endloop
  endfacet
  facet normal -0.458066 -0.888918 -0
    outer loop
      vertex -18.1596 -35.6403 50.7
      vertex -18.4699 -35.4804 47.7
      vertex -18.1596 -35.6403 47.7
    endloop
  endfacet
  facet normal -0.761542 0.439677 0.476171
    outer loop
      vertex -18 -31.1769 47.8
      vertex -20 -34.641 47.8
      vertex -16.6229 -31.9324 50.7
    endloop
  endfacet
  facet normal -0.760047 0.395661 0.51554
    outer loop
      vertex -16.6229 -31.9324 50.7
      vertex -20 -34.641 47.8
      vertex -18.4699 -35.4804 50.7
    endloop
  endfacet
endsolid OpenSCAD_Model
